wave,flux,err,cont
4.90033465113794,0.0020870322618559423,0.00014678997379045998,0.039859901266213554
4.901136814959866,0.0023303730089017996,0.00014678997379045998,0.039858607293676775
4.901938968387925,0.0018559913490460503,0.00014678997379045998,0.03985661885210192
4.902741111442631,0.0012478775864132874,0.00014678997379045998,0.039853890030632215
4.903543244144501,0.0011274748289977626,0.00014678997379045998,0.039851621489040395
4.90434536651405,0.0015036635549340246,0.00014678997379045998,0.039849810320222695
4.905147478571795,-0.002270745021038481,0.00014678997379045998,0.039847880607980626
4.905949580338249,-0.00022372475794149582,0.00014678997379045998,0.03984585008273319
4.906751671833931,0.0004199279967000563,0.00014678997379045998,0.03984373648471919
4.907553753079354,0.0002838892858582076,0.00014678997379045998,0.039841557563998604
4.908355824095034,0.00036702098035156644,0.00014678997379045998,0.03983933108045449
4.90915788490149,-0.0007287329421004837,0.00014678997379045998,0.039837074803794184
4.909959935519233,0.0017073000645272535,0.00014678997379045998,0.039835694624844535
4.910761975968782,0.0011717226514848522,0.00014678997379045998,0.03983415211081341
4.911564006270653,0.0008917593997573095,0.00014678997379045998,0.03983201469045355
4.912366026445358,0.0008902489075360356,0.00014678997379045998,0.03982928213803394
4.913168036513415,0.00011880937631449096,0.00014678997379045998,0.03982629082487581
4.913970036495341,-5.112631500130832e-05,0.00014678997379045998,0.039823028313562894
4.91477202641165,-0.00025238573479058335,0.00014678997379045998,0.03981718953079137
4.915574006282858,-0.0014773516129663392,0.00014678997379045998,0.039811521015541675
4.916375976129481,-0.0007780345866015975,0.00014678997379045998,0.03980719772017806
4.917177935972034,0.0001753092488173888,0.00014678997379045998,0.03980426616026251
4.917979885831034,-0.0004528344291348102,0.00014678997379045998,0.03980147300071355
4.918781825726995,-0.0008628470449680223,0.00014678997379045998,0.039799498880064677
4.919583755680435,0.00016907919249285752,0.00014678997379045998,0.039797513162899964
4.920385675711867,0.000544587482055589,0.00014678997379045998,0.0397955228271599
4.921187585841809,0.001729034032446862,0.00014678997379045998,0.03979353486926969
4.921989486090775,0.0027429863754480296,0.00014678997379045998,0.039791556304140004
4.922791376479282,0.0018606450660224386,0.00014678997379045998,0.03978959416516737
4.923593257027845,0.0013740072435955361,0.00014678997379045998,0.03978668030746542
4.924395127756979,0.00038095856873834183,0.00014678997379045998,0.03978278793057514
4.925196988687202,-0.0017861828855928602,0.00014678997379045998,0.0397766828722368
4.925998839839027,-0.0018808375480539388,0.00014678997379045998,0.03977305315728758
4.926800681232971,-0.0017893466406840308,0.00014678997379045998,0.039769771797295406
4.927602512889551,-0.0019136969288196942,0.00014678997379045998,0.039766857795426935
4.92840433482928,-0.0008075178889315818,0.00014678997379045998,0.03976433025871464
4.929206147072676,0.0005718684573610688,0.00014678997379045998,0.039765589014701175
4.930007949640253,0.0014694750203502749,0.00014678997379045998,0.039763193516324104
4.930809742552528,0.0013265611319021667,0.00014678997379045998,0.03976121096176234
4.931611525830015,0.00020805489710897657,0.00014678997379045998,0.03975963269981437
4.932413299493232,0.00030765830013190776,0.00014678997379045998,0.0397584501806711
4.933215063562694,0.0008061064744004712,0.00014678997379045998,0.03975813905903739
4.9340168180589155,0.00020293456975611218,0.00014678997379045998,0.039757266410262594
4.934818563002413,-0.00054126461282656,0.00014678997379045998,0.0397557908568643
4.935620298413702,-0.001545397542719304,0.00014678997379045998,0.03975367089074801
4.936422024313299,-0.0024342235449089505,0.00014678997379045998,0.03975086487320317
4.937223740721719,-0.0020019743721322314,0.00014678997379045998,0.03974909210130857
4.938025447659477,-0.0024196173648289854,0.00014678997379045998,0.039748371841764496
4.938827145147091,-2.8326526402722152e-05,0.00014678997379045998,0.03974872365745055
4.939628833205074,0.0013026522020672046,0.00014678997379045998,0.03975016740742768
4.940430511853942,0.0013540921338908649,0.00014678997379045998,0.03975175608295701
4.941232181114213,0.0010108415402459298,0.00014678997379045998,0.039753933254069534
4.942033841006402,0.0008145593886663693,0.00014678997379045998,0.039754406569025
4.942835491551022,-0.0011174364947311652,0.00014678997379045998,0.03975322719498506
4.9436371327685915,-0.00046170687635082447,0.00014678997379045998,0.039750445907642894
4.944438764679626,0.001182670059534735,0.00014678997379045998,0.039749127023543565
4.94524038730464,0.0010998284886054796,0.00014678997379045998,0.03974921363442964
4.94604200066415,-8.307377531208832e-05,0.00014678997379045998,0.03974748657412966
4.946843604778671,-0.0013041826895604583,0.00014678997379045998,0.03974241224354648
4.947645199668719,-0.0018800610027593437,0.00014678997379045998,0.039740037063020955
4.948446785354811,-0.0027337220901304873,0.00014678997379045998,0.03973740362336434
4.949248361857461,-0.0013933062583378827,0.00014678997379045998,0.03973453089123371
4.950049929197186,-8.490830180466619e-05,0.00014678997379045998,0.03973143779153864
4.9508514873945,0.00020530254865095549,0.00014678997379045998,0.039728143207442876
4.95165303646992,7.228827730822868e-05,0.00014678997379045998,0.039724665980365594
4.952454576443962,0.00011634087426519446,0.00014678997379045998,0.039723749202670994
4.9532561073371415,0.000265144093376711,0.00014678997379045998,0.03972272042703056
4.954057629169972,-0.0007539080364439704,0.00014678997379045998,0.039720961746314176
4.954859141962973,-0.0015842632104852983,0.00014678997379045998,0.039718510391416474
4.955660645736656,-0.00025713097545457253,0.00014678997379045998,0.03971643785048058
4.95646214051154,0.0006080191967500898,0.00014678997379045998,0.03971473135877617
4.9572636263081415,-0.0007623963803334091,0.00014678997379045998,0.03971459741532602
4.958065103146972,-0.0011767118785077774,0.00014678997379045998,0.03971348077762335
4.95886657104855,-0.0005755710832002423,0.00014678997379045998,0.03971141467494286
4.959668030033391,-0.001133268772769959,0.00014678997379045998,0.03970843210851454
4.96046948012201,-0.0015561552745961688,0.00014678997379045998,0.03970576355109443
4.961270921334924,-0.0006305609991459002,0.00014678997379045998,0.039703569187846836
4.962072353692648,0.00038424477159807596,0.00014678997379045998,0.03970079903523031
4.962873777215696,-0.00017821229880532474,0.00014678997379045998,0.039697412920603005
4.963675191924587,0.0011500764132327118,0.00014678997379045998,0.03969337053147731
4.964476597839833,0.0022026442121064263,0.00014678997379045998,0.03968863141551578
4.965277994981953,0.0023047308148399087,0.00014678997379045998,0.0396835536770744
4.966079383371461,0.0012287470633078543,0.00014678997379045998,0.03967671036080425
4.966880763028873,-0.0009385191713918439,0.00014678997379045998,0.03966812169782045
4.967682133974705,-0.0018043261941431132,0.00014678997379045998,0.039663254288425896
4.968483496229473,-0.0024078833379362827,0.00014678997379045998,0.03965896911476522
4.969284849813691,-0.0018669105710194187,0.00014678997379045998,0.03965525024266126
4.970086194747876,-0.0007555321120325253,0.00014678997379045998,0.03965192418286607
4.970887531052544,-0.00021321703406392695,0.00014678997379045998,0.039648980904000854
4.971688858748211,-0.0010860192688458697,0.00014678997379045998,0.03964641048968358
4.9724901778553905,-0.0002468730499223387,0.00014678997379045998,0.03964420313852817
4.9732914883946,0.0009365230349428627,0.00014678997379045998,0.03964234916414379
4.974092790386355,0.0011613465970773812,0.00014678997379045998,0.039640838995133994
4.974894083851171,0.0008155896694273385,0.00014678997379045998,0.03963966317509599
4.975695368809564,0.0006990545680134186,0.00014678997379045998,0.03963757278315038
4.97649664528205,0.0010799549590283924,0.00014678997379045998,0.03963451553737691
4.977297913289144,0.0008534605656700042,0.00014678997379045998,0.03963043897037293
4.978099172851362,-0.0006901903932754819,0.00014678997379045998,0.03962869807169607
4.978900423989219,-0.0021157319759059975,0.00014678997379045998,0.03962481182808505
4.979701666723231,-0.001134378847392925,0.00014678997379045998,0.03961590172726626
4.980502901073914,-9.227089298710633e-05,0.00014678997379045998,0.03960865094927746
4.981304127061785,0.0005135799641940858,0.00014678997379045998,0.039603606029984494
4.982105344707357,-0.00032371548578871007,0.00014678997379045998,0.03959919663435031
4.982906554031148,-0.0015299598297740039,0.00014678997379045998,0.039595440738162346
4.983707755053672,-0.0013100662260251347,0.00014678997379045998,0.03959235651153672
4.9845089477954465,0.0001008072393348658,0.00014678997379045998,0.03958913463385246
4.985310132276985,0.0001922424624992286,0.00014678997379045998,0.039585764914878044
4.9861113085188045,-0.00023870149739411983,0.00014678997379045998,0.039582237158077696
4.986912476541422,0.0012073523207290632,0.00014678997379045998,0.03957854116061053
4.987713636365351,0.0018205830126835007,0.00014678997379045998,0.03957466671332917
4.988514788011108,0.0003253044889444251,0.00014678997379045998,0.03957147546301353
4.989315931499208,-0.0019185926986668642,0.00014678997379045998,0.039567833353753586
4.990117066850169,-0.002420858497170643,0.00014678997379045998,0.039564719459374
4.990918194084504,-0.002034885229870345,0.00014678997379045998,0.03956153621598061
4.991719313222729,-0.0008303316010749781,0.00014678997379045998,0.03955827732142088
4.992520424285362,-0.0002679851824723342,0.00014678997379045998,0.0395538462982966
4.993321527292917,0.0003223555007751608,0.00014678997379045998,0.039548275548766366
4.994122622265909,-0.00019197944802957362,0.00014678997379045998,0.039541597220468475
4.994923709224856,-0.0007953203271913872,0.00014678997379045998,0.03953384320652275
4.995724788190271,-0.0006181486771319883,0.00014678997379045998,0.0395283171002012
4.996525859182672,-0.0001836694970825531,0.00014678997379045998,0.039522581773830646
4.997326922222573,0.0003822854639715656,0.00014678997379045998,0.03951663656586691
4.998127977330491,0.0009378223722334156,0.00014678997379045998,0.039510480790910574
4.99892902452694,-0.0006094477902009107,0.00014678997379045998,0.03950411373970663
4.9997300638324385,-0.002363478429878753,0.00014678997379045998,0.039497534679144304
5.000531095267499,-0.00240581319212467,0.00014678997379045998,0.039490742852256545
5.00133211885264,-0.0019179496236564272,0.00014678997379045998,0.03948373747821997
5.002133134608376,-0.0008754380243249718,0.00014678997379045998,0.039476517752354265
5.002934142555222,-0.0009940501210093586,0.00014678997379045998,0.03946908284612221
5.003735142713694,0.00018128769027492275,0.00014678997379045998,0.039463040516142266
5.004536135104308,0.0015674020056858085,0.00014678997379045998,0.039458332833529
5.005337119747581,0.0012905623483128598,0.00014678997379045998,0.03945405352652971
5.006138096664026,-0.0006587591251615704,0.00014678997379045998,0.039448929075337
5.006939065874161,-0.0007675710425594368,0.00014678997379045998,0.039443866553075004
5.0077400273985,-0.0003481526881169081,0.00014678997379045998,0.03943751568309575
5.008540981257561,-0.0006039998524504583,0.00014678997379045998,0.03942990952573919
5.009341927471858,-0.0006600622494053396,0.00014678997379045998,0.03942108088352278
5.010142866061907,-0.00126412252812165,0.00014678997379045998,0.039410996893855604
5.010943797048222,-0.0006815442568190722,0.00014678997379045998,0.03940112024262207
5.011744720451322,-0.0011189072977526304,0.00014678997379045998,0.03939144048509615
5.012545636291721,-0.002119689968418416,0.00014678997379045998,0.039381947260979426
5.013346544589934,-0.0007870881715073691,0.00014678997379045998,0.039372630294400524
5.014147445366477,0.0001731007349654659,0.00014678997379045998,0.03936347939391409
5.014948338641868,-0.0005388488175301978,0.00014678997379045998,0.039354484452500164
5.01574922443662,-0.0007377895642393245,0.00014678997379045998,0.039345635447563275
5.01655010277125,0.00019730378576567759,0.00014678997379045998,0.03933692244093178
5.017350973666272,-0.0004109287897372041,0.00014678997379045998,0.039328335578856934
5.018151837142203,-0.002035118417520951,0.00014678997379045998,0.039325367157621506
5.01895269321956,-0.001548946174538851,0.00014678997379045998,0.03932139008413612
5.019753541918856,-0.0006945174642600735,0.00014678997379045998,0.03930924503916752
5.0205543832606105,-0.00083228443308761,0.00014678997379045998,0.039297049760099984
5.021355217265334,-0.0015753892125092567,0.00014678997379045998,0.039284748555290364
5.022156043953547,-0.0015907691766706422,0.00014678997379045998,0.039272348885809494
5.022956863345762,-0.0008522610116714763,0.00014678997379045998,0.03925985821341412
5.0237576754624955,-0.0018213361208068088,0.00014678997379045998,0.03924728400054715
5.0245584803242656,-0.00173835098125881,0.00014678997379045998,0.039234633710337405
5.025359277951584,-0.0004615744049241491,0.00014678997379045998,0.03922191480659981
5.02616006836497,-3.55784803630424e-05,0.00014678997379045998,0.03920965859180254
5.026960851584936,-0.00043418169565240944,0.00014678997379045998,0.03919785395251529
5.027761627632,-0.0014887591442830639,0.00014678997379045998,0.03918648990738441
5.028562396526678,-0.000407062748335886,0.00014678997379045998,0.03917555560713171
5.029363158289484,-0.0008804611561105471,0.00014678997379045998,0.039165040334553404
5.030163912940935,-0.0013692577614818555,0.00014678997379045998,0.03915493350451864
5.030964660501546,-0.001317297964129334,0.00014678997379045998,0.03915084584761592
5.031765400991833,-0.000695440900450088,0.00014678997379045998,0.039147060340194495
5.032566134432312,-0.001791695762922485,0.00014678997379045998,0.03913948488042892
5.033366860843496,-0.0010495441128151525,0.00014678997379045998,0.03913117279356096
5.034167580245906,0.00014631709898145495,0.00014678997379045998,0.03912215163008735
5.034968292660053,-0.00021584125334702525,0.00014678997379045998,0.03911244881068336
5.035768998106455,-0.0007422209961645901,0.00014678997379045998,0.03910209162620398
5.0365696966056275,1.553355785435112e-05,0.00014678997379045998,0.039091107237685
5.037370388178085,0.0007317514145488493,0.00014678997379045998,0.03907952267634411
5.038171072844345,0.0013130925504883095,0.00014678997379045998,0.03906736484358217
5.038971750624921,0.0009452701568319483,0.00014678997379045998,0.03905466051098412
5.039772421540331,-0.00023956213720403852,0.00014678997379045998,0.03904143632032033
5.040573085611088,-0.0007334640308174489,0.00014678997379045998,0.03902769240922241
5.041373742857712,-0.0005334860535601005,0.00014678997379045998,0.03901441200488403
5.042174393300714,-0.0015276473844213628,0.00014678997379045998,0.03900045988891598
5.042975036960613,-0.0021571620740377523,0.00014678997379045998,0.03898668684978382
5.0437756738579225,-0.0014470955729870907,0.00014678997379045998,0.038973101918100224
5.04457630401316,0.0004991875092686601,0.00014678997379045998,0.03896205806916932
5.04537692744684,0.0012915054429745304,0.00014678997379045998,0.038953156189626435
5.046177544179478,0.0004925462973887421,0.00014678997379045998,0.038943081213353624
5.04697815423159,-0.001169300853035224,0.00014678997379045998,0.03893105953854087
5.047778757623694,-0.0013289976225132685,0.00014678997379045998,0.03891660085558024
5.048579354376302,0.0005421859814494709,0.00014678997379045998,0.03890188700972339
5.049379944509931,0.0014144355146252577,0.00014678997379045998,0.03888643489736356
5.0501805280450975,0.0010480867454273762,0.00014678997379045998,0.03887022683430106
5.050981105002317,0.0005162454418212031,0.00014678997379045998,0.038853244963597176
5.051781675402105,0.0012891425626287492,0.00014678997379045998,0.03883841437759618
5.052582239264977,0.0003728775472839549,0.00014678997379045998,0.03882127254851247
5.053382796611449,-0.00119308424818107,0.00014678997379045998,0.03880515376107565
5.054183347462036,-0.0021026005580185025,0.00014678997379045998,0.03879010241709164
5.054983891837256,-0.002241679960727945,0.00014678997379045998,0.03877637152683471
5.0557844297576215,-0.00037697319421214903,0.00014678997379045998,0.03876275906438088
5.05658496124365,0.0007374779854472865,0.00014678997379045998,0.0387492598581808
5.057385486315856,0.0004203578518166065,0.00014678997379045998,0.0387364797747325
5.058186004994758,-0.0010505192115317016,0.00014678997379045998,0.038724392004220384
5.058986517300868,-0.0019185888986716013,0.00014678997379045998,0.0387116550350819
5.059787023254705,-0.0011287856277499009,0.00014678997379045998,0.038698289028098375
5.060587522876782,0.0004335477550040656,0.00014678997379045998,0.03868431398345588
5.061388016187617,0.00044384569568867854,0.00014678997379045998,0.03867025494585539
5.062188503207723,0.0002659834679752601,0.00014678997379045998,0.038656113677087905
5.062988983957618,0.0005897732617565765,0.00014678997379045998,0.03863788177253615
5.063789458457818,0.0002568888938464589,0.00014678997379045998,0.03862086050473397
5.064589926728837,-0.0008803032058028321,0.00014678997379045998,0.03860506605034086
5.065390388791191,-0.0012815737830891294,0.00014678997379045998,0.03859051491044916
5.066190844665397,-0.001730593862336316,0.00014678997379045998,0.03857722391058156
5.066991294371968,-0.001679177220950269,0.00014678997379045998,0.038565210200688475
5.067791737931423,-0.0005636975457552068,0.00014678997379045998,0.03855449125514577
5.068592175364276,0.0014779931497051757,0.00014678997379045998,0.03854508487275194
5.069392606691043,0.0011161326435294508,0.00014678997379045998,0.0385359631590271
5.07019303193224,-0.00020530153735457551,0.00014678997379045998,0.038527278371959725
5.070993451108381,-0.0017672550294635311,0.00014678997379045998,0.03851901862758136
5.071793864239984,-0.0001219507837395134,0.00014678997379045998,0.03851117215471993
5.072594271347563,0.0008089022646792579,0.00014678997379045998,0.03850011572755882
5.073394672451635,0.0009410619082940719,0.00014678997379045998,0.038487675035235404
5.074195067572716,0.0008013276012057216,0.00014678997379045998,0.038476911309981904
5.074995456731319,-0.0002486559861347992,0.00014678997379045998,0.03846630490273117
5.075795839947963,-0.0006614784669221885,0.00014678997379045998,0.03845457382184694
5.076596217243162,-0.00032803283573178826,0.00014678997379045998,0.03844175121079608
5.077396588637431,-0.001117627069542139,0.00014678997379045998,0.038428866874182635
5.078196954151287,-0.0014918300795398118,0.00014678997379045998,0.03841601335045344
5.078997313805245,-0.001614137110328366,0.00014678997379045998,0.03840318439933558
5.079797667619823,-0.001471143579273873,0.00014678997379045998,0.03839037375602006
5.080598015615532,0.00043408251384196433,0.00014678997379045998,0.03837757513116201
5.081398357812892,0.0008611372946386309,0.00014678997379045998,0.03836478221088093
5.082198694232417,-0.0003657999583164609,0.00014678997379045998,0.03835198865676074
5.082999024894623,-0.0013778157693119589,0.00014678997379045998,0.03833610539561858
5.0837993498200245,-0.0004004513524353201,0.00014678997379045998,0.03832315230267348
5.08459966902914,0.0012602252067437092,0.00014678997379045998,0.03831172895274042
5.085399982542483,0.0008224858944151855,0.00014678997379045998,0.03830558543499349
5.086200290380568,-0.00016851791689383167,0.00014678997379045998,0.03830012970270046
5.087000592563914,-0.0006203437924928862,0.00014678997379045998,0.038293059871628884
5.087800889113034,-6.569150052043726e-05,0.00014678997379045998,0.038284441226026554
5.088601180048445,-0.0003698870003822491,0.00014678997379045998,0.03827433865961335
5.089401465390663,-0.0002332513034069006,0.00014678997379045998,0.03826442595306463
5.090201745160204,0.0012510944621892395,0.00014678997379045998,0.03825471014712398
5.091002019377582,0.0006713227123025522,0.00014678997379045998,0.03824423114180351
5.091802288063313,-0.0007367617935567297,0.00014678997379045998,0.03823296243235534
5.092602551237913,-0.00216296491055213,0.00014678997379045998,0.03822087729335128
5.0934028089218994,-0.0011170781133722218,0.00014678997379045998,0.03820794877868432
5.0942030611357865,-0.001323173867618259,0.00014678997379045998,0.03819591076950902
5.095003307900088,-0.0016392443848715701,0.00014678997379045998,0.03818479700743762
5.095803549235323,-0.0010130268967893097,0.00014678997379045998,0.03817464143892847
5.096603785162006,0.00020688866460499833,0.00014678997379045998,0.03816547821528458
5.0974040157006515,0.0005659323657455986,0.00014678997379045998,0.038156328296476916
5.098204240871778,-8.75109051982001e-05,0.00014678997379045998,0.03815067173297499
5.099004460695897,0.0002654317131446579,0.00014678997379045998,0.03814340709831835
5.099804675193528,0.0007743486900187238,0.00014678997379045998,0.03813735037674469
5.100604884385184,-0.00017672381794008735,0.00014678997379045998,0.03812991356558808
5.101405088291385,0.00010182298609454771,0.00014678997379045998,0.03812073379085044
5.102205286932641,0.0006996901435368241,0.00014678997379045998,0.03811099753366331
5.103005480329471,0.0004115877414870503,0.00014678997379045998,0.03810069736068859
5.103805668502391,-0.00018700713928413576,0.00014678997379045998,0.0380909782539568
5.104605851471914,-0.0008329167236537788,0.00014678997379045998,0.038078427321382516
5.1054060292585595,-0.0019209946551713222,0.00014678997379045998,0.03806771652778015
5.106206201882839,-0.0007598894602303882,0.00014678997379045998,0.03805771799671556
5.107006369365273,0.00012794451864506923,0.00014678997379045998,0.038048469530771255
5.107806531726372,-0.0007198045642804185,0.00014678997379045998,0.03803961589473797
5.108606688986656,-0.0003235024542530898,0.00014678997379045998,0.03803114071611273
5.1094068411666385,-0.0016083529770910751,0.00014678997379045998,0.038023027690355884
5.110206988286835,-0.0008649145211489379,0.00014678997379045998,0.038015260580890886
5.1110071303677636,0.0002371264698097092,0.00014678997379045998,0.03800782321910376
5.1118072674299375,0.0004296343309756062,0.00014678997379045998,0.03800069950434271
5.112607399493873,-0.00039415291966776733,0.00014678997379045998,0.037992712338074844
5.113407526580086,-0.000312346029252647,0.00014678997379045998,0.037982904657906776
5.114207648709092,0.0003498425166555616,0.00014678997379045998,0.037971245043387176
5.1150077659014075,0.00016597956254307822,0.00014678997379045998,0.03795905416010005
5.115807878177547,0.0009822230105755794,0.00014678997379045998,0.03794975337935492
5.116607985558028,0.0010652972275717737,0.00014678997379045998,0.03794112968463283
5.117408088063364,0.00011136428109757845,0.00014678997379045998,0.03793318374541999
5.118208185714073,-0.0021077291955229754,0.00014678997379045998,0.037925916379710725
5.119008278530668,-0.0022457469175832245,0.00014678997379045998,0.037919328554006496
5.119808366533666,-0.0021428608108376157,0.00014678997379045998,0.0379128626678317
5.120608449743584,-0.0022121321473985017,0.00014678997379045998,0.03790650059024604
5.121408528180936,-0.0005143450204488573,0.00014678997379045998,0.03790022420379601
5.122208601866238,-0.00032394136079821195,0.00014678997379045998,0.037894015404514744
5.123008670820006,0.0003757149396580936,0.00014678997379045998,0.037887856101922066
5.123808735062756,-0.00017026372517676275,0.00014678997379045998,0.03788172821902422
5.124608794615003,-0.0012678332070955242,0.00014678997379045998,0.03787561369231401
5.125408849497264,-0.0006137296145863266,0.00014678997379045998,0.03786949447177061
5.126208899730052,0.0008485232788148292,0.00014678997379045998,0.03786335252085943
5.127008945333887,0.0005991022764992859,0.00014678997379045998,0.037853819395438616
5.12780898632928,-0.0005524482203714265,0.00014678997379045998,0.0378465978352185
5.128609022736749,-0.000225785915510944,0.00014678997379045998,0.03784167664750057
5.1294090545768105,-2.3116669430368886e-05,0.00014678997379045998,0.03783363587710782
5.130209081869979,-0.0006974802351874879,0.00014678997379045998,0.03782516405582081
5.13100910463677,-0.0019770737635170996,0.00014678997379045998,0.03781643304247835
5.1318091228977,-0.0030970809446045633,0.00014678997379045998,0.037807431957676454
5.132609136673285,-0.0029749344223298085,0.00014678997379045998,0.037798149840619646
5.133409145984039,-0.001463979881872829,0.00014678997379045998,0.037789169280436595
5.134209150850479,-1.6140955263137247e-05,0.00014678997379045998,0.03778049976027957
5.13500915129312,-0.00020045914025962341,0.00014678997379045998,0.037772150825374926
5.13580914733248,0.0002021216037724205,0.00014678997379045998,0.03776413208302272
5.136609138989072,-0.0003336327335197592,0.00014678997379045998,0.03775652374550607
5.137409126283412,-3.364112813993708e-05,0.00014678997379045998,0.03774933304262216
5.1382091092360165,0.0010097280414815904,0.00014678997379045998,0.03774164745675684
5.139009087867402,0.0014868667202032337,0.00014678997379045998,0.03773450376233141
5.139809062198081,0.00033230963908971456,0.00014678997379045998,0.037731261474214545
5.140609032248573,0.0010007199556606727,0.00014678997379045998,0.03772680035641442
5.141408998039392,0.00023410271744624817,0.00014678997379045998,0.03772083620264386
5.142208959591054,-0.00016030956274391134,0.00014678997379045998,0.037715410833810636
5.143008916924074,-0.0003654052211978995,0.00014678997379045998,0.0377105054478958
5.143808870058968,-0.0017853794866014988,0.00014678997379045998,0.037704018860189134
5.144608819016252,-0.0029517084023393536,0.00014678997379045998,0.03769757232917754
5.145408763816442,-0.003053122783054106,0.00014678997379045998,0.03769116518834157
5.146208704480053,-0.0023657688758392317,0.00014678997379045998,0.03768479675521793
5.1470086410276,-0.0005898057344097332,0.00014678997379045998,0.03767776354949643
5.147808573479602,0.00024004531651367067,0.00014678997379045998,0.03767087804836532
5.148608501856572,0.0008519435807466738,0.00014678997379045998,0.03766414403126489
5.149408426179025,6.179649594834774e-05,0.00014678997379045998,0.03765803083982531
5.150208346467478,0.00036570723447052617,0.00014678997379045998,0.0376525257774045
5.1510082627424465,0.0010347826988107156,0.00014678997379045998,0.037647616280703254
5.151808175024446,0.0009851979087028423,0.00014678997379045998,0.03764328991976495
5.152608083333993,0.0010473599675350012,0.00014678997379045998,0.03763953439797459
5.153407987691603,0.0009982541700052083,0.00014678997379045998,0.0376363375520583
5.15420788811779,0.0010883177433519894,0.00014678997379045998,0.0376335143261648
5.155007784633072,0.0011900372358863084,0.00014678997379045998,0.037631459707904685
5.155807677257965,-0.000351500270050667,0.00014678997379045998,0.0376301538151132
5.156607566012981,0.0001910755872538139,0.00014678997379045998,0.0376259295092296
5.157407450918639,1.2924710198952694e-05,0.00014678997379045998,0.037618110509923905
5.158207331995454,-0.001686499637357848,0.00014678997379045998,0.037613764077612924
5.159007209263941,-0.0020692838157029894,0.00014678997379045998,0.03760895380037895
5.159807082744618,-0.0011837966018776944,0.00014678997379045998,0.037603678536997164
5.160606952457997,-0.0015756661385709983,0.00014678997379045998,0.03759828960951319
5.161406818424596,-0.0012290148390810482,0.00014678997379045998,0.037592773092153024
5.162206680664931,-0.001295831028981051,0.00014678997379045998,0.037587115007275455
5.163006539199517,1.5305184044425713e-05,0.00014678997379045998,0.03758130132537265
5.163806394048869,0.0002983985906980166,0.00014678997379045998,0.03757531796507012
5.164606245233505,0.00017216934328388722,0.00014678997379045998,0.03756915079312707
5.165406092773937,-0.0006800753678521884,0.00014678997379045998,0.037562785624436656
5.166205936690684,-0.00042063460977476846,0.00014678997379045998,0.03755620822202614
5.167005777004261,-0.0007122490228932965,0.00014678997379045998,0.037549404297057214
5.167805613735182,-0.0011499104034755,0.00014678997379045998,0.037542359508826194
5.168605446903966,-0.000934269139146203,0.00014678997379045998,0.03753718943791018
5.1694052765311245,-0.000658932508868483,0.00014678997379045998,0.03753008014533251
5.170205102637176,1.5848413465427424e-05,0.00014678997379045998,0.037523384891084616
5.171004925242636,-0.00045399778882854874,0.00014678997379045998,0.037517193962782414
5.17180474436802,-0.0014877164013400099,0.00014678997379045998,0.03751468401261678
5.172604560033844,-0.0008591784991577103,0.00014678997379045998,0.03751271455885064
5.173404372260621,-0.0002536798368789825,0.00014678997379045998,0.03750845538272643
5.174204181068871,-0.0011460462876448918,0.00014678997379045998,0.03750381766747249
5.175003986479107,0.00011200447993198887,0.00014678997379045998,0.037498837907103295
5.1758037885118435,0.00043949003337517834,0.00014678997379045998,0.03749355252563431
5.176603587187601,-2.019243557548761e-05,0.00014678997379045998,0.03748799787708243
5.17740338252689,-7.634798225456679e-05,0.00014678997379045998,0.037482210245466295
5.178203174550229,0.0003452025456440258,0.00014678997379045998,0.0374762258448064
5.179002963278133,0.00021362577758643475,0.00014678997379045998,0.037471003741268626
5.179802748731118,-0.001020012360954857,0.00014678997379045998,0.03746581519205509
5.1806025309297,-0.00015855454161853993,0.00014678997379045998,0.03746080849640024
5.181402309894393,-0.0006970842197974586,0.00014678997379045998,0.03745849811396278
5.182202085645716,-0.0004104145904072279,0.00014678997379045998,0.03745689980877802
5.18300185820418,0.00042437645252473705,0.00014678997379045998,0.03745100035739891
5.183801627590305,0.0006769600728046277,0.00014678997379045998,0.03744492812912791
5.184601393824604,-0.000931893492371029,0.00014678997379045998,0.03743866860141911
5.185401156927594,-0.0020654713230982766,0.00014678997379045998,0.03743094446884667
5.186200916919791,-0.0014452336526603188,0.00014678997379045998,0.037424285907072634
5.18700067382171,-0.001156591373087934,0.00014678997379045998,0.03741872389772406
5.187800427653866,-0.0014503642268214462,0.00014678997379045998,0.03741428966918887
5.188600178436776,-0.001460227143498416,0.00014678997379045998,0.03740977422527824
5.189399926190955,-0.00025595929013128016,0.00014678997379045998,0.03740516622521858
5.19019967093692,0.00043223551178114133,0.00014678997379045998,0.037400454275130925
5.190999412695184,0.00034429960156038414,0.00014678997379045998,0.03739562692803084
5.191799151486265,1.2339651760007175e-05,0.00014678997379045998,0.037390672683828854
5.1925988873306785,-0.0004464924112931451,0.00014678997379045998,0.03738557998933046
5.1933986202489395,-5.9086411671113725e-05,0.00014678997379045998,0.03737992430359744
5.194198350261563,0.00033819269574409533,0.00014678997379045998,0.037375100713697935
5.194998077389067,-0.000501451092695733,0.00014678997379045998,0.037375387733284894
5.195797801651965,-0.0002151430846123667,0.00014678997379045998,0.037372431851314634
5.196597523070774,0.00019424148147225567,0.00014678997379045998,0.03736742119158067
5.197397241666009,-6.191264029313526e-05,0.00014678997379045998,0.037362866630671836
5.198196957458186,-0.001127099053389355,0.00014678997379045998,0.037357801040656
5.198996670467821,-0.002099870917049766,0.00014678997379045998,0.03735222000365951
5.199796380715428,-0.002217796021918003,0.00014678997379045998,0.037346118953456325
5.200596088221525,-0.0006014559515775328,0.00014678997379045998,0.03733970607083691
5.201395793006627,-0.000365173031161542,0.00014678997379045998,0.0373329689434423
5.2021954950912495,-0.0008254399847901425,0.00014678997379045998,0.03732589506391954
5.202995194495909,-0.0009181581162986119,0.00014678997379045998,0.0373184718299223
5.2037948912411185,-0.0005527794250253376,0.00014678997379045998,0.03731079531728457
5.204594585347396,-4.2719108427451136e-05,0.00014678997379045998,0.03730284887650627
5.205394276835257,0.0003612376487897584,0.00014678997379045998,0.03729461579035569
5.206193965725217,0.0009552748459587326,0.00014678997379045998,0.0372860792738695
5.2069936520377915,0.0011594577218767624,0.00014678997379045998,0.03727722247435311
5.207793335793497,0.0006661184897994166,0.00014678997379045998,0.03727396300852707
5.208593017012848,0.0014332514985700984,0.00014678997379045998,0.03726978891345975
5.20939269571636,0.0015052014031254266,0.00014678997379045998,0.03726407386143124
5.210192371924551,0.0003207202078447449,0.00014678997379045998,0.037258343198675
5.210992045657934,-0.0011781294407181772,0.00014678997379045998,0.03725262021792364
5.211791716937027,-0.001833601457116557,0.00014678997379045998,0.03724689577653146
5.212591385782344,-0.0015260438566203141,0.00014678997379045998,0.03724116072939364
5.2133910522144005,-0.0017519063954666778,0.00014678997379045998,0.0372351965730821
5.2141907162537136,-0.0005937295782400612,0.00014678997379045998,0.03722900158140467
5.214990377920799,0.0010758141569697996,0.00014678997379045998,0.03722257397324363
5.215790037236171,0.001466378401200251,0.00014678997379045998,0.0372159119125557
5.216589694220346,-4.079878141498988e-05,0.00014678997379045998,0.03720901350837225
5.217389348893841,-0.001307668682653744,0.00014678997379045998,0.037201876814799445
5.218189001277169,-0.0006069644438749383,0.00014678997379045998,0.03719449983101843
5.2189886513908474,0.0006192269897207434,0.00014678997379045998,0.03718688050128551
5.219788299255393,0.0009632394462433316,0.00014678997379045998,0.03717901671493226
5.220587944891319,0.0004200026202299881,0.00014678997379045998,0.03717203543316024
5.221387588319142,-0.0004682992735456984,0.00014678997379045998,0.03716597363398789
5.222187229559379,-2.0172164551135463e-05,0.00014678997379045998,0.037160868513497425
5.222986868632544,-0.00011454373886949504,0.00014678997379045998,0.03715736792783344
5.223786505559154,-0.0004379177924944966,0.00014678997379045998,0.037152099061503185
5.224586140359723,-0.0009322449660418633,0.00014678997379045998,0.03714604478319911
5.22538577305477,-0.0015685273617441348,0.00014678997379045998,0.03714260750003941
5.2261854036648066,-0.0014201317896899365,0.00014678997379045998,0.037141698257930546
5.226985032210352,-0.0009629042978358468,0.00014678997379045998,0.037142322354389634
5.2277846587119186,-0.0012451143523057248,0.00014678997379045998,0.03713869670000595
5.228584283190025,-8.238224523954285e-05,0.00014678997379045998,0.037134633296315236
5.229383905665185,0.000103623379559388,0.00014678997379045998,0.037130149201545344
5.230183526157915,2.69295194799124e-05,0.00014678997379045998,0.03712526137648406
5.2309831446887305,2.8722315062720827e-05,0.00014678997379045998,0.03711998668447921
5.231782761278148,-0.0009664041680161398,0.00014678997379045998,0.037112675836423185
5.2325823759466825,-0.0008036874975867747,0.00014678997379045998,0.037103287661761145
5.233381988714849,0.00043145597243466477,0.00014678997379045998,0.037092659521443826
5.234181599603166,0.0004015509995161162,0.00014678997379045998,0.037082519766366076
5.2349812086321466,0.00040109913946963227,0.00014678997379045998,0.03707196380758279
5.235780815822306,-0.00033102593057394297,0.00014678997379045998,0.03706236032856447
5.236580421194162,0.0001135120880965193,0.00014678997379045998,0.037053742373325795
5.237380024768228,0.0007413787518750561,0.00014678997379045998,0.03704614323453446
5.238179626565023,0.00045158025545558034,0.00014678997379045998,0.03703991641385918
5.238979226605059,-0.0010291183651447156,0.00014678997379045998,0.037033996936658514
5.239778824908855,-0.0019494291178459092,0.00014678997379045998,0.037028353007747226
5.240578421496925,-0.001357960831832608,0.00014678997379045998,0.03702295289994721
5.241378016389783,-0.0012346191165402629,0.00014678997379045998,0.037017764954087415
5.242177609607948,-0.0018599605441761632,0.00014678997379045998,0.03701275757900362
5.242977201171933,-0.0013198609016622856,0.00014678997379045998,0.03700550144571236
5.243776791102257,-0.0001803840308008675,0.00014678997379045998,0.03699777718181559
5.244576379419433,-0.0003334840426937255,0.00014678997379045998,0.03698957658368908
5.245375966143977,-0.001205028386569329,0.00014678997379045998,0.03698089134764088
5.246175551296405,-0.0007528835371617346,0.00014678997379045998,0.03696601451673234
5.246975134897233,-0.0008386987081517375,0.00014678997379045998,0.03695139137077546
5.247774716966976,-0.0006540625284149754,0.00014678997379045998,0.036944485293170695
5.24857429752615,-0.0005753702521376636,0.00014678997379045998,0.03693761597505744
5.249373876595271,0.0004997189112012565,0.00014678997379045998,0.03693079047451167
5.250173454194855,0.0012289141738746623,0.00014678997379045998,0.03692401585387383
5.250973030345418,0.00036305322162948767,0.00014678997379045998,0.03691729917974895
5.251772605067474,-0.000299194705316759,0.00014678997379045998,0.036910647523006525
5.25257217838154,-0.0012887138598670356,0.00014678997379045998,0.03690555710328199
5.253371750308132,-0.0019711521683436206,0.00014678997379045998,0.036902367666816045
5.254171320867763,-0.0007569204837499233,0.00014678997379045998,0.036898745667696305
5.254970890080952,-6.30818082754045e-05,0.00014678997379045998,0.036894675143633406
5.255770457968214,-0.0011116218921613866,0.00014678997379045998,0.036890140041150946
5.256570024550063,-0.0015936555989611786,0.00014678997379045998,0.036885124215585596
5.257369589847017,-0.0012877606740421335,0.00014678997379045998,0.0368796114310873
5.2581691538795905,-0.0006007024995668964,0.00014678997379045998,0.03687358536061937
5.258968716668298,0.0005239924633795578,0.00014678997379045998,0.0368602899495946
5.259768278233659,0.0006100442774142692,0.00014678997379045998,0.036845243126342596
5.2605678385961845,-0.0001453213629553085,0.00014678997379045998,0.03683268006312624
5.261367397776394,-0.000996555914071301,0.00014678997379045998,0.03681973166870256
5.2621669557948,-0.0012300071154044898,0.00014678997379045998,0.0368072747460437
5.2629665126719205,0.0002236996811757902,0.00014678997379045998,0.03679533216407197
5.26376606842827,0.0010585039705988397,0.00014678997379045998,0.0367839269387076
5.264565623084366,0.001000725970332711,0.00014678997379045998,0.03677473150627733
5.265365176660722,0.0006130244377842847,0.00014678997379045998,0.036764522747324425
5.266164729177855,-9.001381383683116e-06,0.00014678997379045998,0.03675492435107607
5.26696428065628,-0.0017234051313793214,0.00014678997379045998,0.03674595971566034
5.267763831116513,-0.0017740917389644228,0.00014678997379045998,0.03673765238785194
5.26856338057907,-0.0011677491726528808,0.00014678997379045998,0.03672941915401986
5.2693629290644655,-0.0020306741338157325,0.00014678997379045998,0.036721262787967765
5.270162476593217,-0.0014537807680588197,0.00014678997379045998,0.03671318606538123
5.270962023185839,-0.0007104012701177262,0.00014678997379045998,0.036705191763827395
5.271761568862848,0.0004040991745537098,0.00014678997379045998,0.03669758210632707
5.27256111364476,0.0010565808469911245,0.00014678997379045998,0.03668792164955375
5.273360657552088,0.00026283679710734087,0.00014678997379045998,0.03667645506385405
5.274160200605351,-0.00041886356701596045,0.00014678997379045998,0.03666627616682576
5.274959742825062,0.0002444661405575435,0.00014678997379045998,0.03665742755046567
5.275759284231739,0.00033420222554963325,0.00014678997379045998,0.036650588349171835
5.276558824845897,-0.00030391458850888287,0.00014678997379045998,0.0366436013879075
5.277358364688051,-0.000851945200379671,0.00014678997379045998,0.0366369140045456
5.278157903778717,-0.00013747639511306475,0.00014678997379045998,0.03663052406745094
5.2789574421384104,0.0005958775660131824,0.00014678997379045998,0.0366244295138918
5.279756979787648,-1.130799963068585e-05,0.00014678997379045998,0.03661862835003985
5.2805565167469455,-0.0011793139601495098,0.00014678997379045998,0.03661311865097003
5.281356053036817,-0.001417134908015788,0.00014678997379045998,0.03660759812808379
5.28215558867778,-0.0018478878042404584,0.00014678997379045998,0.03660207564704932
5.282955123690349,-0.001049976147801751,0.00014678997379045998,0.0365963442814958
5.28375465809504,0.00024053459060544014,0.00014678997379045998,0.036590405392758624
5.284554191912368,0.00044767230066013186,0.00014678997379045998,0.03658426028362263
5.28535372516285,-0.0004629660019926096,0.00014678997379045998,0.03657727735561869
5.286153257867001,-0.002047038405401179,0.00014678997379045998,0.0365694358234796
5.286952790045338,-0.0008504822678993204,0.00014678997379045998,0.03656207651739026
5.287752321718375,0.00014940739799582797,0.00014678997379045998,0.036555225508693855
5.288551852906627,0.0011542241740058676,0.00014678997379045998,0.03654890898648452
5.289351383630612,0.0011747110630981328,0.00014678997379045998,0.03654263001081515
5.2901509139108445,0.0007099105764453092,0.00014678997379045998,0.036537447131549675
5.290950443767841,0.0011767340881748134,0.00014678997379045998,0.036532809853913786
5.291749973222116,2.8171262865007984e-05,0.00014678997379045998,0.03652656269325337
5.292549502294186,-0.0012280992983478914,0.00014678997379045998,0.0365193010666868
5.293349031004566,-0.0005614079545230091,0.00014678997379045998,0.03651103251012024
5.294148559373772,-0.0010488175240078584,0.00014678997379045998,0.0365030335690712
5.294948087422321,-0.002096711000924796,0.00014678997379045998,0.036495266258234335
5.295747615170726,-0.0020811742110503906,0.00014678997379045998,0.03648769265235959
5.296547142639507,-0.0010896710514136584,0.00014678997379045998,0.03648027488625219
5.297346669849174,-0.00048571623464872815,0.00014678997379045998,0.03647297515477258
5.298146196820247,0.0002816291329445844,0.00014678997379045998,0.036465755712836445
5.29894572357324,0.00013090499630018237,0.00014678997379045998,0.036456624066441734
5.2997452501286695,-0.00010403366516446855,0.00014678997379045998,0.03644561190344346
5.300544776507051,-0.00047836275167322667,0.00014678997379045998,0.036436491024340954
5.301344302728899,-0.00028633773653451156,0.00014678997379045998,0.03642903413969546
5.302143828814732,0.00045711283934356944,0.00014678997379045998,0.03642017849657613
5.302943354785062,0.0003507546943504261,0.00014678997379045998,0.03641138731758418
5.303742880660407,0.00021058137899917367,0.00014678997379045998,0.03640379306806523
5.304542406461284,4.9827974450689094e-05,0.00014678997379045998,0.03639771333114981
5.305341932208205,0.00027368426804432605,0.00014678997379045998,0.036391519691180145
5.306141457921688,-0.00019671631236132386,0.00014678997379045998,0.03638512508295796
5.30694098362225,-0.0006419116222904225,0.00014678997379045998,0.036378950687669644
5.307740509330404,-0.0012205089328290036,0.00014678997379045998,0.03637298999519569
5.308540035066667,-0.0020599149097308284,0.00014678997379045998,0.036367236523309227
5.309339560851553,-0.0013092442349139505,0.00014678997379045998,0.03636168381767629
5.310139086705582,-0.0009957357464555477,0.00014678997379045998,0.036356325451855555
5.310938612649265,-0.0011602769990890216,0.00014678997379045998,0.036351155027298465
5.31173813870312,-0.00023749793283053822,0.00014678997379045998,0.03634616617334933
5.312537664887662,-0.00018579670647558139,0.00014678997379045998,0.036341352547245076
5.3133371912234075,-6.152098179247611e-05,0.00014678997379045998,0.03633493959391545
5.314136717730872,0.00026031845746192495,0.00014678997379045998,0.03632522706018229
5.314936244430571,-0.0002395537841566875,0.00014678997379045998,0.03631665740815443
5.31573577134302,-0.0008814255713900376,0.00014678997379045998,0.03630930461838702
5.316535298488734,-0.001000533083819595,0.00014678997379045998,0.03630324298874914
5.3173348258882305,0.00014394588850481782,0.00014678997379045998,0.03629688038706909
5.318134353562024,-0.00023349223899125915,0.00014678997379045998,0.036290526421282915
5.31893388153063,-0.00037769801330624075,0.00014678997379045998,0.036284187697731396
5.319733409814565,-0.00015737989152402737,0.00014678997379045998,0.03627787081020129
5.3205329384343445,0.00018409746458294268,0.00014678997379045998,0.036271582339925536
5.321332467410484,0.000299825249574788,0.00014678997379045998,0.036265328855582986
5.322131996763499,6.945115703489713e-06,0.00014678997379045998,0.03625911691329862
5.322931526513906,-0.0009040920328455271,0.00014678997379045998,0.036252953056643555
5.32373105668222,-0.0011484386266656238,0.00014678997379045998,0.036246843816634816
5.324530587288956,0.00025327903645846334,0.00014678997379045998,0.03624339583798793
5.325330118354631,0.000120978533918778,0.00014678997379045998,0.036242113241113136
5.326129649899761,-0.001222608013880383,0.00014678997379045998,0.0362347455952462
5.32692918194486,4.411936786861276e-05,0.00014678997379045998,0.036226418841562885
5.327728714510446,0.00018793173536522934,0.00014678997379045998,0.03621762308513046
5.328528247617032,-0.0003930615369807239,0.00014678997379045998,0.036210927669946456
5.329327781285135,-0.0007794241255789855,0.00014678997379045998,0.03620635649183203
5.330127315535273,-0.00024729423221046126,0.00014678997379045998,0.036200248806210575
5.330926850387957,-0.0006665207722145391,0.00014678997379045998,0.03619407732557364
5.331726385863706,-0.0007699483574783728,0.00014678997379045998,0.036187090241571525
5.332525921983034,0.00011378815292295563,0.00014678997379045998,0.03618043544488784
5.333325458766459,0.0007442718425752851,0.00014678997379045998,0.03617411915420655
5.334124996234495,0.0010870990192636126,0.00014678997379045998,0.036168147650814754
5.334924534407657,0.0004133971153691546,0.00014678997379045998,0.036162527278602766
5.335724073306463,0.0006683096647421075,0.00014678997379045998,0.03615666166873499
5.336523612951427,-0.0005694156081609628,0.00014678997379045998,0.036150536362258325
5.337323153363065,-0.0012039015991846397,0.00014678997379045998,0.03614413681701331
5.338122694561892,0.0001049793924528114,0.00014678997379045998,0.036138170558361826
5.3389222365684255,-0.0008819969535893424,0.00014678997379045998,0.03613259727290892
5.33972177940318,-0.0020238118706312758,0.00014678997379045998,0.03612566748740773
5.340521323086671,-0.0023382618727729523,0.00014678997379045998,0.03611860421709433
5.341320867639415,-0.0015467512969190716,0.00014678997379045998,0.03611311325589271
5.342120413081927,-0.00035769970427468323,0.00014678997379045998,0.03610765086591344
5.342919959434724,0.0003557895466531624,0.00014678997379045998,0.03610206195846598
5.343719506718319,0.0001760906331220724,0.00014678997379045998,0.036096887296037404
5.34451905495323,2.434584163763659e-05,0.00014678997379045998,0.03609209471887046
5.345318604159973,-0.0005944248847250116,0.00014678997379045998,0.03608765214800185
5.346118154359062,-0.00032128061310898043,0.00014678997379045998,0.03608287359576819
5.3469177055710135,-0.0003175765243298642,0.00014678997379045998,0.03607778524863988
5.3477172578163445,0.0004439926702648478,0.00014678997379045998,0.036072377056163465
5.3485168111155685,0.0003190378466991703,0.00014678997379045998,0.03606663889362671
5.3493163654892015,-2.8459014601106558e-05,0.00014678997379045998,0.03606056056205865
5.3501159209577605,1.681633862548465e-05,0.00014678997379045998,0.03605413178822941
5.3509154775417604,-0.0009849269282669187,0.00014678997379045998,0.03604734222465007
5.351715035261717,-0.001048949645394072,0.00014678997379045998,0.03604018144957276
5.352514594138146,-0.0005336726091311195,0.00014678997379045998,0.03603263896699034
5.353314154191563,-0.0005306116293914906,0.00014678997379045998,0.0360247042066363
5.354113715442485,0.0002683127133007099,0.00014678997379045998,0.03601692350095449
5.354913277911425,-0.00021908581455407777,0.00014678997379045998,0.03601019627517721
5.3557128416189,-0.0015991124074208538,0.00014678997379045998,0.036002728241392334
5.356512406585428,-0.00015918246909762956,0.00014678997379045998,0.03599321271338787
5.357311972831521,7.513802965722349e-06,0.00014678997379045998,0.03598651870824836
5.358111540377696,-0.0005380248520462511,0.00014678997379045998,0.0359800536100654
5.35891110924447,0.000722311785265467,0.00014678997379045998,0.03597364223947736
5.359710679452358,0.0013890487631317144,0.00014678997379045998,0.0359672857710628
5.360510251021876,0.0005333122296052525,0.00014678997379045998,0.03596098537454463
5.361309823973537,-0.00011208475976022536,0.00014678997379045998,0.03595474221479004
5.36210939832786,-0.0007847236702708746,0.00014678997379045998,0.035948557451810546
5.36290897410536,-0.0005221493859313212,0.00014678997379045998,0.035942432240762094
5.363708551326551,-0.0002725434850301897,0.00014678997379045998,0.03593636773194484
5.36450813001195,-0.0006773578900121369,0.00014678997379045998,0.03593029200869356
5.3653077101820745,-0.001040485979965984,0.00014678997379045998,0.035924203674850615
5.366107291857437,-0.0013101589463052968,0.00014678997379045998,0.03591810131172685
5.366906875058555,-0.0016543549425588541,0.00014678997379045998,0.03591198347810142
5.367706459805944,-0.0008838883708545339,0.00014678997379045998,0.035902271023677865
5.368506046120119,-0.00030413069234787315,0.00014678997379045998,0.035894255037752204
5.369305634021596,0.00046288132814691074,0.00014678997379045998,0.03588872287049018
5.370105223530892,0.0010409772295705763,0.00014678997379045998,0.03588272805975195
5.37090481466852,-0.0006931231817414799,0.00014678997379045998,0.03587625108661751
5.371704407454998,-0.0017062164403642555,0.00014678997379045998,0.03587142918268984
5.372504001910841,0.00017713660980411827,0.00014678997379045998,0.03586669558033767
5.373303598056565,0.0016330335019814624,0.00014678997379045998,0.03586071614395717
5.374103195912685,0.001701984929995251,0.00014678997379045998,0.03585478111885823
5.374902795499717,0.001153851707006076,0.00014678997379045998,0.03584889261041329
5.375702396838177,0.0005453679840358647,0.00014678997379045998,0.035843052715986055
5.37650199994858,0.00024106399649524712,0.00014678997379045998,0.035837885392385326
5.377301604851444,-0.0005353105667057281,0.00014678997379045998,0.03583490847707545
5.378101211567281,-0.001325479325990947,0.00014678997379045998,0.035830379681313945
5.378900820116608,-0.0010192919546719859,0.00014678997379045998,0.035824320210508395
5.379700430519943,-0.0006645076003987532,0.00014678997379045998,0.03581827470542905
5.3805000427978,-0.00043867117532849637,0.00014678997379045998,0.03581220959854075
5.381299656970694,-5.619638950827427e-05,0.00014678997379045998,0.035804776932008286
5.382099273059141,0.0004415300956963908,0.00014678997379045998,0.03579616896208518
5.382898891083658,0.0008852733180777297,0.00014678997379045998,0.03578682531437246
5.383698511064759,0.0005859024644383551,0.00014678997379045998,0.03577672062218132
5.384498133022962,-0.00013047212741303799,0.00014678997379045998,0.035769607053314396
5.3852977569787805,-9.397830289657044e-05,0.00014678997379045998,0.03576277788661188
5.38609738295273,-0.0004992404977366138,0.00014678997379045998,0.035756241687715365
5.386897010965328,-0.001105452453227053,0.00014678997379045998,0.03575000708738218
5.387696641037088,-0.0006224162800520308,0.00014678997379045998,0.035744082781485324
5.388496273188529,-0.0011314147346956002,0.00014678997379045998,0.03573811233545149
5.389295907440164,-0.00031243795982936057,0.00014678997379045998,0.035732091895365026
5.390095543812509,0.00016664458682890543,0.00014678997379045998,0.035726017584065246
5.39089518232608,-0.0004921471463168667,0.00014678997379045998,0.03571988550114636
5.3916948230013935,-0.00023991384197843274,0.00014678997379045998,0.03571369172295747
5.392494465858964,-0.00037510941032151135,0.00014678997379045998,0.03570743230260237
5.3932941109193075,-0.0004392487836335779,0.00014678997379045998,0.03570110326993963
5.394093758202941,-0.0013591296157448238,0.00014678997379045998,0.03569470063158241
5.394893407730378,-0.0006946536683171828,0.00014678997379045998,0.03568822037089857
5.395693059522136,0.0003724372344747484,0.00014678997379045998,0.03568165844801034
5.396492713598731,-0.00029057791815247785,0.00014678997379045998,0.03567280476189826
5.397292369980676,-0.000404958288242524,0.00014678997379045998,0.03566494566677435
5.398092028688489,7.859379077365669e-05,0.00014678997379045998,0.03565811683089609
5.398891689742685,0.0010143700415600407,0.00014678997379045998,0.03565235418019801
5.399691353163781,0.0008490007463105437,0.00014678997379045998,0.03564449743833074
5.400491018972291,0.0007168488113829877,0.00014678997379045998,0.035634472060576225
5.401290687188729,-0.0001385028429444768,0.00014678997379045998,0.03562525362203961
5.402090357833616,-0.0008845735297959914,0.00014678997379045998,0.03561685490818095
5.4028900309274634,-0.0004085040467013551,0.00014678997379045998,0.03560928892896559
5.4036897064907885,-0.00034805772353795755,0.00014678997379045998,0.03560234414845554
5.404489384544106,-0.0014149549786840118,0.00014678997379045998,0.035596041994693156
5.405289065107933,-0.001185304084948241,0.00014678997379045998,0.03559040406394703
5.406088748202785,-0.00031624036986751397,0.00014678997379045998,0.03558545212071257
5.406888433849176,0.00024433357683963097,0.00014678997379045998,0.03558025221654246
5.407688122067623,0.0003536110226095776,0.00014678997379045998,0.03557555149522965
5.408487812878642,-0.0007060045736980922,0.00014678997379045998,0.03556831971245919
5.409287506302748,-0.0004939035717539467,0.00014678997379045998,0.03555846642131597
5.410087202360456,-0.0006076793788233129,0.00014678997379045998,0.03554855206374065
5.410886901072284,-0.0007205040953642827,0.00014678997379045998,0.03554383769715286
5.411686602458746,-0.0016922382918909337,0.00014678997379045998,0.03553914211197366
5.41248630654036,-0.0003707262737262171,0.00014678997379045998,0.03553358875484296
5.413286013337638,0.0006145411209472137,0.00014678997379045998,0.03552903394618637
5.414085722871097,0.0001379307316257128,0.00014678997379045998,0.03552543945477573
5.414885435161254,0.0005381912738112449,0.00014678997379045998,0.035526084852456646
5.415685150228623,0.0004986329932629222,0.00014678997379045998,0.03552180190303123
5.416484868093721,-0.00010886702240309881,0.00014678997379045998,0.03551696442323544
5.417284588777064,-0.0010057258666596874,0.00014678997379045998,0.035511587258560705
5.418084312299166,-0.0010748941255537756,0.00014678997379045998,0.03550568512270389
5.418884038680544,-0.00026802927612457755,0.00014678997379045998,0.035500801117532794
5.419683767941713,0.0003072007563063722,0.00014678997379045998,0.03549689550138179
5.420483500103191,0.00031664776331773864,0.00014678997379045998,0.03549238549047392
5.42128323518549,-0.000395255318080448,0.00014678997379045998,0.03548728656041726
5.422082973209128,1.8751838204038307e-05,0.00014678997379045998,0.03548161405132969
5.42288271419462,6.765001443496954e-05,0.00014678997379045998,0.035470947471382304
5.4236824581624825,-0.0007183312777055834,0.00014678997379045998,0.035464228790885496
5.42448220513323,-0.000508354153898917,0.00014678997379045998,0.03545925317862404
5.425281955127379,-0.00012138616360651139,0.00014678997379045998,0.035453516496503565
5.426081708165444,-0.0012060172992230528,0.00014678997379045998,0.03544810622893406
5.426881464267944,-0.0018933649416333423,0.00014678997379045998,0.035443028007410414
5.427681223455392,-0.0014266778537225244,0.00014678997379045998,0.03543828754217986
5.428480985748302,-0.0008114195352677961,0.00014678997379045998,0.035434582876606134
5.429280751167193,-0.0002032048512711354,0.00014678997379045998,0.035433051711613754
5.43008051973258,-0.0007179409539217405,0.00014678997379045998,0.03542990619591029
5.430880291464978,-0.0011216022017481522,0.00014678997379045998,0.035425499439393895
5.431680066384904,-0.0005772542624611701,0.00014678997379045998,0.03541976461838673
5.43247984451287,0.000293080058523236,0.00014678997379045998,0.035415677608688356
5.433279625869396,0.0001078550741455131,0.00014678997379045998,0.03541317566003131
5.434079410474996,-0.0005549921894740101,0.00014678997379045998,0.03540911812866644
5.434879198350186,-0.00028567305281052696,0.00014678997379045998,0.03540355219870467
5.435678989515481,-0.00013772362321648468,0.00014678997379045998,0.035397867798022
5.436478783991396,-0.00046985656358829175,0.00014678997379045998,0.03539206375045682
5.43727858179845,-2.6668567572489532e-05,0.00014678997379045998,0.03538613884484301
5.438078382957156,-0.0014304402637295016,0.00014678997379045998,0.03538009183500932
5.4388781874880285,-0.0019169132337257672,0.00014678997379045998,0.03537388900684233
5.4396779954115875,-0.0008143121476403767,0.00014678997379045998,0.03536752791799835
5.440477806748344,0.0004932746164568458,0.00014678997379045998,0.035361006083279176
5.441277621518817,0.0009603342053669528,0.00014678997379045998,0.03535513798046745
5.44207743974352,0.0003349771312493449,0.00014678997379045998,0.035349907289720144
5.442877261442972,-0.0013618444041139932,0.00014678997379045998,0.03534529785106995
5.443677086637686,-0.0010185199971433148,0.00014678997379045998,0.03534129366442612
5.444476915348177,-7.584361189182098e-05,0.00014678997379045998,0.03533709172432399
5.445276747594962,0.0005196674411116764,0.00014678997379045998,0.035332704257747566
5.446076583398556,0.0008438554015764571,0.00014678997379045998,0.03532814345449431
5.446876422779476,0.00045108806134556284,0.00014678997379045998,0.03532342146717537
5.447676265758236,0.0004151124835945069,0.00014678997379045998,0.03531855041121503
5.448476112355355,0.00016373213094825895,0.00014678997379045998,0.0353135423648507
5.4492759625913445,-0.0005065846879742514,0.00014678997379045998,0.035308409369132855
5.450075816486722,-0.0008619942869796671,0.00014678997379045998,0.03530316342792471
5.4508756740620035,-3.7411425522111685e-05,0.00014678997379045998,0.035298264971307336
5.4516755353377055,-0.00021358926823385888,0.00014678997379045998,0.035291995108638445
5.452475400334342,-0.0013026960419277658,0.00014678997379045998,0.0352865056670457
5.45327526907243,-0.0007349175198020641,0.00014678997379045998,0.03527833765509941
5.454075141572483,-0.0006965518361764303,0.00014678997379045998,0.035267403025342814
5.45487501785502,-0.0011181021156507973,0.00014678997379045998,0.0352545518356179
5.455674897940554,-0.0008025155053668007,0.00014678997379045998,0.03524565942831397
5.456474781849602,0.0004858998207701651,0.00014678997379045998,0.03523707973652774
5.457274669602679,0.000742520949609006,0.00014678997379045998,0.03522883077771876
5.458074561220302,-0.00010957425822461647,0.00014678997379045998,0.03522122676306331
5.4588744567229845,-0.0012679242237958605,0.00014678997379045998,0.03521427538375478
5.459674356131245,-0.0012620039829828456,0.00014678997379045998,0.035210616604094504
5.460474259465596,-0.00034141560195125736,0.00014678997379045998,0.03520660538625281
5.4612741667465565,0.0005628639653728826,0.00014678997379045998,0.03520228344629029
5.46207407799464,0.0003677223418065839,0.00014678997379045998,0.035197227351337165
5.462873993230363,5.349254719249491e-05,0.00014678997379045998,0.03519146252369577
5.463673912474241,3.12714086126778e-05,0.00014678997379045998,0.03518501420077557
5.464473835746789,0.00011836494929740732,0.00014678997379045998,0.0351786162580122
5.465273763068524,5.518581990464344e-05,0.00014678997379045998,0.03517226843362561
5.466073694459961,-0.00028486277089560114,0.00014678997379045998,0.035165639071731765
5.466873629941616,-0.0012502680016284393,0.00014678997379045998,0.03515846818887447
5.467673569534004,-0.0013547274574193247,0.00014678997379045998,0.035150735295311514
5.468473513257642,-0.0009674137073218195,0.00014678997379045998,0.03514241975355576
5.469273461133046,-0.0010699239048504589,0.00014678997379045998,0.035133483797002776
5.470073413180728,-0.00015091301463776574,0.00014678997379045998,0.03512390709469939
5.4708733694212075,0.0002440956886939072,0.00014678997379045998,0.03511615259900485
5.471673329874999,-1.2430326257598101e-05,0.00014678997379045998,0.03510849717531566
5.472473294562619,-0.0005236278351261475,0.00014678997379045998,0.03510094476043137
5.4732732635045815,-0.00017776761056584323,0.00014678997379045998,0.035093499307303905
5.474073236721403,4.717815955414262e-05,0.00014678997379045998,0.035086577718183465
5.4748732142336,-0.00022769519130749066,0.00014678997379045998,0.03507963864160409
5.475673196061687,-0.00035790969848774334,0.00014678997379045998,0.035072690357302407
5.476473182226181,-0.000607154067476974,0.00014678997379045998,0.035065741131690614
5.477273172747596,-0.00023715348162531985,0.00014678997379045998,0.035059622520816014
5.47807316764645,0.00010330950575287295,0.00014678997379045998,0.035057822680865464
5.478873166943256,0.0002543114377527231,0.00014678997379045998,0.03505559871192337
5.479673170658531,0.0010730989602193639,0.00014678997379045998,0.03505296952405786
5.480473178812792,0.0001969967949276008,0.00014678997379045998,0.03504841162337365
5.481273191426553,-0.0003092584827605743,0.00014678997379045998,0.03504149096830086
5.482073208520329,-0.0008909732119881178,0.00014678997379045998,0.03503395227487237
5.482873230114638,-0.0010714218518241628,0.00014678997379045998,0.035025808161461044
5.483673256229995,-0.0001278716716400924,0.00014678997379045998,0.035017071130950206
5.484473286886914,-0.00015664247671081516,0.00014678997379045998,0.03500775357073294
5.485273322105912,-0.0007635003891931363,0.00014678997379045998,0.034997867752711416
5.486073361907506,-0.0010870794783298318,0.00014678997379045998,0.034987131947733764
5.48687340631221,-0.00047205713438702723,0.00014678997379045998,0.034977102708315354
5.4876734553405395,0.00035042412957967534,0.00014678997379045998,0.03496781462011805
5.48847350901301,0.0006874136079891291,0.00014678997379045998,0.03495930245590687
5.489273567350139,0.0004509195162132468,0.00014678997379045998,0.03495160117555092
5.490073630372442,-0.0009048328062413527,0.00014678997379045998,0.034943891843106104
5.490873698100432,-0.0014042196506475965,0.00014678997379045998,0.03493618013510347
5.491673770554629,0.00010245221336626503,0.00014678997379045998,0.034928867515279294
5.492473847755544,0.00012584136466946283,0.00014678997379045998,0.03492023741736392
5.4932739297236965,-0.0007946944684558838,0.00014678997379045998,0.034913524005704084
5.494074016479599,-0.001182034428503148,0.00014678997379045998,0.034907173525417154
5.494874108043771,-0.0003053168193680039,0.00014678997379045998,0.0349011775555731
5.495674204436725,-0.00016729668705114248,0.00014678997379045998,0.03489467149687733
5.496474305678977,-0.0006971464914162506,0.00014678997379045998,0.03488767743935213
5.497274411791046,-0.0007940844709822259,0.00014678997379045998,0.03488075658431856
5.498074522793442,0.0006269113775829518,0.00014678997379045998,0.03487391163172265
5.498874638706686,0.00014500529901232545,0.00014678997379045998,0.0348671452799434
5.499674759551291,-0.0003345773644206698,0.00014678997379045998,0.03486015008861148
5.5004748853477725,0.00028957820441293664,0.00014678997379045998,0.03485291798353669
5.501275016116649,-0.00012741422226406063,0.00014678997379045998,0.034845440813883646
5.502075151878432,-8.926781795232791e-05,0.00014678997379045998,0.03483845128219899
5.502875292653641,0.0010484149507618348,0.00014678997379045998,0.034831928969691936
5.50367543846279,0.0014407645484375217,0.00014678997379045998,0.03482574749445195
5.504475589326394,0.0011172089424630466,0.00014678997379045998,0.03481988296869556
5.50527574526497,0.000816448502294051,0.00014678997379045998,0.03481260168693508
5.506075906299033,0.0005527348721268352,0.00014678997379045998,0.03480394054194532
5.506876072449099,0.00014145991398620272,0.00014678997379045998,0.034795272788152164
5.507676243735684,-0.0001312884053317892,0.00014678997379045998,0.03478658723779109
5.508476420179303,0.00037693578698662356,0.00014678997379045998,0.034777872691154905
5.509276601800472,5.046208330552332e-05,0.00014678997379045998,0.03476942909809864
5.510076788619707,-0.0006004337660016831,0.00014678997379045998,0.03476125604012951
5.510876980657524,-0.00039526901645207946,0.00014678997379045998,0.03475335316214117
5.511677177934436,-0.0004803818720001199,0.00014678997379045998,0.03474572017241404
5.512477380470963,-0.00046175264618032036,0.00014678997379045998,0.034737648963068635
5.513277588287617,0.00013429517672225444,0.00014678997379045998,0.03472976503040091
5.514077801404916,0.0002155428187890704,0.00014678997379045998,0.034722071900042395
5.514878019843375,0.00031916924115304307,0.00014678997379045998,0.03471457313415407
5.515678243623511,-4.98888072712686e-05,0.00014678997379045998,0.03470727233142652
5.5164784727658365,-0.0009782558676500464,0.00014678997379045998,0.034700173127080285
5.5172787072908696,3.695809602213829e-05,0.00014678997379045998,0.034693279192866036
5.518078947219125,7.8921680060004e-06,0.00014678997379045998,0.03468550643812956
5.518879192571119,-0.00011651553314947355,0.00014678997379045998,0.03467682083349904
5.519679443367368,-0.00011606982447932845,0.00014678997379045998,0.03466937206777528
5.520479699628385,0.00016605340239252142,0.00014678997379045998,0.034663379541153484
5.521279961374689,0.00023928848612619208,0.00014678997379045998,0.03465883736193368
5.522080228626794,0.00037742951566883953,0.00014678997379045998,0.034654425394572766
5.522880501405216,3.9847848476777525e-05,0.00014678997379045998,0.03465009279997425
5.523680779730471,-0.0010251797656136638,0.00014678997379045998,0.034644483521818
5.524481063623074,-0.0006269668842336512,0.00014678997379045998,0.03463786514448653
5.525281353103541,-0.0010462608451315691,0.00014678997379045998,0.034630223227336054
5.526081648192388,-0.0008865434256427121,0.00014678997379045998,0.034621543104161365
5.52688194891013,-0.0005561944672963434,0.00014678997379045998,0.034613834501524575
5.527682255277284,-0.001277603255261689,0.00014678997379045998,0.034607152608215674
5.528482567314365,-0.002116243923487096,0.00014678997379045998,0.03460155287763933
5.529282885041887,-0.0012117899948345182,0.00014678997379045998,0.03459565946306529
5.530083208480368,-6.634955276320353e-05,0.00014678997379045998,0.03458947863505233
5.530883537650324,0.0009581224115966999,0.00014678997379045998,0.0345825163185571
5.531683872572269,0.0004493223329857382,0.00014678997379045998,0.034574796354612934
5.532484213266719,-0.0008440478657499445,0.00014678997379045998,0.03456695994296897
5.533284559754191,-0.001343095274220725,0.00014678997379045998,0.034559631266810276
5.5340849120551985,8.313347795978893e-05,0.00014678997379045998,0.034552813599610856
5.5348852701902596,0.0008825891007400721,0.00014678997379045998,0.03454608259957352
5.535685634179888,0.0006460345590853372,0.00014678997379045998,0.034540214040245903
5.536486004044601,0.0005853115774086606,0.00014678997379045998,0.03453439701108003
5.537286379804913,0.0004875530671051981,0.00014678997379045998,0.03452842482391315
5.53808676148134,0.0006403933344630713,0.00014678997379045998,0.03452229267895466
5.538887149094401,-4.138252622791494e-05,0.00014678997379045998,0.03451599573342641
5.5396875426646055,-0.0005920538382901547,0.00014678997379045998,0.03450952910156215
5.540487942212473,-0.0008657911710201055,0.00014678997379045998,0.03450288785460724
5.541288347758519,-0.0005614876291427789,0.00014678997379045998,0.03449254490554855
5.542088759323259,-0.0012430148881563546,0.00014678997379045998,0.03448455593291636
5.542889176927208,-0.0016597627086306146,0.00014678997379045998,0.03447692454654875
5.5436896005908824,-0.0013590217651360328,0.00014678997379045998,0.034469665509116176
5.5444900303347975,0.00020088435025474027,0.00014678997379045998,0.03446279368024976
5.54529046617947,0.0004344303664945981,0.00014678997379045998,0.03445632401654185
5.546090908145415,-0.0006308023842794275,0.00014678997379045998,0.03444996858129777
5.5468913562531466,-0.001523181627149331,0.00014678997379045998,0.034443732003324706
5.547691810523182,-0.0006197713152721745,0.00014678997379045998,0.03443761893502966
5.5484922709760385,-0.0004683924016616464,0.00014678997379045998,0.034431634052419946
5.5492927376322285,-0.0007123044030208359,0.00014678997379045998,0.034424927001943204
5.550093210512271,-8.281828188180795e-05,0.00014678997379045998,0.034418482387207745
5.550893689636679,-0.0004865658923672231,0.00014678997379045998,0.03441230139053542
5.551694175025968,-6.592739172816414e-05,0.00014678997379045998,0.034406385241497014
5.552494666700657,0.0009498194858704595,0.00014678997379045998,0.034398042235989974
5.553295164681259,0.0006778043541802586,0.00014678997379045998,0.03438714592831288
5.554095668988291,-0.00030435787184728696,0.00014678997379045998,0.034378795527331994
5.554896179642266,-0.0002471191335203862,0.00014678997379045998,0.034374051008257085
5.555696696663703,0.0005510879972536672,0.00014678997379045998,0.03436845876937498
5.556497220073116,-0.00022866884070139176,0.00014678997379045998,0.03436199846888649
5.557297749891022,-0.0013228706608813326,0.00014678997379045998,0.034354649552575445
5.558098286137936,-0.000681820519889971,0.00014678997379045998,0.03434897164354643
5.558898828834373,-0.00063791283890971,0.00014678997379045998,0.034343582461718106
5.5596993780008495,-0.00010873008409802848,0.00014678997379045998,0.03433806549509263
5.56049993365788,0.0004360248310155551,0.00014678997379045998,0.034332424349152325
5.561300495825982,-0.0003467158086189262,0.00014678997379045998,0.03433063710670099
5.56210106452567,-0.0006359934381173285,0.00014678997379045998,0.03432850909931673
5.56290163977746,0.0004432209014413463,0.00014678997379045998,0.03432519575567659
5.563702221601868,-6.721969906546554e-05,0.00014678997379045998,0.03432073461360193
5.56450281001941,-0.0011281653900002062,0.00014678997379045998,0.03431516293274252
5.5653034050506,-0.000566203409928169,0.00014678997379045998,0.03430851769457444
5.566104006715957,9.926548357813009e-05,0.00014678997379045998,0.03430142268950345
5.566904615035993,0.0002702572647791321,0.00014678997379045998,0.03429384104358593
5.567705230031224,-0.00020766843995884826,0.00014678997379045998,0.034287506055461256
5.568505851722169,-9.25138316389823e-06,0.00014678997379045998,0.03428183601700957
5.569306480129342,0.0006322319019018488,0.00014678997379045998,0.034275892471483264
5.570107115273257,0.00011023347167221642,0.00014678997379045998,0.03426941260206647
5.570907757174432,0.00016417430424321006,0.00014678997379045998,0.03426360487162824
5.571708405853381,3.7870473319254194e-05,0.00014678997379045998,0.03425732990200772
5.572509061330621,-0.000921094900673311,0.00014678997379045998,0.03425056235436834
5.573309723626666,-0.0014686516740109873,0.00014678997379045998,0.0342432767578719
5.574110392762035,-0.0003493333334406712,0.00014678997379045998,0.03423612485418325
5.57491106875724,-0.00021013196184144906,0.00014678997379045998,0.034229068267845886
5.575711751632799,-0.00031765642506657865,0.00014678997379045998,0.034222103562436115
5.576512441409227,0.0007286242639088711,0.00014678997379045998,0.03421522732479591
5.577313138107039,0.0009818051279620738,0.00014678997379045998,0.03420843616503312
5.578113841746752,-4.317509705140804e-05,0.00014678997379045998,0.03420172671652158
5.578914552348881,-0.0004859859951890158,0.00014678997379045998,0.03419509563590138
5.579715269933943,-0.0003595119251844914,0.00014678997379045998,0.03418853960307904
5.580515994522451,-0.0004032200885244683,0.00014678997379045998,0.0341820553212278
5.581316726134922,-0.0007288784363795806,0.00014678997379045998,0.03417889710759673
5.582117464791873,-0.0007512601551682846,0.00014678997379045998,0.03417198316155855
5.582918210513818,0.00043058389728049123,0.00014678997379045998,0.034166544857737915
5.583718963321274,0.0006187978516909859,0.00014678997379045998,0.03416004517076998
5.584519723234754,0.0005648201514847906,0.00014678997379045998,0.034153767977655784
5.5853204902747775,-0.0004477585108442206,0.00014678997379045998,0.0341476419785968
5.586121264461859,-0.0006760801459628415,0.00014678997379045998,0.034141666265650315
5.586922045816512,-0.0007166013240062358,0.00014678997379045998,0.034135640363518766
5.587722834359255,-0.0007906604907755854,0.00014678997379045998,0.034129570475771906
5.588523630110602,-0.0004436643752698463,0.00014678997379045998,0.034123462774307126
5.58932443309107,-0.00010637013742977736,0.00014678997379045998,0.03411732339934916
5.5901252433211726,-7.208230078353112e-05,0.00014678997379045998,0.03411124034630461
5.5909260608214275,-0.0008355445064036279,0.00014678997379045998,0.03410521678930261
5.591726885612349,-0.0016448460212477103,0.00014678997379045998,0.034099255891285526
5.592527717714455,-0.00015045612485885262,0.00014678997379045998,0.0340933608040088
5.593328557148259,0.0007297537461965625,0.00014678997379045998,0.03408753466804092
5.594129403934277,0.0012275471481413974,0.00014678997379045998,0.03408187721807753
5.594930258093026,0.001433924641570064,0.00014678997379045998,0.034076388147831344
5.595731119645021,0.0012250373002319348,0.00014678997379045998,0.034071067163996285
5.596531988610776,0.0010892833807442937,0.00014678997379045998,0.03406567399457561
5.597332865010809,0.0007548714095019296,0.00014678997379045998,0.034059431404607265
5.598133748865635,-0.0001776359852472542,0.00014678997379045998,0.03405324143596682
5.598934640195771,-0.0009290426140639088,0.00014678997379045998,0.03404758411602168
5.599735539021729,-0.0007976451523641695,0.00014678997379045998,0.03404681078292305
5.600536445364029,0.00020347186003769752,0.00014678997379045998,0.03404790101842573
5.601337359243184,0.0009433748826393196,0.00014678997379045998,0.034045157204453405
5.602138280679711,0.0004287463494314081,0.00014678997379045998,0.034041250843686977
5.602939209694124,-0.00010368176410942981,0.00014678997379045998,0.034036227737259964
5.603740146306941,-5.935468656349113e-05,0.00014678997379045998,0.034031043104246275
5.604541090538676,-0.00010349057863481836,0.00014678997379045998,0.03402506582858398
5.605342042409846,6.200417117338541e-06,0.00014678997379045998,0.034017002506869426
5.606143001940964,0.00041506034567518474,0.00014678997379045998,0.034010506021575536
5.60694396915255,0.0007322260590233234,0.00014678997379045998,0.03400642648921581
5.607744944065116,-0.00021738889012958007,0.00014678997379045998,0.033999758315618515
5.60854592669918,-0.0009303809346752276,0.00014678997379045998,0.03399237513700944
5.609346917075256,0.0001033642341131194,0.00014678997379045998,0.03398586660899104
5.610147915213862,0.0004435111450367679,0.00014678997379045998,0.03398026341910167
5.61094892113551,0.00036941480407418764,0.00014678997379045998,0.03397473087246771
5.611749934860718,0.00014150296237749882,0.00014678997379045998,0.033969269987473946
5.612550956410003,0.0004878920209008472,0.00014678997379045998,0.033964118110608475
5.613351985803879,0.0008264368290419946,0.00014678997379045998,0.0339592678541074
5.614153023062862,0.0008624076794976343,0.00014678997379045998,0.03395471187513689
5.614954068207467,-3.395268645706856e-05,0.00014678997379045998,0.033950442875793706
5.6157551212582115,-1.5647368246794746e-05,0.00014678997379045998,0.0339459785581919
5.616556182235609,0.0003658018828253534,0.00014678997379045998,0.03394137192748049
5.617357251160177,-0.00031573286697688524,0.00014678997379045998,0.03393663100336314
5.61815832805243,-0.0010492348047545508,0.00014678997379045998,0.03393310183783016
5.618959412932885,-0.00014483422500465026,0.00014678997379045998,0.0339315465759291
5.6197605058220566,0.00035329065044902713,0.00014678997379045998,0.03393077709886473
5.620561606740459,-0.00035597462270139935,0.00014678997379045998,0.03392654012416607
5.621362715708612,-9.267200220811761e-05,0.00014678997379045998,0.0339229250440175
5.622163832747028,0.0002931019532557977,0.00014678997379045998,0.03391991286640948
5.622964957876224,0.0003183057141435061,0.00014678997379045998,0.03391748472650753
5.623766091116717,0.00018011019630266578,0.00014678997379045998,0.033915621886653424
5.624567232489019,-0.0004481239250138172,0.00014678997379045998,0.033911241407941516
5.625368382013648,-0.0007723543644099565,0.00014678997379045998,0.03390698080360389
5.626169539711119,-0.0006609089771117335,0.00014678997379045998,0.033902839275624874
5.62697070560195,-0.0001933710871848751,0.00014678997379045998,0.033898735936427296
5.627771879706653,0.0006762479164187096,0.00014678997379045998,0.03389461500858857
5.628573062045748,0.0011324613584022605,0.00014678997379045998,0.033890480556796374
5.629374252639747,0.000909731114203588,0.00014678997379045998,0.03388620717548129
5.630175451509167,-0.0001489842814366496,0.00014678997379045998,0.03388178525456943
5.630976658674524,-0.00024198943110655818,0.00014678997379045998,0.03387720511702933
5.631777874156333,-4.846183724938058e-05,0.00014678997379045998,0.03387268981619172
5.6325790979751105,-0.00012243575855876848,0.00014678997379045998,0.033868237625920054
5.633380330151372,-0.0007013523283934189,0.00014678997379045998,0.03386384680950781
5.634181570705632,-0.00027595540861237444,0.00014678997379045998,0.03385951561967836
5.634982819658408,0.0003007539742294965,0.00014678997379045998,0.033855242298584935
5.635784077030215,-0.0002712728292300695,0.00014678997379045998,0.033851025077810376
5.636585342841569,-0.001311910988657912,0.00014678997379045998,0.033846862178367076
5.637386617112985,-0.0012122959133669467,0.00014678997379045998,0.03384275181069682
5.638187899864979,-0.0002555811317261347,0.00014678997379045998,0.03383869217467076
5.638989191118067,7.029243236744004e-05,0.00014678997379045998,0.033834647883340466
5.639790490892764,8.775256083060068e-05,0.00014678997379045998,0.033830783092490595
5.640591799209587,0.0003701674237311936,0.00014678997379045998,0.03382799249557032
5.641393116089049,0.0008010168308029628,0.00014678997379045998,0.033825525170851904
5.64219444155167,0.0005646062477442093,0.00014678997379045998,0.03382049304919682
5.642995775617962,-0.00032035814065443924,0.00014678997379045998,0.0338109044730532
5.643797118308442,-0.0008323290764661873,0.00014678997379045998,0.03380594025589183
5.644598469643626,-0.00010309704451361146,0.00014678997379045998,0.033801410687105335
5.645399829644028,-0.00013295501737711074,0.00014678997379045998,0.0337973772701038
5.646201198330168,-0.0004013462377402896,0.00014678997379045998,0.033793857514087075
5.647002575722556,0.00020133568256819334,0.00014678997379045998,0.033789285924976965
5.647803961841712,0.0007114630688297291,0.00014678997379045998,0.0337836252367273
5.648605356708149,-0.00010996855735084798,0.00014678997379045998,0.0337784363088645
5.649406760342385,-0.0008550548089839016,0.00014678997379045998,0.033773736825390914
5.650208172764934,-0.0008902602319774203,0.00014678997379045998,0.033769544576597074
5.651009593996313,-0.00033501716088157885,0.00014678997379045998,0.03376587745906287
5.651811024057036,5.0823160091161e-05,0.00014678997379045998,0.03376217020483052
5.652612462967619,0.00018198583123310574,0.00014678997379045998,0.03375842066629152
5.653413910748581,0.0006303102632197813,0.00014678997379045998,0.03375472341908664
5.6542153674204325,0.0012239301384710452,0.00014678997379045998,0.03375107281495308
5.655016833003693,0.0007880501777052448,0.00014678997379045998,0.033747463194853375
5.655818307518878,-0.0003274491195853907,0.00014678997379045998,0.03374388888897518
5.656619790986501,0.0003923921769583352,0.00014678997379045998,0.03373939886830937
5.657421283427079,0.0008282336135587223,0.00014678997379045998,0.03373274091149855
5.658222784861127,-0.00010701713964761383,0.00014678997379045998,0.03372767909070145
5.6590242953091625,1.835527997403469e-05,0.00014678997379045998,0.033723958523083915
5.6598258147916995,-3.478072110749131e-06,0.00014678997379045998,0.03372162103275548
5.660627343329255,-8.994248273649225e-05,0.00014678997379045998,0.033717669718390124
5.661428880942342,-0.0003045722546544047,0.00014678997379045998,0.03371204150482988
5.662230427651479,-0.0008545598419348738,0.00014678997379045998,0.03370838982675549
5.663031983477182,-0.0001194065301768979,0.00014678997379045998,0.03370574122638289
5.663833548439963,-8.010577508356376e-06,0.00014678997379045998,0.03370309666078997
5.664635122560343,-0.0003556944626719391,0.00014678997379045998,0.03370046051344213
5.665436705858833,-0.00012960465697291895,0.00014678997379045998,0.033697837153953025
5.666238298355952,-0.00022889720485052417,0.00014678997379045998,0.03369523093808459
5.667039900072213,-0.0005009889600878989,0.00014678997379045998,0.03369264620774694
5.667841511028135,-0.0007924473340233038,0.00014678997379045998,0.033690087290998344
5.668643131244229,-0.0009982781892812556,0.00014678997379045998,0.03368755850204519
5.6694447607410146,-0.0001724960432562192,0.00014678997379045998,0.03368444253454612
5.670246399539008,0.00027153241567710873,0.00014678997379045998,0.033681617144237105
5.67104804765872,0.0003960885512478904,0.00014678997379045998,0.033678274661742884
5.671849705120672,0.0006476967539389838,0.00014678997379045998,0.03367439283736574
5.672651371945377,0.0004539158690638617,0.00014678997379045998,0.03367076456734526
5.673453048153352,-4.886116254838868e-05,0.00014678997379045998,0.03366739565626127
5.6742547337651095,-0.0008252748266169355,0.00014678997379045998,0.03366429197596399
5.675056428801168,-0.0015695987912511325,0.00014678997379045998,0.03366145946557484
5.675858133282042,-0.001529655139340995,0.00014678997379045998,0.033658904131487116
5.676659847228248,-0.00019782380717738024,0.00014678997379045998,0.03365663204736668
5.677461570660302,0.0005237605450565189,0.00014678997379045998,0.03365464935415268
5.67826330359872,-5.673989469073132e-05,0.00014678997379045998,0.03365296226005829
5.679065046064015,-0.00025003265199314423,0.00014678997379045998,0.03365045774159127
5.679866798076706,-0.0005124601510838045,0.00014678997379045998,0.03365240131767127
5.680668559657305,-0.0006187232436401027,0.00014678997379045998,0.03365331199059762
5.681470330826333,-0.0008832535410172523,0.00014678997379045998,0.0336530214990375
5.682272111604301,-0.000821908878413144,0.00014678997379045998,0.03365285872431227
5.683073902011727,-0.0009640121162908244,0.00014678997379045998,0.03365135931179862
5.683875702069126,-0.0007621514262139278,0.00014678997379045998,0.033649943908941486
5.684677511797013,0.000298145016673336,0.00014678997379045998,0.0336486159563237
5.685479331215905,0.0001542659140622571,0.00014678997379045998,0.03364737890701528
5.686281160346318,-0.0004719926752964551,0.00014678997379045998,0.033645929544118235
5.687082999208766,-8.954584698699086e-05,0.00014678997379045998,0.033644260694377245
5.687884847823765,-0.0002254551525645715,0.00014678997379045998,0.03363963901251195
5.688686706211832,-0.00039959564303355954,0.00014678997379045998,0.03363564937944908
5.689488574393482,0.00018802495727020946,0.00014678997379045998,0.03363231714356146
5.69029045238923,0.0007002108163550874,0.00014678997379045998,0.03362966782417599
5.691092340219594,0.0007385708275934669,0.00014678997379045998,0.03362772711157552
5.691894237905087,0.00039874186543941564,0.00014678997379045998,0.03362652086700127
5.6926961454662255,0.00012998835017897364,0.00014678997379045998,0.03362534098653376
5.693498062923526,-0.0005704020608173696,0.00014678997379045998,0.03362418817611592
5.6942999902975036,-0.0010275409971657115,0.00014678997379045998,0.03362306313477804
5.6951019276086745,-0.0016788450926164336,0.00014678997379045998,0.033621966554638026
5.695903874877552,-0.0010952935058223048,0.00014678997379045998,0.03362089912090133
5.696705832124657,-0.0005572407632371199,0.00014678997379045998,0.03361986151186068
5.6975077993704994,-0.00045341388071671457,0.00014678997379045998,0.03361887198670006
5.698309776635599,-0.0008037616782680737,0.00014678997379045998,0.03361960440950335
5.699111763940469,-0.0006236282996451153,0.00014678997379045998,0.03362200074900433
5.699913761305627,-0.0008378848990956561,0.00014678997379045998,0.033624937037526226
5.7007157687515875,0.00033926460693222554,0.00014678997379045998,0.033626704715334
5.701517786298866,0.0005777928479598141,0.00014678997379045998,0.03362797691286647
5.70231981396798,0.00014451010141879744,0.00014678997379045998,0.03362682895182581
5.703121851779443,-0.0007418341376739176,0.00014678997379045998,0.033625680356286096
5.703923899753772,-3.967077487069398e-05,0.00014678997379045998,0.033624979064529846
5.704725957911482,0.000665635572903181,0.00014678997379045998,0.033624720469647436
5.705528026273089,0.0004197368690813802,0.00014678997379045998,0.033624047358532395
5.706330104859108,0.0005547753295239086,0.00014678997379045998,0.03361929128538712
5.7071321936900565,0.00023725166966378358,0.00014678997379045998,0.033615053820692395
5.70793429278645,0.00019315100360259296,0.00014678997379045998,0.033610924645485867
5.708736402168801,0.00022412203519017043,0.00014678997379045998,0.03360692265292359
5.709538521857629,0.0001331294728755955,0.00014678997379045998,0.033603066797202354
5.710340651873448,7.031206086442754e-05,0.00014678997379045998,0.033599376093560576
5.711142792236774,-0.0006283693676305963,0.00014678997379045998,0.03359586961827931
5.711944942968123,-0.0005013143327943573,0.00014678997379045998,0.03359256650868354
5.71274710408801,-0.0008295911264835157,0.00014678997379045998,0.033589649379006215
5.713549275616951,-0.001776104912658276,0.00014678997379045998,0.03358713169450238
5.714351457575461,-0.002173131184071246,0.00014678997379045998,0.033585331403086165
5.715153649984057,-0.0012156183130170028,0.00014678997379045998,0.03358366829529718
5.715955852863255,-0.00024311084107750403,0.00014678997379045998,0.03358214579415455
5.716758066233568,-0.00024151112876057146,0.00014678997379045998,0.03358076735194213
5.717560290115515,8.356106216779458e-06,0.00014678997379045998,0.03357953645020889
5.718362524529611,-0.0002764582086257905,0.00014678997379045998,0.03357845659976914
5.71916476949637,-0.0005697766758193806,0.00014678997379045998,0.03357753134070304
5.719967025036308,-0.0008235773897552964,0.00014678997379045998,0.033576354300615806
5.720769291169942,-0.0010815169646610154,0.00014678997379045998,0.03357491484011135
5.721571567917787,-0.0006785365574259808,0.00014678997379045998,0.03357338406305522
5.72237385530036,-8.50674219492753e-05,0.00014678997379045998,0.033571680671390776
5.723176153338174,9.764855790835025e-05,0.00014678997379045998,0.03356978968632643
5.723978462051746,0.0002220630921787245,0.00014678997379045998,0.033568582922903815
5.724780781461593,0.0007433585935771037,0.00014678997379045998,0.033568076122612533
5.725583111588229,0.000424791536933318,0.00014678997379045998,0.03356772669602413
5.72638545245217,-0.00012036537061741598,0.00014678997379045998,0.033567531335279725
5.727187804073932,-0.00032043743182633144,0.00014678997379045998,0.0335665510517426
5.72799016647403,-0.000477889476290988,0.00014678997379045998,0.0335656603672673
5.728792539672982,-0.0007668033776701347,0.00014678997379045998,0.03356485908829414
5.729594923691302,-0.0007154561370951926,0.00014678997379045998,0.033564147037414
5.730397318549504,-0.0005467426421973398,0.00014678997379045998,0.03356296553168217
5.731199724268106,-0.0006281061805756619,0.00014678997379045998,0.0335612950273502
5.732002140867625,-0.0008424230652065018,0.00014678997379045998,0.03355911586147065
5.732804568368573,-0.0012115196269565642,0.00014678997379045998,0.033556692867105394
5.733607006791469,-0.0013654613231857057,0.00014678997379045998,0.033555767013774156
5.734409456156826,-0.0007026848881228412,0.00014678997379045998,0.033555256217093155
5.735211916485162,-0.0005403611214178233,0.00014678997379045998,0.03355467341280459
5.736014387796992,-0.00010745286212105604,0.00014678997379045998,0.03355401266231698
5.73681687011283,-0.0005520658662025099,0.00014678997379045998,0.03355326800078322
5.737619363453193,-0.00111907301330446,0.00014678997379045998,0.03355243343710002
5.738421867838599,-0.0006304033629173367,0.00014678997379045998,0.03355150295390745
5.739224383289559,-0.00014771815509620478,0.00014678997379045998,0.033550977086118206
5.740026909826593,-0.0006415155315140086,0.00014678997379045998,0.03355294130784725
5.740416822930115,-0.00027958691705125965,0.00014678997379045998,0.033555428518229354
5.741216060563979,3.7515886247667385e-05,0.00014678997379045998,0.03355597133703533
5.742015302544095,0.0005453789646604965,0.00014678997379045998,0.033556342107116215
5.742814548863083,0.0002524005223049214,0.00014678997379045998,0.03355654410309977
5.743613799513564,-0.000126346957311875,0.00014678997379045998,0.03355658056450372
5.744413054488157,-0.0002285226224596551,0.00014678997379045998,0.03355645469573546
5.745212313779485,-0.00016180473469995516,0.00014678997379045998,0.03355616966609184
5.746011577380165,8.722038027083462e-05,0.00014678997379045998,0.03355572860975874
5.746810845282821,0.000541229429547048,0.00014678997379045998,0.033555134625810945
5.747610117480069,0.0008641531273898481,0.00014678997379045998,0.03355439077821165
5.7484093939645335,0.0009929999275958834,0.00014678997379045998,0.03355270708247351
5.749208674728832,0.0010645154125375547,0.00014678997379045998,0.03355005898883824
5.750007959765587,0.0007423297460697753,0.00014678997379045998,0.03354642172024366
5.750807249067417,0.00023320553767773589,0.00014678997379045998,0.03354211047438401
5.751606542626944,-0.0003595085451227331,0.00014678997379045998,0.03353843981983842
5.752405840436788,-0.0006117873936278204,0.00014678997379045998,0.033535137471821845
5.753205142489568,-0.0004275892422012789,0.00014678997379045998,0.03353220334572843
5.754004448777906,-0.00018406086361377055,0.00014678997379045998,0.03352963747418368
5.754803759294421,-0.0009276781892426089,0.00014678997379045998,0.03352744000704584
5.755603074031734,-0.0006358357774939732,0.00014678997379045998,0.033525611211406764
5.756402392982466,-0.00021009912979328554,0.00014678997379045998,0.03352415147159327
5.757201716139235,-0.00014678378687580512,0.00014678997379045998,0.033523061289168106
5.758001043494665,-0.0005907415887778308,0.00014678997379045998,0.03352234128293109
5.758800375041374,-7.504584065036457e-05,0.00014678997379045998,0.03352251031775715
5.759599710771982,0.00038988772400014304,0.00014678997379045998,0.03352326619653187
5.760399050679111,0.0005161696104605193,0.00014678997379045998,0.033525432125495844
5.76119839475538,0.0003899472102509363,0.00014678997379045998,0.033525693773696165
5.76199774299341,5.0755080146590303e-05,0.00014678997379045998,0.03352476235313081
5.762797095385821,8.382226920126967e-05,0.00014678997379045998,0.03352266602352517
5.763596451925234,0.00012693413166776912,0.00014678997379045998,0.033519553719461
5.764395812604268,0.00022748510039539982,0.00014678997379045998,0.033516190720849486
5.765195177415546,0.00021913594774324724,0.00014678997379045998,0.033512772560072165
5.765994546351685,0.00044754642005308265,0.00014678997379045998,0.03350929979988267
5.766793919405307,0.0005252826848810427,0.00014678997379045998,0.033505773002121333
5.767593296569034,0.0005212330264578596,0.00014678997379045998,0.03350219272771534
5.768392677835483,0.00027376823268634304,0.00014678997379045998,0.033498559536678615
5.769192063197277,0.0003199574136582978,0.00014678997379045998,0.03349487398811173
5.769991452647035,0.00041311972519754436,0.00014678997379045998,0.033491136640202056
5.770790846177378,0.0005926593428246252,0.00014678997379045998,0.03348734805022349
5.771590243780926,0.00037126622059662634,0.00014678997379045998,0.03348350877453665
5.772389645450299,-0.0001983212560506889,0.00014678997379045998,0.03347961936858879
5.773189051178119,-0.0004356847562971347,0.00014678997379045998,0.033475752738232216
5.773988460957005,-0.00045053768787674947,0.00014678997379045998,0.033471906871709305
5.774787874779578,-0.0006224090209342031,0.00014678997379045998,0.03346807977447051
5.775587292638456,-0.000733834494558161,0.00014678997379045998,0.033464269469174336
5.776386714526263,-0.0006516091771879839,0.00014678997379045998,0.03346047399568752
5.777186140435617,-0.0002999730619368257,0.00014678997379045998,0.03345757699956189
5.777985570359139,0.00015389945880484035,0.00014678997379045998,0.033454623835029534
5.778785004289449,0.00040906293082813155,0.00014678997379045998,0.03345160940809487
5.779584442219168,0.0005502330198666125,0.00014678997379045998,0.03344852861824528
5.7803838841409165,0.00040749028999843145,0.00014678997379045998,0.03344537635845106
5.781183330047314,3.233740539280994e-05,0.00014678997379045998,0.033442304684855186
5.781982779930982,-0.00020287082681871155,0.00014678997379045998,0.03343930290457494
5.782782233784539,-0.0005063715436205429,0.00014678997379045998,0.03343535133140789
5.783581691600607,-0.0006607166192682673,0.00014678997379045998,0.03343163487776765
5.784381153371807,-0.00027557474693572226,0.00014678997379045998,0.03342815040041089
5.785180619090757,1.9118827580093256e-05,0.00014678997379045998,0.03342489484264439
5.785980088750079,0.00010708654880800528,0.00014678997379045998,0.033421865234325734
5.786779562342392,8.868057368992266e-05,0.00014678997379045998,0.0334190586918641
5.787579039860319,0.00015934227819462687,0.00014678997379045998,0.033416472418220905
5.788378521296477,0.00019326951549126364,0.00014678997379045998,0.03341657380589208
5.789178006643489,0.0002553482244178548,0.00014678997379045998,0.03341150032269015
5.789977495893974,0.0002671930509875048,0.00014678997379045998,0.03340280852838045
5.790776989040552,0.00022890660795128054,0.00014678997379045998,0.0333954196340768
5.791576486075845,0.00023389998075071944,0.00014678997379045998,0.03338944637186068
5.7923759869924725,-0.0007385165290615114,0.00014678997379045998,0.0333840501411556
5.793175491783055,-0.0014350564170861266,0.00014678997379045998,0.03337928234423688
5.793975000440213,-0.001239368420128971,0.00014678997379045998,0.0333747128282459
5.794774512956565,-0.0010037771123380251,0.00014678997379045998,0.0333703133682719
5.795574029324733,-0.0010163789999779876,0.00014678997379045998,0.033366055802966976
5.796373549537338,-0.0007486131226830395,0.00014678997379045998,0.033364652611738585
5.7971730735869995,-0.00029014475547160107,0.00014678997379045998,0.03336072969667354
5.797972601466339,4.724540591036913e-05,0.00014678997379045998,0.03335689416958717
5.798772133167975,-0.00012856760159381253,0.00014678997379045998,0.03335271059459595
5.799571668684527,-0.00026353343524744555,0.00014678997379045998,0.033346460599791794
5.8003712080086185,9.539440408899702e-05,0.00014678997379045998,0.033340219079221536
5.801170751132869,9.499440853250052e-05,0.00014678997379045998,0.03333397690671546
5.8019702980498975,-0.00015408907305910352,0.00014678997379045998,0.033327724971470726
5.802769848752325,0.0005046352655886654,0.00014678997379045998,0.03332208431177021
5.803569403232772,0.000605964445138503,0.00014678997379045998,0.03331530658821951
5.804368961483859,0.00042711183582926776,0.00014678997379045998,0.033308649008153904
5.805168523498206,0.00028110822258126805,0.00014678997379045998,0.03330209741553076
5.8059680892684336,0.0002745004595227363,0.00014678997379045998,0.03329563770493934
5.8067676587871615,0.0002759266214093989,0.00014678997379045998,0.03328890131916817
5.807567232047011,0.00038394099279772526,0.00014678997379045998,0.03328188682388472
5.808366809040602,-0.00019799269178850942,0.00014678997379045998,0.033274592746592606
5.809166389760556,-0.00033951457710692384,0.00014678997379045998,0.0332636436520399
5.809965974199491,7.242165540176371e-05,0.00014678997379045998,0.03325553506685162
5.810765562350029,0.0001272504695081847,0.00014678997379045998,0.03324777540683391
5.81156515420479,-0.0005907926771595781,0.00014678997379045998,0.033240385196408706
5.812364749756394,-0.0012288809701686207,0.00014678997379045998,0.033233385076646686
5.8131643489974625,-0.0013371604982811217,0.00014678997379045998,0.03322620050530279
5.8139639519206145,-0.0011186235506538897,0.00014678997379045998,0.03321883167914564
5.814763558518472,-0.0010224099982247964,0.00014678997379045998,0.033211485480418745
5.815563168783653,-0.0006332818149756489,0.00014678997379045998,0.033204169230708055
5.81636278270878,3.567419074783362e-05,0.00014678997379045998,0.03319689027404955
5.817162400286472,-0.00019254426552657578,0.00014678997379045998,0.03318965597692962
5.81796202150935,-0.0005178957082629665,0.00014678997379045998,0.033182388917120276
5.818761646370034,-0.0003169566496375592,0.00014678997379045998,0.03317509356010142
5.819561274861146,-0.00020890166961690798,0.00014678997379045998,0.03316777437324372
5.820360906975304,-0.0008251017659399174,0.00014678997379045998,0.033160650494025376
5.821160542705129,0.0004076407147942593,0.00014678997379045998,0.0331537187819401
5.821960182043242,0.0006311116170274605,0.00014678997379045998,0.0331468760968992
5.8227598249822625,0.00045801664446008805,0.00014678997379045998,0.03314011593429803
5.823559471514812,0.0005851296453425539,0.00014678997379045998,0.033133431820937864
5.82435912163351,0.00034471635780728566,0.00014678997379045998,0.03312681731502592
5.825158775330977,0.0002122130498544289,0.00014678997379045998,0.03311960954917498
5.825958432599834,6.335373281187578e-05,0.00014678997379045998,0.03311182542095078
5.826758093432701,-0.00016308853790007044,0.00014678997379045998,0.033103438399233485
5.827557757822197,-0.0005130190745576621,0.00014678997379045998,0.03308990393746953
5.828357425760944,-0.00037712487114514165,0.00014678997379045998,0.03307399472236474
5.829157097241562,-0.0001270917001522237,0.00014678997379045998,0.033062893397951085
5.829956772256672,-0.0003753182743346378,0.00014678997379045998,0.03305290907550722
5.8307564507988925,-0.00044051148854765826,0.00014678997379045998,0.033044086877216515
5.831556132860845,-0.00036195774619966065,0.00014678997379045998,0.03303553002077346
5.83235581843515,-0.0003307565584328709,0.00014678997379045998,0.03302725149669977
5.833155507514428,-4.819362029055696e-05,0.00014678997379045998,0.03301851364459002
5.833955200091299,-7.771642608721263e-05,0.00014678997379045998,0.033009297457988314
5.834754896158383,-0.0005969754439790961,0.00014678997379045998,0.033000845484306096
5.8355545957083015,-0.0002503309099212356,0.00014678997379045998,0.03299407893189288
5.836354298733673,0.00033502756724940186,0.00014678997379045998,0.03298720352672102
5.83715400522712,0.0005046226000147702,0.00014678997379045998,0.03297999679535692
5.8379537151812615,0.00023624424361731733,0.00014678997379045998,0.0329724725263973
5.838753428588718,-0.0003541811006408449,0.00014678997379045998,0.032964644437625555
5.8395531454421095,-0.0007179703023275294,0.00014678997379045998,0.032956526176011455
5.840352865734057,-0.0005559444378084935,0.00014678997379045998,0.03294788653525354
5.841152589457182,-0.00044643452822662466,0.00014678997379045998,0.03293947892131555
5.841952316604102,-0.0004941086592674601,0.00014678997379045998,0.0329312816698011
5.84275204716744,-0.00032098044297303174,0.00014678997379045998,0.03292265549232394
5.843551781139815,-0.0002940771052761318,0.00014678997379045998,0.03291407612135371
5.8443515185138475,-0.0005133176097908976,0.00014678997379045998,0.03290655846642201
5.845151259282159,-0.0005673195012743729,0.00014678997379045998,0.03289969646196536
5.845951003437368,-0.0004794636058699786,0.00014678997379045998,0.0328911635510472
5.846750750972096,-0.0006780955150295295,0.00014678997379045998,0.03288054546026301
5.847550501878963,-0.0005174234606999811,0.00014678997379045998,0.032870235893964865
5.84835025615059,1.2944346281337782e-05,0.00014678997379045998,0.03286299321712262
5.849150013779596,-0.00018191066244539061,0.00014678997379045998,0.032854674843569735
5.849949774758603,-0.00032466100727286673,0.00014678997379045998,0.03284527930695654
5.85074953908023,-7.242712296514492e-05,0.00014678997379045998,0.03283480489288647
5.851549306737098,-0.00028165770729181305,0.00014678997379045998,0.03282324963891325
5.8523490777218266,-0.0006151412314946356,0.00014678997379045998,0.032813785095036054
5.853148852027037,-0.0011211871923652375,0.00014678997379045998,0.03280459278449452
5.853948629645351,-0.0010431612121808154,0.00014678997379045998,0.0327956641191641
5.854748410569385,-0.0007634984616521831,0.00014678997379045998,0.032786635561596555
5.855548194791763,-0.00014226050106652677,0.00014678997379045998,0.03277757693301364
5.856347982305104,8.953953547086863e-05,0.00014678997379045998,0.03276850022553022
5.857147773102029,0.00013638935364593263,0.00014678997379045998,0.03275928303408942
5.857947567175156,-5.14396995092703e-05,0.00014678997379045998,0.03275008205518264
5.858747364517109,0.00019737159596488335,0.00014678997379045998,0.03274089923921397
5.859547165120505,0.000442987518179401,0.00014678997379045998,0.03273173652650633
5.860346968977966,0.00017833909891544486,0.00014678997379045998,0.03272259584730142
5.861146776082114,0.000396044071733416,0.00014678997379045998,0.03271392732748955
5.8619465864255655,0.0009653971390343949,0.00014678997379045998,0.032707695123481956
5.862746400000943,0.0004774199610639643,0.00014678997379045998,0.032701702011922774
5.863546216800868,0.00024381602480399306,0.00014678997379045998,0.03269566767276175
5.864346036817959,-0.0001441530918214473,0.00014678997379045998,0.03269004668155177
5.865145860044836,-5.3893516576905554e-05,0.00014678997379045998,0.032683913931080895
5.865945686474122,0.00036459507235852423,0.00014678997379045998,0.032677286949146116
5.866745516098435,0.0004196785916235901,0.00014678997379045998,0.032670183149364825
5.8675453489103955,0.00025613251881459465,0.00014678997379045998,0.03266244671909363
5.8683451849026245,0.000290857067262576,0.00014678997379045998,0.03265408883183552
5.869145024067744,0.0004652496947236337,0.00014678997379045998,0.03264395904709483
5.86994486639837,0.0003943146097969974,0.00014678997379045998,0.03263493328920325
5.870744711887127,0.00024185748908851779,0.00014678997379045998,0.032625603853050605
5.871544560526633,-0.00020994750739602996,0.00014678997379045998,0.03261660911665577
5.87234441230951,-0.0009077328383774799,0.00014678997379045998,0.03260901480987754
5.873144267228378,-0.0008842537100922296,0.00014678997379045998,0.03260009268338295
5.873944125275856,-0.0011965047099186318,0.00014678997379045998,0.03259129381021548
5.874743986444566,-0.0008803023953329464,0.00014678997379045998,0.03258262089924277
5.8755438507271265,-0.000204680594900003,0.00014678997379045998,0.032574076667137075
5.87634371811616,-0.00010808029224415594,0.00014678997379045998,0.032565663838375364
5.8771435886042855,-0.00031489756576136285,0.00014678997379045998,0.032557385145239204
5.877943462184123,-0.00014042779721547965,0.00014678997379045998,0.03254924332781488
5.878743338848294,0.00025320348174127233,0.00014678997379045998,0.03254124113399339
5.879543218589419,0.0004091863599372178,0.00014678997379045998,0.03253338131947057
5.8803431014001175,0.0007094792215837087,0.00014678997379045998,0.032525666647746934
5.88114298727301,0.0007346353397622782,0.00014678997379045998,0.03251824202930991
5.881942876200717,0.0004659159243080857,0.00014678997379045998,0.032511098169649866
5.882742768175858,-7.739660399028181e-05,0.00014678997379045998,0.03250422581850852
5.883542663191055,7.63891332871483e-05,0.00014678997379045998,0.03249761576987898
5.884342561238928,0.0007536935903697528,0.00014678997379045998,0.0324912588620059
5.885142462312096,0.00012583397034299226,0.00014678997379045998,0.03248613799192403
5.885942366403182,-0.0004288564248900936,0.00014678997379045998,0.0324793395013532
5.886742273504803,-0.00010157873936194467,0.00014678997379045998,0.03247253847155651
5.887542183609582,0.0003047463076609122,0.00014678997379045998,0.03246573491885799
5.8883420967101365,0.0004298373314540263,0.00014678997379045998,0.032458928838674676
5.88914201279909,0.00042639887147227773,0.00014678997379045998,0.03245212020551651
5.889941931869061,0.00042694266948835324,0.00014678997379045998,0.032444761393177035
5.8907418539126715,0.00020527702005247034,0.00014678997379045998,0.03243787062297236
5.89154177892254,0.0002565829076877843,0.00014678997379045998,0.032431125014807466
5.892341706891287,0.000444068125484455,0.00014678997379045998,0.032424529656677144
5.893141637811535,0.00015381980260913142,0.00014678997379045998,0.03241808965200277
5.893941571675902,-0.0005111908817784019,0.00014678997379045998,0.032411810119632095
5.89474150847701,-0.00024922019455170946,0.00014678997379045998,0.03240569619383941
5.895541448207477,6.841879665787226e-05,0.00014678997379045998,0.032399753024325656
5.896341390859926,0.0002073828194636071,0.00014678997379045998,0.032393985776218354
5.8971413364269765,0.00037387689259395923,0.00014678997379045998,0.032388399630071764
5.897941284901248,0.00013176116791357995,0.00014678997379045998,0.03238207276017831
5.898741236275361,0.000206782662719604,0.00014678997379045998,0.03237576373891394
5.899541190541938,0.0003039534366036517,0.00014678997379045998,0.0323694726558679
5.900341147693596,-0.00018351005173356666,0.00014678997379045998,0.0323631995818019
5.9011411077229585,-0.0008647368981336834,0.00014678997379045998,0.03235694456864984
5.901941070622644,-0.0013815206971593622,0.00014678997379045998,0.03235070764951784
5.902741036385272,-0.0011913939508766645,0.00014678997379045998,0.03234448883868425
5.903541005003465,-0.0005095925426210346,0.00014678997379045998,0.03233828813159944
5.904340976469843,-0.0005839771922365525,0.00014678997379045998,0.032332830718079825
5.905140950777025,-0.000675454085941142,0.00014678997379045998,0.0323271823259612
5.905940927917634,0.00010552432094546038,0.00014678997379045998,0.03232108009797652
5.906740907884287,0.00027194915910966344,0.00014678997379045998,0.03231454014502153
5.907540890669605,-4.579778909392929e-06,0.00014678997379045998,0.03230553764032667
5.908340876266211,-0.00037092205575630505,0.00014678997379045998,0.03229868142383647
5.909140864666723,-0.0008194269147160926,0.00014678997379045998,0.03229353163386594
5.909940855863762,-0.00132539971044221,0.00014678997379045998,0.03228572709480567
5.910740849849948,-0.0010211282807658928,0.00014678997379045998,0.032279069279774524
5.9115408466179025,-0.0008593628165308592,0.00014678997379045998,0.03227297595292589
5.9123408461602445,-0.0008317479794332505,0.00014678997379045998,0.03226743285964795
5.913140848469595,-0.0004720463891438459,0.00014678997379045998,0.03226242585995085
5.913940853538575,-0.0004401680486785589,0.00014678997379045998,0.03225794092846704
5.914740861359803,-0.0003809268428898102,0.00014678997379045998,0.03225396415445186
5.915540871925901,-0.0005632962239005071,0.00014678997379045998,0.032250481741783785
5.916340885229489,-0.000716540908740404,0.00014678997379045998,0.032247480008964914
5.9171409012631875,-0.0005382552033843593,0.00014678997379045998,0.0322449453891212
5.917940920019616,-0.00025223935829346567,0.00014678997379045998,0.03224286443000305
5.9187409414913965,0.00010439267279402364,0.00014678997379045998,0.0322412237939856
5.919540965671147,-0.0007163411842071102,0.00014678997379045998,0.03223815908597376
5.920340992551489,-0.0004303254061483672,0.00014678997379045998,0.03223512456632725
5.921141022125044,2.024030807210725e-05,0.00014678997379045998,0.03223156481918207
5.9219410543844315,0.00014887168418938057,0.00014678997379045998,0.03222750210821367
5.922741089322271,0.00038330323366427693,0.00014678997379045998,0.03222295855935856
5.923541126931183,0.0006920068087087131,0.00014678997379045998,0.03221795616081367
5.92434116720379,0.00039808016768928117,0.00014678997379045998,0.03221251676303596
5.925141210132709,2.206181656372319e-05,0.00014678997379045998,0.03220750124178443
5.925941255710564,6.503304705526847e-05,0.00014678997379045998,0.03220116909656307
5.926741303929971,-0.00013232210923909415,0.00014678997379045998,0.03219532879595404
5.927541354783555,1.7419219959971532e-05,0.00014678997379045998,0.03219116359496322
5.928341408263934,-0.00033910457215145795,0.00014678997379045998,0.0321861588930249
5.9291414643637275,-0.00015983647889433739,0.00014678997379045998,0.03218138664329008
5.929941523075558,-0.00010705153317836641,0.00014678997379045998,0.03217843987003095
5.930741584392045,-6.424414759686331e-05,0.00014678997379045998,0.03217551917865755
5.931541648305808,-7.870044150991296e-05,0.00014678997379045998,0.03217218569681138
5.932341714809469,-1.7493938146116716e-05,0.00014678997379045998,0.0321684374775027
5.933141783895645,7.615311706236916e-05,0.00014678997379045998,0.032164272462950116
5.93394185555696,0.00018483772512292024,0.00014678997379045998,0.032159688484580395
5.934741929786034,1.547855625781691e-05,0.00014678997379045998,0.032154683263027985
5.935542006575486,-0.0001667461322744368,0.00014678997379045998,0.03214968356115401
5.936342085917936,8.630146556850432e-05,0.00014678997379045998,0.03214470178109028
5.937142167806005,-0.00019207450323524555,0.00014678997379045998,0.03213975031807933
5.937942252232315,-0.0007028011503059164,0.00014678997379045998,0.03213484156047431
5.938742339189484,0.0004873383091801853,0.00014678997379045998,0.032129987889738976
5.9395424286701335,0.0011177366885883541,0.00014678997379045998,0.032125201680447725
5.940342520666882,0.0009921705894790078,0.00014678997379045998,0.03212032604858009
5.941142615172353,0.0007293455417692885,0.00014678997379045998,0.03211536747738196
5.9419427121791655,0.00016767168930057613,0.00014678997379045998,0.03211042687548727
5.942742811679939,5.367448711610101e-05,0.00014678997379045998,0.032105507280462305
5.943542913667296,-2.209359638268016e-05,0.00014678997379045998,0.03210061170567439
5.944343018133853,-0.00024376434799006086,0.00014678997379045998,0.03209586920318003
5.945143125072235,-0.00042994908598156106,0.00014678997379045998,0.03209127826785769
5.945943234475058,2.415469295024425e-05,0.00014678997379045998,0.032086837401970006
5.946743346334946,0.00011373751196096932,0.00014678997379045998,0.032082545115163806
5.947543460644517,-0.0004551971537810687,0.00014678997379045998,0.03207839992447003
5.9483435773963915,-0.0008742893010151784,0.00014678997379045998,0.0320744003543038
5.949143696583192,9.114188283428082e-06,0.00014678997379045998,0.032070356630285686
5.949943818197537,0.00013015580949999467,0.00014678997379045998,0.03206632711251071
5.950743942232047,0.0001262658303721395,0.00014678997379045998,0.03206230606718699
5.9515440686793415,0.0004585150497433063,0.00014678997379045998,0.03205804260379836
5.952344197532044,0.00017866499099566252,0.00014678997379045998,0.03205379749006205
5.953144328782771,0.0002698399265635837,0.00014678997379045998,0.03204956441334444
5.953944462424145,0.00011881489609420759,0.00014678997379045998,0.032045337042058086
5.954744598448787,-0.0003687206139376467,0.00014678997379045998,0.03204207816146762
5.9555447368493155,-0.0005958622812313671,0.00014678997379045998,0.03203894032146717
5.956344877618352,-0.000558964236727813,0.00014678997379045998,0.03203592064644938
5.957145020748516,-0.0005189658479632514,0.00014678997379045998,0.03203301626470899
5.95794516623243,-0.0006805503405857213,0.00014678997379045998,0.032030224308442504
5.958745314062712,-0.0007676985657592006,0.00014678997379045998,0.03202754191374848
5.959545464231983,-0.0006743354016760517,0.00014678997379045998,0.032024966220627414
5.960345616732864,-0.0006653803539254585,0.00014678997379045998,0.0320221995937071
5.961145771557974,-0.0009074989289148336,0.00014678997379045998,0.03201922894415487
5.961945928699935,-0.0008516338753060369,0.00014678997379045998,0.03201719443546434
5.962746088151365,-7.431025604874575e-05,0.00014678997379045998,0.03201526734813345
5.963546249904888,0.00011057055999025289,0.00014678997379045998,0.032013445010769824
5.9643464139531215,-3.2980616570747745e-05,0.00014678997379045998,0.032011724756608226
5.965146580288687,0.00015663589689302038,0.00014678997379045998,0.03201010392351068
5.965946748904204,0.0002335699183871956,0.00014678997379045998,0.03200857985396642
5.966746919792294,-0.00032257853147026755,0.00014678997379045998,0.032006625225832024
5.967547092945576,-0.0005069622658099363,0.00014678997379045998,0.03200203433150248
5.9683472683566725,-0.00015303353343219805,0.00014678997379045998,0.0319978401073981
5.969147446018201,0.00014454104803586498,0.00014678997379045998,0.031995133186142555
5.969947625922783,0.00024063347640774363,0.00014678997379045998,0.031992876360911804
5.970747808063041,0.0002655409745566592,0.00014678997379045998,0.03199060413171625
5.971547992431591,0.00018121309187065643,0.00014678997379045998,0.03198832562297025
5.972348179021058,0.000601704534738727,0.00014678997379045998,0.031986169349386806
5.973148367824059,0.0006535286047396199,0.00014678997379045998,0.0319841401860387
5.973948558833217,0.0002992873308400035,0.00014678997379045998,0.03198224303014279
5.974748752041149,-0.00041872036091920167,0.00014678997379045998,0.031983342885192965
5.975548947440479,-0.0008840827306260853,0.00014678997379045998,0.03198404376576924
5.976349145023826,-0.0009397644815025384,0.00014678997379045998,0.031983690017563474
5.977149344783808,-0.0009418741584483435,0.00014678997379045998,0.031982326817900426
5.977949546713049,-0.0010318672151376045,0.00014678997379045998,0.03198118089180008
5.978749750804167,-0.0003119445682810834,0.00014678997379045998,0.03197990264391492
5.979549957049783,0.0002938004760220034,0.00014678997379045998,0.03197848263283599
5.980350165442518,0.0005991027831199411,0.00014678997379045998,0.0319769113703978
5.981150375974991,0.0005741273532280447,0.00014678997379045998,0.03197517932167813
5.981950588639824,0.00036837888645718103,0.00014678997379045998,0.031973318055284486
5.982750803429637,0.0002665179859598077,0.00014678997379045998,0.03197131648360612
5.983551020337049,0.00023754932758030672,0.00014678997379045998,0.0319691634825855
5.984351239354681,-6.727015371263412e-05,0.00014678997379045998,0.0319667552402184
5.985151460475154,-0.00037049159368710005,0.00014678997379045998,0.03196408384494531
5.985951683691088,-0.0006092360416646014,0.00014678997379045998,0.03196162085099242
5.986751908995104,-0.0003368527985513903,0.00014678997379045998,0.031959341223652384
5.98755213637982,0.0005838854509275446,0.00014678997379045998,0.03195776703964369
5.9883523658378595,0.0007767372617459578,0.00014678997379045998,0.03195367565328377
5.989152597361841,0.0007883835280061632,0.00014678997379045998,0.03195021617735121
5.989952830944385,0.0006512995230207527,0.00014678997379045998,0.031947701024179744
5.990753066578113,0.0006658751666121926,0.00014678997379045998,0.03194616398618204
5.991553304255643,0.0006876105044916897,0.00014678997379045998,0.03194466934951627
5.992353543969597,0.0005290195438629047,0.00014678997379045998,0.03194321770777256
5.993153785712597,0.00026457391574129935,0.00014678997379045998,0.0319418096580809
5.99395402947726,-0.00032074241313218704,0.00014678997379045998,0.031940445801111064
5.994754275256208,-9.933995500431558e-05,0.00014678997379045998,0.03193937406470003
5.9955545230420615,-1.7533003158827498e-05,0.00014678997379045998,0.03193858628655219
5.9963547728274404,-3.075956012372344e-05,0.00014678997379045998,0.031938074369880186
5.9971550246049645,3.1128830505842975e-05,0.00014678997379045998,0.031937321746128546
5.9979552783672565,-0.0005526447098003553,0.00014678997379045998,0.03193648228661363
5.998755534106935,-0.000790721489086238,0.00014678997379045998,0.03193556089701649
5.999555791816619,-0.00014286369242724056,0.00014678997379045998,0.031935532269142
6.000356051488931,0.00031356864589454636,0.00014678997379045998,0.031935206954223486
6.001156313116492,0.0003895954764824433,0.00014678997379045998,0.03193443481774164
6.00195657669192,0.00026860259408946485,0.00014678997379045998,0.03193353228751787
6.0027568422078375,0.0002406848255293373,0.00014678997379045998,0.03193250068471637
6.003557109656863,0.00022634851537934458,0.00014678997379045998,0.031931341293271034
6.0043573790316165,-0.00023425056957308843,0.00014678997379045998,0.03193021452043915
6.005157650324722,-0.00018972170959846713,0.00014678997379045998,0.03192911593187553
6.005957923528796,-0.00018361903728420642,0.00014678997379045998,0.03192803664090687
6.006758198636461,0.00031074060609075776,0.00014678997379045998,0.031926886815414245
6.0075584756403355,0.000631246955035622,0.00014678997379045998,0.031926603178102905
6.008358754533041,0.00011559565763103602,0.00014678997379045998,0.031925695468696134
6.009159035307198,-0.00017412268812316833,0.00014678997379045998,0.031924018225070405
6.009959317955428,-0.00017738604190523782,0.00014678997379045998,0.03192244403286973
6.010759602470349,0.00016541231374883614,0.00014678997379045998,0.03192095368754803
6.011559888844582,0.0007219742760093198,0.00014678997379045998,0.03191952801125934
6.012360177070748,0.0009301923366716106,0.00014678997379045998,0.03191725012221543
6.013160467141468,0.0006554688220850313,0.00014678997379045998,0.03191470969637463
6.01396075904936,0.0007457728229212368,0.00014678997379045998,0.03191189878533024
6.014761052787047,0.0009107871984393653,0.00014678997379045998,0.0319088093870039
6.015561348347148,0.00045385899778267735,0.00014678997379045998,0.03190543344564549
6.0163616457222835,-0.00013825460833917502,0.00014678997379045998,0.03189920453752024
6.017161944905074,-0.0003644207021314544,0.00014678997379045998,0.031893812083515126
6.01796224588814,-0.0004996430403218094,0.00014678997379045998,0.03189192346957761
6.018762548664101,-0.0004587703460903064,0.00014678997379045998,0.03188961792820168
6.019562853225578,-9.418835024738864e-05,0.00014678997379045998,0.03188678876810325
6.020363159565191,-1.1883537753942797e-05,0.00014678997379045998,0.03188430838797989
6.021163467675562,-0.00017931457342582058,0.00014678997379045998,0.03188219013293876
6.021963777549309,-0.0007257998685705376,0.00014678997379045998,0.03187951429273356
6.022764089179054,-0.0008263458421463137,0.00014678997379045998,0.03187626199744022
6.023564402557415,-0.0003350113622752615,0.00014678997379045998,0.031872414245883586
6.024364717677017,0.0002976096420764726,0.00014678997379045998,0.031865763578414814
6.025165034530476,0.0005376402247597237,0.00014678997379045998,0.031860560678570495
6.025965353110413,0.00022758654056665578,0.00014678997379045998,0.03185610028131426
6.02676567340945,0.0001851029212349281,0.00014678997379045998,0.03185176094022681
6.027565995420207,1.8143615461291285e-06,0.00014678997379045998,0.03184932626938825
6.028366319135303,1.4298332427012395e-06,0.00014678997379045998,0.031846776180346814
6.02916664454736,0.0004290357689979221,0.00014678997379045998,0.031844102739048356
6.029966971648998,0.00029575070878031656,0.00014678997379045998,0.03184129798833172
6.030767300432836,0.00019019081676902722,0.00014678997379045998,0.031837701311125975
6.031567630891495,-8.142894177034371e-05,0.00014678997379045998,0.0318362734852345
6.032367963017597,-0.0011008144435696622,0.00014678997379045998,0.0318339074987357
6.033168296803761,-0.0008265896210030953,0.00014678997379045998,0.031830934879263736
6.0339686322426065,-0.0008228053836979825,0.00014678997379045998,0.031827352921683726
6.034768969326755,-6.182811720741727e-05,0.00014678997379045998,0.03182352595265102
6.035569308048827,0.0003984577433478187,0.00014678997379045998,0.03182001139223644
6.036369648401442,0.0006171004559306775,0.00014678997379045998,0.0318167995633097
6.037169990377222,0.0003576672281472709,0.00014678997379045998,0.03181329176458919
6.037970333968785,0.00028882959240274925,0.00014678997379045998,0.03180949940052082
6.038770679168753,4.894716084717643e-06,0.00014678997379045998,0.03180543382354435
6.039571025969746,-0.00036615833508701207,0.00014678997379045998,0.031802746798930845
6.040371374364383,-0.0007810220226772448,0.00014678997379045998,0.03180052322926504
6.041171724345287,-0.001236059004247305,0.00014678997379045998,0.0317970947403626
6.041972075905077,-0.0008859022344403396,0.00014678997379045998,0.0317928513784676
6.042772429036373,7.05317086791557e-05,0.00014678997379045998,0.03178859398581034
6.043572783731796,0.00010256615718989143,0.00014678997379045998,0.03178432544080949
6.044373139983966,0.0004611772247047827,0.00014678997379045998,0.03178004862932193
6.045173497785503,0.0006280004546050655,0.00014678997379045998,0.031775766444642556
6.045973857129027,0.0006643773523015775,0.00014678997379045998,0.03177148178750457
6.046774218007161,0.0005090344520652171,0.00014678997379045998,0.031767197566079104
6.0475745804125225,0.0003813316780989992,0.00014678997379045998,0.03176291669597571
6.048374944337733,0.00012514553770066883,0.00014678997379045998,0.03175841976587981
6.049175309775412,0.00035681492794142206,0.00014678997379045998,0.03175375617125546
6.049975676718182,0.0007060730803661319,0.00014678997379045998,0.031748919154104306
6.050776045158661,0.000520731312377759,0.00014678997379045998,0.03174390192362361
6.051576415089471,0.00043576137003896454,0.00014678997379045998,0.031738697656206155
6.05237678650323,0.0003315399051767448,0.00014678997379045998,0.03173329949544032
6.053177159392561,0.0002205131533036045,0.00014678997379045998,0.031728380452240516
6.053977533750084,-5.741969189218543e-06,0.00014678997379045998,0.031723957214373766
6.0547779095684175,-0.00029811976196385953,0.00014678997379045998,0.03171957328128404
6.055578286840184,-0.00011893372599523083,0.00014678997379045998,0.03171522916808217
6.056378665558002,-0.00023066607543253265,0.00014678997379045998,0.031711033778611716
6.057179045714494,-0.00024386366630919226,0.00014678997379045998,0.03170698381947894
6.057979427302279,-0.0001525042235026794,0.00014678997379045998,0.031703385145100904
6.058779810313976,7.205610746072871e-05,0.00014678997379045998,0.03169968153373126
6.0595801947422085,0.0004323380033320959,0.00014678997379045998,0.03169587816313493
6.0603805805795945,0.00021887534607294146,0.00014678997379045998,0.03169343742657959
6.061180967818755,-1.535622446834084e-06,0.00014678997379045998,0.03169104280479384
6.061981356452311,0.0002105654336275048,0.00014678997379045998,0.03168793725896626
6.062781746472882,0.00048376872420130557,0.00014678997379045998,0.03168144099066707
6.063582137873088,-0.00015975664714756865,0.00014678997379045998,0.031675108759000675
6.064382530645551,-0.0003002238871216631,0.00014678997379045998,0.03166895406887753
6.065182924782889,-3.857340121998093e-05,0.00014678997379045998,0.03166299049208876
6.0659833202777245,0.0001580288168160915,0.00014678997379045998,0.031657231667306295
6.066783717122678,-3.778252781853897e-06,0.00014678997379045998,0.031651691300082926
6.067584115310367,0.0003403652471363136,0.00014678997379045998,0.031646383162852496
6.068384514833416,0.00047269353410309134,0.00014678997379045998,0.031641476227941494
6.069184915684441,0.00021465638776284324,0.00014678997379045998,0.03163608435813283
6.069985317856066,-0.00017150999752549995,0.00014678997379045998,0.03163019338216387
6.0707857213409095,-5.813196529132897e-05,0.00014678997379045998,0.03162442875665885
6.071586126131591,0.0001847114029866967,0.00014678997379045998,0.03161881552472498
6.072386532220734,0.00019163954963306862,0.00014678997379045998,0.03161242160946781
6.073186939600956,0.00026103036757069153,0.00014678997379045998,0.031605612414603815
6.073987348264878,0.0005539251225825104,0.00014678997379045998,0.03159933516708694
6.0747877582051215,0.00022862175059901874,0.00014678997379045998,0.03159315006030104
6.0755881694143055,-1.9266042598067856e-05,0.00014678997379045998,0.031585708950663594
6.07638858188505,8.310222293836378e-05,0.00014678997379045998,0.031578563942516125
6.077188995609977,0.00025861214859299736,0.00014678997379045998,0.031571137286021095
6.077989410581707,0.00020194519290996082,0.00014678997379045998,0.03156405800173716
6.078789826792859,0.00013015103883288331,0.00014678997379045998,0.03155734455866663
6.079590244236052,4.1850795471011504e-05,0.00014678997379045998,0.03155101552935008
6.08039066290391,0.00024861614383354935,0.00014678997379045998,0.031545089589866675
6.081191082789051,0.0001784841951473562,0.00014678997379045998,0.031538848006693376
6.081991503884097,-0.00011106158197451976,0.00014678997379045998,0.031532351064505845
6.082791926181665,-0.0004052436722316727,0.00014678997379045998,0.03152604318209403
6.083592349674379,-0.000463471586792788,0.00014678997379045998,0.03151993087414921
6.084392774354858,-0.0003035697048161881,0.00014678997379045998,0.03151423458163778
6.085193200215722,-0.0004039454157006711,0.00014678997379045998,0.031508953338293455
6.085993627249591,7.082844183110837e-06,0.00014678997379045998,0.031505929135174915
6.086794055449087,0.000175711336757714,0.00014678997379045998,0.03150154978652194
6.087594484806829,-0.00038784562042341875,0.00014678997379045998,0.03149641307933078
6.088394915315438,-0.0009345497141556511,0.00014678997379045998,0.03149125266816988
6.089195346967533,-0.0008427485141572488,0.00014678997379045998,0.0314856083657815
6.0899957797557365,-0.0003889839745273814,0.00014678997379045998,0.03147741929210538
6.090796213672667,-4.823198428255404e-05,0.00014678997379045998,0.031468790756288334
6.091596648710946,9.263787800570245e-05,0.00014678997379045998,0.03145999632349365
6.092397084863195,0.0003978799125484156,0.00014678997379045998,0.03145056816673346
6.093197522122031,0.0003708067799745446,0.00014678997379045998,0.03144143444417817
6.093997960480077,9.840625284836951e-05,0.00014678997379045998,0.0314326131717156
6.094798399929952,-0.00021146194869255813,0.00014678997379045998,0.03142418790076676
6.095598840464278,-0.00020888075662303315,0.00014678997379045998,0.03141617452818314
6.096399282075673,-0.0004119309902411092,0.00014678997379045998,0.031408589067887016
6.097199724756759,-0.00044013337426446544,0.00014678997379045998,0.031401447650871744
6.098000168500157,-0.00034224065716619706,0.00014678997379045998,0.031394766525201886
6.098800613298485,-7.169155837920271e-06,0.00014678997379045998,0.03138856205601333
6.099601059144366,-5.478923273620484e-05,0.00014678997379045998,0.03138221016225373
6.100401506030417,-0.0006048894899361307,0.00014678997379045998,0.0313746989401454
6.101201953949262,-0.0007346342273097835,0.00014678997379045998,0.03136871942635679
6.10200240289352,-0.0005929983417992425,0.00014678997379045998,0.0313628704402886
6.1028028528558105,-0.0004158630330687828,0.00014678997379045998,0.031357149264710914
6.103603303828756,6.477040501132875e-05,0.00014678997379045998,0.03135155321401892
6.104403755804974,0.000409509717395784,0.00014678997379045998,0.03134771426144244
6.105204208777086,0.0005729372561845344,0.00014678997379045998,0.03134374834085761
6.106004662737713,0.00025551095712865457,0.00014678997379045998,0.03133865439686777
6.1068051176794755,-5.322187677833656e-06,0.00014678997379045998,0.03133377493616579
6.107605573594992,0.00016240284715352687,0.00014678997379045998,0.03132867182607008
6.1084060304768855,5.883089690786325e-05,0.00014678997379045998,0.03132349747378857
6.109206488317774,-0.0004065441820547029,0.00014678997379045998,0.031318004820189045
6.110006947110279,-0.000547930851663464,0.00014678997379045998,0.031312189083971126
6.110807406847022,-0.000495005003186319,0.00014678997379045998,0.0313060454094487
6.111607867520621,-0.0003464153887163708,0.00014678997379045998,0.03129956886655017
6.1124083291236975,-0.00044376414942776804,0.00014678997379045998,0.031292754450818014
6.113208791648873,-0.0006041357380875134,0.00014678997379045998,0.03128456964244371
6.114009255088765,-0.0005417771396626601,0.00014678997379045998,0.03127794549149683
6.114809719435995,-0.0001318668581432765,0.00014678997379045998,0.031271268993570564
6.115610184683186,-0.00017292550287955136,0.00014678997379045998,0.03126454442316261
6.116410650822956,-0.00030392802852792153,0.00014678997379045998,0.03125777604558923
6.117211117847924,-0.0004011667308002585,0.00014678997379045998,0.03125110270415141
6.118011585750713,-0.0002364845322927571,0.00014678997379045998,0.031244523873179435
6.118812054523942,-0.00042209967986114524,0.00014678997379045998,0.031237954202785242
6.119612524160231,-0.00043172100167392785,0.00014678997379045998,0.031231396225233996
6.120412994652202,-0.0004249415419629865,0.00014678997379045998,0.03122498228481891
6.121213465992475,-0.0005996759122363533,0.00014678997379045998,0.03121871031719231
6.1220139381736685,-0.0001874037869942398,0.00014678997379045998,0.0312125782938208
6.122814411188404,0.00019537227626906586,0.00014678997379045998,0.03120658422198538
6.123614885029303,0.00010429119747263488,0.00014678997379045998,0.031200726144781386
6.124415359688985,-0.00032683643626803954,0.00014678997379045998,0.03119500214111863
6.125215835160069,-0.0005674407513229542,0.00014678997379045998,0.031189410325721315
6.126016311435177,-0.00045440069636127137,0.00014678997379045998,0.03118394884912821
6.126816788506929,-0.00021359983571682048,0.00014678997379045998,0.031178990280906
6.127617266367945,-0.0002625667689061806,0.00014678997379045998,0.031173104572570418
6.128417745010846,5.694904800709541e-05,0.00014678997379045998,0.03116721751160375
6.129218224428251,0.0001757394509259054,0.00014678997379045998,0.031162047296490903
6.130018704612782,6.826852487389762e-05,0.00014678997379045998,0.031156495148898945
6.130819185557059,5.950143777429251e-05,0.00014678997379045998,0.031150714102547702
6.131619667253702,-0.00013571474119994376,0.00014678997379045998,0.03114491479034532
6.132420149695331,-3.786487548823603e-05,0.00014678997379045998,0.031138350512278014
6.133220632874567,-3.094327749038339e-06,0.00014678997379045998,0.031131940548993372
6.134021116784029,-0.00017628015334676325,0.00014678997379045998,0.031125974806935977
6.13482160141634,-0.0002313777527348307,0.00014678997379045998,0.031120563760747497
6.135622086764117,-0.00010365555309512983,0.00014678997379045998,0.031114087365025585
6.136422572819985,0.00021188164991162856,0.00014678997379045998,0.03110650099998455
6.137223059576559,0.0003032923017884555,0.00014678997379045998,0.03109843167935338
6.138023547026464,0.000436949338834737,0.00014678997379045998,0.031092886040084027
6.138824035162316,0.0004585631443561715,0.00014678997379045998,0.031087682065458627
6.139624523976739,0.00024845584067703305,0.00014678997379045998,0.0310820338521241
6.140425013462351,-6.850782677370396e-05,0.00014678997379045998,0.03107592826439111
6.141225503611775,-0.00015731569939603576,0.00014678997379045998,0.03106935204856712
6.142025994417628,-0.00019713249156284515,0.00014678997379045998,0.031062291832956553
6.142826485872533,-0.00014349386314753063,0.00014678997379045998,0.031054734127860428
6.1436269779691095,-0.00015904784132063712,0.00014678997379045998,0.031046665325576418
6.144427470699976,-0.0004758521832958322,0.00014678997379045998,0.031038071700398705
6.1452279640577565,-0.000718106581427163,0.00014678997379045998,0.031029141578944777
6.146028458035068,-0.0006074003462352082,0.00014678997379045998,0.03101985383023287
6.146828952624534,-0.00034800039069889446,0.00014678997379045998,0.031011286324294028
6.1476294478187725,0.00018401376935477456,0.00014678997379045998,0.031003273042935483
6.148429943610404,0.0003677553092746484,0.00014678997379045998,0.030994440484827256
6.14923043999205,-3.813159001248359e-05,0.00014678997379045998,0.03098630951533533
6.1500309369563295,-0.0005830276466511214,0.00014678997379045998,0.030978895602564543
6.150831434495865,-0.0003431775167580392,0.00014678997379045998,0.030972951296477612
6.151631932603275,-0.0001710869734828542,0.00014678997379045998,0.030967223370364692
6.15243243127118,-0.0004246896285004312,0.00014678997379045998,0.030961745970434232
6.153232930492201,-0.0006887796730000971,0.00014678997379045998,0.03095568416810107
6.1540334302589565,-0.0007848782839501543,0.00014678997379045998,0.030949508594448137
6.154833930564069,-0.0005593463170381688,0.00014678997379045998,0.0309412628728393
6.155634431400159,-0.0003985569750869847,0.00014678997379045998,0.030930645226780285
6.156434932759846,-8.098868253477234e-05,0.00014678997379045998,0.030921875675668575
6.1572354346357505,0.0004097930397875607,0.00014678997379045998,0.03091333437239035
6.158035937020493,0.00013055349197207272,0.00014678997379045998,0.030905024129972272
6.158836439906694,-6.227435819767743e-05,0.00014678997379045998,0.030896895925714037
6.159636943286972,-5.222606441223146e-05,0.00014678997379045998,0.0308885542786581
6.16043744715395,-7.04120064646957e-05,0.00014678997379045998,0.03088001824821603
6.161237951500248,3.360535708707424e-06,0.00014678997379045998,0.030871627344314666
6.162038456318485,-0.00013318550553921907,0.00014678997379045998,0.03086338918381923
6.162838961601281,0.0001493002202536363,0.00014678997379045998,0.03085531142519266
6.163639467341258,0.0004553437194722981,0.00014678997379045998,0.03084740176849564
6.164439973531036,0.0004640407830681127,0.00014678997379045998,0.03083966795538662
6.165240480163235,0.0006625129384415195,0.00014678997379045998,0.030832104105124516
6.166040987230475,0.0003021013370872877,0.00014678997379045998,0.030824718527112802
6.166841494725377,0.00021511794400874695,0.00014678997379045998,0.030817563419331593
6.167642002640561,0.0003287970113304145,0.00014678997379045998,0.03081064561251773
6.168442510968648,0.0002129169413282589,0.00014678997379045998,0.03080397198657137
6.169243019702257,0.0004926847308087054,0.00014678997379045998,0.030797549470556025
6.17004352883401,0.00024037383253346437,0.00014678997379045998,0.03079128719565204
6.170844038356526,-0.00038767024157151594,0.00014678997379045998,0.030785188791606233
6.171644548262426,-0.00047197377206313965,0.00014678997379045998,0.030779477165135728
6.17244505854433,4.894972212531046e-05,0.00014678997379045998,0.0307740176570973
6.17324556919486,-0.0004316952497892511,0.00014678997379045998,0.030768801719844405
6.174046080206633,-0.0006928560488716415,0.00014678997379045998,0.030762981352503115
6.174846591572273,-0.0007265762121412139,0.00014678997379045998,0.03075800841573942
6.175647103284398,-0.0006161601873051134,0.00014678997379045998,0.030753853338675165
6.176447615335628,-0.0004117814112639777,0.00014678997379045998,0.030752599728568475
6.177248127718586,-0.000304863764906467,0.00014678997379045998,0.030751365491981045
6.1780486404258905,3.26317729228906e-05,0.00014678997379045998,0.030749560182909544
6.1788491534501615,5.943751494025609e-05,0.00014678997379045998,0.03074669817863395
6.1796496667840195,-8.01371893300179e-05,0.00014678997379045998,0.030743054920923996
6.180450180420086,-5.398380236633707e-05,0.00014678997379045998,0.030740266127346805
6.1812506943509815,-0.00014221326420664482,0.00014678997379045998,0.03073599859207142
6.182051208569325,-0.00036616590961087783,0.00014678997379045998,0.03073000678892194
6.182851723067737,-0.00027878962375616975,0.00014678997379045998,0.03072368150406553
6.183652237838839,-0.00020359058025404275,0.00014678997379045998,0.030718269663649794
6.18445275287525,0.000262966709198606,0.00014678997379045998,0.030712460918519126
6.185253268169591,0.0006222768288846083,0.00014678997379045998,0.030706268276725523
6.186053783714483,0.0007560425495464623,0.00014678997379045998,0.030701493387226206
6.186854299502545,0.0003343798843501167,0.00014678997379045998,0.03069648906528384
6.187654815526399,-9.138429380843929e-05,0.00014678997379045998,0.030691274284474282
6.188455331778663,-3.3859589066702334e-05,0.00014678997379045998,0.0306858548468702
6.1892558482519595,-0.00022756034461765204,0.00014678997379045998,0.03068023649654523
6.190056364938908,-0.00046468125102522295,0.00014678997379045998,0.03067442491957379
6.190856881832129,-0.0003381152987430823,0.00014678997379045998,0.03066842574403111
6.191657398924242,-0.00011342703212139163,0.00014678997379045998,0.030662244539993326
6.192457916207871,3.94973446518343e-05,0.00014678997379045998,0.030655886819537313
6.193258433675631,-0.00018974179326843726,0.00014678997379045998,0.030649358036740723
6.1940589513201445,-0.00019809389983186515,0.00014678997379045998,0.03064305386683045
6.194859469134034,-9.540210035512489e-05,0.00014678997379045998,0.03063740611133018
6.195659987109917,-0.00026147078040096583,0.00014678997379045998,0.030631120992561236
6.196460505240416,-0.0002336123473104454,0.00014678997379045998,0.030625259924857585
6.19726102351815,6.5943206252108e-05,0.00014678997379045998,0.03061980694857551
6.198061541935739,0.00013750346064746177,0.00014678997379045998,0.030614470930844982
6.198862060485805,-0.00036043805059791587,0.00014678997379045998,0.030608811536077366
6.199662579160967,-0.0007885073391249477,0.00014678997379045998,0.030602851487216566
6.200463097953846,-0.0005325736909627052,0.00014678997379045998,0.030596489763194935
6.201263616857061,-4.3766298195212217e-05,0.00014678997379045998,0.030590661090922462
6.202064135863235,-1.0526858798664412e-05,0.00014678997379045998,0.03058535112354279
6.202864654964987,-8.276984149590064e-05,0.00014678997379045998,0.03057702670640536
6.203665174154936,0.0002542150991692617,0.00014678997379045998,0.030568540924247392
6.204465693425704,0.000349250758536767,0.00014678997379045998,0.030560695554507203
6.205266212769911,0.00018342484140343798,0.00014678997379045998,0.03055406913050781
6.206066732180178,1.652219517283421e-05,0.00014678997379045998,0.030547478710618584
6.206867251649124,-0.0001734729304598559,0.00014678997379045998,0.030540923147567057
6.207667771169369,-0.0002692411374555226,0.00014678997379045998,0.03053440128484658
6.208468290733535,-0.00021045573007897125,0.00014678997379045998,0.030527911956716346
6.209268810334243,-3.3600274650501943e-05,0.00014678997379045998,0.03052145398820138
6.21006932996411,0.00012031014289011141,0.00014678997379045998,0.030514983575263506
6.21086984961576,-9.124381110896598e-05,0.00014678997379045998,0.030508498044546938
6.211670369281811,0.0001582817124073689,0.00014678997379045998,0.03050199470314756
6.2124708889548845,0.00036218670268565664,0.00014678997379045998,0.03049556679884602
6.2132714086276,0.00014773069652529447,0.00014678997379045998,0.030489214931720573
6.214071928292579,0.0003095406268659208,0.00014678997379045998,0.03048244305545571
6.214872447942441,0.00010608459795293651,0.00014678997379045998,0.030475234532039062
6.215672967569806,-6.761279662495512e-05,0.00014678997379045998,0.030467350406126345
6.2164734871672955,-9.219798405058627e-05,0.00014678997379045998,0.03046022034552588
6.217274006727529,-0.00035046062006716464,0.00014678997379045998,0.030454060913868174
6.218074526243128,-0.0006851643581230991,0.00014678997379045998,0.030447966569660413
6.218875045706711,-0.0006673295900426965,0.00014678997379045998,0.030441937514591146
6.2196755651109,-0.000455541209930313,0.00014678997379045998,0.030436400932822984
6.220476084448314,-0.0004965486024087647,0.00014678997379045998,0.030431826648363153
6.2212766037115745,-0.0004554015050377176,0.00014678997379045998,0.030428602456811272
6.222077122893301,-0.00018150719584441796,0.00014678997379045998,0.03042516598270147
6.222877641986115,0.00019273189166312335,0.00014678997379045998,0.030421268474964635
6.223678160982636,0.0002821529016253099,0.00014678997379045998,0.030416908398520577
6.224478679875484,0.0002137759184756942,0.00014678997379045998,0.030412084110949474
6.225279198657281,1.9497865377849505e-05,0.00014678997379045998,0.03040732056044843
6.226079717320645,1.6938135869927484e-05,0.00014678997379045998,0.03040248523872623
6.226880235858198,-3.818810198912004e-05,0.00014678997379045998,0.030397589425845452
6.22768075426256,-4.3545998319374085e-05,0.00014678997379045998,0.03039163994040533
6.228481272526351,6.644119281444538e-05,0.00014678997379045998,0.030385814488558312
6.229281790642192,0.0005596268760736101,0.00014678997379045998,0.030380221014955203
6.230082308602703,0.0003354429133435484,0.00014678997379045998,0.030374565436660707
6.230882826400504,-0.00019532040394880726,0.00014678997379045998,0.03036885785377841
6.231683344028216,-0.0003092533773602739,0.00014678997379045998,0.0303631083436983
6.2324838614784595,-0.00021457791804866885,0.00014678997379045998,0.030357162116664706
6.233284378743854,-0.00016075358333936945,0.00014678997379045998,0.030351480713131828
6.23408489581702,-0.00018921189487210513,0.00014678997379045998,0.03034605677795939
6.234885412690579,1.9104870670597074e-05,0.00014678997379045998,0.030340967170719525
6.23568592935715,0.00025689943529776105,0.00014678997379045998,0.03033523181034526
6.236486445809354,0.00048472299644950617,0.00014678997379045998,0.030330316144362345
6.237286962039811,0.0007856552011935754,0.00014678997379045998,0.030326230081292423
6.238087478041142,0.0002803617251067661,0.00014678997379045998,0.030322248928093386
6.238887993805966,-0.00030761860976318695,0.00014678997379045998,0.0303161751002984
6.239688509326905,-0.00045113847598654555,0.00014678997379045998,0.030310087316591832
6.240489024596578,-0.0005430635395425078,0.00014678997379045998,0.030305107581698403
6.241289539607607,-0.0003612602552521514,0.00014678997379045998,0.030300015316626207
6.2420900543526106,-0.00035230032669393563,0.00014678997379045998,0.030295564820950915
6.242890568824211,-0.00048008665184557514,0.00014678997379045998,0.03028965028517383
6.243691083015026,-0.0003996968983666291,0.00014678997379045998,0.030283794571991124
6.244491596917679,-0.00034577368023392535,0.00014678997379045998,0.03027799741361541
6.245292110524787,-0.0002782341058892475,0.00014678997379045998,0.03027225854536125
6.246092623828973,-0.00022716505473240403,0.00014678997379045998,0.030266577705645215
6.246893136822857,-0.0002336786025595415,0.00014678997379045998,0.03026095463598583
6.247693649499058,-0.00023989894674773804,0.00014678997379045998,0.030255389081003576
6.248494161850198,-0.00028691947699681364,0.00014678997379045998,0.030249880788420898
6.249294673868897,-2.513160719446947e-05,0.00014678997379045998,0.03024442950906223
6.2500951855477735,-0.00018234577402656202,0.00014678997379045998,0.03023922196385998
6.25089569687945,-0.0003386952275857835,0.00014678997379045998,0.030234251279480862
6.251696207856546,-0.0002561215320988769,0.00014678997379045998,0.030229510632558906
6.252496718471682,-0.00024516169828830287,0.00014678997379045998,0.03022449204026234
6.253297228717479,6.020380823547333e-05,0.00014678997379045998,0.030219362480293117
6.254097738586556,0.0003706688136824246,0.00014678997379045998,0.03021412739822558
6.254898248071535,-0.0001351816603069149,0.00014678997379045998,0.030208724726890904
6.255698757165035,-4.182250132388557e-05,0.00014678997379045998,0.03020337907598343
6.256499265859676,0.00026368273706703013,0.00014678997379045998,0.030198085564168958
6.2572997741480805,0.0004833356917767484,0.00014678997379045998,0.03019283931274525
6.258100282022867,0.00032917591508380833,0.00014678997379045998,0.0301876354456418
6.258900789476655,5.706648072600212e-06,0.00014678997379045998,0.03018246908942004
6.259701296502069,-0.0003111609120411002,0.00014678997379045998,0.03017607883318103
6.260501803091725,-0.0005526831659477538,0.00014678997379045998,0.03017030477232881
6.2613023092382445,-0.00022637348185602577,0.00014678997379045998,0.030164829581526515
6.262102814934249,0.00016845109754706766,0.00014678997379045998,0.03015965859251437
6.2629033201723585,7.096009813119253e-05,0.00014678997379045998,0.030154797211763774
6.263703824945192,-0.00031033030757039726,0.00014678997379045998,0.03014968372724714
6.264504329245372,-0.000480983512346541,0.00014678997379045998,0.03014480948583217
6.2653048330655166,-0.00019118569536284713,0.00014678997379045998,0.030140715318740113
6.2661053363982475,3.7733968591361494e-05,0.00014678997379045998,0.030135921829960298
6.266905839236186,3.502764064850644e-05,0.00014678997379045998,0.03013047178946377
6.26770634157195,0.000183616204726747,0.00014678997379045998,0.030123978479913677
6.268506843398161,0.00018035979475563776,0.00014678997379045998,0.0301184164679379
6.269307344707441,0.0001687355458130091,0.00014678997379045998,0.030113575653712102
6.270107845492407,0.0002097266785385278,0.00014678997379045998,0.030109150927587057
6.270908345745682,-0.0002165464826111886,0.00014678997379045998,0.030104386396278483
6.271708845459886,-0.00039342422495745877,0.00014678997379045998,0.03009929653746725
6.27250934462764,-0.00040366969847978676,0.00014678997379045998,0.030094179475734912
6.273309843241562,-2.5327724684134217e-05,0.00014678997379045998,0.030089062971694266
6.274110341294273,0.00021025546017574073,0.00014678997379045998,0.03008395042005053
6.274910838778395,2.4006474967891434e-05,0.00014678997379045998,0.030078845206495407
6.275711335686548,-0.0001350815360588592,0.00014678997379045998,0.030073750707706907
6.276511832011351,-0.00016217700978915853,0.00014678997379045998,0.030068670291349717
6.277312327745425,-7.119881763268526e-05,0.00014678997379045998,0.030063551195384078
6.278112822881391,-0.00024346921385011086,0.00014678997379045998,0.030058394820780376
6.278913317411868,-7.303286622534905e-05,0.00014678997379045998,0.03005320254591546
6.279713811329477,0.00011492656595644968,0.00014678997379045998,0.030047975726572772
6.280514304626839,-5.167950740912752e-05,0.00014678997379045998,0.030042715695942253
6.281314797296574,0.0002677558302925549,0.00014678997379045998,0.030037485547705887
6.282115289331302,-0.00010206027768060871,0.00014678997379045998,0.03003228437884739
6.282915780723644,1.2702715817051319e-05,0.00014678997379045998,0.03002711127924447
6.283716271466219,0.00011125041969739166,0.00014678997379045998,0.0300219653316687
6.28451676155165,0.00021334817928483213,0.00014678997379045998,0.03001673337013469
6.285317250972555,0.00040539657775565813,0.00014678997379045998,0.03001141056586775
6.286117739721555,0.0002174574409304457,0.00014678997379045998,0.030005671913796092
6.286918227791269,-0.000358836463551504,0.00014678997379045998,0.030000062814210707
6.28771871517432,-0.00023919293331444574,0.00014678997379045998,0.029994586635673923
6.288519201863327,-2.5693533318518064e-05,0.00014678997379045998,0.029987726330930074
6.289319687850911,-0.0005501714234515016,0.00014678997379045998,0.029980656052024303
6.290120173129691,-0.0011149953014012864,0.00014678997379045998,0.029974440986778976
6.290920657692289,-0.0011440268196532613,0.00014678997379045998,0.029969609913214377
6.2917211415313234,-0.0010596943294078967,0.00014678997379045998,0.02996464736570913
6.2925216246394164,-0.0008782559447837457,0.00014678997379045998,0.0299595631019202
6.293322107009187,-0.0006943767139723361,0.00014678997379045998,0.029954366841071424
6.2941225886332575,-0.0008702975728426508,0.00014678997379045998,0.029949269542289544
6.294923069504247,-0.0006014977435520596,0.00014678997379045998,0.029944273709949655
6.295723549614775,-0.0002758653199162499,0.00014678997379045998,0.02993939129453008
6.296524028957462,-0.00020770356221114922,0.00014678997379045998,0.029934463816829193
6.297324507524929,-0.000378530129059175,0.00014678997379045998,0.029929611582839022
6.298124985309798,-0.00012851361259272678,0.00014678997379045998,0.029924835491706707
6.298925462304687,-0.00022622671862284477,0.00014678997379045998,0.029920136448015385
6.299725938502217,-0.0004960800804129778,0.00014678997379045998,0.02991551536178428
6.300526413895008,-0.00045714722996276214,0.00014678997379045998,0.029910829632362648
6.301326888475682,-0.00012401544819225924,0.00014678997379045998,0.02990607519739988
6.302127362236857,0.00021559713726030522,0.00014678997379045998,0.02990124796525506
6.302927835171156,0.00016030244364192633,0.00014678997379045998,0.029896343814996888
6.3037283072711965,-0.0001118697389769982,0.00014678997379045998,0.029891358596403832
6.3045287785296,-4.7208244123683046e-05,0.00014678997379045998,0.02988628812996412
6.305329248938988,0.00023322124879484804,0.00014678997379045998,0.02988191392354113
6.30612971849198,0.00027545834249857043,0.00014678997379045998,0.029877687552950834
6.306930187181196,0.00039580535808838094,0.00014678997379045998,0.029873609629790198
6.307730654999257,-0.00020527837686279762,0.00014678997379045998,0.02986968078854845
6.308531121938783,-0.00033030949298476844,0.00014678997379045998,0.02986590168660721
6.309331587992394,-0.00020997026225691787,0.00014678997379045998,0.02986227300424036
6.310132053152711,0.00020566137898852394,0.00014678997379045998,0.029858726039816846
6.310932517412354,0.0002444269420566851,0.00014678997379045998,0.029855426751018176
6.311732980763944,-0.00045342612554656256,0.00014678997379045998,0.02985236751495469
6.3125334432001,1.6791836994836662e-05,0.00014678997379045998,0.029849169985991398
6.313333904713444,0.00019983277186028797,0.00014678997379045998,0.029845824239262905
6.314134365296595,0.00018003249851493083,0.00014678997379045998,0.029840251381369264
6.314934824942174,-8.679330578492683e-05,0.00014678997379045998,0.02983603103254349
6.315735283642801,-0.0003502580761975613,0.00014678997379045998,0.029832639514188346
6.316535741391097,-0.0003286737990637299,0.00014678997379045998,0.02982906324600795
6.3173361981796825,-0.00021677062813217282,0.00014678997379045998,0.029825476503348283
6.318136654001177,-0.00011724407688301283,0.00014678997379045998,0.029822000810663232
6.3189371088482,0.00012322697256006432,0.00014678997379045998,0.02981863739476827
6.3197375627133745,0.0002960341942022625,0.00014678997379045998,0.029815387503313213
6.320538015589319,0.0001285007968624824,0.00014678997379045998,0.029812252404782073
6.321338467468654,3.564103291368165e-05,0.00014678997379045998,0.029809368007509253
6.322138918344,5.125382316566868e-05,0.00014678997379045998,0.02980673084757792
6.322939368207978,7.659976402683497e-05,0.00014678997379045998,0.029804270353515197
6.323739817053207,5.2351917443241996e-05,0.00014678997379045998,0.029801980795767145
6.324540264872309,3.6717502115576894e-05,0.00014678997379045998,0.02979985648311627
6.325340711657904,0.00011173444394534798,0.00014678997379045998,0.029798080687426357
6.326141157402611,4.260099442313439e-05,0.00014678997379045998,0.029796604407514426
6.326941602099051,0.000249665259730851,0.00014678997379045998,0.029795828278199255
6.3277420457398454,0.00034183601829881893,0.00014678997379045998,0.029795513524555103
6.328542488317614,0.000312541295986523,0.00014678997379045998,0.029794277580188787
6.329342929824977,5.33398344999339e-05,0.00014678997379045998,0.0297920956842531
6.330143370254554,3.107779462499169e-05,0.00014678997379045998,0.029789945613924396
6.330943809598966,1.2496674665851693e-05,0.00014678997379045998,0.029787818433337835
6.331744247850833,0.00010133369981019102,0.00014678997379045998,0.029785575481027532
6.332544685002777,0.0003812406835473417,0.00014678997379045998,0.029781519443034195
6.333345121047415,-0.00023790037972324166,0.00014678997379045998,0.02977747579968115
6.334145555977372,-0.0004155635697083958,0.00014678997379045998,0.029774488061203423
6.334945989785265,-0.0006741512993426527,0.00014678997379045998,0.029771245588123284
6.335746422463715,-6.857908215341518e-05,0.00014678997379045998,0.02976818730389341
6.336546854005342,0.0005244475365913347,0.00014678997379045998,0.029765287538618644
6.337347284402768,0.0008519974985927124,0.00014678997379045998,0.02976236114451507
6.338147713648612,0.0004171911106106707,0.00014678997379045998,0.029759412616119463
6.338948141735495,-2.2469582261812338e-05,0.00014678997379045998,0.029756709158277484
6.339748568656035,0.00015481073488287506,0.00014678997379045998,0.02975424596403941
6.340548994402857,0.00023489840181215374,0.00014678997379045998,0.029752018299786194
6.341349418968576,-7.562810282649157e-05,0.00014678997379045998,0.029750546908712643
6.342149842345817,0.00015940352553587417,0.00014678997379045998,0.029749808571063078
6.3429502645271985,0.0005811037300494648,0.00014678997379045998,0.029749801943549658
6.3437506855053405,0.00044432240232403566,0.00014678997379045998,0.029748353697912445
6.344551105272863,0.00018514758170632903,0.00014678997379045998,0.02974683260801807
6.345351523822387,0.0007564230732578815,0.00014678997379045998,0.029745105155562702
6.346151941146533,0.0007566730931014287,0.00014678997379045998,0.029743336437179822
6.346952357237922,0.00023944260568421402,0.00014678997379045998,0.02974153098718664
6.347752772089173,0.00043034550602925187,0.00014678997379045998,0.029739689836861788
6.348553185692907,0.00036604471995437676,0.00014678997379045998,0.029737679583475802
6.349353598041743,0.0002549047252869696,0.00014678997379045998,0.02973535524976726
6.350154009128305,5.681829486838333e-05,0.00014678997379045998,0.029732718210770965
6.350954418945209,-0.0005380012749581567,0.00014678997379045998,0.029729769783968376
6.351754827485078,-0.000623068745370766,0.00014678997379045998,0.029727319848783802
6.3525552347405325,-0.0002887325110537964,0.00014678997379045998,0.029725340930784973
6.353355640704192,-0.0003469742656727684,0.00014678997379045998,0.02972380570070895
6.354156045368675,-0.00044566144112233655,0.00014678997379045998,0.02972136728600886
6.354956448726606,-0.00042264196258651535,0.00014678997379045998,0.029718287324461485
6.355756850770602,-0.0005453100602389252,0.00014678997379045998,0.029715964869208144
6.356557251493284,-0.0002648692456194701,0.00014678997379045998,0.02971351391425696
6.357357650887274,-0.00013678117289904826,0.00014678997379045998,0.029710198710724438
6.3581580489451905,0.0004980146772520198,0.00014678997379045998,0.029707113414161598
6.358958445659655,0.00048806175627938084,0.00014678997379045998,0.029704133943480218
6.359758841023287,2.2896198246386e-06,0.00014678997379045998,0.029701066626454834
6.360559235028708,-0.00017271742118675146,0.00014678997379045998,0.029697916897174343
6.361359627668537,6.573480217227437e-05,0.00014678997379045998,0.02969589824174367
6.362160018935396,0.00018439515796161987,0.00014678997379045998,0.029692405079669294
6.362960408821903,0.0001845049246100433,0.00014678997379045998,0.029688791125403242
6.36376079732068,9.229995551338424e-05,0.00014678997379045998,0.029684978644682048
6.364561184424348,5.528891326951613e-05,0.00014678997379045998,0.029680965907972416
6.3653615701255255,-0.00040676059795460157,0.00014678997379045998,0.029676751156168493
6.366161954416834,-0.0003487683967092793,0.00014678997379045998,0.02967314265898006
6.366962337290894,0.00015486221490526586,0.00014678997379045998,0.029670119941618365
6.367762718740325,0.000545800718541746,0.00014678997379045998,0.02966766270155237
6.368563098757748,0.0007887535108696414,0.00014678997379045998,0.029664385594716527
6.369363477335783,0.0007227445450246513,0.00014678997379045998,0.02965992305168878
6.370163854467051,0.00042982562603808075,0.00014678997379045998,0.02965539629935349
6.370964230144171,0.0004904370207948865,0.00014678997379045998,0.029650809066250464
6.3717646043597655,0.0007890142059532035,0.00014678997379045998,0.029646165082626696
6.372564977106453,0.0006136643246073582,0.00014678997379045998,0.029641707849303877
6.373365348376855,0.00038760287421808065,0.00014678997379045998,0.02963722320659142
6.3741657181635905,0.00043742639434199773,0.00014678997379045998,0.029632699176391775
6.374966086459282,0.00021057278521256426,0.00014678997379045998,0.029627465009385526
6.375766453256548,-9.212948380205727e-06,0.00014678997379045998,0.029624370935975343
6.376566818548009,-0.00021195260699463647,0.00014678997379045998,0.029621004974712498
6.377367182326286,-0.0004241677291993151,0.00014678997379045998,0.02961647957926247
6.378167544583999,-0.0005348694773052304,0.00014678997379045998,0.029610821954672396
6.378967905313768,-0.0006375481448010444,0.00014678997379045998,0.02960433474390801
6.379768264508216,-0.0002109006691102082,0.00014678997379045998,0.029598268607129368
6.380568622159959,8.276000341318757e-05,0.00014678997379045998,0.0295926314036128
6.381368978261621,-0.0003414200747784493,0.00014678997379045998,0.02958784586872167
6.3821693328058196,-0.0006265049607876404,0.00014678997379045998,0.02958260453506325
6.382969685785178,-0.00022165132585960992,0.00014678997379045998,0.02957691326377152
6.383770037192314,-2.038774136087565e-05,0.00014678997379045998,0.029570777826973607
6.38457038701985,-0.0001647482710272312,0.00014678997379045998,0.029564203907790004
6.385370735260404,-0.0003311287686622033,0.00014678997379045998,0.02955744918472894
6.386171081906599,-0.00031150002635639204,0.00014678997379045998,0.029550510222902764
6.386971426951053,-9.606463927163203e-05,0.00014678997379045998,0.029543437325752972
6.387771770386387,8.168737145928043e-05,0.00014678997379045998,0.029536643452362593
6.388572112205224,0.00015224473092750532,0.00014678997379045998,0.029530141365017467
6.38937245240018,9.081244518768447e-05,0.00014678997379045998,0.029523611979083163
6.390172790963878,7.302485327184693e-05,0.00014678997379045998,0.02951705670658985
6.390973127888939,0.0002539724869733799,0.00014678997379045998,0.0295104769667648
6.391773463167981,0.0002801906200367056,0.00014678997379045998,0.02950387418603241
6.392573796793626,0.00015325255538321467,0.00014678997379045998,0.029497249798014203
6.393374128758494,0.0003022192459683007,0.00014678997379045998,0.029490619395489363
6.394174459055206,0.000272007228553188,0.00014678997379045998,0.029483984917850273
6.3949747876763805,0.00014916654119449813,0.00014678997379045998,0.02947730289873854
6.395775114614639,0.0002472566406703583,0.00014678997379045998,0.029470573721866594
6.396575439862603,0.00010242639112759133,0.00014678997379045998,0.029463797770579968
6.397375763412891,0.00011550693382041469,0.00014678997379045998,0.029456975427857544
6.3981760852581235,4.089659438983109e-05,0.00014678997379045998,0.029450107076311408
6.398976405390923,0.00019545179430145027,0.00014678997379045998,0.02944322704782527
6.399776723803907,0.0002241761733949195,0.00014678997379045998,0.02943610743896295
6.400577040489697,-0.00010810071907764104,0.00014678997379045998,0.029428739551165647
6.401377355440915,-0.0001349250210012573,0.00014678997379045998,0.02942111463908231
6.402177668650179,0.0001769126277312745,0.00014678997379045998,0.029414093392593318
6.402977980110109,0.0003500852537348352,0.00014678997379045998,0.029406215535132254
6.403778289813328,5.5093819308457e-05,0.00014678997379045998,0.029397451136825858
6.404578597752455,-0.00022016365656654657,0.00014678997379045998,0.029385581633804544
6.40537890392011,6.278570436676553e-05,0.00014678997379045998,0.029373377913436114
6.406179208308914,0.0004058341966534616,0.00014678997379045998,0.029361439336039515
6.406979510911487,0.00047093617836311066,0.00014678997379045998,0.029350299263772903
6.407779811720449,0.0001900119027290273,0.00014678997379045998,0.029340002226322916
6.40858011072842,-5.498320772010651e-05,0.00014678997379045998,0.029328654345056347
6.4093804079280225,-2.9565769188305557e-05,0.00014678997379045998,0.029318604236890256
6.410180703311874,0.0005953115656604571,0.00014678997379045998,0.02931020550512299
6.410980996872597,0.0002681747614534588,0.00014678997379045998,0.029302030708618306
6.411781288602812,0.00033882903816723556,0.00014678997379045998,0.029292816092594823
6.412581578495137,0.00024354836543825573,0.00014678997379045998,0.02928385666008513
6.4133818665421956,0.0001899761334704722,0.00014678997379045998,0.02927516966219078
6.414182152736605,0.00030518314408206973,0.00014678997379045998,0.029264919801785062
6.414982437070988,0.0005483266325150282,0.00014678997379045998,0.02925471372322679
6.4157827195379635,0.0002916974667966782,0.00014678997379045998,0.029244548447337596
6.416583000130152,0.0002883158314867136,0.00014678997379045998,0.029234433686110915
6.417383278840174,0.00025700486457662375,0.00014678997379045998,0.029224379181364953
6.418183555660651,0.0005313875259224214,0.00014678997379045998,0.02921439470474259
6.418983830584202,0.0005146217843899036,0.00014678997379045998,0.029204490057711256
6.4197841036034475,0.0001838774449424048,0.00014678997379045998,0.02919493322148285
6.420584374711008,0.00022934972775103674,0.00014678997379045998,0.02918543949451978
6.421384643899504,0.0005193281576525086,0.00014678997379045998,0.029176049259177824
6.4221849111615565,0.0004987353525043627,0.00014678997379045998,0.029167209455871222
6.422985176489784,0.0005780161281394788,0.00014678997379045998,0.02915726296181493
6.423785439876809,0.0004471503098814368,0.00014678997379045998,0.029147516585213303
6.424585701315251,0.0007750462927909874,0.00014678997379045998,0.029137332007305002
6.42538596079773,-5.252718615457799e-05,0.00014678997379045998,0.029126694783895932
6.426186218316866,0.0002535192923621178,0.00014678997379045998,0.029115590369609975
6.426986473865281,0.0002477534976232515,0.00014678997379045998,0.0291049255241505
6.427786727435593,0.00054742282389416,0.00014678997379045998,0.029095140510562327
6.428586979020424,0.00027334746340010665,0.00014678997379045998,0.029086237692777565
6.429387228612395,-7.63930051267056e-05,0.00014678997379045998,0.029077270472132325
6.430187476204124,-2.2072934717874e-05,0.00014678997379045998,0.029068101835026002
6.430987721788234,1.3623529898157405e-06,0.00014678997379045998,0.0290582818092729
6.431787965357343,0.0002994146019352009,0.00014678997379045998,0.029048107991760545
6.432588206904073,0.00017098717338534172,0.00014678997379045998,0.029038412099754763
6.433388446421044,0.00013559973648820736,0.00014678997379045998,0.02902867749266054
6.434188683900876,0.00038881669225518736,0.00014678997379045998,0.029019754430482287
6.434988919336189,4.8395002593216996e-05,0.00014678997379045998,0.029010392870885398
6.435789152719606,-4.611657380039491e-05,0.00014678997379045998,0.029000608855909653
6.436589384043743,9.751710965332991e-05,0.00014678997379045998,0.02899114374053075
6.437389613301224,0.0003382940213435444,0.00014678997379045998,0.028981987629460255
6.438189840484666,-0.0001236292972752913,0.00014678997379045998,0.02897313070407143
6.438990065586693,-0.00018539981575689882,0.00014678997379045998,0.028963372295575746
6.439790288599924,-0.00024058265911121313,0.00014678997379045998,0.028954120458896327
6.440590509516978,-0.00037583883192938636,0.00014678997379045998,0.028945358761458987
6.441390728330476,-0.00046968465887815836,0.00014678997379045998,0.028936438107857815
6.44219094503304,-0.0003189176640190326,0.00014678997379045998,0.028926854710162295
6.442991159617288,-0.00015871302172502585,0.00014678997379045998,0.028917180576021256
6.443791372075843,-0.0001226362811516321,0.00014678997379045998,0.028907420425603948
6.444591582401323,-0.00020704355325266294,0.00014678997379045998,0.028898126650333512
6.445391790586348,-9.500687944092104e-05,0.00014678997379045998,0.02888928449372905
6.446191996623541,2.4497458301294545e-05,0.00014678997379045998,0.028880879310355205
6.4469922005055205,-5.425653827097199e-05,0.00014678997379045998,0.028872896565822002
6.447792402224907,-6.875434773668046e-05,0.00014678997379045998,0.028863789483568204
6.448592601774322,4.357275702751226e-05,0.00014678997379045998,0.028852839437975928
6.449392799146383,-0.00010914211475097566,0.00014678997379045998,0.028841331226659894
6.450192994333714,-0.00022122792432318142,0.00014678997379045998,0.02882971709850736
6.450993187328934,-3.818233361070622e-05,0.00014678997379045998,0.028817781808453374
6.451793378124663,0.00014810878352486748,0.00014678997379045998,0.02880571133380316
6.45259356671352,-2.0019793201212638e-05,0.00014678997379045998,0.02879422616772868
6.453393753088128,0.000275112384887595,0.00014678997379045998,0.028783594665772353
6.454193937241105,0.0005284603598458212,0.00014678997379045998,0.028772710920913207
6.4549941191650735,0.00011035458645781634,0.00014678997379045998,0.028761566921107467
6.455794298852653,-0.0005691787747393422,0.00014678997379045998,0.02875156729004459
6.456594476296462,-0.0007109906789999967,0.00014678997379045998,0.028741235186892446
6.457394651489124,-0.00043728542498618767,0.00014678997379045998,0.02873108092845823
6.458194824423257,-0.0002723026390762419,0.00014678997379045998,0.028721111144845598
6.458994995091484,-0.00039934579145430027,0.00014678997379045998,0.0287113325192257
6.4597951634864215,-0.0004123935775274326,0.00014678997379045998,0.028701751787836825
6.460595329600693,-0.0002536708567272526,0.00014678997379045998,0.028692375739984358
6.4613954934269175,-0.00030733837666546346,0.00014678997379045998,0.028682737657102733
6.462195654957717,-0.0004057989490850386,0.00014678997379045998,0.028672827992276675
6.4629958141857085,2.840756261471289e-05,0.00014678997379045998,0.028662637137101283
6.463795971103516,0.0004326613213929756,0.00014678997379045998,0.02865215542168235
6.464596125703757,0.00015531844440478185,0.00014678997379045998,0.028641373114636465
6.465396277979054,2.6744593981380127e-05,0.00014678997379045998,0.028630280423091244
6.466196427922026,-0.00025221725324477834,0.00014678997379045998,0.028618704873630888
6.466996575525295,-0.0006915846142748656,0.00014678997379045998,0.02860887981396261
6.467796720781479,-0.0005627544961358463,0.00014678997379045998,0.02859876733878175
6.468596863683199,-0.0005551562645285286,0.00014678997379045998,0.028588135917598595
6.469397004223077,-0.0002513139462065467,0.00014678997379045998,0.02857639666450549
6.470197142393732,0.0003838641129862777,0.00014678997379045998,0.028563939810581
6.4709972781877845,0.00035909324552270763,0.00014678997379045998,0.02855290471415066
6.471797411597855,-0.00024104685763438882,0.00014678997379045998,0.028542157090496144
6.472597542616564,-5.024238783642859e-05,0.00014678997379045998,0.028531107481724455
6.473397671236532,-0.0001303539244065649,0.00014678997379045998,0.028519708774045343
6.474197797450378,-0.00042855440938842707,0.00014678997379045998,0.028508328627277646
6.474997921250724,-0.0006441081797260544,0.00014678997379045998,0.02849696842963157
6.47579804263019,-0.0003630767305914315,0.00014678997379045998,0.02848562956007474
6.4765981615813955,-9.617051331706206e-06,0.00014678997379045998,0.028474313388332236
6.477398278096962,-0.00010056927412419037,0.00014678997379045998,0.02846302127488676
6.478198392169509,3.883849399549666e-05,0.00014678997379045998,0.028451560927081395
6.478998503791658,-0.0003159669879438491,0.00014678997379045998,0.028439926963505044
6.479798612956028,-2.272784625465679e-05,0.00014678997379045998,0.028428113946662167
6.48059871965524,-0.00017129196688981524,0.00014678997379045998,0.02841663549139727
6.481398823881914,-0.0006670027882700463,0.00014678997379045998,0.028405342576465743
6.482198925628671,-0.0005204518722548429,0.00014678997379045998,0.0283942421381827
6.48299902488813,0.0004912297038727961,0.00014678997379045998,0.028383341143284304
6.483799121652914,0.0004080041518929739,0.00014678997379045998,0.028372417095680485
6.484599215915641,0.00014724725923730142,0.00014678997379045998,0.028361469054849077
6.485399307668931,0.0002724978173240071,0.00014678997379045998,0.02835049605517565
6.486199396905407,0.0005489976414859432,0.00014678997379045998,0.028339497105953737
6.486999483617687,0.0006046421776104184,0.00014678997379045998,0.02832847119138472
6.487799567798392,0.0002737947962957038,0.00014678997379045998,0.02831741727057815
6.488599649440143,-0.00047805612587315666,0.00014678997379045998,0.028306334277551488
6.48939972853556,-0.0007622930696399091,0.00014678997379045998,0.02829526272324288
6.490199805077262,-0.0001849151603673764,0.00014678997379045998,0.028285917483790498
6.490999879057872,0.0005298252515278518,0.00014678997379045998,0.028275850011485783
6.491799950470008,0.000874580638787207,0.00014678997379045998,0.02826542694415752
6.492600019306291,0.0008540049342424597,0.00014678997379045998,0.028254297372316647
6.493400085559343,0.0006780275368750768,0.00014678997379045998,0.02824237877848627
6.494200149221781,-0.00030315092859493215,0.00014678997379045998,0.028230904268152706
6.495000210286229,-0.0004075477396211988,0.00014678997379045998,0.02822045245852379
6.495800268745305,0.0004158462242997221,0.00014678997379045998,0.028209742180219082
6.496600324591631,0.0005605658746208678,0.00014678997379045998,0.028197584329589187
6.497400377817825,0.00035822708688146646,0.00014678997379045998,0.02818584327176527
6.498200428416509,0.0007017916679663595,0.00014678997379045998,0.02817453269128935
6.499000476380304,0.0008060050557700538,0.00014678997379045998,0.028163666365208555
6.49980052170183,0.0006069197389877504,0.00014678997379045998,0.02815325816307467
6.500600564373705,0.00036892757824005806,0.00014678997379045998,0.028143028181454286
6.501400604388552,2.6041229686493e-05,0.00014678997379045998,0.028132955914987955
6.50220064173899,-8.945693082599085e-05,0.00014678997379045998,0.028123044390908025
6.503000676417641,-8.887801804124962e-05,0.00014678997379045998,0.028114142016904466
6.503800708417124,2.6256599280811282e-05,0.00014678997379045998,0.02810484629041963
6.50460073773006,0.0004290397230783498,0.00014678997379045998,0.0280956839200614
6.505400764349068,0.00045241865350869465,0.00014678997379045998,0.028086658981993917
6.50620078826677,4.56102922520886e-05,0.00014678997379045998,0.02807777556149183
6.507000809475786,0.00028076729994127095,0.00014678997379045998,0.0280690377529403
6.507800827968735,0.0008872722155450589,0.00014678997379045998,0.028060403185021843
6.50860084373824,0.0007697121643489152,0.00014678997379045998,0.028051877618604504
6.509400856776918,0.00045293190377476006,0.00014678997379045998,0.028043402822554256
6.510200867077392,0.0007149820681180766,0.00014678997379045998,0.02803498233092973
6.511000874632281,0.0008935953572720319,0.00014678997379045998,0.028026714699576117
6.511800879434207,0.000969825559505668,0.00014678997379045998,0.028018600055850443
6.512600881475789,0.0006226908560148549,0.00014678997379045998,0.028010638532920663
6.513400880749646,0.0011437953589645035,0.00014678997379045998,0.02800283026976565
6.514200877248402,0.0007732439189664965,0.00014678997379045998,0.027995175411175348
6.515000870964674,0.00031336227138237596,0.00014678997379045998,0.02798767410775057
6.515800861891084,0.0005369359676859545,0.00014678997379045998,0.02798032651590305
6.516600850020252,0.000701464658675037,0.00014678997379045998,0.027973144367185843
6.517400835344798,0.00048150937779331895,0.00014678997379045998,0.027966099502613483
6.518200817857343,0.00029690222799968677,0.00014678997379045998,0.027958916486019773
6.5190007975505075,0.0002039708517915205,0.00014678997379045998,0.027951585277304687
6.519800774416911,0.0008115793515135021,0.00014678997379045998,0.02794460974727655
6.520600748449174,0.0010317829120420237,0.00014678997379045998,0.027937997570389006
6.521400719639918,0.0008067720627228381,0.00014678997379045998,0.027931756480065864
6.522200687981762,0.0006218269177145734,0.00014678997379045998,0.027925685802393376
6.523000653467326,0.00026847508196807535,0.00014678997379045998,0.027919786150790778
6.523800616089233,-0.00020203738476217564,0.00014678997379045998,0.02791404837623704
6.5246005758401004,-5.039682779505936e-05,0.00014678997379045998,0.02790847276999495
6.52540053271255,0.00031677371299765333,0.00014678997379045998,0.027903088161369504
6.526200486699202,0.00020279311675871006,0.00014678997379045998,0.027897893842144948
6.527000437792677,0.0005691120547804338,0.00014678997379045998,0.027892889117440905
6.527800385985594,0.0006714577410732794,0.00014678997379045998,0.027888073305712503
6.5286003312705745,0.00039785023802651684,0.00014678997379045998,0.027883445738750217
6.529400273640239,0.00018568118871898145,0.00014678997379045998,0.027879005761679954
6.530200213087208,8.454914739752101e-05,0.00014678997379045998,0.027874752732962856
6.531000149604101,0.00041279492995946465,0.00014678997379045998,0.027870686024395457
6.531800083183539,1.6912734583839073e-05,0.00014678997379045998,0.02786680502110941
6.532600013818142,-5.563189642264141e-05,0.00014678997379045998,0.027864178879678656
6.533399941500531,-9.499785917029685e-05,0.00014678997379045998,0.027862402510199086
6.534199866223325,-7.939314893923993e-05,0.00014678997379045998,0.027860844513775004
6.534999787979146,-6.907844582092551e-05,0.00014678997379045998,0.027858879826390785
6.535799706760613,-0.00022104541024698873,0.00014678997379045998,0.027856524018945658
6.536599622560347,0.00031651236787422904,0.00014678997379045998,0.027853792545259572
6.5373995353709695,0.0005195896724416241,0.00014678997379045998,0.02785126265149425
6.538199445185097,0.0006161567700363919,0.00014678997379045998,0.02784892962999594
6.538999351995355,7.433957156574578e-05,0.00014678997379045998,0.027846615168632707
6.53979925579436,-3.37836198078742e-06,0.00014678997379045998,0.027844308579004273
6.540599156574735,0.00023067771169356377,0.00014678997379045998,0.027842153743159837
6.541399054329098,0.0002226070398576377,0.00014678997379045998,0.02784014530357659
6.5421989490500705,3.5768355158803666e-06,0.00014678997379045998,0.02783924590800142
6.542998840730273,-0.00034990386953476227,0.00014678997379045998,0.027838192821657285
6.543798729362326,-0.0004161256768726307,0.00014678997379045998,0.027836921678037373
6.54459861493885,-0.0002890470076571186,0.00014678997379045998,0.027835759193680993
6.545398497452464,-0.00012030865996769807,0.00014678997379045998,0.027834553886210027
6.546198376895789,5.65204181268604e-05,0.00014678997379045998,0.027833197017839362
6.546998253261445,-0.00010879668814919516,0.00014678997379045998,0.027831695966268374
6.547798126542055,-0.0002667507264713133,0.00014678997379045998,0.02783005805482024
6.548597996730235,9.180742009930187e-06,0.00014678997379045998,0.027828290552442132
6.5493978638186094,0.00018995525936139207,0.00014678997379045998,0.02782654419306537
6.550197727799796,0.00010568876366785426,0.00014678997379045998,0.02782481126179226
6.550997588666417,-5.122726478922618e-05,0.00014678997379045998,0.027823083395288852
6.551797446411091,-0.0002948309913687157,0.00014678997379045998,0.027821352822412822
6.552597301026438,-0.00012607611707303457,0.00014678997379045998,0.027819420054195708
6.553397152505081,-3.276908667258771e-05,0.00014678997379045998,0.02781708841168397
6.554197000839638,-0.00031935220228432315,0.00014678997379045998,0.027814388025284794
6.554996846022731,-0.0002928820252908436,0.00014678997379045998,0.027811125398046064
6.5557966880469785,0.0005804607176301928,0.00014678997379045998,0.02780749142267656
6.556596526905002,0.0008625095796870319,0.00014678997379045998,0.0278047702009236
6.557396362589422,8.070892361955462e-05,0.00014678997379045998,0.027803034541571337
6.558196195092859,0.00011268506269721673,0.00014678997379045998,0.02780132242703664
6.558996024407932,0.0003828282319058886,0.00014678997379045998,0.02779962453825082
6.559795850527263,4.862582305010382e-05,0.00014678997379045998,0.02779806592286414
6.560595673443472,-0.0004846415800198907,0.00014678997379045998,0.027796641919762097
6.561395493149179,-0.0003625326883025873,0.00014678997379045998,0.027795347896668036
6.562195309637004,-0.00019693613457505074,0.00014678997379045998,0.027794179250143013
6.562995122899567,-0.00036411636423325927,0.00014678997379045998,0.027793131405585633
6.563794932929491,-0.0003302484919909532,0.00014678997379045998,0.02779219981723218
6.564594739719392,-0.0002520408972900255,0.00014678997379045998,0.027791260206259407
6.5653945432618945,-0.0002058474473897072,0.00014678997379045998,0.027790654177660086
6.566194343549617,-0.0002949974360595513,0.00014678997379045998,0.02778921738002143
6.566994140575179,-0.0004374723838721818,0.00014678997379045998,0.027787528176737412
6.567793934331203,-0.00036939688563981596,0.00014678997379045998,0.027785581284404372
6.568593724810308,-0.0002958318254726415,0.00014678997379045998,0.02778364010934922
6.569393512005115,-0.0004891916339622195,0.00014678997379045998,0.027781145540901775
6.5701932959082425,-0.0004014685250949626,0.00014678997379045998,0.027777779950827548
6.5709930765123135,-3.271617270534169e-05,0.00014678997379045998,0.027773496994045535
6.5717928538099475,0.0005278059260784736,0.00014678997379045998,0.02777049831229666
6.572592627793763,0.0006945920760401542,0.00014678997379045998,0.027767821347251167
6.573392398456383,0.0005673868111847162,0.00014678997379045998,0.027765458985694342
6.574192165790427,0.0007034002188949853,0.00014678997379045998,0.027762936080657385
6.574991929788514,0.0005039550521246175,0.00014678997379045998,0.027760289246592514
6.575791690443267,0.000294394175994913,0.00014678997379045998,0.027760317985620057
6.576591447747303,0.0004959691693008257,0.00014678997379045998,0.027759521618800888
6.577391201693245,0.0002907115079312343,0.00014678997379045998,0.027757337519786394
6.578190952273713,0.0003080076073391086,0.00014678997379045998,0.027754925774880635
6.578990699481326,0.001102020596577838,0.00014678997379045998,0.027752901871876276
6.579790443308706,0.0007294116459539007,0.00014678997379045998,0.02775123302207551
6.580590183748473,0.0004397982450772171,0.00014678997379045998,0.027749285312644183
6.581389920793247,-1.2675737390777098e-05,0.00014678997379045998,0.027746271445045618
6.582189654435647,-0.000510925650776959,0.00014678997379045998,0.02774187098256333
6.582989384668295,-0.0002801244321693694,0.00014678997379045998,0.027737194633037244
6.583789111483812,0.00012610922995393709,0.00014678997379045998,0.0277323019615909
6.5845888348748165,-0.00025051473452896225,0.00014678997379045998,0.027727202243687524
6.58538855483393,-0.0002995127266875765,0.00014678997379045998,0.027721589535589494
6.586188271353772,-0.00023619269014446553,0.00014678997379045998,0.027715969684537017
6.5869879844269645,0.0001600361070711251,0.00014678997379045998,0.027710345751697212
6.587787694046126,0.00014940454498872657,0.00014678997379045998,0.027704720808632587
6.5885874002038785,-1.1921673440617314e-05,0.00014678997379045998,0.02769909793730093
6.58938710289284,0.00015805703280802677,0.00014678997379045998,0.0276922655314372
6.5901868021056345,0.00011071324880051678,0.00014678997379045998,0.027686841853173882
6.590986497834879,0.0006331594076148285,0.00014678997379045998,0.027681434712797465
6.591786190073194,0.001291471333813174,0.00014678997379045998,0.027676044818471267
6.592585878813204,0.0008935358007887174,0.00014678997379045998,0.027670672889697996
6.593385564047524,0.00045260349574956574,0.00014678997379045998,0.02766531965731961
6.594185245768778,0.0006708312661530304,0.00014678997379045998,0.02765929549777627
6.594984923969584,0.0006643315452779346,0.00014678997379045998,0.02765257719568289
6.595784598642563,0.0003785487469971406,0.00014678997379045998,0.02764514138002828
6.596584269780338,0.00014647627070942665,0.00014678997379045998,0.027638378491937617
6.5973839373755245,0.00021215829229847064,0.00014678997379045998,0.02763272203969534
6.598183601420747,0.00037129247268968824,0.00014678997379045998,0.027627094291349946
6.598983261908624,0.00017338671265321529,0.00014678997379045998,0.02762149649808865
6.599782918831775,0.00019719571468200178,0.00014678997379045998,0.027615929925873087
6.600582572182823,0.000506540443567835,0.00014678997379045998,0.0276101475240414
6.601382221954387,0.0004176688134199802,0.00014678997379045998,0.027604141966269605
6.602181868139087,0.0002701189115812165,0.00014678997379045998,0.0275979058809496
6.602981510729543,-3.503610614892863e-05,0.00014678997379045998,0.027590935190753115
6.603781149718376,-0.00036585082253096785,0.00014678997379045998,0.027582352372708736
6.604580785098207,-0.0002362790525959231,0.00014678997379045998,0.027574575088629417
6.605380416861656,-0.0001742860889239299,0.00014678997379045998,0.027567634317079093
6.6061800450013415,-0.00014478957834859058,0.00014678997379045998,0.027561561262852283
6.606979669509887,-9.489388992005646e-05,0.00014678997379045998,0.027555592594588386
6.60777929037991,7.937700476936399e-06,0.00014678997379045998,0.027550662654742826
6.608578907604032,8.192975245848583e-05,0.00014678997379045998,0.027545358470973738
6.609378521174875,0.00013910985466181192,0.00014678997379045998,0.0275392497896712
6.610178131085057,0.0005394373879486769,0.00014678997379045998,0.027533167796590766
6.6109777373271985,0.000745360189832598,0.00014678997379045998,0.02752712604665463
6.611777339893922,0.0005230258879427505,0.00014678997379045998,0.027521138128521375
6.6125769387778455,0.00041822256610142203,0.00014678997379045998,0.027515217664585763
6.61337653397159,0.0006981077948117163,0.00014678997379045998,0.027509117224247197
6.614176125467777,0.000672335208359881,0.00014678997379045998,0.027502841432722875
6.6149757132590254,0.0006026492551205534,0.00014678997379045998,0.027496394885823765
6.615775297337956,3.041150147872415e-05,0.00014678997379045998,0.02748978214995446
6.6165748776971895,-0.00013012188027384033,0.00014678997379045998,0.027483007762113452
6.617374454329346,-2.450320210918913e-05,0.00014678997379045998,0.02747607622989312
6.618174027227046,0.0004768717638931365,0.00014678997379045998,0.027468992031479823
6.61897359638291,0.0005828453161318727,0.00014678997379045998,0.02746175961565405
6.619773161789557,0.00022973845134553056,0.00014678997379045998,0.027454383401790492
6.62057272343961,9.142163660515873e-06,0.00014678997379045998,0.027446867779858154
6.621372281325687,0.001055664227026621,0.00014678997379045998,0.027439217110420362
6.62217183544041,0.0019558466369426694,0.00014678997379045998,0.02743159225723514
6.622971385776397,0.0015473546261368064,0.00014678997379045998,0.027423991970915145
6.623770932326272,0.0008453566339904559,0.00014678997379045998,0.02741641501190861
6.624570475082651,0.0009654272255779084,0.00014678997379045998,0.027408860150499287
6.6253700140381575,0.0012890864121738455,0.00014678997379045998,0.027401326166806517
6.626169549185412,0.0007809241554934815,0.00014678997379045998,0.027393811850785155
6.626969080517032,0.00015049572050902446,0.00014678997379045998,0.027386280840191186
6.627768608025641,0.0002754555092922377,0.00014678997379045998,0.02737873072386809
6.628568131703858,0.00048153423792145905,0.00014678997379045998,0.027371159091991566
6.629367651544303,0.0006615973419447294,0.00014678997379045998,0.027363563536069058
6.630167167539597,0.0010041586978053497,0.00014678997379045998,0.02735594164894032
6.630430373735255,0.0014871822087887433,0.00014678997379045998,0.027348488299994766
6.631230911960246,0.001569587311759598,0.00014678997379045998,0.027340805923731417
6.632031448043183,0.0017026716578830078,0.00014678997379045998,0.027333090003164
6.632831981987233,0.0014650134727558599,0.00014678997379045998,0.027325338136458245
6.633632513795572,0.0013265738873905822,0.00014678997379045998,0.027317547923112185
6.634433043471366,0.0006992974918916608,0.00014678997379045998,0.02730971696395598
6.635233571017789,0.0006978698532418871,0.00014678997379045998,0.027301842861152222
6.636034096438013,0.0008157352881677758,0.00014678997379045998,0.027293923218195695
6.636834619735205,0.0009265574224996721,0.00014678997379045998,0.02728595563991358
6.637635140912539,0.0009762012220954526,0.00014678997379045998,0.027277937732465445
6.638435659973185,0.0008703177762943992,0.00014678997379045998,0.02726997863855927
6.639236176920314,0.0007267129339134926,0.00014678997379045998,0.027261851370861796
6.640036691757097,0.0003916612957575692,0.00014678997379045998,0.027253834048510832
6.640837204486707,0.0003809397871111925,0.00014678997379045998,0.027245860535293924
6.641637715112311,0.000558888794137926,0.00014678997379045998,0.027237933277702624
6.642438223637083,0.00043103283119146074,0.00014678997379045998,0.027230054743976027
6.643238730064193,0.0003360154750232415,0.00014678997379045998,0.027222227424101044
6.644039234396813,0.0004352864300561747,0.00014678997379045998,0.02721445382981202
6.6448397366381124,2.176543951100396e-05,0.00014678997379045998,0.027206736494590933
6.645640236791262,-0.00019124276277837637,0.00014678997379045998,0.02719907797366697
6.646440734859436,-0.00033342969738101025,0.00014678997379045998,0.027191480844016788
6.647241230845801,-0.00036604968568516166,0.00014678997379045998,0.027183680335497392
6.648041724753531,-7.669514512736314e-06,0.00014678997379045998,0.027177190459618968
6.648842216585796,0.00018796804011007168,0.00014678997379045998,0.027169838867312203
6.649642706345767,7.176874857079546e-05,0.00014678997379045998,0.027161019405210436
6.650443194036614,-1.80089424445945e-05,0.00014678997379045998,0.027152472700546982
6.651243679661511,-3.35963726454426e-05,0.00014678997379045998,0.027145209328723285
6.652044163223626,-2.2932172508982607e-06,0.00014678997379045998,0.02713828335272385
6.652844644726131,0.0003140368367488995,0.00014678997379045998,0.027129924242048974
6.653645124172197,-3.0184017049031397e-05,0.00014678997379045998,0.027121787737426694
6.654445601564995,-0.00023529545878983246,0.00014678997379045998,0.02711386571957214
6.655246076907696,-0.0004437673652154042,0.00014678997379045998,0.02710571200135513
6.656046550203471,-0.0004162831552012511,0.00014678997379045998,0.027098109658377056
6.656847021455491,-4.6316867371141296e-05,0.00014678997379045998,0.027089523389518484
6.657647490666927,2.9082298348914737e-05,0.00014678997379045998,0.027079301255951184
6.65844795784095,0.00031265668147380243,0.00014678997379045998,0.02706959884075303
6.659248422980731,0.0004958433402057726,0.00014678997379045998,0.027060817360691387
6.660048886089441,0.0004949041452709316,0.00014678997379045998,0.027052113836856028
6.66084934717025,0.000517000296771021,0.00014678997379045998,0.02704348932481072
6.661649806226331,0.0004914557654461769,0.00014678997379045998,0.02703406692656853
6.662450263260853,0.00037308259300200194,0.00014678997379045998,0.027025083441332448
6.663250718276989,0.00047166660280714354,0.00014678997379045998,0.027016553251495004
6.664051171277908,4.2404146436483825e-05,0.00014678997379045998,0.027007739529691988
6.664851622266781,-0.0001715625576126159,0.00014678997379045998,0.026998630802102807
6.6656520712467815,-9.784678068953945e-06,0.00014678997379045998,0.026989215527469492
6.666452518221078,6.405729312850342e-05,0.00014678997379045998,0.026980694161786518
6.667252963192841,-5.5604932495782744e-05,0.00014678997379045998,0.026973330648095647
6.668053406165245,0.0001969761140788069,0.00014678997379045998,0.026964948691327522
6.668853847141459,0.000310197213127434,0.00014678997379045998,0.026956519946727365
6.6696542861246515,0.00016008261822384948,0.00014678997379045998,0.026948576964713873
6.670454723117997,0.00045899231836277546,0.00014678997379045998,0.02694058099523168
6.671255158124666,0.0007121207284787844,0.00014678997379045998,0.02693254098713371
6.672055591147828,0.0003447332403074821,0.00014678997379045998,0.02692389862960273
6.672856022190654,0.00012832470470756224,0.00014678997379045998,0.02691464317138729
6.673656451256316,-4.056166708525655e-05,0.00014678997379045998,0.02690476372108602
6.674456878347986,9.617273921918093e-05,0.00014678997379045998,0.02689424924714835
6.6752573034688325,0.000385888125145218,0.00014678997379045998,0.02688421763127171
6.6760577266220285,0.000661952947468826,0.00014678997379045998,0.026874930360739208
6.6768581478107425,-0.00012069733268960797,0.00014678997379045998,0.02686464181483061
6.677658567038149,-0.0003819057828766542,0.00014678997379045998,0.026854403915828107
6.678458984307417,-0.0004338665932346504,0.00014678997379045998,0.02684446573769102
6.679259399621716,-0.00026232816414887075,0.00014678997379045998,0.026834677485335617
6.680059812984221,-0.00019639383331502072,0.00014678997379045998,0.02682445954158066
6.680860224398098,6.145812082424679e-06,0.00014678997379045998,0.026813508912220348
6.681660633866523,2.856978498791407e-05,0.00014678997379045998,0.026802925858924465
6.6824610413926635,-0.00030935078359421025,0.00014678997379045998,0.02679275265131077
6.683261446979692,-0.00015688160176607902,0.00014678997379045998,0.026781570590814867
6.684061850630779,0.00024244489357353946,0.00014678997379045998,0.02677084484596746
6.684862252349094,0.00048243505887498456,0.00014678997379045998,0.026760087859398134
6.685662652137811,0.0001332596739505483,0.00014678997379045998,0.026749152218854485
6.6864630500001,-0.0003559922799054073,0.00014678997379045998,0.026738041918871552
6.687263445939131,-0.0003478299926785028,0.00014678997379045998,0.02672688375854613
6.688063839958075,-0.00033140815131368906,0.00014678997379045998,0.026715677298443423
6.688864232060104,-0.0008558779192981113,0.00014678997379045998,0.026704422091124506
6.689664622248388,-0.0007221658792965352,0.00014678997379045998,0.026693117681146326
6.6904650105261,-0.00044661781227116337,0.00014678997379045998,0.026681763605061682
6.691265396896407,-0.0003846848460305266,0.00014678997379045998,0.02667035939141945
6.692065781362484,-0.00043869615131882783,0.00014678997379045998,0.026658904560764505
6.6928661639275004,-0.0006493614777592256,0.00014678997379045998,0.026647398625637787
6.6936665445946275,-0.0007515114020777945,0.00014678997379045998,0.026637698345616325
6.6944669233670355,-0.0007093379283626723,0.00014678997379045998,0.026627589320357095
6.695267300247896,-0.00034303285439659173,0.00014678997379045998,0.02661638372839665
6.69606767524038,7.980315270211813e-05,0.00014678997379045998,0.026604595000684513
6.696868048347658,2.931546130437168e-05,0.00014678997379045998,0.026593977594180224
6.697668419572902,-0.0002153059890757543,0.00014678997379045998,0.02658341752658679
6.698468788919281,-0.00011227390555576186,0.00014678997379045998,0.02657291949512229
6.69926915638997,-3.0835530653260806e-05,0.00014678997379045998,0.026562143165891814
6.700069521988135,0.0001253155066223803,0.00014678997379045998,0.02655168282548001
6.7008698857169495,0.00021186539034447754,0.00014678997379045998,0.026541613256668414
6.701670247579586,-7.658788645979742e-05,0.00014678997379045998,0.02653187851959121
6.702470607579213,-2.4944008477262997e-05,0.00014678997379045998,0.02652247127638528
6.7032709657190015,2.197257126842697e-05,0.00014678997379045998,0.026513384259353397
6.7040713220021235,0.0001281022420266502,0.00014678997379045998,0.02650445455440678
6.70487167643175,0.00019906279955857545,0.00014678997379045998,0.026495292166088688
6.705672029011052,0.00044924152353250854,0.00014678997379045998,0.02648590929368342
6.7064723797432,0.00041269777468956256,0.00014678997379045998,0.026476995564060895
6.707272728631366,0.0001598569473962655,0.00014678997379045998,0.02646867034368668
6.708073075678718,3.242090026902775e-05,0.00014678997379045998,0.026459655633136882
6.708873420888432,0.0001787390684608245,0.00014678997379045998,0.026451568423726455
6.709673764263674,0.0003682542858994449,0.00014678997379045998,0.02644230642500924
6.710474105807618,0.0009081190537424226,0.00014678997379045998,0.02643287104368437
6.7112744455234346,0.0008435669175636679,0.00014678997379045998,0.026423540773530964
6.712074783414295,0.0008477487664592907,0.00014678997379045998,0.0264143175010283
6.7128751194833685,0.0007088593918937978,0.00014678997379045998,0.026405203117793603
6.713675453733827,0.000821651873929935,0.00014678997379045998,0.026396199520581986
6.714475786168842,0.0009014335585151197,0.00014678997379045998,0.026387308611286436
6.715276116791584,0.0006414530368189543,0.00014678997379045998,0.026378532296937842
6.716076445605224,0.0006126000607409171,0.00014678997379045998,0.02637020620478887
6.716876772612934,0.0004119256875046197,0.00014678997379045998,0.02636227733002562
6.717677097817883,0.00019247551049391895,0.00014678997379045998,0.026352955547143245
6.718477421223244,5.571837118253237e-05,0.00014678997379045998,0.026344638058210613
6.719277742832186,-6.637333110542931e-05,0.00014678997379045998,0.02633697979094812
6.7200780626478815,-0.00012198457722644579,0.00014678997379045998,0.026329811579549653
6.7208783806735015,-0.00036189377633402686,0.00014678997379045998,0.026323237763383224
6.721678696912216,0.0002109194674922779,0.00014678997379045998,0.026317666703590818
6.722479011367196,0.0006656506261788105,0.00014678997379045998,0.02631144214564616
6.723279324041614,0.0008888409564974283,0.00014678997379045998,0.026304536487295506
6.72407963493864,0.00037662388632245247,0.00014678997379045998,0.026297512076589123
6.724879944061445,0.0005512442533393141,0.00014678997379045998,0.02629060939202993
6.725680251413199,0.0006596142739626054,0.00014678997379045998,0.02628382791295365
6.726480556997076,0.0004015832411677252,0.00014678997379045998,0.026277167131456874
6.727280860816243,0.0004505796582453536,0.00014678997379045998,0.026270626552397237
6.728081162873873,0.0005160036374443656,0.00014678997379045998,0.02626420569339325
6.7288814631731375,0.0004932255435569806,0.00014678997379045998,0.026256857012222155
6.729681761717207,0.0006947499650615564,0.00014678997379045998,0.026249306297263908
6.730482058509253,0.0003741166438277696,0.00014678997379045998,0.026241039119590897
6.731282353552445,0.0002554968074562347,0.00014678997379045998,0.026233449314972575
6.732082646849955,0.000334132932597115,0.00014678997379045998,0.026226032637558183
6.732882938404954,0.0004586210267084022,0.00014678997379045998,0.026218789479197185
6.733683228220612,0.0005825245832416538,0.00014678997379045998,0.026211720248699673
6.734483516300102,0.0005472079384960873,0.00014678997379045998,0.026204825371836216
6.735283802646594,0.0002754215450532227,0.00014678997379045998,0.02619815342584078
6.736084087263259,0.000296097352588922,0.00014678997379045998,0.02619170654151487
6.736884370153266,0.00012044279430513394,0.00014678997379045998,0.02618496603611388
6.737684651319789,0.0002864594198891089,0.00014678997379045998,0.026178269108222102
6.738484930765998,0.0005553521703973614,0.00014678997379045998,0.02617187810049913
6.7392852084950645,0.00044287979352123155,0.00014678997379045998,0.026165786440916456
6.740085484510158,0.0002031004980391389,0.00014678997379045998,0.026159987599127982
6.74088575881445,0.00025850786756859145,0.00014678997379045998,0.026154475086469897
6.741686031411112,0.0002349443877356673,0.00014678997379045998,0.0261489983099194
6.742486302303314,9.27414421035e-05,0.00014678997379045998,0.026143559522220985
6.743286571494228,0.00042920108729935236,0.00014678997379045998,0.026138160956602135
6.744086838987025,0.0005258377379625118,0.00014678997379045998,0.026132804826773087
6.744887104784876,0.00026608091592063635,0.00014678997379045998,0.026127523081581762
6.745687368890953,0.0003290578023488755,0.00014678997379045998,0.026122289117055567
6.7464876313084226,0.0007454852695730173,0.00014678997379045998,0.02611710509347371
6.74728789204046,0.0008348367949661574,0.00014678997379045998,0.026111973151580984
6.748088151090236,0.0006149893835424233,0.00014678997379045998,0.02610689541258765
6.74888840846092,0.0007974946326584284,0.00014678997379045998,0.02610187397816947
6.749688664155684,0.0009270181835416211,0.00014678997379045998,0.026096910930467947
6.750488918177699,0.0005378689299790733,0.00014678997379045998,0.02609200833209012
6.751289170530135,6.10744120626075e-06,0.00014678997379045998,0.026087168226108733
6.752089421216164,-0.0001160284540964833,0.00014678997379045998,0.026082392636062365
6.752889670238956,-8.017610432845337e-05,0.00014678997379045998,0.026077654015176976
6.753689917601682,-9.62827114761762e-05,0.00014678997379045998,0.02607295332193202
6.754490163307515,0.0003797626784214289,0.00014678997379045998,0.026068342213564268
6.755290407359624,0.0006487185006503297,0.00014678997379045998,0.0260638197963387
6.75609064976118,0.0007555786532227812,0.00014678997379045998,0.02605938516255371
6.756890890515356,0.0006318779949655191,0.00014678997379045998,0.02605503739054095
6.757691129625321,0.0005317579677092538,0.00014678997379045998,0.026050775544665575
6.758491367094245,0.00043143942172626376,0.00014678997379045998,0.026046598675326077
6.759291602925302,0.00028904117168715784,0.00014678997379045998,0.02604250581895452
6.76009183712166,0.00034685211587430834,0.00014678997379045998,0.02603738803713495
6.760892069686493,-0.000126976044636299,0.00014678997379045998,0.02603158552521915
6.76169230062297,-0.0003659457788516493,0.00014678997379045998,0.02602565748844763
6.762492529934263,-0.00019897231686688555,0.00014678997379045998,0.026020238264603767
6.763292757623542,-7.723355647044905e-05,0.00014678997379045998,0.026015343639311198
6.764092983693978,-5.97793279060177e-05,0.00014678997379045998,0.026010989504735595
6.7648932081487425,-0.00023425715589369192,0.00014678997379045998,0.02600660988347903
6.765693430991006,-0.0003096336873451046,0.00014678997379045998,0.026002200674789127
6.766493652223942,-4.524519583157596e-05,0.00014678997379045998,0.025997836389850607
6.767293871850717,9.975777255830445e-05,0.00014678997379045998,0.02599351007047134
6.768094089874507,-3.276208334311581e-06,0.00014678997379045998,0.02598921474394554
6.768894306298478,-0.00018424607530813722,0.00014678997379045998,0.025984943423053724
6.769694521125804,-0.0003860769254224773,0.00014678997379045998,0.025980231653419287
6.770494734359655,-0.00030119796673983706,0.00014678997379045998,0.025975662180651497
6.771294946003203,-6.851901983623634e-05,0.00014678997379045998,0.02597093642728058
6.772095156059617,0.0002366385664103951,0.00014678997379045998,0.025966074944579483
6.77289536453207,0.00029051085143762603,0.00014678997379045998,0.02596109823705808
6.773695571423734,0.00022507582306029172,0.00014678997379045998,0.025956454164478376
6.774495776737776,0.0005062123244468572,0.00014678997379045998,0.025952147981122664
6.77529598047737,0.0004139986241250074,0.00014678997379045998,0.025948185001643826
6.776096182645687,6.319158307059591e-05,0.00014678997379045998,0.025944570601065253
6.776896383245897,0.00014421558950381344,0.00014678997379045998,0.025941017164495213
6.777696582281171,0.00015893200502682323,0.00014678997379045998,0.025937520013079564
6.778496779754681,8.648435464990445e-06,0.00014678997379045998,0.025934074457450496
6.779296975669596,-0.00011321797298603081,0.00014678997379045998,0.025930675797726375
6.780097170029089,-0.00011731417404037617,0.00014678997379045998,0.02592751786995422
6.780897362836329,-0.0004424507062338427,0.00014678997379045998,0.025925057445178715
6.781697554094489,-0.0003611261644850608,0.00014678997379045998,0.02592225307581066
6.78249774380674,-0.000340965774211565,0.00014678997379045998,0.025919203940629687
6.783297931976251,9.301077567211782e-05,0.00014678997379045998,0.025917306057465155
6.784098118606194,0.0005313850632380143,0.00014678997379045998,0.025915354201034267
6.784898303699742,0.0006917235594355933,0.00014678997379045998,0.0259123098481541
6.785698487260062,0.0008896789607775006,0.00014678997379045998,0.025908756874790658
6.786498669290328,0.0007396874172473783,0.00014678997379045998,0.025905622575264214
6.78729884979371,0.0009227867402656111,0.00014678997379045998,0.025902885304478963
6.788099028773378,0.0010119191946337397,0.00014678997379045998,0.02590052350099659
6.7888992062325055,0.0006912811141304397,0.00014678997379045998,0.025897311736526273
6.789699382174263,0.00016588305597054626,0.00014678997379045998,0.02589383481298369
6.7904995566018185,0.00021675367199942494,0.00014678997379045998,0.02589009382994754
6.791299729518346,0.0002861770968890197,0.00014678997379045998,0.025886089810119674
6.792099900927016,0.0008259698009513497,0.00014678997379045998,0.025881823699324926
6.792900070830998,0.0005815387485951749,0.00014678997379045998,0.025877280127591957
6.7937002392334636,0.0005564226440077404,0.00014678997379045998,0.025873646684776732
6.794500406137586,0.00040769692031219704,0.00014678997379045998,0.025870108291691462
6.795300571546533,0.0002139066780236995,0.00014678997379045998,0.02586666698001837
6.796100735463478,0.00011653060291691095,0.00014678997379045998,0.02586304643470044
6.79690089789159,0.0004235201778808838,0.00014678997379045998,0.025859239034209842
6.797701058834042,0.00032436112650186325,0.00014678997379045998,0.025855531023328982
6.7985012182940014,-9.32011837001881e-05,0.00014678997379045998,0.025851924862120904
6.799301376274644,0.00020667406230508514,0.00014678997379045998,0.0258484230199788
6.800101532779139,0.00045816026079234864,0.00014678997379045998,0.02584466742421053
6.800901687810655,0.00024298675122389618,0.00014678997379045998,0.025840648044591304
6.801701841372366,0.00035073974369638494,0.00014678997379045998,0.025836756270432304
6.802501993467443,0.0005698483832432648,0.00014678997379045998,0.025833033334446538
6.803302144099054,0.0005140043829322573,0.00014678997379045998,0.02582658067999395
6.804102293270373,0.00037307203751756404,0.00014678997379045998,0.025820821588997598
6.804902440984569,0.00030166421323966214,0.00014678997379045998,0.025816535444581425
6.805702587244814,0.00012831304415489644,0.00014678997379045998,0.025812624330628316
6.8065027320542795,-3.732230357297167e-05,0.00014678997379045998,0.02580847409716837
6.807302875416136,-0.00039472241639683034,0.00014678997379045998,0.02580323106123261
6.808103017333553,-0.0003362137842041722,0.00014678997379045998,0.025797442566706134
6.808903157809704,-0.00014291900497014065,0.00014678997379045998,0.025791856142901113
6.809703296847759,-4.408520051249129e-05,0.00014678997379045998,0.02578820535796883
6.810503434450887,2.6336078997366008e-05,0.00014678997379045998,0.025784820919284163
6.811303570622262,0.00011279595123331668,0.00014678997379045998,0.025781706632442548
6.812103705365053,0.00017191940272678896,0.00014678997379045998,0.02577886636789157
6.812903838682433,6.643866720317665e-06,0.00014678997379045998,0.025776661013974654
6.813703970577571,4.525347503839608e-05,0.00014678997379045998,0.025773771730060333
6.814504101053639,0.00039097531125941234,0.00014678997379045998,0.0257709550517312
6.815304230113807,0.00048211625683529033,0.00014678997379045998,0.025768211299065695
6.8161043577612475,0.00021312312158509872,0.00014678997379045998,0.025765540796879764
6.81690448399913,-0.00015737832980081481,0.00014678997379045998,0.02576290608065181
6.817704608830627,-0.00017804182722020584,0.00014678997379045998,0.025760306172466673
6.818504732258908,7.369831046388081e-06,0.00014678997379045998,0.02575774009000479
6.819304854287146,0.00011149812172155799,0.00014678997379045998,0.025755206846542266
6.820104974918508,-0.00014592998404842558,0.00014678997379045998,0.025752705450950805
6.82090509415617,-0.00024802069915593264,0.00014678997379045998,0.02575023490769778
6.8217052120033,-0.00010620888163124717,0.00014678997379045998,0.025747794216846157
6.822505328463069,-0.00027161791919328923,0.00014678997379045998,0.02574538237405464
6.823305443538649,-3.5981845985057215e-05,0.00014678997379045998,0.025742998370577527
6.82410555723321,0.0003694100270176977,0.00014678997379045998,0.025740641193264836
6.824905669549924,0.00048640817772279896,0.00014678997379045998,0.025738309824562235
6.825705780491962,0.00047674964200774064,0.00014678997379045998,0.025736003242511074
6.826505890062494,0.00041677533482046766,0.00014678997379045998,0.025733720420748445
6.827305998264691,0.0004184097293665305,0.00014678997379045998,0.02573146032850708
6.828106105101726,0.00026838255898810684,0.00014678997379045998,0.025729221930615467
6.828906210576768,9.472366795111598e-06,0.00014678997379045998,0.025726701463255532
6.829706314692989,0.00016232321550618128,0.00014678997379045998,0.02572390861769324
6.830506417453559,0.0002725997028995876,0.00014678997379045998,0.02572118231301416
6.831306518861648,0.0005976538415130087,0.00014678997379045998,0.025718520401955217
6.83210661892043,0.0006926021291646482,0.00014678997379045998,0.025715920739512746
6.832906717633074,0.0005474123624913466,0.00014678997379045998,0.025713381182942065
6.833706815002752,2.9444135585272174e-05,0.00014678997379045998,0.025710899591757846
6.8345069110326335,-0.0004461295301998666,0.00014678997379045998,0.02570810870983403
6.835307005725891,-0.0005331391674836886,0.00014678997379045998,0.02570401496152154
6.836107099085695,-0.00040448112034379216,0.00014678997379045998,0.025699986807091377
6.836907191115216,-0.0002656763424549666,0.00014678997379045998,0.025696029077355825
6.837707281817626,-0.0002306612796633828,0.00014678997379045998,0.025692330354578935
6.838507371196095,0.00019099789326936303,0.00014678997379045998,0.025690321949460835
6.839307459253795,0.0002658011718882497,0.00014678997379045998,0.02568801551713229
6.840107545993896,0.0003097130506641947,0.00014678997379045998,0.02568573900354639
6.840907631419569,0.00018185568602054406,0.00014678997379045998,0.025683030226542034
6.841707715533985,-0.00028740604630266703,0.00014678997379045998,0.025680670851070057
6.842507798340316,-9.629888186485011e-05,0.00014678997379045998,0.02567835406656232
6.843307879841732,0.0002000581743367251,0.00014678997379045998,0.025676085804847332
6.844107960041405,0.0004498759402266593,0.00014678997379045998,0.025673872010118032
6.844908038942504,0.00047660280853181053,0.00014678997379045998,0.025671718638931702
6.845708116548202,0.0007945459879611094,0.00014678997379045998,0.025669631660209923
6.846508192861669,0.000732273100625961,0.00014678997379045998,0.025667617055238675
6.847308267886078,0.0004766772762692141,0.00014678997379045998,0.02566568081766823
6.848108341624595,0.000323153626351675,0.00014678997379045998,0.025663828953513046
6.848908414080397,4.621452505053705e-05,0.00014678997379045998,0.025662067481151872
6.849708485256651,-0.00011845045103989899,0.00014678997379045998,0.025660240308697985
6.850508555156529,-2.7818587592993993e-05,0.00014678997379045998,0.02565834785035097
6.851308623783202,0.00015584063439937762,0.00014678997379045998,0.025656552422198057
6.8521086911398426,0.00030511351105571086,0.00014678997379045998,0.025654848642413915
6.85290875722962,0.0003339700800128083,0.00014678997379045998,0.025653231142908066
6.8537088220557045,8.89555180143449e-05,0.00014678997379045998,0.02565169456932453
6.854508885621269,-0.0001538870257235883,0.00014678997379045998,0.025650233581041928
6.855308947929482,0.0001504485885581025,0.00014678997379045998,0.025649024016261745
6.856109008983519,0.0002698233134476695,0.00014678997379045998,0.02564715872271523
6.856909068786546,0.00022694222691457822,0.00014678997379045998,0.02564500101573186
6.857709127341737,0.00032439055967599384,0.00014678997379045998,0.025642793495740307
6.858509184652261,0.0004307218819314708,0.00014678997379045998,0.025640571913030437
6.8593092407212914,0.00029441042040358537,0.00014678997379045998,0.025638334285108554
6.8601092955519976,0.0004334995954766614,0.00014678997379045998,0.025636078618219777
6.86090934914755,0.0006346395315837104,0.00014678997379045998,0.025633802907348274
6.861709401511122,0.001036900442083391,0.00014678997379045998,0.025631505136217196
6.862509452645882,0.001420193368270168,0.00014678997379045998,0.025629183277288612
6.863309502555002,0.0011444931186394766,0.00014678997379045998,0.0256268352917637
6.864109551241653,0.001518059711842476,0.00014678997379045998,0.025624459129582642
6.864909598709007,0.0016423167721682543,0.00014678997379045998,0.025622052729424666
6.865709644960233,0.0011455739929743247,0.00014678997379045998,0.025619706903031142
6.8665096899985025,0.0004703651083423216,0.00014678997379045998,0.02561741627270062
6.867309733826987,0.00018467188803822712,0.00014678997379045998,0.025615412100234658
6.8681097764488594,-1.7776409285616412e-06,0.00014678997379045998,0.02561341915141709
6.868909817867287,0.0003357860827613024,0.00014678997379045998,0.02561149926285633
6.869709858085442,0.0006093815459738312,0.00014678997379045998,0.02561065546108463
6.870509897106498,0.00043329310345640096,0.00014678997379045998,0.02560875115639335
6.871309934933623,0.00016851296345182093,0.00014678997379045998,0.025606392852843687
6.872109971569988,0.0002737906271213682,0.00014678997379045998,0.02560398294304508
6.872910007018765,0.0004843045811151088,0.00014678997379045998,0.025601521579924454
6.873710041283126,0.0003752271825139923,0.00014678997379045998,0.025599008902677734
6.87451007436624,0.0004180468278271385,0.00014678997379045998,0.025596639214872336
6.87531010627128,0.0007623122348911215,0.00014678997379045998,0.02559489824127555
6.876110137001414,0.0011952213784973895,0.00014678997379045998,0.025591746639930697
6.876910166559817,0.0007240492395077999,0.00014678997379045998,0.025589319790821106
6.877710194949657,0.000384189777898631,0.00014678997379045998,0.02558741183869628
6.878510222174104,7.801556891251851e-05,0.00014678997379045998,0.025585492609888037
6.879310248236332,-2.3081431727314805e-05,0.00014678997379045998,0.02558254028537134
6.880110273139512,0.00021707232965580137,0.00014678997379045998,0.025579056140372387
6.880910296886813,0.0002549165458703706,0.00014678997379045998,0.025576849054382365
6.881710319481407,0.00011938924569692214,0.00014678997379045998,0.025574306993384074
6.882510340926464,-8.490293611794139e-05,0.00014678997379045998,0.025571424384567998
6.883310361225156,-0.0002053140805363847,0.00014678997379045998,0.02556819557121877
6.884110380380654,-0.00020425128992082944,0.00014678997379045998,0.025563935649769966
6.884910398396128,0.0001866257512378143,0.00014678997379045998,0.025560140691774886
6.88571041527475,0.00047391941586375635,0.00014678997379045998,0.02555760127822968
6.886510431019692,0.0006989689513546109,0.00014678997379045998,0.02555523129316117
6.887310445634122,0.0009421585243695116,0.00014678997379045998,0.025552877662596046
6.888110459121213,0.0008581236183761685,0.00014678997379045998,0.025550655384709457
6.888910471484137,0.0005135297870390472,0.00014678997379045998,0.025548556899598597
6.889710482726063,0.00013823333724351586,0.00014678997379045998,0.02554657467979344
6.8905104928501615,0.0001141767289972763,0.00014678997379045998,0.025544701230256674
6.891310501859605,0.00019762648433006152,0.00014678997379045998,0.025542929088383657
6.892110509757565,0.00011950234208198823,0.00014678997379045998,0.025540994327824335
6.892910516547211,2.3267756585843014e-05,0.00014678997379045998,0.025538898646659425
6.893710522231715,-9.0911792427463e-05,0.00014678997379045998,0.025536643711113763
6.894510526814247,-0.00019051916925518636,0.00014678997379045998,0.025534855068835575
6.895310530297978,-8.962180228340097e-05,0.00014678997379045998,0.025531255321974484
6.896110532686081,-5.2033719916796256e-05,0.00014678997379045998,0.02552822182143206
6.896910533981726,-0.00028349983730301814,0.00014678997379045998,0.02552477130388778
6.897710534188081,-0.0002906177250003861,0.00014678997379045998,0.02552092848119171
6.898510533308322,-9.764848836006992e-05,0.00014678997379045998,0.025516712319466558
6.899310531345617,0.0004120052202221218,0.00014678997379045998,0.025512590908441674
6.900110528303137,0.0005009971694875485,0.00014678997379045998,0.025508567126985682
6.900910524184053,0.0001598872996108787,0.00014678997379045998,0.025504643887687837
6.901710518991537,-0.0002860210632957723,0.00014678997379045998,0.025500824136858113
6.902510512728759,-0.00014486217344836586,0.00014678997379045998,0.025497110854526998
6.903310505398891,0.0001802553886133297,0.00014678997379045998,0.02549380972839035
6.904110497005104,0.0008822587311542764,0.00014678997379045998,0.02549146243566535
6.904910487550568,0.0009164960060103651,0.00014678997379045998,0.02548903233204194
6.905710477038454,0.0007930918859888267,0.00014678997379045998,0.025486483553847285
6.906510465471934,0.00027449185719211067,0.00014678997379045998,0.025483826677257262
6.907310452854178,0.0003885511212121974,0.00014678997379045998,0.025481072261437483
6.908110439188357,0.0006697895082904172,0.00014678997379045998,0.025478090326810168
6.908910424477644,0.001400555574252442,0.00014678997379045998,0.025474886519556945
6.909710408725206,0.001375656512097076,0.00014678997379045998,0.025471466434855965
6.910510391934218,0.0007803506750415148,0.00014678997379045998,0.025468202335541736
6.911310374107849,0.00039320684979088014,0.00014678997379045998,0.025465086710310347
6.91211035524927,3.417204197414536e-05,0.00014678997379045998,0.025462112088768335
6.912910335361653,9.853896562947786e-05,0.00014678997379045998,0.025459271041432873
6.913710314448167,1.6279894708974563e-05,0.00014678997379045998,0.025457179574243722
6.914510292511985,5.555254200925036e-06,0.00014678997379045998,0.025454619320324643
6.9153102695562785,0.0001412538153892466,0.00014678997379045998,0.025452622808891327
6.916110245584216,0.0005112999067022617,0.00014678997379045998,0.025450184114087424
6.91691022059897,0.00037099478754580237,0.00014678997379045998,0.025447090524959123
6.917710194603711,0.0003385219096764154,0.00014678997379045998,0.02544398759401205
6.91851016760161,0.0002832320733330909,0.00014678997379045998,0.025440875194075088
6.919310139595839,0.0004606871875616411,0.00014678997379045998,0.025437753199567002
6.920110110589568,0.000645838861390767,0.00014678997379045998,0.025434621486496486
6.920910080585968,0.0006436311465609079,0.00014678997379045998,0.025431479932462146
6.921710049588211,0.0004739257566410693,0.00014678997379045998,0.02542640483606249
6.922510017599466,0.0002418518653457373,0.00014678997379045998,0.025421554033682927
6.923309984622906,0.00038473856153065436,0.00014678997379045998,0.025417660416045568
6.924109950661701,0.0004311137987072465,0.00014678997379045998,0.025414263457143493
6.924909915719022,0.0001879266071139682,0.00014678997379045998,0.02541089065802998
6.92570987979804,-0.0002058036210477593,0.00014678997379045998,0.025407543208695905
6.926509842901926,-0.00022684193399562583,0.00014678997379045998,0.025404222309916753
6.927309805033852,-8.735433702811504e-05,0.00014678997379045998,0.025400929173252654
6.928109766196987,1.5593249742047732e-05,0.00014678997379045998,0.025397665021048493
6.928909726394504,0.00018489813392679258,0.00014678997379045998,0.025394431086433744
6.929709685629573,0.0002382601669627983,0.00014678997379045998,0.025390923512153368
6.930509643905364,9.721643881144965e-05,0.00014678997379045998,0.025387132959654155
6.93130960122505,0.0002777405413899453,0.00014678997379045998,0.025383050027360788
6.932109557591801,0.0003874163927476311,0.00014678997379045998,0.025378826528120218
6.932909513008788,0.00030519652133494807,0.00014678997379045998,0.02537486079420523
6.933709467479182,3.0958919549434194e-05,0.00014678997379045998,0.02537116284028363
6.934509421006154,4.25961879040003e-05,0.00014678997379045998,0.025367041066124394
6.935309373592875,0.0005413898732354976,0.00014678997379045998,0.02536234525478876
6.936109325242516,0.0007278828325483142,0.00014678997379045998,0.025358362922270936
6.936909275958247,0.0006353084430903051,0.00014678997379045998,0.02535359760893974
6.937709225743242,0.00015856165860472088,0.00014678997379045998,0.025350162440400524
6.938509174600669,0.00031732771674073193,0.00014678997379045998,0.025347106820749813
6.939309122533699,0.00046153861405822186,0.00014678997379045998,0.025343951119912132
6.940109069545505,0.00043300267527242656,0.00014678997379045998,0.025340698516850613
6.9409090156392566,2.9217249130544104e-05,0.00014678997379045998,0.025337352171040904
6.941708960818126,-0.00011021173658068081,0.00014678997379045998,0.025333915222471307
6.942508905085282,0.0002652472296643636,0.00014678997379045998,0.025330390791642857
6.943308848443897,0.0005854721893638268,0.00014678997379045998,0.02532678197956915
6.944108790897143,0.0005509251619529726,0.00014678997379045998,0.025322746235192817
6.944908732448188,0.0004034690871165189,0.00014678997379045998,0.025318274620007117
6.9457086731002065,0.0003933464705314915,0.00014678997379045998,0.025313358092405477
6.946508612856367,0.0003029759528096962,0.00014678997379045998,0.025308078664464675
6.947308551719843,-2.229810901527296e-05,0.00014678997379045998,0.025302423855818296
6.9481084896938015,7.311840405874875e-05,0.00014678997379045998,0.02529638110584703
6.948908426781418,0.0001568216421970088,0.00014678997379045998,0.025289937773678973
6.949708362985859,4.512411383887291e-05,0.00014678997379045998,0.025282956009246342
6.950508298310299,0.00017518179846300747,0.00014678997379045998,0.02527657416486667
6.951308232757907,-5.5629425464338855e-06,0.00014678997379045998,0.025270869829331074
6.952108166331856,-0.00030848315815039384,0.00014678997379045998,0.025265313410405815
6.952908099035316,-0.00023702513797213554,0.00014678997379045998,0.025259729684650407
6.953708030871456,-0.00022572618934628766,0.00014678997379045998,0.02525411406805865
6.95450796184345,-0.00012394224212436064,0.00014678997379045998,0.02524846198143892
6.955307891954467,-0.00016915209939451573,0.00014678997379045998,0.02524294129186591
6.956107821207679,0.000126865515763179,0.00014678997379045998,0.025237541314744306
6.956907749606257,0.0004761122299249271,0.00014678997379045998,0.025233335878752983
6.957707677153372,0.0011408972230152019,0.00014678997379045998,0.025230746582373634
6.958507603852193,0.001374525475735109,0.00014678997379045998,0.02522671528956758
6.959307529705894,0.0014052906866477838,0.00014678997379045998,0.02522205211121155
6.960107454717645,0.0015782429669331452,0.00014678997379045998,0.025217390470907482
6.9609073788906155,0.0016293047790506832,0.00014678997379045998,0.025212726420321904
6.961707302227979,0.0013383984154204352,0.00014678997379045998,0.025208056018373996
6.962507224732904,0.001173186988832134,0.00014678997379045998,0.02520337533123568
6.963307146408563,0.0014289593660658066,0.00014678997379045998,0.025199542256282764
6.9641070672581264,0.0007208728944337432,0.00014678997379045998,0.025195462862230365
6.964906987284765,0.0005183984671866468,0.00014678997379045998,0.025191289111845795
6.9657069064916515,0.0002557111433935874,0.00014678997379045998,0.025186751130859785
6.966506824881955,0.00030464967938699516,0.00014678997379045998,0.02518197885126317
6.967306742458847,0.00014518766734290464,0.00014678997379045998,0.02517696655649456
6.968106659225497,-0.00013197453359219125,0.00014678997379045998,0.025171708476302644
6.968906575185079,-0.0001851518756443224,0.00014678997379045998,0.025166198786746162
6.969706490340762,-6.517928713349261e-05,0.00014678997379045998,0.02516068447508138
6.970506404695719,-1.1577065435357248e-05,0.00014678997379045998,0.025155168389621778
6.971306318253117,0.0001033482397708313,0.00014678997379045998,0.02514965338616328
6.972106231016132,0.00029790564141062015,0.00014678997379045998,0.025144142327984037
6.972906142987931,0.0003283783867767988,0.00014678997379045998,0.025138638085844663
6.9737060541716875,2.1131414511047636e-05,0.00014678997379045998,0.025133143537988085
6.97450596457057,0.0003035868079367121,0.00014678997379045998,0.02512766157013954
6.975305874187752,0.0006099095374246001,0.00014678997379045998,0.02512219507550662
6.976105783026402,0.00033866500762785856,0.00014678997379045998,0.025116746954779254
6.976905691089695,0.0004317624575512387,0.00014678997379045998,0.025111320116129678
6.977705598380798,0.0005620443626399886,0.00014678997379045998,0.025105917475212423
6.978505504902882,0.0005248659049768151,0.00014678997379045998,0.02510054195516434
6.979305410659121,0.00044209065050448623,0.00014678997379045998,0.025095196486604604
6.980105315652684,0.0004019140484353839,0.00014678997379045998,0.025089884007634598
6.9809052198867425,0.0002585430560191511,0.00014678997379045998,0.025084607463838105
6.981705123364468,9.195541181857003e-05,0.00014678997379045998,0.025079369808281016
6.982505026089029,-7.978309753900112e-05,0.00014678997379045998,0.025075036808655006
6.9833049280636,-0.0002925040949096451,0.00014678997379045998,0.025070631680066575
6.98410482929135,-9.954256943141629e-05,0.00014678997379045998,0.025065950278882507
6.98490472977545,0.0005673716465361342,0.00014678997379045998,0.025061105986129328
6.985704629519072,0.0007012102092246973,0.00014678997379045998,0.025057527757833008
6.986504528525385,0.00057266604021005,0.00014678997379045998,0.02505437389989791
6.987304426797562,0.00022646794847376236,0.00014678997379045998,0.02505068395159215
6.988104324338773,-2.941274850933734e-05,0.00014678997379045998,0.025046318649515474
6.988904221152189,-0.00015458713566944213,0.00014678997379045998,0.025041301154994127
6.989704117240981,8.130766561780661e-05,0.00014678997379045998,0.02503605132419848
6.990504012608321,0.0003475244762271186,0.00014678997379045998,0.025030577929880855
6.991303907257379,0.0007131143141050414,0.00014678997379045998,0.02502528653896569
6.992103801191327,0.0008491325036844681,0.00014678997379045998,0.025020171734561125
6.992903694413333,0.0003505757876785809,0.00014678997379045998,0.025015228140871898
6.993703586926573,0.0003090911886695982,0.00014678997379045998,0.02501120630293646
6.994503478734213,0.0008034563920627964,0.00014678997379045998,0.02500774845559533
6.9953033698394265,0.000820817220668648,0.00014678997379045998,0.025005297749983953
6.996103260245385,0.0006737699506223424,0.00014678997379045998,0.02500094992126055
6.996903149955258,0.0005526803449699309,0.00014678997379045998,0.024995518768539074
6.997703038972217,0.00014900300346798803,0.00014678997379045998,0.024990846015654804
6.998502927299434,1.1081601574043642e-05,0.00014678997379045998,0.024984796772317457
6.999302814940078,0.00017741562624825138,0.00014678997379045998,0.024978719722736218
7.0001027018973225,0.00019557776470601612,0.00014678997379045998,0.024972518564187172
7.000902588174335,-1.140209273455331e-05,0.00014678997379045998,0.024966719913188058
7.00170247377429,0.0001224181260125745,0.00014678997379045998,0.02496089518049241
7.002502358700357,0.0005475063045063885,0.00014678997379045998,0.024955043163389066
7.003302242955707,0.00027570358935575037,0.00014678997379045998,0.024949162643083476
7.00410212654351,7.922334515004723e-05,0.00014678997379045998,0.02494339688694987
7.00490200946694,-0.00016446119782323118,0.00014678997379045998,0.024937739519794777
7.005701891729164,7.637240707488238e-05,0.00014678997379045998,0.02493218418655672
7.006501773333356,8.147937987897785e-05,0.00014678997379045998,0.02492672455230599
7.007301654282686,-0.0001085043691716088,0.00014678997379045998,0.024921354302244923
7.008101534580324,-0.00020730594981872852,0.00014678997379045998,0.024916985315016425
7.0089014142294435,-0.00019886235662345056,0.00014678997379045998,0.024910298369659193
7.009701293233213,-0.00024155435364853553,0.00014678997379045998,0.02490421870668937
7.010501171594804,0.0002608208478337079,0.00014678997379045998,0.024898426939227895
7.011301049317389,0.0005537171815257272,0.00014678997379045998,0.024891484890091634
7.012100926404138,0.0004908639309730012,0.00014678997379045998,0.024884547198227587
7.012900802858221,0.0001001693469313801,0.00014678997379045998,0.024878680023197694
7.0137006786828096,9.563835806970442e-05,0.00014678997379045998,0.02487334423959229
7.014500553881076,0.00035124140143392296,0.00014678997379045998,0.024867604811888357
7.01530042845619,0.0003618805447076698,0.00014678997379045998,0.024861442900310015
7.016100302411322,0.00018731950860016375,0.00014678997379045998,0.024854951279925614
7.016900175749646,-5.453646160966108e-05,0.00014678997379045998,0.024848918583518384
7.017700048474329,-0.00022098758276643815,0.00014678997379045998,0.024842796829988918
7.018499920588544,-0.00019286760466189976,0.00014678997379045998,0.02483732665887054
7.019299792095462,7.251008086520822e-05,0.00014678997379045998,0.024831787641794317
7.020099662998255,0.0004160257998638249,0.00014678997379045998,0.024826592149262406
7.020899533300091,0.00059631197614015,0.00014678997379045998,0.02482158569307207
7.021699403004144,0.0007844111669805982,0.00014678997379045998,0.024816763939316033
7.022499272113583,0.0009609147803799484,0.00014678997379045998,0.024812122594396715
7.02329914063158,0.0007213982419018716,0.00014678997379045998,0.02480765740502617
7.024099008561305,0.00053180685835039,0.00014678997379045998,0.024803364158226083
7.024898875905931,0.0005328433187789805,0.00014678997379045998,0.024799145040628273
7.025698742668627,0.0002972349334300628,0.00014678997379045998,0.0247945321303877
7.026498608852565,-0.0001154972291130367,0.00014678997379045998,0.024789541196856966
7.027298474460916,-0.00024099281725220925,0.00014678997379045998,0.02478418790916426
7.02809833949685,-0.00013622123092221772,0.00014678997379045998,0.024780521400805288
7.028898203963539,-0.000249802410496696,0.00014678997379045998,0.024775569362179464
7.029698067864154,-0.00017291430804059968,0.00014678997379045998,0.024770622652362018
7.030497931201865,-5.215268765392314e-05,0.00014678997379045998,0.024765677271375918
7.031297793979844,9.435361894166369e-05,0.00014678997379045998,0.024760729210476645
7.032097656201262,0.00016225549858368132,0.00014678997379045998,0.0247557744521523
7.03289751786929,0.00014188718285016583,0.00014678997379045998,0.02475080897012365
7.033697378987097,0.00031914562348487815,0.00014678997379045998,0.02474582872934406
7.034497239557856,0.0004582944931933765,0.00014678997379045998,0.02474082968599949
7.035297099584738,0.0003425711934011248,0.00014678997379045998,0.02473580778750859
7.036096959070913,0.00040836941378459557,0.00014678997379045998,0.024730758972522637
7.036896818019554,0.00033308507514602514,0.00014678997379045998,0.02472493241612438
7.03769667643383,0.0005141339171227215,0.00014678997379045998,0.024719037393904294
7.038496534316912,0.00048163224775357727,0.00014678997379045998,0.02471307175451464
7.0392963916719715,0.00034042819713704306,0.00014678997379045998,0.024707033322833298
7.04009624850218,0.00017936431418931822,0.00014678997379045998,0.024700919899963626
7.040896104810708,0.00013325694201064484,0.00014678997379045998,0.024694697663357548
7.041695960600726,9.01380510662797e-05,0.00014678997379045998,0.024689223218228164
7.042495815875405,0.0005084392913156897,0.00014678997379045998,0.024683766828498332
7.043295670637918,0.0010212488915508702,0.00014678997379045998,0.0246783288973414
7.044095524891434,0.0013436380386198515,0.00014678997379045998,0.024672909821606342
7.044895378639123,0.0014760731826302526,0.00014678997379045998,0.0246675099918178
7.045695231884159,0.001536126121450123,0.00014678997379045998,0.02466212979217616
7.046495084629711,0.0016105928350281414,0.00014678997379045998,0.024656769600557345
7.04729493687895,0.0010083059495792634,0.00014678997379045998,0.02465142978851305
7.048094788635049,0.0003786687296031231,0.00014678997379045998,0.024646110721270646
7.048894639901175,6.544012157796986e-05,0.00014678997379045998,0.024640812757733218
7.049694490680503,-3.56111132288478e-05,0.00014678997379045998,0.02463553625047948
7.050494340976202,0.00015490437915822303,0.00014678997379045998,0.024630281545763844
7.0512941907914435,0.0001753292764172104,0.00014678997379045998,0.02462511916679269
7.052094040129398,-0.00010549534732990154,0.00014678997379045998,0.024620046958400775
7.052893888993236,5.251629483663672e-05,0.00014678997379045998,0.02461487438740899
7.053693737386131,0.0003068479459876622,0.00014678997379045998,0.024609742456982497
7.054493585311252,0.000552982155598996,0.00014678997379045998,0.024604650840168493
7.05529343277177,0.0006788738095003799,0.00014678997379045998,0.02459959920826327
7.056093279770856,0.0007099507733343037,0.00014678997379045998,0.024594587230812353
7.056893126311681,0.0008505770567747498,0.00014678997379045998,0.02458992811062002
7.057692972397417,0.0007437451411125701,0.00014678997379045998,0.024585632400006475
7.058492818031234,0.0006369653642539948,0.00014678997379045998,0.024581369657173315
7.059292663216302,0.0009650659851300931,0.00014678997379045998,0.024577138740385
7.060092507955796,0.0011826697724708901,0.00014678997379045998,0.024572938499493963
7.060892352252882,0.0010713498349349641,0.00014678997379045998,0.024568948150703512
7.061692196110735,0.000669489305839821,0.00014678997379045998,0.02456516013077623
7.062492039532523,0.000575788836639491,0.00014678997379045998,0.0245616433738301
7.063291882521417,0.0003521118163844032,0.00014678997379045998,0.024558393045007287
7.064091725080591,0.00022535781430444227,0.00014678997379045998,0.02455559943065864
7.0648915672132135,0.00032179653745766437,0.00014678997379045998,0.024551910827062373
7.065691408922456,0.00023264397179146787,0.00014678997379045998,0.024547990145705224
7.06649125021149,2.5990242768791222e-05,0.00014678997379045998,0.024542745279964043
7.0672910910834865,3.498511807613694e-05,0.00014678997379045998,0.02453811597089112
7.068090931541615,0.00027015504372547225,0.00014678997379045998,0.024533783776462204
7.068890771589048,0.0005369071164756552,0.00014678997379045998,0.024530135327095852
7.069690611228957,0.0002968285265544206,0.00014678997379045998,0.024526038762347477
7.070490450464511,-0.0001517080981660833,0.00014678997379045998,0.024521865214140837
7.071290289298883,-0.0004125028970977107,0.00014678997379045998,0.024517621885472605
7.072090127735242,-0.00015890802886205785,0.00014678997379045998,0.02451331595771601
7.072889965776761,-5.3114476136296995e-05,0.00014678997379045998,0.02450895459062096
7.07368980342661,3.5313920412359534e-05,0.00014678997379045998,0.02450454492231391
7.074489640687959,3.5711600724058074e-05,0.00014678997379045998,0.024500198013685977
7.075289477563981,-2.481315523221103e-05,0.00014678997379045998,0.024495917273654015
7.076089314057846,-0.00010613549187555443,0.00014678997379045998,0.024491706115561136
7.0768891501727245,-0.0002862145435793238,0.00014678997379045998,0.024487567957176385
7.077688985911788,-0.00026195135861114757,0.00014678997379045998,0.02448395229982842
7.078488821278208,-0.00016206749937320436,0.00014678997379045998,0.024480282845812024
7.079288656275154,-6.627314843513435e-05,0.00014678997379045998,0.02447642699140756
7.080088490905799,0.0001535426993128572,0.00014678997379045998,0.024472385638294535
7.080888325173313,0.0003656106089429921,0.00014678997379045998,0.024468488734294056
7.0816881590808665,0.00036375838525084386,0.00014678997379045998,0.024464725393105725
7.082487992631631,0.0005678477528388605,0.00014678997379045998,0.024461084752091102
7.083287825828776,0.0009205052741741507,0.00014678997379045998,0.024457368337490282
7.084087658675475,0.0008259015859830299,0.00014678997379045998,0.02445448621041136
7.084887491174899,0.0004878852634415051,0.00014678997379045998,0.02445209772075951
7.085687323330216,0.000495223438799073,0.00014678997379045998,0.024449538963922907
7.086487155144601,0.00062049454445166,0.00014678997379045998,0.02444636565333404
7.087286986621221,0.00042050094504315905,0.00014678997379045998,0.024442921286319134
7.08808681776325,0.0004898524716606262,0.00014678997379045998,0.024439596541673176
7.088886648573857,0.0006036887700274704,0.00014678997379045998,0.02443638913172441
7.089686479056214,0.0005175811773038379,0.00014678997379045998,0.02443329678257346
7.090486309213492,0.0005663665024605892,0.00014678997379045998,0.02443031723409361
7.0912861390488615,0.0005710409125277288,0.00014678997379045998,0.02442744823993073
7.092085968565494,0.00033145614861158565,0.00014678997379045998,0.024424687567503142
7.09288579776656,0.0003261009821328466,0.00014678997379045998,0.024422032998001893
7.093685626655231,0.0003496991170683465,0.00014678997379045998,0.02441938612501947
7.094485455234678,0.00017495001637113372,0.00014678997379045998,0.024416741417058244
7.095285283508071,1.6206489774666516e-05,0.00014678997379045998,0.024414093333118458
7.096085111478582,-0.00015712818414045232,0.00014678997379045998,0.024411436322698085
7.096884939149382,-0.00014762401768406846,0.00014678997379045998,0.024408764825792913
7.097684766523641,-9.711032761997376e-05,0.00014678997379045998,0.02440502992985484
7.098484593604532,-6.770202499353437e-05,0.00014678997379045998,0.02440236124386348
7.0992844203952234,-0.00031395432250457336,0.00014678997379045998,0.024400199738407957
7.100084246898888,-0.00040587495855805636,0.00014678997379045998,0.024397861355278723
7.100884073118697,-0.00031497982748364753,0.00014678997379045998,0.024395355727798575
7.101683899057819,0.0001133831054951212,0.00014678997379045998,0.02439269243819217
7.102483724719427,0.00040727259310826755,0.00014678997379045998,0.024389679905072324
7.103283550106693,0.0004442072585151939,0.00014678997379045998,0.024386063300010072
7.104083375222785,0.0003176393916797769,0.00014678997379045998,0.024382591312993522
7.104883200070876,0.00033037861127152915,0.00014678997379045998,0.024379550379644208
7.105683024654138,0.00024196999690504623,0.00014678997379045998,0.024376510868948997
7.10648284897574,-7.580916497027662e-05,0.00014678997379045998,0.02437348020041755
7.107282673038853,-0.00025369234873950583,0.00014678997379045998,0.024370465786176524
7.108082496846648,-0.0003846291328777861,0.00014678997379045998,0.02436772807293977
7.108882320402297,-0.0006065670803605122,0.00014678997379045998,0.02436526548501106
7.109682143708971,-0.0002751726900441509,0.00014678997379045998,0.024362842008543634
7.110481966769839,-9.013398499231953e-05,0.00014678997379045998,0.024360862891017927
7.111281789588076,-0.00036466988684208043,0.00014678997379045998,0.024359347440863717
7.112081612166849,-0.00011586541428991459,0.00014678997379045998,0.024358126043614575
7.11288143450933,-4.4190955731045894e-05,0.00014678997379045998,0.024357185071746397
7.113681256618691,5.123461201603924e-05,0.00014678997379045998,0.024356390095676084
7.114481078498103,0.0003516058958977983,0.00014678997379045998,0.024354064707095845
7.115280900150736,0.0006163466468706268,0.00014678997379045998,0.02435150426827241
7.1160807215797615,0.0008805880813229847,0.00014678997379045998,0.024348900141778918
7.116880542788351,0.0006060128716450924,0.00014678997379045998,0.024346243499193197
7.117680363779674,0.0006383431869720312,0.00014678997379045998,0.024343549796479957
7.118480184556903,0.0007302643424091024,0.00014678997379045998,0.0243405917106651
7.119280005123208,0.00037646555027924175,0.00014678997379045998,0.02433736719964342
7.12007982548176,0.00013937004668167566,0.00014678997379045998,0.02433413980446511
7.120879645635731,-7.282032413169146e-05,0.00014678997379045998,0.02433102811736025
7.121679465588292,-0.0002763940994503951,0.00014678997379045998,0.024328035209853157
7.122479285342612,6.381361209492967e-05,0.00014678997379045998,0.02432454092577091
7.123279104901863,0.00031936665815383153,0.00014678997379045998,0.024321789202458935
7.1240789242692175,9.804091617192368e-05,0.00014678997379045998,0.02431935872382749
7.124878743447846,0.00014995799653162722,0.00014678997379045998,0.024316543950454225
7.125678562440917,0.0002885107435645455,0.00014678997379045998,0.024313925741462367
7.126478381251605,0.0005199560530145149,0.00014678997379045998,0.02431169486897695
7.127278199883078,0.0003438820545219948,0.00014678997379045998,0.024309404496024704
7.128078018338509,0.00010896106713441378,0.00014678997379045998,0.024307273157522756
7.128877836621068,-3.297600398277298e-05,0.00014678997379045998,0.02430529549503613
7.129677654733926,-6.725413756581908e-05,0.00014678997379045998,0.024303466175422554
7.130477472680255,0.00012271873866600766,0.00014678997379045998,0.024301779890832802
7.131277290463224,0.000334390704137294,0.00014678997379045998,0.02429991787579468
7.132077108086005,-5.71042833164663e-05,0.00014678997379045998,0.024297295006729832
7.132876925551771,-9.55676993251095e-06,0.00014678997379045998,0.024294920975951068
7.13367674286369,0.00020118799701628748,0.00014678997379045998,0.02429284240996402
7.134476560024934,0.0005370583573297179,0.00014678997379045998,0.024291061156272387
7.135276377038675,0.0005524749293422913,0.00014678997379045998,0.024289579138392345
7.136076193908083,0.0005089049862081509,0.00014678997379045998,0.024288398355852628
7.136876010636328,0.00022630538444909365,0.00014678997379045998,0.024287520884194443
7.137675827226583,-0.00019146685177808334,0.00014678997379045998,0.024286948874971594
7.1384756436820185,-0.00020436253972883067,0.00014678997379045998,0.02428630474098079
7.139275460005805,0.00010756699104490924,0.00014678997379045998,0.02428473923716382
7.140075276201113,8.431932196759431e-05,0.00014678997379045998,0.024282929506966817
7.140875092271115,3.142544327695146e-05,0.00014678997379045998,0.024280870808925416
7.14167490821898,-0.00028221655860962563,0.00014678997379045998,0.02427806953730657
7.14247472404788,-3.2537710954790716e-05,0.00014678997379045998,0.02427574623552586
7.143274539760987,0.00013353847646632028,0.00014678997379045998,0.024272745611620045
7.14407435536147,0.000379121863800274,0.00014678997379045998,0.024270068272053028
7.1448741708525025,0.0006091831100001298,0.00014678997379045998,0.024267964874105673
7.145673986237252,0.0005485544913239292,0.00014678997379045998,0.02426581363696516
7.146473801518893,0.000312860360407112,0.00014678997379045998,0.024264065579158348
7.147273616700595,0.0004965919995552313,0.00014678997379045998,0.02426294877796675
7.148073431785528,0.00025852821208537796,0.00014678997379045998,0.02426039834752301
7.148873246776866,0.00016740348284110043,0.00014678997379045998,0.02425792820030693
7.149673061677777,-0.00011754934783935259,0.00014678997379045998,0.02425553580229319
7.150472876491431,0.000193328720462127,0.00014678997379045998,0.024253218632172228
7.151272691221003,0.00015242774200540515,0.00014678997379045998,0.02425097418135021
7.152072505869661,0.00016747178381027947,0.00014678997379045998,0.024248530941112397
7.1528723204405775,0.0005735646362746982,0.00014678997379045998,0.02424621033532371
7.153672134936923,0.0008089361044395053,0.00014678997379045998,0.024244008217818403
7.154471949361867,0.0009106960843226694,0.00014678997379045998,0.024241722287509104
7.155271763718583,0.0008740224591664465,0.00014678997379045998,0.024239355473922485
7.156071578010242,0.000734707247781418,0.00014678997379045998,0.024236910681003823
7.156871392240012,0.00044400258579541454,0.00014678997379045998,0.024234390787117262
7.1576712064110675,0.00015290353511642277,0.00014678997379045998,0.024231798645045627
7.1584710205265765,0.00013543374713005651,0.00014678997379045998,0.024229137081990555
7.159270834589711,0.0002173095814735522,0.00014678997379045998,0.024226903094030628
7.160070648603644,0.0003810534835012938,0.00014678997379045998,0.024225081932826627
7.160870462571544,0.0002965403926928137,0.00014678997379045998,0.024223658948300253
7.161670276496582,0.00032954838064564243,0.00014678997379045998,0.024223203076207626
7.16247009038193,0.0005749447228444761,0.00014678997379045998,0.02422295074461866
7.163269904230759,0.0007943140927468423,0.00014678997379045998,0.02422159309566941
7.16406971804624,0.0005686658987995065,0.00014678997379045998,0.024220171665462944
7.1648695318315445,0.00023794571600567124,0.00014678997379045998,0.024218560583118328
7.1656693455898415,2.4662932161901435e-05,0.00014678997379045998,0.024216756625888493
7.166469159324303,4.940816569101725e-05,0.00014678997379045998,0.024214756528211905
7.167268973038102,0.00033268794855264086,0.00014678997379045998,0.024212772735340407
7.168068786734406,0.0004510561317040626,0.00014678997379045998,0.024210809387401742
7.168868600416388,0.0005507561413757647,0.00014678997379045998,0.02420887063391092
7.169668414087219,0.0008146498923154652,0.00014678997379045998,0.024206960633769967
7.17046822775007,0.0005268745817253208,0.00014678997379045998,0.024205083555268157
7.171268041408111,0.00038956291920357045,0.00014678997379045998,0.02420324357608182
7.172067855064513,0.000728172643742378,0.00014678997379045998,0.024201444883274394
7.172867668722449,0.0010371081250782586,0.00014678997379045998,0.024199691673296563
7.173667482385088,0.0006944882858980379,0.00014678997379045998,0.024197988151986025
7.174467296055602,0.00048108746497464716,0.00014678997379045998,0.024196244122429957
7.1752671097371605,0.00033739363160592215,0.00014678997379045998,0.024194460531093302
7.176066923432937,0.00023710668500304816,0.00014678997379045998,0.024192638310985108
7.1768667371461,-0.00011346295586205438,0.00014678997379045998,0.02419077838165836
7.177666550879823,-0.00018780580473835504,0.00014678997379045998,0.024188881649209983
7.178466364637274,-2.9865298243267335e-06,0.00014678997379045998,0.024186949006280864
7.179266178421627,0.00028036496094354865,0.00014678997379045998,0.024184981332056033
7.18006599223605,0.0003309261681395288,0.00014678997379045998,0.024182979492264285
7.180865806083716,7.766273633042636e-05,0.00014678997379045998,0.02418088227205536
7.181665619967796,-0.00012275607188997825,0.00014678997379045998,0.02417883890640339
7.18246543389146,-0.00015434054540486644,0.00014678997379045998,0.024177054608398
7.18326524785788,-0.0001165065758936927,0.00014678997379045998,0.02417512871692688
7.184065061870226,0.00014414789025867306,0.00014678997379045998,0.02417277026056766
7.18486487593167,0.0004293184011662267,0.00014678997379045998,0.024169976109239138
7.185664690045381,0.00028747526458559186,0.00014678997379045998,0.024165595196259926
7.186464504214533,0.00037160987108195154,0.00014678997379045998,0.024162339141980203
7.187264318442295,0.000262049314229261,0.00014678997379045998,0.02415946808595596
7.188064132731838,0.0002884472762762491,0.00014678997379045998,0.024156725825627282
7.188863947086334,0.0004348868667893163,0.00014678997379045998,0.024154102559874106
7.189663761508953,0.00036915176516601894,0.00014678997379045998,0.024151588517228022
7.190463576002866,4.876154207646491e-05,0.00014678997379045998,0.02414852232433682
7.191263390571245,-2.9262541045901175e-05,0.00014678997379045998,0.02414452904076593
7.19206320521726,1.6206020126557918e-06,0.00014678997379045998,0.024140670338775247
7.192863019944082,0.0001224226777071409,0.00014678997379045998,0.02413735322927278
7.193662834754884,0.00013250463715853977,0.00014678997379045998,0.024134571169475854
7.194462649652833,7.562427151892523e-05,0.00014678997379045998,0.02413185282315993
7.195262464641104,0.00016239997646834772,0.00014678997379045998,0.024129197118399812
7.196062279722866,0.00021431705822084687,0.00014678997379045998,0.02412660300006544
7.19686209490129,0.00010747754760684,0.00014678997379045998,0.0241240694298218
7.197661910179548,5.771230104640104e-05,0.00014678997379045998,0.02412159538612892
7.198461725560809,-0.00018489101359211307,0.00014678997379045998,0.024119179864241915
7.199261541048246,-0.00014257800976409316,0.00014678997379045998,0.024116821876211038
7.20006135664503,-1.9888646691626488e-05,0.00014678997379045998,0.024114520450881468
7.20086117235433,4.121429344066535e-05,0.00014678997379045998,0.024111789332208783
7.201660988179318,0.00026878503614584034,0.00014678997379045998,0.024108644791564656
7.202460804123166,0.0003946577160145008,0.00014678997379045998,0.024105642920108215
7.2032606201890435,0.0003470924509019202,0.00014678997379045998,0.02410278063370489
7.204060436380123,0.00017437806757148247,0.00014678997379045998,0.02410005487870276
7.204860252699574,0.00011251647406548479,0.00014678997379045998,0.02409765460318773
7.20566006915057,0.0008640571615422289,0.00014678997379045998,0.02409558061801219
7.206459885736278,0.0011814857382099614,0.00014678997379045998,0.024093333190828677
7.207259702459871,0.0009351201494891583,0.00014678997379045998,0.02409091966773911
7.208059519324522,0.0007676856314311128,0.00014678997379045998,0.024088347353396853
7.208859336333399,0.0007215595033818051,0.00014678997379045998,0.024085623511006852
7.209659153489675,0.0007363352934781908,0.00014678997379045998,0.02408275536232563
7.210458970796519,0.0005920755553288116,0.00014678997379045998,0.024079858448230827
7.211258788257103,0.0005318028955496427,0.00014678997379045998,0.024077848763873852
7.212058605874598,5.58989435956031e-05,0.00014678997379045998,0.024076105643167405
7.212858423652176,-0.00014522139394875996,0.00014678997379045998,0.02407325270005079
7.213658241593006,4.7735056378159224e-05,0.00014678997379045998,0.02406894237789161
7.214458059700261,0.00010085343626477228,0.00014678997379045998,0.024063959279325847
7.21525787797711,0.0001658247759630596,0.00014678997379045998,0.024059268941407266
7.216057696426726,0.00015901774810950578,0.00014678997379045998,0.02405505500801394
7.216857515052279,0.00018002156373865888,0.00014678997379045998,0.0240513442706784
7.217657333856939,3.463293391173586e-05,0.00014678997379045998,0.024047752620338564
7.21845715284388,-2.3831046205922968e-05,0.00014678997379045998,0.024044434977525862
7.219256972016269,0.0001784478119730079,0.00014678997379045998,0.024041004605358927
7.22005679137728,0.00024141950042919427,0.00014678997379045998,0.02403745445917109
7.220856610930082,0.00022357908463563683,0.00014678997379045998,0.024033949914721846
7.2216564306778475,7.017988951553075e-05,0.00014678997379045998,0.024029694868997965
7.222456250623747,-3.0702276219533864e-06,0.00014678997379045998,0.024024901851476863
7.223256070770951,1.9009642327354886e-05,0.00014678997379045998,0.024019053117222355
7.224055891122632,-3.7807221277778164e-05,0.00014678997379045998,0.024015063809013734
7.2248557116819585,0.00010331630403012312,0.00014678997379045998,0.02401220628572243
7.2256555324521035,0.00010732456041495295,0.00014678997379045998,0.024006976339129384
7.226455353436237,-0.00022334219544777045,0.00014678997379045998,0.024002756954513853
7.2272551746375315,-0.00025947753005553867,0.00014678997379045998,0.02399891460490731
7.228054996059155,2.643415199219193e-05,0.00014678997379045998,0.02399559126296088
7.228854817704282,7.168442009230364e-05,0.00014678997379045998,0.023992292808594332
7.229654639576082,0.00014764988040550167,0.00014678997379045998,0.023989020075428826
7.230454461677724,4.316693075175765e-05,0.00014678997379045998,0.02398577389490711
7.231254284012382,2.4166944566299253e-05,0.00014678997379045998,0.02398255509629358
7.232054106583226,0.00014443393954923292,0.00014678997379045998,0.023979214844015384
7.232853929393426,0.0003800206371292192,0.00014678997379045998,0.0239757487664002
7.233653752446154,0.0005274064538946591,0.00014678997379045998,0.023972152453384687
7.234453575744581,0.0005450610679245994,0.00014678997379045998,0.023968421456514632
7.235253399291878,0.0002278137621392097,0.00014678997379045998,0.023964551288944834
7.236053223091215,0.00010155168958504365,0.00014678997379045998,0.02395958646269171
7.236853047145765,-3.242503106208605e-05,0.00014678997379045998,0.02395639928243821
7.237652871458696,-0.00014186307716631402,0.00014678997379045998,0.023953171760144196
7.238452696033182,1.2000960421403722e-05,0.00014678997379045998,0.023949902198960947
7.239252520872393,6.192265875624298e-05,0.00014678997379045998,0.023946651119064445
7.240052345979498,0.00026261526478847663,0.00014678997379045998,0.023943414577533708
7.240852171357671,0.00046193626163345755,0.00014678997379045998,0.02394018862746459
7.241651997010081,0.0004686726857587205,0.00014678997379045998,0.023936804270890743
7.2424518229399,0.0003723875266948458,0.00014678997379045998,0.023933378395371456
7.243251649150298,0.0003961580298472954,0.00014678997379045998,0.023929908775730296
7.244051475644447,0.00016914181570170175,0.00014678997379045998,0.02392627746096578
7.244851302425517,0.0001431947282159278,0.00014678997379045998,0.02392292902221133
7.2456511294966806,0.00023630230115239542,0.00014678997379045998,0.023919865640890204
7.246450956861108,0.0005555874197188913,0.00014678997379045998,0.023916345928924273
7.247250784521969,0.0006118730900534254,0.00014678997379045998,0.02391308906927194
7.248050612482436,0.0008554668431712716,0.00014678997379045998,0.02390969265789863
7.248850440745681,0.0008898584739208647,0.00014678997379045998,0.023906151524954424
7.249650269314872,0.0009660119149926746,0.00014678997379045998,0.02390253575848016
7.2504500981931805,0.0008144836912395877,0.00014678997379045998,0.023898837437469414
7.25124992738378,0.00014934394780282897,0.00014678997379045998,0.02389504861924841
7.25204975688984,-0.00023628363250843484,0.00014678997379045998,0.023891161339475928
7.252849586714531,-9.760588485242458e-05,0.00014678997379045998,0.02388726459690193
7.253649416861025,0.00021468054265388892,0.00014678997379045998,0.023883837542703297
7.254449247332492,0.0003128332506385882,0.00014678997379045998,0.02388089233674669
7.2552490781321035,0.00040186052580246795,0.00014678997379045998,0.02387844125775875
7.256048909263031,0.0005061366832874968,0.00014678997379045998,0.02387458712630999
7.256848740728444,0.0005664396930437597,0.00014678997379045998,0.02387238666295153
7.257648572531515,0.0005277542806553064,0.00014678997379045998,0.02387109782154956
7.2584484046754145,0.0001748214385018064,0.00014678997379045998,0.023868489089832103
7.259248237163313,-1.7496872841301497e-05,0.00014678997379045998,0.023867023969627102
7.2600480699983825,-9.70617869224949e-05,0.00014678997379045998,0.023867173059057712
7.260847903183794,-0.0002234659637448365,0.00014678997379045998,0.023867287307273607
7.261647736722716,4.726913539897584e-05,0.00014678997379045998,0.023865132208956044
7.262447570618321,0.00015381003084666625,0.00014678997379045998,0.02386180800049121
7.263247404873782,0.00024274236030477972,0.00014678997379045998,0.02385808455728666
7.264047239492268,0.00014429934587055493,0.00014678997379045998,0.02385384592261437
7.26484707447695,3.827982685247061e-06,0.00014678997379045998,0.02385039312866909
7.265646909831,4.4656872577250595e-05,0.00014678997379045998,0.023847037851758013
7.266446745557588,0.00013135045676007998,0.00014678997379045998,0.023843778657771007
7.267246581659885,4.450043380330171e-06,0.00014678997379045998,0.023840614128379768
7.268046418141062,0.0001901658241193309,0.00014678997379045998,0.02383754286103767
7.268846255004291,0.0004190871932435135,0.00014678997379045998,0.023834563468980014
7.269646092252742,0.0002790061110442138,0.00014678997379045998,0.02383167458122384
7.270445929889586,0.0002434831109573328,0.00014678997379045998,0.023828874842567953
7.2712457679179945,0.00018946715371478615,0.00014678997379045998,0.02382619053951081
7.2720456063411385,0.00042875836891895225,0.00014678997379045998,0.02382381065064567
7.272845445162188,0.00045766392747767157,0.00014678997379045998,0.023821410198967087
7.273645284384315,0.0002903335596328542,0.00014678997379045998,0.023818991393995903
7.274445124010691,-0.00012312042725791048,0.00014678997379045998,0.023816556436727785
7.275244964044485,-0.00031405532146831783,0.00014678997379045998,0.023814107519633115
7.27604480448887,-0.0003641233675923776,0.00014678997379045998,0.023811646826657033
7.2768446453470155,-0.00016284331934448074,0.00014678997379045998,0.023809176533219515
7.277644486622093,0.000131176496128569,0.00014678997379045998,0.02380669880621515
7.278444328317275,0.0003101026977761247,0.00014678997379045998,0.023804215804013398
7.27924417043573,0.0005314619837600426,0.00014678997379045998,0.023801656986825147
7.280044012980629,0.0007471715677791375,0.00014678997379045998,0.023799021972026078
7.280843855955146,0.0006183364206341635,0.00014678997379045998,0.02379650546783929
7.28164369936245,0.0004239999959962555,0.00014678997379045998,0.023793972485938307
7.282443543205711,0.0005083850339477614,0.00014678997379045998,0.02379142448022719
7.283243387488102,0.00032541771565643834,0.00014678997379045998,0.023788862891511102
7.284043232212792,0.00018436087032414408,0.00014678997379045998,0.023786289147496583
7.284843077382954,0.0002015789506735685,0.00014678997379045998,0.023783704662791266
7.285642923001758,0.00041481811745007133,0.00014678997379045998,0.023781190152216997
7.286442769072374,0.0003727370283396307,0.00014678997379045998,0.023778744191744493
7.287242615597975,0.00018539234911646787,0.00014678997379045998,0.023776365364119364
7.28804246258173,0.0003408488570261943,0.00014678997379045998,0.023774052258862137
7.288842310026813,0.00041653041975189126,0.00014678997379045998,0.023771578324683133
7.289642157936391,0.00024507893380314866,0.00014678997379045998,0.023768777822529966
7.290442006313638,0.00029922395849027103,0.00014678997379045998,0.02376581959676504
7.291241855161723,0.0004967355816603673,0.00014678997379045998,0.02376269661271558
7.292041704483819,0.000641616663737573,0.00014678997379045998,0.023759199758285086
7.292841554283095,0.0004556197872082682,0.00014678997379045998,0.02375670281100109
7.293641404562724,0.00015075891073146677,0.00014678997379045998,0.023754393318456673
7.294441255325875,-4.774417125263941e-06,0.00014678997379045998,0.023751870231427667
7.29524110657572,-2.6643162603291748e-05,0.00014678997379045998,0.023749207215208613
7.29604095831543,-8.907475331148412e-05,0.00014678997379045998,0.023746132872756825
7.296840810548177,-0.00011115577166797772,0.00014678997379045998,0.023742904163697544
7.297640663277129,0.00024885499061223434,0.00014678997379045998,0.023739886313796477
7.29844051650546,0.000766740660140007,0.00014678997379045998,0.02373702437425207
7.2992403702363395,0.0005245219278831315,0.00014678997379045998,0.02373432325367531
7.300040224472938,0.00034063162156026255,0.00014678997379045998,0.02373178789421349
7.300840079218428,0.0003262143954013176,0.00014678997379045998,0.023729423271550237
7.301639934475981,0.0002984219544783784,0.00014678997379045998,0.023727234394905594
7.302439790248766,0.00010577891119498486,0.00014678997379045998,0.02372511865062757
7.303239646539954,-7.042559267946696e-05,0.00014678997379045998,0.023723077376930538
7.304039503352716,1.701839304220701e-05,0.00014678997379045998,0.02372118990158057
7.3048393606902255,0.0003647279988976543,0.00014678997379045998,0.02371945481253841
7.305639218555651,0.00040271443219113204,0.00014678997379045998,0.023717408715457623
7.306439076952166,0.0003488119534961198,0.00014678997379045998,0.023715990285393073
7.307238935882937,0.00040395002478001846,0.00014678997379045998,0.023715160760085726
7.308038795351139,0.00030230004647410075,0.00014678997379045998,0.0237141367136074
7.308838655359942,0.0001169274643615277,0.00014678997379045998,0.023712861631324692
7.309638515912516,0.0001514107724531269,0.00014678997379045998,0.023711330414272803
7.310438377012033,0.0001989551158565299,0.00014678997379045998,0.023709537897597454
7.311238238661663,0.000496946009762033,0.00014678997379045998,0.023707478850554943
7.312038100864579,0.00040320407808505307,0.00014678997379045998,0.023705147976512016
7.3128379636239496,0.00011456311057058896,0.00014678997379045998,0.023703063964980002
7.313637826942948,-0.00010686577760611951,0.00014678997379045998,0.023701641285498537
7.314437690824742,7.99295089309697e-05,0.00014678997379045998,0.023701139910015042
7.315237555272506,0.00025272918639561784,0.00014678997379045998,0.023700576574902498
7.31603742028941,0.00035765597763321236,0.00014678997379045998,0.023701008282265
7.3168372858786235,0.00019710776781583367,0.00014678997379045998,0.023700329588849333
7.317637152043319,-7.833733260468462e-06,0.00014678997379045998,0.02369884297059193
7.318437018786667,-6.605380354285026e-05,0.00014678997379045998,0.023697426704819776
7.319236886111839,-0.00012685944465758506,0.00014678997379045998,0.02369654415137087
7.320036754022006,0.000223165857518786,0.00014678997379045998,0.023696172031055292
7.320836622520337,0.00035253316088186895,0.00014678997379045998,0.023696287197010273
7.321636491610006,0.0003251522699712177,0.00014678997379045998,0.023696866634700497
7.322436361294181,0.00034415844122756556,0.00014678997379045998,0.023697616120162794
7.323236231576035,0.0002732296428041986,0.00014678997379045998,0.023698733045815348
7.324036102458739,6.966220664172615e-05,0.00014678997379045998,0.02369797377943289
7.324835973945463,-0.00030421806087007827,0.00014678997379045998,0.023696298961749608
7.32563584603938,-0.0003172001701721265,0.00014678997379045998,0.02369373457909731
7.3264357187436575,-8.317114742624476e-05,0.00014678997379045998,0.02369090310643583
7.327235592061469,7.991383447992356e-05,0.00014678997379045998,0.02368807458943704
7.328035465995985,0.00021765406818495883,0.00014678997379045998,0.02368554932931769
7.328835340550376,0.00046765836173445416,0.00014678997379045998,0.02368359849394728
7.329635215727815,0.0006551613783764912,0.00014678997379045998,0.02368221826123701
7.330435091531469,0.000545137029495546,0.00014678997379045998,0.023681404951750796
7.331234967964513,0.00018073276093456825,0.00014678997379045998,0.023680212811030082
7.332034845030116,6.12214426580493e-05,0.00014678997379045998,0.023678749569229864
7.33283472273145,8.827160218092406e-05,0.00014678997379045998,0.023677179881963467
7.333634601071684,0.0006467813373443702,0.00014678997379045998,0.023675922689761403
7.334434480053991,0.0010697515620734961,0.00014678997379045998,0.02367497502550702
7.335234359681541,0.0010270830663477726,0.00014678997379045998,0.02367433400247416
7.336034239957506,0.0010469204180575502,0.00014678997379045998,0.023673818113090005
7.336834120885055,0.0012788108253687924,0.00014678997379045998,0.02367205680983035
7.337634002467362,0.000564005334832772,0.00014678997379045998,0.023671006731015142
7.338433884707595,-0.0001925962769451367,0.00014678997379045998,0.023669546216221107
7.339233767608927,-2.505706698166868e-05,0.00014678997379045998,0.02366815479962547
7.3400336511745286,0.000501571957531019,0.00014678997379045998,0.02366526187384349
7.34083353540757,0.0006771659585793829,0.00014678997379045998,0.023661490987263334
7.341633420311222,0.000666800842656079,0.00014678997379045998,0.023657477163540334
7.342433305888657,0.00041964895000680055,0.00014678997379045998,0.023654941555191423
7.343233192143045,0.0002428570307270242,0.00014678997379045998,0.02365264865558147
7.3440330790775565,8.134264430507271e-05,0.00014678997379045998,0.023650288923871814
7.344832966695364,0.0005653598581594858,0.00014678997379045998,0.02364786034169355
7.345632854999638,0.0009077520116658883,0.00014678997379045998,0.02364533568909703
7.346432743993549,0.0006183815889195358,0.00014678997379045998,0.023642937378135366
7.347232633680267,0.0004489547932519586,0.00014678997379045998,0.023640670261167236
7.348032524062965,0.0007700803755652658,0.00014678997379045998,0.02363853921438154
7.348832415144814,0.0009829450553112788,0.00014678997379045998,0.023636433597738652
7.349632306928982,0.001041977054101896,0.00014678997379045998,0.023634354323244584
7.350432199418645,0.001005981307584787,0.00014678997379045998,0.023632302298777098
7.351232092616969,0.0006184569980401955,0.00014678997379045998,0.023629552951357692
7.352031986527127,0.0004198865315216023,0.00014678997379045998,0.023626213207105652
7.352831881152291,0.0002774300658177388,0.00014678997379045998,0.02362367321132664
7.353631776495631,0.0002289602553399335,0.00014678997379045998,0.02362140523100814
7.354431672560318,4.907418914781511e-05,0.00014678997379045998,0.023619246581804056
7.355231569349522,0.00019463938931615563,0.00014678997379045998,0.023617279440010013
7.3560314668664155,0.00014388408789738766,0.00014678997379045998,0.023615280960816897
7.35683136511417,0.00011652484755279857,0.00014678997379045998,0.023613244479589596
7.3576312640959545,0.00014721486197947012,0.00014678997379045998,0.023611163313994283
7.3584311638149416,7.276244721891867e-05,0.00014678997379045998,0.023609030763998055
7.359231064274302,9.746969039723177e-05,0.00014678997379045998,0.023606840111869105
7.360030965477205,0.0002885574769305524,0.00014678997379045998,0.023604584622176628
7.360830867426824,0.0005805033428330775,0.00014678997379045998,0.023602257541790843
7.361630770126329,0.0006554192091427213,0.00014678997379045998,0.023599852099882974
7.36243067357889,0.0008593868113164448,0.00014678997379045998,0.02359736150792512
7.36323057778768,0.0002116577995547944,0.00014678997379045998,0.023594778959690473
7.364030482755869,0.0002031000124516312,0.00014678997379045998,0.02359209763125312
7.364830388486626,0.0006825746521230032,0.00014678997379045998,0.023589310680988046
7.365630294983125,0.0004168157739347332,0.00014678997379045998,0.023586411249571095
7.366430202248537,0.00024564791329906646,0.00014678997379045998,0.023583392459979147
7.367230110286031,0.00018133699798818237,0.00014678997379045998,0.023581115717601516
7.368030019098779,0.00020106935182987937,0.00014678997379045998,0.023578922435491905
7.3688299286899515,-1.6306462258346838e-05,0.00014678997379045998,0.02357681236857587
7.36962983906272,-6.722753784975041e-05,0.00014678997379045998,0.023574785299204266
7.370429750220256,-0.00013844202860536017,0.00014678997379045998,0.02357284103715318
7.371229662165728,-0.00032812495948261744,0.00014678997379045998,0.023570979419624008
7.372029574902311,-9.339570250358267e-05,0.00014678997379045998,0.023569200311243512
7.372829488433172,-0.00032702528955975627,0.00014678997379045998,0.023567503604063712
7.373629402761485,-0.000660315110131298,0.00014678997379045998,0.023565889217562124
7.37442931789042,-0.0006867461716655171,0.00014678997379045998,0.023564237038550623
7.375229233823147,-0.0002813269348235746,0.00014678997379045998,0.023561725328183267
7.376029150562838,-7.581388196860675e-05,0.00014678997379045998,0.023560563054429034
7.376829068112663,-1.2005321275560671e-05,0.00014678997379045998,0.023559285108517517
7.377628986475795,7.630877348688281e-05,0.00014678997379045998,0.023557890530588346
7.378428905655403,0.00014964135531906134,0.00014678997379045998,0.02355637833837169
7.379228825654659,0.00037104972859832233,0.00014678997379045998,0.023554653808397795
7.380028746476732,0.0005978104368635738,0.00014678997379045998,0.023553406044177456
7.3808286681247965,0.00015841313201202245,0.00014678997379045998,0.023552063948071106
7.381628590602022,0.00012813265133974905,0.00014678997379045998,0.023550903436485436
7.382428513911577,0.0003154668567004991,0.00014678997379045998,0.023549564792374286
7.383228438056637,0.00014951876116398033,0.00014678997379045998,0.023547945201607037
7.38402836304037,-1.0641057820670596e-05,0.00014678997379045998,0.02354651225528434
7.384828288865947,-2.7542224430056328e-05,0.00014678997379045998,0.023545780360455133
7.38562821553654,-8.203991711741229e-05,0.00014678997379045998,0.02354565703352391
7.386428143055319,0.00010883398485265691,0.00014678997379045998,0.02354537432834929
7.387228071425457,0.0005603308942467682,0.00014678997379045998,0.023543735037198484
7.388028000650123,0.000673742348825928,0.00014678997379045998,0.02354125230540597
7.388827930732488,0.0004173497267517985,0.00014678997379045998,0.0235379260700386
7.389627861675724,0.00031044023504427434,0.00014678997379045998,0.023534507102094534
7.390427793483001,0.00018013406506378962,0.00014678997379045998,0.023531332817748118
7.391227726157491,0.00011892022628846519,0.00014678997379045998,0.02352799404896546
7.3920276597023635,0.00033206724136677565,0.00014678997379045998,0.023524753669930933
7.392827594120792,0.000545508751492424,0.00014678997379045998,0.02352354879543742
7.393627529415945,0.00040485381577564164,0.00014678997379045998,0.02352071174572061
7.394427465590995,0.00036598260146716854,0.00014678997379045998,0.0235185396751816
7.3952274026491125,0.0009288374410127628,0.00014678997379045998,0.023515419326484353
7.396027340593468,0.0007700859827906581,0.00014678997379045998,0.023512570284701915
7.396827279427233,0.0005342268181413833,0.00014678997379045998,0.023509357360490753
7.39762721915358,0.000344140683162502,0.00014678997379045998,0.023505793966308107
7.398427159775676,0.0002079029443630212,0.00014678997379045998,0.023501893439761314
7.399227101296696,0.0002938600019591654,0.00014678997379045998,0.023498445623775538
7.400027043719809,0.0002986555390566206,0.00014678997379045998,0.02349543616926676
7.400826987048187,0.00018912845089053,0.00014678997379045998,0.02349197999014426
7.401626931285,4.2846178270713325e-05,0.00014678997379045998,0.023488760448031113
7.4024268764334185,4.4358790590472846e-05,0.00014678997379045998,0.023485790033819332
7.403226822496615,7.767164447221656e-05,0.00014678997379045998,0.023481806525003722
7.40402676947776,0.00020757255802042462,0.00014678997379045998,0.023477787608875162
7.404826717380023,0.0004900907242387613,0.00014678997379045998,0.023473736663116248
7.405626666206579,0.00012742141922503572,0.00014678997379045998,0.023469657060174315
7.406426615960594,0.00022458815573044716,0.00014678997379045998,0.023465552167261417
7.407226566645242,0.00029339916884612086,0.00014678997379045998,0.023461524065511146
7.408026518263694,0.00025075097405421326,0.00014678997379045998,0.023457572611156458
7.408826470819119,6.525456691277784e-05,0.00014678997379045998,0.023453697679929195
7.409626424314689,9.978876398556921e-05,0.00014678997379045998,0.023449743239401005
7.410426378753577,0.00012635653769516378,0.00014678997379045998,0.02344548432646452
7.411226334138952,0.0003364163371311381,0.00014678997379045998,0.023441123099950917
7.412026290473984,0.0005638537982182654,0.00014678997379045998,0.023436941770225806
7.4128262477618465,0.0005690784585080724,0.00014678997379045998,0.02343294458251336
7.413626206005708,0.0002200647185860126,0.00014678997379045998,0.023429135832475297
7.4144261652087415,0.00022487444876157642,0.00014678997379045998,0.02342551986621094
7.415226125374117,0.0006550327306582143,0.00014678997379045998,0.02342210108025726
7.416026086505006,0.0004580241247728947,0.00014678997379045998,0.02341851489095026
7.4168260486045785,0.0001582049324027994,0.00014678997379045998,0.023414752981900915
7.417626011676006,0.00012336317856590645,0.00014678997379045998,0.023410806997855266
7.418425975722461,0.00016707104539872425,0.00014678997379045998,0.023407343447034726
7.419225940747112,0.0002928959759095802,0.00014678997379045998,0.023403855057150064
7.420025906753132,0.00029211227208805757,0.00014678997379045998,0.023400338819372268
7.42082587374369,-8.804151500530627e-05,0.00014678997379045998,0.023396791722942175
7.4216258417219585,-2.369744887786851e-05,0.00014678997379045998,0.023393210755170854
7.422425810691108,0.0003613250127120077,0.00014678997379045998,0.023389592901439337
7.4232257806543105,0.00038125677089588875,0.00014678997379045998,0.02338593514519871
7.424025751614735,0.0005143282443672709,0.00014678997379045998,0.0233828641057702
7.424825723575554,0.0006509162569599269,0.00014678997379045998,0.02337876362197844
7.425625696539938,0.0006151141687850657,0.00014678997379045998,0.023374570633208143
7.426425670511058,5.2812127584813545e-05,0.00014678997379045998,0.02337028399851733
7.427225645492085,-0.00013654667375078214,0.00014678997379045998,0.023365902561139962
7.4280256214861895,-0.00019312576610285015,0.00014678997379045998,0.023361425148485594
7.428825598496544,-0.00012185769876892766,0.00014678997379045998,0.0233573532047243
7.429625576526317,-0.0003266785507610448,0.00014678997379045998,0.023353702978493127
7.430425555578683,-0.00013195329930832875,0.00014678997379045998,0.02334993161806506
7.431225535656809,1.0917073769049074e-05,0.00014678997379045998,0.023346036166416815
7.432025516763869,-1.1301304835467652e-05,0.00014678997379045998,0.02334201363701038
7.432825498903033,5.926203520321624e-05,0.00014678997379045998,0.02333766218693702
7.433625482077471,0.00013079132797552337,0.00014678997379045998,0.0233329608769517
7.434425466290357,6.91658402154384e-05,0.00014678997379045998,0.02332840641867132
7.435225451544858,-0.0004617822997276602,0.00014678997379045998,0.023324005931869916
7.4360254378441475,-0.0005221964747849396,0.00014678997379045998,0.023319766578753023
7.436825425191396,-0.0006234871886097587,0.00014678997379045998,0.023315695563957337
7.437625413589775,-0.0002950748053752207,0.00014678997379045998,0.023311800134551197
7.438425403042453,0.00046490278755073264,0.00014678997379045998,0.023306993461507212
7.439225393552604,0.0003808033787220666,0.00014678997379045998,0.023301244885703887
7.440025385123398,0.0001715356821417914,0.00014678997379045998,0.023295357666631898
7.440825377758006,9.553104972961218e-05,0.00014678997379045998,0.02329065126166332
7.441625371459598,0.0002870054677401798,0.00014678997379045998,0.023286053288151625
7.442425366231347,0.000195842989479781,0.00014678997379045998,0.023282367199987417
7.443225362076421,0.0002964345345795108,0.00014678997379045998,0.023279569997658428
7.444025358997994,-0.00016247258517741378,0.00014678997379045998,0.02327640356369509
7.444825356999235,-9.544734607928526e-05,0.00014678997379045998,0.023272889161309027
7.445625356083316,-4.667534729605252e-05,0.00014678997379045998,0.023269047973427763
7.446425356253409,0.00013030998148420153,0.00014678997379045998,0.023264753874300898
7.447225357512682,0.00025363814855927647,0.00014678997379045998,0.023260466767348335
7.4480253598643085,0.00014762059940747266,0.00014678997379045998,0.023256185501301412
7.4488253633114585,-0.0001982298767436476,0.00014678997379045998,0.023251730306465348
7.449625367857304,-0.00025193414596969,0.00014678997379045998,0.023247093820500442
7.4504253735050145,-4.336574363124346e-05,0.00014678997379045998,0.023242347233869618
7.451225380257762,-0.00015972129463173723,0.00014678997379045998,0.023237580284459755
7.452025388118717,-0.00014221100792696784,0.00014678997379045998,0.023232547955310972
7.4528253970910505,-0.0002239849848985273,0.00014678997379045998,0.02322724462319665
7.453625407177934,-8.637698399011073e-06,0.00014678997379045998,0.023223289249368746
7.454425418382537,0.00048752955071225054,0.00014678997379045998,0.023219570246622568
7.455225430708033,0.000503283910958472,0.00014678997379045998,0.023215831841107915
7.456025444157591,0.00029108331648731306,0.00014678997379045998,0.023212076201530988
7.456825458734383,0.0003164594528180971,0.00014678997379045998,0.0232083054917017
7.457625474441579,0.0003917807638720433,0.00014678997379045998,0.02320452187053351
7.458425491282351,0.0008093096807336997,0.00014678997379045998,0.023200727492043657
7.459225509259869,0.0010293364275536128,0.00014678997379045998,0.023196924505352972
7.460025528377305,0.001207508216805639,0.00014678997379045998,0.02319311505468584
7.460825548637829,0.0013552184100572677,0.00014678997379045998,0.023190266971877028
7.461625570044614,0.0011568189009626174,0.00014678997379045998,0.02318716416882539
7.4624255926008285,0.0010282294509175761,0.00014678997379045998,0.023183670762437825
7.463225616309645,0.0009068549958060959,0.00014678997379045998,0.023180352913156416
7.464025641174233,0.0007348019378502248,0.00014678997379045998,0.023177206218323265
7.464825667197765,0.0007337593543137108,0.00014678997379045998,0.0231739029537995
7.465625694383412,0.0009256069431466743,0.00014678997379045998,0.023170450266795005
7.466425722734344,0.0008972284558642039,0.00014678997379045998,0.02316685526537127
7.467225752253732,0.0005897151217941765,0.00014678997379045998,0.023163060559269477
7.468025782944749,0.0008970086172229649,0.00014678997379045998,0.023159260016286952
7.468825814810562,0.0011668798271827763,0.00014678997379045998,0.023155451668768832
7.4696258478543465,0.0008183345835653666,0.00014678997379045998,0.02315180448285803
7.470425882079271,0.0002240432560921997,0.00014678997379045998,0.02314820331544139
7.471225917488506,0.0008967454515123978,0.00014678997379045998,0.02314464801831699
7.4720259540852245,0.0017558798427916023,0.00014678997379045998,0.023141306848003484
7.472825991872596,0.001659142688917651,0.00014678997379045998,0.023137891843804548
7.473626030853791,0.0007312267856613187,0.00014678997379045998,0.02313441434601447
7.474426071031982,0.0006215719665273074,0.00014678997379045998,0.023131003310901555
7.475226112410339,0.0008615237055737759,0.00014678997379045998,0.023127658458444413
7.4760261549920335,0.001000824630954647,0.00014678997379045998,0.023124379518424686
7.476826198780237,0.0006575116135630575,0.00014678997379045998,0.023121166230427054
7.477626243778119,0.00021946455256523223,0.00014678997379045998,0.0231179403563858
7.478426289988851,0.00035441121447426713,0.00014678997379045998,0.023114698947520128
7.479226337415605,0.0008090936393704284,0.00014678997379045998,0.023111439045979128
7.480026386061552,0.0008247811534560189,0.00014678997379045998,0.023108157684841722
7.4808264359298615,0.0004125942415964465,0.00014678997379045998,0.02310485188811677
7.481626487023705,0.000387524564671244,0.00014678997379045998,0.0231015186707429
7.482426539346253,0.0007360550983994338,0.00014678997379045998,0.023098279829799163
7.483226592900679,0.0006634338290997764,0.00014678997379045998,0.02309512793712594
7.484026647690151,0.0007048557035634236,0.00014678997379045998,0.023091851956099075
7.484826703717841,0.0005994270491229935,0.00014678997379045998,0.023088329181540225
7.485626760986921,0.0006824299207207653,0.00014678997379045998,0.023083614787497608
7.4864268195005605,0.000608615456798859,0.00014678997379045998,0.023080059129859432
7.487226879261932,0.00025011865571225936,0.00014678997379045998,0.023075198997672745
7.488026940274206,-0.00014144577638971687,0.00014678997379045998,0.023068459191439655
7.488827002540552,-0.00011002373337872656,0.00014678997379045998,0.023061422414384154
7.489627066064142,0.0002513984641680546,0.00014678997379045998,0.02305639306406179
7.490427130848148,0.00035884417579032726,0.00014678997379045998,0.023052383702372108
7.49122719689574,0.0003704171385019578,0.00014678997379045998,0.02304867437077377
7.492027264210088,-8.302861047901344e-05,0.00014678997379045998,0.0230454092353342
7.4928273327943655,-5.882664628488812e-05,0.00014678997379045998,0.023042075057492603
7.493627402651741,-0.00011348616842199455,0.00014678997379045998,0.023038671641254477
7.494427473785388,-0.00012109661648406975,0.00014678997379045998,0.023035198769676975
7.495227546198475,-0.00018298031308220872,0.00014678997379045998,0.023031656204869234
7.496027619894174,-0.00013846528376357248,0.00014678997379045998,0.02302804368799187
7.496827694875655,-7.182770888741752e-05,0.00014678997379045998,0.023024429456928137
7.4976277711460915,-9.258549281246364e-05,0.00014678997379045998,0.023020810781386427
7.498427848708654,-0.00021289996186366414,0.00014678997379045998,0.023017184927292746
7.49922792756651,-0.0003189068169628141,0.00014678997379045998,0.023013520544307275
7.500028007722835,-0.00027951538009350976,0.00014678997379045998,0.02300988114987837
7.500828089180797,0.00010623181650451854,0.00014678997379045998,0.02300652531184655
7.501628171943568,6.770949559627149e-05,0.00014678997379045998,0.02300344608786017
7.502428256014319,5.046398504462979e-05,0.00014678997379045998,0.022999528149208574
7.5032283413962215,-0.00013315466577582327,0.00014678997379045998,0.022995678477347573
7.504028428092445,-0.00024964450915981526,0.00014678997379045998,0.022991898373811315
7.504828516106162,-3.2764915000146194e-05,0.00014678997379045998,0.022988189156352097
7.505628605440543,-5.306953114059265e-05,0.00014678997379045998,0.022984552158940356
7.506428696098758,-0.00044853643097359647,0.00014678997379045998,0.022980988731764504
7.50722878808398,-0.00014866848524960896,0.00014678997379045998,0.022977500241231328
7.508028881399379,-0.0002821187981644144,0.00014678997379045998,0.02297408806996562
7.508828976048124,-0.00010819571401225053,0.00014678997379045998,0.0229707758488071
7.509629072033389,-0.00016414293190460116,0.00014678997379045998,0.02296796271259186
7.510429169358345,0.00021535709559936805,0.00014678997379045998,0.022965635179248836
7.5112292680261605,0.0002632185476670011,0.00014678997379045998,0.02296377988833429
7.512029368040008,0.0004683038514999016,0.00014678997379045998,0.022962897531277046
7.512829469403059,9.191062285386284e-05,0.00014678997379045998,0.022961304114349858
7.513629572118483,-0.00014382611811760912,0.00014678997379045998,0.022959056861967458
7.514429676189452,-6.0811307713445895e-05,0.00014678997379045998,0.022956620796099867
7.515229781619136,-0.00010685032770040362,0.00014678997379045998,0.02295434074245738
7.516029888410707,-0.0001571775518252362,0.00014678997379045998,0.022952586648887687
7.5168299965673375,3.5183757089864154e-05,0.00014678997379045998,0.022950751415084153
7.517630106092195,0.00027094096939134574,0.00014678997379045998,0.022949290405610438
7.518430216988453,0.0003670582254541796,0.00014678997379045998,0.022949184041028955
7.5192303292592815,0.0005053994159785434,0.00014678997379045998,0.02294783672953923
7.520030442907852,0.0007838910123422263,0.00014678997379045998,0.022946210652539455
7.520830557937334,0.0008991074652693193,0.00014678997379045998,0.02294431487571993
7.521630674350901,0.0007280709564498264,0.00014678997379045998,0.022942158405139735
7.522430792151722,0.0005773669423228545,0.00014678997379045998,0.022940707766744332
7.523230911342969,0.0006579397047294308,0.00014678997379045998,0.022939010652248855
7.524031031927812,0.0005214961633602487,0.00014678997379045998,0.022937337430074513
7.524831153909423,0.00013662962792932581,0.00014678997379045998,0.022935527315560648
7.525631277290973,0.00019301657325988472,0.00014678997379045998,0.022933585582486028
7.526431402075632,0.00016116369603643918,0.00014678997379045998,0.022931517476657073
7.527231528266572,0.0002847781080643,0.00014678997379045998,0.02292932821590779
7.528031655866965,0.00022549844514615364,0.00014678997379045998,0.022927022990099726
7.528831784879978,0.0002017248511299377,0.00014678997379045998,0.022924606961122095
7.529631915308785,0.00030961268699606845,0.00014678997379045998,0.022922085262891394
7.530432047156558,0.0004625696433279633,0.00014678997379045998,0.022919463001351587
7.531232180426465,0.0003864145176722192,0.00014678997379045998,0.022916745254474073
7.53203231512168,0.00023787986847959713,0.00014678997379045998,0.02291385630532773
7.532832451245372,0.00037605975208439973,0.00014678997379045998,0.0229107983714328
7.533632588800712,0.0005186898781953143,0.00014678997379045998,0.02290810015074535
7.534432727790872,0.0004689133965402048,0.00014678997379045998,0.022905305422402707
7.535232868219023,0.00036871253557121605,0.00014678997379045998,0.022901560814120477
7.5360330100883335,0.00013281311521597117,0.00014678997379045998,0.022897870575914123
7.536833153401979,-9.361978371973459e-05,0.00014678997379045998,0.022894231897617565
7.537633298163126,-0.00022225282067097826,0.00014678997379045998,0.022890645208566967
7.538433444374948,0.00019630176425793414,0.00014678997379045998,0.022887113682793517
7.539233592040615,0.00013553996672481528,0.00014678997379045998,0.022883640505065684
7.540033741163299,0.00026111553225847267,0.00014678997379045998,0.022880228870889446
7.540833891746171,0.0004421334577033656,0.00014678997379045998,0.022876339219737172
7.541634043792401,0.00045670770210894454,0.00014678997379045998,0.022871955921836353
7.54243419730516,0.0005750104119862758,0.00014678997379045998,0.022867231134172702
7.5432343522876195,0.0006952089563523785,0.00014678997379045998,0.022862841756353985
7.544034508742951,0.000478317324139374,0.00014678997379045998,0.022857325006292388
7.544834666674324,0.00044038704127489364,0.00014678997379045998,0.022852999061705626
7.54563482608491,0.00024233791325317666,0.00014678997379045998,0.02284961440770124
7.546434986977881,0.0003085538966881782,0.00014678997379045998,0.02284630565020292
7.547235149356408,0.000657952966594471,0.00014678997379045998,0.022842579301549797
7.54803531322366,0.00071322030507074,0.00014678997379045998,0.022838407361064943
7.54883547858281,0.0006278995329872701,0.00014678997379045998,0.022833761730777512
7.549635645437028,0.0004683781508254478,0.00014678997379045998,0.02282861421542122
7.550435813789485,0.0003262004727335524,0.00014678997379045998,0.022823217554236757
7.551235983643353,0.0005101000717300068,0.00014678997379045998,0.022817335077146034
7.552036155001802,0.0004956920718559368,0.00014678997379045998,0.022812369907374556
7.552836327868003,0.00014973692158118043,0.00014678997379045998,0.022807865387968213
7.553636502245127,0.00035672971367303047,0.00014678997379045998,0.022803859990464526
7.554436678136346,0.0008271742579689656,0.00014678997379045998,0.022799774303214594
7.5552368555448295,0.0007226238409302858,0.00014678997379045998,0.022795350462629732
7.556037034473749,0.00025802225771904413,0.00014678997379045998,0.02279087141921963
7.5568372149262775,-0.0002450733972162167,0.00014678997379045998,0.022786059882656848
7.557637396905583,0.0003184697939600731,0.00014678997379045998,0.022780904123479592
7.558437580414837,0.00045088808964250174,0.00014678997379045998,0.022775392327123264
7.559237765457211,0.00021587832353637051,0.00014678997379045998,0.022770217323004834
7.560037952035877,0.00011491165461310557,0.00014678997379045998,0.02276523527455261
7.560838140154004,0.00016137741298638542,0.00014678997379045998,0.022759990530627636
7.561638329814766,0.0002774619354083234,0.00014678997379045998,0.02275447806078583
7.562438521021331,0.0002858225275047012,0.00014678997379045998,0.022748692768720158
7.563238713776871,0.00024053539680778113,0.00014678997379045998,0.022742681315614518
7.564038908084558,0.00010672020808949814,0.00014678997379045998,0.022736350280338085
7.564839103947561,7.306874335600774e-05,0.00014678997379045998,0.022731093726741106
7.5656393013690515,0.00018454080010574594,0.00014678997379045998,0.02272520977070141
7.566439500352202,9.63671106166096e-05,0.00014678997379045998,0.02271939239486665
7.567239700900183,9.058537418164814e-06,0.00014678997379045998,0.02271311145720754
7.568039903016164,0.00015067993802171664,0.00014678997379045998,0.022707950196211038
7.568840106703317,0.00045476340201308293,0.00014678997379045998,0.022703331453194805
7.569640311964815,0.0005261730792129049,0.00014678997379045998,0.022698766838929945
7.570440518803824,0.00036439164582277583,0.00014678997379045998,0.02269425770602485
7.57124072722352,0.000251183501217684,0.00014678997379045998,0.022689805410867236
7.572040937227071,0.00014455924094534944,0.00014678997379045998,0.02268541131362436
7.57284114881765,0.0001545860026077768,0.00014678997379045998,0.02268107677824244
7.573641361998426,8.036329504563025e-05,0.00014678997379045998,0.022676861245891244
7.574441576772571,-9.789242548449706e-05,0.00014678997379045998,0.0226727640281155
7.575241793143257,-4.7321360626902814e-05,0.00014678997379045998,0.022668784454817778
7.576042011113652,3.136364823337276e-05,0.00014678997379045998,0.022664921874258354
7.57684223068693,0.00018425604070560972,0.00014678997379045998,0.02266117565305476
7.577642451866262,-2.468046740014898e-05,0.00014678997379045998,0.022657545176181657
7.5784426746548155,0.0001591471677577054,0.00014678997379045998,0.02265430047652872
7.579242899055766,0.00038654020385769233,0.00014678997379045998,0.022651431376199033
7.58004312507228,0.00028456711036422416,0.00014678997379045998,0.02264892778358757
7.580843352707533,0.00010935690160042422,0.00014678997379045998,0.022646779693379457
7.581643581964693,0.0002886553564629864,0.00014678997379045998,0.02264497718654878
7.5824438128469325,0.0004318720873915209,0.00014678997379045998,0.022643284658612827
7.583244045357421,0.0005793493004044199,0.00014678997379045998,0.022639984443494333
7.58404427949933,0.00030195061117350985,0.00014678997379045998,0.022636596342145633
7.584844515275831,9.415463224497767e-05,0.00014678997379045998,0.022633265244113115
7.585644752690095,5.9212821419293155e-05,0.00014678997379045998,0.022629900457922788
7.586444991745293,0.00022021842708997222,0.00014678997379045998,0.022626500973733914
7.587245232444596,0.0003244657478439217,0.00014678997379045998,0.02262306576376595
7.588045474791174,0.00046952963312804977,0.00014678997379045998,0.022619593782298802
7.588845718788199,0.00027769577309903065,0.00014678997379045998,0.022616083965672558
7.5896459644388425,0.000254073583955617,0.00014678997379045998,0.022612535232287696
7.590446211746273,0.0004615355766140819,0.00014678997379045998,0.02260894648260478
7.5912464607136645,0.0006254979680974798,0.00014678997379045998,0.022605316599144682
7.592046711344186,0.00045968299094520035,0.00014678997379045998,0.02260164444648834
7.592846963641009,0.00047602718335328087,0.00014678997379045998,0.022597928871276943
7.593647217607306,0.0006085763491769335,0.00014678997379045998,0.022594168702211644
7.5944474732462455,0.0006649602542968674,0.00014678997379045998,0.022590362750053758
7.595247730561,0.0006580566851417287,0.00014678997379045998,0.02258650980762454
7.59604798955474,0.0007590843263157107,0.00014678997379045998,0.022582608649805373
7.596848250230637,0.0007754765516080793,0.00014678997379045998,0.022578658033537403
7.597648512591861,0.0002932525285136295,0.00014678997379045998,0.022574656697821913
7.598448776641583,-5.6726529153127564e-05,0.00014678997379045998,0.022570603363719927
7.599249042382977,-2.8288279817198503e-05,0.00014678997379045998,0.022566657434931758
7.600049309819209,0.00010947248826722808,0.00014678997379045998,0.0225628118966065
7.600849578953453,0.0002532866691077017,0.00014678997379045998,0.022558812831333066
7.60164984978888,0.00026349075731639873,0.00014678997379045998,0.022555675523653142
7.602450122328661,0.00023561384654258166,0.00014678997379045998,0.02255194423761013
7.603250396575967,0.0002648786659037901,0.00014678997379045998,0.022548171904442794
7.604050672533966,0.0005421670410532924,0.00014678997379045998,0.022544253307208738
7.604850950205834,0.0007899301698139558,0.00014678997379045998,0.02254019510747355
7.605651229594738,0.00039701741805636334,0.00014678997379045998,0.02253616927599224
7.6064515107038515,0.0003037732827279038,0.00014678997379045998,0.022532176547973192
7.607251793536344,0.0003766291206665738,0.00014678997379045998,0.02252831473484115
7.608052078095387,0.00026966259290662,0.00014678997379045998,0.022524165198742348
7.608852364384152,9.112354368257664e-05,0.00014678997379045998,0.02251996905081416
7.609652652405808,7.326902928992199e-05,0.00014678997379045998,0.022515433372622618
7.610452942163529,0.00021554487556420948,0.00014678997379045998,0.02251111571308901
7.611253233660483,0.00026665598900457027,0.00014678997379045998,0.022507142288018686
7.612053526899843,0.0002177811176664532,0.00014678997379045998,0.02250305687864833
7.61285382188478,5.2094878049413484e-05,0.00014678997379045998,0.02249909807020938
7.613654118618464,-4.784018304417742e-06,0.00014678997379045998,0.0224952861585549
7.614454417104066,0.00041812474817360876,0.00014678997379045998,0.02249131712232315
7.615254717344758,-0.00010001563707034977,0.00014678997379045998,0.022487928532393498
7.61605501934371,6.63110955109042e-05,0.00014678997379045998,0.02248464881424737
7.616855323104093,0.0007004746244743433,0.00014678997379045998,0.02248150174912015
7.617655628629078,0.0009678118446999652,0.00014678997379045998,0.02247710739350298
7.618455935921837,0.0008926533815641589,0.00014678997379045998,0.02247213829382593
7.619256244985539,0.00046776961818210255,0.00014678997379045998,0.022468355742496438
7.620056555823358,0.0006086995034265165,0.00014678997379045998,0.022464526951742923
7.620856868438462,0.0006313165344789297,0.00014678997379045998,0.022458636314228866
7.621657182834026,0.0005628332575539595,0.00014678997379045998,0.02245560372498883
7.6224574990132155,0.0002578026824929698,0.00014678997379045998,0.022451125808269346
7.623257816979205,0.00010655997176079249,0.00014678997379045998,0.02244699460917112
7.624058136735165,3.5553731568223335e-05,0.00014678997379045998,0.02244203136276808
7.624858458284265,-0.00020146085871858982,0.00014678997379045998,0.022437521483091243
7.625658781629678,-0.00038419608009872264,0.00014678997379045998,0.022433472198092833
7.626459106774575,-0.0002477967167010993,0.00014678997379045998,0.022429859468456013
7.6272594337221244,-0.0001326679683768886,0.00014678997379045998,0.022425887563283235
7.6280597624755,-0.00010311173463593837,0.00014678997379045998,0.022421537248480596
7.628860093037873,-0.00013984643501573427,0.00014678997379045998,0.02241769116431669
7.629660425412411,-0.0002493928337390476,0.00014678997379045998,0.022413670835712052
7.630460759602288,-0.00023781507761680074,0.00014678997379045998,0.02240956761022587
7.631261095610674,-0.00028184419207221215,0.00014678997379045998,0.02240545982917716
7.63206143344074,-0.0005497448547025253,0.00014678997379045998,0.022401328274057362
7.632861773095659,-0.0003251334559133817,0.00014678997379045998,0.02239717855634489
7.633662114578598,4.960598017218071e-05,0.00014678997379045998,0.02239301628121067
7.63446245789273,7.682024616030222e-05,0.00014678997379045998,0.022388847047518423
7.635262803041227,-0.00018503672770735918,0.00014678997379045998,0.022384656775177588
7.636063150027258,-0.0003234653434639849,0.00014678997379045998,0.022380444571488817
7.636863498853996,3.981869490375656e-06,0.00014678997379045998,0.022376209533416527
7.637663849524611,0.00025173055755796023,0.00014678997379045998,0.02237195074758894
7.638464202042274,0.0003084468256856175,0.00014678997379045998,0.02236766729029787
7.639264556410156,0.0003164283214918996,0.00014678997379045998,0.02236335822749884
7.640064912631427,0.0006483655873955226,0.00014678997379045998,0.022360164098311854
7.640865270709261,0.0005428937213913625,0.00014678997379045998,0.022357608516819512
7.641665630646825,0.00042188531806322885,0.00014678997379045998,0.022354213738356003
7.642465992447292,0.00036292541528077163,0.00014678997379045998,0.022350186173898248
7.643266356113834,0.00030885977787725727,0.00014678997379045998,0.022345545152599056
7.6440667216496205,9.18030172899105e-05,0.00014678997379045998,0.022340846926795967
7.644867089057824,6.251491283089383e-05,0.00014678997379045998,0.022336091473132542
7.645667458341613,6.815544525716477e-05,0.00014678997379045998,0.022331278750913296
7.64646782950416,0.00014777373202347344,0.00014678997379045998,0.022326408702103635
7.647268202548637,-8.556745696639695e-05,0.00014678997379045998,0.022321481251329937
7.648068577478213,-0.00015183216557750068,0.00014678997379045998,0.022316496305879546
7.648868954296059,-5.8576610437743176e-05,0.00014678997379045998,0.022311608565312308
7.649669333005348,-4.695039603975354e-06,0.00014678997379045998,0.022306812411683058
7.649942033348747,0.00040982435001024956,0.00014678997379045998,0.022301842939105983
7.651242215361893,0.0005554152000287506,0.00014678997379045998,0.022296838673019157
7.652542380342816,0.0003728477618510674,0.00014678997379045998,0.022291138128562354
7.653842528362643,0.00038863070223000423,0.00014678997379045998,0.022286306359152533
7.655142659492495,0.00048821905428566084,0.00014678997379045998,0.022281440874781396
7.656442773803499,0.0005479135874263442,0.00014678997379045998,0.02227654489248574
7.657742871366778,0.00045686224964448796,0.00014678997379045998,0.022271705164914387
7.659042952253456,0.0005375876278043007,0.00014678997379045998,0.022266921920466178
7.660343016534661,0.0006463034706275343,0.00014678997379045998,0.022262195395744335
7.661643064281513,0.0008648320984076217,0.00014678997379045998,0.022257525835556194
7.66294309556514,0.00044195542629380663,0.00014678997379045998,0.022252913492913355
7.664243110456663,6.0998601966785054e-05,0.00014678997379045998,0.022248358629031382
7.665543109027211,-5.930420750852733e-05,0.00014678997379045998,0.022243861513329778
7.666843091347905,0.00020004653008920403,0.00014678997379045998,0.022239422423431836
7.668143057489871,0.0002151520098768213,0.00014678997379045998,0.022235369238591686
7.669443007524234,0.00023793372721612333,0.00014678997379045998,0.02223169063453599
7.670742941522116,0.00013051774150273088,0.00014678997379045998,0.022228375377364076
7.672042859554643,0.0001253241972211938,0.00014678997379045998,0.022225412323546904
7.673342761692939,-0.00028915948424575524,0.00014678997379045998,0.022221781888569957
7.67464264800813,-0.0001583254261336084,0.00014678997379045998,0.022217798305782847
7.675942518571341,0.00043327487838723186,0.00014678997379045998,0.02221347595310473
7.6772423734536925,0.0005594844712809056,0.00014678997379045998,0.022209630787109285
7.678542212726312,0.00031631641212486253,0.00014678997379045998,0.02220624857435831
7.6798420364603235,5.94386984557882e-05,0.00014678997379045998,0.022203315192489814
7.681141844726851,0.00018651019367777952,0.00014678997379045998,0.022199101052545748
7.68244163759702,0.00044748969847813527,0.00014678997379045998,0.0221948544339444
7.683741415141956,0.0007157401693143849,0.00014678997379045998,0.022190521330673466
7.6850411774327805,0.00030351700495317643,0.00014678997379045998,0.02218703910792998
7.68634092454062,6.867525727875107e-05,0.00014678997379045998,0.022182042873495934
7.6876406565365984,0.00020313043688493376,0.00014678997379045998,0.022177373690096955
7.688940373491837,0.0002985252296714286,0.00014678997379045998,0.022173053640446434
7.690240075477468,0.0003369833851672513,0.00014678997379045998,0.022168779412542448
7.691539762564609,0.0003186160601380411,0.00014678997379045998,0.022164551258495487
7.692839434824387,0.00024445918984112094,0.00014678997379045998,0.022160369426959918
7.6941390923279265,0.00014560195217517072,0.00014678997379045998,0.02215657784722951
7.695438735146352,0.0004588754346771841,0.00014678997379045998,0.022152735203802416
7.696738363350788,0.0004293626775500707,0.00014678997379045998,0.02214873559263399
7.698037977012359,0.00018006900625846395,0.00014678997379045998,0.022144812498154445
7.699337576202189,0.00013938525627561413,0.00014678997379045998,0.022140968215244486
7.700637160991402,0.0002535886856237443,0.00014678997379045998,0.02213667271050773
7.7019367314511245,0.0009000677003715429,0.00014678997379045998,0.02213243456079777
7.703236287652479,0.0007876573635109477,0.00014678997379045998,0.022128255694668558
7.704535829666592,0.0006373575376967637,0.00014678997379045998,0.022124138047497584
7.7058353575645855,0.0008268256404075705,0.00014678997379045998,0.022120083561485995
7.707134871417585,0.0007105156495815189,0.00014678997379045998,0.022116094185658526
7.708434371296716,0.0001540807928649933,0.00014678997379045998,0.022112171875863458
7.709733857273102,0.00042004339588090633,0.00014678997379045998,0.02210831859477276
7.7110333294178695,0.0010190899372665707,0.00014678997379045998,0.022104536311881952
7.712332787802138,0.0006587649011068619,0.00014678997379045998,0.022099826824578537
7.713632232497036,0.0005085780545013886,0.00014678997379045998,0.022095383647441524
7.7149316635736875,0.0006041696495817893,0.00014678997379045998,0.022091367587447435
7.716231081103218,0.0005004550802338442,0.00014678997379045998,0.02208722294907095
7.71753048515675,0.0004928959721239995,0.00014678997379045998,0.022082944927182095
7.718829875805409,0.0002953280818116799,0.00014678997379045998,0.022078863587855213
7.7201292531203185,0.0003560493887469242,0.00014678997379045998,0.022074985675562073
7.721428617172603,0.0002755301430349376,0.00014678997379045998,0.02207163064900733
7.7227279680333885,-0.00020380169010239882,0.00014678997379045998,0.02206900079748455
7.7240273057738,-0.00022219808342505143,0.00014678997379045998,0.02206605359850382
7.725326630464958,7.514649480823768e-05,0.00014678997379045998,0.022063482819169294
7.726625942177991,8.943663899533064e-05,0.00014678997379045998,0.02206041926476363
7.727925240984021,7.585555902266464e-05,0.00014678997379045998,0.022057412519143216
7.729224526954176,0.00026576032815115586,0.00014678997379045998,0.022054461292244892
7.730523800159575,0.00023259669402729555,0.00014678997379045998,0.02205121102243764
7.731823060671347,0.00031771651991106126,0.00014678997379045998,0.022047952631506555
7.733122308560615,0.0005324466646014735,0.00014678997379045998,0.022044863445751402
7.734421543898503,0.00040227299147452267,0.00014678997379045998,0.022041817297837878
7.7357207667561365,0.0005205187151810162,0.00014678997379045998,0.022038812808735965
7.73701997720464,0.0005475238052731757,0.00014678997379045998,0.022035848598065247
7.738319175315138,0.0005037475294376488,0.00014678997379045998,0.022032923284094952
7.739618361158753,0.00042872788509893886,0.00014678997379045998,0.022030759428982007
7.740917534806611,0.00035867572382360796,0.00014678997379045998,0.022027927754532592
7.742216696329837,0.00041070029062667546,0.00014678997379045998,0.022025221022068123
7.743515845799555,0.0002679204543782551,0.00014678997379045998,0.0220226346062368
7.744814983286891,0.0003782721825091803,0.00014678997379045998,0.022019511330591608
7.746114108862966,0.0005797950774398403,0.00014678997379045998,0.022016395309451313
7.747413222598906,0.0005464328631984323,0.00014678997379045998,0.022013157075415516
7.748712324565838,0.00041880680549123,0.00014678997379045998,0.022009791910527376
7.7500114148348835,0.0005695847767137399,0.00014678997379045998,0.022006295055324674
7.751310493477167,0.0004210277648906899,0.00014678997379045998,0.02200266170883986
7.752609560563815,7.495411775487737e-05,0.00014678997379045998,0.021999189968330668
7.753908616165951,9.520189762852668e-05,0.00014678997379045998,0.0219957750220638
7.7552076603546976,-8.058764177525796e-05,0.00014678997379045998,0.021992418702057388
7.756506693201183,0.0003378610151520134,0.00014678997379045998,0.021989122845415567
7.757805714776529,0.0004962226955686419,0.00014678997379045998,0.021985889294328487
7.759104725151862,0.00022018495483313097,0.00014678997379045998,0.021982719896072405
7.760403724398303,0.0005347176479387587,0.00014678997379045998,0.02197961650300955
7.76170271258698,0.0006028125434261802,0.00014678997379045998,0.021976734779614374
7.763001689789016,0.0004704275858982594,0.00014678997379045998,0.02197390712126813
7.764300656075537,0.0003929638395109604,0.00014678997379045998,0.02197113579605714
7.765599611517666,0.0003618860296563456,0.00014678997379045998,0.021968423074595272
7.766898556186527,0.0004257204260490824,0.00014678997379045998,0.021965771230024075
7.768197490153245,0.0005184862566202895,0.00014678997379045998,0.02196316738753885
7.7694964134889455,0.00039529370178937456,0.00014678997379045998,0.021960614362593646
7.7707953262647536,0.00016686046351926942,0.00014678997379045998,0.02195804400482588
7.77209422855179,0.0002533301083180832,0.00014678997379045998,0.021955566362478127
7.773393120421184,-0.0001392454037341534,0.00014678997379045998,0.021953177875735502
7.774692001944055,-0.00029141409782430794,0.00014678997379045998,0.02195098469334383
7.775990873191531,0.0002395717817671797,0.00014678997379045998,0.021948494044104885
7.777289734234737,0.0005149678390244453,0.00014678997379045998,0.021945746781882016
7.778588585144795,0.00042901720825678363,0.00014678997379045998,0.02194273509706181
7.779887425992832,0.0007130940667977176,0.00014678997379045998,0.021940802895303504
7.781186256849969,0.0008454566639237611,0.00014678997379045998,0.021939158027573725
7.782485077787335,0.00040512493135739375,0.00014678997379045998,0.02193779084110006
7.783783888876051,0.00041307007647668065,0.00014678997379045998,0.021935615516826337
7.785082690187243,9.274952515838167e-05,0.00014678997379045998,0.02193379724669375
7.786381481792035,-0.00012095868358887041,0.00014678997379045998,0.021932324153205136
7.787680263761552,-0.00038479883775510357,0.00014678997379045998,0.021930900527045268
7.788979036166917,-0.0002636761825850001,0.00014678997379045998,0.021929371597573518
7.790277799079256,0.00011423885030276831,0.00014678997379045998,0.02192771811693742
7.791576552569694,0.0002564514830488973,0.00014678997379045998,0.021925530291226684
7.792875296709354,1.638367020628806e-05,0.00014678997379045998,0.021922796695283395
7.794174031569361,-0.00013354482996700417,0.00014678997379045998,0.021920430871899137
7.795472757220839,4.1268999824865815e-05,0.00014678997379045998,0.021916370794914583
7.796771473734914,0.000258951322273087,0.00014678997379045998,0.021912317906815384
7.79807018118271,0.00012059312670442343,0.00014678997379045998,0.021910447698907515
7.799368879635351,7.09361269927225e-05,0.00014678997379045998,0.021909440588056724
7.800667569163959,-0.00024308755613228206,0.00014678997379045998,0.021907490673718433
7.801966249839664,-0.00028714502349661344,0.00014678997379045998,0.02190318764257393
7.803264921733586,-9.889132328986042e-05,0.00014678997379045998,0.02189940456394456
7.804563584916851,0.0002093368210053445,0.00014678997379045998,0.02189582889230544
7.805862239460584,0.00012669152792607608,0.00014678997379045998,0.0218909255304696
7.80716088543591,0.0004331668593251167,0.00014678997379045998,0.021886285144619738
7.80845952291395,0.0002820959066603852,0.00014678997379045998,0.02188185666355508
7.809758151965833,0.00013424626184218094,0.00014678997379045998,0.02187734566159468
7.81105677266268,0.0003481123908042512,0.00014678997379045998,0.02187360369341244
7.812355385075619,0.00040108256513880433,0.00014678997379045998,0.021869628761709087
7.81365398927577,0.00038572401686520416,0.00014678997379045998,0.02186624439265771
7.814952585334262,0.00033047361224452024,0.00014678997379045998,0.0218619944775175
7.816251173322216,-1.7904945994691446e-05,0.00014678997379045998,0.02185737093842673
7.817549753310757,-0.00023661052573408295,0.00014678997379045998,0.02185285775349326
7.818848325371013,-0.00037132439773519127,0.00014678997379045998,0.02184845922512068
7.820146889574105,-0.00022538354529718155,0.00014678997379045998,0.021844179682183117
7.821445445991158,0.0004352630296732031,0.00014678997379045998,0.021840023480025075
7.822743994693297,0.0006911316198713498,0.00014678997379045998,0.02183599500046188
7.824042535751645,0.00010697746791486773,0.00014678997379045998,0.02183209865177943
7.825341069237328,0.00012387824936418643,0.00014678997379045998,0.021828338868734354
7.826639595221472,0.00019765524900028364,0.00014678997379045998,0.021824720112554166
7.8279381137752,0.00020230643842641255,0.00014678997379045998,0.021821246870937297
7.829236624969636,0.00022627347134325515,0.00014678997379045998,0.0218179236580531
7.830535128875903,0.0003824031081128311,0.00014678997379045998,0.021814354453012868
7.83183362556513,0.0003177411377087262,0.00014678997379045998,0.02181057605075951
7.8331321151084365,-1.1733868250072416e-05,0.00014678997379045998,0.02180742576977389
7.83443059757695,1.3236124431315749e-05,0.00014678997379045998,0.02180470522134196
7.835729073041795,0.00011631582149670278,0.00014678997379045998,0.021802157081576238
7.837027541574094,1.5717584906222576e-05,0.00014678997379045998,0.02179957628084752
7.8383260032449735,0.0005254976940027474,0.00014678997379045998,0.021796934951208772
7.839624458125558,0.0006384680259222328,0.00014678997379045998,0.021794237390414757
7.84092290628697,0.0003559280431313164,0.00014678997379045998,0.021791487874985038
7.8422213478003355,0.0004820588831565137,0.00014678997379045998,0.02178869066020425
7.843519782736778,0.00033110106798424355,0.00014678997379045998,0.021785849980122104
7.844818211167424,0.0002427595699109157,0.00014678997379045998,0.021782970047553658
7.846116633163395,0.000105849432139829,0.00014678997379045998,0.02178005505407921
7.84741504879582,0.00020654506794481886,0.00014678997379045998,0.02177710917004453
7.848713458135819,0.00023874818207774914,0.00014678997379045998,0.02177401951607645
7.850011861254518,9.564557714568725e-05,0.00014678997379045998,0.021770778654109466
7.851310258223042,0.00027398122988795195,0.00014678997379045998,0.021767379097531358
7.852608649112513,0.00022325409425854106,0.00014678997379045998,0.02176380890816058
7.8539070339940595,0.0003254189412375194,0.00014678997379045998,0.021760060349464056
7.855205412938806,0.00019313871503886387,0.00014678997379045998,0.02175612563529875
7.856503786017872,-0.000232643740341959,0.00014678997379045998,0.021751996929912126
7.857802153302386,-0.00010270792980758905,0.00014678997379045998,0.021747666347942174
7.859100514863472,0.0001264891289165862,0.00014678997379045998,0.021743125954417783
7.860398870772253,0.0005867712655771538,0.00014678997379045998,0.02173927208488379
7.861697221099857,0.0008042813681535289,0.00014678997379045998,0.0217357208783272
7.862995565917404,0.0002195317476118286,0.00014678997379045998,0.021732481723953288
7.864293905296021,-0.00020146829916322176,0.00014678997379045998,0.02172956408145804
7.8655922393068325,4.7478555965766583e-05,0.00014678997379045998,0.02172697748102789
7.8668905680209615,0.0001267148794175839,0.00014678997379045998,0.02172444643738918
7.868188891509535,-0.0002388862812925524,0.00014678997379045998,0.02172174955260409
7.869487209843675,-0.00032630523621931043,0.00014678997379045998,0.021719078977799094
7.870785523094507,4.366463420796274e-05,0.00014678997379045998,0.02171643573574396
7.872083831333154,0.0003266164094344916,0.00014678997379045998,0.021714005373957356
7.873382134630744,0.0001038872342613191,0.00014678997379045998,0.02171162625741165
7.8746804330584,0.00011373546113623706,0.00014678997379045998,0.021709302552443268
7.8759787266872445,0.000144416042965171,0.00014678997379045998,0.02170703842441814
7.877277015588404,0.00010555034302984351,0.00014678997379045998,0.02170483803773157
7.8785752998330025,3.95703618636771e-05,0.00014678997379045998,0.021702651881759658
7.8798735794921635,0.00011981452161848385,0.00014678997379045998,0.02170048225588384
7.881171854637014,0.000141825992763224,0.00014678997379045998,0.02169838832597549
7.882470125338677,0.00046914438361321184,0.00014678997379045998,0.021696370346748213
7.8837683916682755,0.0006113113051032654,0.00014678997379045998,0.021694428573224938
7.885066653696935,0.0005105249976497112,0.00014678997379045998,0.021692563260738238
7.886364911495782,0.00043931508135210823,0.00014678997379045998,0.021690945307736662
7.887663165135938,0.0003979388035484227,0.00014678997379045998,0.021689568919789015
7.88896141468853,0.00022151606778983077,0.00014678997379045998,0.021688428345519768
7.89025966022468,0.00013880688683009026,0.00014678997379045998,0.021687517876608664
7.891557901815514,0.0002840783463751509,0.00014678997379045998,0.021688097294306395
7.892856139532158,0.00039945104512267154,0.00014678997379045998,0.021686766845026156
7.894154373445732,0.00035271762592683706,0.00014678997379045998,0.021685655811744874
7.8954526036273665,0.00027469095346465897,0.00014678997379045998,0.021684699127092845
7.896750830148182,0.0006147822208856582,0.00014678997379045998,0.02168381171649701
7.898049053079302,0.000502926275031193,0.00014678997379045998,0.02168307320957503
7.899347272491854,0.000488637551771854,0.00014678997379045998,0.021682019936719293
7.900645488456961,0.00022728249790222171,0.00014678997379045998,0.021681346529285148
7.901943701045749,0.0002576573933991723,0.00014678997379045998,0.021680242657913833
7.903241910329339,0.0003047918680449298,0.00014678997379045998,0.02167844096314677
7.904540116378859,0.0002701354858064102,0.00014678997379045998,0.021676252005095095
7.905838319265431,-1.0408646978272984e-05,0.00014678997379045998,0.02167366778433083
7.907136519060183,-0.00010895817092861082,0.00014678997379045998,0.021670934677014808
7.908434715834235,-4.580227280660126e-05,0.00014678997379045998,0.021668003172215882
7.909732909658715,-0.00011435855825411498,0.00014678997379045998,0.02166485916581038
7.911031100604746,-1.8787010347170313e-05,0.00014678997379045998,0.021663195971159118
7.912329288743452,0.00037307711646228717,0.00014678997379045998,0.021661844754998293
7.91362747414596,-3.4126398344998254e-05,0.00014678997379045998,0.02166065272222701
7.914925656883391,0.0001625921876211578,0.00014678997379045998,0.021659693765017304
7.9162238370268705,0.000353565885179305,0.00014678997379045998,0.021658416247090667
7.917522014647525,0.00022941720160543286,0.00014678997379045998,0.021657593157594968
7.918820189816477,0.0002353030947978424,0.00014678997379045998,0.02165626860379266
7.920118362604852,9.972390396998168e-05,0.00014678997379045998,0.02165502745121073
7.921416533083773,0.0001704127560870107,0.00014678997379045998,0.02165385737367152
7.922714701324367,-9.406077283165976e-06,0.00014678997379045998,0.021652759044640858
7.924012867397757,-0.0001552612557699437,0.00014678997379045998,0.021651733137836006
7.925311031375067,-3.0043552481217456e-05,0.00014678997379045998,0.0216507803272258
7.9266091933274225,0.0002177633725497924,0.00014678997379045998,0.0216501751675416
7.9279073533259465,-7.813525392024595e-05,0.00014678997379045998,0.02164964745463381
7.929205511441766,2.388968669684091e-05,0.00014678997379045998,0.021649197481092803
7.930503667746002,0.0005672452406848931,0.00014678997379045998,0.02164882554294456
7.931801822309784,0.0008271205541086311,0.00014678997379045998,0.021648583661721066
7.933099975204231,0.0007299964481768569,0.00014678997379045998,0.02164834782592294
7.934398126500471,0.00042405121642147964,0.00014678997379045998,0.021648120863537818
7.935696276269628,0.0005111541056485903,0.00014678997379045998,0.021647905588268738
7.936994424582824,0.00041511389441234794,0.00014678997379045998,0.021647538360080158
7.938292571511187,0.0004000419873564122,0.00014678997379045998,0.021647016186438987
7.9395907171258395,0.0001651246541771803,0.00014678997379045998,0.02164677189099559
7.940888861497906,0.00011609720271098592,0.00014678997379045998,0.021645755173821123
7.942187004698512,0.00020891567281034612,0.00014678997379045998,0.021645030845597244
7.943485146798783,0.00030253008255524266,0.00014678997379045998,0.021644599956517088
7.944783287869842,0.00033016714712061704,0.00014678997379045998,0.02164446362178378
7.9460814279828105,-1.9408618294712576e-06,0.00014678997379045998,0.021644623021610323
7.9473795672088166,0.0001437803878332998,0.00014678997379045998,0.021644908156552872
7.948677705618984,0.0003753918120890064,0.00014678997379045998,0.021645085379206043
7.949975843284439,0.00020966424219532112,0.00014678997379045998,0.02164515819825276
7.951273980276303,5.241972916666948e-06,0.00014678997379045998,0.021645130088644514
7.952572116665702,0.00013749452263988465,0.00014678997379045998,0.02164500449160153
7.95387025252376,0.0003629598279681484,0.00014678997379045998,0.021644784814612752
7.955168387921604,0.00029351847344709706,0.00014678997379045998,0.02164447443143582
7.956466522930354,0.0003239877962706514,0.00014678997379045998,0.021644076682097134
7.957764657621138,0.0002330664049319947,0.00014678997379045998,0.021643594872891813
7.95906279206508,-4.759363431043953e-05,0.00014678997379045998,0.021642228437650287
7.960360926333301,0.00030955240169797116,0.00014678997379045998,0.021639958721528157
7.961659060496929,0.0002870096005213908,0.00014678997379045998,0.021637964898459434
7.96295719462709,-3.2227418833217364e-05,0.00014678997379045998,0.02163625462942521
7.964255328794905,-6.707452950579715e-05,0.00014678997379045998,0.021634835640971094
7.9655534630715,2.4963219214673565e-05,0.00014678997379045998,0.021633715725206892
7.966851597527999,-0.00017203910456155616,0.00014678997379045998,0.02163290273980694
7.968149732235527,-1.6531305022562948e-05,0.00014678997379045998,0.021632055046188398
7.969447867265207,0.0002345582203006416,0.00014678997379045998,0.02163141129185438
7.970746002688166,-0.00014566439036598974,0.00014678997379045998,0.021630958704009086
7.9720441385755265,-0.00015526311803756854,0.00014678997379045998,0.021630341706286294
7.973342274998416,8.30064009638351e-05,0.00014678997379045998,0.021628242837016982
7.974640412027955,0.0001377264333468388,0.00014678997379045998,0.02162667714372479
7.975938549735269,0.00016640083096874925,0.00014678997379045998,0.021625517249996572
7.977236688191483,-7.21374344909119e-05,0.00014678997379045998,0.021624782907219652
7.978534827467723,-0.00023069146183124847,0.00014678997379045998,0.02162384197418934
7.979832967635112,0.0001437441469128234,0.00014678997379045998,0.021622691766683726
7.981131108764773,2.7195015276367668e-05,0.00014678997379045998,0.02162136205067924
7.982429250927834,-0.00027722900549475085,0.00014678997379045998,0.021619851153565038
7.983727394195416,-0.00042204200124057456,0.00014678997379045998,0.02161815735212343
7.985025538638646,-0.00028965224861837724,0.00014678997379045998,0.021616278872529742
7.9863236843286485,4.3267181081455e-05,0.00014678997379045998,0.02161443875880058
7.987621831336545,0.0001242650138707016,0.00014678997379045998,0.021612499342484607
7.988919979733463,-0.00013643603000491195,0.00014678997379045998,0.02161169342062287
7.990218129590526,-0.00016696656574474722,0.00014678997379045998,0.021611134114399334
7.99151628097886,-5.967716937879675e-06,0.00014678997379045998,0.02161081889411387
7.992814433969587,-5.897814491062636e-06,0.00014678997379045998,0.02161074528493053
7.994112588633832,5.2511876961265636e-05,0.00014678997379045998,0.021610910866877903
7.9954107450427205,5.255193352018614e-05,0.00014678997379045998,0.021611227754144695
7.9967089032673755,-0.00015297737779451995,0.00014678997379045998,0.021611690667569856
7.998007063378924,-0.00025527543451221366,0.00014678997379045998,0.0216122943621781
7.999305225448489,-7.737064582361355e-05,0.00014678997379045998,0.02161152605523748
8.000603389547194,1.2613576753601335e-05,0.00014678997379045998,0.021610738907120005
8.001901555746166,0.00031587278134253063,0.00014678997379045998,0.021609934583460423
8.003199724116527,0.0003452136153757994,0.00014678997379045998,0.021607932485635223
8.0044978947294,0.0002142524740061484,0.00014678997379045998,0.021605143681834343
8.005796067655917,0.00016613838099769837,0.00014678997379045998,0.021603047958626487
8.007094242967193,0.0003727173874981879,0.00014678997379045998,0.02160155182374153
8.008392420734358,0.0008269225126976004,0.00014678997379045998,0.021600674576761587
8.009690601028538,0.0005394211265265896,0.00014678997379045998,0.021599879403531506
8.010988783920851,7.172887177598133e-05,0.00014678997379045998,0.021599166575151565
8.012286969482428,4.953405413612305e-05,0.00014678997379045998,0.021598536369552737
8.01358515778439,0.0002664639165605165,0.00014678997379045998,0.021597989071496754
8.014883348897865,0.0005171978207810235,0.00014678997379045998,0.021597604456127587
8.016181542893971,0.0003658169023346425,0.00014678997379045998,0.02159738000409713
8.017479739843838,0.00040187217505861794,0.00014678997379045998,0.02159715288467279
8.01877793981859,0.0003234620900635504,0.00014678997379045998,0.021597667687618834
8.020076142889348,-0.00011970577802376814,0.00014678997379045998,0.021597628128212393
8.02137434912724,-0.00010877741162495028,0.00014678997379045998,0.021597722913804664
8.02267255860339,0.0005268250409841101,0.00014678997379045998,0.021597948339895534
8.023970771388921,0.0006177540613386684,0.00014678997379045998,0.02159836184619699
8.025268987554957,0.0005848491570934061,0.00014678997379045998,0.021598961899298157
8.026567207172626,0.00036376593119934186,0.00014678997379045998,0.021599747005169468
8.02786543031305,0.00019212371220258748,0.00014678997379045998,0.021600262108372435
8.029163657047352,0.0003320435576194061,0.00014678997379045998,0.021600515802250253
8.030461887446661,0.00024293858503757898,0.00014678997379045998,0.021600516606727294
8.031760121582096,0.00035074753423988345,0.00014678997379045998,0.021600272968308683
8.033058359524786,0.0005383948886993756,0.00014678997379045998,0.021600063736376972
8.034356601345854,0.0006267508479070871,0.00014678997379045998,0.021599887622149774
8.035654847116422,0.00036462722137868206,0.00014678997379045998,0.021599743331120105
8.036953096907618,9.370949361054565e-05,0.00014678997379045998,0.021599629563056135
8.038251350790564,7.171601374433845e-05,0.00014678997379045998,0.021599205719688805
8.039549608836388,0.00019337167500854333,0.00014678997379045998,0.021598458709923756
8.040847871116211,0.00019102619973901044,0.00014678997379045998,0.02159737535488042
8.04214613770116,0.00017069310225932902,0.00014678997379045998,0.021595942387891625
8.043444408662356,0.0003042938935625128,0.00014678997379045998,0.021595243009298458
8.044742684070927,0.0006260045384240097,0.00014678997379045998,0.02159463426087122
8.046040963997996,0.0005476657309940493,0.00014678997379045998,0.02159479915680924
8.047339248514687,0.0005185481029297521,0.00014678997379045998,0.021594436235458498
8.048637537692127,0.0001389975736803828,0.00014678997379045998,0.021593533862361798
8.049935831601434,5.997029385838154e-05,0.00014678997379045998,0.0215920802634869
8.051234130313741,-2.2191016453093626e-05,0.00014678997379045998,0.021592699270201507
8.052532433900168,0.0003217012286669367,0.00014678997379045998,0.02159220504986999
8.05383074243184,0.000454593204311661,0.00014678997379045998,0.02159048821746454
8.055129055979881,9.953947749596209e-05,0.00014678997379045998,0.02158833340533572
8.056427374615417,-3.908488556331191e-06,0.00014678997379045998,0.021588172053931355
8.057725698409572,0.00017622052715466144,0.00014678997379045998,0.021588251523559265
8.05902402743347,0.00010088261702539958,0.00014678997379045998,0.021588575553112357
8.060322361758233,0.00011925325335747014,0.00014678997379045998,0.021588896584460875
8.06162070145499,0.0001912867441549275,0.00014678997379045998,0.02158921630354984
8.062919046594862,0.00019330725117033473,0.00014678997379045998,0.021589536380777808
8.064217397248976,0.00029067506462044507,0.00014678997379045998,0.02158950251339198
8.065515753488457,0.0004122411515892384,0.00014678997379045998,0.021589505465159774
8.066814115384426,0.00021220270753736364,0.00014678997379045998,0.02158954547076317
8.068112483008012,7.849817009030272e-05,0.00014678997379045998,0.021589622760692755
8.069410856430332,0.00029317477067359807,0.00014678997379045998,0.02158973756124765
8.07070923572252,0.0005306823234815204,0.00014678997379045998,0.02158989009453554
8.072007620955695,0.0002873758517642419,0.00014678997379045998,0.021590080578472656
8.073306012200982,0.0002795777695312508,0.00014678997379045998,0.02159030922678378
8.074604409529504,-9.584792461048153e-05,0.00014678997379045998,0.02159057624900207
8.07590281301239,-0.00037553039989180956,0.00014678997379045998,0.021590881850469253
8.077201222720761,-7.609959030260155e-06,0.00014678997379045998,0.021591226232335465
8.078499638725745,9.816985084987878e-05,0.00014678997379045998,0.021591609591559265
8.07979806109846,-6.881788483750068e-05,0.00014678997379045998,0.021592032120907673
8.081096489910035,-8.437814141713101e-05,0.00014678997379045998,0.021592494008956107
8.082394925231593,-0.00011657367002833666,0.00014678997379045998,0.021593385196712625
8.083693367134263,-6.057075259627287e-05,0.00014678997379045998,0.021594355014259253
8.084991815689165,-0.00013721198837360338,0.00014678997379045998,0.021595401866176242
8.086290270967421,0.00017761935948729796,0.00014678997379045998,0.021596524166044916
8.08758873304016,0.0006359955240847585,0.00014678997379045998,0.02159874487607341
8.088887201978507,0.0003974737987659689,0.00014678997379045998,0.021599811585906733
8.090185677853585,5.1200475239553817e-05,0.00014678997379045998,0.021600610460670865
8.091484160736517,1.9967442203408514e-05,0.00014678997379045998,0.021601312195117062
8.09278265069843,-4.696450031798499e-06,0.00014678997379045998,0.021601685014615367
8.094081147810444,7.411399248537925e-05,0.00014678997379045998,0.021602568663855612
8.09537965214369,3.479055668092687e-05,0.00014678997379045998,0.021603261174637164
8.096678163769289,0.00016022792971941494,0.00014678997379045998,0.021604498380078153
8.097976682758365,-3.917390538324059e-05,0.00014678997379045998,0.02160574503995899
8.099275209182043,-7.483720608251337e-05,0.00014678997379045998,0.021606997798217023
8.100573743111449,-5.668421859006401e-06,0.00014678997379045998,0.021609015131106347
8.101872284617706,-8.275803128957732e-05,0.00014678997379045998,0.02161049952145611
8.103170833771935,2.2749591121629803e-05,0.00014678997379045998,0.021611683983075704
8.104469390645267,1.992056295349945e-05,0.00014678997379045998,0.021612051260980022
8.105767955308826,0.00017845587254202225,0.00014678997379045998,0.02161235907390645
8.10706652783373,0.00048817878987554575,0.00014678997379045998,0.021612608464329528
8.108365108291109,0.0004627551339994318,0.00014678997379045998,0.021612869994781875
8.109663696752088,0.00031538882334325447,0.00014678997379045998,0.02161239239041263
8.110962293287788,-3.376228034151704e-05,0.00014678997379045998,0.02161260042831039
8.112260897969337,0.00031509907199562745,0.00014678997379045998,0.02161271941604377
8.113559510867855,0.0003848428689368147,0.00014678997379045998,0.02161274454226433
8.11485813205447,-4.1988432936519715e-05,0.00014678997379045998,0.02161334684038624
8.116156761600307,-5.548463299816925e-05,0.00014678997379045998,0.021614348327268374
8.117455399576489,8.555264518593508e-05,0.00014678997379045998,0.02161573649905592
8.118754046054137,0.00010201309991593466,0.00014678997379045998,0.021617053816690667
8.120052701104381,0.00021690691498151352,0.00014678997379045998,0.021618303727286035
8.121351364798345,0.00029746725284427594,0.00014678997379045998,0.021619489653059102
8.122650037207153,-5.804884558546081e-06,0.00014678997379045998,0.021620614991330462
8.123948718401927,0.00023551442743292156,0.00014678997379045998,0.021621683114524094
8.12524740845379,0.00038510596511649037,0.00014678997379045998,0.021622697370167098
8.126546107433875,0.00013960537212843321,0.00014678997379045998,0.02162366108088958
8.127844815413296,3.767971015231769e-05,0.00014678997379045998,0.021624577544424504
8.129143532463186,6.134176131993713e-05,0.00014678997379045998,0.02162555124894063
8.130442258654663,5.2089276863377665e-05,0.00014678997379045998,0.021626581854676988
8.131740994058859,-0.0001781939768769232,0.00014678997379045998,0.02162750972257183
8.13303973874689,0.00011254272761581849,0.00014678997379045998,0.021628498852634175
8.134338492789885,0.0004664527443174679,0.00014678997379045998,0.021630806148897293
8.135637256258969,0.00028950711014957137,0.00014678997379045998,0.02163252489714274
8.136936029225264,0.00023194095662039046,0.00014678997379045998,0.02163401611679089
8.138234811759899,0.00031289063726156613,0.00014678997379045998,0.021635305089308988
8.139533603933991,0.00023846804152205525,0.00014678997379045998,0.021637280776100436
8.140832405818673,0.0004795762578650685,0.00014678997379045998,0.021638478291200674
8.142131217485064,0.0003881593264663877,0.00014678997379045998,0.021639656917641994
8.14343003900429,0.0003621317662884961,0.00014678997379045998,0.02164081283225932
8.144728870447475,0.0004667129475581025,0.00014678997379045998,0.021641828577080812
8.146027711885743,0.00027954823895958575,0.00014678997379045998,0.021642914362974882
8.147326563390221,0.00016103342407137664,0.00014678997379045998,0.021644427459042773
8.148625425032028,7.130923046556534e-05,0.00014678997379045998,0.02164635492033738
8.149924296882295,8.278086871734217e-05,0.00014678997379045998,0.021647804881045486
8.151223179012147,0.0004554856768189258,0.00014678997379045998,0.021648829297464065
8.152522071492703,0.00046048389915649343,0.00014678997379045998,0.02164942347619998
8.153820974395089,0.00027620594669455073,0.00014678997379045998,0.021650697277037185
8.15511988779043,-0.00012794204690987077,0.00014678997379045998,0.021651687317786328
8.15641881174985,0.00018447754466393435,0.00014678997379045998,0.021652380300976642
8.157717746344478,0.0004319930396813991,0.00014678997379045998,0.021653056897861508
8.159016691645432,0.0003651247550450626,0.00014678997379045998,0.021653872445868638
8.16031564772384,0.0006602683146112211,0.00014678997379045998,0.021654829199732804
8.161614614650825,0.0005109253287375187,0.00014678997379045998,0.0216559294452596
8.162913592497512,0.00026571807729729516,0.00014678997379045998,0.021657175499325717
8.164212581335025,0.0003519208154422193,0.00014678997379045998,0.02165761156644746
8.165511581234494,0.0006242637007911923,0.00014678997379045998,0.021658745032297755
8.166810592267035,0.0003374168093649606,0.00014678997379045998,0.021660598219034766
8.168109614503775,0.00019372245957038556,0.00014678997379045998,0.021660870989789704
8.16940864801584,0.0002611079640238295,0.00014678997379045998,0.021660359282608944
8.170707692874355,0.00019866476845197684,0.00014678997379045998,0.021660518123991935
8.172006749150446,0.00013876079726880125,0.00014678997379045998,0.021662444398022025
8.173305816915233,0.0001145381285019946,0.00014678997379045998,0.021663936273473766
8.174604896239844,0.00026633528159695705,0.00014678997379045998,0.0216649757343945
8.1759039871954,0.00011984619014249881,0.00014678997379045998,0.021665866742136396
8.177203089853029,0.00029629273989579055,0.00014678997379045998,0.02166762940712238
8.178502204283852,0.00046597020814665227,0.00014678997379045998,0.0216694316392004
8.179801330558998,0.0004777839054310555,0.00014678997379045998,0.02167158610071869
8.18110046874959,5.6409975232738635e-05,0.00014678997379045998,0.02167324063242853
8.182399618926748,-0.0002791734218337352,0.00014678997379045998,0.021674375191128824
8.183698781161603,-1.715336057891287e-05,0.00014678997379045998,0.021674973145033385
8.184997955525276,0.000260608635044509,0.00014678997379045998,0.02167650777992961
8.186297142088891,0.0003586137500512475,0.00014678997379045998,0.02167853963673595
8.187596340923575,0.0004999917819506518,0.00014678997379045998,0.021680079068706944
8.18889555210045,0.00036395363709032513,0.00014678997379045998,0.021681609941589294
8.19019477569064,2.6163919028682203e-05,0.00014678997379045998,0.021683133125398067
8.191494011765275,0.00027718815442093897,0.00014678997379045998,0.0216846893248063
8.192793260395472,0.0004407000272115859,0.00014678997379045998,0.021686277979006536
8.194092521652362,0.0005587830692041426,0.00014678997379045998,0.021688412219394423
8.195391795607064,0.0007205676238681326,0.00014678997379045998,0.02169020154893573
8.196691082330707,0.000379188878421078,0.00014678997379045998,0.021691898290034945
8.197990381894412,1.5299799453749596e-06,0.00014678997379045998,0.021693552424435568
8.199289694369305,0.00017322584978728822,0.00014678997379045998,0.021695695462546124
8.200589019826511,0.00018020314319963301,0.00014678997379045998,0.02169684414260268
8.201888358337152,-5.6033302413743824e-05,0.00014678997379045998,0.021697898693612085
8.203187709972358,-0.00022026020667885102,0.00014678997379045998,0.02169885261356565
8.204487074803247,-8.939675358257682e-05,0.00014678997379045998,0.021699699369007043
8.205786452900947,3.6736540871756124e-05,0.00014678997379045998,0.021701380232191255
8.207085844336582,0.0002110802431727378,0.00014678997379045998,0.021702595198104527
8.208385249181278,0.00020150942140893802,0.00014678997379045998,0.021704065720739654
8.209684667506155,8.630741552158663e-05,0.00014678997379045998,0.02170553601594783
8.210984099382342,-0.00019835747120369035,0.00014678997379045998,0.021707011831927876
8.212283544880963,0.0001925639759811082,0.00014678997379045998,0.0217084516816897
8.21358300407314,0.0002142115939960422,0.00014678997379045998,0.021709862989624157
8.214882477029999,0.00015700150711932606,0.00014678997379045998,0.021711253169318594
8.216181963822663,-2.214084083063811e-06,0.00014678997379045998,0.02171346910387623
8.217481464522258,0.00022384684211934278,0.00014678997379045998,0.021715620327695754
8.218780979199911,0.0004461884336334175,0.00014678997379045998,0.02171760468428159
8.220080507926742,0.00035759912418894743,0.00014678997379045998,0.021719426914955913
8.22138005077388,0.0001905829765985155,0.00014678997379045998,0.021721091716266273
8.222679607812442,0.00039552107748554166,0.00014678997379045998,0.021722603739985233
8.22397917911356,0.0003874823342688398,0.00014678997379045998,0.02172409482543572
8.225278764748355,0.00012879240849376222,0.00014678997379045998,0.021725565025441148
8.226578364787953,-2.8961161242384986e-05,0.00014678997379045998,0.02172701437985598
8.227877979303477,-4.210436395955461e-05,0.00014678997379045998,0.0217284507118615
8.229177608366053,1.5139440891362432e-05,0.00014678997379045998,0.021729919529960784
8.230477252046803,-5.514539407647581e-05,0.00014678997379045998,0.021731418938520077
8.231776910416855,7.988420848120334e-05,0.00014678997379045998,0.02173294704232751
8.233076583547332,0.0001935283733538115,0.00014678997379045998,0.021734501946593023
8.234376271509358,7.332913484061482e-06,0.00014678997379045998,0.021736081756948484
8.235675974374054,-0.00013797372703807514,0.00014678997379045998,0.021737684579447553
8.236975692212553,-6.971262054757815e-05,0.00014678997379045998,0.021739308520565805
8.23827542509597,0.00014493072951536276,0.00014678997379045998,0.021741180759329525
8.239575173095439,0.00043419545099987467,0.00014678997379045998,0.021743116236309378
8.240874936282077,0.0005795488289875167,0.00014678997379045998,0.021745114432580957
8.242174714727012,0.0003088752110992424,0.00014678997379045998,0.02174698371656848
8.243474508501366,-2.311293770893355e-05,0.00014678997379045998,0.021749691663260212
8.244774317676269,0.00017548498324121767,0.00014678997379045998,0.021751925866995297
8.246074142322838,0.0006653324656948865,0.00014678997379045998,0.021754136408839723
8.247373982512203,0.0007487523123428617,0.00014678997379045998,0.021756327614222422
8.248673838315485,0.0005564971742348379,0.00014678997379045998,0.021758934194259633
8.249973709803811,0.0003706759711114317,0.00014678997379045998,0.021761945203260937
8.251273597048304,0.0001506097784165876,0.00014678997379045998,0.021765520365697823
8.25257350012009,3.105800340530429e-05,0.00014678997379045998,0.0217676453013886
8.253873419090292,0.0001347185441488534,0.00014678997379045998,0.02176988149241386
8.255173354030035,0.0003273722519607711,0.00014678997379045998,0.02177222487441321
8.256473305010442,0.0006204049698681907,0.00014678997379045998,0.021774494667814604
8.257773272102643,0.0005540411401907183,0.00014678997379045998,0.02177668071380213
8.259073255377755,0.0003178980593778642,0.00014678997379045998,0.02177877283228099
8.260373254906906,0.0001625678196787439,0.00014678997379045998,0.021780760821876917
8.261673270761221,0.0001243051801431104,0.00014678997379045998,0.02178132382229992
8.262973303011826,0.0004252290125274158,0.00014678997379045998,0.021783874946094274
8.264273351729841,0.0003825384045488267,0.00014678997379045998,0.02178596193656765
8.265573416986394,1.0846934343545361e-05,0.00014678997379045998,0.021787589096809147
8.266873498852608,-6.369560558218065e-05,0.00014678997379045998,0.021789122306580293
8.268173597399606,6.712150549839646e-05,0.00014678997379045998,0.02179047170344648
8.269473712698518,0.0002748600988510784,0.00014678997379045998,0.021792384816587424
8.270773844820463,0.00016397788230447172,0.00014678997379045998,0.021794151924640043
8.27207399383657,-0.00030082101546888285,0.00014678997379045998,0.021796779446331172
8.273374159817957,-8.073400082171667e-05,0.00014678997379045998,0.021798956888403696
8.274674342835754,0.00012697284459596211,0.00014678997379045998,0.021801035993386765
8.275974542961084,0.00022515700554916196,0.00014678997379045998,0.021803026984816093
8.277274760265072,0.000360477979988158,0.00014678997379045998,0.0218048529386414
8.27857499481884,7.146063618725107e-05,0.00014678997379045998,0.02180654204489191
8.279875246693516,-0.0001703196837396781,0.00014678997379045998,0.02180833026161429
8.281175515960223,8.976514143944556e-05,0.00014678997379045998,0.021810309997567102
8.282475802690083,5.261917052260673e-05,0.00014678997379045998,0.021812180926936788
8.283776106954226,-0.00020396090706539804,0.00014678997379045998,0.021813933700606594
8.285076428823771,-0.00032643241701037565,0.00014678997379045998,0.02181556606334871
8.286376768369847,-0.00020160470321165316,0.00014678997379045998,0.021817439724117923
8.287677125663572,-0.00014955077594571223,0.00014678997379045998,0.021818785797210364
8.28897750077608,3.5831329598771944e-06,0.00014678997379045998,0.021820734064387892
8.290277893778487,0.00030949170791726155,0.00014678997379045998,0.02182271797880315
8.291578304741922,0.00035021758315294596,0.00014678997379045998,0.021824748483457234
8.292878733737508,0.0003618281589175369,0.00014678997379045998,0.021826823978523653
8.294179180836368,0.0004099706460049396,0.00014678997379045998,0.021828942872518152
8.29547964610963,0.0005061088087841455,0.00014678997379045998,0.021831268456996712
8.296780129628418,0.00030137813235779284,0.00014678997379045998,0.021833509652901473
8.298080631463852,8.510552560005852e-05,0.00014678997379045998,0.021835919735814256
8.299381151687061,0.0001459620942654491,0.00014678997379045998,0.021838490861045043
8.300681690369169,0.00012480482993683026,0.00014678997379045998,0.021840654119570608
8.3019822475813,-0.00012198527132355891,0.00014678997379045998,0.021842380374978137
8.303282823394577,0.00010234909511854309,0.00014678997379045998,0.021844240456962587
8.304583417880128,0.0004319054223707597,0.00014678997379045998,0.021846233021667917
8.305884031109072,0.00034051192713114783,0.00014678997379045998,0.02184791686612773
8.307184663152537,0.00021992752601987173,0.00014678997379045998,0.021849802543428033
8.308485314081649,0.0002541310985206824,0.00014678997379045998,0.02185188670954673
8.30978598396753,0.00016231850021349026,0.00014678997379045998,0.02185447425986816
8.311086672881304,0.00011549532109807539,0.00014678997379045998,0.021856693258404884
8.312387380894096,0.0002258926570348624,0.00014678997379045998,0.021858546510109995
8.313688108077033,0.00019515642362893243,0.00014678997379045998,0.021860036736860215
8.314988854501236,0.0001987244510408652,0.00014678997379045998,0.02186132275500142
8.316289620237834,0.0001996992935080974,0.00014678997379045998,0.021862401585565093
8.317590405357945,8.745987356412882e-06,0.00014678997379045998,0.021863706368933603
8.318891209932698,-0.0002370666076888621,0.00014678997379045998,0.021866095343304897
8.320192034033216,-0.00012131614895663848,0.00014678997379045998,0.021867000203722543
8.321492877730625,9.872874676706417e-05,0.00014678997379045998,0.021867958243399023
8.32279374109605,0.00021290909399734534,0.00014678997379045998,0.02186897390695628
8.324094624200612,-0.00014118462943621748,0.00014678997379045998,0.021870087816171863
8.32539552711544,1.7880536995081714e-05,0.00014678997379045998,0.021871303171263238
8.326696449911651,0.00016585161097662504,0.00014678997379045998,0.02187262319997679
8.327997392660379,0.0004804207472108718,0.00014678997379045998,0.021874051157588233
8.32929835543274,0.00029961789117995477,0.00014678997379045998,0.02187559032690286
8.330599338299868,9.344257851402055e-05,0.00014678997379045998,0.02187724401825622
8.331900341332878,0.00011898958925583847,0.00014678997379045998,0.021879060306719492
8.333201364602898,-0.00014614821797363092,0.00014678997379045998,0.021881031424681494
8.334502408181054,-9.090695444322061e-05,0.00014678997379045998,0.021883149644266443
8.335803472138469,0.0002553573174928457,0.00014678997379045998,0.021885093521980786
8.337104556546269,0.0005057023320023321,0.00014678997379045998,0.021886866528150844
8.338405661475576,0.00047134413045585646,0.00014678997379045998,0.021888472094454096
8.339706786997517,0.0002729440267102458,0.00014678997379045998,0.021889662149757304
8.341007933183215,0.00024753750643420266,0.00014678997379045998,0.02189043131501245
8.342309100103794,8.221550560683424e-05,0.00014678997379045998,0.021891314998772744
8.343610287830382,5.217385766679433e-05,0.00014678997379045998,0.021892313371024142
8.3449114964341,0.00012788854556611273,0.00014678997379045998,0.021893426634624968
8.346212725986073,0.0003494834300989749,0.00014678997379045998,0.021894655025306693
8.347513976557424,0.0004486565036540928,0.00014678997379045998,0.021895998811674252
8.34881524821928,0.00018105994032564798,0.00014678997379045998,0.021897458295206763
8.350116541042764,0.0002473141153000319,0.00014678997379045998,0.021899033810257918
8.351417855099005,0.0005482028134723149,0.00014678997379045998,0.021900725724056557
8.352719190459121,0.0003096799817277826,0.00014678997379045998,0.021902561487399882
8.354020547194239,0.0003239403924265895,0.00014678997379045998,0.021904540574676657
8.355321925375485,0.0004157840110340649,0.00014678997379045998,0.021906662499909878
8.356623325073981,4.196303500673612e-05,0.00014678997379045998,0.02190869391789691
8.357924746360853,0.00010067697601008618,0.00014678997379045998,0.021910626333118154
8.359226189307227,0.00029097969904248733,0.00014678997379045998,0.021912451233252587
8.360527653984224,0.00028491405256134486,0.00014678997379045998,0.021913282927264233
8.361829140462968,0.00016794951118341214,0.00014678997379045998,0.021913768498488924
8.36313064881459,0.0001929674862005612,0.00014678997379045998,0.021914063669140987
8.364432179110208,8.252090772049511e-05,0.00014678997379045998,0.021914163017139165
8.36573373142095,6.577729696459131e-05,0.00014678997379045998,0.02191406107934682
8.367035305817938,0.0002393142767895158,0.00014678997379045998,0.02191383013053017
8.368336902372297,0.00021806442412539498,0.00014678997379045998,0.021914074679050852
8.369638521155153,5.220912117985185e-05,0.00014678997379045998,0.021915569316226104
8.37094016223763,-0.0001486503437885811,0.00014678997379045998,0.02191686756550093
8.372241825690852,0.00012684586234048764,0.00014678997379045998,0.021918726296221856
8.373543511585943,0.00021681805853862937,0.00014678997379045998,0.021920280133099834
8.374845219994029,-4.2658626232320446e-05,0.00014678997379045998,0.02192154246876007
8.376146950986232,5.481384800922265e-05,0.00014678997379045998,0.02192252662729626
8.377448704633679,8.889728571682617e-05,0.00014678997379045998,0.021924208948366983
8.378750481007494,-0.00014830020117662449,0.00014678997379045998,0.021925231439817085
8.380052280178802,-8.08735697954803e-05,0.00014678997379045998,0.02192616304142301
8.381354102218724,-5.985544746844526e-05,0.00014678997379045998,0.021927083719273006
8.382655947198389,-4.778211446677602e-05,0.00014678997379045998,0.021927992821801977
8.383957815188918,-0.00013808872331885075,0.00014678997379045998,0.021928889693324974
8.385259706261438,2.6277871870018787e-05,0.00014678997379045998,0.021929687353718585
8.386561620487074,0.00012995771097737072,0.00014678997379045998,0.021930382421512525
8.387863557936946,7.453203944766257e-05,0.00014678997379045998,0.021930971490165603
8.389165518682184,1.2939717369320203e-05,0.00014678997379045998,0.021930671628653246
8.390467502793909,-0.00017482117858763288,0.00014678997379045998,0.02193103228851488
8.391769510343245,-7.805917225169393e-05,0.00014678997379045998,0.02193126324909205
8.393071541401321,-0.0001106801141139667,0.00014678997379045998,0.021931360526898338
8.394373596039257,5.79872856434141e-05,0.00014678997379045998,0.021931320110012396
8.39567567432818,-7.784745737535181e-05,0.00014678997379045998,0.021931137958077475
8.396977776339211,0.00022599475371233926,0.00014678997379045998,0.021930794357796685
8.398279902143477,0.0002772370841366313,0.00014678997379045998,0.021930766688359117
8.399582051812104,-1.450626964962648e-06,0.00014678997379045998,0.02193106100927911
8.400884225416215,-0.00013906223323632838,0.00014678997379045998,0.021931784212323353
8.402186423026933,6.938695097475148e-05,0.00014678997379045998,0.021932647994280168
8.403488644715384,8.422350995881261e-05,0.00014678997379045998,0.02193338529953233
8.404790890552693,0.00012273246310923538,0.00014678997379045998,0.021934247022007292
8.406093160609986,0.0005001726108522682,0.00014678997379045998,0.021935227748293106
8.407395454958385,0.0004967259434637307,0.00014678997379045998,0.02193579692260542
8.408697773669013,4.221661655554737e-05,0.00014678997379045998,0.02193635406147575
8.410000116812993,6.45563023550337e-05,0.00014678997379045998,0.021936898636918008
8.411302484461457,2.928508741889546e-05,0.00014678997379045998,0.021937430117627894
8.412604876685526,0.0002571622421164467,0.00014678997379045998,0.021937947968982827
8.413907293556322,0.0003987341644436128,0.00014678997379045998,0.021938397788612285
8.415209735144973,0.0002610961020903767,0.00014678997379045998,0.02193915434219113
8.4165122015226,0.00034917088807390195,0.00014678997379045998,0.021939775873910997
8.41781469276033,5.031790453924323e-05,0.00014678997379045998,0.02194072954493787
8.419117208929285,0.00013337929742727322,0.00014678997379045998,0.021942011143721504
8.420419750100594,0.0003803351812835913,0.00014678997379045998,0.021943532406227644
8.421722316345377,0.0004533934578748247,0.00014678997379045998,0.02194354724957936
8.423024907734762,0.00019491749827912908,0.00014678997379045998,0.02194395164261314
8.424327524339871,7.163553322120375e-05,0.00014678997379045998,0.021944755771840886
8.425630166231828,0.00015047623934613327,0.00014678997379045998,0.021945462791615224
8.426932833481759,-1.8323178229320836e-05,0.00014678997379045998,0.021946073062938762
8.428235526160789,-0.00016844779187022776,0.00014678997379045998,0.021946779265688058
8.429538244340042,9.65116659918698e-05,0.00014678997379045998,0.021947574895133118
8.43084098809064,0.00041924604814110034,0.00014678997379045998,0.021948550612124616
8.432143757483711,0.0006074505178532037,0.00014678997379045998,0.021951006879056278
8.43344655259038,0.00019769184903623005,0.00014678997379045998,0.021953142128549236
8.434749373481768,-0.00017869449341843466,0.00014678997379045998,0.021954243106281593
8.436052220229001,-0.0002913140891608046,0.00014678997379045998,0.021955350039451975
8.437355092903204,-1.9150210173041193e-05,0.00014678997379045998,0.021957142939771804
8.4386579915755,0.0002164794955027763,0.00014678997379045998,0.021958143719276256
8.439960916317018,2.890512918274704e-05,0.00014678997379045998,0.021959048741469343
8.441263867198876,0.00018546535351072688,0.00014678997379045998,0.02195986194170984
8.442566844292202,0.00031724205479934445,0.00014678997379045998,0.021960587232250146
8.443869847668118,0.00027348669596143765,0.00014678997379045998,0.021961228502235856
8.445172877397754,0.0003381604203650593,0.00014678997379045998,0.021962211107209986
8.446475933552229,-5.103198475152337e-06,0.00014678997379045998,0.02196352395544076
8.447779016202672,-0.00017330091653978974,0.00014678997379045998,0.02196458491887673
8.449082125420203,0.00012694850195280744,0.00014678997379045998,0.021965403306451026
8.45038526127595,0.00016687906325616939,0.00014678997379045998,0.021966217603279183
8.451688423841034,0.00015609373532096335,0.00014678997379045998,0.021967028874865187
8.452991613186581,0.0002750809963851762,0.00014678997379045998,0.021967434508024547
8.454294829383718,0.00010151815945303941,0.00014678997379045998,0.021967770610086392
8.455598072503568,-0.00016893452275403356,0.00014678997379045998,0.021968036242277656
8.456901342617254,-0.0002621946058021067,0.00014678997379045998,0.021968230449352595
8.4582046397959,-0.00010148814021034014,0.00014678997379045998,0.021967291132016613
8.459507964110635,0.00020374159360521046,0.00014678997379045998,0.021967474051839374
8.460811315632577,0.00029105477437729385,0.00014678997379045998,0.0219679452852075
8.462114694432856,0.0003274113397222188,0.00014678997379045998,0.021968215065332523
8.463418100582595,0.0005018776924613361,0.00014678997379045998,0.021968277474544832
8.464721534152917,0.00046665230457464124,0.00014678997379045998,0.021968126543741043
8.466024995214948,0.00035593255917435243,0.00014678997379045998,0.021967756252382814
8.46732848383981,0.0001686841645733468,0.00014678997379045998,0.02196737379481269
8.468632000098632,7.527594246520275e-05,0.00014678997379045998,0.021966975041815388
8.469935544062535,-6.03736558257191e-05,0.00014678997379045998,0.02196655586500377
8.471239115802643,8.025260789201044e-05,0.00014678997379045998,0.02196551496414975
8.472542715390084,8.261015758548318e-05,0.00014678997379045998,0.02196515334135239
8.473846342895978,1.6320957889677523e-05,0.00014678997379045998,0.02196509941577553
8.475149998391453,0.0003624289299659321,0.00014678997379045998,0.021965781368959002
8.476453681947634,0.0002907232659777152,0.00014678997379045998,0.02196647351631615
8.47775739363564,4.305816958800196e-05,0.00014678997379045998,0.02196718073320372
8.479061133526605,0.00020017272178262518,0.00014678997379045998,0.021967835864437638
8.480364901691642,0.0005661011582616948,0.00014678997379045998,0.021968601644747853
8.481668698201883,0.0005970821976621493,0.00014678997379045998,0.02196947474795199
8.482972523128453,0.00016559984425990396,0.00014678997379045998,0.021970451870381567
8.484276376542471,-0.00020113102514842524,0.00014678997379045998,0.021971529730882455
8.485580258515066,-0.00013218029972593068,0.00014678997379045998,0.021972705070815477
8.486884169117364,0.00010259152899260576,0.00014678997379045998,0.021973614486410796
8.488188108420482,0.00021899219794209446,0.00014678997379045998,0.02197424225310782
8.489492076495551,-9.919223279003173e-05,0.00014678997379045998,0.021975033599177202
8.490796073413698,0.0004125908675001663,0.00014678997379045998,0.02197598868457301
8.492100099246036,3.642520053928622e-05,0.00014678997379045998,0.021977107716222546
8.493404154063702,-8.792546067053555e-05,0.00014678997379045998,0.02197839094802702
8.494708237937813,-0.00021174136461196008,0.00014678997379045998,0.021979426258627227
8.496012350939495,8.292828691906784e-07,0.00014678997379045998,0.021980228608417786
8.497316493139875,-2.625120941569456e-05,0.00014678997379045998,0.021980812901830057
8.498620664610074,-9.257055076859755e-05,0.00014678997379045998,0.02198191168419724
8.49992486542122,0.00020669773265066804,0.00014678997379045998,0.02198340948950615
8.501229095644433,9.343615244702952e-05,0.00014678997379045998,0.021985292163326377
8.502533355350842,-0.00015148209391688955,0.00014678997379045998,0.021987545648971017
8.50383764461157,-0.0003506761508089984,0.00014678997379045998,0.021989079132776392
8.505141963497742,-5.7606440442631995e-05,0.00014678997379045998,0.021988615106743162
8.506446312080477,3.78398311779056e-05,0.00014678997379045998,0.02198862046332114
8.50775069043091,6.535787836726287e-05,0.00014678997379045998,0.02198876942367403
8.509055098620154,0.0002579783942108678,0.00014678997379045998,0.02198907549509316
8.510359536719344,0.00019533165156878154,0.00014678997379045998,0.021988768333880544
8.511664004799599,5.768189155471934e-05,0.00014678997379045998,0.021989320722294998
8.51296850293204,0.00040113405883748093,0.00014678997379045998,0.02198988912755014
8.514273031187798,0.0004358437210288807,0.00014678997379045998,0.021990472708048915
8.515577589637996,0.0004526112451990784,0.00014678997379045998,0.0219910706193303
8.516882178353756,0.0004152522828602713,0.00014678997379045998,0.02199168201406905
8.518186797406205,0.00014635864284405498,0.00014678997379045998,0.02199199892636814
8.519491446866464,-0.00015821949735696575,0.00014678997379045998,0.021992005399977897
8.520796126805664,1.024195652278917e-05,0.00014678997379045998,0.02199237725938887
8.522100837294921,0.00015331665926918148,0.00014678997379045998,0.021992977025208207
8.523405578405368,4.466064879146345e-05,0.00014678997379045998,0.021995458237515555
8.524710350208123,0.00032037930245949753,0.00014678997379045998,0.02199681872364161
8.526015152774315,0.0005475441378342619,0.00014678997379045998,0.02199804576221682
8.527319986175065,0.00044475685414883254,0.00014678997379045998,0.02199914218622231
8.5286248504815,0.00035136929570466977,0.00014678997379045998,0.022000110796173807
8.529929745764742,0.0005611985809004204,0.00014678997379045998,0.022000954360120673
8.531234672095916,0.00019558531945946048,0.00014678997379045998,0.022001675613645178
8.532539629546148,7.554841275428034e-05,0.00014678997379045998,0.02200280836846071
8.533844618186563,6.41916456197815e-05,0.00014678997379045998,0.022003529565459458
8.535149638088285,2.1881659223215583e-05,0.00014678997379045998,0.02200431886379666
8.536454689322436,-0.0001326891653942973,0.00014678997379045998,0.022005786077548082
8.537759771960143,0.00013147661046527745,0.00014678997379045998,0.02200694682534454
8.539064886072532,0.00033378233413327435,0.00014678997379045998,0.02200813032643443
8.540370031730722,0.0002445385890888982,0.00014678997379045998,0.022009333424096122
8.541675209005843,0.0002507849560738351,0.00014678997379045998,0.022010552970973846
8.542980417969016,0.00024897415273792203,0.00014678997379045998,0.0220117858290775
8.544285658691368,-0.00023609352990189986,0.00014678997379045998,0.022013028869783326
8.545590931244023,-8.37561840063561e-05,0.00014678997379045998,0.022014278973833915
8.546896235698105,0.0002499021980844063,0.00014678997379045998,0.022015780096300466
8.548201572124734,0.00039327852653482653,0.00014678997379045998,0.02201618329015335
8.549506940595043,0.00013244920238529231,0.00014678997379045998,0.02201647305542378
8.55081234118015,4.517076601728495e-05,0.00014678997379045998,0.0220166510996421
8.552117773951181,-5.7430653566076934e-05,0.00014678997379045998,0.02201671910448795
8.553423238979263,-0.00018818326382582726,0.00014678997379045998,0.022016678725789458
8.55472873633552,-0.000172494783789931,0.00014678997379045998,0.02201653159352274
8.556034266091075,-0.00012844455611556518,0.00014678997379045998,0.022016279311811233
8.55733982831705,-0.00022876894938449188,0.00014678997379045998,0.022015923458924953
8.558645423084574,0.0001051060932658679,0.00014678997379045998,0.022016009732141587
8.55995105046477,0.00010354988822380493,0.00014678997379045998,0.02201607556656867
8.56125671052876,-3.944064848666537e-05,0.00014678997379045998,0.022016803869479278
8.562562403347671,-0.00017588318355113777,0.00014678997379045998,0.022017304998500613
8.563868128992631,-5.448607243847825e-05,0.00014678997379045998,0.022017586700064422
8.565173887534757,1.8604197444690995e-05,0.00014678997379045998,0.022017597059355482
8.56647967904518,5.4272253276456406e-05,0.00014678997379045998,0.02201777781519636
8.567785503595017,-7.219159580029028e-06,0.00014678997379045998,0.022017899396756746
8.5690913612554,-3.692417049834876e-05,0.00014678997379045998,0.02201831082133095
8.57039725209745,-2.3899441982076775e-05,0.00014678997379045998,0.02201845874989648
8.571703176192294,0.0003725887261643579,0.00014678997379045998,0.02201930681568905
8.573009133611052,0.00018308522826565587,0.00014678997379045998,0.022019985030097156
8.574315124424853,0.00016758096828915076,0.00014678997379045998,0.022020677781553064
8.575621148704819,0.00042163074942939624,0.00014678997379045998,0.022021384076402795
8.576927206522074,0.0002877131116691828,0.00014678997379045998,0.022021042495848277
8.578233297947744,0.00018176140501000027,0.00014678997379045998,0.022021143990516315
8.579539423052953,0.00014582860552064814,0.00014678997379045998,0.022021208507235122
8.580845581908827,-2.5860648556079446e-05,0.00014678997379045998,0.022021487075628524
8.582151774586489,1.7469933847307634e-05,0.00014678997379045998,0.022021725294267512
8.58345800115706,0.00024160115533868737,0.00014678997379045998,0.02202203926190685
8.58476426169167,0.00022534732261017543,0.00014678997379045998,0.022022545120204913
8.586070556261442,-8.711431159716052e-05,0.00014678997379045998,0.022023246173478485
8.587376884937504,0.0004156524741996577,0.00014678997379045998,0.022023254177262627
8.588683247790971,0.0004927838889744983,0.00014678997379045998,0.02202346394371483
8.589989644892972,0.0001215545702799685,0.00014678997379045998,0.022023879725538428
8.591296076314634,-9.639560130006095e-05,0.00014678997379045998,0.022024436983399197
8.592602542127082,-2.150231703054728e-05,0.00014678997379045998,0.022025142505084805
8.593909042401437,0.0001428473716469439,0.00014678997379045998,0.022026003108832626
8.595215577208826,5.29467681065314e-05,0.00014678997379045998,0.022026893867334633
8.596522146620371,0.00010805869369383964,0.00014678997379045998,0.022027817081702525
8.597828750707196,6.758621413756674e-05,0.00014678997379045998,0.022028825763506503
8.59913538954043,0.00034231075405711034,0.00014678997379045998,0.02202991233877039
8.600442063191194,0.0004368087151562887,0.00014678997379045998,0.022031029633397366
8.601748771730618,0.0008392644291833617,0.00014678997379045998,0.022032176241010535
8.603055515229816,0.0003512785203728802,0.00014678997379045998,0.0220333507529155
8.60436229375992,-0.0001564183604001422,0.00014678997379045998,0.022034551758100436
8.605669107392051,-0.00018527941117061492,0.00014678997379045998,0.02203602323244193
8.606975956197338,-4.8948485147720655e-05,0.00014678997379045998,0.02203771923722666
8.608282840246904,-5.786369720445217e-05,0.00014678997379045998,0.022038956337254393
8.60958975961187,0.00021523220716189798,0.00014678997379045998,0.022040176646941686
8.610896714363363,0.0004917848894900323,0.00014678997379045998,0.022041380093298094
8.612203704572506,0.00038301890165034005,0.00014678997379045998,0.02204256659148134
8.613510730310427,0.00021565406027113793,0.00014678997379045998,0.02204373604479714
8.614817791648248,-5.090098791279973e-06,0.00014678997379045998,0.022044109382850435
8.616124888657092,-0.0001060758724049822,0.00014678997379045998,0.022045098405232572
8.617432021408087,-0.0003849250666986201,0.00014678997379045998,0.022046272473934047
8.618739189972356,-0.000325118881848864,0.00014678997379045998,0.02204763136931903
8.62004639442102,-0.0001255163228505822,0.00014678997379045998,0.022049676097484976
8.62135363482521,-0.0001268927388872361,0.00014678997379045998,0.022050851934805896
8.622660911256048,-0.000258621546342451,0.00014678997379045998,0.022050925545648196
8.623968223784654,6.225135044114066e-05,0.00014678997379045998,0.02205195745099337
8.625275572482158,0.0005991166357352633,0.00014678997379045998,0.022053255323445844
8.626582957419684,0.0005836022898167183,0.00014678997379045998,0.022054160594303047
8.627890378668354,0.00021816969537543848,0.00014678997379045998,0.02205501434725195
8.629197836299294,-3.290220274478062e-05,0.00014678997379045998,0.022055812133944842
8.63050533038363,7.474801622736268e-05,0.00014678997379045998,0.022056549486639713
8.63181286099248,-0.0001569497781174628,0.00014678997379045998,0.02205738872547074
8.633120428196976,0.00011969551502906059,0.00014678997379045998,0.022058319431791214
8.634428032068238,0.00023346893022093904,0.00014678997379045998,0.02205998562545072
8.635735672677395,0.0001474903771145515,0.00014678997379045998,0.022061683758040903
8.637043350095567,3.404877985770452e-05,0.00014678997379045998,0.02206319215223432
8.63835106439388,0.000222097002027008,0.00014678997379045998,0.022064246660834754
8.639658815643458,0.00040451695270236204,0.00014678997379045998,0.022065082924381522
8.640966603915427,0.0002476346955527335,0.00014678997379045998,0.022065418760297568
8.64227442928091,0.00012054474061292189,0.00014678997379045998,0.02206547176759023
8.643582291811034,3.749009216431898e-05,0.00014678997379045998,0.022065017910743917
8.644890191576918,0.00018218799005294967,0.00014678997379045998,0.022065394462352325
8.646198128649692,8.294244774675191e-05,0.00014678997379045998,0.02206600487290995
8.647506103100477,1.4455859191058601e-05,0.00014678997379045998,0.02206685597273378
8.648814115000402,1.4523760168597133e-05,0.00014678997379045998,0.022067771889454864
8.650122164420587,9.342605650432961e-05,0.00014678997379045998,0.022068753201336732
8.651430251432156,0.00016574037273993023,0.00014678997379045998,0.02206980049093899
8.652738376106239,0.0002056436260326061,0.00014678997379045998,0.02207082296655813
8.654046538513954,0.00013571035196171047,0.00014678997379045998,0.02207181804454765
8.65535473872643,0.0001428000888125877,0.00014678997379045998,0.02207281091822913
8.65666297681479,5.4335914710799266e-05,0.00014678997379045998,0.022074044552349435
8.657971252850158,0.00010606333774760418,0.00014678997379045998,0.02207570826726926
8.659279566903658,-7.514088159678994e-05,0.00014678997379045998,0.022077085362793306
8.660587919046417,0.00011511314366595415,0.00014678997379045998,0.022078438106850395
8.661896309349558,0.00020154520318751284,0.00014678997379045998,0.022079765984147532
8.663204737884204,8.780864708384656e-05,0.00014678997379045998,0.022081068462992782
8.664513204721482,0.00031123137681522695,0.00014678997379045998,0.02208234499529447
8.665821709932514,4.760074622785909e-05,0.00014678997379045998,0.022083595016560924
8.667130253588427,9.21693013595376e-07,0.00014678997379045998,0.02208464718326295
8.668438835760345,8.000283639676697e-05,0.00014678997379045998,0.02208565966885389
8.66974745651939,2.6276916723688704e-05,0.00014678997379045998,0.022086372394992924
8.671056115936691,0.00015995601066259857,0.00014678997379045998,0.022086861638801376
8.672364814083368,0.0002445840283637861,0.00014678997379045998,0.022087701972299045
8.673673551030546,4.4157774345868206e-05,0.00014678997379045998,0.022088894212853934
8.674982326849353,0.00015297964032160924,0.00014678997379045998,0.022090109853360677
8.67629114161091,3.450443444332971e-05,0.00014678997379045998,0.022091342714078643
8.677599995386345,-6.719404890123681e-06,0.00014678997379045998,0.0220930422163948
8.678908888246779,-0.00022481929241646367,0.00014678997379045998,0.022094704046604713
8.680217820263335,2.3772722576514277e-05,0.00014678997379045998,0.022096320099688833
8.681526791507144,8.208975478214697e-05,0.00014678997379045998,0.022097369835182318
8.682835802049325,-4.0544635892002245e-05,0.00014678997379045998,0.022098454380820597
8.684144851961005,9.621655158413567e-05,0.00014678997379045998,0.02209945564313277
8.685453941313307,0.00015607756519951665,0.00014678997379045998,0.022100652257594795
8.686763070177356,-1.1738504367496405e-05,0.00014678997379045998,0.022101890951919438
8.688072238624278,-0.00034968431979105763,0.00014678997379045998,0.02210317463009262
8.689381446725193,8.33356346633049e-05,0.00014678997379045998,0.022104054458838986
8.690690694551233,-8.61219453588552e-05,0.00014678997379045998,0.02210385524022625
8.691999982173517,8.316847533942212e-05,0.00014678997379045998,0.02210516702619023
8.693309309663169,0.00030802739402450985,0.00014678997379045998,0.022106511975445862
8.694618677091317,0.00033836554237906546,0.00014678997379045998,0.02210789225726322
8.695928084529081,0.00018003993174969812,0.00014678997379045998,0.022109272588086853
8.697237532047591,0.0004464091296090128,0.00014678997379045998,0.022110653830222014
8.698547019717969,0.0008686752195037131,0.00014678997379045998,0.02211203683400005
8.699856547611336,0.0006845434985012569,0.00014678997379045998,0.02211342243777821
8.701166115798822,0.0005355632189296723,0.00014678997379045998,0.022114893783599716
8.702475724351547,0.00043843112766144346,0.00014678997379045998,0.022116448768203557
8.70378537334064,9.186237760993102e-05,0.00014678997379045998,0.02211789803425468
8.705095062837222,0.00011931646538745552,0.00014678997379045998,0.02211923298916876
8.70640479291242,0.0001508221883265784,0.00014678997379045998,0.022120445003492754
8.707714563637355,-8.577982563947803e-05,0.00014678997379045998,0.022121850370963408
8.709024375083152,-0.0004203722228331881,0.00014678997379045998,0.022124581468416154
8.710334227320939,-0.00018470212315740628,0.00014678997379045998,0.02212684190194105
8.71164412042184,0.00024177624813359264,0.00014678997379045998,0.022128412500589733
8.712954054456977,0.0001848070458060659,0.00014678997379045998,0.022130242045969868
8.714264029497475,0.0002751032535888015,0.00014678997379045998,0.022132139301318125
8.715574045614458,0.00033243658924217087,0.00014678997379045998,0.022134098829342773
8.716884102879053,-9.127064889866837e-05,0.00014678997379045998,0.022136115198405318
8.718194201362383,-0.000175495373773156,0.00014678997379045998,0.022138182982520713
8.719504341135574,-0.00010373691693519108,0.00014678997379045998,0.022140296761357273
8.720814522269745,-0.00012234253710347726,0.00014678997379045998,0.02214245112023659
8.722124744836027,-0.0002595528516295166,0.00014678997379045998,0.02214449615040143
8.723435008905541,-0.00021130667450943927,0.00014678997379045998,0.022146431570348023
8.724745314549414,4.027305899256123e-05,0.00014678997379045998,0.022148275246643593
8.726055661838767,0.00026607033866133875,0.00014678997379045998,0.022149909856870566
8.72736605084473,0.0001846086084476492,0.00014678997379045998,0.022151336475832464
8.728676481638418,0.00024811946688677033,0.00014678997379045998,0.022152556124006673
8.729986954290965,6.460128633429749e-05,0.00014678997379045998,0.022153569767543096
8.73129746887349,-0.0002905125978689485,0.00014678997379045998,0.02215437831826274
8.732608025457122,-0.0003516779116774088,0.00014678997379045998,0.02215589112042556
8.733918624112981,-0.00015440808947959905,0.00014678997379045998,0.022157518984754477
8.735229264912194,7.11536597861398e-06,0.00014678997379045998,0.022159194417245374
8.736539947925884,0.00010538320809149598,0.00014678997379045998,0.022160918006151917
8.737850673225179,0.00035547196248672877,0.00014678997379045998,0.022162690337253994
8.7391614408812,0.0002030347088272759,0.00014678997379045998,0.022164431437286813
8.74047225096507,8.305780530844589e-05,0.00014678997379045998,0.02216550439376057
8.741783103547917,-1.3804973227896783e-05,0.00014678997379045998,0.02216666871816328
8.743093998700864,-2.3793246555721403e-05,0.00014678997379045998,0.022168078519622526
8.744404936495034,7.733916620397338e-05,0.00014678997379045998,0.022168967983596632
8.745715917001558,-2.8339777294300594e-05,0.00014678997379045998,0.022170197167873596
8.74702694029155,-0.0001458279653602304,0.00014678997379045998,0.02217177767273463
8.748338006436144,8.996152963306261e-05,0.00014678997379045998,0.02217372117489615
8.749649115506461,-6.0601407272046354e-05,0.00014678997379045998,0.02217497169316041
8.750960267573625,-0.0001096549202050795,0.00014678997379045998,0.02217688382612024
8.752271462708759,9.397720363683165e-05,0.00014678997379045998,0.0221789548013894
8.753582700982989,0.00012704553943307384,0.00014678997379045998,0.022181105481153415
8.754893982467442,-6.000580738779043e-06,0.00014678997379045998,0.022183299259052602
8.756205307233238,-0.00012120236316588706,0.00014678997379045998,0.02218570827486691
8.757516675351503,4.927241338142235e-05,0.00014678997379045998,0.022188330521460988
8.758828086893367,0.00017576763198957554,0.00014678997379045998,0.022190903758992242
8.760139541929945,0.00021317689037986948,0.00014678997379045998,0.022193560804711635
8.76145104053237,-6.280030979803966e-05,0.00014678997379045998,0.022196716294061135
8.762762582771758,-2.4247442973811956e-05,0.00014678997379045998,0.022199881779340527
8.764074168719242,-3.800026451976357e-05,0.00014678997379045998,0.02220246160851645
8.765385798445939,1.2086316242061745e-05,0.00014678997379045998,0.02220502570434566
8.76669747202298,-8.741967662515698e-05,0.00014678997379045998,0.022207659259780476
8.768009189521486,-6.331798202579078e-05,0.00014678997379045998,0.02221036151707932
8.769320951012581,-5.082399352303313e-05,0.00014678997379045998,0.022213147925323737
8.770632756567391,4.0563458433146016e-06,0.00014678997379045998,0.022215913954646185
8.77194460625704,0.0004072034540844732,0.00014678997379045998,0.022218904781762003
8.772287695818823,0.0001856084840755473,0.00014678997379045998,0.022221884433002513
8.773582654508148,2.324685101088436e-06,0.00014678997379045998,0.022224704161923445
8.774877638476472,-9.0154636158888e-05,0.00014678997379045998,0.02222793463776994
8.776172647672766,3.722715190765044e-05,0.00014678997379045998,0.022230897986368313
8.777467682045994,0.0001573968517853165,0.00014678997379045998,0.02223359431990501
8.778762741545124,9.202698286085373e-05,0.00014678997379045998,0.022236567605169292
8.780057826119123,6.978977561568692e-05,0.00014678997379045998,0.0222397061307311
8.781352935716958,0.00028031047814422796,0.00014678997379045998,0.022243005366419957
8.782648070287593,0.00021049213319146443,0.00014678997379045998,0.022246460810468348
8.783943229779997,0.00018332402913895027,0.00014678997379045998,0.022250067989512342
8.785238414143135,0.00018636387205617222,0.00014678997379045998,0.022253822458592035
8.786533623325976,1.0998957693245798e-05,0.00014678997379045998,0.02225741736606582
8.787828857277484,-4.691991447540109e-05,0.00014678997379045998,0.022260620339959826
8.789124115946628,-0.00010097561579638231,0.00014678997379045998,0.022263429370727405
8.79041939928237,-0.00015305345645415247,0.00014678997379045998,0.022265842343597502
8.791714707233686,-0.00019814809333105685,0.00014678997379045998,0.02226819879632772
8.793010039749529,0.0001708220304696105,0.00014678997379045998,0.02227137640531464
8.794305396778876,0.00017911165748372634,0.00014678997379045998,0.022274617177817126
8.795600778270693,5.518836572179428e-05,0.00014678997379045998,0.022278019809413224
8.796896184173942,6.224997914244801e-05,0.00014678997379045998,0.022281583410670918
8.798191614437592,5.7394365982451484e-05,0.00014678997379045998,0.022285307122493613
8.799487069010612,7.555515898940643e-05,0.00014678997379045998,0.022288990903204256
8.800782547841962,6.714985974764012e-05,0.00014678997379045998,0.022292534160880357
8.802078050880613,2.568325571002117e-05,0.00014678997379045998,0.02229576286669088
8.803373578075533,-0.00016017640321674617,0.00014678997379045998,0.022297328444810836
8.804669129375688,-0.0003604363691716399,0.00014678997379045998,0.02229900033775226
8.805964704730043,-5.144178840117697e-05,0.00014678997379045998,0.022301548159855585
8.807260304087563,6.764164645154877e-05,0.00014678997379045998,0.022304140374378938
8.808555927397217,2.759199480534269e-06,0.00014678997379045998,0.022306071577741744
8.809851574607972,-0.00015596081964143818,0.00014678997379045998,0.02230882212430442
8.811147245668796,-1.0341231077709567e-06,0.00014678997379045998,0.02231172597823432
8.81244294052865,0.00022018549128137443,0.00014678997379045998,0.022314785662015123
8.813738659136506,0.00010853444239797977,0.00014678997379045998,0.02231775800991984
8.815034401441329,0.00025104346204353825,0.00014678997379045998,0.022320861886578326
8.816330167392083,0.0001455430188119257,0.00014678997379045998,0.02232366464614752
8.817625956937738,-0.0001939356050548735,0.00014678997379045998,0.022326155032509336
8.81892177002726,-0.00035893389721013136,0.00014678997379045998,0.02232891321551343
8.820217606609615,-0.00031807941760476216,0.00014678997379045998,0.022331948318243578
8.82151346663377,8.450700269074796e-05,0.00014678997379045998,0.022335032096430094
8.82280935004869,0.00016833447071441451,0.00014678997379045998,0.022338333035073068
8.824105256803342,8.241568435025937e-05,0.00014678997379045998,0.022341846178443956
8.825401186846696,2.9380905093284032e-05,0.00014678997379045998,0.022345566610719268
8.826697140127717,8.023786018565224e-05,0.00014678997379045998,0.022349489455981416
8.827993116595367,5.262152298301376e-05,0.00014678997379045998,0.022353609878219747
8.829289116198618,-5.0793925062346534e-05,0.00014678997379045998,0.02235759684589681
8.830585138886436,-1.2444508381379005e-05,0.00014678997379045998,0.02236121541337529
8.831881184607782,5.889783703402415e-05,0.00014678997379045998,0.022364998587659297
8.833177253311632,1.0953742017941193e-07,0.00014678997379045998,0.022368943252417613
8.834473344946947,0.00011433317363028148,0.00014678997379045998,0.022372801025463906
8.835769459462693,0.0001293866610888421,0.00014678997379045998,0.022376687916181026
8.837065596807838,7.513243066009992e-05,0.00014678997379045998,0.022380605611525745
8.838361756931349,-6.934253569391285e-05,0.00014678997379045998,0.02238447588241015
8.839657939782194,-7.734879201606523e-05,0.00014678997379045998,0.022388297625994195
8.840954145309334,-1.2587930976498685e-05,0.00014678997379045998,0.022392069713591742
8.84225037346174,-0.00018856985533530907,0.00014678997379045998,0.022395790990669972
8.84354662418838,-0.00010654120472433984,0.00014678997379045998,0.022399460276848616
8.844842897438216,0.00013285141895115482,0.00014678997379045998,0.022403076365899416
8.846139193160218,0.00022402478311844484,0.00014678997379045998,0.022406740257171202
8.847435511303352,0.00020419547197967833,0.00014678997379045998,0.022410456085905965
8.848731851816584,0.000360150164303151,0.00014678997379045998,0.022414227986154434
8.850028214648884,0.00021416227898610543,0.00014678997379045998,0.022418078970105525
8.85132459974921,-9.19729174090507e-05,0.00014678997379045998,0.02242184641187052
8.852621007066537,-0.00012150390151684579,0.00014678997379045998,0.022425688278037266
8.853917436549828,-0.00010321346395628789,0.00014678997379045998,0.022429596544297794
8.855213888148052,-5.831615116026756e-05,0.00014678997379045998,0.022433220573603096
8.856510361810173,4.1556805812720254e-05,0.00014678997379045998,0.022436794855315353
8.857806857485159,0.00020295229595581818,0.00014678997379045998,0.02244031526855871
8.859103375121974,0.0002520752988446756,0.00014678997379045998,0.02244377766763283
8.860399914669587,0.00011973491180371568,0.00014678997379045998,0.022447177882011667
8.861696476076967,4.028477035402517e-05,0.00014678997379045998,0.02245051171634275
8.862993059293075,7.281905882866591e-07,0.00014678997379045998,0.02245377495044633
8.864289664266883,-1.1262865915611514e-05,0.00014678997379045998,0.022456963339314413
8.865586290947352,-0.0001987952970174435,0.00014678997379045998,0.022460499763603595
8.866882939283453,-0.00016892978049767512,0.00014678997379045998,0.022464394773062515
8.868179609224153,8.686815937633194e-05,0.00014678997379045998,0.02246869874465657
8.869476300718414,0.00015184819613062867,0.00014678997379045998,0.02247267765007979
8.870773013715208,-3.4610483610163223e-06,0.00014678997379045998,0.022476315044579386
8.872069748163499,3.222403989452602e-05,0.00014678997379045998,0.02247959439167058
8.873366504012253,0.0002506149352608615,0.00014678997379045998,0.022482499063133158
8.874663281210438,0.0004482875727627768,0.00014678997379045998,0.02248612764993578
8.875960079707019,0.0004192384241155575,0.00014678997379045998,0.022490572238557976
8.877256899450963,5.422941870740147e-05,0.00014678997379045998,0.022494964519706156
8.878553740391236,-1.1699321038099314e-05,0.00014678997379045998,0.02249942887144918
8.879850602476811,0.00014190874939810916,0.00014678997379045998,0.022503927695764918
8.881147485656644,7.668556255688644e-05,0.00014678997379045998,0.022508470502662907
8.882444389879709,2.739495690626953e-05,0.00014678997379045998,0.022513056218757745
8.88374131509497,7.31064285424167e-05,0.00014678997379045998,0.022517683768212803
8.885038261251395,0.00014413354745261217,0.00014678997379045998,0.022522352072740174
8.886335228297947,0.00019935623563351046,0.00014678997379045998,0.022527060051600743
8.887632216183599,0.00023269454729453118,0.00014678997379045998,0.022531806621603902
8.88892922485731,0.00010206950278461233,0.00014678997379045998,0.022536525239078828
8.890226254268056,2.137437328674288e-05,0.00014678997379045998,0.022541212541059275
8.891523304364792,-0.00013046026940837993,0.00014678997379045998,0.022545865146214903
8.892820375096496,-0.00036077383616593683,0.00014678997379045998,0.022550479654850703
8.894117466412126,-0.0002492084576790933,0.00014678997379045998,0.02255334312758426
8.895414578260654,-9.161477598028031e-05,0.00014678997379045998,0.022557444660287182
8.896711710591042,-3.259783608205655e-05,0.00014678997379045998,0.02256166261935529
8.898008863352262,3.638407765444926e-05,0.00014678997379045998,0.022565999628704037
8.899306036493273,7.533922094407619e-05,0.00014678997379045998,0.02257045833715231
8.900603229963052,0.00012575522467217146,0.00014678997379045998,0.02257504141842358
8.901900443710556,8.960660314580662e-05,0.00014678997379045998,0.022579751571146545
8.903197677684759,-2.3132566580725406e-05,0.00014678997379045998,0.022584041443519408
8.904494931834622,-0.00022951723231634524,0.00014678997379045998,0.022588730395814046
8.905792206109114,-7.650645800289999e-05,0.00014678997379045998,0.022593347196849432
8.9070895004572,-0.00021369148349555112,0.00014678997379045998,0.022598324501473994
8.90838681482785,-0.00021437804008977643,0.00014678997379045998,0.022602788557734583
8.909684149170028,1.9463320512405624e-05,0.00014678997379045998,0.022607271373079545
8.9109815034327,0.00025412663714607236,0.00014678997379045998,0.022611766027488444
8.912278877564834,0.0002016872994551333,0.00014678997379045998,0.022616265608821566
8.913576271515398,0.00012799705909105966,0.00014678997379045998,0.022620495104367307
8.914873685233355,3.84635879564707e-05,0.00014678997379045998,0.022624457122555414
8.916171118667675,-8.437995314959298e-05,0.00014678997379045998,0.022628154212607332
8.917468571767323,4.130937669451912e-05,0.00014678997379045998,0.02263133297648801
8.918766044481263,5.095244133198826e-05,0.00014678997379045998,0.022635371794791578
8.920063536758466,0.00014043989837894677,0.00014678997379045998,0.022639329414780984
8.9213610485479,-1.6529857432039802e-05,0.00014678997379045998,0.022644326277050014
8.922658579798524,3.999398108873314e-06,0.00014678997379045998,0.022648478816182246
8.923956130459311,0.00013477797693384544,0.00014678997379045998,0.02265270731129505
8.925253700479228,0.00021071402699497643,0.00014678997379045998,0.022657014163866757
8.926551289807236,0.00027988075419044245,0.00014678997379045998,0.02266140178858916
8.927848898392305,0.00010716168932817585,0.00014678997379045998,0.02266587261336778
8.929146526183404,0.00010827584393336559,0.00014678997379045998,0.022670429079322926
8.930444173129496,3.3161514680912774e-05,0.00014678997379045998,0.022675110830162697
8.931741839179548,-9.744724009982941e-06,0.00014678997379045998,0.022679215611212614
8.933039524282528,9.487931111794995e-05,0.00014678997379045998,0.022683577779121927
8.934337228387403,-6.263673955820073e-05,0.00014678997379045998,0.022688203717244084
8.935634951443136,-4.196847667846046e-05,0.00014678997379045998,0.022692610564383604
8.936932693398697,-7.843603441336916e-05,0.00014678997379045998,0.02269729261801731
8.938230454203053,-7.985794619623163e-05,0.00014678997379045998,0.02270218670462842
8.939528233805168,9.108844105723546e-05,0.00014678997379045998,0.022706897977761382
8.94082603215401,-0.00014910016804949022,0.00014678997379045998,0.022711783960522824
8.942123849198548,-0.00013434550495635203,0.00014678997379045998,0.022716761786156933
8.943421684887744,-0.00014476221708494344,0.00014678997379045998,0.022721839608299432
8.944719539170567,-0.0002355615458598942,0.00014678997379045998,0.02272684022146191
8.946017411995985,-0.00023496860007830855,0.00014678997379045998,0.022731765383614218
8.94731530331296,-0.00011907660407332182,0.00014678997379045998,0.02273669837684527
8.948613213070464,-5.7230254990082996e-05,0.00014678997379045998,0.02274164375052287
8.949911141217457,-1.0559386229142681e-05,0.00014678997379045998,0.022746405818522865
8.951209087702916,-2.4757017119923785e-05,0.00014678997379045998,0.022751073922097124
8.952507052475795,2.870547331546361e-05,0.00014678997379045998,0.022755904346046442
8.953805035485072,0.0001330907916121081,0.00014678997379045998,0.022760838726312287
8.955103036679706,5.239456829789907e-05,0.00014678997379045998,0.02276576543490054
8.956401056008668,-0.00024180071915987783,0.00014678997379045998,0.022770681823612134
8.95769909342092,-0.00016658191319763108,0.00014678997379045998,0.02277560815832779
8.958997148865436,-0.00022081900461361215,0.00014678997379045998,0.022780520056224055
8.960295222291172,-0.00010389131069411112,0.00014678997379045998,0.022785414870961807
8.961593313647104,6.46850233963353e-05,0.00014678997379045998,0.02279036124835065
8.962891422882196,-0.00014247239239866677,0.00014678997379045998,0.02279535900723845
8.964189549945411,-9.822874355761013e-05,0.00014678997379045998,0.02280040797785685
8.96548769478572,2.7226755126685126e-05,0.00014678997379045998,0.022805508001821448
8.96678585735209,1.343437586942206e-05,0.00014678997379045998,0.022810658932131883
8.968084037593481,-0.00011751757187841022,0.00014678997379045998,0.02281580811018123
8.969382235458868,-0.0002731975118661044,0.00014678997379045998,0.022820854268950738
8.970680450897213,-2.7934919184582907e-05,0.00014678997379045998,0.02282579897925413
8.971978683857483,3.647682523658102e-05,0.00014678997379045998,0.02283092824206936
8.973276934288643,0.00010055694407376178,0.00014678997379045998,0.022835906044772328
8.974575202139663,9.061812599741453e-05,0.00014678997379045998,0.022840862045802865
8.975873487359507,-2.4797526197717357e-05,0.00014678997379045998,0.022845540655889448
8.977171789897145,-7.769633128737116e-05,0.00014678997379045998,0.02284996870873174
8.978470109701542,-0.00012619944091028096,0.00014678997379045998,0.022854835898871734
8.979768446721662,-4.419030745390559e-05,0.00014678997379045998,0.022859715210052943
8.981066800906474,3.9143093175823124e-05,0.00014678997379045998,0.022864606559536645
8.982365172204943,-0.00010794174493634554,0.00014678997379045998,0.022869509868872623
8.98366356056604,-0.0002596153733862745,0.00014678997379045998,0.022874425063899115
8.984961965938727,-0.00025838306191466875,0.00014678997379045998,0.02287935207474309
8.98626038827197,-1.0340498924031605e-05,0.00014678997379045998,0.022884645185650247
8.98755882751474,5.354785722097577e-06,0.00014678997379045998,0.02289028401228066
8.988857283616,2.558802492007295e-05,0.00014678997379045998,0.02289527410281206
8.990155756524718,0.00012982079872429428,0.00014678997379045998,0.022898969757697986
8.99145424618986,0.00028539297602624136,0.00014678997379045998,0.0229030925830432
8.992752752560394,0.00036058261385191887,0.00014678997379045998,0.022907658327630826
8.994051275585283,0.00023943594718951397,0.00014678997379045998,0.022912682859303514
8.9953498152135,-7.051197595718192e-05,0.00014678997379045998,0.022917347456078645
8.996648371394004,-0.00015018681231286982,0.00014678997379045998,0.022922305387620877
8.997946944075768,7.257717322681212e-05,0.00014678997379045998,0.02292722130204966
8.999245533207755,-6.68102007054007e-05,0.00014678997379045998,0.022932093441129797
9.000544138738933,7.969509208353293e-05,0.00014678997379045998,0.022936920040995033
9.001842760618269,8.081119500586917e-05,0.00014678997379045998,0.022941526567921696
9.003141398794728,4.932029596836293e-05,0.00014678997379045998,0.022945905244877145
9.004440053217277,-6.606117297182357e-05,0.00014678997379045998,0.022949370460837983
9.005738723834883,0.00014659521076253873,0.00014678997379045998,0.022952994873747294
9.007037410596514,0.00032247361943531574,0.00014678997379045998,0.022957033610118967
9.008336113451133,0.00021137017563149785,0.00014678997379045998,0.022961502080711568
9.009634832347711,0.00020697130148676635,0.00014678997379045998,0.02296609954884333
9.01093356723521,-1.6558957252856693e-05,0.00014678997379045998,0.022970836940532712
9.012232318062601,-0.0002478632855944657,0.00014678997379045998,0.02297549827756671
9.013531084778846,-0.00021531476770169158,0.00014678997379045998,0.022980086679353785
9.014829867332917,7.3243863347172145e-06,0.00014678997379045998,0.02298460524896516
9.016128665673776,-5.657097616620921e-05,0.00014678997379045998,0.02298911404898045
9.017427479750394,-0.00017738892522386682,0.00014678997379045998,0.022993615314234293
9.018726309511731,-0.00015066551674371848,0.00014678997379045998,0.022998108360789863
9.020025154906763,-1.5626015816005978e-06,0.00014678997379045998,0.023002592503522205
9.021324015884446,9.942106296778955e-05,0.00014678997379045998,0.023007067056117932
9.022622892393754,0.00020231367627234279,0.00014678997379045998,0.023011531331075443
9.02392178438365,0.0002902105099747282,0.00014678997379045998,0.02301598463970496
9.025220691803105,0.00018089796066315944,0.00014678997379045998,0.023020397504675428
9.026519614601078,1.68231411053002e-05,0.00014678997379045998,0.023024512860154746
9.027818552726547,6.81925341874598e-06,0.00014678997379045998,0.023028320135203596
9.029117506128467,-0.00010611041437827776,0.00014678997379045998,0.02303254549712374
9.030416474755812,-4.330787292021465e-05,0.00014678997379045998,0.02303694338744655
9.031715458557542,-6.075495601295944e-05,0.00014678997379045998,0.023041299274523818
9.03301445748263,-7.43467426934652e-05,0.00014678997379045998,0.023045614932836054
9.034313471480038,0.0001778513255259878,0.00014678997379045998,0.023049892131297788
9.03561250049874,0.00018002244097158407,0.00014678997379045998,0.023054132633257906
9.036911544487692,3.978760801840939e-05,0.00014678997379045998,0.02305833819649903
9.03821060339587,-0.00010803547977876818,0.00014678997379045998,0.02306249687716916
9.039509677172235,-1.9686798329112548e-05,0.00014678997379045998,0.023067284846784886
9.040808765765755,0.0002478797626321201,0.00014678997379045998,0.023072138578074924
9.042107869125397,0.00033273997901334465,0.00014678997379045998,0.023076722552973335
9.043406987200127,6.837076058870128e-05,0.00014678997379045998,0.023081046307821703
9.044706119938912,-3.756707974048035e-05,0.00014678997379045998,0.023085047838816413
9.04600526729072,-9.845122192556066e-06,0.00014678997379045998,0.023088920018232033
9.047304429204516,-1.8886241781451707e-06,0.00014678997379045998,0.02309266017916857
9.048603605629266,6.917494595503823e-05,0.00014678997379045998,0.02309645439965564
9.049902796513937,0.00012970854992924719,0.00014678997379045998,0.023100098309935223
9.051202001807496,5.1741452931620274e-05,0.00014678997379045998,0.023103589426957304
9.052501221458911,1.6350832721102188e-05,0.00014678997379045998,0.023107181860081056
9.053800455417147,8.633079696558632e-05,0.00014678997379045998,0.023111017855394853
9.05509970363117,0.00019120547444181554,0.00014678997379045998,0.02311491372147627
9.056398966049947,0.00023848316900074162,0.00014678997379045998,0.023118868592081437
9.057698242622445,3.4135500507900124e-05,0.00014678997379045998,0.023122881620411276
9.058997533297633,-0.00014191457270648633,0.00014678997379045998,0.0231269519791116
9.060296838024472,-0.0001652810470921806,0.00014678997379045998,0.023131078860273532
9.061596156751932,-0.00012902234371423016,0.00014678997379045998,0.02313526147543343
9.062895489428984,-0.00011494555647613772,0.00014678997379045998,0.023139634355785265
9.064194836004585,-9.250796336740183e-05,0.00014678997379045998,0.02314419195456898
9.065494196427709,2.8964063042747484e-05,0.00014678997379045998,0.023148928778347747
9.066793570647318,0.00017373769260993488,0.00014678997379045998,0.02315383938700899
9.068092958612384,0.0001374026813382341,0.00014678997379045998,0.02315865788959812
9.069392360271868,0.0001666506204658462,0.00014678997379045998,0.023163382058772018
9.070691775574742,9.713413757785061e-05,0.00014678997379045998,0.023167930747683144
9.071991204469965,7.601202115334674e-05,0.00014678997379045998,0.023172305089704345
9.073290646906514,0.00021146940794739347,0.00014678997379045998,0.023176506184097487
9.074590102833346,-5.607057601102888e-05,0.00014678997379045998,0.023180535096012825
9.075889572199433,2.9147846900185598e-05,0.00014678997379045998,0.023184392856488763
9.077189054953738,0.00010955379346329341,0.00014678997379045998,0.0231880804624514
9.078488551045233,-1.6458014960304274e-05,0.00014678997379045998,0.023190428741053044
9.079788060422876,4.106513542923018e-05,0.00014678997379045998,0.023193419778459647
9.081087583035643,-6.504922042727818e-05,0.00014678997379045998,0.023197415311874088
9.082387118832496,7.133573583456912e-05,0.00014678997379045998,0.023201489536457228
9.083686667762402,0.00020312647473898215,0.00014678997379045998,0.02320562229565881
9.084986229774326,0.00019234888610611053,0.00014678997379045998,0.023209246918015045
9.08628580481724,0.00015580322287875314,0.00014678997379045998,0.023212661919802514
9.0875853928401,-4.942936800734349e-05,0.00014678997379045998,0.023215866227772154
9.088884993791886,-4.911915732216943e-05,0.00014678997379045998,0.023218858728205352
9.090184607621556,-0.0001415929286281356,0.00014678997379045998,0.023221743618689623
9.091484234278077,-0.00035050927749647603,0.00014678997379045998,0.02322466562918847
9.092783873710419,-0.00021097203679422763,0.00014678997379045998,0.02322762501437293
9.094083525867546,2.4532845994341274e-05,0.00014678997379045998,0.023230574206143717
9.095383190698428,-5.0791024806921825e-06,0.00014678997379045998,0.02323363029491793
9.096682868152026,-0.000274265387613503,0.00014678997379045998,0.023236796043124373
9.097982558177312,5.4231579463367985e-05,0.00014678997379045998,0.02324017332594732
9.099282260723248,0.0003945904111424016,0.00014678997379045998,0.023243761471612237
9.100581975738804,0.0005493277884691845,0.00014678997379045998,0.023247285351557446
9.101881703172943,0.00015273923944330442,0.00014678997379045998,0.02325075415596122
9.103181442974638,9.478651708980448e-05,0.00014678997379045998,0.023254817198544695
9.104481195092848,-9.324711419643819e-05,0.00014678997379045998,0.023258598732674735
9.105780959476547,-0.0002781395227738105,0.00014678997379045998,0.023262107926985572
9.107080736074696,-0.00010501943815155457,0.00014678997379045998,0.02326566278232216
9.108380524836264,7.635713211429085e-05,0.00014678997379045998,0.023269261397160616
9.109680325710217,0.00013728596974514964,0.00014678997379045998,0.02327290188846286
9.110980138645521,4.1480468759312605e-05,0.00014678997379045998,0.02327658239167659
9.112279963591142,4.1005738611724074e-05,0.00014678997379045998,0.023280301060735625
9.113579800496051,8.712932259355086e-05,0.00014678997379045998,0.023284056068059916
9.11487964930921,0.00021433918788624912,0.00014678997379045998,0.023287845604555824
9.116179509979585,4.4155556246285727e-05,0.00014678997379045998,0.023291667879616413
9.117479382456146,-9.244846277143767e-05,0.00014678997379045998,0.02329552112112128
9.118779266687861,2.733869521972035e-05,0.00014678997379045998,0.023299403575436972
9.120079162623691,-2.1244472573653944e-05,0.00014678997379045998,0.023303313507417156
9.121379070212605,-0.00014215743607260203,0.00014678997379045998,0.023307206181819893
9.122678989403571,-7.570942276978812e-05,0.00014678997379045998,0.02331107840614618
9.123978920145557,-0.00014964704965824902,0.00014678997379045998,0.023314963564751517
9.125278862387523,-0.00022398657231547173,0.00014678997379045998,0.023318681421351087
9.126578816078444,-7.421346627613234e-05,0.00014678997379045998,0.0233222238921701
9.12787878116728,7.046676832601906e-05,0.00014678997379045998,0.02332584829427093
9.129178757603,7.593805422549671e-05,0.00014678997379045998,0.02332942142379853
9.130478745334571,1.3142655039960482e-07,0.00014678997379045998,0.023332508783540554
9.131778744310962,2.4097259861393522e-05,0.00014678997379045998,0.023335580978986022
9.133078754481133,-5.3554165674853105e-05,0.00014678997379045998,0.02333925399396642
9.134378775794056,-0.00013230798388203652,0.00014678997379045998,0.02334297997246711
9.135678808198696,-1.7827376577895376e-05,0.00014678997379045998,0.02334667326446724
9.13697885164402,7.730978300437424e-05,0.00014678997379045998,0.023349761379902214
9.138278906078993,0.0001880873289846867,0.00014678997379045998,0.02335273299857304
9.139578971452586,-1.8530847118527344e-05,0.00014678997379045998,0.023355588851590312
9.140879047713758,8.271960526443772e-06,0.00014678997379045998,0.02335807178230244
9.142179134811483,0.00017350649707066623,0.00014678997379045998,0.023360173536486197
9.143479232694723,0.00027535098675011277,0.00014678997379045998,0.023362959556106906
9.14477934131245,0.0003132198453954446,0.00014678997379045998,0.023365604542010136
9.146079460613622,0.00018115922796309997,0.00014678997379045998,0.023368390626881504
9.147379590547214,0.00016446670182252224,0.00014678997379045998,0.023370987799463307
9.148679731062188,0.0002951179718097899,0.00014678997379045998,0.023373410577437293
9.14997988210751,3.2745460707007956e-05,0.00014678997379045998,0.023375818690830455
9.15128004363215,-0.00013211274438476583,0.00014678997379045998,0.023378201862978194
9.152580215585074,-0.00018631017443789324,0.00014678997379045998,0.02338054982923968
9.153880397915247,-0.00011506232624926283,0.00014678997379045998,0.02338233773741581
9.155180590571636,-6.360916695794666e-05,0.00014678997379045998,0.023384446204718332
9.156480793503206,-0.00019276896062460358,0.00014678997379045998,0.02338609766885035
9.157781006658926,-0.00016823712164975788,0.00014678997379045998,0.02338790990648194
9.15908122998776,-9.448710234787744e-05,0.00014678997379045998,0.023389805340343118
9.160381463438682,0.00022323296012613514,0.00014678997379045998,0.023391940068167052
9.161681706960648,0.0002741509747167907,0.00014678997379045998,0.023394052843774757
9.162981960502634,7.306353910296881e-05,0.00014678997379045998,0.023396137043817624
9.164282224013599,0.0001000899968831015,0.00014678997379045998,0.02339805003848404
9.165582497442514,0.00014204160446652445,0.00014678997379045998,0.023399790049666656
9.166882780738344,3.6315773117311795e-05,0.00014678997379045998,0.02340135527628762
9.168183073850056,-3.7533049035101684e-05,0.00014678997379045998,0.02340274389429872
9.169483376726618,-0.00016745604416614976,0.00014678997379045998,0.023403954056680817
9.170783689316995,-0.0001364395912952579,0.00014678997379045998,0.02340508008097299
9.172084011570151,-0.00034585730442372384,0.00014678997379045998,0.02340629905324236
9.173384343435057,-0.00024693596527795153,0.00014678997379045998,0.023407721004596548
9.17468468486068,-0.00021023920879055177,0.00014678997379045998,0.023409349893334753
9.175985035795982,-9.604749422645331e-06,0.00014678997379045998,0.023411189746342403
9.177285396189937,9.352244110143182e-05,0.00014678997379045998,0.023412923579036314
9.178585765991501,0.000375354430906083,0.00014678997379045998,0.023414551945157108
9.17988614514965,9.830505581953641e-05,0.00014678997379045998,0.023416075388337752
9.181186533613346,9.970579309609429e-05,0.00014678997379045998,0.023417494442103306
9.182486931331558,0.00018924916896005325,0.00014678997379045998,0.02341885205305145
9.183787338253248,0.00014246239898956653,0.00014678997379045998,0.02342040172088269
9.185087754327393,0.00012050352432092792,0.00014678997379045998,0.02342193630515836
9.186388179502945,1.568267722245123e-05,0.00014678997379045998,0.023423456249675085
9.187688613728882,8.253687408296684e-05,0.00014678997379045998,0.02342496200832349
9.188989056954163,8.724597199091452e-05,0.00014678997379045998,0.023426454045088394
9.190289509127764,0.00010312925812369297,0.00014678997379045998,0.023427982366107686
9.19158997019864,-3.317018890591078e-05,0.00014678997379045998,0.023429545699161475
9.19289044011577,-0.0002192846158368851,0.00014678997379045998,0.023430969311743544
9.194190918828108,4.7495899923064716e-05,0.00014678997379045998,0.023432714059034264
9.195491406284631,9.00521918404569e-05,0.00014678997379045998,0.02343390909028481
9.196791902434299,5.4986820582397095e-05,0.00014678997379045998,0.023434736775682537
9.198092407226083,3.9623853495519834e-05,0.00014678997379045998,0.023435197015763482
9.199392920608943,-0.00013326374579273811,0.00014678997379045998,0.023435803637063643
9.200693442531856,-0.0001316155251558336,0.00014678997379045998,0.02343681227835067
9.201993972943779,-3.161288875334206e-05,0.00014678997379045998,0.02343770078641965
9.203294511793683,0.00011394827711612779,0.00014678997379045998,0.023438464658524054
9.204595059030535,-2.2749741491762815e-05,0.00014678997379045998,0.023439353431319802
9.2058956146033,-0.0001060135002121064,0.00014678997379045998,0.023440257081854658
9.207196178460944,-6.119817512482625e-05,0.00014678997379045998,0.02344117598180978
9.208496750552435,-3.2336285187652136e-05,0.00014678997379045998,0.0234421105231447
9.20979733082674,6.755216275655326e-05,0.00014678997379045998,0.023443061118097606
9.211097919232826,8.810861240960213e-05,0.00014678997379045998,0.02344402819918548
9.212398515719656,3.554977980106677e-05,0.00014678997379045998,0.023445933015701453
9.213699120236202,-1.253055150229887e-05,0.00014678997379045998,0.02344736536874628
9.214999732731425,-0.00015228509688014827,0.00014678997379045998,0.023448696885137198
9.216300353154294,-9.489500845252449e-05,0.00014678997379045998,0.023449958984321135
9.21760098145378,-4.402390762904204e-05,0.00014678997379045998,0.023451156869754918
9.218901617578842,-6.377345425984463e-05,0.00014678997379045998,0.023452295746064986
9.22020226147845,1.1061174466250184e-05,0.00014678997379045998,0.0234533612655075
9.221502913101572,-2.2730341417493555e-05,0.00014678997379045998,0.02345457108544676
9.222803572397176,7.888503505250333e-05,0.00014678997379045998,0.023455756176326698
9.22410423931422,-0.0002310850786240541,0.00014678997379045998,0.02345713730312303
9.22540491380168,-0.00024537114695804413,0.00014678997379045998,0.023458380194109393
9.22670559580852,-4.272812637565182e-05,0.00014678997379045998,0.023459441708585837
9.228006285283705,-0.0001445372206601743,0.00014678997379045998,0.02346032665197342
9.229306982176201,-2.8774100414925147e-05,0.00014678997379045998,0.023461144580384445
9.230607686434977,0.0001711645923972785,0.00014678997379045998,0.02346194246715002
9.231908398008999,5.512372390815284e-06,0.00014678997379045998,0.02346271971215014
9.233209116847233,-0.0001193906305098913,0.00014678997379045998,0.023463475724003018
9.234509842898644,-2.6254471525787026e-05,0.00014678997379045998,0.023464209920065333
9.235810576112202,9.55908361822376e-05,0.00014678997379045998,0.023464921726431828
9.23711131643687,0.00012880742287915345,0.00014678997379045998,0.023465610577936013
9.238412063821622,0.00036526313186846515,0.00014678997379045998,0.02346623475045304
9.239712818215414,0.00030282693506191935,0.00014678997379045998,0.023466792266406022
9.24101357956722,0.00023400281706947856,0.00014678997379045998,0.023467373720428755
9.242314347826001,0.00013414229394236032,0.00014678997379045998,0.023467871465845776
9.243615122940732,9.327916647403761e-06,0.00014678997379045998,0.02346828389245987
9.24491590486037,-5.009827618494833e-05,0.00014678997379045998,0.023468609386378673
9.246216693533889,-0.00012945164058403638,0.00014678997379045998,0.023468773686998876
9.247517488910251,-5.915830561679242e-05,0.00014678997379045998,0.023469092310748205
9.248818290938427,-3.5487550732613005e-05,0.00014678997379045998,0.023469454401872713
9.250119099567376,-3.1386435783441885e-05,0.00014678997379045998,0.02346990863234113
9.251419914746075,-0.0002608805349301642,0.00014678997379045998,0.023470322552533434
9.252720736423482,-0.00024330584945759723,0.00014678997379045998,0.02347065082771406
9.25402156454857,-3.176144950605905e-05,0.00014678997379045998,0.0234708948646502
9.255322399070296,-5.422303914818377e-06,0.00014678997379045998,0.02347105606431822
9.256623239937639,-3.2347285936634024e-05,0.00014678997379045998,0.023471320869502425
9.257924087099557,7.978083409705683e-05,0.00014678997379045998,0.02347168410749024
9.25922494050502,-3.332548024560095e-05,0.00014678997379045998,0.023472140646150042
9.260525800102993,0.00014022416258842318,0.00014678997379045998,0.0234723164233988
9.261826665842445,0.00021013891111194144,0.00014678997379045998,0.023472437059755047
9.263127537672338,1.6200167009920718e-06,0.00014678997379045998,0.023472502820693995
9.264428415541644,-0.00011204552112597729,0.00014678997379045998,0.023472513974335925
9.265729299399327,-1.4541512335628642e-05,0.00014678997379045998,0.023472470791446355
9.267030189194353,-0.00018682324691714214,0.00014678997379045998,0.023472373545435833
9.268331084875689,-0.0002223378387239544,0.00014678997379045998,0.023472235459851297
9.269631986392303,-0.00015025637264632838,0.00014678997379045998,0.023472056354248573
9.27093289369316,4.7442003294304036e-05,0.00014678997379045998,0.023471836054073516
9.272233806727227,8.217917859067517e-05,0.00014678997379045998,0.023472000840080116
9.273534725443472,2.3323716243306425e-05,0.00014678997379045998,0.02347205601689814
9.274835649790859,0.00022711740492833976,0.00014678997379045998,0.023472003412624922
9.276136579718358,0.00010932215589776542,0.00014678997379045998,0.023471844847975227
9.277437515174931,0.0001411618083711555,0.00014678997379045998,0.023470855571674113
9.27873845610955,0.0001104665629008926,0.00014678997379045998,0.02347085175168841
9.280039402471175,-2.0702628548766033e-05,0.00014678997379045998,0.023470314199108517
9.28134035420878,-0.0001260834672281927,0.00014678997379045998,0.023469440019907136
9.282641311271325,-7.666829918683352e-05,0.00014678997379045998,0.02346824624521891
9.283942273607781,-0.00017086972066214165,0.00014678997379045998,0.023467119874722355
9.285243241167114,-5.414787431153034e-05,0.00014678997379045998,0.02346606780144403
9.286544213898289,-0.00010989399072940803,0.00014678997379045998,0.023465205136391977
9.287845191750272,-0.00020853892254881629,0.00014678997379045998,0.023464535017063456
9.289146174672034,0.00015065558602659831,0.00014678997379045998,0.023464060648434575
9.290447162612535,0.00020825716193485777,0.00014678997379045998,0.023463785302960616
9.291748155520748,0.00017093383995911773,0.00014678997379045998,0.02346237893579036
9.293049153345635,-5.153861074091298e-06,0.00014678997379045998,0.023461729156457098
9.294350156036165,0.00010277919484155337,0.00014678997379045998,0.023460954205880232
9.295651163541304,0.0002364879774845105,0.00014678997379045998,0.02346021700875559
9.296952175810022,7.446198842065571e-06,0.00014678997379045998,0.023459516398767477
9.298253192791277,0.00021858323893699308,0.00014678997379045998,0.02345877035681262
9.299554214434043,0.00012335093489655724,0.00014678997379045998,0.023457980634533093
9.300855240687282,1.3178315864406653e-05,0.00014678997379045998,0.02345711047073289
9.302156271499967,3.382561412871091e-05,0.00014678997379045998,0.023456160288543085
9.303457306821059,6.922443076893756e-05,0.00014678997379045998,0.023455130506390483
9.304758346599527,0.00014999410622363457,0.00014678997379045998,0.023454119906190448
9.306059390784334,9.30597456110481e-05,0.00014678997379045998,0.023453125408512267
9.307360439324453,0.0002964556030747474,0.00014678997379045998,0.023452086176375276
9.308661492168843,0.0001832288690758431,0.00014678997379045998,0.023451065769106407
9.309962549266478,2.2097322661875085e-05,0.00014678997379045998,0.023450159896947976
9.311263610566318,1.1643439907355752e-05,0.00014678997379045998,0.023448737616062393
9.312564676017338,6.374114382757742e-05,0.00014678997379045998,0.023447255408984603
9.313865745568496,7.376956586606365e-05,0.00014678997379045998,0.023445718869001805
9.315166819168763,7.785948513294727e-05,0.00014678997379045998,0.02344426555684612
9.316467896767099,2.2094825205064283e-05,0.00014678997379045998,0.02344289639988585
9.317768978312484,1.4202380097510375e-05,0.00014678997379045998,0.023441555186817446
9.319070063753873,-0.00011261199225254953,0.00014678997379045998,0.023440221983892767
9.320371153040236,-0.00030307882964056634,0.00014678997379045998,0.02343890066649079
9.321672246120542,-0.0002010628052434675,0.00014678997379045998,0.0234374884649153
9.322973342943756,-0.00012250298331911366,0.00014678997379045998,0.023435986406475564
9.324274443458842,1.7805149195321973e-05,0.00014678997379045998,0.023434395512464196
9.32557554761477,-1.2313659453404985e-05,0.00014678997379045998,0.02343271679815709
9.326876655360506,-0.00015650247298895983,0.00014678997379045998,0.023430951272813593
9.328177766645014,-0.00021878926105265567,0.00014678997379045998,0.02342924047530602
9.329478881417264,-0.0002552077252025581,0.00014678997379045998,0.02342758041892124
9.330779999626222,-0.000267173717649543,0.00014678997379045998,0.023426894677378383
9.332081121220853,-0.00013149740667123613,0.00014678997379045998,0.02342494921092219
9.333382246150125,-8.073172441799142e-05,0.00014678997379045998,0.023423012764109307
9.334683374363003,-8.053860922516837e-05,0.00014678997379045998,0.023421068070469984
9.335984505808453,-0.00010537032253693859,0.00014678997379045998,0.023419113218469484
9.337285640435447,-0.00024519861064801335,0.00014678997379045998,0.023417146311467765
9.338586778192944,-0.00017398218675006294,0.00014678997379045998,0.023415061176714335
9.339887919029916,-0.00027163967026534036,0.00014678997379045998,0.023413114412557858
9.341189062895328,-0.00016296705670063721,0.00014678997379045998,0.023411306024930797
9.342490209738147,-0.00016877673591808237,0.00014678997379045998,0.023409508610275954
9.34379135950734,-3.827564952633283e-05,0.00014678997379045998,0.023408045257796703
9.345092512151872,7.033024848739078e-05,0.00014678997379045998,0.02340618509862634
9.34639366762071,-0.00013858862394456467,0.00014678997379045998,0.02340423462230584
9.34769482586282,-0.00021433959683423917,0.00014678997379045998,0.023402195745025695
9.348995986827173,2.1430975705647587e-05,0.00014678997379045998,0.023400070380085642
9.350297150462731,0.00025805346683617503,0.00014678997379045998,0.02339810403889692
9.35159831671846,0.00036411176249814825,0.00014678997379045998,0.023396009136013373
9.35289948554333,0.00028646741954691315,0.00014678997379045998,0.023393788958294928
9.354200656886304,0.0002029383051877741,0.00014678997379045998,0.023391446780371285
9.355501830696356,0.0002742210064904209,0.00014678997379045998,0.023388985864641904
9.35680300692244,0.00019381212178037552,0.00014678997379045998,0.023386021331516307
9.358104185513536,1.9267256559055146e-05,0.00014678997379045998,0.02338253638501805
9.3594053664186,-0.00013849456222654252,0.00014678997379045998,0.02337952307391705
9.360706549586606,-0.0001891810959270962,0.00014678997379045998,0.02337666725222982
9.362007734966513,-5.66746308493446e-05,0.00014678997379045998,0.023373775087088305
9.363308922507299,-4.879299151839406e-05,0.00014678997379045998,0.02337090492617088
9.36461011215792,-3.5011099834052206e-05,0.00014678997379045998,0.023368054432928713
9.365911303867346,-0.00010310191458159923,0.00014678997379045998,0.023365221295426928
9.367212497584545,8.882865680516841e-05,0.00014678997379045998,0.023362604762464254
9.368513693258484,0.00012452853212812157,0.00014678997379045998,0.023360195423843183
9.369814890838127,0.0001072575406507563,0.00014678997379045998,0.023357983944507978
9.37111609027244,-1.854202163996399e-05,0.00014678997379045998,0.0233553668859098
9.372417291510393,-0.00013474459047546974,0.00014678997379045998,0.023352611481665654
9.37371849450095,4.70712806247206e-05,0.00014678997379045998,0.02334980907794283
9.37501969919308,0.00016547881157413097,0.00014678997379045998,0.023346959281293884
9.376320905535747,-6.002582428243225e-05,0.00014678997379045998,0.023344061710673332
9.377622113477921,-0.00016754755998032306,0.00014678997379045998,0.023341764625324293
9.378923322968568,-0.0002666558102176024,0.00014678997379045998,0.023339442857424172
9.380224533956646,-7.630428366350861e-06,0.00014678997379045998,0.023337055966887003
9.381525746391135,-5.120834699412491e-05,0.00014678997379045998,0.023334609999086604
9.382826960220992,-7.227618742367686e-05,0.00014678997379045998,0.02333211101306696
9.384128175395189,4.401295351118273e-05,0.00014678997379045998,0.02332956508154219
9.38542939186269,6.682615646612378e-05,0.00014678997379045998,0.023326978290896496
9.38673060957246,8.469659998705525e-05,0.00014678997379045998,0.023324273643045373
9.38803182847347,-0.00010645042481245703,0.00014678997379045998,0.023321451448216703
9.389333048514683,-2.868749518353253e-06,0.00014678997379045998,0.023318514826463785
9.39063426964507,3.2432895441494164e-05,0.00014678997379045998,0.023315466890681036
9.391935491813589,7.228260039473036e-05,0.00014678997379045998,0.02331246919677583
9.393236714969216,2.3469219866491253e-05,0.00014678997379045998,0.0233093162783951
9.394537939060912,-8.650974062791861e-05,0.00014678997379045998,0.02330632292751126
9.395839164037646,-0.00016934877474392498,0.00014678997379045998,0.023303482837662818
9.397140389848383,-0.00035046825548443183,0.00014678997379045998,0.023300789761823235
9.398441616442092,-0.00026526257440956727,0.00014678997379045998,0.02329823751240087
9.399742843767736,-0.00012924775773941882,0.00014678997379045998,0.02329512994869095
9.401044071774287,7.795522836065091e-05,0.00014678997379045998,0.02329187037115706
9.402345300410703,0.00015989342764723483,0.00014678997379045998,0.023288667693324824
9.403646529625961,0.0001103642107093128,0.00014678997379045998,0.023285044796142972
9.40494775936902,-0.00011264794050104554,0.00014678997379045998,0.02328144945856353
9.40624898958885,-0.00016050261629417875,0.00014678997379045998,0.023277883380606705
9.407550220234414,-0.000225325094314284,0.00014678997379045998,0.02327434828741712
9.408851451254685,-0.0002931861170322701,0.00014678997379045998,0.023270683437007642
9.410152682598623,-0.00023047764529793638,0.00014678997379045998,0.023266440209677264
9.4114539142152,-0.00014332265691879842,0.00014678997379045998,0.023262188217153777
9.412755146053376,-0.00017347556130981046,0.00014678997379045998,0.02325826601871488
9.414056378062128,-0.00012087117215569404,0.00014678997379045998,0.023254679066188517
9.41535761019041,-3.8607693300111295e-05,0.00014678997379045998,0.023251044226523833
9.4166588423872,-0.0001112602598817361,0.00014678997379045998,0.023247093486567238
9.417960074601455,-0.00014182639390739396,0.00014678997379045998,0.023243228148866278
9.419261306782149,-1.317787833654896e-05,0.00014678997379045998,0.0232391386512532
9.420562538878244,-4.5381548726311505e-05,0.00014678997379045998,0.02323502321530106
9.421863770838709,2.0300579839805516e-05,0.00014678997379045998,0.0232308851179033
9.423165002612508,-5.563883154729651e-05,0.00014678997379045998,0.023226727644959904
9.424466234148614,-7.717782328299505e-05,0.00014678997379045998,0.02322255409137771
9.425767465395985,-0.00018982475174943517,0.00014678997379045998,0.02321828968837668
9.427068696303595,-0.00011421201704646736,0.00014678997379045998,0.023213935037602152
9.428369926820404,-6.0453030559980137e-05,0.00014678997379045998,0.023209596800004863
9.429671156895383,6.926750655279756e-05,0.00014678997379045998,0.02320527179549257
9.430972386477498,6.222069356717069e-05,0.00014678997379045998,0.023200897185341855
9.432273615515713,-9.249530624770574e-05,0.00014678997379045998,0.02319647193937297
9.433574843959,5.138612736436607e-05,0.00014678997379045998,0.023191854897145953
9.434876071756321,-7.868976245749629e-05,0.00014678997379045998,0.023187040165547467
9.436177298856643,-0.00017649852579052286,0.00014678997379045998,0.023182293079343747
9.437478525208935,-3.560919801917292e-05,0.00014678997379045998,0.023177257722542654
9.43877975076216,-9.928707909789836e-05,0.00014678997379045998,0.023172200430681817
9.440080975465289,-5.3769785871543574e-05,0.00014678997379045998,0.023167133401490656
9.441382199267286,-0.00011869153269962462,0.00014678997379045998,0.023162062719749316
9.442683422117115,-0.0001493954159730998,0.00014678997379045998,0.02315699448758292
9.443984643963748,-0.00021875052173296258,0.00014678997379045998,0.023152561730643197
9.445285864756151,-0.00017262092497913328,0.00014678997379045998,0.023147891135335056
9.446587084443285,4.913765456155544e-06,0.00014678997379045998,0.02314307017515246
9.447888302974123,0.00013546386864876983,0.00014678997379045998,0.0231383529938719
9.449189520297626,0.00016178356656926934,0.00014678997379045998,0.023133742826430707
9.450490736362767,1.0498188721275864e-05,0.00014678997379045998,0.02312927808366719
9.451791951118507,-0.0001523121829929107,0.00014678997379045998,0.02312450444189969
9.453093164513811,-3.141798764015949e-05,0.00014678997379045998,0.023119418427265837
9.454394376497657,-8.109734826532503e-05,0.00014678997379045998,0.023114026181903915
9.455695587018997,-0.0001462870086031548,0.00014678997379045998,0.023109121590078965
9.456996796026809,-0.0002272774067823488,0.00014678997379045998,0.023104530759661523
9.458298003470052,-0.00013308167015292985,0.00014678997379045998,0.023099702143563137
9.459599209297698,3.7418102848203044e-05,0.00014678997379045998,0.023094846129761655
9.460900413458711,8.806055782534586e-05,0.00014678997379045998,0.02308984237070829
9.462201615902057,-0.00012053302809944544,0.00014678997379045998,0.023084773359190267
9.463502816576703,-0.00031543809587777916,0.00014678997379045998,0.023079640019742408
9.464804015431618,-0.00024720428978981107,0.00014678997379045998,0.02307444327135632
9.466105212415766,-0.00021537251030311066,0.00014678997379045998,0.02306918402747999
9.467406407478116,-4.74137669463047e-05,0.00014678997379045998,0.02306386319601818
9.468707600567628,-0.00015733663555452318,0.00014678997379045998,0.023058379067824313
9.470008791633278,-5.277426045239078e-05,0.00014678997379045998,0.023052940299194087
9.471309980624026,2.2743298686012103e-06,0.00014678997379045998,0.023047821022514865
9.472611167488843,0.00022103205649730978,0.00014678997379045998,0.023042696441644615
9.473912352176688,3.191839995225071e-05,0.00014678997379045998,0.02303688774493176
9.47521353463654,-0.0002212449880816987,0.00014678997379045998,0.02303118281167408
9.476514714817354,-0.00013791981134169892,0.00014678997379045998,0.023025880672508593
9.477815892668103,8.256258666996044e-05,0.00014678997379045998,0.02302066635991285
9.47911706813775,0.00010528185629860021,0.00014678997379045998,0.023015533826851457
9.480418241175265,5.441063853601352e-06,0.00014678997379045998,0.02301047705687432
9.481719411729609,-0.00017312548353336232,0.00014678997379045998,0.02300549006411682
9.483020579749759,-0.00010923257419137578,0.00014678997379045998,0.023000566893299552
9.484321745184669,-6.83094762223592e-05,0.00014678997379045998,0.022995493993301808
9.485622907983315,-5.094283199951616e-05,0.00014678997379045998,0.022990272834231978
9.486924068094659,-1.6729964563887145e-05,0.00014678997379045998,0.022984904864702987
9.48822522546767,-8.698885310093676e-05,0.00014678997379045998,0.02297939151183223
9.489526380051313,-7.646955703241587e-05,0.00014678997379045998,0.022973734181241722
9.490827531794556,-0.00012338823576434066,0.00014678997379045998,0.022967934257058276
9.492128680646363,6.457527964647339e-05,0.00014678997379045998,0.022961993101913287
9.493429826555705,5.121771632551897e-05,0.00014678997379045998,0.022955912056942803
9.494730969471544,-0.00021417505984150376,0.00014678997379045998,0.022949814117221395
9.49603210934285,-9.58658741131782e-05,0.00014678997379045998,0.022943532782185704
9.497333246118586,-7.681230570098785e-05,0.00014678997379045998,0.022936992328710316
9.498634379747722,-3.8342731629253946e-05,0.00014678997379045998,0.02293063423274872
9.499935510179222,-1.2593860225812437e-05,0.00014678997379045998,0.02292413303771082
9.501236637362055,-0.00017670386833477242,0.00014678997379045998,0.02291749002030269
9.502537761245186,-0.00017314448789045034,0.00014678997379045998,0.02291070643576696
9.503838881777583,-0.00011896588147561685,0.00014678997379045998,0.022903783517882654
9.505139998908211,-0.00015672599208308227,0.00014678997379045998,0.022896722478965053
9.506441112586037,-8.79471153874406e-05,0.00014678997379045998,0.022889524509866137
9.50774222276003,-8.652689530827193e-05,0.00014678997379045998,0.022882780971404927
9.509043329379152,3.872670089007796e-05,0.00014678997379045998,0.022876025569756812
9.510344432392372,-8.827125181928852e-05,0.00014678997379045998,0.022869310676978633
9.511645531748659,-2.11781572848381e-05,0.00014678997379045998,0.02286263942986533
9.512946627396976,9.033387416489819e-06,0.00014678997379045998,0.022856014980426626
9.51424771928629,-0.00013913235050408423,0.00014678997379045998,0.02284904680071067
9.51554880736557,-0.0003350125603729,0.00014678997379045998,0.02284186322935925
9.51684989158378,-0.00010593391269315272,0.00014678997379045998,0.022834594708607225
9.51815097188989,-0.00011454713368090272,0.00014678997379045998,0.02282767983110967
9.519452048232862,-4.70218492738296e-05,0.00014678997379045998,0.022821481368514637
9.520753120561668,-1.1244122436596116e-05,0.00014678997379045998,0.02281485095914919
9.522054188825267,-0.0001326528407670051,0.00014678997379045998,0.022807793496499116
9.523355252972635,-0.00011795506344069312,0.00014678997379045998,0.02280059841071798
9.524656312952729,7.680481819618418e-06,0.00014678997379045998,0.02279379327587621
9.525957368714524,-2.4431924289736867e-05,0.00014678997379045998,0.022786487394871664
9.52725842020698,-6.576920274240297e-05,0.00014678997379045998,0.022779768437581137
9.52855946737907,-0.00024252557671974526,0.00014678997379045998,0.0227730433533773
9.529860510179754,-0.0001747766045537731,0.00014678997379045998,0.022766258740852318
9.531161548558005,-9.194258459013435e-05,0.00014678997379045998,0.02276016676898256
9.532462582462783,-8.61940414232723e-05,0.00014678997379045998,0.02275340185791719
9.53376361184306,-0.00014285348748290308,0.00014678997379045998,0.0227466374349197
9.5350646366478,-0.0001785874831979825,0.00014678997379045998,0.022739367173557415
9.53636565682597,-6.902761256630946e-05,0.00014678997379045998,0.02273224039142336
9.537666672326536,-3.04803737931382e-05,0.00014678997379045998,0.022725061204083626
9.538967683098466,7.209969026946567e-06,0.00014678997379045998,0.022718023908834765
9.540268689090725,-0.00010513115717821625,0.00014678997379045998,0.022711127600549254
9.541569690252285,-4.013437456662841e-05,0.00014678997379045998,0.022704559909954833
9.542870686532101,5.4895350475373667e-05,0.00014678997379045998,0.02269762411388569
9.544171677879152,-3.419178178768606e-05,0.00014678997379045998,0.02269056472813067
9.545472664242398,0.00014782589241103816,0.00014678997379045998,0.022683476252542585
9.546773645570807,-2.5966114570018933e-05,0.00014678997379045998,0.02267635674492741
9.548074621813344,-0.00010382744419293322,0.00014678997379045998,0.022669315540939372
9.54937559291898,4.054179585840853e-05,0.00014678997379045998,0.02266230405098247
9.550676558836676,0.0001170772561107751,0.00014678997379045998,0.022655325985505168
9.551977519515404,3.697891139365847e-05,0.00014678997379045998,0.02264838505934746
9.553278474904126,-3.774943660055097e-05,0.00014678997379045998,0.022641441053560706
9.554579424951811,-0.00028768181025772346,0.00014678997379045998,0.022634496166070557
9.555880369607424,-0.00022289821052127665,0.00014678997379045998,0.022627552588561944
9.557181308819937,-0.00020761167141361905,0.00014678997379045998,0.02262072993204649
9.55848224253831,-0.00011366060258269708,0.00014678997379045998,0.022614127351205174
9.55978317071151,-8.624067578407932e-05,0.00014678997379045998,0.022607451290799184
9.561084093288505,-9.367513825127988e-06,0.00014678997379045998,0.022600655163994284
9.562385010218264,-0.0003408794204929934,0.00014678997379045998,0.022593908272836548
9.563685921449753,-0.000351897899642694,0.00014678997379045998,0.022587207588212362
9.564986826931936,-0.00013267362468141405,0.00014678997379045998,0.022580578117093277
9.566287726613782,9.802878017956679e-06,0.00014678997379045998,0.022573930666422947
9.567588620444257,0.00012007410804204532,0.00014678997379045998,0.022567108200361577
9.568889508372324,0.00010768666376936506,0.00014678997379045998,0.022560426584912505
9.570190390346957,-6.394501241405864e-06,0.00014678997379045998,0.022553711869873677
9.571491266317114,-3.080655530279808e-05,0.00014678997379045998,0.022547047782285893
9.572792136231769,0.00010801157359015615,0.00014678997379045998,0.022540433553529526
9.574093000039884,9.409205186498154e-05,0.00014678997379045998,0.022534302979689842
9.575393857690429,-0.00010361703140997214,0.00014678997379045998,0.022528106937049444
9.576694709132367,-0.00024083866976491036,0.00014678997379045998,0.022521848265037673
9.577995554314667,-4.7290770599724835e-05,0.00014678997379045998,0.02251552978143935
9.579296393186295,1.7610911707748728e-05,0.00014678997379045998,0.022509154282394958
9.580597225696216,-0.00017300161877246284,0.00014678997379045998,0.022502724542400706
9.581898051793402,-0.00020325251023605231,0.00014678997379045998,0.0224962433143086
9.583198871426811,-0.0003664011213250738,0.00014678997379045998,0.022488759649712604
9.584499684545419,-0.00026960663969191265,0.00014678997379045998,0.022481670375203433
9.585800491098183,-0.00018650290466424094,0.00014678997379045998,0.022474926350690542
9.58710129103408,-0.000292229902464098,0.00014678997379045998,0.02246852319645692
9.588402084302068,-0.00010431390449916825,0.00014678997379045998,0.02246245661194788
9.589702870851118,-0.0001322137764032498,0.00014678997379045998,0.02245729394118884
9.591003650630194,-6.363703630984929e-05,0.00014678997379045998,0.022451502660306807
9.592304423588265,-1.1330767976495265e-05,0.00014678997379045998,0.02244527144150725
9.593605189674296,3.42030056883838e-05,0.00014678997379045998,0.022439195702029603
9.594905948837255,-3.531544644222104e-05,0.00014678997379045998,0.022432572920784485
9.596206701026107,-4.0362204705764876e-05,0.00014678997379045998,0.0224262793413356
9.597507446189821,-8.525466951685157e-05,0.00014678997379045998,0.0224203287255157
9.59880818427736,-0.00029729837694289843,0.00014678997379045998,0.022414365333882438
9.600108915237694,-0.00025439390679503696,0.00014678997379045998,0.022408812417289918
9.601409639019787,-0.000193449589465447,0.00014678997379045998,0.022402431222786234
9.602710355572608,-0.00020746610987414787,0.00014678997379045998,0.0223959027119095
9.604011064845121,-0.0001398173120260235,0.00014678997379045998,0.022389424805784566
9.605311766786295,9.801679053265261e-06,0.00014678997379045998,0.02238299776019656
9.606612461345096,-0.00010216930895920809,0.00014678997379045998,0.02237662182866382
9.607913148470487,-5.0169787505435076e-05,0.00014678997379045998,0.022370297262437965
9.609213828111441,1.8581685796298375e-05,0.00014678997379045998,0.022364024310503928
9.61051450021692,-4.68429330044047e-05,0.00014678997379045998,0.022357803219579867
9.611815164735892,-5.125096285263364e-05,0.00014678997379045998,0.022351538354723578
9.613115821617328,-8.3516268409356e-05,0.00014678997379045998,0.022345559182371924
9.614416470810184,-0.00018052418461391578,0.00014678997379045998,0.02233985823705687
9.615717112263436,-8.236316619506662e-05,0.00014678997379045998,0.022334428110351277
9.617017745926047,-0.00010909995999503277,0.00014678997379045998,0.022328523568670506
9.618318371746984,-0.00013368795364940983,0.00014678997379045998,0.022322535691335986
9.619618989675212,-0.00012916231120993146,0.00014678997379045998,0.022316470027567054
9.620919599659702,-0.00024210056174595734,0.00014678997379045998,0.022310748501403684
9.622220201649414,-0.00013079398724388444,0.00014678997379045998,0.02230536182140661
9.623520795593324,-0.00012664153129285372,0.00014678997379045998,0.02230034751317805
9.62482138144039,3.742794565142829e-05,0.00014678997379045998,0.02229560864747113
9.626121959139581,-9.653980172076929e-05,0.00014678997379045998,0.022290582913822916
9.627422528639864,-0.00018788994143907611,0.00014678997379045998,0.022285094233632178
9.628723089890205,-0.0002977668825877265,0.00014678997379045998,0.022279458245093548
9.630023642839573,-0.00024173484350246272,0.00014678997379045998,0.022273672778779383
9.631324187436933,-5.280726960798718e-05,0.00014678997379045998,0.02226842455471251
9.632624723631253,-4.288675935118502e-06,0.00014678997379045998,0.02226323586252437
9.633925251371496,-0.00011777613665177669,0.00014678997379045998,0.02225810806678484
9.635225770606631,-0.00026398629323788267,0.00014678997379045998,0.022253042532851163
9.636526281285624,-0.00016416827403744824,0.00014678997379045998,0.022248076073764653
9.637826783357443,-9.822275794997906e-05,0.00014678997379045998,0.022243133755501732
9.639127276771054,-0.0001243556566225025,0.00014678997379045998,0.02223879601516468
9.640427761475424,-0.00025003271030244606,0.00014678997379045998,0.02223377278059084
9.641728237419516,-0.0003009566535570711,0.00014678997379045998,0.022228720317776614
9.643028704552302,-0.0002458368211239702,0.00014678997379045998,0.022223201004342365
9.644329162822743,-0.00022873100757100917,0.00014678997379045998,0.02221770006612994
9.645629612179812,-0.00020823652056828,0.00014678997379045998,0.02221231369940424
9.646930052572472,-0.00014169849101905094,0.00014678997379045998,0.022207044489443835
9.648230483949687,-0.00015830136172271733,0.00014678997379045998,0.022201496909332506
9.649530906260427,-3.5098383874089534e-05,0.00014678997379045998,0.02219565974286878
9.65083131945366,2.8638719644577537e-05,0.00014678997379045998,0.02219021930111412
9.65213172347835,-5.689378420804109e-05,0.00014678997379045998,0.022184993109788824
9.653432118283463,-0.00012641800432870373,0.00014678997379045998,0.022179971467233627
9.654732503817968,-0.00017180900819371153,0.00014678997379045998,0.02217504795516905
9.65603288003083,-0.00024883130999468414,0.00014678997379045998,0.022170224338382512
9.657333246871016,-0.0001437667049060433,0.00014678997379045998,0.022165390345966037
9.658633604287493,-0.00014069477904354866,0.00014678997379045998,0.022160543862814974
9.659933952229228,1.763935487186785e-05,0.00014678997379045998,0.022155682751840645
9.661234290645186,-2.4810462102318326e-05,0.00014678997379045998,0.02215086803992554
9.662534619484333,0.00010428917696908915,0.00014678997379045998,0.0221462825686933
9.663834938695638,0.001076073711252859,0.00014678997379045998,0.022141928411401644
9.665135248228069,0.0014587644723068026,0.00014678997379045998,0.022137807680478995
9.666435548030586,-3.8399317519380305e-06,0.00014678997379045998,0.022133758411921948
9.667735838052165,-0.00034203644503499886,0.00014678997379045998,0.022129777098354033
9.669036118241763,-0.00015138654551222555,0.00014678997379045998,0.022125943997831313
9.670336388548352,4.058609601120811e-06,0.00014678997379045998,0.02212225851030418
9.671636648920899,-7.004857969545447e-05,0.00014678997379045998,0.02211863399363325
9.672936899308368,-2.7483905313829132e-05,0.00014678997379045998,0.022114779558668446
9.674237139659729,-5.5513456101025094e-05,0.00014678997379045998,0.022110989492383323
9.675537369923944,-2.2271117415439273e-05,0.00014678997379045998,0.022107164754131152
9.676837590049983,-0.00014993393260993512,0.00014678997379045998,0.0221032385569511
9.67813779998681,-0.00025564732755165714,0.00014678997379045998,0.02209931541384695
9.679437999683396,-0.0002682627027840688,0.00014678997379045998,0.02209539324144286
9.680738189088702,-0.0002491624201810434,0.00014678997379045998,0.022091368055469022
9.6820383681517,-0.00021502620773340003,0.00014678997379045998,0.022087488817523548
9.683338536821353,-0.000265335178451228,0.00014678997379045998,0.022083758661944713
9.68463869504663,-7.288177560133696e-05,0.00014678997379045998,0.022080180739735042
9.685938842776494,0.00013356889132075042,0.00014678997379045998,0.022076621545526316
9.687238979959913,5.094775376487601e-05,0.00014678997379045998,0.02207307951839952
9.688539106545857,-2.1114853298875164e-05,0.00014678997379045998,0.022069612301668377
9.68983922248329,9.304931819873949e-05,0.00014678997379045998,0.022066244146902596
9.691139327721178,-6.295713034440431e-05,0.00014678997379045998,0.022062976340407107
9.692439422208487,3.341234071327012e-05,0.00014678997379045998,0.02205982222169977
9.693739505894188,-5.638736886821177e-06,0.00014678997379045998,0.022056783502811664
9.695039578727242,-5.843276330056921e-05,0.00014678997379045998,0.022053861902374003
9.696339640656618,-0.00010780426418234221,0.00014678997379045998,0.02205105914561808
9.697639691631283,-3.687170167722756e-05,0.00014678997379045998,0.022048376964375126
9.698939731600204,-6.654694158477262e-05,0.00014678997379045998,0.022045671542694167
9.700239760512344,-1.9617012624480873e-05,0.00014678997379045998,0.022043139749566613
9.701539778316677,-6.381852513040465e-05,0.00014678997379045998,0.022039810491703792
9.702839784962162,-0.00019775584933727497,0.00014678997379045998,0.022037915682791388
9.70413978039777,-0.0002853737698484786,0.00014678997379045998,0.022036219137381966
9.705439764572464,-0.00012462030542599936,0.00014678997379045998,0.02203436864173221
9.706739737435218,0.00012655396439151256,0.00014678997379045998,0.022032027961383423
9.70803969893499,3.9191840571297515e-05,0.00014678997379045998,0.022029923555243414
9.709339649020748,-0.00014583213055945413,0.00014678997379045998,0.022027797003268373
9.710639587641465,-8.949520940107827e-05,0.00014678997379045998,0.02202557574200557
9.711939514746101,-0.00015220586802579608,0.00014678997379045998,0.02202348227867712
9.713239430283624,-0.00021785218812389248,0.00014678997379045998,0.02202105200349132
9.714539334203002,-0.000196887541137572,0.00014678997379045998,0.0220184411560831
9.7158392264532,-0.00035020815315264103,0.00014678997379045998,0.02201625631208877
9.717139106983188,-0.0002454909120530348,0.00014678997379045998,0.022014204036513038
9.718438975741929,-0.00026782797511425843,0.00014678997379045998,0.02201228497824334
9.719738832678392,-0.0001663832214234169,0.00014678997379045998,0.022010499801256814
9.721038677741541,-0.00018627028562296158,0.00014678997379045998,0.02200859688423614
9.722338510880345,-9.56349973955245e-05,0.00014678997379045998,0.022006729162890433
9.723638332043771,0.00012541615715321378,0.00014678997379045998,0.02200490323268505
9.724938141180782,-9.272219257512593e-05,0.00014678997379045998,0.022003630414310617
9.726237938240347,-0.0002629111221771896,0.00014678997379045998,0.022002899380980483
9.727537723171434,-8.157016390260285e-05,0.00014678997379045998,0.022002314302603576
9.728837495923006,-0.00010899952865268958,0.00014678997379045998,0.022001458355309925
9.730137256444033,-0.00010663637926742325,0.00014678997379045998,0.022000305762426772
9.73143700468348,-4.53351735572316e-05,0.00014678997379045998,0.02199886815425414
9.732736740590315,-0.00018844430527455158,0.00014678997379045998,0.021997524568868356
9.734036464113503,-0.00011443910748205888,0.00014678997379045998,0.021996212710917395
9.73533617520201,-8.025871305396629e-05,0.00014678997379045998,0.021995399981644077
9.736635873804804,-3.522752172145649e-05,0.00014678997379045998,0.021994202781166334
9.73793555987085,-0.00012435715811096038,0.00014678997379045998,0.02199275801733591
9.73923523334912,-6.036481886120132e-05,0.00014678997379045998,0.021991056748133612
9.740534894188574,-5.8611810662943103e-05,0.00014678997379045998,0.021989089954592308
9.74183454233818,-0.000176753129590531,0.00014678997379045998,0.021987463938502472
9.743134177746906,-0.0002140027063474055,0.00014678997379045998,0.021985926427860313
9.744433800363721,1.8157518875388384e-05,0.00014678997379045998,0.02198438875374339
9.745733410137586,-3.305678816602209e-05,0.00014678997379045998,0.021982850821332143
9.747033007017471,-0.00015867591237554018,0.00014678997379045998,0.021981312521526422
9.748332590952343,-0.0002039114637514168,0.00014678997379045998,0.021979101939518998
9.749632161891167,-0.00031611041795400613,0.00014678997379045998,0.021976859859119707
9.750931719782908,-8.609547094434039e-05,0.00014678997379045998,0.021974718625060136
9.75223126457654,-0.00018177293163577218,0.00014678997379045998,0.02197267948559294
9.753530796221021,-7.872213195336819e-05,0.00014678997379045998,0.02197074370608126
9.754830314665323,-4.304438355053411e-05,0.00014678997379045998,0.02196891256899877
9.756129819858408,-0.00010591922838344009,0.00014678997379045998,0.021967187373929668
9.757429311749249,-0.00017550261411859377,0.00014678997379045998,0.021965569437568062
9.758728790286805,-0.0002661217128294806,0.00014678997379045998,0.02196406009371824
9.76002825542005,-0.000105673857846076,0.00014678997379045998,0.021962660693294136
9.761327707097944,-5.87331538462188e-05,0.00014678997379045998,0.021961818134425923
9.76262714526946,-7.757184630096878e-05,0.00014678997379045998,0.021960721997301702
9.763926569883559,4.7988064761569915e-06,0.00014678997379045998,0.021959584903015583
9.76522598088921,3.0417993777676067e-06,0.00014678997379045998,0.021958095351454116
9.76652537823538,-6.742383174138805e-06,0.00014678997379045998,0.021956400758686715
9.767824761871035,-7.167867861395186e-05,0.00014678997379045998,0.02195449423292759
9.76912413174514,-0.00011602914753585519,0.00014678997379045998,0.021952368823599473
9.770423487806667,-0.0001544479569585179,0.00014678997379045998,0.02195073217533476
9.771722830004576,-0.00015469472444301982,0.00014678997379045998,0.021949473337217074
9.773022158287837,-0.0003035666463373464,0.00014678997379045998,0.021948071171343984
9.774321472605415,-0.0004599881737645667,0.00014678997379045998,0.021947019843556893
9.775620772906281,-0.0003247088955349309,0.00014678997379045998,0.02194589027955441
9.776920059139396,-0.0002628562030931557,0.00014678997379045998,0.021944684099666985
9.77821933125373,-0.000314517811080918,0.00014678997379045998,0.02194340289658277
9.779518589198249,-0.0002788010747848853,0.00014678997379045998,0.02194211899024519
9.780817832921917,-0.00027888085120383876,0.00014678997379045998,0.021940831407848662
9.782117062373702,-0.0003143895126836889,0.00014678997379045998,0.021939427642762504
9.783416277502575,-0.0002810748769320401,0.00014678997379045998,0.021937902830682334
9.784715478257498,-0.0003482457960647528,0.00014678997379045998,0.02193640034227586
9.786014664587436,-0.00018725264280777462,0.00014678997379045998,0.0219351409840639
9.787313836441362,3.2192006825162295e-05,0.00014678997379045998,0.02193422376673891
9.788612993768234,-0.00011747565888073352,0.00014678997379045998,0.021933218326710403
9.789912136517026,2.668924588380972e-05,0.00014678997379045998,0.021932239340835376
9.791211264636702,1.4024680269203449e-06,0.00014678997379045998,0.021931288388346806
9.792510378076228,-5.380779820873816e-07,0.00014678997379045998,0.021930367047291597
9.79380947678457,-6.7950656419575595e-06,0.00014678997379045998,0.021929476894531053
9.795108560710698,-0.00012086172070934278,0.00014678997379045998,0.021928619505740383
9.796407629803575,7.834439380549618e-05,0.00014678997379045998,0.02192779645540929
9.79770668401217,7.718549233160996e-05,0.00014678997379045998,0.021927009316841564
9.799005723285449,-8.14381872775681e-05,0.00014678997379045998,0.02192614980505321
9.800304747572374,-0.00030465154364520824,0.00014678997379045998,0.021925302658657546
9.801603756821917,-0.0002079651399144629,0.00014678997379045998,0.021924524327504094
9.802902750983046,-0.00010371505070650572,0.00014678997379045998,0.021923811594799354
9.804201730004724,3.430065233140864e-05,0.00014678997379045998,0.02192316125279716
9.80550069383592,2.585785463152246e-06,0.00014678997379045998,0.021922428927070546
9.806799642425595,-0.00014883722165431532,0.00014678997379045998,0.02192133548945002
9.808098575722724,-0.0003257582387539461,0.00014678997379045998,0.021920431995500672
9.809397493676265,-0.0003640421654930795,0.00014678997379045998,0.021919419288559918
9.810696396235194,-0.00011920560847943767,0.00014678997379045998,0.021918546684704093
9.811995283348468,-0.0001065656575824428,0.00014678997379045998,0.021917812969146078
9.813294154965064,-3.67178922163966e-05,0.00014678997379045998,0.02191710634878083
9.814593011033937,-8.038095688967656e-05,0.00014678997379045998,0.021915780297350335
9.81589185150406,-0.00025357978501201403,0.00014678997379045998,0.02191470287143715
9.817190676324401,-0.0001236516251478144,0.00014678997379045998,0.02191394287787998
9.818489485443925,-0.00015041385598818166,0.00014678997379045998,0.021913252962922822
9.819788278811595,-0.00025498807472579266,0.00014678997379045998,0.0219124487016288
9.821087056376385,-0.0002618949692365369,0.00014678997379045998,0.021911280482238425
9.822385818087254,-0.00025427780119189475,0.00014678997379045998,0.021910099377845355
9.823684563893174,-0.00036100903098438067,0.00014678997379045998,0.02190897292484353
9.824983293743106,-7.105405781260635e-05,0.00014678997379045998,0.021907903839334074
9.826282007586023,-8.277634818844651e-05,0.00014678997379045998,0.02190672848412388
9.827580705370888,-5.5126374429129155e-05,0.00014678997379045998,0.02190531844429796
9.828879387046667,-2.5763482404760063e-05,0.00014678997379045998,0.021904227541676695
9.83017805256233,-5.633073976805264e-05,0.00014678997379045998,0.021903260178644524
9.831476701866842,-0.00010066932277395108,0.00014678997379045998,0.021902342629292613
9.832775334909169,-0.00011806345666275433,0.00014678997379045998,0.02190140524059367
9.834073951638278,-0.00016095460931575892,0.00014678997379045998,0.02190044986175655
9.835372552003134,-9.160334207885742e-05,0.00014678997379045998,0.021899587844896207
9.836671135952704,-4.4411372168290386e-05,0.00014678997379045998,0.021898775679869652
9.837969703435958,-2.5100485234387515e-05,0.00014678997379045998,0.021898012805086606
9.839268254401858,4.656493000224776e-05,0.00014678997379045998,0.021897283169799248
9.840566788799373,5.820930516485523e-05,0.00014678997379045998,0.02189636791111019
9.841865306577471,-4.676934811701991e-05,0.00014678997379045998,0.021895404449339267
9.843163807685116,-0.00014092915159344757,0.00014678997379045998,0.02189471609442906
9.844462292071276,-0.00017463412335363276,0.00014678997379045998,0.021894301723832065
9.845760759684916,-0.00011704597336981495,0.00014678997379045998,0.02189374328172176
9.847059210475006,-6.965230305587891e-05,0.00014678997379045998,0.0218931170671638
9.848357644390507,-1.6280598442892924e-05,0.00014678997379045998,0.021892413991031257
9.849656061380392,-2.7322167799544855e-05,0.00014678997379045998,0.021891492377933423
9.850954461393624,-0.00010352706470297124,0.00014678997379045998,0.02189034780979901
9.852252844379167,-9.242039965151258e-05,0.00014678997379045998,0.021888975819007544
9.853551210285994,-0.00011567561182503766,0.00014678997379045998,0.021888020943081534
9.85484955906307,-0.00027537519028560803,0.00014678997379045998,0.021887313910907605
9.856147890659358,-0.0002713070511255848,0.00014678997379045998,0.02188642212947522
9.857446205023825,-0.00021033117067555812,0.00014678997379045998,0.021885353401667
9.85874450210544,-0.00011467360963429707,0.00014678997379045998,0.021884115499393682
9.860042781853169,-0.0001967049734699633,0.00014678997379045998,0.021882716163594322
9.86134104421598,-6.1009246204717094e-05,0.00014678997379045998,0.02188116310423686
9.862639289142834,2.979481932551334e-05,0.00014678997379045998,0.021879612376498728
9.863937516582705,5.103965909018793e-05,0.00014678997379045998,0.02187806636400678
9.865235726484554,-6.32436114954317e-05,0.00014678997379045998,0.021876401436038886
9.866533918797353,-9.741028381677827e-05,0.00014678997379045998,0.021874784935374147
9.867832093470062,-7.771491851481585e-05,0.00014678997379045998,0.021873302054261315
9.869130250451654,0.00013882273631412798,0.00014678997379045998,0.02187150800659989
9.870428389691089,0.00018496201594969328,0.00014678997379045998,0.021869783752575686
9.871726511137341,3.763103788478536e-05,0.00014678997379045998,0.021868129400352813
9.873024614739368,5.292445800344006e-05,0.00014678997379045998,0.02186654508023425
9.874322700446148,-1.792779259596547e-05,0.00014678997379045998,0.021865030944661936
9.875620768206636,9.111032281469006e-05,0.00014678997379045998,0.02186358716821586
9.876918817969804,7.574447394690514e-05,0.00014678997379045998,0.021862213947614114
9.878216849684618,9.099396315871006e-06,0.00014678997379045998,0.0218614774279254
9.879514863300047,2.6143715582037375e-05,0.00014678997379045998,0.021860385363953957
9.880812858765053,-1.1248679599864392e-05,0.00014678997379045998,0.021858963783276928
9.882110836028609,-9.163336550827711e-05,0.00014678997379045998,0.021857870995750192
9.88340879503967,-6.807153307624575e-05,0.00014678997379045998,0.021857094846930908
9.88470673574722,-9.717920928188281e-05,0.00014678997379045998,0.02185677380125809
9.886004658100209,-0.00018803150814585348,0.00014678997379045998,0.02185614501048709
9.88730256204761,-0.0001889260596870182,0.00014678997379045998,0.021855298209830214
9.888600447538394,-0.00033840740602285313,0.00014678997379045998,0.021853748711853714
9.889898314521522,-0.00030745596891991467,0.00014678997379045998,0.021851845404637495
9.89119616294596,-0.00021096666307082387,0.00014678997379045998,0.021850296321618768
9.892493992760679,-0.0002512299557691777,0.00014678997379045998,0.02184822634268308
9.893791803914644,-0.00022224656254731662,0.00014678997379045998,0.021846073028393823
9.895089596356819,-0.00020807942915348002,0.00014678997379045998,0.021843836845055177
9.896387370036173,-0.00023704761248243694,0.00014678997379045998,0.02184161199899371
9.897685124901674,-0.00021210639766405456,0.00014678997379045998,0.021840206518925022
9.898982860902285,-0.00010343889168192705,0.00014678997379045998,0.021838599957610574
9.900280577986976,-1.2912225675267008e-05,0.00014678997379045998,0.021836938411580027
9.90157827610471,1.5009701333449504e-05,0.00014678997379045998,0.021834299193032855
9.902875955204456,0.00011575423029806797,0.00014678997379045998,0.021832041288178054
9.90417361523518,-0.00014512617163749825,0.00014678997379045998,0.021829325061183208
9.90547125614585,-0.0002442535694919465,0.00014678997379045998,0.02182716909758585
9.906768877885431,-0.00011111255380369736,0.00014678997379045998,0.021824838298591998
9.908066480402889,-5.1971962625255164e-05,0.00014678997379045998,0.021822533117576762
9.909364063647194,-0.00018453608158170223,0.00014678997379045998,0.021820205312824203
9.91066162756731,-0.0003598875642887543,0.00014678997379045998,0.02181794290853802
9.9119591721122,-0.0003820852149361599,0.00014678997379045998,0.021815801090638454
9.913256697230837,-0.00032475590983937,0.00014678997379045998,0.021813914833748435
9.914554202872186,-0.0001889061886291947,0.00014678997379045998,0.02181157156993852
9.91585168898521,-4.698061557614763e-05,0.00014678997379045998,0.021809198604409146
9.917149155518882,5.743332073965268e-05,0.00014678997379045998,0.02180679547540689
9.91844660242216,-0.0002075612362830194,0.00014678997379045998,0.021804361713151407
9.919744029644018,-0.00030486476296713583,0.00014678997379045998,0.02180194913499047
9.92104143713342,-0.00023538555419674867,0.00014678997379045998,0.021799668006247046
9.922338824839334,-0.00016683830485896348,0.00014678997379045998,0.021797515795749872
9.923636192710722,-0.00016520188466287444,0.00014678997379045998,0.021795490004312044
9.924933540696559,-5.721087131783931e-05,0.00014678997379045998,0.021793588164730163
9.926230868745801,-4.855627003132884e-05,0.00014678997379045998,0.021791807841784312
9.927528176807423,-0.00011488765220402444,0.00014678997379045998,0.021789913639954778
9.928825464830386,-0.00015212179054012454,0.00014678997379045998,0.021787798165500666
9.930122732763662,-0.00018915255154206348,0.00014678997379045998,0.021785753405692842
9.931419980556212,-9.948204941650704e-05,0.00014678997379045998,0.02178378336139093
9.932717208157008,-6.277269135901778e-05,0.00014678997379045998,0.02178171971969766
9.934014415515012,-0.00010292933958615941,0.00014678997379045998,0.02177956054206422
9.935311602579196,-5.187637869853018e-05,0.00014678997379045998,0.021776772699224588
9.936608769298518,-7.213171755354741e-05,0.00014678997379045998,0.021774297302851877
9.937905915621954,8.788498412280049e-05,0.00014678997379045998,0.021772147163919797
9.939203041498466,0.00010801090797263324,0.00014678997379045998,0.021770027737004774
9.94050014687702,3.7255322039166094e-05,0.00014678997379045998,0.021767941328599643
9.941797231706584,2.031816683251142e-05,0.00014678997379045998,0.021765805756781137
9.943094295936122,-0.0001290800873953793,0.00014678997379045998,0.02176362041380997
9.944391339514606,-0.00022552460545416722,0.00014678997379045998,0.02176093460040985
9.945688362390998,-0.000314587944459134,0.00014678997379045998,0.021758284042815622
9.946985364514266,-0.00013770987545660973,0.00014678997379045998,0.021755397406678752
9.948282345833377,-0.00011166323189004332,0.00014678997379045998,0.021752733532228986
9.949579306297297,6.872415559556685e-05,0.00014678997379045998,0.02175030612378985
9.950876245854994,-7.57889174033688e-05,0.00014678997379045998,0.021747855969365116
9.95217316445543,-0.00014972614901084813,0.00014678997379045998,0.021745794427288218
9.953470062047579,-0.00014984334215144973,0.00014678997379045998,0.021743867912746875
9.954766938580402,-0.00019990835602689758,0.00014678997379045998,0.021741732655844042
9.956063794002866,-0.0002821372641014855,0.00014678997379045998,0.021739090430553384
9.95736062826394,-8.568815240350344e-05,0.00014678997379045998,0.021736090401543787
9.95865744131259,3.6424862086131826e-06,0.00014678997379045998,0.021732728159504278
9.959954233097783,8.867765018499146e-06,0.00014678997379045998,0.02172848960660909
9.961251003568481,4.0204344339867665e-05,0.00014678997379045998,0.021725068792005506
9.962547752673656,-8.60469335052863e-05,0.00014678997379045998,0.021721909111613515
9.963844480362276,-0.00018709308690556536,0.00014678997379045998,0.021718538636272832
9.9651411865833,-0.00014157267087088268,0.00014678997379045998,0.021715413261549167
9.9664378712857,3.273758789421738e-05,0.00014678997379045998,0.02171234533679822
9.967734534418442,1.3998763486660487e-05,0.00014678997379045998,0.02170904773399473
9.969031175930493,-0.0002218574714169426,0.00014678997379045998,0.021705882690166347
9.97032779577082,-7.18270468748547e-05,0.00014678997379045998,0.021702319093137547
9.971624393888384,-0.00022583221082961985,0.00014678997379045998,0.021699568662977002
9.97292097023216,-3.569349806997399e-05,0.00014678997379045998,0.021696988285804554
9.97421752475111,-9.51605175608626e-05,0.00014678997379045998,0.021694387829144884
9.975514057394202,4.759572653328242e-05,0.00014678997379045998,0.02169176800095781
9.976810568110398,-6.37899364481706e-06,0.00014678997379045998,0.021689129502038485
9.978107056848675,3.356311145576857e-05,0.00014678997379045998,0.02168647302601742
9.979403523557986,-0.0001505972941002673,0.00014678997379045998,0.02168379925936067
9.98069996818731,-0.00015810077265435152,0.00014678997379045998,0.021681108881370006
9.981996390685604,-9.098597558994045e-05,0.00014678997379045998,0.021678402564182714
9.983292791001842,3.1602756498660955e-06,0.00014678997379045998,0.021675446370395122
9.984589169084986,3.007458406233815e-05,0.00014678997379045998,0.02167223281459748
9.985885524884004,5.3711358523018254e-05,0.00014678997379045998,0.021668754347552766
9.987181858347864,-0.00012756494077870162,0.00014678997379045998,0.02166576758935051
9.98847816942553,-0.00022741680588218502,0.00014678997379045998,0.02166290589921276
9.989774458065968,-0.00017203629976275323,0.00014678997379045998,0.02166017486739715
9.991070724218151,-0.00014237245645129862,0.00014678997379045998,0.021657148831600262
9.992366967831037,-0.00022013454988079745,0.00014678997379045998,0.02165382763322868
9.9936631888536,-0.00010666770648321694,0.00014678997379045998,0.0216502015463321
9.9949593872348,-0.00015262608670772726,0.00014678997379045998,0.02164635336387641
9.99625556292361,-0.0002126681602241387,0.00014678997379045998,0.021642854387799483
9.99755171586899,-0.00015326962304894332,0.00014678997379045998,0.02163971796707909
9.998847846019913,-9.984684499602867e-05,0.00014678997379045998,0.021636639785374518
10.00014395332534,-0.0001089918752918903,0.00014678997379045998,0.021633622337848046
10.001440037734241,-0.0001014708119261229,0.00014678997379045998,0.021630365840820624
10.002736099195586,-0.00022639463291935016,0.00014678997379045998,0.021628077971750134
10.004032137658331,6.56406245184045e-05,0.00014678997379045998,0.02162595540172615
10.005328153071453,-8.779283462052867e-07,0.00014678997379045998,0.0216228530758774
10.006624145383915,2.9075880083846012e-05,0.00014678997379045998,0.02161965198549602
10.007920114544682,-5.5233353219674014e-05,0.00014678997379045998,0.02161643103673226
10.009216060502721,-0.00014342046671307618,0.00014678997379045998,0.021612581911499028
10.010511983207001,9.03692591200829e-05,0.00014678997379045998,0.021609454578549344
10.011807882606487,2.3348902581515896e-05,0.00014678997379045998,0.02160642322198471
10.013103758650145,-0.00014216072158118598,0.00014678997379045998,0.021603491742264183
10.014399611286944,-0.0001985565155180405,0.00014678997379045998,0.021600664059041264
10.015695440465846,-0.0001883907102059497,0.00014678997379045998,0.021597850490494216
10.016991246135822,-0.00015841522781815873,0.00014678997379045998,0.02159505174511541
10.018287028245837,-9.299728515635777e-05,0.00014678997379045998,0.021592268527981958
10.019582786744857,-0.00018321696371424376,0.00014678997379045998,0.021589501540755545
10.02087852158185,-0.00011144761858818131,0.00014678997379045998,0.021586811177333017
10.022174232705781,-0.0001922290158988052,0.00014678997379045998,0.02158419601556838
10.023469920065619,-0.0001658090882981772,0.00014678997379045998,0.021581654644864535
10.024765583610328,9.513572542377974e-05,0.00014678997379045998,0.021579185666173433
10.026061223288876,8.457850011127713e-05,0.00014678997379045998,0.02157678769199616
10.02735683905023,-1.2706543072428522e-05,0.00014678997379045998,0.021574698127888866
10.028652430843355,-0.00028586557175451846,0.00014678997379045998,0.02157290714158537
10.029947998617216,-0.00010880680886548796,0.00014678997379045998,0.02157080691129521
10.031243542320786,-0.000184291639527788,0.00014678997379045998,0.02156820414114971
10.032539061903027,-0.0002716743988658149,0.00014678997379045998,0.021566085202492775
10.033834557312906,-0.0001863091907281407,0.00014678997379045998,0.021563565275696917
10.035130028499388,-0.0001931048554820597,0.00014678997379045998,0.021560761067552142
10.036425475411443,-0.0002489881275869292,0.00014678997379045998,0.021558705059285733
10.037720897998037,-0.00036747521885460363,0.00014678997379045998,0.02155678707869273
10.039016296208137,-0.0004168002557460408,0.00014678997379045998,0.021554687276082077
10.040311669990704,-0.0001211415244786393,0.00014678997379045998,0.02155234092971653
10.04160701929471,6.465648480930702e-05,0.00014678997379045998,0.021549280288025514
10.042902344069121,-1.0944957603061661e-05,0.00014678997379045998,0.02154654689607108
10.044197644262905,-2.9483262781147823e-05,0.00014678997379045998,0.021543861456128598
10.045492919825024,-1.9834041442925304e-05,0.00014678997379045998,0.02154122606700436
10.04678817070445,-6.10300658282284e-05,0.00014678997379045998,0.021538800413196224
10.048083396850144,9.223382301561112e-07,0.00014678997379045998,0.021536398270158096
10.049378598211078,-4.409410806258812e-05,0.00014678997379045998,0.021534211181213427
10.050673774736214,-9.412481915174742e-05,0.00014678997379045998,0.021531877220395696
10.051968926374522,-0.00021508524134084342,0.00014678997379045998,0.02152973132361124
10.053264053074967,-0.00016571736375357166,0.00014678997379045998,0.021528142114346772
10.054559154786517,-9.633259062517135e-05,0.00014678997379045998,0.021526068945441082
10.055854231458135,-0.00014026594992139554,0.00014678997379045998,0.021524852087894283
10.057149283038791,-9.313663136223393e-06,0.00014678997379045998,0.021523174973392137
10.058444309477453,0.00011117037311822453,0.00014678997379045998,0.02152095338197026
10.059739310723081,-0.00018046714922419216,0.00014678997379045998,0.02151870468348377
10.06103428672465,-0.00027253398877051874,0.00014678997379045998,0.02151648966860747
10.06232923743112,-0.0003898832968449416,0.00014678997379045998,0.021514308664168258
10.063624162791461,-0.0003192314688094562,0.00014678997379045998,0.021512161994980777
10.064919062754639,-0.00026030480844285026,0.00014678997379045998,0.021510049983847035
10.06621393726962,-0.00019798689712689777,0.00014678997379045998,0.021507972951556896
10.06750878628537,-0.0003929380405038978,0.00014678997379045998,0.021505931216887392
10.068803609750859,-0.0004884142659084094,0.00014678997379045998,0.02150392509660377
10.070098407615049,-0.00043958996782498747,0.00014678997379045998,0.021501781594102536
10.071393179826908,-0.0004061840518069827,0.00014678997379045998,0.02149949261997322
10.072687926335405,-0.00015300682646880379,0.00014678997379045998,0.021497050041264044
10.073982647089505,-0.00018710330163501307,0.00014678997379045998,0.021494445681482198
10.075277342038174,-0.00034841452778795745,0.00014678997379045998,0.02149204292062931
10.07657201113038,-0.00020487663142278872,0.00014678997379045998,0.02149019932253073
10.077866654315088,-0.00017779411584683755,0.00014678997379045998,0.021488196567047355
10.079161271541263,-0.00011872466106811405,0.00014678997379045998,0.021486246442835033
10.080455862757876,-0.00019635012704106308,0.00014678997379045998,0.021484389767405007
10.081750427913892,-0.000362348242110358,0.00014678997379045998,0.021482398544837022
10.083044966958276,-0.00015066819616734242,0.00014678997379045998,0.02148056088699992
10.084339479839997,-0.0001211459455281727,0.00014678997379045998,0.02147871550893271
10.085633966508018,-0.00017055161753395248,0.00014678997379045998,0.021476861776026326
10.086928426911312,-0.00026209964623089346,0.00014678997379045998,0.021474999042706215
10.088222860998837,-0.00020147543436642781,0.00014678997379045998,0.021473126652432964
10.089517268719566,-0.00020811226049311307,0.00014678997379045998,0.021471243937702323
10.090811650022463,-0.0001677278881772118,0.00014678997379045998,0.021469416782213063
10.092106004856499,-0.0001639730937475388,0.00014678997379045998,0.021467776656786897
10.093400333170633,-9.567987070326078e-05,0.00014678997379045998,0.021466325186106965
10.094694634913838,-0.00022930700506490487,0.00014678997379045998,0.021464566805663072
10.095988910035075,-0.0003117371738846006,0.00014678997379045998,0.02146248416759498
10.097283158483318,-0.00028710125589700985,0.00014678997379045998,0.021460358038029117
10.098577380207525,-0.00018787363897214415,0.00014678997379045998,0.021458293398142234
10.099871575156671,-1.537596410452341e-05,0.00014678997379045998,0.02145634658148706
10.101165743279713,7.409299984622794e-05,0.00014678997379045998,0.021454964248067275
10.10245988452563,-9.71809980314757e-05,0.00014678997379045998,0.021453770828134294
10.103753998843375,-0.0001826723047063314,0.00014678997379045998,0.02145275829370637
10.105048086181926,-0.0001686416345815095,0.00014678997379045998,0.02145080779858366
10.106342146490242,-6.295639651216628e-05,0.00014678997379045998,0.021449337758772037
10.107636179717296,0.00012902676005973474,0.00014678997379045998,0.02144768784961378
10.108930185812047,-0.00015464950953133355,0.00014678997379045998,0.02144622915199021
10.11022416472347,-0.00028042865304244227,0.00014678997379045998,0.02144477790388564
10.111518116400523,-0.00016504011524439907,0.00014678997379045998,0.021443336407971043
10.112812040792182,1.0957817544021003e-05,0.00014678997379045998,0.0214419069607107
10.114105937847404,8.933713697072826e-06,0.00014678997379045998,0.021440491852362208
10.11539980751516,8.335962660047103e-05,0.00014678997379045998,0.021439134897057986
10.116693649744418,-2.2789000003582693e-05,0.00014678997379045998,0.021437836899878472
10.117987464484147,7.119616590811617e-05,0.00014678997379045998,0.021436598670107512
10.119281251683304,-6.438645752939245e-05,0.00014678997379045998,0.021435378613658195
10.120575011290866,2.1420561542154215e-05,0.00014678997379045998,0.021434176076399167
10.121868743255794,5.3526181172967174e-05,0.00014678997379045998,0.02143305269304272
10.123162447527054,-2.7088424884708778e-05,0.00014678997379045998,0.02143200558825545
10.124456124053616,-6.0198907035111104e-05,0.00014678997379045998,0.021430952877801928
10.125749772784443,-5.07041033553611e-05,0.00014678997379045998,0.02142989450771074
10.127043393668506,-0.0001397304839219314,0.00014678997379045998,0.021428830413785484
10.128336986654768,-0.0001815294621067727,0.00014678997379045998,0.021427760521605162
10.129630551692197,-0.00025648490704707413,0.00014678997379045998,0.02142668474652451
10.130389222779602,-0.00020152069975314102,0.00014678997379045998,0.021425117152442302
10.131689937572917,-0.00023305624624633467,0.00014678997379045998,0.0214237452709766
10.132990649710308,-0.00026817478528285213,0.00014678997379045998,0.021422656659878934
10.134291359196387,-0.00025434014001624733,0.00014678997379045998,0.021421982611438354
10.135592066035773,-0.0003189636246056296,0.00014678997379045998,0.021421229500779862
10.136892770233077,-0.00033625652927040187,0.00014678997379045998,0.021420402301431097
10.138193471792917,-0.0001577983538306807,0.00014678997379045998,0.02141992436145302
10.13949417071991,-0.00023859691190250554,0.00014678997379045998,0.021419283082888676
10.140794867018665,-0.0001426280341175236,0.00014678997379045998,0.021418022894685963
10.142095560693804,-0.00019719598910918762,0.00014678997379045998,0.021417109569032998
10.143396251749937,-0.0001928752656300929,0.00014678997379045998,0.021416473815211483
10.144696940191684,-0.00021948996369912377,0.00014678997379045998,0.021415808112109854
10.145997626023656,-0.0002112637881800175,0.00014678997379045998,0.021415726210241442
10.14729830925047,-0.00014163556791629145,0.00014678997379045998,0.021415419086314225
10.148598989876744,-0.00011776985509991122,0.00014678997379045998,0.021415265159473756
10.149899667907087,-0.0002578929745458182,0.00014678997379045998,0.021415348827020602
10.15120034334612,-0.00011092668465328276,0.00014678997379045998,0.021414982041743753
10.152501016198457,-7.227524642520675e-05,0.00014678997379045998,0.02141448794193831
10.153801686468713,7.758245874996822e-05,0.00014678997379045998,0.021413718534376777
10.1551023541615,0.00011365699426754,0.00014678997379045998,0.02141308138503499
10.156403019281438,-1.0050551870526003e-05,0.00014678997379045998,0.021412571495485675
10.157703681833139,-0.00013454660595412643,0.00014678997379045998,0.021411898966353052
10.15900434182122,4.202058952785387e-06,0.00014678997379045998,0.02141135556234552
10.160304999250295,-4.2212261232046216e-05,0.00014678997379045998,0.021410939100073273
10.161605654124982,1.4697315286534007e-05,0.00014678997379045998,0.021410931256208864
10.162906306449894,0.00010422129275549849,0.00014678997379045998,0.0214108753841052
10.164206956229647,7.546510828499928e-05,0.00014678997379045998,0.021410775140755678
10.165507603468853,9.151339425140029e-05,0.00014678997379045998,0.021410634167416814
10.166808248172133,1.438351145366043e-05,0.00014678997379045998,0.0214104560896087
10.168108890344097,3.0210383003131946e-05,0.00014678997379045998,0.02141016520946302
10.169409529989366,-2.2421514113950963e-05,0.00014678997379045998,0.021409677845705157
10.17071016711255,-0.0001640748226065039,0.00014678997379045998,0.02140928183763027
10.172010801718267,-0.00012817258001346019,0.00014678997379045998,0.0214089702798289
10.173311433811131,-0.00010854102523050885,0.00014678997379045998,0.021408736280872236
10.174612063395758,-0.00020269330724558346,0.00014678997379045998,0.02140871918065166
10.175912690476762,-8.137576253785736e-05,0.00014678997379045998,0.021408898525171322
10.17721331505876,-0.0001529956697897336,0.00014678997379045998,0.021408780532748854
10.178513937146365,-0.00018828121749012508,0.00014678997379045998,0.021408616273867805
10.179814556744194,-8.754530085057152e-05,0.00014678997379045998,0.0214081692055989
10.181115173856865,-9.572468187326114e-05,0.00014678997379045998,0.021407705829855923
10.182415788488989,-8.263045228980304e-05,0.00014678997379045998,0.02140733666364387
10.183716400645181,-6.456213281987727e-05,0.00014678997379045998,0.02140706162999061
10.185017010330059,-0.00019739317768761172,0.00014678997379045998,0.021406700746810458
10.186317617548237,-0.0003838956490735401,0.00014678997379045998,0.021406281424287497
10.187618222304332,-0.00042155589871155363,0.00014678997379045998,0.021405799516989562
10.188918824602954,-0.0002391539941299023,0.00014678997379045998,0.021405436641936147
10.190219424448724,-0.00012490855304741685,0.00014678997379045998,0.021405195055130808
10.191520021846257,-3.0713698710375936e-05,0.00014678997379045998,0.021405076799127655
10.192820616800164,-0.00020524444838489891,0.00014678997379045998,0.021405019352348842
10.194121209315064,-3.3799262865487345e-06,0.00014678997379045998,0.021405022794496156
10.195421799395572,7.876744633745353e-05,0.00014678997379045998,0.02140502238304879
10.196722387046298,3.339502900050542e-05,0.00014678997379045998,0.021405015960003958
10.198022972271865,5.0353549298703254e-05,0.00014678997379045998,0.02140500135777077
10.199323555076884,1.7997252490294796e-05,0.00014678997379045998,0.021404976399171396
10.200624135465972,0.00011897330570131287,0.00014678997379045998,0.02140503564770754
10.201924713443741,3.475232176882587e-05,0.00014678997379045998,0.021405173024568402
10.20322528901481,-5.768282685819984e-05,0.00014678997379045998,0.02140538945353008
10.204525862183793,-6.554978522298888e-05,0.00014678997379045998,0.021405572448716405
10.205826432955307,-2.6126059959111908e-05,0.00014678997379045998,0.021405761960369217
10.207127001333962,1.155693271216382e-05,0.00014678997379045998,0.0214059564748897
10.20842756732438,-0.00018972968556503836,0.00014678997379045998,0.021406170525456722
10.20972813093117,-0.00013501725489360739,0.00014678997379045998,0.02140640314553965
10.211028692158951,-0.00015195758378541702,0.00014678997379045998,0.021406636319854355
10.212329251012337,-0.0003594000660899245,0.00014678997379045998,0.021406859146284905
10.213629807495945,-0.00030028236523910873,0.00014678997379045998,0.02140706071872863
10.214930361614387,-0.00021381732029589207,0.00014678997379045998,0.021406865210642802
10.216230913372284,-0.00031589452308636995,0.00014678997379045998,0.02140720718620406
10.217531462774243,-0.00025078475993853266,0.00014678997379045998,0.021407495550402767
10.218832009824887,-0.0002061234435263709,0.00014678997379045998,0.021407650602493958
10.220132554528826,-0.0003597491306271648,0.00014678997379045998,0.021407679093669352
10.22143309689068,-0.00040108116837634863,0.00014678997379045998,0.02140758774362269
10.222733636915057,-0.00038158040645754066,0.00014678997379045998,0.021406711007075623
10.224034174606581,-0.0003489543444894494,0.00014678997379045998,0.021405558953024262
10.22533470996986,-0.00020801677562173534,0.00014678997379045998,0.021404562377930612
10.226635243009515,-0.00016470564972172544,0.00014678997379045998,0.02140372687856202
10.227935773730158,-0.00014435653604502954,0.00014678997379045998,0.021403058092825143
10.229236302136403,-0.00019848233767227885,0.00014678997379045998,0.021402561699765017
10.23053682823287,-0.00021288905650755294,0.00014678997379045998,0.021402243419563587
10.231837352024169,-0.0002116686836892423,0.00014678997379045998,0.021401955338608152
10.23313787351492,-0.00024741379256712145,0.00014678997379045998,0.021401697926351805
10.234438392709734,-0.00021441155243265633,0.00014678997379045998,0.021401471656305675
10.23573890961323,-0.0002450311107009724,0.00014678997379045998,0.021401341905574117
10.23703942423002,-0.00034797403791359677,0.00014678997379045998,0.021401234828243777
10.23833993656472,-0.000253288677326647,0.00014678997379045998,0.021401151178989008
10.23964044662195,-0.0004142713304501437,0.00014678997379045998,0.021401026330028675
10.240940954406318,-0.00032626248925901255,0.00014678997379045998,0.02140085877154102
10.242241459922443,-0.0002186904053720455,0.00014678997379045998,0.02140064698020121
10.24354196317494,-8.326989197483814e-05,0.00014678997379045998,0.021400389419181362
10.244842464168425,4.5126645457336384e-05,0.00014678997379045998,0.021400084538151256
10.246142962907511,-0.0001841132133456637,0.00014678997379045998,0.02139973077327837
10.247443459396813,-0.00017980367993846932,0.00014678997379045998,0.021399086448816763
10.24874395364095,-6.779405306065606e-05,0.00014678997379045998,0.02139878583294908
10.250044445644537,-5.981231740049414e-05,0.00014678997379045998,0.02139852586012727
10.251344935412185,1.988657340759939e-05,0.00014678997379045998,0.0213978204942796
10.252645422948511,-0.00010644117029348296,0.00014678997379045998,0.021396660212515208
10.253945908258133,3.280218658203299e-05,0.00014678997379045998,0.021394879474183535
10.255246391345663,0.00014882669377499005,0.00014678997379045998,0.021393327495196193
10.256546872215717,2.568366534722727e-05,0.00014678997379045998,0.02139192914523979
10.257847350872913,6.472772960208761e-05,0.00014678997379045998,0.021391096361684615
10.259147827321861,-2.226430222884712e-05,0.00014678997379045998,0.021390123656228822
10.260448301567182,-0.00010983158774962101,0.00014678997379045998,0.021389005556671867
10.261748773613487,-0.00024246343554485544,0.00014678997379045998,0.021388647329248226
10.263049243465392,-0.00014101664366719668,0.00014678997379045998,0.021388353339760323
10.264349711127515,-0.00012977259300465602,0.00014678997379045998,0.021388124794306507
10.265650176604469,-2.913592111872601e-05,0.00014678997379045998,0.021387865802325132
10.266950639900868,-0.00015095652724957803,0.00014678997379045998,0.021386734334739404
10.268251101021331,1.0534363465704993e-05,0.00014678997379045998,0.021385723182129154
10.26955155997047,8.146263028352418e-05,0.00014678997379045998,0.021384836368910722
10.270852016752901,-8.478015934589717e-05,0.00014678997379045998,0.02138495167106896
10.272152471373241,0.0005107321373843399,0.00014678997379045998,0.021384811165120053
10.273452923836102,0.00037585945274778987,0.00014678997379045998,0.021384887971137273
10.274753374146103,0.00012486602133983393,0.00014678997379045998,0.021384835916542676
10.276053822307858,-8.785024313819403e-05,0.00014678997379045998,0.021384762519654626
10.27735426832598,-0.00024508831387854563,0.00014678997379045998,0.02138547030091594
10.278654712205086,-0.00018708480342581602,0.00014678997379045998,0.02138517025032251
10.27995515394979,-0.0001884430329333192,0.00014678997379045998,0.021384745424217946
10.281255593564712,-0.00029412069459793314,0.00014678997379045998,0.02138391897858018
10.282556031054462,-0.0001401215776647112,0.00014678997379045998,0.021383247021196577
10.283856466423657,-0.00015020772495792992,0.00014678997379045998,0.02138313209042685
10.285156899676913,-0.00016101618932878523,0.00014678997379045998,0.021383069929708832
10.286457330818845,-0.00019531937645480418,0.00014678997379045998,0.02138305920048775
10.287757759854065,-0.0003202937834712073,0.00014678997379045998,0.021383098575714438
10.289058186787194,-0.00023854702125539543,0.00014678997379045998,0.021383421158748285
10.290358611622844,-0.0002588218691765287,0.00014678997379045998,0.021383820979213267
10.29165903436563,-0.00021653030857331224,0.00014678997379045998,0.02138398170912369
10.292959455020167,-0.00024405536227454366,0.00014678997379045998,0.021383903715966573
10.294259873591074,-0.0001530663526929897,0.00014678997379045998,0.021383587312686393
10.29556029008296,-4.301883488269306e-05,0.00014678997379045998,0.021383032757685546
10.296860704500444,-0.0001229868731960973,0.00014678997379045998,0.021382355605403063
10.298161116848144,-0.00014660334176659628,0.00014678997379045998,0.021381560007955946
10.29946152713067,-2.464199899934738e-05,0.00014678997379045998,0.02138065009074353
10.300761935352641,-7.140527879555963e-05,0.00014678997379045998,0.02137978294561453
10.30206234151867,-0.00018915265287262895,0.00014678997379045998,0.02137895721907875
10.303362745633372,-0.0001704391776625805,0.00014678997379045998,0.02137817156927636
10.304663147701364,-0.00011331730107448298,0.00014678997379045998,0.02137806121951439
10.305963547727261,-0.00013654813912965247,0.00014678997379045998,0.02137774215964665
10.307263945715677,-0.000239176282941133,0.00014678997379045998,0.021377221170309883
10.30856434167123,-0.0002034937061656146,0.00014678997379045998,0.021376504987734645
10.309864735598532,-0.00011840606790501293,0.00014678997379045998,0.021375600303745093
10.3111651275022,-7.151630008732021e-05,0.00014678997379045998,0.02137471556952945
10.312465517386848,2.5452947778913104e-05,0.00014678997379045998,0.021373850231725545
10.313765905257092,-0.00011582290599361847,0.00014678997379045998,0.021373003743147344
10.315066291117548,-0.00019961751907172573,0.00014678997379045998,0.021372175562784167
10.316366674972832,-0.00019236997612349233,0.00014678997379045998,0.02137164906713796
10.317667056827558,-0.00010743366238242721,0.00014678997379045998,0.021370971328534834
10.31896743668634,-0.00027681831933206585,0.00014678997379045998,0.02137011802687857
10.320267814553793,-0.0001847847229066099,0.00014678997379045998,0.021369346286106032
10.321568190434535,-0.00023034005992837378,0.00014678997379045998,0.02136823729258406
10.32286856433318,-0.0002877412241000382,0.00014678997379045998,0.021367031418674697
10.324168936254344,-0.00016062803128993192,0.00014678997379045998,0.02136608023008194
10.325469306202642,-0.00012276711282483907,0.00014678997379045998,0.02136539202481753
10.326769674182687,-0.0002573104835059889,0.00014678997379045998,0.02136482168160968
10.328070040199098,-0.0002936478663611991,0.00014678997379045998,0.021364372305778916
10.329370404256489,-0.0002713265857501278,0.00014678997379045998,0.02136396171740969
10.330670766359473,-0.0003662323827367635,0.00014678997379045998,0.021363424266765917
10.331971126512665,-0.00030759327321382146,0.00014678997379045998,0.021362944150516677
10.333271484720685,-0.0003335090714932168,0.00014678997379045998,0.02136231039306761
10.334571840988145,-0.00037646145150255217,0.00014678997379045998,0.021361522592086405
10.33587219531966,-0.0002877571548312932,0.00014678997379045998,0.021360650893361862
10.337172547719845,-0.00017339558442423797,0.00014678997379045998,0.0213597899365335
10.338472898193318,-0.00010127423724843806,0.00014678997379045998,0.021358940115800796
10.339773246744693,-0.00019960227375593817,0.00014678997379045998,0.021358145888505094
10.341073593378582,-0.0002768728015851117,0.00014678997379045998,0.02135778155890664
10.342373938099605,-5.1899732542073224e-05,0.00014678997379045998,0.021357554404225723
10.343674280912374,-3.5332334645851726e-05,0.00014678997379045998,0.021356792896606445
10.344974621821507,-0.0001606247811105077,0.00014678997379045998,0.021356116394469257
10.346274960831618,-0.00034155388740263193,0.00014678997379045998,0.021355699930709952
10.347575297947321,-0.0001435957725834519,0.00014678997379045998,0.02135553860398926
10.348875633173233,-1.6921438942513883e-05,0.00014678997379045998,0.021355026354199693
10.35017596651397,-0.00013367634040790596,0.00014678997379045998,0.02135452948118942
10.351476297974143,-0.00028243568983600184,0.00014678997379045998,0.02135404812010697
10.35277662755837,-0.00016515684076848225,0.00014678997379045998,0.021353582414393814
10.35407695527127,-0.00022178348443742738,0.00014678997379045998,0.021352800211476085
10.355377281117452,-0.00011818450853811821,0.00014678997379045998,0.02135201624220707
10.356677605101533,-3.463456692669176e-05,0.00014678997379045998,0.021351260391837636
10.35797792722813,-0.0001071603589725377,0.00014678997379045998,0.021350532773391672
10.359278247501859,-0.00032013533336179914,0.00014678997379045998,0.021349833507993944
10.360578565927332,-0.0003411848727443885,0.00014678997379045998,0.021349162724870762
10.361878882509167,-0.0003083415394354687,0.00014678997379045998,0.021348511068227268
10.363179197251977,-9.52350136427041e-06,0.00014678997379045998,0.021347878353888093
10.36447951016038,3.153889161659415e-05,0.00014678997379045998,0.02134726440348262
10.36577982123899,-8.77119323491396e-05,0.00014678997379045998,0.02134753903561735
10.36708013049242,-0.00013454980176533932,0.00014678997379045998,0.021347529122870367
10.368380437925289,-0.00024310458487846257,0.00014678997379045998,0.021347761552364092
10.36968074354221,-0.00021519672933588418,0.00014678997379045998,0.021347338880082507
10.3709810473478,-3.874244895833018e-05,0.00014678997379045998,0.021346996409130223
10.372281349346673,-8.336703883814536e-05,0.00014678997379045998,0.02134574111731065
10.373581649543441,-1.9099333724292844e-07,0.00014678997379045998,0.021344324123621566
10.374881947942727,-0.00022472940945337735,0.00014678997379045998,0.02134355387472511
10.37618224454914,-9.436476506540989e-05,0.00014678997379045998,0.02134281624324945
10.377482539367296,-0.00011181633141687727,0.00014678997379045998,0.02134211393974209
10.378782832401813,-0.00015872474688404317,0.00014678997379045998,0.02134144968748414
10.380083123657306,-0.0002074900786277964,0.00014678997379045998,0.021340773865079557
10.381383413138387,-5.0594053214635115e-05,0.00014678997379045998,0.021340087403408613
10.382683700849674,6.981980986618674e-05,0.00014678997379045998,0.02133939123341958
10.38398398679578,-3.5127720511771154e-06,0.00014678997379045998,0.021338686286128682
10.385284270981323,2.3645614778994295e-05,0.00014678997379045998,0.02133797349261993
10.386584553410918,0.00016452020465974534,0.00014678997379045998,0.02133725378404527
10.38788483408918,-6.16075283347943e-05,0.00014678997379045998,0.021336528091624667
10.389185113020721,-0.00012062598384917494,0.00014678997379045998,0.02133579734664584
10.39048539021016,-0.0001620850357741191,0.00014678997379045998,0.021335000652986696
10.39178566566211,-0.0001561638021269525,0.00014678997379045998,0.021334136795397456
10.393085939381189,-0.00018489397876978939,0.00014678997379045998,0.021333204543739673
10.394386211372009,-0.00026266910425539955,0.00014678997379045998,0.021332235121770415
10.395686481639189,-0.0001784596394614514,0.00014678997379045998,0.021331226118172276
10.39698675018734,-0.00020358380299618714,0.00014678997379045998,0.02132992780610133
10.39828701702108,-0.0003458484495983405,0.00014678997379045998,0.02132832917408052
10.399587282145024,-0.00021950769469189849,0.00014678997379045998,0.021327038562699734
10.400887545563789,-0.00033952509625960123,0.00014678997379045998,0.02132621068393383
10.402187807281985,-0.00034968058989979026,0.00014678997379045998,0.02132485401455036
10.403488067304233,-0.00015828294541730958,0.00014678997379045998,0.02132384435671789
10.404788325635144,2.0869187623145935e-07,0.00014678997379045998,0.021323083040516173
10.406088582279335,4.22632513238097e-05,0.00014678997379045998,0.021321515166235934
10.407388837241422,-5.390897450407994e-05,0.00014678997379045998,0.02131971254971946
10.40868909052602,-7.550349191223424e-05,0.00014678997379045998,0.02131798847932478
10.409989342137742,-4.831148927177814e-05,0.00014678997379045998,0.02131661554861822
10.411289592081207,-7.721933507504053e-05,0.00014678997379045998,0.02131590089479327
10.412589840361028,3.842325204687219e-05,0.00014678997379045998,0.021315136415293527
10.413890086981821,0.00015052255093847902,0.00014678997379045998,0.02131432471252714
10.4151903319482,7.825218588366697e-05,0.00014678997379045998,0.02131345800885704
10.416490575264781,-0.00017503241644858947,0.00014678997379045998,0.02131244693841965
10.41779081693618,-0.000115194208589596,0.00014678997379045998,0.021311375101698657
10.419091056967012,-0.00022658551535987767,0.00014678997379045998,0.021310047287009488
10.42039129536189,-0.00023924102015331766,0.00014678997379045998,0.021309124941991872
10.421691532125433,-8.026657382467425e-05,0.00014678997379045998,0.021308563011736992
10.422991767262255,3.3974177922821425e-05,0.00014678997379045998,0.021306928349929772
10.424292000776969,0.0001582680022714847,0.00014678997379045998,0.021305562601467234
10.425592232674193,0.00017429800106372878,0.00014678997379045998,0.02130362039300487
10.426892462958541,0.00014069223295247804,0.00014678997379045998,0.021302394903175485
10.42819269163463,8.439579456881105e-05,0.00014678997379045998,0.021301996616592708
10.429492918707071,1.7292212724871053e-05,0.00014678997379045998,0.021300940139943363
10.430793144180484,-0.0002272659645687486,0.00014678997379045998,0.021299947946197807
10.432093368059483,-0.00029356886903209034,0.00014678997379045998,0.02129968766853315
10.43339359034868,-0.0002940405967794442,0.00014678997379045998,0.021299083003756852
10.434693811052695,-0.0002449775317359612,0.00014678997379045998,0.021297894037250527
10.43599403017614,-0.0001922161833701648,0.00014678997379045998,0.021296781342516707
10.437294247723633,-0.0001475699192378284,0.00014678997379045998,0.02129574239947816
10.438594463699788,-0.00012261879462914863,0.00014678997379045998,0.02129436783670669
10.439894678109217,-0.0001494759352140551,0.00014678997379045998,0.021292913266044045
10.44119489095654,-0.00012013882840745602,0.00014678997379045998,0.02129156750863265
10.44249510224637,-3.751175969443632e-06,0.00014678997379045998,0.021290324633138374
10.443795311983324,1.7461964941893615e-06,0.00014678997379045998,0.02128917873604169
10.445095520172014,2.4331329369645105e-05,0.00014678997379045998,0.021288123941637458
10.446395726817059,-9.671081284520072e-06,0.00014678997379045998,0.02128770727455193
10.447695931923072,-6.513957792359318e-05,0.00014678997379045998,0.021286676652608878
10.448996135494667,-4.5860233246132476e-05,0.00014678997379045998,0.021285442234089298
10.450296337536464,-4.563634227138999e-05,0.00014678997379045998,0.021283904237959343
10.451596538053073,-2.6096359203368197e-05,0.00014678997379045998,0.02128233330381913
10.452896737049114,-0.0001435273528311437,0.00014678997379045998,0.02128096519468857
10.454196934529197,-0.0002007735797014791,0.00014678997379045998,0.02127946457153288
10.455497130497942,-0.00037008512790501213,0.00014678997379045998,0.021277977956678462
10.456797324959963,-0.0003013681252614364,0.00014678997379045998,0.021276505526900184
10.458097517919873,-0.0001317573269707696,0.00014678997379045998,0.021275047463675832
10.459397709382287,-0.00014095884197140932,0.00014678997379045998,0.021273603953186383
10.460697899351826,-0.000249397062216071,0.00014678997379045998,0.021272106247106622
10.4619980878331,-0.0003861376475096448,0.00014678997379045998,0.021270552147414756
10.463298274830727,-0.00020961094096871163,0.00014678997379045998,0.021268939444114787
10.46459846034932,-6.92892759140036e-05,0.00014678997379045998,0.021267239472620315
10.465898644393494,9.521329616526963e-06,0.00014678997379045998,0.02126544908088365
10.467198826967866,-4.806181931234915e-05,0.00014678997379045998,0.02126356509848627
10.468499008077053,-0.00011026905434868492,0.00014678997379045998,0.021261910774505302
10.469799187725666,-0.000174065130061192,0.00014678997379045998,0.02126049423589592
10.471099365918324,-0.00017891142016563874,0.00014678997379045998,0.02125888193220977
10.47239954265964,-0.00026045252795325186,0.00014678997379045998,0.021257066774191476
10.473699717954227,-0.0003126900735462741,0.00014678997379045998,0.021255015879689896
10.474999891806705,-0.00034917918138019713,0.00014678997379045998,0.021253368166231214
10.47630006422169,-0.0001754208782125781,0.00014678997379045998,0.02125159368530222
10.477600235203791,2.7717711937498557e-05,0.00014678997379045998,0.021250023495684913
10.478900404757628,-0.00016276303461362773,0.00014678997379045998,0.02124829115799101
10.480200572887815,-0.00014290968519916833,0.00014678997379045998,0.021246578553656168
10.48150073959897,-1.9426815859011765e-05,0.00014678997379045998,0.021244887915265756
10.4828009048957,3.9753113639171e-05,0.00014678997379045998,0.021243221481675723
10.48410106878263,-5.179242407374329e-05,0.00014678997379045998,0.021241581498012713
10.485401231264373,-5.1027218913271555e-05,0.00014678997379045998,0.02123992720248684
10.48670139234554,-8.114224512872914e-05,0.00014678997379045998,0.02123825935932058
10.488001552030747,-7.756413778921972e-05,0.00014678997379045998,0.021236637181895484
10.489301710324614,-0.0003412883870037402,0.00014678997379045998,0.021235059353319423
10.490601867231751,-0.00013799268227708203,0.00014678997379045998,0.021233524567215504
10.491902022756777,-8.55655378406324e-05,0.00014678997379045998,0.021231967008195844
10.493202176904306,-5.923673987179995e-06,0.00014678997379045998,0.02123038315075375
10.494502329678953,0.00011240660139589728,0.00014678997379045998,0.021228851304650794
10.495802481085335,1.3852101145763601e-05,0.00014678997379045998,0.021227370775745776
10.497102631128062,-9.136760105990863e-05,0.00014678997379045998,0.02122594088460349
10.498402779811753,-3.7071091327403605e-05,0.00014678997379045998,0.021224560966493815
10.499702927141028,0.00011113870510103332,0.00014678997379045998,0.021223230371392423
10.501003073120494,-3.013586247334679e-05,0.00014678997379045998,0.02122194846398015
10.50230321775477,-0.0001895677962773304,0.00014678997379045998,0.0212209171321616
10.50360336104847,-6.451183679336697e-05,0.00014678997379045998,0.021220018926277635
10.50490350300621,2.030871761247305e-05,0.00014678997379045998,0.021218598354414225
10.506203643632606,8.546149140925552e-05,0.00014678997379045998,0.021217007112934328
10.507503782932273,-4.7748562741454365e-05,0.00014678997379045998,0.021215606141983517
10.508803920909827,-8.879892248200502e-05,0.00014678997379045998,0.021213963782170893
10.510104057569883,3.139458555412658e-05,0.00014678997379045998,0.02121258735339044
10.511404192917054,2.9993560834093436e-06,0.00014678997379045998,0.021211370888736515
10.512704326955957,-6.809357146799269e-05,0.00014678997379045998,0.02120985407746327
10.514004459691206,-0.00011823592360100249,0.00014678997379045998,0.021208094642065016
10.51530459112742,-0.00021867793165413277,0.00014678997379045998,0.021206401635511234
10.516604721269209,-0.0002461768666349347,0.00014678997379045998,0.02120415201604727
10.517904850121191,-0.00021659549884801843,0.00014678997379045998,0.021202203982106396
10.519204977687982,-0.00021823223797681757,0.00014678997379045998,0.021200114143139295
10.520505103974198,-0.00020055976684940635,0.00014678997379045998,0.021197785072577628
10.52180522898445,-4.605665872229464e-05,0.00014678997379045998,0.021195912917552708
10.523105352723357,-0.00012085980291475645,0.00014678997379045998,0.021194351282153415
10.524405475195532,-0.00022651852064115366,0.00014678997379045998,0.021193099598136762
10.525705596405594,-0.00030810917479340283,0.00014678997379045998,0.02119187300905087
10.527005716358154,-0.0003359062997005634,0.00014678997379045998,0.021190661238075423
10.52830583505783,-0.0002349704801059109,0.00014678997379045998,0.02118970344334757
10.529605952509236,-0.0002496485208668825,0.00014678997379045998,0.021188311221521986
10.530906068716988,-0.0002991646994138057,0.00014678997379045998,0.021187487938738755
10.5322061836857,-0.0003481596889981717,0.00014678997379045998,0.02118545738235106
10.533506297419988,5.012132025579777e-05,0.00014678997379045998,0.021183252823441318
10.534806409924467,-0.00021475021294458177,0.00014678997379045998,0.021181093129944935
10.536106521203754,-0.00021702849830441615,0.00014678997379045998,0.021178981461955442
10.537406631262462,-0.0002866277330280942,0.00014678997379045998,0.021176920998702387
10.538706740105207,-0.00022430030379504834,0.00014678997379045998,0.0211750085033629
10.540006847736603,-8.03780064940994e-05,0.00014678997379045998,0.021173249640253963
10.54130695416127,-0.00013770824585987787,0.00014678997379045998,0.021171355357302548
10.542607059383817,-0.00015463660536759252,0.00014678997379045998,0.021169321168327874
10.543907163408862,6.595336126541396e-06,0.00014678997379045998,0.02116714255771221
10.545207266241023,-8.78931010588474e-05,0.00014678997379045998,0.021164814980400532
10.54650736788491,-7.332120172374307e-06,0.00014678997379045998,0.021162353193440796
10.547807468345143,6.0852482430567845e-05,0.00014678997379045998,0.021160042024513725
10.549107567626335,-0.00023123535933314288,0.00014678997379045998,0.021157946518169046
10.5504076657331,-0.00040128743950695184,0.00014678997379045998,0.021156074835710963
10.551707762670057,-0.00035045261479298845,0.00014678997379045998,0.02115416466801822
10.553007858441818,-0.0003995847489582961,0.00014678997379045998,0.021152214902108387
10.554307953053,-0.0002768199242187651,0.00014678997379045998,0.021150224418915956
10.555608046508215,-0.00020846353409998547,0.00014678997379045998,0.021148445052540255
10.556908138812084,-0.00031347159931041993,0.00014678997379045998,0.021146714732257713
10.558208229969217,-0.0003301880268946518,0.00014678997379045998,0.021144855315566254
10.559508319984232,-0.00012940417984199162,0.00014678997379045998,0.0211432634815524
10.560808408861744,-0.00010654159949372369,0.00014678997379045998,0.021142228811866004
10.562108496606369,-0.00017251971589642145,0.00014678997379045998,0.02114065790210736
10.563408583222719,-0.00022633106262400643,0.00014678997379045998,0.021138801403728667
10.564708668715411,-0.00020281463477476655,0.00014678997379045998,0.021136767857467823
10.566008753089063,-0.0001556349675808505,0.00014678997379045998,0.021134895361714878
10.567308836348289,-0.00012175952177105598,0.00014678997379045998,0.021133177259818108
10.568608918497699,-3.7358667153999936e-05,0.00014678997379045998,0.02113139557110922
10.569908999541916,-0.00012169227450458536,0.00014678997379045998,0.02112955122169296
10.57120907948555,-0.0001526177852489083,0.00014678997379045998,0.021128595099198236
10.572509158333219,-0.00012481289433266193,0.00014678997379045998,0.021127340477439093
10.573809236089536,9.675242748800883e-06,0.00014678997379045998,0.02112578740428081
10.575109312759118,-4.356470981984467e-05,0.00014678997379045998,0.021123623395923732
10.576409388346582,-0.00011326585336700334,0.00014678997379045998,0.0211213390767736
10.57770946285654,0.0001288830272759313,0.00014678997379045998,0.021118937540331964
10.579009536293606,-7.108125947286048e-07,0.00014678997379045998,0.021116518690775354
10.5803096086624,-1.8686205495936636e-05,0.00014678997379045998,0.021114082137690296
10.581609679967533,0.00014033536904322144,0.00014678997379045998,0.021111489598041117
10.582909750213625,3.446583767188066e-05,0.00014678997379045998,0.02110873589222699
10.584209819405286,-0.00010913732760329739,0.00014678997379045998,0.0211058158065594
10.585509887547135,3.4941761305459784e-05,0.00014678997379045998,0.021103549360278008
10.586809954643783,2.776690416161562e-05,0.00014678997379045998,0.02110056656329908
10.588110020699851,1.6646065895582762e-06,0.00014678997379045998,0.021097513335993058
10.589410085719953,9.653093076622543e-05,0.00014678997379045998,0.02109460657920425
10.5907101497087,-1.8490878132527977e-05,0.00014678997379045998,0.021091851733432962
10.592010212670711,-0.00018526883997282625,0.00014678997379045998,0.021089254281658934
10.5933102746106,-0.0002615999274569701,0.00014678997379045998,0.02108681974934162
10.594610335532984,-0.00030309659387731114,0.00014678997379045998,0.02108451050607128
10.595910395442475,7.014263745745708e-05,0.00014678997379045998,0.021082858933191187
10.59721045434369,-5.5679154112218965e-05,0.00014678997379045998,0.021080402150268605
10.598510512241246,-0.0002702967279924612,0.00014678997379045998,0.021078027899221342
10.599810569139756,-0.00021728343174235581,0.00014678997379045998,0.021075659905137812
10.601110625043836,-0.00012481962332169458,0.00014678997379045998,0.021073298042929883
10.6024106799581,-0.00017355171448426784,0.00014678997379045998,0.02107111035509014
10.603710733887164,-8.008179585360792e-05,0.00014678997379045998,0.021068952397446716
10.605010786835644,-0.0002626952957531549,0.00014678997379045998,0.02106682304182224
10.606310838808156,-0.00036472513075086477,0.00014678997379045998,0.021064653954146566
10.607610889809315,-5.400481096821258e-05,0.00014678997379045998,0.02106251629323646
10.608910939843735,-0.00017380177985238526,0.00014678997379045998,0.021060409204855725
10.61021098891603,-0.0001039890592208284,0.00014678997379045998,0.021058331847862807
10.611511037030818,-0.00020301205093619518,0.00014678997379045998,0.02105628339421052
10.612811084192714,-0.00039682746214931425,0.00014678997379045998,0.021053801697470745
10.614111130406332,-0.00026299351414791824,0.00014678997379045998,0.021051300205190082
10.615411175676286,-0.000275344025855051,0.00014678997379045998,0.02104878026269859
10.616711220007197,-0.00041728306206292864,0.00014678997379045998,0.021046321117777145
10.618011263403673,-0.0003558174033313488,0.00014678997379045998,0.021043562952030723
10.619311305870335,-0.0002457769070444704,0.00014678997379045998,0.02104084267184026
10.620611347411794,-0.00016419409096544296,0.00014678997379045998,0.021038420721804948
10.621911388032666,-0.00027403636955398644,0.00014678997379045998,0.021036133671701113
10.62321142773757,-8.126323104878236e-05,0.00014678997379045998,0.021033983046072
10.624511466531116,-0.0001454886360872376,0.00014678997379045998,0.021031970406439237
10.625811504417925,-0.0001891853049722364,0.00014678997379045998,0.021030001839254964
10.627111541402607,-0.0001835336441814335,0.00014678997379045998,0.021028117345483235
10.628411577489782,-0.00017069282046123374,0.00014678997379045998,0.021025847572137976
10.62971161268406,-0.0001250155254081224,0.00014678997379045998,0.021023328221929313
10.63101164699006,-0.0004356955581795545,0.00014678997379045998,0.021020829308001383
10.632311680412398,-0.00033103005488053366,0.00014678997379045998,0.021018350494508013
10.633611712955684,-0.00015416456644407744,0.00014678997379045998,0.021015891449147416
10.634911744624539,-0.00021316576530240258,0.00014678997379045998,0.02101345184316263
10.636211775423575,-0.00020427845328389524,0.00014678997379045998,0.02101085750519024
10.63751180535741,-0.00024058868802693048,0.00014678997379045998,0.021008221231280693
10.638811834430655,-7.940944036217631e-05,0.00014678997379045998,0.021005545031853215
10.640111862647931,3.727368908537296e-05,0.00014678997379045998,0.021002935161961056
10.641411890013849,6.707433880166064e-05,0.00014678997379045998,0.020999484987389374
10.642711916533024,-0.00013023694235345454,0.00014678997379045998,0.02099643637881969
10.644011942210073,-3.132881600757462e-05,0.00014678997379045998,0.020993438013731897
10.645311967049611,-1.6783452243457342e-05,0.00014678997379045998,0.02099049446712196
10.646611991056254,1.0924038681334874e-05,0.00014678997379045998,0.020987610328026932
10.647912014234615,-8.856414783289801e-05,0.00014678997379045998,0.020983988558693285
10.649212036589313,-0.00010683201086267996,0.00014678997379045998,0.020981281847459926
10.65051205812496,-0.00012987809105206513,0.00014678997379045998,0.020978538509145807
10.65181207884617,-0.00015418627920849373,0.00014678997379045998,0.020975757740457564
10.653112098757564,-0.00013321079068842612,0.00014678997379045998,0.020972938726004954
10.654412117863753,-0.00010383080062531178,0.00014678997379045998,0.020970080638300807
10.65571213616935,-5.172605734440894e-05,0.00014678997379045998,0.0209671826377612
10.657012153678979,-0.00020951807609724885,0.00014678997379045998,0.020964243872705353
10.658312170397243,-0.00011465567752726169,0.00014678997379045998,0.020961263479355695
10.659612186328769,-5.496301879926932e-05,0.00014678997379045998,0.020957997791460452
10.660912201478164,-1.4259709135711063e-05,0.00014678997379045998,0.02095452400121104
10.662212215850047,9.671680685278267e-06,0.00014678997379045998,0.02095115247324251
10.663512229449035,2.727295412760164e-05,0.00014678997379045998,0.02094789560650374
10.664812242279737,-6.690215909025202e-05,0.00014678997379045998,0.020944757712814528
10.666112254346775,5.0235702956251405e-05,0.00014678997379045998,0.02094174313268463
10.667412265654761,-6.156192448904252e-07,0.00014678997379045998,0.020938856235313354
10.668712276208309,-0.00011218738466420991,0.00014678997379045998,0.02093610141858995
10.670012286012037,-8.270767876265156e-05,0.00014678997379045998,0.02093348310909342
10.67131229507056,4.353045865667857e-05,0.00014678997379045998,0.02093084730529471
10.672612303388492,5.417097751099498e-05,0.00014678997379045998,0.020928192989350943
10.673912310970449,0.00025790412346911665,0.00014678997379045998,0.020925519133772767
10.675212317821046,0.00012509721307962102,0.00014678997379045998,0.020922165415542118
10.676512323944896,-0.0001298244900271063,0.00014678997379045998,0.020918998730949073
10.67781232934662,-0.00010971913949893788,0.00014678997379045998,0.020916046799637846
10.679112334030828,0.00012246536510347045,0.00014678997379045998,0.020913315750688607
10.680412338002139,-0.00013730476926122198,0.00014678997379045998,0.020910811764791225
10.681712341265165,-8.990474590152286e-06,0.00014678997379045998,0.020908332063739946
10.68301234382452,5.3457792395791154e-05,0.00014678997379045998,0.02090587567435464
10.684312345684825,-0.0001299885764851072,0.00014678997379045998,0.020903441624498552
10.685612346850691,-0.00022040176014279447,0.00014678997379045998,0.020901318714809523
10.686912347326734,-0.0001673916826383931,0.00014678997379045998,0.02089934650955735
10.688212347117572,-0.0003125123071821244,0.00014678997379045998,0.020897098769228125
10.689512346227817,-0.00019230094224777922,0.00014678997379045998,0.020894584554859156
10.690812344662083,-0.00011587723896281169,0.00014678997379045998,0.020892111061391133
10.692112342424991,-8.478857979716051e-05,0.00014678997379045998,0.020889676637140114
10.69341233952115,-4.1344916292800765e-05,0.00014678997379045998,0.02088727963608313
10.69471233595518,-0.00024851077342896016,0.00014678997379045998,0.02088491841785846
10.69601233173169,8.543414596407645e-05,0.00014678997379045998,0.020882628809731234
10.697312326855304,7.896658474626853e-05,0.00014678997379045998,0.0208804078542235
10.698612321330632,-6.442885520905467e-06,0.00014678997379045998,0.020878252608906953
10.69991231516229,-6.545649399495451e-05,0.00014678997379045998,0.02087616014640277
10.701212308354894,5.140745402497371e-06,0.00014678997379045998,0.02087416501634814
10.702512300913055,0.0002205516870353516,0.00014678997379045998,0.020872303139810852
10.703812292841395,0.0001771502286406941,0.00014678997379045998,0.02087035763184888
10.705112284144526,-2.7710961237444043e-05,0.00014678997379045998,0.020868336531648903
10.706412274827063,-2.417705655959751e-05,0.00014678997379045998,0.020866317643964686
10.707712264893622,-5.900687763913878e-05,0.00014678997379045998,0.020865081983322455
10.709012254348815,-5.589855674354924e-05,0.00014678997379045998,0.020864033551731883
10.710312243197265,-0.0001665377414521059,0.00014678997379045998,0.020862135185089222
10.711612231443578,-0.00035955925752825454,0.00014678997379045998,0.020859905069957264
10.712912219092377,-0.00037568372598328903,0.00014678997379045998,0.020857672139607774
10.714212206148272,-0.0003151469114106506,0.00014678997379045998,0.02085591661920107
10.715512192615883,-0.0004468621747962566,0.00014678997379045998,0.020854037373910464
10.716812178499818,-0.00029684685835836,0.00014678997379045998,0.020851849829790044
10.718112163804701,-0.00014624616644347277,0.00014678997379045998,0.02084934288772694
10.719412148535142,-0.00021238306188279404,0.00014678997379045998,0.020847135857220405
10.720712132695756,-0.00020182316955186935,0.00014678997379045998,0.020844876071942128
10.722012116291161,-0.0002490698314103375,0.00014678997379045998,0.020842742907419408
10.72331209932597,-0.00011872337693927607,0.00014678997379045998,0.020840553636602886
10.724612081804798,-0.00011873626251571526,0.00014678997379045998,0.02083865328209186
10.725912063732263,-0.00017677274195901718,0.00014678997379045998,0.02083674103568334
10.727212045112978,-9.758949749027329e-05,0.00014678997379045998,0.020834789093449595
10.728512025951561,-8.653929530380577e-06,0.00014678997379045998,0.02083279839537089
10.729812006252624,-5.2941180861090786e-05,0.00014678997379045998,0.020830769871840224
10.731111986020782,-0.00011873999244153138,0.00014678997379045998,0.020828693184429255
10.73241196526065,-0.00019417004690225337,0.00014678997379045998,0.020826640965062485
10.733711943976848,-0.00022012388197377095,0.00014678997379045998,0.020824611982690398
10.735011922173989,-6.361256813103636e-05,0.00014678997379045998,0.02082260501172801
10.736311899856686,-0.00022900188882135977,0.00014678997379045998,0.020819717772105437
10.737611877029558,-0.00019322927326421296,0.00014678997379045998,0.020816980509198436
10.738911853697214,-7.703243650050012e-05,0.00014678997379045998,0.020814086473343384
10.740211829864275,-0.00019061356197744642,0.00014678997379045998,0.020811942546218456
10.741511805535357,-0.0002810638615123248,0.00014678997379045998,0.020809812611598703
10.742811780715071,-0.00026093912353229373,0.00014678997379045998,0.020808121550141508
10.744111755408033,-0.00031610351403567674,0.00014678997379045998,0.020805698588905266
10.74541172961886,-0.0004293025317117609,0.00014678997379045998,0.020803297293758665
10.746711703352167,-0.0003352618722963427,0.00014678997379045998,0.020801073212240347
10.748011676612569,-0.0002865368806008843,0.00014678997379045998,0.020799021103781342
10.74931164940468,-0.00014360749151202945,0.00014678997379045998,0.020796912451442787
10.750611621733118,-0.0002274972275996441,0.00014678997379045998,0.020794750027326853
10.751911593602497,-0.0003266482556271988,0.00014678997379045998,0.020792536594292393
10.75321156501743,-0.00020444940715267854,0.00014678997379045998,0.020790274905954725
10.754511535982537,-0.0003145422960400268,0.00014678997379045998,0.020788194330780062
10.755811506502427,-0.0004924503970434382,0.00014678997379045998,0.020786289567618074
10.757111476581722,-0.0004471741292310476,0.00014678997379045998,0.02078433773771838
10.758411446225033,-0.00040024416115725867,0.00014678997379045998,0.020782341352197645
10.759711415436975,-0.00029118374407103784,0.00014678997379045998,0.020780302915184644
10.761011384222165,-9.559713946992107e-05,0.00014678997379045998,0.020778224923819647
10.762311352585218,-0.00013177023526158085,0.00014678997379045998,0.020776109868254972
10.76361132053075,-6.7793510950407e-05,0.00014678997379045998,0.0207743625742388
10.764911288063374,4.505434637244732e-06,0.00014678997379045998,0.020772937622258514
10.766211255187708,-0.00020232902213208545,0.00014678997379045998,0.020771467866403843
10.767511221908364,-0.00010569858690966105,0.00014678997379045998,0.020769689322134115
10.76881118822996,-0.00011886995809621409,0.00014678997379045998,0.0207676061617179
10.770111154157112,-0.0002604269339421261,0.00014678997379045998,0.020765227626072975
10.771411119694433,-0.00012734198980180952,0.00014678997379045998,0.020762843541699636
10.772711084846538,-7.790156006326834e-05,0.00014678997379045998,0.02076045305638405
10.774011049618043,-4.511620793001131e-05,0.00014678997379045998,0.020758055317821062
10.775311014013564,-3.426225792365484e-05,0.00014678997379045998,0.020755624672345013
10.776610978037716,-0.00018818476018664376,0.00014678997379045998,0.020753161146940726
10.777910941695113,-0.0001681026863909682,0.00014678997379045998,0.020750727450779084
10.779210904990373,-0.0002750093810491572,0.00014678997379045998,0.020748321375250085
10.780510867928108,-0.00040273923280212745,0.00014678997379045998,0.020745732562394373
10.781810830512937,-0.00025218635918319854,0.00014678997379045998,0.020743233211927736
10.78311079274947,-0.0002679843344069316,0.00014678997379045998,0.020740823643668766
10.784410754642327,-0.0002371382488532449,0.00014678997379045998,0.0207385042046122
10.785710716196121,-0.0001302117558866986,0.00014678997379045998,0.020736090636055724
10.78701067741547,-0.0003053851147477478,0.00014678997379045998,0.020733733862563927
10.788310638304985,-0.0001682879990194501,0.00014678997379045998,0.020731436488676487
10.789610598869283,-0.00013718765876859912,0.00014678997379045998,0.020729201135638486
10.79091055911298,-0.00014564341139607084,0.00014678997379045998,0.020726722498269318
10.792210519040692,-0.0001348058231907187,0.00014678997379045998,0.020723684648786038
10.793510478657034,-0.00011612240785660935,0.00014678997379045998,0.020721126844848125
10.794810437966618,-0.0001499649895778249,0.00014678997379045998,0.020718772297643746
10.796110396974063,-0.0003560367013085118,0.00014678997379045998,0.02071611160863636
10.797410355683983,-0.00027360596663794645,0.00014678997379045998,0.02071313458859598
10.798710314100992,-0.0001593368514459688,0.00014678997379045998,0.020709857755137857
10.80001027222971,-0.0002627280553293143,0.00014678997379045998,0.020707285039925926
10.801310230074744,-0.00019619709037051528,0.00014678997379045998,0.020704657258848864
10.802610187640717,-0.00018640753319730877,0.00014678997379045998,0.020701277531752525
10.80391014493224,-6.941902319042292e-06,0.00014678997379045998,0.020698206512685426
10.80521010195393,-1.1811334313164418e-05,0.00014678997379045998,0.0206957149641645
10.806510058710403,-0.00012343784239745095,0.00014678997379045998,0.020693085991757988
10.807810015206273,-6.053950566511229e-05,0.00014678997379045998,0.02069069657616438
10.809109971446155,-0.00019362466572264703,0.00014678997379045998,0.02068895392947868
10.810409927434664,-0.0003434561132394237,0.00014678997379045998,0.020687611051278483
10.811709883176416,-0.00036242356049159125,0.00014678997379045998,0.020685968301936385
10.813009838676026,-0.00029057061736449327,0.00014678997379045998,0.020683655240106385
10.814309793938111,-0.00024201867260555815,0.00014678997379045998,0.020680995877382303
10.815609748967283,-0.0002066749996765642,0.00014678997379045998,0.02067814062041047
10.81690970376816,-9.322898398262183e-05,0.00014678997379045998,0.020674513439374573
10.818209658345355,-7.63779694043544e-05,0.00014678997379045998,0.02067136145914712
10.819509612703486,-0.00024781371248121936,0.00014678997379045998,0.020668460478295483
10.820809566847165,-0.0002161421402262602,0.00014678997379045998,0.02066582271884503
10.82210952078101,4.7552518057044496e-05,0.00014678997379045998,0.02066319164673404
10.823409474509637,3.897239589801052e-05,0.00014678997379045998,0.020660548293661093
10.824709428037657,-1.6102052537235456e-05,0.00014678997379045998,0.020657964308741266
10.826009381369689,-0.0001722106714974296,0.00014678997379045998,0.020655301035924358
10.827309334510348,-0.00022159893528376703,0.00014678997379045998,0.02065256110544652
10.828609287464246,-3.885748690409668e-05,0.00014678997379045998,0.020649747129769726
10.829909240236002,-2.2877332907011994e-05,0.00014678997379045998,0.02064694011368811
10.83120919283023,-0.0001981154557269653,0.00014678997379045998,0.020644139853644147
10.832509145251546,-7.697112134348941e-05,0.00014678997379045998,0.020641346147955507
10.833809097504561,-8.258092276558493e-05,0.00014678997379045998,0.020638558796815285
10.835109049593896,-3.3558274631223517e-06,0.00014678997379045998,0.02063577760229195
10.836409001524167,0.00024356573810128956,0.00014678997379045998,0.020633002368329118
10.837708953299982,0.0001533987708897365,0.00014678997379045998,0.02063023290074604
10.839008904925961,4.82968589612387e-05,0.00014678997379045998,0.02062748174552847
10.84030885640672,0.00012546540892246008,0.00014678997379045998,0.02062474826053869
10.841608807746873,6.759452542177621e-05,0.00014678997379045998,0.02062203180870657
10.842908758951035,0.00015451263084212408,0.00014678997379045998,0.020619331758029446
10.844208710023821,1.359726731446978e-05,0.00014678997379045998,0.020616674147657527
10.845508660969847,-0.00010361211596848774,0.00014678997379045998,0.020614059281612772
10.84680861179373,0.00011440891733870487,0.00014678997379045998,0.020611487475436625
10.84810856250008,8.495458259649008e-05,0.00014678997379045998,0.020608959056189723
10.849408513093518,3.670960114365851e-05,0.00014678997379045998,0.02060652351045169
10.850708463578655,0.00021010456075638145,0.00014678997379045998,0.02060417944550573
10.85200841396011,0.00013992238387488393,0.00014678997379045998,0.020601925492470835
10.853308364242496,7.127070347695552e-05,0.00014678997379045998,0.020599760306301364
10.854608314430429,8.391108377634598e-05,0.00014678997379045998,0.02059768256578762
10.855908264528523,-0.0001369640413407605,0.00014678997379045998,0.02059569097355541
10.857208214541396,-7.535039442196217e-05,0.00014678997379045998,0.020593784256066183
10.858508164473658,5.990632555736078e-05,0.00014678997379045998,0.020592839273563777
10.859808114329931,-1.3922620676145442e-05,0.00014678997379045998,0.020590858989879758
10.861108064114827,5.817150226227266e-05,0.00014678997379045998,0.020588996788835585
10.862408013832958,5.735455162288877e-05,0.00014678997379045998,0.02058724584850894
10.863707963488945,1.714166325519212e-05,0.00014678997379045998,0.020584683751375052
10.865007913087402,0.00012740054978187254,0.00014678997379045998,0.020582059013286687
10.866307862632942,-9.160560716349464e-06,0.00014678997379045998,0.020579371522245617
10.86760781213018,-6.7024433074748535e-06,0.00014678997379045998,0.020576925266215556
10.868907761583735,-0.0001677795552109257,0.00014678997379045998,0.02057470932022211
10.870207710998217,-0.00022637036547363404,0.00014678997379045998,0.020572087604558267
10.871507660378246,-0.00025596340705489815,0.00014678997379045998,0.02056931682750949
10.872807609728435,-0.00014625295806991456,0.00014678997379045998,0.02056618982289562
10.8741075590534,-4.061926359254925e-05,0.00014678997379045998,0.020562853854268055
10.875407508357755,-9.945107676648593e-05,0.00014678997379045998,0.020559827781879775
10.876707457646116,-5.435688981856451e-05,0.00014678997379045998,0.020557119713937866
10.8780074069231,-0.00012586925810703642,0.00014678997379045998,0.0205542985419143
10.87930735619332,-7.67006220182935e-05,0.00014678997379045998,0.02055136289865898
10.88060730546139,-1.5602864664343574e-05,0.00014678997379045998,0.02054831139195095
10.881907254731932,-6.900277744826752e-05,0.00014678997379045998,0.020545257233896004
10.883207204009553,-3.75985991261929e-05,0.00014678997379045998,0.020542202962262193
10.884507153298872,-6.691859783264364e-05,0.00014678997379045998,0.020539151117481863
10.885807102604504,-0.000247059807634651,0.00014678997379045998,0.020536104242651936
10.887107051931064,-0.00027501439300536834,0.00014678997379045998,0.020533064883533597
10.88840700128317,-4.521473576772628e-05,0.00014678997379045998,0.020529981977694827
10.889706950665433,-0.00021526740403370048,0.00014678997379045998,0.020526856214763564
10.89100690008247,-0.0002129606438412389,0.00014678997379045998,0.02052368827406083
10.892306849538897,-0.00036155973411515843,0.00014678997379045998,0.020520478824600806
10.893606799039327,-0.0004001187626532614,0.00014678997379045998,0.02051720025211289
10.89490674858838,-0.00024820664669038955,0.00014678997379045998,0.020513842919996417
10.896206698190667,-0.0002664864815669944,0.00014678997379045998,0.020510397175648048
10.897506647850804,-0.0002963818914407876,0.00014678997379045998,0.020507118469562702
10.898806597573406,-7.546824802688243e-05,0.00014678997379045998,0.02050316459986846
10.900106547363091,-0.00012674537727708907,0.00014678997379045998,0.020499353185172108
10.901406497224471,-0.0001929803878726287,0.00014678997379045998,0.02049483716260503
10.902706447162164,-0.0002583652569684465,0.00014678997379045998,0.02049109911024521
10.90400639718078,-0.0002163754097388726,0.00014678997379045998,0.020487570982319372
10.905306347284942,-0.00019338287056684667,0.00014678997379045998,0.020484045194528948
10.906606297479257,-0.00027047238211334174,0.00014678997379045998,0.020480522452516407
10.907906247768349,-0.00017602236770770247,0.00014678997379045998,0.020477003463207986
10.909206198156827,-6.507492283589628e-05,0.00014678997379045998,0.02047347710185373
10.910506148649306,3.7376564381019772e-06,0.00014678997379045998,0.020469943667085325
10.911806099250406,-0.00010166885689429431,0.00014678997379045998,0.020466403455955275
10.913106049964739,-0.00017692969919122156,0.00014678997379045998,0.020462856763936572
10.914406000796921,-0.00022703351306430433,0.00014678997379045998,0.020459303884922703
10.915705951751569,-4.752756140515707e-05,0.00014678997379045998,0.02045574511122784
10.917005902833294,-5.184261344541585e-05,0.00014678997379045998,0.020452180733586785
10.918305854046714,-0.00012790675964811232,0.00014678997379045998,0.02044861104115477
10.919605805396445,-0.00018924366911460266,0.00014678997379045998,0.020445036321507813
10.9209057568871,-0.0002350289800969116,0.00014678997379045998,0.0204415368294278
10.922205708523295,-8.067431594239657e-05,0.00014678997379045998,0.02043811001360838
10.923505660309647,0.0001595581856148054,0.00014678997379045998,0.020434753341203465
10.924805612250772,0.0002577823961992763,0.00014678997379045998,0.0204314642978267
10.92610556435128,-0.0001603738646759091,0.00014678997379045998,0.020428171395247312
10.92740551661579,-0.0003926815312282894,0.00014678997379045998,0.02042486976045923
10.928705469048918,-0.00010836718458929334,0.00014678997379045998,0.020421736231878308
10.930005421655279,-0.00015946419257758387,0.00014678997379045998,0.020418365069595483
10.931305374439486,-0.0001817015656484823,0.00014678997379045998,0.020414077663653114
10.932605327406154,-0.00029044465902389877,0.00014678997379045998,0.02040997407146727
10.933905280559902,-0.0001985716697464647,0.00014678997379045998,0.020406114669558096
10.935205233905343,4.4985968447250335e-07,0.00014678997379045998,0.02040240552011604
10.936505187447091,-2.515428418614629e-06,0.00014678997379045998,0.02039846381899893
10.937805141189763,-7.483747836361382e-06,0.00014678997379045998,0.020394285035994622
10.939105095137975,-0.00011638688744360776,0.00014678997379045998,0.02039019775055097
10.940405049296341,-0.00030350595930377436,0.00014678997379045998,0.020386200867731942
10.941705003669478,-0.00010183913249463966,0.00014678997379045998,0.020381309421150566
10.943004958261998,-0.00014547389472328517,0.00014678997379045998,0.020376683357594797
10.944304913078518,-0.00018194740582370972,0.00014678997379045998,0.02037233737131971
10.945604868123652,-0.00018120252440134363,0.00014678997379045998,0.02036861046704166
10.946904823402019,-4.6746756749642404e-05,0.00014678997379045998,0.020365033213560133
10.94820477891823,-0.00011512657415529981,0.00014678997379045998,0.020361606916300404
10.949504734676903,-0.0003840417621871241,0.00014678997379045998,0.02035823262690525
10.950804690682652,-0.0003833718453956046,0.00014678997379045998,0.020354997197109204
10.952104646940093,-0.0003312122750481136,0.00014678997379045998,0.020351276677655194
10.95340460345384,-9.289691772065498e-05,0.00014678997379045998,0.02034755988682962
10.95470456022851,-3.139733880420589e-05,0.00014678997379045998,0.020343846710334016
10.956004517268719,-0.00017187700411985807,0.00014678997379045998,0.020340137035193644
10.957304474579077,-6.376434354957855e-05,0.00014678997379045998,0.02033650978614715
10.958604432164206,-0.00022863815238933008,0.00014678997379045998,0.020332884944873727
10.959904390028717,-0.0001391100609185493,0.00014678997379045998,0.020329262295942875
10.961204348177226,-0.00013302188034093956,0.00014678997379045998,0.020325641624372972
10.962504306614349,-0.00021800324038259364,0.00014678997379045998,0.020322022715631508
10.9638042653447,-0.0001174994836451379,0.00014678997379045998,0.02031840535563486
10.965104224372899,-0.00021355105186775247,0.00014678997379045998,0.0203147985761629
10.966404183703554,-0.00013316130287965508,0.00014678997379045998,0.020310458298605744
10.967704143341285,-1.869822417468331e-05,0.00014678997379045998,0.02030685333434114
10.969004103290706,-0.00027221398740984865,0.00014678997379045998,0.020303122569271886
10.970304063556432,-0.00024285055744078382,0.00014678997379045998,0.020299340818400277
10.971604024143078,-0.00019970552986397702,0.00014678997379045998,0.020295509364486014
10.972903985055261,-0.00013471087021416084,0.00014678997379045998,0.02029171258313186
10.974203946297594,-2.58178552550066e-05,0.00014678997379045998,0.020287609139054915
10.975503907874696,7.652990151315459e-05,0.00014678997379045998,0.0202834624699288
10.976803869791176,-2.180867065340597e-05,0.00014678997379045998,0.020279271204061967
10.978103832051655,0.00024278549237103167,0.00014678997379045998,0.02027503396108087
10.979403794660747,0.0002834642480300034,0.00014678997379045998,0.020271080849934252
10.980703757623065,0.00014093840079902956,0.00014678997379045998,0.020266891129939
10.982003720943226,-5.3191309490684124e-05,0.00014678997379045998,0.02026247177910873
10.983303684625845,-5.280284104207736e-05,0.00014678997379045998,0.02025849782029542
10.984603648675538,-6.323472858812615e-05,0.00014678997379045998,0.02025457166405633
10.985903613096918,1.8900427814237675e-05,0.00014678997379045998,0.020250619341668597
10.987203577894604,-5.171726096272686e-05,0.00014678997379045998,0.020246563124106307
10.988503543073206,-0.00019184177376173686,0.00014678997379045998,0.020242526658497604
10.989803508637344,-0.00024478039944620875,0.00014678997379045998,0.020238505689230753
10.99110347459163,-0.00023388969138081125,0.00014678997379045998,0.020234495965327556
10.992403440940684,-8.313413216389301e-05,0.00014678997379045998,0.020230493240444146
10.993703407689116,-0.00035821358439010187,0.00014678997379045998,0.02022649327287006
10.995003374841545,-0.0004283304020133022,0.00014678997379045998,0.02022245209039479
10.996303342402584,-0.0004028720739644269,0.00014678997379045998,0.02021836686959064
10.997603310376848,-0.00030568435464661814,0.00014678997379045998,0.02021419161142255
10.998903278768953,-0.0002690032913808503,0.00014678997379045998,0.02021040483986481
11.000203247583515,-0.00019388519582531558,0.00014678997379045998,0.020206892313562135
11.001503216825148,1.8543689940773989e-06,0.00014678997379045998,0.020203391800234522
11.002803186498468,9.98761727187443e-05,0.00014678997379045998,0.020200049821675836
11.004103156608092,-6.84200410540868e-05,0.00014678997379045998,0.02019653874434652
11.005403127158633,-0.00018794101572778416,0.00014678997379045998,0.02019286357052234
11.006703098154706,-0.0001648305128273339,0.00014678997379045998,0.020189351384702226
11.008003069600926,-0.00025781258271894217,0.00014678997379045998,0.02018589755400401
11.00930304150191,-0.0001612367026323329,0.00014678997379045998,0.020182504412389866
11.010603013862275,1.971815092936466e-05,0.00014678997379045998,0.020179066326646185
11.011902986686632,-0.00015321105056551737,0.00014678997379045998,0.02017558190919581
11.013202959979598,-0.0001621765279974062,0.00014678997379045998,0.02017204976022739
11.014502933745788,-0.0001853078081070804,0.00014678997379045998,0.020168558603649897
11.01580290798982,1.3882197010806757e-05,0.00014678997379045998,0.020165350496204316
11.017102882716303,7.031992545068061e-06,0.00014678997379045998,0.020162418630009196
11.018402857929857,-0.00015788696764723956,0.00014678997379045998,0.02015901006438684
11.019702833635098,-9.979921930347926e-05,0.00014678997379045998,0.02015572105529458
11.02100280983664,-0.000166262966513904,0.00014678997379045998,0.020152814395277503
11.022302786539097,-0.00020635186033745104,0.00014678997379045998,0.020149667186347402
11.023602763747085,-0.00014327997596054118,0.00014678997379045998,0.02014652892492132
11.024902741465219,1.6204215416298212e-05,0.00014678997379045998,0.020143400855092662
11.026202719698116,-2.0206698792882977e-05,0.00014678997379045998,0.02014028422234444
11.02750269845039,3.632468070722053e-05,0.00014678997379045998,0.020137180273550125
11.028802677726656,-1.826515079558083e-05,0.00014678997379045998,0.02013409025697292
11.030102657531529,0.0002656187624188386,0.00014678997379045998,0.02013101542226605
11.031402637869625,0.0004405531417982986,0.00014678997379045998,0.020127957020472938
11.032702618745558,0.000367768390710229,0.00014678997379045998,0.02012480367355236
11.034002600163948,0.0004525803097724726,0.00014678997379045998,0.020121552513394394
11.035302582129404,0.0006054540931453543,0.00014678997379045998,0.020118339186005245
11.036602564646543,0.0003485005896878071,0.00014678997379045998,0.020115163966788915
11.037902547719982,0.00020030613464775554,0.00014678997379045998,0.020112027135105202
11.039202531354334,-4.746448565230016e-06,0.00014678997379045998,0.020108994327826084
11.04050251555422,-1.6422039536154176e-05,0.00014678997379045998,0.020106063514782335
11.041802500324248,-0.0003255819470018885,0.00014678997379045998,0.020103489671312987
11.043102485669037,-0.0005202294757137883,0.00014678997379045998,0.02010053559239992
11.0444024715932,-0.0003363251403718688,0.00014678997379045998,0.020098114223861756
11.045702458101355,-0.00013293015728135793,0.00014678997379045998,0.020095658816399898
11.047002445198116,-0.0004016534885352141,0.00014678997379045998,0.02009317176644465
11.048302432888098,-0.00025719680173415596,0.00014678997379045998,0.020090633818407054
11.049602421175916,-0.00018930605646330645,0.00014678997379045998,0.020088046597562435
11.050902410066186,-0.000247671536622647,0.00014678997379045998,0.02008541171410344
11.052202399563523,-0.0002113157837830837,0.00014678997379045998,0.020082730763140186
11.053502389672543,-0.00035557448817963647,0.00014678997379045998,0.020080005324700195
11.05480238039786,-0.0002885634804916763,0.00014678997379045998,0.02007723696372831
11.05610237174409,-4.2189065978994605e-05,0.00014678997379045998,0.020074127110142895
11.057402363715847,3.4564674041760723e-05,0.00014678997379045998,0.020070821395795507
11.058702356317749,-3.023127419618521e-05,0.00014678997379045998,0.02006775158175438
11.060002349554411,-0.00020904871363704863,0.00014678997379045998,0.020064929126152715
11.061302343430444,-0.00027755381153264994,0.00014678997379045998,0.020062056689874614
11.062602337950468,5.297429423625766e-05,0.00014678997379045998,0.020059135117084046
11.063902333119096,-4.0530296600470306e-05,0.00014678997379045998,0.02005624775207092
11.065202328940943,-0.00015076228006629527,0.00014678997379045998,0.020053392473446053
11.066502325420625,-0.00011415385056744165,0.00014678997379045998,0.020050528361004526
11.067802322562759,-7.00515288588506e-05,0.00014678997379045998,0.020047651948095966
11.069102320371957,-8.000993546851062e-05,0.00014678997379045998,0.02004475975965803
11.070402318852835,6.301591956671404e-06,0.00014678997379045998,0.02004173893670109
11.071702318010011,-2.5753892136590184e-05,0.00014678997379045998,0.020038551065999034
11.073002317848097,-6.019471700185325e-06,0.00014678997379045998,0.020035292997838162
11.07430231837171,-6.555278992676633e-05,0.00014678997379045998,0.020032266690347043
11.075602319585466,0.0001459041048394831,0.00014678997379045998,0.020029375566117686
11.076902321493977,-2.802652167028033e-05,0.00014678997379045998,0.020026478521691673
11.078202324101861,-0.00012397129236240909,0.00014678997379045998,0.02002276884047812
11.079502327413733,-1.3782427529116653e-05,0.00014678997379045998,0.02001880924344072
11.080802331434208,-1.3491189651264335e-05,0.00014678997379045998,0.020015613450761676
11.082102336167901,-0.00033556712410893336,0.00014678997379045998,0.020012298715783663
11.083402341619427,-0.00022970343110491342,0.00014678997379045998,0.020008922867006073
11.084702347793403,-0.00019900504475469857,0.00014678997379045998,0.020005684399140338
11.086002354694442,-0.0001823433052733324,0.00014678997379045998,0.020002581840920127
11.087302362327161,-0.0002023876396719526,0.00014678997379045998,0.019999613753421564
11.088602370696174,-0.00016843642233737785,0.00014678997379045998,0.019996778730063083
11.089902379806096,-0.00011702247881403838,0.00014678997379045998,0.019994067068681225
11.091202389661545,0.00015137206530849157,0.00014678997379045998,0.019991576649401557
11.092502400267131,0.00020745894783924176,0.00014678997379045998,0.01998875651571599
11.093802411627475,-6.848757641036637e-05,0.00014678997379045998,0.019985984969280213
11.095102423747191,0.00017102670892697389,0.00014678997379045998,0.019983262752152214
11.09640243663089,0.0002567036019680939,0.00014678997379045998,0.019980590619358887
11.097702450283192,0.00018202689439209344,0.00014678997379045998,0.019977969338895712
11.099002464708711,3.8888668277475835e-05,0.00014678997379045998,0.019975399691727277
11.100302479912061,-0.0001705796162095527,0.00014678997379045998,0.01997288247178687
11.10160249589786,-3.375220140919635e-05,0.00014678997379045998,0.01997028717408189
11.102902512670719,1.2176396491956482e-05,0.00014678997379045998,0.019967562047805924
11.104202530235256,9.454861912725279e-05,0.00014678997379045998,0.019964886419485798
11.105502548596087,0.0001462827747006866,0.00014678997379045998,0.01996225715652038
11.106802567757827,0.00021233578568857422,0.00014678997379045998,0.019959671136510003
11.108102587725087,0.0001620482102820675,0.00014678997379045998,0.019957249687640993
11.10940260850249,-1.3844744722109337e-05,0.00014678997379045998,0.019954770024301585
11.110702630094643,-6.562052400753762e-05,0.00014678997379045998,0.019952225627708535
11.112002652506169,-4.318072543392157e-05,0.00014678997379045998,0.01994960996518782
11.113302675741679,-0.00010810396234819941,0.00014678997379045998,0.019946468481140366
11.114602699805786,-0.00029958872526030314,0.00014678997379045998,0.01994387396386333
11.11590272470311,-7.14063008720213e-05,0.00014678997379045998,0.01994147475258787
11.117202750438265,-0.0001909070187940884,0.00014678997379045998,0.019938862450462273
11.118502777015864,-0.00015988968002199344,0.00014678997379045998,0.019935934878455623
11.119802804440525,-0.00018753838746018298,0.00014678997379045998,0.019932922358065472
11.121102832716861,4.475144875444939e-05,0.00014678997379045998,0.019929831869049546
11.12240286184949,8.595929365828175e-05,0.00014678997379045998,0.019926808369664
11.123702891843026,3.274943306776426e-05,0.00014678997379045998,0.019923853908952318
11.125002922702082,5.6097229269639476e-05,0.00014678997379045998,0.0199207358346538
11.126302954431276,0.00016949550404031163,0.00014678997379045998,0.019917448077668733
11.127602987035221,0.00017802192359520422,0.00014678997379045998,0.019914347922394257
11.128903020518536,-1.116715799603929e-05,0.00014678997379045998,0.019911170476272562
11.130203054885833,4.5047444792667424e-05,0.00014678997379045998,0.019907967928827368
11.13150309014173,-9.469466524853615e-05,0.00014678997379045998,0.01990482909902136
11.13280312629084,-0.00014339360787044703,0.00014678997379045998,0.01990175544749537
11.134103163337777,-0.00027264189125013327,0.00014678997379045998,0.019898331739346502
11.135403201287158,-0.0003009532046383337,0.00014678997379045998,0.019894544996686695
11.136703240143598,-0.00020961539121999717,0.00014678997379045998,0.019890749088983504
11.138003279911715,5.685849586420724e-05,0.00014678997379045998,0.019887216796073987
11.139303320596122,-0.0001174839688332166,0.00014678997379045998,0.01988396233798699
11.140603362201432,4.474539159332602e-06,0.00014678997379045998,0.019880995043516553
11.141903404732263,-8.306459039665245e-05,0.00014678997379045998,0.019878033633416187
11.14320344819323,9.827603838177476e-05,0.00014678997379045998,0.01987507748469381
11.144503492588948,7.018409907509626e-05,0.00014678997379045998,0.019872162129635895
11.145803537924031,0.0001271961801235788,0.00014678997379045998,0.019869308557856357
11.147103584203098,0.000258014394297984,0.00014678997379045998,0.019866515865239416
11.14840363143076,0.00013210852503795292,0.00014678997379045998,0.01986371823535043
11.149703679611633,-0.00024296764774515978,0.00014678997379045998,0.01986091253940175
11.151003728750336,-0.00012073168944374754,0.00014678997379045998,0.019858095647774496
11.15230377885148,-5.575474871294395e-05,0.00014678997379045998,0.019855264430018744
11.15360382991968,7.585478076510901e-05,0.00014678997379045998,0.01985241575485302
11.154903881959555,-8.948714167481692e-05,0.00014678997379045998,0.019849546490164863
11.15620393497572,-0.00020326217805249902,0.00014678997379045998,0.01984675092539091
11.157503988972785,-0.0002450395261652076,0.00014678997379045998,0.019843888336951467
11.158804043955369,-0.000195728142528339,0.00014678997379045998,0.019840961209257133
11.16010409992809,-9.334237772669687e-05,0.00014678997379045998,0.01983845073396669
11.161404156895559,-8.752548087050116e-05,0.00014678997379045998,0.019835914967142685
11.162704214862393,-0.00019712785519681447,0.00014678997379045998,0.01983319770969085
11.164004273833207,-0.000261391192463125,0.00014678997379045998,0.019830305268789535
11.165304333812616,-0.00022758263231830583,0.00014678997379045998,0.019827492549119752
11.166604394805235,-2.7688672380687257e-05,0.00014678997379045998,0.019824756960180354
11.16790445681568,-0.00016098985161322465,0.00014678997379045998,0.019822095933246235
11.169204519848565,-0.0002021916074074516,0.00014678997379045998,0.019819479185488598
11.170504583908507,-0.0001151660309873237,0.00014678997379045998,0.019816903228676044
11.171804649000121,-8.224660382601806e-05,0.00014678997379045998,0.01981421751041718
11.173104715128021,-0.00013747235659999912,0.00014678997379045998,0.019811423787994567
11.174404782296824,-8.45976246918144e-05,0.00014678997379045998,0.019808926726649818
11.175704850511144,-0.00018363563392394602,0.00014678997379045998,0.019806287077444022
11.177004919775595,-0.00018869637336685688,0.00014678997379045998,0.019803583384295387
11.178304990094794,-0.00024827044764838546,0.00014678997379045998,0.019800429654283528
11.179605061473358,-0.00010919756624583679,0.00014678997379045998,0.019796817536230697
11.180905133915902,-0.00015073653070787896,0.00014678997379045998,0.01979429224499877
11.182205207427035,-0.00015566268944038758,0.00014678997379045998,0.019790702791046347
11.18350528201138,-0.00013754397851443653,0.00014678997379045998,0.01978758148543486
11.184805357673548,-0.00011718038770315575,0.00014678997379045998,0.019784856500445702
11.186105434418156,-0.0002804964102893735,0.00014678997379045998,0.019781994134660183
11.187405512249818,-0.0003145105967326915,0.00014678997379045998,0.019779000594876646
11.18870559117315,-4.0402153652384365e-05,0.00014678997379045998,0.019775882065132384
11.190005671192766,1.0556832711915154e-05,0.00014678997379045998,0.01977282923794482
11.191305752313285,-3.417873647670183e-05,0.00014678997379045998,0.019769724185028315
11.19260583453932,-2.6225812395599957e-05,0.00014678997379045998,0.019766564844115368
11.193905917875483,5.4281143568361834e-05,0.00014678997379045998,0.019763127017254467
11.195206002326396,-2.368565106197068e-06,0.00014678997379045998,0.01975967163314051
11.196506087896669,-0.00011599211586197158,0.00014678997379045998,0.01975620388286033
11.197806174590918,-0.00020583868398606556,0.00014678997379045998,0.019752802658990244
11.199106262413759,-0.00012080884187846627,0.00014678997379045998,0.01974947054212302
11.200406351369807,-0.00014607752168322927,0.00014678997379045998,0.01974612892250193
11.20170644146368,-0.00034234725347382505,0.00014678997379045998,0.0197427776007039
11.20300653269999,-0.0002483488276644151,0.00014678997379045998,0.019739416377561332
11.204306625083351,-0.00026614794187015955,0.00014678997379045998,0.019736045054162866
11.205606718618384,-0.0003352085830659948,0.00014678997379045998,0.019732621605454918
11.206906813309697,-0.00028612001426257805,0.00014678997379045998,0.019729185971730828
11.20820690916191,-0.00015166401222469275,0.00014678997379045998,0.019725738056803433
11.209507006179638,-0.00011616560284025829,0.00014678997379045998,0.01972226457075104
11.210807104367495,7.1235952829110105e-06,0.00014678997379045998,0.019718764958206625
11.212107203730097,-4.299418131214691e-05,0.00014678997379045998,0.019715238660072434
11.213407304272058,-0.00010186908953586232,0.00014678997379045998,0.019711839736245542
11.214707405997997,-6.716046089955824e-05,0.00014678997379045998,0.019708406463071648
11.216007508912526,-0.00026674705324748055,0.00014678997379045998,0.019704938346287112
11.217307613020258,-1.61710226870386e-05,0.00014678997379045998,0.01970131716605563
11.218607718325813,-2.2226186556999206e-05,0.00014678997379045998,0.019697661785278032
11.219907824833804,-1.661981643692051e-05,0.00014678997379045998,0.01969392085479749
11.221207932548847,1.5503328979826064e-05,0.00014678997379045998,0.019690092156489793
11.222508041475557,-1.4565655042243775e-05,0.00014678997379045998,0.019686173455283895
11.223808151618549,-0.00011747389809202077,0.00014678997379045998,0.019682162499162208
11.225108262982436,-0.0002439335956697583,0.00014678997379045998,0.01967805701916045
11.226408375571838,-0.0003062533679689221,0.00014678997379045998,0.019673854729367602
11.227708489391368,-0.00022811454290042055,0.00014678997379045998,0.019669599403477796
11.22900860444564,-0.0003226333670219052,0.00014678997379045998,0.01966431491641316
11.230308720739272,-0.00019460977397447662,0.00014678997379045998,0.019659993985736143
11.231608838276879,0.00026292229739479506,0.00014678997379045998,0.019655508917279498
11.23290895706307,1.591981495854128e-05,0.00014678997379045998,0.019650852221044735
11.23420907710247,-3.5231338032334913e-05,0.00014678997379045998,0.019646964705012013
11.235509198399686,9.522584342522289e-05,0.00014678997379045998,0.01964312313378273
11.23680932095934,3.4132652945779995e-05,0.00014678997379045998,0.019639327091217126
11.238109444786042,-0.00014696171230652033,0.00014678997379045998,0.019635261204590186
11.23940956988441,-0.00016428623246558458,0.00014678997379045998,0.019630914157485767
11.240709696259058,-0.00015580754124074406,0.00014678997379045998,0.019626922119480746
11.242009823914602,-0.000139468321325803,0.00014678997379045998,0.019622721772611842
11.243309952855657,-0.00015800918891031857,0.00014678997379045998,0.01961860840845277
11.244610083086839,-2.697540367132406e-05,0.00014678997379045998,0.019614428249065178
11.245910214612763,1.0172976534550404e-05,0.00014678997379045998,0.019610179511188618
11.247210347438044,0.0002136903949170009,0.00014678997379045998,0.019605860401015956
11.248510481567296,0.0002797901347718207,0.00014678997379045998,0.019601551962945447
11.249810617005137,0.00014283666763270642,0.00014678997379045998,0.019597768518006157
11.25111075375618,0.00015929162445741177,0.00014678997379045998,0.01959431663719704
11.25241089182504,-4.34793336662187e-06,0.00014678997379045998,0.019590058494281887
11.253711031216334,-0.00020161170261928651,0.00014678997379045998,0.019586228167397423
11.255011171934676,-4.4137387610863194e-05,0.00014678997379045998,0.019582158687054953
11.256311313984682,3.427456811119778e-05,0.00014678997379045998,0.019577859747598375
11.257611457370967,-0.00015397282032109452,0.00014678997379045998,0.01957354509308888
11.258911602098147,-0.000191914631389508,0.00014678997379045998,0.019569217079954848
11.260211748170835,-0.0001162405183192626,0.00014678997379045998,0.019565012860520127
11.26151189559365,-5.5771505912478175e-05,0.00014678997379045998,0.019560907364727865
11.262812044371204,4.159246484139109e-05,0.00014678997379045998,0.019556720074664857
11.264112194508114,1.0129788753199254e-05,0.00014678997379045998,0.019552318486793095
11.265412346008993,5.230582000656514e-05,0.00014678997379045998,0.019548025501237434
11.266712498878459,0.00015492164046963797,0.00014678997379045998,0.01954382962593469
11.268012653121128,-3.366823536501626e-05,0.00014678997379045998,0.01953918233340053
11.26931280874161,5.196306920558433e-05,0.00014678997379045998,0.01953501738103267
11.270612965744526,-2.788607201659188e-05,0.00014678997379045998,0.01953095397932194
11.271913124134487,8.650241423044727e-05,0.00014678997379045998,0.019526826978340465
11.273213283916112,-0.00013470137665414633,0.00014678997379045998,0.01952263766907396
11.274513445094014,-0.00023383716190414697,0.00014678997379045998,0.0195184051924358
11.27581360767281,-0.0002682644010914906,0.00014678997379045998,0.01951413143831533
11.277113771657111,-0.00023285625975394061,0.00014678997379045998,0.019509818290291046
11.278413937051535,-2.6388631126753742e-05,0.00014678997379045998,0.01950546762563111
11.279714103860702,1.987449057924695e-06,0.00014678997379045998,0.019501081315293104
11.28101427208922,-7.48770393174808e-05,0.00014678997379045998,0.0194966612239241
11.282314441741706,6.782974235257713e-05,0.00014678997379045998,0.019492266609450835
11.28361461282278,-6.890878959732102e-05,0.00014678997379045998,0.019487897288544682
11.28491478533705,-0.0002444154665554414,0.00014678997379045998,0.019483553085948433
11.286214959289136,-0.00021870921270627022,0.00014678997379045998,0.019479189297344462
11.287515134683654,-0.00019604445289777422,0.00014678997379045998,0.019474807342876908
11.288815311525216,-5.761039621439423e-05,0.00014678997379045998,0.019470408639601942
11.290115489818438,6.335172267455183e-05,0.00014678997379045998,0.019465994601488096
11.291415669567936,-0.00012604669652894682,0.00014678997379045998,0.01946148381481738
11.292715850778325,-0.00011152955985970284,0.00014678997379045998,0.019456930897861942
11.294016033454222,-9.794702538218694e-05,0.00014678997379045998,0.019452332370591463
11.29531621760024,-0.00012879717038450159,0.00014678997379045998,0.019447684743897596
11.296616403220996,-0.00016064435986795633,0.00014678997379045998,0.019442984519594066
11.297916590321101,-0.00028574171229969053,0.00014678997379045998,0.019438228190416434
11.299216778905176,-9.48855109024066e-05,0.00014678997379045998,0.019433412240022176
11.300516968977835,-9.500959998159225e-05,0.00014678997379045998,0.019429020455068186
11.30181716054369,-0.0002598881289765445,0.00014678997379045998,0.01942430346576952
11.303117353607359,-7.214141957980966e-05,0.00014678997379045998,0.01942008985837664
11.304417548173456,-4.5806750101823335e-05,0.00014678997379045998,0.019416097707612212
11.305717744246598,0.0001956520858244909,0.00014678997379045998,0.019412319859114506
11.307017941831399,9.955336592330083e-05,0.00014678997379045998,0.019408457903639015
11.308318140932473,2.28998577125189e-05,0.00014678997379045998,0.019404518321005412
11.309618341554438,0.00017109377508434456,0.00014678997379045998,0.019400389244958523
11.310918543701908,3.0176689177010413e-05,0.00014678997379045998,0.0193960730164171
11.312218747379497,-0.00020418353509670667,0.00014678997379045998,0.01939157193261174
11.313518952591822,-0.00017946349664998626,0.00014678997379045998,0.019386967714171924
11.314819159343498,-9.363821506261708e-05,0.00014678997379045998,0.019382259753103676
11.316119367639141,9.022516732454591e-05,0.00014678997379045998,0.01937746302560042
11.317419577483363,0.00020828550518667277,0.00014678997379045998,0.019372996862892764
11.318719788880783,3.159809346483383e-05,0.00014678997379045998,0.019368474464565726
11.320020001836014,0.0002314510133621453,0.00014678997379045998,0.019363892918516708
11.321320216353671,0.00013718010400969038,0.00014678997379045998,0.019359055212423933
11.322620432438374,0.00011553556673798981,0.00014678997379045998,0.019354599645584745
11.323920650094731,0.00045292409572351977,0.00014678997379045998,0.019350056969316347
11.325220869327364,0.0003827744771684946,0.00014678997379045998,0.01934542999182033
11.326521090140883,0.0002988628549848993,0.00014678997379045998,0.019340721502840094
11.327821312539905,7.246142601945171e-05,0.00014678997379045998,0.019335934273660035
11.329121536529048,-0.00017553491276546193,0.00014678997379045998,0.01933107105710614
11.330421762112923,-5.545949732678121e-05,0.00014678997379045998,0.019326134587545903
11.331721989296145,-9.28723500984649e-05,0.00014678997379045998,0.019321276571360964
11.333022218083336,7.224481676245537e-05,0.00014678997379045998,0.019316494422910023
11.334322448479105,0.0001282042553338164,0.00014678997379045998,0.019311785575422992
11.335622680488068,8.318040508908595e-05,0.00014678997379045998,0.019306961884094094
11.336922914114842,0.00017264209423940857,0.00014678997379045998,0.019302203108755984
11.33822314936404,-6.0083752061727835e-05,0.00014678997379045998,0.019297510028562607
11.339523386240282,-0.00022981727296172635,0.00014678997379045998,0.01929288344108178
11.340823624748179,-0.00012721550389946032,0.00014678997379045998,0.019288213066316257
11.342123864892345,-0.00011040511119993213,0.00014678997379045998,0.019283503678039802
11.3434241066774,-2.067645196041426e-05,0.00014678997379045998,0.019278493579174612
11.344724350107954,-0.00026824385008779317,0.00014678997379045998,0.019273665811413244
11.346024595188629,-0.00026453379127377996,0.00014678997379045998,0.01926876793137596
11.347324841924033,7.422360646899481e-05,0.00014678997379045998,0.019263803145969278
11.348625090318787,5.855913197153409e-05,0.00014678997379045998,0.01925887022326291
11.349925340377503,-0.00016191156717676458,0.00014678997379045998,0.019253625604598302
11.351225592104797,-2.875412828431262e-05,0.00014678997379045998,0.019248582864657377
11.352525845505285,-7.192506553944933e-05,0.00014678997379045998,0.019243745907998062
11.353826100583582,-0.000192850421505273,0.00014678997379045998,0.019238921450832426
11.355126357344302,-0.0002661490007353391,0.00014678997379045998,0.019234108629970374
11.356426615792062,-0.0001010995988780447,0.00014678997379045998,0.01922938351548313
11.357726875931474,-0.00023774511665561326,0.00014678997379045998,0.019224747914232194
11.359027137767159,-0.0003014653826266672,0.00014678997379045998,0.019220075743558027
11.360327401303728,-0.000149748216391285,0.00014678997379045998,0.019215146224201386
11.361627666545795,-8.303438741816618e-05,0.00014678997379045998,0.019210268310425035
11.36292793349798,-0.00013674357623890895,0.00014678997379045998,0.01920573906315464
11.364228202164897,-0.00022598349560940673,0.00014678997379045998,0.019201046294574604
11.365528472551157,-0.0005157679123586993,0.00014678997379045998,0.019196232377784863
11.36682874466138,-0.00030344663422057425,0.00014678997379045998,0.019191299920856525
11.368129018500179,-0.00030471088566427773,0.00014678997379045998,0.019186251501932757
11.36942929407217,-0.0003508840031407369,0.00014678997379045998,0.019181089669229465
11.370729571381968,-0.0001563112243222961,0.00014678997379045998,0.01917581694103469
11.37202985043419,-0.00014042219646147325,0.00014678997379045998,0.01917059688278008
11.373330131233448,-0.0002697395796847947,0.00014678997379045998,0.01916519622732319
11.374630413784361,-0.00027841737537620537,0.00014678997379045998,0.019159941825102084
11.375930698091539,-0.000264521768584703,0.00014678997379045998,0.01915483935757888
11.377230984159604,-0.0001600731252589041,0.00014678997379045998,0.01914974740120203
11.378531271993165,-0.00020599845973398936,0.00014678997379045998,0.019144666597523858
11.379831561596841,-9.586986966976865e-05,0.00014678997379045998,0.019139597587103985
11.381131852975248,1.334249089043199e-05,0.00014678997379045998,0.01913454100950959
11.382432146132997,0.00012621266837355496,0.00014678997379045998,0.019129497503314795
11.383732441074706,-5.115386589212359e-05,0.00014678997379045998,0.019124467706101312
11.38503273780499,-0.00010950022540636567,0.00014678997379045998,0.019119452254458352
11.386333036328466,-0.00010613508786275205,0.00014678997379045998,0.01911420284933957
11.387633336649747,-9.072580271269129e-05,0.00014678997379045998,0.01910874454373143
11.388933638773446,-0.00019978235453127144,0.00014678997379045998,0.019103832596317614
11.390233942704185,-9.781748697889822e-05,0.00014678997379045998,0.019098884176391412
11.391534248446575,-8.957156061231014e-05,0.00014678997379045998,0.019093619806417432
11.39283455600523,-8.76569898450516e-05,0.00014678997379045998,0.0190886580556326
11.394134865384768,-0.00012729154029051878,0.00014678997379045998,0.019083758371927842
11.395435176589801,5.3726596869644455e-05,0.00014678997379045998,0.01907891991087798
11.39673548962495,1.9492291118777816e-05,0.00014678997379045998,0.019074141841879375
11.398035804494825,-0.0002137964276651312,0.00014678997379045998,0.01906942334814944
11.399336121204042,-6.015178278456074e-05,0.00014678997379045998,0.019064763626727457
11.40063643975722,-0.0002115566912400807,0.00014678997379045998,0.019060161888473714
11.401936760158968,-4.68258785886605e-05,0.00014678997379045998,0.019055617358070237
11.403237082413908,0.00017790612701579223,0.00014678997379045998,0.019051245926709436
11.40453740652665,0.00011472364459319193,0.00014678997379045998,0.019047050897264182
11.40583773250181,0.00012371448135882826,0.00014678997379045998,0.019042900239976103
11.407138060344009,-9.392311662277664e-05,0.00014678997379045998,0.01903879264118607
11.408438390057855,-7.067233944986484e-05,0.00014678997379045998,0.019034791232868383
11.409738721647965,-1.2920769273255805e-05,0.00014678997379045998,0.019030824747658034
11.411039055118959,4.066353184593516e-05,0.00014678997379045998,0.019026887280739663
11.412339390475445,3.649702775547839e-05,0.00014678997379045998,0.01902271162800603
11.413639727722044,1.29251534451702e-06,0.00014678997379045998,0.01901903452171964
11.41494006686337,4.595058892770121e-05,0.00014678997379045998,0.019014936427489817
11.416240407904036,6.96887218770148e-05,0.00014678997379045998,0.019010965084576455
11.417540750848657,0.00012569959995260838,0.00014678997379045998,0.01900657290786082
11.418841095701852,0.00013745310674956324,0.00014678997379045998,0.019001653399812007
11.420141442468234,0.00028806280058844835,0.00014678997379045998,0.018996732823592825
11.42144179115242,0.00014467636163852104,0.00014678997379045998,0.01899152876234138
11.422742141759022,7.707283285285707e-05,0.00014678997379045998,0.018986429440363464
11.424042494292657,-7.618165276622457e-05,0.00014678997379045998,0.018981526807755774
11.425342848757941,-0.000261355643695671,0.00014678997379045998,0.01897681840520154
11.426643205159488,-0.00020680650376333348,0.00014678997379045998,0.01897226790688626
11.427943563501914,-0.00016904635208526975,0.00014678997379045998,0.018967701846348013
11.429243923789835,1.9930686240007128e-05,0.00014678997379045998,0.01896312519905495
11.430544286027864,-0.00016320083659753307,0.00014678997379045998,0.018958542932603052
11.431844650220619,-0.00010412540692911892,0.00014678997379045998,0.018953960006715835
11.433145016372713,-0.0002061966820333036,0.00014678997379045998,0.01894938137324454
11.434445384488761,-0.0003053304169924713,0.00014678997379045998,0.018944811433864308
11.435745754573382,-0.00037038095810751,0.00014678997379045998,0.018940249145666846
11.437046126631186,-0.00021749469527868742,0.00014678997379045998,0.018935693458465155
11.438346500666794,-0.000297576203898281,0.00014678997379045998,0.01893114331479312
11.439646876684817,-0.0001742181001691337,0.00014678997379045998,0.018926597649905973
11.44094725468987,-0.0002051777318171806,0.00014678997379045998,0.0189221686732708
11.44224763468657,-0.00017255774332453067,0.00014678997379045998,0.018917859239086225
11.443548016679532,-8.62040602533573e-06,0.00014678997379045998,0.018913596999949295
11.444848400673374,-0.00021155334139349655,0.00014678997379045998,0.018909215430820896
11.446148786672707,-0.00022667630619835344,0.00014678997379045998,0.018904898124230397
11.447449174682147,-6.814427195251868e-05,0.00014678997379045998,0.01890064700527206
11.44874956470631,-6.601268689091291e-05,0.00014678997379045998,0.018896464005807797
11.450049956749812,-0.0001686493760480641,0.00014678997379045998,0.018892351064467135
11.451350350817268,-0.0002743235582389307,0.00014678997379045998,0.018888310126647448
11.452650746913292,-0.00015588683956843305,0.00014678997379045998,0.018884343144513625
11.4539511450425,-8.661225992959154e-05,0.00014678997379045998,0.018880352125814962
11.45525154520951,-8.9210794241356e-05,0.00014678997379045998,0.01887633376114676
11.456551947418934,0.00010437232836250226,0.00014678997379045998,0.018872284723901886
11.457852351675385,0.00020129410612748297,0.00014678997379045998,0.018868201670271957
11.459152757983484,0.00017720466518429678,0.00014678997379045998,0.018864081239246173
11.460453166347842,-4.959190860411716e-05,0.00014678997379045998,0.018859920052612243
11.461753576773075,-7.27142912161291e-05,0.00014678997379045998,0.018855611650065152
11.4630539892638,6.775187086814974e-05,0.00014678997379045998,0.018851522877992244
11.464354403824633,0.00022648522127936485,0.00014678997379045998,0.01884751835149262
11.465654820460186,0.00014797311766064775,0.00014678997379045998,0.018843595019203997
11.466955239175075,0.00021646262536337627,0.00014678997379045998,0.018839749844390418
11.468255659973916,-9.401215726891413e-05,0.00014678997379045998,0.018835979804943066
11.469556082861327,-0.0002029034007759306,0.00014678997379045998,0.018832281893379488
11.470856507841917,-0.00011634618934521293,0.00014678997379045998,0.018828653116844122
11.472156934920307,0.00018185089057757772,0.00014678997379045998,0.018825238576125006
11.47345736410111,0.00019949298496596893,0.00014678997379045998,0.018821773307039272
11.474757795388943,-6.081714355483242e-05,0.00014678997379045998,0.018818085391125776
11.476058228788418,-0.0001800624781879527,0.00014678997379045998,0.018814394167213012
11.47735866430415,4.247916712748004e-05,0.00014678997379045998,0.01881069614498882
11.478659101940758,-8.876610039343369e-06,0.00014678997379045998,0.018806987827556493
11.479959541702856,0.00010051297217690547,0.00014678997379045998,0.01880326571143448
11.481259983595058,6.287328150993143e-05,0.00014678997379045998,0.018799526286556192
11.482560427621982,0.00012563602935925303,0.00014678997379045998,0.018795766036270468
11.483860873788238,-0.00021677826448147572,0.00014678997379045998,0.0187919814373411
11.485161322098445,-0.0003171573876536368,0.00014678997379045998,0.0187882748022964
11.48646177255722,-0.00020559115293086738,0.00014678997379045998,0.018784646269933224
11.487762225169174,-2.2485208824678943e-05,0.00014678997379045998,0.018781095998078506
11.489062679938925,-0.00013513986042736764,0.00014678997379045998,0.01877813507831009
11.490363136871089,-0.0003355956699505891,0.00014678997379045998,0.018775752697919732
11.491663595970278,-6.490188357078513e-05,0.00014678997379045998,0.01877353562820502
11.49296405724111,7.615696479118528e-05,0.00014678997379045998,0.018771344697896698
11.4942645206882,6.104548179265701e-05,0.00014678997379045998,0.01876917874346656
11.495564986316161,-9.008234090400469e-05,0.00014678997379045998,0.018767036612110405
11.49686545412961,-0.00023068773416918056,0.00014678997379045998,0.018764917161748315
11.498165924133165,-0.00014663613997799654,0.00014678997379045998,0.018763081828659735
11.499466396331435,-0.00021987747835328433,0.00014678997379045998,0.0187610031513506
11.50076687072904,-0.0002170943072321574,0.00013444006900389265,0.01875865001817413
11.502067347330595,-0.0002954043405496813,0.00013444006900389265,0.018756070733283045
11.503367826140712,-1.8345504326690992e-05,0.00013444006900389265,0.018753457686732602
11.504668307164012,-0.0003085763720010702,0.00013444006900389265,0.018750811795357664
11.505968790405104,-0.00018146526715969585,0.00013444006900389265,0.018748133968263723
11.507269275868605,-0.00010752287583473685,0.00013444006900389265,0.018745425106826544
11.508569763559136,-0.0001248709378449779,0.00013444006900389265,0.018742661823293125
11.509870253481301,1.1994779264879601e-05,0.00013444006900389265,0.01873984586456862
11.511170745639726,0.00010325675022028122,0.00013444006900389265,0.018737069507208083
11.512471240039021,1.5070538855778415e-05,0.00013444006900389265,0.018734331259931247
11.513771736683802,0.0001831958660311432,0.00013444006900389265,0.01873154070172802
11.515072235578687,0.00018553720014554895,0.00013444006900389265,0.018728662066587125
11.516372736728288,6.010989078577417e-05,0.00013444006900389265,0.018725692460911512
11.517673240137219,4.487016051504811e-05,0.00013444006900389265,0.01872266232787147
11.518973745810099,-0.00024824472074549617,0.00013444006900389265,0.018719571250746955
11.520274253751543,-6.030383753664187e-05,0.00013444006900389265,0.018716418796964642
11.521574763966163,3.387356618247961e-05,0.00013444006900389265,0.01871322880760552
11.522875276458578,-0.00010603616607327351,0.00013444006900389265,0.01870999995714696
11.524175791233398,-0.0002718078091896621,0.00013444006900389265,0.018706730910296256
11.525476308295245,-0.0001637040412771143,0.00013444006900389265,0.018703420321990676
11.52677682764873,-4.8420146140995546e-05,0.00013444006900389265,0.018700175514596122
11.52807734929847,-1.7722639700009507e-05,0.00013444006900389265,0.018696998897160703
11.52937787324908,5.675852533786746e-06,0.00013444006900389265,0.018693892895263887
11.530678399505174,6.984430724635629e-05,0.00013444006900389265,0.018690364133811532
11.531978928071368,4.4780421830040856e-05,0.00013444006900389265,0.018686919336519822
11.533279458952276,1.7484331823029026e-05,0.00013444006900389265,0.0186837187669868
11.534579992152517,-4.1919674049494676e-05,0.00013444006900389265,0.018680765809416657
11.535880527676703,-3.2245745164097284e-06,0.00013444006900389265,0.018677776934968554
11.53718106552945,7.338300873416942e-05,0.00013444006900389265,0.018674747755964744
11.538481605715374,-1.1976148336086817e-05,0.00013444006900389265,0.018671673877774252
11.53978214823909,-5.393526672194809e-06,0.00013444006900389265,0.018668550898812683
11.54108269310521,-3.544045775216026e-05,0.00013444006900389265,0.01866537734212845
11.542383240318355,-8.937985021159611e-05,0.00013444006900389265,0.018662301019943164
11.543683789883136,-0.00020501623294479424,0.00013444006900389265,0.018659322696092204
11.54498434180417,-0.00016563082822020417,0.00013444006900389265,0.01865602584604537
11.546284896086075,-0.00018510618694219522,0.00013444006900389265,0.018652838716270933
11.54758545273346,-0.000263240574055839,0.00013444006900389265,0.018649762915511424
11.548886011750943,-8.989116766813104e-05,0.00013444006900389265,0.0186468000891097
11.550186573143142,6.243191248977986e-05,0.00013444006900389265,0.018643866138960078
11.55148713691467,-6.9864743108029315e-06,0.00013444006900389265,0.018639312321184563
11.552787703070141,0.0002246393034716146,0.00013444006900389265,0.018636189551379297
11.554088271614173,0.00034305617586230866,0.00013444006900389265,0.01863296065508508
11.555388842551379,0.00010929655063318319,0.00013444006900389265,0.01862938556594589
11.556689415886375,-0.00016811901286307648,0.00013444006900389265,0.018626051946814753
11.557989991623778,9.188998237189341e-05,0.00013444006900389265,0.01862292534542242
11.559290569768198,2.811725548741012e-06,0.00013444006900389265,0.018620006022999857
11.560591150324257,-8.548793267108834e-06,0.00013444006900389265,0.018617115878621308
11.561891733296566,3.1842289823155734e-06,0.00013444006900389265,0.018614369940955198
11.563192318689742,3.180117504249236e-05,0.00013444006900389265,0.018611771825628263
11.5644929065084,-3.38477647974858e-05,0.00013444006900389265,0.018609319354714247
11.565793496757154,-0.00011339902390590864,0.00013444006900389265,0.01860701040491024
11.567094089440621,0.00011229349547876161,0.00013444006900389265,0.018604842907536487
11.568394684563415,-0.00010313333009169187,0.00013444006900389265,0.018602738516541692
11.569695282130153,1.2119063430605925e-06,0.00013444006900389265,0.01859999569009172
11.570995882145448,-0.0001569391345798178,0.00013444006900389265,0.018597241305744926
11.572296484613918,-0.00016216768363663814,0.00013444006900389265,0.018594473849292713
11.573597089540174,-3.876299889478754e-05,0.00013444006900389265,0.018591691820084785
11.574897696928835,0.00013155832619990773,0.00013444006900389265,0.018588893731029524
11.576198306784516,0.00010240315810861739,0.00013444006900389265,0.01858612142867935
11.57749891911183,5.168080219902782e-05,0.00013444006900389265,0.018583334921292424
11.578799533915394,-1.5779962138594977e-05,0.00013444006900389265,0.01858061998358737
11.580100151199824,-1.2648824289675231e-06,0.00013444006900389265,0.018577972219755913
11.581400770969735,3.9719879584763224e-05,0.00013444006900389265,0.01857538727016038
11.582701393229739,0.00013118807522542394,0.00013444006900389265,0.01857286081133323
11.584002017984453,0.00011235100910548732,0.00013444006900389265,0.018570079364836928
11.585302645238496,1.293958320047403e-05,0.00013444006900389265,0.018567899684776304
11.58660327499648,8.313229621584664e-05,0.00013444006900389265,0.01856476676326162
11.587903907263017,0.0001012915066862484,0.00013444006900389265,0.018561686906310867
11.58920454204273,-5.083380343245958e-05,0.00013444006900389265,0.01855854524122288
11.590505179340227,1.5647187145247793e-05,0.00013444006900389265,0.018555342091308682
11.591805819160127,-0.00029023081130983425,0.00013444006900389265,0.018552077785258123
11.593106461507045,-8.909823064924549e-05,0.00013444006900389265,0.018548752657140163
11.594407106385596,-8.925832402911435e-05,0.00013444006900389265,0.01854536704640216
11.595707753800395,-0.00035154676035545687,0.00013444006900389265,0.018541921297870797
11.597008403756057,-0.00012978164394523636,0.00013444006900389265,0.018538415761751744
11.598309056257198,-7.787204991809016e-05,0.00013444006900389265,0.018534803071610217
11.599609711308434,-0.00015117241086853167,0.00013444006900389265,0.018531560858051407
11.600910368914377,-0.00043734813395006,0.00013444006900389265,0.018528670836934567
11.602211029079646,-0.0003533598419334996,0.00013444006900389265,0.018525466705912926
11.603511691808853,-0.00024505711461254506,0.00013444006900389265,0.018521953390012037
11.604812357106617,-0.0002339683771800695,0.00013444006900389265,0.01851813576570199
11.60611302497755,-0.00016720771394280326,0.00013444006900389265,0.018514018660898097
11.607413695426269,-0.00017249761968672964,0.00013444006900389265,0.018509606854960163
11.60871436845739,-0.00012448443794240913,0.00013444006900389265,0.018505092508983273
11.610015044075526,-0.00021803709913143648,0.00013444006900389265,0.018500473659270298
11.611315722285292,-0.0002340152628443927,0.00013444006900389265,0.018495672595355343
11.612616403091305,-2.182393111950856e-05,0.00013444006900389265,0.018491021742814414
11.61391708649818,8.602375219819713e-05,0.00013444006900389265,0.01848624165419426
11.615217772510535,0.00023569447288842096,0.00013444006900389265,0.018481424085445328
11.616518461132978,6.49652736062871e-05,0.00013444006900389265,0.01847656799679191
11.617819152370132,9.521097601526349e-05,0.00013444006900389265,0.018471672360017163
11.619119846226607,0.0002462201795588176,0.00013444006900389265,0.018466736158462834
11.62042054270702,0.00025980523905012876,0.00013444006900389265,0.01846122679852667
11.621721241815987,0.00019014288117077255,0.00013444006900389265,0.018455307424332476
11.623021943558124,5.7375601532488885e-05,0.00013444006900389265,0.018450132144315783
11.624322647938042,-8.182128871461747e-05,0.00013444006900389265,0.01844448040990634
11.62562335496036,-6.404951480891083e-05,0.00013444006900389265,0.018439189878270687
11.626924064629694,-0.0001368399807515977,0.00013444006900389265,0.018433997607110755
11.628224776950658,-0.00014880751478123927,0.00013444006900389265,0.01842870294134727
11.629525491927865,-5.121952185573736e-06,0.00013444006900389265,0.018423370792987535
11.630826209565933,0.0001354996221798986,0.00013444006900389265,0.018417862814978894
11.632126929869477,0.0001050895876114448,0.00013444006900389265,0.01841208429285456
11.633427652843112,9.16583257363976e-05,0.00013444006900389265,0.018406350770806552
11.634728378491454,-5.049846881005626e-05,0.00013444006900389265,0.018400665354898402
11.636029106819116,-4.966257104830479e-05,0.00013444006900389265,0.01839469676081277
11.637329837830714,-0.00010173337738507426,0.00013444006900389265,0.018388370733109616
11.638630571530864,-2.166890416705619e-05,0.00013444006900389265,0.018381952974333593
11.639931307924185,4.4434474098201115e-05,0.00013444006900389265,0.018375446709641387
11.641232047015283,8.638835952038543e-06,0.00013444006900389265,0.01836885516664976
11.642532788808781,-7.188018344032876e-06,0.00013444006900389265,0.018362181575435406
11.64383353330929,8.075588716937795e-05,0.00013444006900389265,0.01835542916853519
11.64513428052143,0.0005048750985850725,0.00013444006900389265,0.018348601180945813
11.646435030449814,0.000350301546727938,0.00013444006900389265,0.018341855566364838
11.647735783099055,0.0004335843645185758,0.00013444006900389265,0.018335190078687846
11.64903653847377,0.00046131801285028556,0.00013444006900389265,0.018328602513028643
11.650337296578574,0.0004121896031239018,0.00013444006900389265,0.018322134746694613
11.651638057418085,2.9820894425134498e-05,0.00013444006900389265,0.018315783095602802
11.652938820996912,1.8164104235787737e-05,0.00013444006900389265,0.018308909701481427
11.654239587319676,0.00018785341132254718,0.00013444006900389265,0.01830191060426828
11.65554035639099,6.672792092713917e-05,0.00013444006900389265,0.01829478691427164
11.65684112821547,-0.00017364542074892533,0.00013444006900389265,0.018287585858818393
11.65814190279773,0.00019938740896679324,0.00013444006900389265,0.018280310128735832
11.659442680142387,0.0001550951236028754,0.00013444006900389265,0.018272962415410328
11.660743460254057,0.0001907177121801308,0.00013444006900389265,0.0182655454107881
11.66204424313735,0.00016099685366117306,0.00013444006900389265,0.01825806180737485
11.663345028796886,0.00022673167927337104,0.00013444006900389265,0.018250649099854393
11.66464581723728,0.00019742099526277174,0.00013444006900389265,0.01824330112509223
11.665946608463148,9.417265205464292e-05,0.00013444006900389265,0.018236011754776207
11.667247402479102,0.00011529796275283263,0.00013444006900389265,0.0182287748954171
11.66854819928976,0.00011503962070620252,0.00013444006900389265,0.01822158448834847
11.669848998899734,0.0002171547539909953,0.00013444006900389265,0.018214434509727165
11.671149801313645,-4.790904515300856e-05,0.00013444006900389265,0.018206458349837553
11.672450606536101,3.170453876303464e-05,0.00013444006900389265,0.018198780778490655
11.673751414571722,1.3070727986390362e-05,0.00013444006900389265,0.018190789556814392
11.675052225425125,-0.0002936910928972754,0.00013444006900389265,0.018182477917379952
11.676353039100919,-7.353145876436498e-05,0.00013444006900389265,0.018173839037642994
11.677653855603724,-2.2781068415151512e-05,0.00013444006900389265,0.018165214799716712
11.678954674938156,2.147123584193833e-05,0.00013444006900389265,0.01815705572740133
11.680255497108828,0.0002561632577875554,0.00013444006900389265,0.01814877108947864
11.681556322120354,-0.0003119757343254641,0.00013444006900389265,0.018140371013504696
11.68285714997735,-0.00039424478802639606,0.00013444006900389265,0.018132151938493206
11.684157980684436,-0.00014481174038016853,0.00013444006900389265,0.018124031525599257
11.685458814246221,-0.00025813412001160843,0.00013444006900389265,0.018115953990804443
11.686759650667321,-0.0002134794665899116,0.00013444006900389265,0.018107902269419465
11.688060489952354,-0.00012220208605403377,0.00013444006900389265,0.018099449087554193
11.689361332105936,-4.517629347468993e-05,0.00013444006900389265,0.01809065557840115
11.690662177132682,4.769875306621929e-05,0.00013444006900389265,0.01808152898127459
11.6919630250372,-0.00017433503036786216,0.00013444006900389265,0.018072182088111545
11.693263875824117,-0.00014190828191576813,0.00013444006900389265,0.018062814914280287
11.694564729498039,4.82285133683244e-06,0.00013444006900389265,0.018053579908533717
11.695865586063587,0.00012669301592058493,0.00013444006900389265,0.018044475878044926
11.697166445525369,-0.00015046581771132814,0.00013444006900389265,0.01803550168357605
11.69846730788801,0.00018237182478649666,0.00013444006900389265,0.018026656239478266
11.699768173156118,0.00017587164258355686,0.00013444006900389265,0.0180193325788508
11.70136434679579,0.00037079100374082935,0.00013444006900389265,0.01800993958204755
11.70386276195911,0.0003156509141008755,0.00013444006900389265,0.018000395984929612
11.70636118627062,0.0001221714214161354,0.00013444006900389265,0.017991237090008085
11.708859619698352,0.00019622353303583306,0.00013444006900389265,0.017981450038295158
11.711358062210348,-2.9897192101620285e-05,0.00013444006900389265,0.017972108901895475
11.713856513774642,7.442935444628915e-05,0.00013444006900389265,0.01796252909115095
11.716354974359271,0.0002379551169444348,0.00013444006900389265,0.01795270632499757
11.718853443932272,0.00020115095464072474,0.00013444006900389265,0.017942645379052123
11.72135192246168,0.00047047656478777997,0.00013444006900389265,0.017932466054117677
11.723850409915533,0.000978611490418023,0.00013444006900389265,0.017922177044854316
11.72634890626187,0.0011447554261076083,0.00013444006900389265,0.017911787035562485
11.72884741146872,0.0007067524178386436,0.00013444006900389265,0.01790130470018359
11.731345925504128,0.0003000789422217473,0.00013444006900389265,0.017890934287010985
11.733844448336123,-2.2244355461369797e-05,0.00013444006900389265,0.017880677513971894
11.736342979932745,-5.645308543748492e-05,0.00013444006900389265,0.017870437143113035
11.738841520262033,2.7941763548200438e-05,0.00013444006900389265,0.01786007426119366
11.74134006929202,7.825220389994642e-05,0.00013444006900389265,0.0178494912726994
11.743838626990742,6.13827594741316e-05,0.00013444006900389265,0.01783879612493096
11.746337193326237,-6.849524939504109e-05,0.00013444006900389265,0.017828220192703057
11.748835768266542,5.671282157450677e-05,0.00013444006900389265,0.017817758528225227
11.751334351779692,0.00016209039275566148,0.00013444006900389265,0.017807406221251817
11.753832943833725,0.0002550007743751352,0.00013444006900389265,0.01779688240407543
11.756331544396676,0.00022167016077099047,0.00013444006900389265,0.017786192028158086
11.758830153436584,2.2587442397480756e-05,0.00013444006900389265,0.01777577735766376
11.761328770921482,5.9537869446669306e-05,0.00013444006900389265,0.01776515726933306
11.763827396819408,-9.360268880431385e-05,0.00013444006900389265,0.017754404208821413
11.7663260310984,-3.101339011718843e-05,0.00013444006900389265,0.017743657544711994
11.768824673726492,-6.72116854825329e-05,0.00013444006900389265,0.017732923365413957
11.771323324671721,-0.00013425754065711504,0.00013444006900389265,0.01772220777350021
11.773821983902126,-4.4357746696546685e-05,0.00013444006900389265,0.017711296922164547
11.77632065138574,-0.00010605050790418041,0.00013444006900389265,0.017700204742106564
11.778819327090602,-0.00013158417346708848,0.00013444006900389265,0.01768948730186238
11.781318010984748,-1.5336602289545836e-05,0.00013444006900389265,0.017678360607036377
11.783816703036212,-0.00016884791219653333,0.00013444006900389265,0.017667185720733565
11.786315403213035,-1.6697904147586207e-05,0.00013444006900389265,0.01765622104713202
11.788814111483248,1.6709975584897757e-05,0.00013444006900389265,0.017645188860090213
11.791312827814894,8.28712373289811e-06,0.00013444006900389265,0.01763409351874782
11.793811552176003,7.759776217735811e-05,0.00013444006900389265,0.017623202383533824
11.796310284534616,1.2047820269034393e-05,0.00013444006900389265,0.017612170092079958
11.798809024858766,-8.490577692065598e-05,0.00013444006900389265,0.01760117405335276
11.801307773116493,-0.00031800249914398435,0.00013444006900389265,0.017590678541043812
11.803806529275832,-0.00020496635018180456,0.00013444006900389265,0.017580169463234836
11.806305293304819,-4.1426108724405136e-05,0.00013444006900389265,0.017569649254551938
11.808804065171492,-0.00015991017436894905,0.00013444006900389265,0.017559120347947887
11.811302844843883,-0.00015346534215807117,0.00013444006900389265,0.017548550931835025
11.813801632290035,-0.00011939299572872805,0.00013444006900389265,0.01753792420847762
11.81630042747798,-0.00020918202815474116,0.00013444006900389265,0.017527240782103874
11.818799230375754,-8.963908042180363e-05,0.00013444006900389265,0.01751650124261494
11.821298040951397,-6.975619377857026e-05,0.00013444006900389265,0.017505706165584892
11.823796859172946,-8.910851689902105e-05,0.00013444006900389265,0.017494856112260433
11.826295685008432,-6.271459602037732e-05,0.00013444006900389265,0.01748395162956109
11.828794518425894,-0.00031313080529991877,0.00013444006900389265,0.01747299325007889
11.831293359393372,-0.00030493763816709374,0.00013444006900389265,0.017461981492078713
11.833792207878899,-0.0004320589512258506,0.00013444006900389265,0.017450916859497782
11.83629106385051,-0.00026303865636562174,0.00013444006900389265,0.017439799841946116
11.838789927276245,-0.00016184601634984183,0.00013444006900389265,0.017428630914706183
11.841288798124138,-0.0001750964635646897,0.00013444006900389265,0.017417410538732938
11.84378767636223,2.6894713100664852e-05,0.00013444006900389265,0.017406139160653755
11.84628656195855,-1.892112471812979e-05,0.00013444006900389265,0.017394817212768466
11.848785454881142,-1.7168751295648654e-05,0.00013444006900389265,0.017383445113049303
11.851284355098036,-0.00010229674919651557,0.00013444006900389265,0.017371956527673482
11.853783262577272,-0.00016688991113967058,0.00013444006900389265,0.017360349528554815
11.856282177286886,-8.701760718860321e-05,0.00013444006900389265,0.017348622157126417
11.858781099194914,-0.00012626305618556113,0.00013444006900389265,0.017336767396807416
11.861280028269395,-0.00021977988286599887,0.00013444006900389265,0.017324783053492252
11.863778964478364,-0.0004000588777937665,0.00013444006900389265,0.017312666901377626
11.866277907789852,-0.00021932453618339967,0.00013444006900389265,0.017300416682962193
11.868776858171906,-2.9081129396944794e-05,0.00013444006900389265,0.01728859543553869
11.871275815592552,-0.0001508019428630436,0.00013444006900389265,0.017277349043502623
11.873774780019835,-0.00021515531097485163,0.00013444006900389265,0.017266177062846624
11.876273751421785,-0.00017964333813280317,0.00013444006900389265,0.017255379954814486
11.878772729766442,-0.00015220177964548817,0.00013444006900389265,0.017244584413695037
11.881271715021843,-0.0002147758103176363,0.00013444006900389265,0.0172336967991638
11.883770707156021,-0.00016519275517204446,0.00013444006900389265,0.01722271463229587
11.886269706137018,-6.376753495670323e-05,0.00013444006900389265,0.017211670520411303
11.888768711932865,-1.5351126146298522e-07,0.00013444006900389265,0.01720074158423461
11.8912677245116,-4.6371963418331136e-05,0.00013444006900389265,0.01718993266434048
11.893766743841262,7.741543863443862e-05,0.00013444006900389265,0.017179248617962436
11.896265769889883,0.0001309381023728226,0.00013444006900389265,0.01716869431899219
11.898764802625506,6.936335839200294e-05,0.00013444006900389265,0.01715850608300956
11.90126384201616,1.5360085581703903e-05,0.00013444006900389265,0.017148385193918106
11.903762888029886,3.100473133308898e-05,0.00013444006900389265,0.017138281763909694
11.906261940634721,3.231612481699106e-05,0.00013444006900389265,0.017128198679403184
11.908760999798698,-0.0001944260934496067,0.00013444006900389265,0.017118138815421485
11.911260065489857,-0.000231966349784396,0.00013444006900389265,0.01710810503559145
11.913759137676232,-0.00019293176960740593,0.00013444006900389265,0.01709810019214398
11.916258216325861,-0.00020501862245880798,0.00013444006900389265,0.017088182148235282
11.91875730140678,-0.00011937618311892023,0.00013444006900389265,0.017078280126826807
11.921256392887026,-0.0002021442582445937,0.00013444006900389265,0.017068560256062786
11.923755490734635,-0.0001787427790625254,0.00013444006900389265,0.017058944933742447
11.92625459491764,-0.00011450021657163564,0.00013444006900389265,0.017049600614212537
11.928753705404084,-1.924892583708357e-05,0.00013444006900389265,0.01704052283712846
11.931252822162,-0.00018476055007366626,0.00013444006900389265,0.017031525488726162
11.933751945159425,-2.7732258168097074e-05,0.00013444006900389265,0.017022854076095238
11.936251074364394,5.634297861761145e-05,0.00013444006900389265,0.017014244962417296
11.938750209744946,1.8025122358638485e-05,0.00013444006900389265,0.017005712747636872
11.941249351269116,4.460729920866685e-05,0.00013444006900389265,0.01699725776217836
11.943748498904942,3.187838340772478e-05,0.00013444006900389265,0.01698888033795105
11.946247652620457,-1.0383405734247508e-05,0.00013444006900389265,0.016980580808349098
11.9487468123837,-0.00011452609477134723,0.00013444006900389265,0.01697235950825093
11.951245978162708,-1.5936505430719228e-05,0.00013444006900389265,0.01696421677401997
11.953745149925515,1.7107128879555178e-05,0.00013444006900389265,0.01695615294350438
11.956244327640162,-0.0001759930865087786,0.00013444006900389265,0.016948818096275187
11.958743511274681,-0.0001290250253976645,0.00013444006900389265,0.016941256856473894
11.961242700797111,-0.0002343553910780921,0.00013444006900389265,0.01693347547475134
11.963741896175486,-0.0001520687028664612,0.00013444006900389265,0.016925480132866957
11.966241097377846,0.00011772656843433982,0.00013444006900389265,0.016917276943689358
11.968740304372224,5.4798570379162304e-05,0.00013444006900389265,0.016909103724025532
11.971239517126659,8.450470472768506e-06,0.00013444006900389265,0.01690119578328785
11.973738735609185,0.00012311923626513732,0.00013444006900389265,0.01689354244321012
11.976237959787841,7.229280597310234e-05,0.00013444006900389265,0.016886630336555047
11.978737189630664,6.5842130722790215e-06,0.00013444006900389265,0.016880449476941
11.981236425105687,-9.661663705137075e-05,0.00013444006900389265,0.016873944013751276
11.983735666180948,-7.925468318969661e-05,0.00013444006900389265,0.016866653960382425
11.986234912824486,-7.446869432771452e-05,0.00013444006900389265,0.016859315683298747
11.988734165004333,-8.270578741709222e-05,0.00013444006900389265,0.01685193232313541
11.991233422688529,2.4058142685513123e-05,0.00013444006900389265,0.016844621367448923
11.99373268584511,-0.00010503014697162832,0.00013444006900389265,0.016838046267593748
11.996231954442111,-0.00027457649271702897,0.00013444006900389265,0.016831464678887485
11.998731228447568,-0.00015912073771572055,0.00013444006900389265,0.016824512882454144
12.00123050782952,-0.00019665110945173495,0.00013444006900389265,0.01681770127121464
12.003729792556003,-5.788364572376775e-05,0.00013444006900389265,0.016810912673017323
12.006229082595052,4.809987464899496e-06,0.00013444006900389265,0.016803723157939283
12.008728377914705,-0.00010030764901709441,0.00013444006900389265,0.016796118320103772
12.011227678482998,-2.278293924066685e-05,0.00013444006900389265,0.016788500579121093
12.013726984267965,-0.00026486137268369805,0.00013444006900389265,0.016780869781415287
12.016226295237649,-0.00017957207462112462,0.00013444006900389265,0.016773225761512963
12.018725611360077,-9.606325206325261e-05,0.00013444006900389265,0.016765568342044096
12.021224932603293,-0.00017248260637081972,0.00013444006900389265,0.01675789733374082
12.023724258935331,-0.0002553898261574948,0.00013444006900389265,0.016749792561376983
12.026223590324228,-0.00018876913886085173,0.00013444006900389265,0.016742045031977182
12.02872292673802,-0.00028595128387497865,0.00013444006900389265,0.016734667816630404
12.031222268144743,-0.0003035534433569742,0.00013444006900389265,0.01672754898247479
12.033721614512434,-0.00016286270024022317,0.00013444006900389265,0.01672050595414939
12.036220965809129,-0.00015291761132390017,0.00013444006900389265,0.016713541024876516
12.038720322002867,-0.00017937046401419673,0.00013444006900389265,0.0167066564927495
12.041219683061682,-3.1480714622597605e-05,0.00013444006900389265,0.016699854660733152
12.043719048953609,-8.553178643624926e-05,0.00013444006900389265,0.016693162985190708
12.046218419646689,4.153518760233524e-05,0.00013444006900389265,0.016686584652098126
12.048717795108953,-0.00016138698741297725,0.00013444006900389265,0.01668003566623991
12.051217175308441,-0.00027180737158650006,0.00013444006900389265,0.016673515745655895
12.053716560213191,-0.0005659319362601167,0.00013444006900389265,0.016667216884353794
12.056215949791236,-0.00018140106916421025,0.00013444006900389265,0.016661138426659013
12.058715344010613,-0.0001954875441811839,0.00013444006900389265,0.01665528612662931
12.06121474283936,-0.0002969073553335984,0.00013444006900389265,0.016650058326731394
12.063714146245513,-0.00020694663197765376,0.00013444006900389265,0.016645378472961086
12.066213554197109,-0.0003119975317423321,0.00013444006900389265,0.01664045564934082
12.068712966662183,-0.00028785606696942953,0.00013444006900389265,0.016635001259892146
12.071212383608772,-7.306872477785484e-05,0.00013444006900389265,0.016629697974321272
12.073711805004912,4.4269293011139216e-05,0.00013444006900389265,0.01662454439551314
12.076211230818641,9.498911612112332e-06,0.00013444006900389265,0.016619786859837813
12.078710661017995,0.00026507960592703564,0.00013444006900389265,0.016615022776406637
12.08121009557101,0.00033977754624216205,0.00013444006900389265,0.016609873513644718
12.083709534445724,0.0002902907637036649,0.00013444006900389265,0.016604356474052426
12.08620897761017,4.3951783829532937e-05,0.00013444006900389265,0.01659894737085964
12.088708425032387,4.3547040061237e-05,0.00013444006900389265,0.016593565518655668
12.091207876680413,-0.0001710563994211864,0.00013444006900389265,0.01658820900687498
12.09370733252228,-0.00015661409347451916,0.00013444006900389265,0.016582875907442788
12.096206792526027,-0.00012272531928677818,0.00013444006900389265,0.016577594785290348
12.098706256659693,5.519893025669742e-05,0.00013444006900389265,0.016572364736823875
12.101205724891308,4.516845601041514e-05,0.00013444006900389265,0.016567184848326536
12.103705197188917,-8.004022487492768e-05,0.00013444006900389265,0.016562054195957975
12.10620467352055,-0.00019829337687783666,0.00013444006900389265,0.016556968809476918
12.108704153854244,-6.282361015843771e-05,0.00013444006900389265,0.01655192763935967
12.11120363815804,-0.0001516782042225058,0.00013444006900389265,0.0165469296252243
12.113703126399967,-0.00016930699120042483,0.00013444006900389265,0.01654197369583041
12.116202618548071,-0.00015377858347978557,0.00013444006900389265,0.01653705876907899
12.118702114570379,-0.00021284510816700977,0.00013444006900389265,0.01653218375201302
12.121201614434932,1.2723477620612406e-05,0.00013444006900389265,0.016527347540816438
12.123701118109771,-3.2284086267334033e-05,0.00013444006900389265,0.01652271025414255
12.126200625562923,-0.00018839368891571465,0.00013444006900389265,0.016518916686387358
12.128700136762431,6.528368728872525e-07,0.00013444006900389265,0.01651429998899361
12.131199651676331,-8.655419162846567e-05,0.00013444006900389265,0.01650960168625245
12.133699170272656,-0.0001403612936540094,0.00013444006900389265,0.016504830681831142
12.136198692519448,-7.590168539801934e-05,0.00013444006900389265,0.01650009366785353
12.138698218384738,-6.371076363526768e-05,0.00013444006900389265,0.016495285666815136
12.141197747836564,-0.00010063164222517268,0.00013444006900389265,0.016490336145101214
12.143697280842963,-3.386856204674188e-05,0.00013444006900389265,0.01648523067194425
12.146196817371973,7.464031755510456e-05,0.00013444006900389265,0.016480063295960697
12.148696357391628,-0.00010358858515448904,0.00013444006900389265,0.016474828770672977
12.151195900869967,-7.252711944225748e-05,0.00013444006900389265,0.016469521819022108
12.153695447775023,-7.431655712582252e-05,0.00013444006900389265,0.016464137133368265
12.156194998074836,-0.00016559678402898112,0.00013444006900389265,0.016458669375490235
12.158694551737442,1.3197379177595087e-05,0.00013444006900389265,0.016453113176585616
12.161194108730875,8.057068262003544e-05,0.00013444006900389265,0.016448184957703973
12.163693669023173,2.4745060205503405e-05,0.00013444006900389265,0.01644327594705871
12.166193232582373,2.7963046633241312e-05,0.00013444006900389265,0.01643838410264301
12.16869279937651,0.00012555698738237614,0.00013444006900389265,0.01643350737448138
12.171192369373623,0.00024107012828977065,0.00013444006900389265,0.016428643704629153
12.173691942541746,0.00022301532295621734,0.00013444006900389265,0.016423791027172466
12.176191518848915,0.00017275987143914803,0.00013444006900389265,0.01641906439913169
12.17869109826317,0.000212590222144423,0.00013444006900389265,0.01641410324009036
12.181190680752547,0.00022230437474377376,0.00013444006900389265,0.016408975466575375
12.183690266285078,0.00019230242499292463,0.00013444006900389265,0.016403678624401608
12.186189854828802,0.0002552925574233339,0.00013444006900389265,0.01639821020975277
12.188689446351757,0.00034553517107140455,0.00013444006900389265,0.016392722038463613
12.191189040821978,0.0003125434950854433,0.00013444006900389265,0.01638667844301576
12.193688638207501,0.000246030439051078,0.00013444006900389265,0.016381636272698414
12.196188238476365,0.00019746758531427946,0.00013444006900389265,0.016376737217247337
12.198687841596604,0.0002774172996329455,0.00013444006900389265,0.016371976695373963
12.201187447536254,0.0004225648913850841,0.00013444006900389265,0.016366846333089886
12.203687056263355,0.0003534084528123878,0.00013444006900389265,0.016361673807922188
12.20618666774594,0.00039637114701348425,0.00013444006900389265,0.016356461218405755
12.208686281952046,0.00019502129344671493,0.00013444006900389265,0.016351210644443368
12.21118589884971,0.00019129998106817703,0.00013444006900389265,0.016345924147306144
12.21368551840697,0.00019509255459443722,0.00013444006900389265,0.016340603769633075
12.21618514059186,0.00013678613245685783,0.00013444006900389265,0.01633530852821926
12.218684765372416,0.00017737481362275695,0.00013444006900389265,0.016329542377409245
12.221184392716678,0.00035529395320471613,0.00013444006900389265,0.016323288072485842
12.223684022592682,0.0004351445602153066,0.00013444006900389265,0.016317199522152444
12.22618365496846,0.00036929143296121625,0.00013444006900389265,0.016311273862396374
12.228683289812052,0.00046434272912750443,0.00013444006900389265,0.01630551725573113
12.231182927091496,0.000520215313022869,0.00013444006900389265,0.01629993590056421
12.233682566774826,0.00048515097439997754,0.00013444006900389265,0.016294536031198008
12.236182208830078,0.00027406845694936954,0.00013444006900389265,0.016289129794103414
12.23868185322529,0.0003342599555527549,0.00013444006900389265,0.016283716754427892
12.241181499928496,0.00018310930678052534,0.00013444006900389265,0.01627837491637098
12.243681148907736,0.00033676029536648666,0.00013444006900389265,0.016273324739559867
12.246180800131045,0.00043958574885018947,0.00013444006900389265,0.016268560761507626
12.24868045356646,0.00034832042900662455,0.00013444006900389265,0.016264202967055837
12.251180109182016,0.0002466332080697936,0.00013444006900389265,0.016259418843182934
12.25367976694575,-1.8186557687187993e-05,0.00013444006900389265,0.016254361966392884
12.256179426825698,-1.8074864683782776e-05,0.00013444006900389265,0.016249304628538692
12.258679088789897,0.00013695358056807494,0.00013444006900389265,0.01624424500776977
12.261178752806385,0.00033442562993934305,0.00013444006900389265,0.016239160240092552
12.263678418843197,0.0002247008274663155,0.00013444006900389265,0.01623404923328919
12.26617808686837,0.0003236261023152921,0.00013444006900389265,0.016228910881732745
12.268677756849941,0.00038625997148164504,0.00013444006900389265,0.016223607981855143
12.271177428755943,0.00029724875334717973,0.00013444006900389265,0.016218405000044935
12.273677102554416,0.0004899979854499775,0.00013444006900389265,0.01621312048708313
12.276176778213397,0.0008872356102921537,0.00013444006900389265,0.016207834649956183
12.278676455700921,0.0010142999460029632,0.00013444006900389265,0.01620254715065804
12.281176134985023,0.0003786573016051724,0.00013444006900389265,0.016197376336828113
12.283675816033742,-3.4633307414211334e-05,0.00013444006900389265,0.016192192440466623
12.286175498815114,-3.2116333074136416e-05,0.00013444006900389265,0.016187161708734035
12.288675183297174,-7.681748433992219e-05,0.00013444006900389265,0.0161822773625642
12.29117486944796,-7.218161489261701e-05,0.00013444006900389265,0.016177767913240566
12.293674557235509,0.000150157195589945,0.00013444006900389265,0.016173376243288868
12.296174246627855,0.00015913577359061293,0.00013444006900389265,0.016169657926097147
12.298673937593037,0.000114748787996128,0.00013444006900389265,0.016165827361965868
12.301173630099088,6.173304374364891e-05,0.00013444006900389265,0.016161890674445113
12.30367332411405,3.7724490083934636e-05,0.00013444006900389265,0.01615785396357719
12.306173019605954,2.1059863915089128e-05,0.00013444006900389265,0.01615372330589694
12.30867271654284,-9.512653134733165e-05,0.00013444006900389265,0.016149344513026413
12.311172414892743,-0.00022424068603534367,0.00013444006900389265,0.016145480832931186
12.3136721146237,-2.4120258232784852e-05,0.00013444006900389265,0.01614131849864053
12.316171815703747,-5.422546474780077e-05,0.00013444006900389265,0.01613622068306693
12.318671518100922,0.00011005652476307401,0.00013444006900389265,0.01613128100050021
12.321171221783258,4.601865706022404e-05,0.00013444006900389265,0.016126382331856547
12.323670926718796,5.7928073529806e-06,0.00013444006900389265,0.016121529521575865
12.32617063287557,-7.175881421830899e-05,0.00013444006900389265,0.016116723517192982
12.328670340221613,3.8168232919012085e-05,0.00013444006900389265,0.016111965274727736
12.33117004872497,-5.02578147061096e-05,0.00013444006900389265,0.01610725575868556
12.33366975835367,-0.0003610165128102409,0.00013444006900389265,0.016102595942057107
12.336169469075752,-0.0002983523212161214,0.00013444006900389265,0.01609798680631867
12.338669180859254,-0.0001445090343546833,0.00013444006900389265,0.016093429341431674
12.34116889367221,-5.582416969207582e-05,0.00013444006900389265,0.01608872476646114
12.343668607482659,-0.00011015256365347684,0.00013444006900389265,0.016083867151110428
12.346168322258634,-0.0001148557077343057,0.00013444006900389265,0.016078850525215082
12.348668037968176,-0.0002478649760255004,0.00013444006900389265,0.016073660670481597
12.351167754579317,-0.00024195468300560255,0.00013444006900389265,0.01606835273199296
12.353667472060097,-0.00016527620064214071,0.00013444006900389265,0.016062817653329585
12.356167190378551,-0.00018472106682716066,0.00013444006900389265,0.016057419648294727
12.358666909502713,-7.301398943625886e-05,0.00013444006900389265,0.016052354481874215
12.361166629400625,0.00018718585369120397,0.00013444006900389265,0.016047431786118813
12.363666350040319,0.0003405342295277995,0.00013444006900389265,0.016042646711243974
12.36616607138983,0.0002982879814598591,0.00013444006900389265,0.016037807537288947
12.368665793417202,0.00032313592808993347,0.00013444006900389265,0.016032848088199728
12.371165516090466,0.000822872696407382,0.00013444006900389265,0.016027311370871287
12.373665239377658,0.0013509589648637473,0.00013444006900389265,0.01602178646420932
12.376164963246815,0.0012592444030034879,0.00013444006900389265,0.016016282309375497
12.378664687665976,0.0005280864335173822,0.00013444006900389265,0.016010614206707758
12.381164412603175,6.985816955667676e-05,0.00013444006900389265,0.016004777166557443
12.38366413802645,-7.4665136000420795e-06,0.00013444006900389265,0.015998821011610112
12.386163863903837,0.0002510809912385642,0.00013444006900389265,0.015992742580082587
12.388663590203372,0.000186666839097481,0.00013444006900389265,0.015986528627175818
12.39116331689309,0.00022335264880429112,0.00013444006900389265,0.01598049241378517
12.39366304394103,0.0005440421499169901,0.00013444006900389265,0.01597464135248531
12.396162771315229,0.000655647146275893,0.00013444006900389265,0.015968982904977405
12.39866249898372,0.0003440355102799775,0.00013444006900389265,0.015963328602674718
12.401162226914543,-0.00013706171757278326,0.00013444006900389265,0.0159575255048475
12.403661955075732,0.0001016339528947946,0.00013444006900389265,0.015951569030983822
12.406161683435325,0.0005448988660331708,0.00013444006900389265,0.01594545456507101
12.40866141196136,0.0004740396215754637,0.00013444006900389265,0.015939177455594263
12.41116114062187,-5.0046252466927343e-05,0.00013444006900389265,0.01593128916608096
12.413660869384893,-0.00018389336497807995,0.00013444006900389265,0.01592537099912418
12.416160598218465,-0.0002844885884955399,0.00013444006900389265,0.01591936012793136
12.418660327090624,-0.0003729355289798092,0.00013444006900389265,0.015912789545296797
12.421160055969406,-0.0003116703135755891,0.00013444006900389265,0.01590666851909523
12.423659784822844,-0.0001964373301161261,0.00013444006900389265,0.015900092724467352
12.42615951361898,-8.865186705133907e-05,0.00013444006900389265,0.015893727500376657
12.428659242325846,-0.0002220185242032928,0.00013444006900389265,0.01588754857024361
12.431158970911483,-0.00028321179815981624,0.00013444006900389265,0.01588177901411266
12.433658699343923,-0.0002687163712648162,0.00013444006900389265,0.015876208063686587
12.436158427591204,-8.375138268567478e-05,0.00013444006900389265,0.015871062844055116
12.438658155621365,-9.222374733981742e-05,0.00013444006900389265,0.01586548665476078
12.441157883402438,6.185157363461716e-05,0.00013444006900389265,0.015860351728704817
12.443657610902463,0.0002174818533957762,0.00013444006900389265,0.015854915098405177
12.446157338089474,0.00015596443822330983,0.00013444006900389265,0.01584867729692359
12.44865706493151,0.0002109384630810604,0.00013444006900389265,0.015842427887669527
12.451156791396606,0.0005728390187098933,0.00013444006900389265,0.015836304762363845
12.453656517452798,0.0004320389137356974,0.00013444006900389265,0.015830413010062064
12.456156243068126,0.00015775479282893745,0.00013444006900389265,0.01582465217763113
12.45865596821062,3.831984954572043e-06,0.00013444006900389265,0.015818786634283287
12.461155692848322,-5.6869553500309145e-05,0.00013444006900389265,0.015812808933958044
12.463655416949265,-5.0290228940274434e-05,0.00013444006900389265,0.01580671160493122
12.466155140481488,-3.486914077167891e-05,0.00013444006900389265,0.01580077300104452
12.468654863413029,4.773371237152407e-05,0.00013444006900389265,0.01579499552509073
12.47115458571192,4.0521051895968385e-05,0.00013444006900389265,0.015789162702917168
12.473654307346198,5.821306196872669e-05,0.00013444006900389265,0.015783447237198482
12.476154028283903,4.868061923341688e-05,0.00013444006900389265,0.0157774508532223
12.47865374849307,-0.00010440498868652393,0.00013444006900389265,0.015771523220509343
12.481153467941732,-0.00024310353315224256,0.00013444006900389265,0.015765664081988266
12.483653186597932,-0.00014717248229551526,0.00013444006900389265,0.015759873205229275
12.486152904429701,2.973692549625845e-05,0.00013444006900389265,0.015754386883856976
12.488652621405079,-7.34187622861808e-05,0.00013444006900389265,0.015749001420054445
12.491152337492098,-9.582147517872217e-05,0.00013444006900389265,0.015743170261466027
12.493652052658797,-9.32326674353591e-05,0.00013444006900389265,0.015737522563203658
12.496151766873217,7.740453037576728e-05,0.00013444006900389265,0.01573179539992029
12.498651480103389,0.0002899844865966103,0.00013444006900389265,0.015726153223661797
12.501151192317348,0.0001609766704030631,0.00013444006900389265,0.01572035688352837
12.503650903483136,-3.08289780918819e-05,0.00013444006900389265,0.01571463670458069
12.506150613568787,7.536172029251956e-05,0.00013444006900389265,0.015708723824619422
12.508650322542337,0.00023061609821977205,0.00013444006900389265,0.015702964867102577
12.511150030371821,0.00032404684878228895,0.00013444006900389265,0.01569718975847692
12.513649737025279,0.0005728959859488264,0.00013444006900389265,0.015690918937277663
12.516149442470745,0.0011129678933657974,0.00013444006900389265,0.01568465247579226
12.518649146676255,0.001579999115434095,0.00013444006900389265,0.015678391730522826
12.52114884960985,0.0010839518256000637,0.00013444006900389265,0.015672138060379162
12.52364855123956,0.000289877950754705,0.00013444006900389265,0.015665892826678553
12.526148251533426,-2.468995809681851e-05,0.00013444006900389265,0.015659657393145808
12.528647950459483,-9.32243531169951e-05,0.00013444006900389265,0.015653433125913482
12.531147647985767,-0.0001183153905844718,0.00013444006900389265,0.015647221393521496
12.533647344080316,-9.234427986060285e-05,0.00013444006900389265,0.015641023566917354
12.536147038711166,3.7004585212340596e-05,0.00013444006900389265,0.015634841019456114
12.53864673184635,0.0002054019336352915,0.00013444006900389265,0.015628714131392395
12.54114642345391,0.00037021029302114136,0.00013444006900389265,0.01562264289766362
12.543646113501879,0.000399410215830457,0.00013444006900389265,0.015616860665719854
12.546145801958296,0.0004169585591572607,0.00013444006900389265,0.01561105872811823
12.548645488791195,9.34950615926796e-05,0.00013444006900389265,0.01560523955485031
12.551145173968612,-4.228304311544931e-06,0.00013444006900389265,0.015599417161999298
12.553644857458586,-0.00013610818440410247,0.00013444006900389265,0.015593593600650511
12.556144539229154,-6.230478560780017e-05,0.00013444006900389265,0.015587770920146215
12.558644219248349,-5.204302145895082e-06,0.00013444006900389265,0.015581951168085764
12.56114389748421,0.00015216072989690695,0.00013444006900389265,0.015576136390325306
12.563643573904772,0.0002869603687095431,0.00013444006900389265,0.01557032863097802
12.566143248478074,0.00024431911655666515,0.00013444006900389265,0.01556452993241436
12.56864292117215,9.415583411849504e-05,0.00013444006900389265,0.01555874233526143
12.571142591955036,4.070725178405808e-05,0.00013444006900389265,0.015553020618885747
12.57364226079477,0.00012280998788662643,0.00013444006900389265,0.015547364950061862
12.57614192765939,6.508862635206183e-05,0.00013444006900389265,0.015541775507042563
12.578641592516929,9.204705329704868e-06,0.00013444006900389265,0.015536962058083834
12.581141255335426,0.00017161022232541762,0.00013444006900389265,0.015532388692680369
12.583640916082917,0.0003534031355465015,0.00013444006900389265,0.015527703207142972
12.586140574727438,0.000302579964124498,0.00013444006900389265,0.015522261331115594
12.588640231237026,0.0007178017304623648,0.00013444006900389265,0.015516829894442814
12.591139885579716,0.0009303919158383106,0.00013444006900389265,0.015511411217312358
12.593639537723545,0.0009641788699045646,0.00013444006900389265,0.015506452229642888
12.596139187636552,0.000807854981921631,0.00013444006900389265,0.015501589659674544
12.598638835286769,0.00043193242146071995,0.00013444006900389265,0.015496664455067533
12.601138480642238,3.5190089871076774e-05,0.00013444006900389265,0.01549168130375439
12.603638123670992,-0.0001306837179331534,0.00013444006900389265,0.015486644874554957
12.606137764341067,-5.429502258231557e-05,0.00013444006900389265,0.01548155981717666
12.6086374026205,-5.095432359620428e-06,0.00013444006900389265,0.015476430762213934
12.61113703847733,2.488016930523966e-05,0.00013444006900389265,0.015471155145681082
12.61363667187959,-8.814764990303092e-06,0.00013444006900389265,0.015465939406168685
12.616136302795317,1.1450354958787712e-05,0.00013444006900389265,0.015460835316497976
12.618635931192548,0.00021558710604736506,0.00013444006900389265,0.015455843704803456
12.621135557039322,0.00038837285583087286,0.00013444006900389265,0.015450965420094685
12.623635180303673,0.0002433715453464512,0.00013444006900389265,0.015446201332256045
12.626134800953638,-1.781673393402329e-05,0.00013444006900389265,0.015441552332046495
12.628634418957251,9.779411403178576e-06,0.00013444006900389265,0.015436962343843272
12.631134034282553,0.00023988154888300584,0.00013444006900389265,0.015432430321387549
12.633633646897577,0.00030534097552108175,0.00013444006900389265,0.015427955225505434
12.636133256770362,0.00033703678254044453,0.00013444006900389265,0.015424531046179486
12.638632863868944,0.00017748632778049646,0.00013444006900389265,0.01542035888076786
12.641132468161357,1.3409692438265397e-05,0.00013444006900389265,0.015415797893284225
12.643632069615638,7.446609736155158e-05,0.00013444006900389265,0.015411038317760391
12.646131668199827,-0.00011291371927467722,0.00013444006900389265,0.015405867130823233
12.648631263881958,-0.00012799080485230777,0.00013444006900389265,0.01540054918641956
12.651130856630067,-0.00025073826516443416,0.00013444006900389265,0.01539519467696638
12.653630446412192,-3.437964718025488e-05,0.00013444006900389265,0.01538980485139407
12.656130033196368,0.00028164772277188,0.00013444006900389265,0.015384380943870936
12.65862961695063,0.00011685671248933688,0.00013444006900389265,0.01537920906241321
12.66112919764302,-4.889100109756357e-05,0.00013444006900389265,0.015373999676441527
12.663628775241568,-0.00012570659357726346,0.00013444006900389265,0.015368753896303185
12.666128349714317,-0.0002482057947695345,0.00013444006900389265,0.015363472818650168
12.668627921029298,-0.00021779325440820022,0.00013444006900389265,0.015357484582936618
12.671127489154548,-7.296207106556075e-05,0.00013444006900389265,0.015351669605305155
12.673627054058107,-0.00013577016468995472,0.00013444006900389265,0.01534603675672209
12.676126615708009,-6.439604127022117e-05,0.00013444006900389265,0.015340594950056321
12.67862617407229,-4.9425370335280314e-05,0.00013444006900389265,0.015335353140079095
12.681125729118987,0.0003512951043161804,0.00013444006900389265,0.015330080273655502
12.68362528081614,0.0004366527012254727,0.00013444006900389265,0.015324531017671596
12.686124829131778,0.0002576123793574178,0.00013444006900389265,0.015318697516289313
12.688624374033946,4.8020805957723484e-05,0.00013444006900389265,0.015312325801330096
12.691123915490673,4.976643841059572e-05,0.00013444006900389265,0.01530546478641864
12.693623453470002,0.00027083890261613355,0.00013444006900389265,0.01529894807489147
12.696122987939964,0.00023204723640782472,0.00013444006900389265,0.015293367118731539
12.6986225188686,9.071878782641526e-06,0.00013444006900389265,0.015288012980797083
12.701122046223942,-6.681751676871663e-05,0.00013444006900389265,0.015283152272125221
12.703621569974027,-6.723889616258236e-05,0.00013444006900389265,0.01527917450403764
12.706121090086897,-7.730952498641308e-05,0.00013444006900389265,0.015273069078603005
12.708620606530584,-3.137489160435006e-05,0.00013444006900389265,0.015266748266203799
12.711120119273122,1.3723223397731077e-05,0.00013444006900389265,0.015260782888274378
12.713619628282554,4.229839861334857e-05,0.00013444006900389265,0.015254752450140185
12.716119133526911,3.8562947427924973e-05,0.00013444006900389265,0.015248769964587638
12.718618634974234,-0.00013893455676335792,0.00013444006900389265,0.015242834984497479
12.721118132592554,-0.00012977260353170747,0.00013444006900389265,0.015236947069680264
12.723617626349913,6.18819254947986e-05,0.00013444006900389265,0.015231105786876292
12.726117116214345,0.00032718422840884165,0.00013444006900389265,0.015225310709755392
12.728616602153886,0.0007322694325004337,0.00013444006900389265,0.015219561418917246
12.731116084136573,0.0011139828132933158,0.00013444006900389265,0.015213857501890958
12.733615562130442,0.0007477873914478426,0.00013444006900389265,0.015208198553135412
12.73611503610353,0.00018672036422603434,0.00013444006900389265,0.015202584174039004
12.738614506023874,0.00011873606352547257,0.00013444006900389265,0.015197719390954217
12.74111397185951,1.7437076346518005e-05,0.00013444006900389265,0.015192937230245044
12.743613433578474,2.0807323991832785e-05,0.00013444006900389265,0.015187846607755025
12.746112891148803,0.0002008233238703621,0.00013444006900389265,0.0151827902049112
12.748612344538534,0.0002420936089590625,0.00013444006900389265,0.015177379135083775
12.751111793715703,2.5664560980588266e-05,0.00013444006900389265,0.015171916065351699
12.753611238648345,7.798191245478314e-05,0.00013444006900389265,0.015166403942104695
12.756110679304497,0.0001560270005511906,0.00013444006900389265,0.015160845695479305
12.758610115652198,0.00017239391863923918,0.00013444006900389265,0.015155244239359555
12.761109547659483,0.00029733177417233525,0.00013444006900389265,0.015149595651460257
12.763608975294387,0.00018207271504593232,0.00013444006900389265,0.015143902576356614
12.766108398524949,8.270194923425296e-05,0.00013444006900389265,0.015138063892126944
12.768607817319202,0.0003830544817056622,0.00013444006900389265,0.015132078605153771
12.771107231645187,0.00036897022507328785,0.00013444006900389265,0.015125945678814687
12.773606641470936,0.0004095238517205623,0.00013444006900389265,0.015119219147348087
12.776106046764491,0.000729557812684219,0.00013444006900389265,0.015112015105257082
12.77860544749388,0.00036051622646915416,0.00013444006900389265,0.015105120771562232
12.78110484362715,-4.349913007500178e-05,0.00013444006900389265,0.01509883350935128
12.783604235132328,-5.8701241876884386e-05,0.00013444006900389265,0.015092923514773421
12.786103621977457,-0.00011709072444044538,0.00013444006900389265,0.01508737257493131
12.78860300413057,-0.00013521245848273876,0.00013444006900389265,0.015081109967351694
12.791102381559707,-0.00019703689842344267,0.00013444006900389265,0.015074855061833257
12.793601754232899,-9.49245769544093e-05,0.00013444006900389265,0.0150690081828746
12.796101122118184,-0.00015736518960511071,0.00013444006900389265,0.015063587267363242
12.798600485183604,-0.00011658234039633661,0.00013444006900389265,0.015058135557647786
12.80109984339719,2.182877950118213e-05,0.00013444006900389265,0.015052654704466834
12.80359919672698,6.599417353145808e-05,0.00013444006900389265,0.015047146343539304
12.80609854514101,0.000492831805553099,0.00013444006900389265,0.015041662323287807
12.808597888607316,0.0006462621710709351,0.00013444006900389265,0.015036202468076723
12.811097227093937,0.000888831540495268,0.00013444006900389265,0.015030766599844097
12.813596560568907,0.0016807781867937948,0.00013444006900389265,0.015025354538102198
12.816095889000264,0.0008279795964410037,0.00013444006900389265,0.015019966099937387
12.818595212356044,0.00012285703279078797,0.00013444006900389265,0.01501460110001012
12.821094530604281,0.00025013286091605906,0.00013444006900389265,0.015009259350554909
12.823593843713017,0.0008612737835712574,0.00013444006900389265,0.015003940661380213
12.826093151650282,0.0008398922157735224,0.00013444006900389265,0.0149988849579799
12.828592454384117,0.0003103219893164418,0.00013444006900389265,0.01499387457096073
12.831091751882559,0.0001413661742824361,0.00013444006900389265,0.014988990330048422
12.833591044113641,0.0001399833883300363,0.00013444006900389265,0.014983896455127805
12.8360903310454,3.254906480966262e-05,0.00013444006900389265,0.014978589694565763
12.838589612645874,-0.00012713426417513586,0.00013444006900389265,0.0149724043046683
12.841088888883101,-0.00013851104795342337,0.00013444006900389265,0.014966821499636707
12.843588159725115,0.00023372310089546725,0.00013444006900389265,0.014961541064210807
12.846087425139954,0.000471167159170607,0.00013444006900389265,0.014956566412400505
12.848586685095652,0.00024624210788767864,0.00013444006900389265,0.014951581399564477
12.851085939560246,-2.2947265091652347e-05,0.00013444006900389265,0.014946713319385886
12.853585188501777,-7.57169189733297e-05,0.00013444006900389265,0.014942028597464569
12.856084431888275,-3.104063266421743e-05,0.00013444006900389265,0.014937526789634127
12.85858366968778,5.79265687818617e-05,0.00013444006900389265,0.0149335658202151
12.861082901868329,6.30973592858422e-05,0.00013444006900389265,0.014929560693783938
12.863582128397956,9.495524115970752e-05,0.00013444006900389265,0.01492547136604124
12.8660813492447,0.0004418208309619146,0.00013444006900389265,0.01492129938042383
12.868580564376597,0.000642508085632338,0.00013444006900389265,0.014917046259860319
12.871079773761682,0.0008790982201334098,0.00013444006900389265,0.01491271350677106
12.873578977367993,0.001043044861352137,0.00013444006900389265,0.014908302603068397
12.876078175163565,0.0006265869387869737,0.00013444006900389265,0.014903815010156276
12.878577367116435,0.0002942071427940521,0.00013444006900389265,0.014899252168930887
12.881076553194642,0.000348348333522883,0.00013444006900389265,0.014894615499780271
12.883575733366216,0.0006833470458639662,0.00013444006900389265,0.01488990640258445
12.886074907599202,0.0007475718609918636,0.00013444006900389265,0.014885077790443735
12.88857407586163,0.0003196857886397144,0.00013444006900389265,0.0148800114272531
12.89107323812154,0.0003162161930637883,0.00013444006900389265,0.014874979716600333
12.893572394346966,9.748974579660077e-05,0.00013444006900389265,0.014869920607112242
12.896071544505947,-8.129822652889335e-06,0.00013444006900389265,0.014864839930970755
12.898570688566519,-5.786453079493527e-05,0.00013444006900389265,0.014859743507520232
12.901069826496714,7.610825603438821e-05,0.00013444006900389265,0.014854637143268202
12.903568958264575,-4.1119274829875055e-05,0.00013444006900389265,0.014849532214800011
12.906068083838136,3.9866200550655456e-05,0.00013444006900389265,0.014844420738742117
12.908567203185433,8.908932555439127e-05,0.00013444006900389265,0.014839294721988076
12.9110663162745,0.0001738948709106604,0.00013444006900389265,0.014834146161698014
12.913565423073377,0.00023393282467503405,0.00013444006900389265,0.014829138038722035
12.916064523550101,1.9963706657102204e-05,0.00013444006900389265,0.01482421154902311
12.918563617672705,0.000437174502874612,0.00013444006900389265,0.014819369293745869
12.92106270540923,0.001000117995381626,0.00013444006900389265,0.014814613885050856
12.923561786727708,0.0013081945120088263,0.00013444006900389265,0.0148099479461151
12.926060861596179,0.0008019809561250479,0.00013444006900389265,0.014805374111131699
12.928559929982676,0.00033695842203165273,0.00013444006900389265,0.014800835997218134
12.931058991855238,-7.1488197330646375e-06,0.00013444006900389265,0.01479633421105948
12.933558047181902,-0.00014905920264225887,0.00013444006900389265,0.01479186935607579
12.936057095930702,-0.00019220543183895954,0.00013444006900389265,0.014787442032423187
12.938556138069679,-0.00016858004986505803,0.00013444006900389265,0.014783061827616998
12.941055173566863,-1.932608035564061e-05,0.00013444006900389265,0.014778729647451425
12.943554202390294,3.5085084865750515e-06,0.00013444006900389265,0.014774446396631615
12.946053224508008,-6.48799231869196e-06,0.00013444006900389265,0.014770266300534601
12.948552239888045,-8.664678291432464e-05,0.00013444006900389265,0.014766638178864368
12.951051248498436,-9.916003027854968e-05,0.00013444006900389265,0.014763008596384068
12.95355025030722,2.1397117746506378e-05,0.00013444006900389265,0.014759379776688522
12.956049245282431,0.00011430141732832882,0.00013444006900389265,0.014755527949422954
12.958548233392111,0.0001928084725208029,0.00013444006900389265,0.014751447472787555
12.96104721460429,0.0005734542102099095,0.00013444006900389265,0.014746906656572502
12.96354618888701,0.0009058666529490576,0.00013444006900389265,0.014742737248056293
12.966045156208306,0.0005307326158569322,0.00013444006900389265,0.01473880899989378
12.968544116536213,0.0006037358550029358,0.00013444006900389265,0.01473485844468917
12.971043069838766,0.0009355819763660102,0.00013444006900389265,0.014730886753495355
12.973542016084005,0.0006444971549718192,0.00013444006900389265,0.01472711784378207
12.976040955239965,0.000394483590072877,0.00013444006900389265,0.014723546483449076
12.978539887274682,0.00012666115948664104,0.00013444006900389265,0.014720167480175525
12.981038812156195,0.0002536549574703121,0.00013444006900389265,0.014716926943122556
12.983537729852536,0.00033385813202373854,0.00013444006900389265,0.014713818067277085
12.986036640331745,0.00023653700297267613,0.00013444006900389265,0.014710547907763518
12.988535543561857,-8.339361847773188e-05,0.00013444006900389265,0.014707468799311963
12.99103443951091,-0.00028446615109499647,0.00013444006900389265,0.014704942373982833
12.993533328146938,-0.00017709508934492767,0.00013444006900389265,0.014701744182782164
12.996032209437981,8.707787240977427e-06,0.00013444006900389265,0.014697898854152958
12.998531083352072,-9.423854400657239e-05,0.00013444006900389265,0.014693920043012641
13.00102994985725,0.00025212016884531945,0.00013444006900389265,0.014689802540772762
13.003528808921548,0.0006130157192304041,0.00013444006900389265,0.01468536803479988
13.006027660513006,0.00030412242748635576,0.00013444006900389265,0.014680860874542134
13.00852650459966,5.036107630595511e-05,0.00013444006900389265,0.014675701644561853
13.011025341149544,0.00016000812581628936,0.00013444006900389265,0.014670659512900714
13.013524170130697,-4.175216747461137e-05,0.00013444006900389265,0.01466573922619575
13.016022991511155,4.834999525900503e-05,0.00013444006900389265,0.014660945556805994
13.018521805258956,0.0006581553348028665,0.00013444006900389265,0.014656283302812802
13.021020611342133,0.0009097390547364373,0.00013444006900389265,0.014651769400957486
13.023519409728724,0.000634782668337084,0.00013444006900389265,0.014646618248207418
13.026018200386767,0.0001442832394148042,0.00013444006900389265,0.014641622092085516
13.028516983284296,0.00035150166132638487,0.00013444006900389265,0.014637399865280646
13.031015758389348,0.0010447966229709081,0.00013444006900389265,0.014632866904936703
13.03351452566996,0.0012766087403333713,0.00013444006900389265,0.014628731043006186
13.03601328509417,0.0009838562153005985,0.00013444006900389265,0.014624620085996552
13.038512036630012,0.0005478151879398235,0.00013444006900389265,0.014620533761322545
13.041010780245525,0.0010429897574923373,0.00013444006900389265,0.014616471791852905
13.043509515908744,0.000984951117595773,0.00013444006900389265,0.014612433895909747
13.046008243587703,0.0001169763518426379,0.00013444006900389265,0.014608419787268673
13.048506963250443,3.93559284657171e-05,0.00013444006900389265,0.0146045029037912
13.051005674864998,5.849733078021682e-05,0.00013444006900389265,0.014600591414065778
13.053504378399404,-7.395097058026864e-06,0.00013444006900389265,0.014596685575540553
13.0560030738217,-8.252114151966437e-05,0.00013444006900389265,0.014592785637307471
13.058501761099919,-0.00025789187753396704,0.00013444006900389265,0.01458889184010198
13.0610004402021,9.471154316880934e-06,0.00013444006900389265,0.014585012917694817
13.063499111096279,5.5649654671521484e-05,0.00013444006900389265,0.0145810863104109
13.065997773750494,0.00019377010611087118,0.00013444006900389265,0.014577215047176146
13.068496428132779,0.0008696710710838964,0.00013444006900389265,0.0145734010646597
13.07099507421117,0.0011966446186720166,0.00013444006900389265,0.014569452191144364
13.073493711953706,0.0006374215815255074,0.00013444006900389265,0.014565363631126198
13.075992341328423,0.00024311322160146427,0.00013444006900389265,0.014561130545915613
13.078490962303354,0.00012036451277350896,0.00013444006900389265,0.014556941636290701
13.080989574846543,0.0005423179245862466,0.00013444006900389265,0.014552869157860972
13.083488178926016,0.0006120237495865124,0.00013444006900389265,0.01454891735692364
13.085986774509818,0.00039424145497980907,0.00013444006900389265,0.014545090500462163
13.088485361565983,0.0001330275297148787,0.00013444006900389265,0.014541392876145701
13.090983940062547,2.1690381867764397e-05,0.00013444006900389265,0.014539356504600452
13.093482509967545,-0.00012070872226340769,0.00013444006900389265,0.014537104844873649
13.095981071249017,-0.00013883969987122172,0.00013444006900389265,0.014534645489464187
13.098479623874997,-8.162367849511021e-05,0.00013444006900389265,0.014531985979399467
13.10097816781352,-8.828629932985249e-05,0.00013444006900389265,0.014529133804235603
13.103476703032628,-1.965899891375085e-05,0.00013444006900389265,0.014526096402057721
13.105975229500354,0.00011605001020167927,0.00013444006900389265,0.014522881159480227
13.108473747184732,0.00017007437219337257,0.00013444006900389265,0.014519495411646443
13.110972256053802,0.0002865264560743836,0.00013444006900389265,0.014515946442229494
13.1134707560756,0.0004834798623287468,0.00013444006900389265,0.014512380070462936
13.11596924721816,0.0003547700285333709,0.00013444006900389265,0.014508798561900823
13.118467729449522,0.0007174988549693718,0.00013444006900389265,0.014505231778561544
13.120966202737723,0.0020114200873960573,0.00013444006900389265,0.01450165323688188
13.123464667050795,0.001854410183040802,0.00013444006900389265,0.014498122199961022
13.125963122356776,0.0008145449721830272,0.00013444006900389265,0.014494638854835139
13.128461568623704,0.0007766261294377772,0.00013444006900389265,0.014491203386101232
13.130960005819615,0.0008696079843354514,0.00013444006900389265,0.014487815975917242
13.133458433912546,0.0004299621079340635,0.00013444006900389265,0.014484476804002049
13.135956852870532,0.000266162401297081,0.00013444006900389265,0.014481056940044312
13.138455262661612,0.0001091642380584533,0.00013444006900389265,0.014477552076219934
13.140953663253818,-5.89484141562957e-05,0.00013444006900389265,0.014473992469746011
13.14345205461519,1.0983647828815765e-05,0.00013444006900389265,0.014470145551792189
13.145950436713765,0.00011765943637562573,0.00013444006900389265,0.014466212026027327
13.148448809517577,0.0001901520711973751,0.00013444006900389265,0.01446195396682943
13.150947172994664,0.0003076811016365609,0.00013444006900389265,0.014458239584361312
13.153445527113064,0.0004537893033612229,0.00013444006900389265,0.014454208224131983
13.155943871840808,0.00012578751003637645,0.00013444006900389265,0.014450400637730086
13.158442207145939,6.874853892566493e-05,0.00013444006900389265,0.014447346722520677
13.16094053299649,0.00047556893909242275,0.00013444006900389265,0.014444277977837828
13.163438849360496,0.0007603849825488403,0.00013444006900389265,0.014441192355422378
13.165937156205997,0.0004443144764138783,0.00013444006900389265,0.014438087789269936
13.16843545350103,0.0005150091709860295,0.00013444006900389265,0.014434962195631127
13.170933741213627,0.001218047291691001,0.00013444006900389265,0.014431813473011652
13.173432019311829,0.001113458747586546,0.00013444006900389265,0.014428639502172094
13.175930287763666,0.00047628022007900964,0.00013444006900389265,0.014425438146128273
13.178428546537184,6.280943433550901e-05,0.00013444006900389265,0.014422207250151125
13.180926795600413,1.5755938373969783e-05,0.00013444006900389265,0.014418944641766681
13.18342503492139,9.142611280328616e-06,0.00013444006900389265,0.014415648130756355
13.185923264468153,-1.3304740937025716e-05,0.00013444006900389265,0.014412315509156583
13.188421484208737,2.841371961036926e-05,0.00013444006900389265,0.014408944551259361
13.19091969411118,0.00029648074410243766,0.00013444006900389265,0.014405533013611794
13.193417894143519,0.000313321196275175,0.00013444006900389265,0.01440207863501679
13.195916084273788,0.00027351048064333354,0.00013444006900389265,0.014398579136532247
13.198414264470024,0.0004558776291765255,0.00013444006900389265,0.014395023228782413
13.200912434700266,0.0006668073619710887,0.00013444006900389265,0.014391626941923627
13.203410594932548,0.0010854844088704838,0.00013444006900389265,0.014388395221154619
13.205908745134906,0.0004860942704408913,0.00013444006900389265,0.014385333044642654
13.208406885275378,0.00015797868724274147,0.00013444006900389265,0.014382445423523984
13.210905015322004,-3.956615388668247e-05,0.00013444006900389265,0.014379301849999384
13.213403135242814,-0.00014652519152725738,0.00013444006900389265,0.014376415192547067
13.215901245005846,-0.00014427687432074822,0.00013444006900389265,0.014373566695622824
13.218399344579138,0.0001362502609701631,0.00013444006900389265,0.014370756576952292
13.220897433930727,0.0007488706288978995,0.00013444006900389265,0.014367985053504059
13.223395513028649,0.0015510204796114115,0.00013444006900389265,0.014365252341489972
13.225893581840939,0.0014944115833203809,0.00013444006900389265,0.014362558656364518
13.228391640335634,0.001001049691009984,0.00013444006900389265,0.01435990421282539
13.230889688480772,0.0007662863299437942,0.00013444006900389265,0.014357289224813056
13.233387726244388,0.0003232974770611772,0.00013444006900389265,0.014354713905510888
13.235885753594522,0.00010698526651795742,0.00013444006900389265,0.014352178467345256
13.238383770499203,-5.5881391874467584e-05,0.00013444006900389265,0.014349683121985292
13.240881776926475,0.00024907826090104883,0.00013444006900389265,0.014347228080343033
13.243379772844369,0.0009459191020896474,0.00013444006900389265,0.014344813552573221
13.245877758220926,0.000713701687578807,0.00013444006900389265,0.014342439748073676
13.248375733024181,0.0005311310086595546,0.00013444006900389265,0.014340106875484636
13.250873697222168,0.0008237496520282061,0.00013444006900389265,0.014337774745284722
13.253371650782926,0.0005710240694637436,0.00013444006900389265,0.014335442162010208
13.255869593674491,0.00034845982937713876,0.00013444006900389265,0.01433286624638529
13.258367525864898,9.576884046927185e-05,0.00013444006900389265,0.014330348572359045
13.260865447322187,0.00013297838319772416,0.00013444006900389265,0.014327890267728955
13.263363358014391,0.00011942944175643254,0.00013444006900389265,0.014325480503350868
13.265861257909547,-1.2053117131715502e-06,0.00013444006900389265,0.01432312000422977
13.268359146975694,4.702727326650821e-05,0.00013444006900389265,0.014320809498760856
13.270857025180865,0.0004684132696622118,0.00013444006900389265,0.014318549718729525
13.2733548924931,0.001233470120150442,0.00013444006900389265,0.014316341399311202
13.275852748880432,0.0013155253079721613,0.00013444006900389265,0.014314185279071577
13.278350594310899,0.0007988911799280875,0.00013444006900389265,0.014312082099966187
13.280848428752538,0.0003090664181506324,0.00013444006900389265,0.01431003260734081
13.283346252173388,0.0006480049216134546,0.00013444006900389265,0.014307982926001772
13.285844064541479,0.0012043149776744186,0.00013444006900389265,0.014305931911552156
13.28834186582485,0.0010165724787270236,0.00013444006900389265,0.014303878409773471
13.290839655991542,0.0016268959661181817,0.00013444006900389265,0.01430108633791579
13.293337435009589,0.001884899376624687,0.00013444006900389265,0.014298058200282125
13.295835202847023,0.0010672803042739917,0.00013444006900389265,0.01429514338300002
13.298332959471885,0.0002893354414905524,0.00013444006900389265,0.014293018890802901
13.300830704852212,4.9648922391752615e-05,0.00013444006900389265,0.014290947479613538
13.303328438956036,-4.6925490246024076e-05,0.00013444006900389265,0.014288930056280638
13.3058261617514,7.283511274885739e-05,0.00013444006900389265,0.01428650704172628
13.308323873206335,0.00038773300121511256,0.00013444006900389265,0.014284025674954619
13.310821573288878,0.0007175776112345184,0.00013444006900389265,0.014281647116251845
13.31331926196707,0.0007596942041856614,0.00013444006900389265,0.014279374433731215
13.315816939208943,0.0003845722225218288,0.00013444006900389265,0.014277210716250807
13.318314604982534,5.8351481563473015e-05,0.00013444006900389265,0.014275159073414624
13.32081225925588,8.257266906491062e-05,0.00013444006900389265,0.014273222635571937
13.323309901997021,0.0007369061421779316,0.00013444006900389265,0.014271267307405786
13.325807533173988,0.001806690552420727,0.00013444006900389265,0.014269291495639675
13.328305152754819,0.002138240519001189,0.00013444006900389265,0.014267293594547696
13.330802760707552,0.0010941661217298924,0.00013444006900389265,0.01426527198595507
13.333300357000223,0.0004140406817139536,0.00013444006900389265,0.014263225039238174
13.335797941600868,0.00011370213979895391,0.00013444006900389265,0.014261151111324704
13.338295514477524,-0.00013922730412072905,0.00013444006900389265,0.014259048546693142
13.340793075598228,-7.906977210162154e-05,0.00013444006900389265,0.014256915677373375
13.343290624931013,-0.0001112586811418681,0.00013444006900389265,0.014254750822946749
13.34578816244392,-0.00021436840033765142,0.00013444006900389265,0.014252552290545515
13.348285688104983,-0.00020098306874550935,0.00013444006900389265,0.014249287818950837
13.350783201882239,4.7469814593689014e-05,0.00013444006900389265,0.014246568378048812
13.353280703743726,0.00020251160811077598,0.00013444006900389265,0.01424405642088486
13.355778193657477,0.00011725865179459082,0.00013444006900389265,0.014241759162937595
13.358275671591532,0.0001530085863594658,0.00013444006900389265,0.01423965215879105
13.360773137513924,0.0002566015719326683,0.00013444006900389265,0.01423774162421991
13.363270591392693,0.0002697041909839378,0.00013444006900389265,0.014235886286089886
13.365768033195874,0.0004340273294908964,0.00013444006900389265,0.014234087323940759
13.368265462891502,0.0010884584017197448,0.00013444006900389265,0.01423234592461036
13.370762880447618,0.0010731308647609367,0.00013444006900389265,0.014230368219794806
13.373260285832254,0.00041059082407188946,0.00013444006900389265,0.01422843582033932
13.375757679013446,0.0005696752732003638,0.00013444006900389265,0.014226549710543508
13.378255059959235,0.0011879590888037184,0.00013444006900389265,0.014224710880938733
13.380752428637654,0.0012042939278655365,0.00013444006900389265,0.014222920328287526
13.383249785016739,0.0006351936795158299,0.00013444006900389265,0.014221179055584038
13.385747129064528,0.00024686008237919353,0.00013444006900389265,0.014219488072053381
13.388244460749059,0.00010671756968842067,0.00013444006900389265,0.014217848393152257
13.390741780038367,7.06272827318416e-05,0.00013444006900389265,0.014216261040568261
13.393239086900486,0.0001569074372861183,0.00013444006900389265,0.014214727042220359
13.395736381303456,8.582715012078398e-05,0.00013444006900389265,0.014213247432258594
13.398233663215313,5.832743516288354e-05,0.00013444006900389265,0.01421182325106388
13.400730932604091,1.0110054684285552e-05,0.00013444006900389265,0.014210455545248251
13.40322818943783,3.9800345159461334e-05,0.00013444006900389265,0.014209077565888526
13.405725433684562,0.000134659788569148,0.00013444006900389265,0.014207688018047922
13.408222665312328,0.00043366665742500775,0.00013444006900389265,0.01420618997154629
13.410719884289163,0.0007905889368199377,0.00013444006900389265,0.014204578791108329
13.413217090583101,0.0008713821546054105,0.00013444006900389265,0.014202572670760638
13.415714284162183,0.0009388645189066583,0.00013444006900389265,0.014199620392973069
13.41821146499444,0.0003888800457631115,0.00013444006900389265,0.01419806031673301
13.420708633047916,0.0003909142963831949,0.00013444006900389265,0.014196756533162916
13.42320578829064,0.0013424547467924108,0.00013444006900389265,0.014195527194524434
13.425702930690651,0.001811896331241349,0.00013444006900389265,0.014194293620431045
13.428200060215987,0.0014104476073459361,0.00013444006900389265,0.014193054729985938
13.430697176834684,0.00123001371130658,0.00013444006900389265,0.014191809433661566
13.433194280514778,0.0015506466256968374,0.00013444006900389265,0.014190556633299801
13.435691371224305,0.001344464503538631,0.00013444006900389265,0.014189295222112082
13.438188448931301,0.0008837179479194088,0.00013444006900389265,0.014188024084679177
13.440685513603803,0.00048488729426710876,0.00013444006900389265,0.014186742096951444
13.44318256520985,7.083007821694597e-05,0.00013444006900389265,0.014185448126248917
13.445679603717476,-0.00024341889681507752,0.00013444006900389265,0.01418414103126067
13.448176629094716,9.653079339803743e-05,0.00013444006900389265,0.014182819662046119
13.45067364130961,0.0006049445101752558,0.00013444006900389265,0.014180752250392286
13.45317064033019,0.001358719737601398,0.00013444006900389265,0.014178576746403083
13.4556676261245,0.0008229086176575369,0.00013444006900389265,0.014176691998851285
13.458164598660566,0.0004477217078857603,0.00013444006900389265,0.01417476513465886
13.460661557906436,0.0005267820099790401,0.00013444006900389265,0.014173196884753674
13.463158503830137,0.00031813938780581724,0.00013444006900389265,0.014171699961184229
13.46565543639971,0.00024365849575532124,0.00013444006900389265,0.014170276461079368
13.468152355583191,0.0003086451809608381,0.00013444006900389265,0.01416892849609669
13.470649261348616,0.0007466204925774839,0.00013444006900389265,0.014167658192422328
13.47173138880861,0.0008521523811179273,0.00013444006900389265,0.014166661521607666
13.474234585928942,0.0009975942209402532,0.00013444006900389265,0.014165551982265559
13.476737754932994,0.0010507308841104027,0.00013444006900389265,0.014164526572561398
13.479240895895199,0.000919972136072679,0.00013444006900389265,0.014163587476784662
13.481744008889986,0.0007995113498021136,0.00013444006900389265,0.014162736893753093
13.484247093991787,0.0009683473291487808,0.00013444006900389265,0.014161977036812384
13.486750151275029,0.0010953146270994939,0.00013444006900389265,0.014161237018313679
13.489253180814146,0.0006809843844428152,0.00013444006900389265,0.014160516542191606
13.491756182683563,0.0005055493325441061,0.00013444006900389265,0.014159815309227691
13.494259156957714,0.0008112555282595631,0.00013444006900389265,0.014158684021616304
13.496762103711031,0.0009686421815095856,0.00013444006900389265,0.014157106785366172
13.499265023017937,0.0011497396353478406,0.00013444006900389265,0.014155892061073651
13.50176791495287,0.0013455196751574888,0.00013444006900389265,0.01415472960930936
13.504270779590257,0.0012631492583629732,0.00013444006900389265,0.014153620819244263
13.506773617004525,0.0006034695389698589,0.00013444006900389265,0.014152567089646639
13.50927642727011,0.0002702985537358614,0.00013444006900389265,0.014151569828881768
13.51177921046144,8.23162399132809e-05,0.00013444006900389265,0.01415063045491231
13.514281966652941,0.00018044782391270914,0.00013444006900389265,0.014149750395297278
13.51678469591905,0.00014356996612927345,0.00013444006900389265,0.014148879065757384
13.519287398334189,0.0002001024254903675,0.00013444006900389265,0.01414801610694342
13.521790073972797,0.00023738582084754413,0.00013444006900389265,0.014147161156522908
13.524292722909298,3.0021629341174527e-05,0.00013444006900389265,0.014146313849180405
13.526795345218126,-0.00013416412734521682,0.00013444006900389265,0.014145473816617208
13.52929794097371,0.0001917998222461647,0.00013444006900389265,0.014144640687551387
13.531800510250477,0.0002734736229616768,0.00013444006900389265,0.014143814087718176
13.53430305312286,0.00035819519558122,0.00013444006900389265,0.014142993639869357
13.536805569665288,0.0008975354772190608,0.00013444006900389265,0.014141930270660505
13.539308059952196,0.0015723074025925168,0.00013444006900389265,0.014140831383502105
13.541810524058006,0.0012042532618565145,0.00013444006900389265,0.01413961040863548
13.544312962057155,0.0007929524578524257,0.00013444006900389265,0.014138606292956532
13.546815374024069,0.0007080740096066258,0.00013444006900389265,0.014137760028951734
13.549317760033182,0.0004498285960653683,0.00013444006900389265,0.014137076728822893
13.551820120158919,0.0003060325849012623,0.00013444006900389265,0.01413630810079516
13.554322454475715,0.00024624428228050936,0.00013444006900389265,0.014135450529422807
13.556824763057996,0.00025862833130274425,0.00013444006900389265,0.014134500373640196
13.559327045980195,0.0003505663834922901,0.00013444006900389265,0.01413345396676155
13.561829303316744,0.0003360169975265316,0.00013444006900389265,0.014132307616481673
13.564331535142067,0.0001866868378083801,0.00013444006900389265,0.014131057604875713
13.566833741530598,7.277801617219803e-05,0.00013444006900389265,0.014129700188399031
13.56933592255677,9.247759927434943e-05,0.00013444006900389265,0.014127757664071828
13.571838078295006,0.00015797967652479185,0.00013444006900389265,0.014125794915600964
13.574340208819743,0.00014442721211297901,0.00013444006900389265,0.014123853476664942
13.576842314205406,0.00013305550666871564,0.00013444006900389265,0.014121934718693292
13.57934439452643,0.00042612822531591307,0.00013444006900389265,0.014120040024447573
13.581846449857242,0.0008590558234852809,0.00013444006900389265,0.014118170788021354
13.584348480272274,0.000886965985113463,0.00013444006900389265,0.014116328414840368
13.586850485845952,0.0007229295477441822,0.00013444006900389265,0.014114514321661723
13.58935246665271,0.0009108862456892828,0.00013444006900389265,0.014112729936575
13.591854422766978,0.0012759508779079769,0.00013444006900389265,0.014110976699001092
13.594356354263187,0.0016093184284319984,0.00013444006900389265,0.014109256059692451
13.596858261215763,0.0012017953976621535,0.00013444006900389265,0.01410761967781388
13.599360143699139,0.000698443467299855,0.00013444006900389265,0.014106070769523705
13.601862001787747,0.0008454020648541866,0.00013444006900389265,0.014104612574450323
13.604363835556013,0.0011796838278648678,0.00013444006900389265,0.014103248355691064
13.606865645078368,0.0009751804080761223,0.00013444006900389265,0.014101981399812783
13.609367430429248,0.0007135555993519425,0.00013444006900389265,0.014100815016850978
13.611869191683073,0.0003192957375322131,0.00013444006900389265,0.014099752540310194
13.614370928914283,0.00021561786370739855,0.00013444006900389265,0.014098591355305569
13.616872642197304,0.00030818424972401184,0.00013444006900389265,0.014097327691363307
13.619374331606565,0.00046186956683083244,0.00013444006900389265,0.014095957751672838
13.621875997216495,0.0007183267213078728,0.00013444006900389265,0.014094477713087729
13.624377639101528,0.0010884937772044755,0.00013444006900389265,0.01409324707489066
13.626879257336094,0.0012631510346296781,0.00013444006900389265,0.01409202163626843
13.62938085199462,0.0009461021022705591,0.00013444006900389265,0.014090801416096674
13.631882423151538,0.0006749603409129858,0.00013444006900389265,0.014089586433611365
13.634383970881277,0.00047967939164371594,0.00013444006900389265,0.014088376708409827
13.63688549525827,0.0005463918473031393,0.00013444006900389265,0.014087172260450486
13.639386996356944,0.0007726730591979588,0.00013444006900389265,0.01408597311005254
13.641888474251733,0.000872300153826425,0.00013444006900389265,0.014084779277896463
13.644389929017061,0.0012336520403576686,0.00013444006900389265,0.014083590785023215
13.646891360727363,0.001970146162735017,0.00013444006900389265,0.014082407652834939
13.649392769457068,0.002172239468553579,0.00013444006900389265,0.014081229903094987
13.651894155280605,0.0017685240749861653,0.00013444006900389265,0.014080057557927171
13.654395518272407,0.0013424146026798905,0.00013444006900389265,0.01407889063981653
13.656896858506903,0.0014296463953183541,0.00013444006900389265,0.01407767394564158
13.65939817605852,0.0014928721101269034,0.00013444006900389265,0.014075939709656374
13.661899471001693,0.0016843937569761148,0.00013444006900389265,0.01407422551654156
13.664400743410848,0.001894134741495251,0.00013444006900389265,0.014072532450992258
13.666901993360417,0.0022040086047392677,0.00013444006900389265,0.014070861606423244
13.669403220924831,0.002614038585930841,0.00013444006900389265,0.014069214084969108
13.67190442617852,0.0026724787105537537,0.00013444006900389265,0.014067590997484669
13.674405609195913,0.003144022468930821,0.00013444006900389265,0.014065993463544063
13.67690677005144,0.00428749926529623,0.00013444006900389265,0.014064422611441533
13.679407908819533,0.004028528212679206,0.00013444006900389265,0.014062879578190591
13.68190902557462,0.002961986426387543,0.00013444006900389265,0.014061365509524623
13.684410120391131,0.0027492829892666343,0.00013444006900389265,0.014059673405539522
13.6869111933435,0.0030596179717671326,0.00013444006900389265,0.014057797202794747
13.689412244506153,0.003064210362524392,0.00013444006900389265,0.014055730796239155
13.69191327395352,0.0029884587378535936,0.00013444006900389265,0.014053468039211012
13.694414281760036,0.00307498980527815,0.00013444006900389265,0.014051002743438502
13.696915268000128,0.0032512820970871797,0.00013444006900389265,0.014048820023063981
13.699416232748224,0.0036483307239910494,0.00013444006900389265,0.014046435873911745
13.701917176078755,0.00458495570221472,0.00013444006900389265,0.014043463938513969
13.704418098066153,0.005583725855345728,0.00013444006900389265,0.014041133908267467
13.706918998784849,0.005784530281412681,0.00013444006900389265,0.014039469468796691
13.70941987830927,0.0064619936419469375,0.00013444006900389265,0.014037808568338807
13.71192073671385,0.007379448213906986,0.00013444006900389265,0.014036151415089241
13.714421574073016,0.006581151450957688,0.00013444006900389265,0.014034498219117935
13.7169223904612,0.003472109066406402,0.00013444006900389265,0.014032849192369426
13.719423185952829,0.0019251155917101286,0.00013444006900389265,0.01403120454866238
13.721923960622336,0.0012259944590331667,0.00013444006900389265,0.01402956450369042
13.724424714544151,0.0012847437684561612,0.00013444006900389265,0.014027929275021098
13.726925447792706,0.0016384505300319034,0.00013444006900389265,0.014026299082096808
13.729426160442426,0.002093845499766026,0.00013444006900389265,0.014024674146234066
13.731926852567744,0.0016786616667658887,0.00013444006900389265,0.014023042145112812
13.734427524243094,0.0008658929528845578,0.00013444006900389265,0.014021402868251919
13.736928175542898,0.0004357412662056616,0.00013444006900389265,0.014019756104011205
13.739428806541595,0.0002898293681807898,0.00013444006900389265,0.014018101639591699
13.741929417313608,0.00023111286673021224,0.00013444006900389265,0.014016439261035197
13.744430007933367,0.0002623079684261915,0.00013444006900389265,0.014014768753224827
13.746930578475311,0.00024878776753960684,0.00013444006900389265,0.014013089899884616
13.74943112901386,0.00025701200877617167,0.00013444006900389265,0.014012969888647381
13.751931659623448,0.00021902712886620254,0.00013444006900389265,0.014010966327505153
13.754432170378507,0.0003524620044392905,0.00013444006900389265,0.014009604625942019
13.756932661353467,0.0006900292508782054,0.00013444006900389265,0.01400762459517536
13.759433132622755,0.0013155959873718901,0.00013444006900389265,0.014005679405308554
13.761933584260804,0.0011567021515413202,0.00013444006900389265,0.014003704495428674
13.764434016342044,0.0009061742627072614,0.00013444006900389265,0.014001701451054756
13.766934428940901,0.0006228311416773113,0.00013444006900389265,0.0139996718511215
13.76943482213181,0.0005905146493833963,0.00013444006900389265,0.013997617267979016
13.771935195989203,0.0005602832702962177,0.00013444006900389265,0.013995539267392988
13.774435550587501,0.0004106997951364554,0.00013444006900389265,0.013993439408544767
13.776935886001143,0.00027582870188051084,0.00013444006900389265,0.01399143689945901
13.779436202304558,0.00038685556318110263,0.00013444006900389265,0.01398952911356782
13.78193649957217,0.00042061316382049387,0.00013444006900389265,0.013987713447222161
13.784436777878415,0.00034287902872016593,0.00013444006900389265,0.01398598731969162
13.786937037297722,0.00022991445843153352,0.00013444006900389265,0.01398434817316408
13.78943727790452,0.0002736773388934688,0.00013444006900389265,0.013982612765354492
13.79193749977324,0.00040370014484569436,0.00013444006900389265,0.013980957887309358
13.794437702978314,0.0003931941713167589,0.00013444006900389265,0.013979454893113785
13.796937887594169,0.0003855498716304438,0.00013444006900389265,0.013977482775390156
13.799438053695235,0.00043054464489878513,0.00013444006900389265,0.01397547500273038
13.801938201355945,0.0005866958975255382,0.00013444006900389265,0.013971741094296587
13.80443833065073,0.0007407089660646324,0.00013444006900389265,0.013968153663647521
13.806938441654012,0.0006485661522612103,0.00013444006900389265,0.013964719492854893
13.809438534440229,0.00048522221450436435,0.00013444006900389265,0.013961445410929517
13.81193860908381,0.0006240229401724921,0.00013444006900389265,0.013958338293821072
13.814438665659186,0.0010806549676841918,0.00013444006900389265,0.013955405064417557
13.816938704240782,0.0014543027182070834,0.00013444006900389265,0.013952652692545076
13.819438724903035,0.0012509317817609375,0.00013444006900389265,0.013950088194967607
13.821938727720369,0.0010025898797716513,0.00013444006900389265,0.0139477186353864
13.82443871276722,0.0007332242232775017,0.00013444006900389265,0.013945407588244583
13.826938680118012,0.0007070727849936738,0.00013444006900389265,0.013943157227992912
13.829438629847179,0.000610821178880637,0.00013444006900389265,0.013940941142026552
13.83193856202915,0.0005100048464971568,0.00013444006900389265,0.013938789263246536
13.834438476738356,0.000429697827053651,0.00013444006900389265,0.013936644727064152
13.836938374049227,0.00048455113951551346,0.00013444006900389265,0.013934507703625448
13.839438254036192,0.0004094150838659591,0.00013444006900389265,0.01393237836106058
13.841938116773683,0.00040588646090376247,0.00013444006900389265,0.013930629212868998
13.844437962336128,0.0004673281767415133,0.00013444006900389265,0.013929247180651734
13.846937790797961,0.0009435246626191968,0.00013444006900389265,0.013927764454457479
13.849437602233607,0.0011419409707098017,0.00013444006900389265,0.013926182238798095
13.8519373967175,0.000777542213942408,0.00013444006900389265,0.013924503858713496
13.854437174324065,0.000601260937373102,0.00013444006900389265,0.013922732616009983
13.85693693512774,0.0008205848007320875,0.00013444006900389265,0.013920871789260533
13.85943667920295,0.0009573088512667954,0.00013444006900389265,0.013918924633805318
13.861936406624126,0.001161196021827647,0.00013444006900389265,0.013916894381750845
13.8644361174657,0.0010649614000307617,0.00013444006900389265,0.013914784241971347
13.866935811802099,0.000981484693534554,0.00013444006900389265,0.013912597400107904
13.869435489707755,0.0011677782220551828,0.00013444006900389265,0.013910337018569514
13.871935151257096,0.0015932471067250358,0.00013444006900389265,0.013908006236532102
13.874434796524557,0.0017261914632345932,0.00013444006900389265,0.01390569129771727
13.876934425584563,0.001543378844838848,0.00013444006900389265,0.013903392346855867
13.879434038511548,0.0015766582888488666,0.00013444006900389265,0.01390110952628804
13.88193363537994,0.001419519968632833,0.00013444006900389265,0.013898842975964016
13.88443321626417,0.0011585841098097592,0.00013444006900389265,0.013896592833443536
13.886932781238668,0.0013434117006455252,0.00013444006900389265,0.01389435923389602
13.889432330377863,0.002053160650405568,0.00013444006900389265,0.013892138628388347
13.891931863756186,0.002067595450429373,0.00013444006900389265,0.013890190710614144
13.894431381448069,0.0017636944377317897,0.00013444006900389265,0.013888528119690042
13.89693088352794,0.0011744183835463388,0.00013444006900389265,0.013886391865203471
13.899430370070226,0.0010218567641772456,0.00013444006900389265,0.013884309786250446
13.901929841149364,0.000924143181513775,0.00013444006900389265,0.013882280640917915
13.904429296839782,0.001064952964804437,0.00013444006900389265,0.013880303194638174
13.906928737215907,0.001153579417319632,0.00013444006900389265,0.013879174734751157
13.909428162352171,0.0009488386625702335,0.00013444006900389265,0.0138771428016514
13.911927572323005,0.001364685289202222,0.00013444006900389265,0.013875004326308388
13.91442696720284,0.0015801531129322824,0.00013444006900389265,0.013872881478768195
13.916926347066102,0.0014863515107588297,0.00013444006900389265,0.013870774460952397
13.919425711987227,0.0011291692994481167,0.00013444006900389265,0.013868683471727252
13.92192506204064,0.0011186124345953594,0.00013444006900389265,0.013866608706903271
13.924424397300774,0.0013763865792185415,0.00013444006900389265,0.013864550359235594
13.926923717842058,0.0018996557596018798,0.00013444006900389265,0.013862508618424
13.929423023738924,0.0023920887280054776,0.00013444006900389265,0.013860483671112289
13.931922315065798,0.0022800000601621868,0.00013444006900389265,0.013858901137810674
13.934421591897115,0.0020057677260937132,0.00013444006900389265,0.013857746111967774
13.9369208543073,0.0025960460357902053,0.00013444006900389265,0.013856402484504874
13.93942010237079,0.0027675963297504203,0.00013444006900389265,0.013854906185140922
13.941919336162009,0.0020222320812062506,0.00013444006900389265,0.013853262751961965
13.944418555755389,0.0014951809350255505,0.00013444006900389265,0.013851477683256423
13.94691776122536,0.001351387885662898,0.00013444006900389265,0.013849556437514987
13.949416952646354,0.001322896167541495,0.00013444006900389265,0.013847650201036179
13.9519161300928,0.001578041623674269,0.00013444006900389265,0.013845759183453958
13.95441529363913,0.0015360374826227496,0.00013444006900389265,0.013843883591146492
13.95691444335977,0.002232784716505792,0.00013444006900389265,0.0138420236272377
13.959413579329153,0.0033631911898470996,0.00013444006900389265,0.013840179491595833
13.961912701621706,0.0028622865121275577,0.00013444006900389265,0.013838351380834935
13.964411810311866,0.0020409433260017863,0.00013444006900389265,0.013836539488313449
13.966910905474055,0.001731668736878163,0.00013444006900389265,0.013834744004135374
13.96940998718271,0.0015256044936431574,0.00013444006900389265,0.013832965115149438
13.971909055512256,0.001685927244024046,0.00013444006900389265,0.013831203004949853
13.974408110537125,0.001809175278620052,0.00013444006900389265,0.013829457853875517
13.97690715233175,0.0021971611532283133,0.00013444006900389265,0.013827729839010912
13.979406180970557,0.0024701213420630433,0.00013444006900389265,0.013826019134185387
13.981905196527979,0.002887215429922636,0.00013444006900389265,0.013824325909973468
13.984404199078444,0.0037387152032301776,0.00013444006900389265,0.013822650333695048
13.986903188696381,0.004373294886621849,0.00013444006900389265,0.013820992569415151
13.989402165456227,0.004356451634950567,0.00013444006900389265,0.01381935277794377
13.991901129432403,0.004870658507594725,0.00013444006900389265,0.013817731116836552
13.994400080699346,0.005017423688913855,0.00013444006900389265,0.013816127740394176
13.996899019331485,0.003742251379663641,0.00013444006900389265,0.013814542799662358
13.999397945403246,0.00226038926550424,0.00013444006900389265,0.013812976442432746
14.001896858989062,0.001810873439001293,0.00013444006900389265,0.01381271797851455
14.004395760163366,0.0019765961192199488,0.00013444006900389265,0.013811392986918221
14.006894649000582,0.0024183498550085832,0.00013444006900389265,0.013809918705211465
14.009393525575145,0.0028655325215956023,0.00013444006900389265,0.013808463435126232
14.011892389961485,0.0029259657329046007,0.00013444006900389265,0.013807027236153024
14.01439124223403,0.0026113509186269993,0.00013444006900389265,0.013805610165196297
14.01689008246721,0.0024153277767467903,0.00013444006900389265,0.01380429349579975
14.019388910735458,0.0024525683543411055,0.00013444006900389265,0.01380293291700377
14.0218877271132,0.0026476857172959313,0.00013444006900389265,0.013801530635337223
14.02438653167487,0.0027689693033058974,0.00013444006900389265,0.013800281545910738
14.026885324494895,0.003137979505218878,0.00013444006900389265,0.01379943815777924
14.029384105647708,0.003747790035405355,0.00013444006900389265,0.013798055146689922
14.031882875207737,0.004327056643819931,0.00013444006900389265,0.013797386553006042
14.034381633249415,0.004201763817197925,0.00013444006900389265,0.013796851376843715
14.036880379847169,0.004282800167588856,0.00013444006900389265,0.013795602385865264
14.03937911507543,0.004989069471696908,0.00013444006900389265,0.01379435453114406
14.041877839008631,0.005538969121594059,0.00013444006900389265,0.0137931084480668
14.044376551721196,0.004271654199616285,0.00013444006900389265,0.01379186476525585
14.04687525328756,0.0019189648551735192,0.00013444006900389265,0.013790660545125634
14.049373943782154,0.0005679829318201903,0.00013444006900389265,0.013789495110544892
14.051872623279406,0.00016687519769336204,0.00013444006900389265,0.013788367786751899
14.054371291853744,3.510967169787112e-05,0.00013444006900389265,0.0137872779013544
14.056869949579603,0.00016239743290404583,0.00013444006900389265,0.013786224784329778
14.05936859653141,0.00018966811981269496,0.00013444006900389265,0.013785207768024818
14.061867232783595,0.00021362119962110154,0.00013444006900389265,0.013784226187156254
14.06436585841059,0.00017408292941656703,0.00013444006900389265,0.01378327937881013
14.066864473486822,-5.07897464431771e-05,0.00013444006900389265,0.013782366682441708
14.069363078086726,4.31176850561113e-05,0.00013444006900389265,0.013781487439876202
14.071861672284726,0.0003548254161782529,0.00013444006900389265,0.013780640995308263
14.074360256155257,0.00042656092955481277,0.00013444006900389265,0.013779826695301697
14.07685882977275,0.0008432533587969266,0.00013444006900389265,0.013779043888790086
14.079357393211632,0.0008391511791754885,0.00013444006900389265,0.013778492350067057
14.081855946546332,0.00020320754516336623,0.00013444006900389265,0.013778780645643966
14.084354489851284,0.0004131779045526869,0.00013444006900389265,0.013778362637711672
14.086853023200916,0.0006386122731583052,0.00013444006900389265,0.013778320902479843
14.08935154666966,0.00036302851520204037,0.00013444006900389265,0.013777906892822354
14.091850060331941,2.920449575083417e-05,0.00013444006900389265,0.013777734874731239
14.094348564262198,8.283341558622953e-06,0.00013444006900389265,0.013777487326024199
14.096847058534854,0.00018361103206458555,0.00013444006900389265,0.013777268568084243
14.099345543224338,0.00027716962562341317,0.00013444006900389265,0.013777876852244828
14.101844018405087,8.771871145391193e-05,0.00013444006900389265,0.01377859768646793
14.104342484151525,-0.00021736873375981236,0.00013444006900389265,0.013779019193236762
14.106840940538087,0.00013269481048065572,0.00013444006900389265,0.013779150865351777
14.109339387639197,7.2110971705251214e-06,0.00013444006900389265,0.013779002128977792
14.111837825529294,0.0001212256363263102,0.00013444006900389265,0.013778582343643429
14.114336254282799,9.84933822680608e-05,0.00013444006900389265,0.01377790080224215
14.116834673974148,0.00021602594111517354,0.00013444006900389265,0.013777617853039312
14.11933308467777,0.00034016379068221164,0.00013444006900389265,0.013777719566637052
14.121831486468094,0.0006631578996319065,0.00013444006900389265,0.01377884323262263
14.124329879419552,0.0009761046488455469,0.00013444006900389265,0.01377954248333675
14.12682826360657,0.0006796746909939529,0.00013444006900389265,0.013779830735955255
14.129326639103583,0.0001299056499783069,0.00013444006900389265,0.013779721314129734
14.131825005985018,0.0002452552257954498,0.00013444006900389265,0.013779227447988658
14.134323364325308,0.0006432028198817673,0.00013444006900389265,0.013778362274137161
14.13682171419888,0.000430848491646962,0.00013444006900389265,0.013777687868442143
14.139320055680166,0.0002476160387859666,0.00013444006900389265,0.013777197711693955
14.141818388843598,4.644786508884585e-05,0.00013444006900389265,0.013777118885005903
14.144316713763601,6.442551066489048e-05,0.00013444006900389265,0.013776872539523217
14.14681503051461,4.9137830063961455e-05,0.00013444006900389265,0.013776459086855798
14.149313339171053,1.9777634334269475e-05,0.00013444006900389265,0.013775884058783838
14.151811639807361,0.0001097198286514247,0.00013444006900389265,0.013775152947063022
14.154309932497961,0.00019994418415088776,0.00013444006900389265,0.013774271203425276
14.15680821731729,0.00024920162350152743,0.00013444006900389265,0.013773434324192165
14.159306494339768,0.00044973694168307446,0.00013444006900389265,0.013772640940669366
14.161804763639836,0.0010353540130969736,0.00013444006900389265,0.013771889691774107
14.164303025291918,0.0010232467286222999,0.00013444006900389265,0.013771179224034629
14.166801279370446,0.0006826652696310179,0.00013444006900389265,0.013770508191590347
14.169299525949848,0.0007065965365335349,0.00013444006900389265,0.013769875256191623
14.171797765104557,0.0012460739053575393,0.00013444006900389265,0.013769279087200345
14.174295996909002,0.0014520186962296011,0.00013444006900389265,0.013768718361588855
14.176794221437612,0.0014443209087337625,0.00013444006900389265,0.013768191763940927
14.179292438764818,0.00133686314910696,0.00013444006900389265,0.013767697986451442
14.181790648965052,0.0007214624316071155,0.00013444006900389265,0.013767235728925842
14.184288852112742,0.00023100199539742051,0.00013444006900389265,0.013766803698780998
14.186787048282318,0.0001872291641661413,0.00013444006900389265,0.013766400611044312
14.18928523754821,0.0002935767421322361,0.00013444006900389265,0.013766025188354587
14.19178341998485,0.00016674597960709102,0.00013444006900389265,0.013765676160960949
14.194281595666668,0.00013678293836214342,0.00013444006900389265,0.013765099402431789
14.196779764668092,6.55138989254251e-05,0.00013444006900389265,0.013764343742830084
14.199277927063553,-5.74278939351365e-06,0.00013444006900389265,0.013763583213420727
14.201776082927484,1.0961483377817244e-05,0.00013444006900389265,0.013762818015613978
14.204274232334312,0.00029415397380737687,0.00013444006900389265,0.013762048347427213
14.206772375358467,0.001450338847022798,0.00013444006900389265,0.013761274403484701
14.20927051207438,0.0025329128817962957,0.00013444006900389265,0.01376066420872652
14.21176864255648,0.002432761618802114,0.00013444006900389265,0.013760211999732075
14.2142667668792,0.0012696615300269078,0.00013444006900389265,0.0137594250702015
14.216764885116968,0.0008689010504395363,0.00013444006900389265,0.01375879381765698
14.219262997344217,0.0014648615787881437,0.00013444006900389265,0.013758312762208994
14.221761103635371,0.0014450727138725292,0.00013444006900389265,0.013758067207332534
14.224259204064866,0.0009077281897631306,0.00013444006900389265,0.013757744318795843
14.226757298707133,0.000492159841130952,0.00013444006900389265,0.013757346318493199
14.229255387636595,0.00031688969244100806,0.00013444006900389265,0.013756875411446906
14.231753470927687,0.00035995627164968347,0.00013444006900389265,0.013756333785806475
14.234251548654841,0.0005161660476343914,0.00013444006900389265,0.013755723612849997
14.236749620892482,0.0004493160067742582,0.00013444006900389265,0.013755047046982691
14.239247687715045,0.00026455825156780285,0.00013444006900389265,0.013754306225738332
14.241745749196959,0.0001852545347090541,0.00013444006900389265,0.013753503269778254
14.244243805412651,0.0001870940087616256,0.00013444006900389265,0.013752640282891965
14.246741856436554,0.00013867554043081425,0.00013444006900389265,0.013751869040210475
14.249239902343097,8.599542932670803e-05,0.00013444006900389265,0.013751186304013318
14.251737943206711,0.00029043184356235957,0.00013444006900389265,0.01375058885721375
14.254235979101828,0.0002701821200882578,0.00013444006900389265,0.01375007350335951
14.256734010102875,0.00031487521508490046,0.00013444006900389265,0.013749637066631605
14.259232036284283,0.0001577089793432379,0.00013444006900389265,0.013749276391845314
14.26173005772048,-3.6552097240002968e-06,0.00013444006900389265,0.013748988344449403
14.264228074485903,0.0001680707623281149,0.00013444006900389265,0.013748769810526789
14.266726086654975,0.0005836673772431373,0.00013444006900389265,0.013748617696793808
14.269224094302128,0.00045337113558015577,0.00013444006900389265,0.013749247107716406
14.271722097501796,0.0002382143715293824,0.00013444006900389265,0.013749272531797306
14.274220096328404,0.0002233035527542792,0.00013444006900389265,0.013748647941820982
14.276718090856384,0.00026363590540178124,0.00013444006900389265,0.013748173948170026
14.279216081160166,0.0006051514811580457,0.00013444006900389265,0.013747557541858144
14.281714067314185,0.0009816257351494342,0.00013444006900389265,0.013747123767551486
14.284212049392861,0.0007584016161264993,0.00013444006900389265,0.013746405162781987
14.286710027470633,0.0002971835228201443,0.00013444006900389265,0.013745651270085294
14.289208001621928,3.7900183285836594e-05,0.00013444006900389265,0.01374495677200817
14.291705971921175,7.332340346483807e-05,0.00013444006900389265,0.013744319182673515
14.294203938442807,0.0009452686630994373,0.00013444006900389265,0.013743736032013568
14.296701901261253,0.0018113424657998003,0.00013444006900389265,0.01374320486577096
14.29919986045094,0.0019267299521654336,0.00013444006900389265,0.013742723245497952
14.301697816086303,0.0015220273013208038,0.00013444006900389265,0.013742288748556587
14.30419576824177,0.0009615617917692384,0.00013444006900389265,0.01374189896811901
14.30669371699177,0.0005458203452531531,0.00013444006900389265,0.01374155151316663
14.309191662410736,0.0005202795238578913,0.00013444006900389265,0.01374124400849115
14.311689604573095,0.0006068761711295161,0.00013444006900389265,0.013740974094693695
14.31418754355328,0.0011022532004390795,0.00013444006900389265,0.01374073942818509
14.316685479425717,0.0011721851440424404,0.00013444006900389265,0.013740537681185919
14.319183412264843,0.0007306205310986091,0.00013444006900389265,0.013739980935166192
14.321681342145082,0.00042737867162923743,0.00013444006900389265,0.013739687541007793
14.324179269140867,0.0007479565422333426,0.00013444006900389265,0.013738696401451868
14.326677193326628,0.0014345974439450206,0.00013444006900389265,0.013737685905021047
14.329175114776794,0.001353149809981899,0.00013444006900389265,0.013736656226948946
14.331673033565792,0.0009175838079244162,0.00013444006900389265,0.01373560753956913
14.334170949768062,0.0004955708611024748,0.00013444006900389265,0.01373454001231646
14.336668863458025,0.0002985773328167043,0.00013444006900389265,0.013733453811725757
14.339166774710113,0.0004333487792095546,0.00013444006900389265,0.013732349101432636
14.34166468359876,0.0013170450306764503,0.00013444006900389265,0.013731689621391782
14.344162590198392,0.0018685371262831731,0.00013444006900389265,0.013731113494446686
14.34666049458344,0.0015056985717388678,0.00013444006900389265,0.013730404575497021
14.349158396828338,0.001073546707303875,0.00013444006900389265,0.013729566504177771
14.351656297007512,0.0006797627610234565,0.00013444006900389265,0.013728602893613044
14.354154195195392,0.0002261676523541041,0.00013444006900389265,0.013727517330416696
14.35665209146641,-2.098096381023158e-05,0.00013444006900389265,0.013726313374691924
14.359149985894994,0.00018231165177261081,0.00013444006900389265,0.013724994560031673
14.361647878555578,0.000681904795410259,0.00013444006900389265,0.013723737500942265
14.364145769522588,0.0010171112392958932,0.00013444006900389265,0.013722539540049523
14.366643658870457,0.0006462807791221461,0.00013444006900389265,0.013721398036834434
14.369141546673614,0.0003143036811884322,0.00013444006900389265,0.013720310367632771
14.37163943300649,0.00020581966480428399,0.00013444006900389265,0.01371927392563533
14.374137317943514,0.0002561403317118856,0.00013444006900389265,0.01371828612088819
14.376635201559115,0.0002924377563051899,0.00013444006900389265,0.013717344380291952
14.379133083927726,0.00020759243542869087,0.00013444006900389265,0.013716446147602463
14.381630965123776,0.00013352682919832645,0.00013444006900389265,0.013715588883430533
14.384128845221694,0.00023951910867356548,0.00013444006900389265,0.013714810854516606
14.386626724295912,0.00010650265336483236,0.00013444006900389265,0.013714296418856181
14.38912460242086,8.16701300761901e-05,0.00013444006900389265,0.013713199526794721
14.391622479670966,0.000220003672412164,0.00013444006900389265,0.013711867816552394
14.394120356120663,0.0003809400288110054,0.00013444006900389265,0.013710308598911132
14.39661823184438,0.0003594079568626299,0.00013444006900389265,0.013708724569021294
14.399116106916546,0.00030671420627619364,0.00013444006900389265,0.013707116002576222
14.401613981411593,0.0010829367632097225,0.00013444006900389265,0.013705483171490021
14.40411185540395,0.001675485263993923,0.00013444006900389265,0.013703826343897994
14.406609728968048,0.0015182653114540548,0.00013444006900389265,0.013702145784156437
14.409107602178317,0.0012694188893814067,0.00013444006900389265,0.013700441752842423
14.411605475109186,0.0013966498659708712,0.00013444006900389265,0.013698753594653494
14.414103347835084,0.0013488238646545362,0.00013444006900389265,0.013697080176675201
14.416601220430445,0.000812886008694334,0.00013444006900389265,0.013696063240728074
14.419099092969699,0.0003527744831500982,0.00013444006900389265,0.013695425484694558
14.421596965527273,0.000372963631321924,0.00013444006900389265,0.013694184161945787
14.424094838177597,0.0010399079691019199,0.00013444006900389265,0.01369284208976232
14.426592710995104,0.001543919416458598,0.00013444006900389265,0.013691401659604856
14.429090584054222,0.0014560514427928266,0.00013444006900389265,0.013689865245064149
14.431588457429383,0.0007171364539006811,0.00013444006900389265,0.01368823520186062
14.434086331195017,0.00016982069192176923,0.00013444006900389265,0.013686513867844917
14.436584205425554,1.0291276255167126e-05,0.00013444006900389265,0.013684703562997455
14.439082080195421,0.00014410807630732027,0.00013444006900389265,0.013682806589428597
14.441579955579051,7.339685927816586e-05,0.00013444006900389265,0.013680825231378608
14.444077831650876,0.00014461922205233693,0.00013444006900389265,0.013679090788980637
14.446575708485321,9.923513535597082e-05,0.00013444006900389265,0.01367767744495039
14.449073586156821,0.00011376256042894273,0.00013444006900389265,0.013676104590058236
14.451571464739805,0.00010824356459846265,0.00013444006900389265,0.013674888972539432
14.454069344308701,-5.147634471307401e-05,0.00013444006900389265,0.01367329884699628
14.456567224937942,-7.865293398132481e-05,0.00013444006900389265,0.013671627235727008
14.459065106701956,0.0004216395897109308,0.00013444006900389265,0.013669875806047338
14.461562989675173,0.0012024417893972024,0.00013444006900389265,0.013666422832826482
14.464060873932025,0.0015204060504252423,0.00013444006900389265,0.013664721122645652
14.466558759546942,0.0012703823170906719,0.00013444006900389265,0.013662288730735807
14.469056646594352,0.0007853367420117552,0.00013444006900389265,0.013660385600917336
14.471554535148687,0.0005968304082261417,0.00013444006900389265,0.013658300820402251
14.474052425284379,0.0002856306226626786,0.00013444006900389265,0.013656187044809512
14.476550317075851,-0.0001660216804002506,0.00013444006900389265,0.013654047198461689
14.479048210597542,0.00028155468236489706,0.00013444006900389265,0.013652114232641099
14.481546105923877,0.00029751680191624635,0.00013444006900389265,0.013650170969022928
14.484044003129286,0.0006816359308009813,0.00013444006900389265,0.01364821973725382
14.486541902288202,0.0010783044798731416,0.00013444006900389265,0.013646262867898034
14.489039803475055,0.001004535599738822,0.00013444006900389265,0.013644180835344367
14.491537706764271,0.0005223036189620882,0.00013444006900389265,0.013641971741258684
14.494035612230284,0.00013013985557428463,0.00013444006900389265,0.013639633658748896
14.496533519947524,5.186344757824972e-05,0.00013444006900389265,0.013637164632365199
14.49903142999042,8.280616413502279e-05,0.00013444006900389265,0.01363456267810065
14.5015293424334,0.00021744184350455144,0.00013444006900389265,0.013632411247322887
14.5040272573509,0.0002193680628778949,0.00013444006900389265,0.013630121967304511
14.506525174817346,0.0004159670114136649,0.00013444006900389265,0.013627617001529271
14.509023094907167,0.0018823093490123403,0.00013444006900389265,0.013625530244274733
14.511521017694799,0.003585012384215259,0.00013444006900389265,0.013623448240713296
14.514018943254666,0.0029247113340707936,0.00013444006900389265,0.013621373966448842
14.5165168716612,0.0017299846332283295,0.00013444006900389265,0.013619263741212341
14.519014802988831,0.0007873468185292803,0.00013444006900389265,0.013617891800236214
14.52151273731199,0.0006171286132416829,0.00013444006900389265,0.013616695490027506
14.524010674705107,0.0008647563790446823,0.00013444006900389265,0.0136154528476679
14.526508615242614,0.0013941254368196945,0.00013444006900389265,0.013614164721738193
14.529006558998937,0.0013076974660618246,0.00013444006900389265,0.013612831959487837
14.531504506048508,0.0007467788961369251,0.00013444006900389265,0.013611455406835116
14.534002456465759,0.0006126372905847603,0.00013444006900389265,0.013610035908367393
14.536500410325118,0.0010207776014244333,0.00013444006900389265,0.013608574307341107
14.538998367701014,0.0010603347661983318,0.00013444006900389265,0.013607071445681032
14.541496328667883,0.0006876273255194722,0.00013444006900389265,0.013605528163981523
14.543994293300148,0.00038114583290635613,0.00013444006900389265,0.013603945301505474
14.546492261672244,0.000120479598352893,0.00013444006900389265,0.013602323696184923
14.548990233858596,0.00016358292052056668,0.00013444006900389265,0.013600664184620493
14.551488209933641,0.000397010639091349,0.00013444006900389265,0.013598074926043726
14.553986189971804,0.00047251183016136684,0.00013444006900389265,0.013595028598036284
14.556484174047519,0.00027309629861212853,0.00013444006900389265,0.013591629681353462
14.558982162235214,0.0006391493285670506,0.00013444006900389265,0.01358833468908691
14.561480154609315,0.0008480325168404596,0.00013444006900389265,0.01358514744633343
14.56397815124426,0.0004323038209385604,0.00013444006900389265,0.013582069740239225
14.566476152214477,0.0001599645740015445,0.00013444006900389265,0.013579103389844733
14.56897415759439,0.0002255701109249164,0.00013444006900389265,0.013576250246084356
14.571472167458436,0.00027020896799154204,0.00013444006900389265,0.01357351219178628
14.573970181881045,0.00017125816486062914,0.00013444006900389265,0.01357089114167319
14.576468200936644,0.000126377066935697,0.00013444006900389265,0.013568389042361665
14.578966224699663,0.00026214436417516807,0.00013444006900389265,0.01356600787236259
14.581464253244533,0.00033929314973396227,0.00013444006900389265,0.013563749642081254
14.583962286645688,0.0005888622434225069,0.00013444006900389265,0.01356157264966736
14.586460324977551,0.0009981779441520858,0.00013444006900389265,0.013559394423851394
14.58895836831456,0.0014220101956889143,0.00013444006900389265,0.013557215621442919
14.591456416731138,0.001015674179308328,0.00013444006900389265,0.013555036899363706
14.59395447030172,0.0006139847876733568,0.00013444006900389265,0.013552858914647243
14.596452529100732,0.0002833929899727916,0.00013444006900389265,0.013550682324438713
14.59895059320261,0.0002492316567745956,0.00013444006900389265,0.013548507785995792
14.601448662681776,0.00041482445919447004,0.00013444006900389265,0.01354633976987939
14.60394673761267,0.00030851328673679734,0.00013444006900389265,0.01354391036846704
14.606444818069715,0.00041870703906603766,0.00013444006900389265,0.013541188690975736
14.60894290412734,0.0009806925184874023,0.00013444006900389265,0.013538941463472598
14.611440995859983,0.0011007777072672281,0.00013444006900389265,0.013536657097437833
14.613939093342069,0.0004719686838364958,0.00013444006900389265,0.013534334839986104
14.616437196648025,0.00042098577028629354,0.00013444006900389265,0.013531973928614242
14.618935305852288,0.000555474716920341,0.00013444006900389265,0.013528746560404618
14.621433421029286,0.0005554066281830746,0.00013444006900389265,0.013526407689239133
14.623931542253445,-4.036675409915293e-05,0.00013444006900389265,0.013524197079318451
14.6264296695992,6.785567159779335e-05,0.00013444006900389265,0.013521997722911324
14.62892780314098,0.00018879528933152777,0.00013444006900389265,0.013519810372745512
14.631425942953213,0.0001591624781527197,0.00013444006900389265,0.01351763578232554
14.63392408911033,0.00018505919128743512,0.00013444006900389265,0.013515474705932975
14.636422241686764,0.00014919387838626362,0.00013444006900389265,0.013513083591085273
14.638920400756943,0.0002023741018796054,0.00013444006900389265,0.01351069638020652
14.641418566395298,0.0002091190451458686,0.00013444006900389265,0.013508314470120015
14.643916738676257,0.0005503997127420338,0.00013444006900389265,0.013505498623518424
14.646414917674251,0.0005837747006507323,0.00013444006900389265,0.01350223492991264
14.648913103463713,0.00047397438229751856,0.00013444006900389265,0.013499489261754344
14.651411296119068,0.0011133913147355016,0.00013444006900389265,0.013496759608948536
14.65390949571475,0.001590454326780186,0.00013444006900389265,0.013494422273062726
14.656407702325188,0.0011988272608287592,0.00013444006900389265,0.013492985467448239
14.658905916024814,0.0008933709186106243,0.00013444006900389265,0.013491867358193022
14.661404136888054,0.0008799115247667532,0.00013444006900389265,0.013490383272122139
14.663902364989342,0.000675459892652313,0.00013444006900389265,0.013488365787070158
14.666400600403108,0.0004968575314876992,0.00013444006900389265,0.01348648897648865
14.66889884320378,0.00033412762055906424,0.00013444006900389265,0.01348474917305
14.671397093465787,6.891101756161325e-05,0.00013444006900389265,0.01348314274207248
14.673895351263564,0.00013117004705874916,0.00013444006900389265,0.01348166608152095
14.676393616671538,7.630706993714924e-05,0.00013444006900389265,0.013479941738615771
14.67889188976414,0.0002056291545253653,0.00013444006900389265,0.013477900953827714
14.6813901706158,0.0005260262608701455,0.00013444006900389265,0.013476472257724323
14.683888459300945,0.000603511389327847,0.00013444006900389265,0.013474966108571804
14.68638675589401,0.0007627927068168758,0.00013444006900389265,0.013473386269399442
14.688885060469422,0.0008221410027475298,0.00013444006900389265,0.013471736484383186
14.691383373101615,0.0005952470813780607,0.00013444006900389265,0.013470020478843527
14.693881693865015,0.00021923906072806795,0.00013444006900389265,0.013468241959247267
14.696380022834052,0.00013209314504957805,0.00013444006900389265,0.013466404613206197
14.698878360083162,0.00011182987376121868,0.00013444006900389265,0.013464512109477548
14.70137670568677,0.0003000233587197171,0.00013444006900389265,0.013462568097963586
14.703875059719305,0.0005303746625521261,0.00013444006900389265,0.013460576209712277
14.706373422255199,0.0005102872292890512,0.00013444006900389265,0.013458540056916298
14.708871793368884,0.00046071376711593476,0.00013444006900389265,0.013456649105188716
14.711370173134789,0.0008416049987751625,0.00013444006900389265,0.013454900339225811
14.713868561627343,0.00112157901507981,0.00013444006900389265,0.013451955567976324
14.716366958920975,0.0012514166014206338,0.00013444006900389265,0.013449581778010207
14.71886536509012,0.001134214308496041,0.00013444006900389265,0.013447415890025549
14.721363780209206,0.0009129577992529093,0.00013444006900389265,0.013445295935281324
14.723862204352658,0.0007101547231496176,0.00013444006900389265,0.01344322238504171
14.726360637594915,0.0005716494780206253,0.00013444006900389265,0.013441195711869346
14.7288590800104,0.0008124003903679476,0.00013444006900389265,0.01343913226993048
14.731357531673549,0.0005781164562017518,0.00013444006900389265,0.013437176148706941
14.733855992658786,0.000442686527685315,0.00013444006900389265,0.013435329971471306
14.736354463040545,0.00012493590349632253,0.00013444006900389265,0.013433396789774753
14.738852942893256,0.00010474903390376468,0.00013444006900389265,0.013431105974079328
14.741351432291347,4.7021032703977936e-05,0.00013444006900389265,0.013429942936718616
14.743849931309251,0.00015191438798083622,0.00013444006900389265,0.013427707858183403
14.746348440021395,0.0003510429956453502,0.00013444006900389265,0.013426361091022656
14.748846958502215,0.0003276034410045238,0.00013444006900389265,0.01342518819445349
14.751345486826134,0.0002731591480521836,0.00013444006900389265,0.013423849565081615
14.753844025067586,0.0003903783938515575,0.00013444006900389265,0.013422353893968437
14.756342573301,0.0004614469112299135,0.00013444006900389265,0.013420709824921495
14.758841131600807,0.000542874140887592,0.00013444006900389265,0.013419495709108161
14.761339700041436,0.0005904522666085252,0.00013444006900389265,0.013418697247955236
14.763838278697321,0.0007432810267878082,0.00013444006900389265,0.013418300238585718
14.766336867642886,0.00037581287238905997,0.00013444006900389265,0.01341711048473741
14.768835466952565,0.0002380100627867466,0.00013444006900389265,0.013415453345588987
14.771334076700787,0.00010892778665774934,0.00013444006900389265,0.013414004011630806
14.773832696961984,2.864070680823859e-05,0.00013444006900389265,0.013412756103545887
14.776331327810583,0.0001353359031681864,0.00013444006900389265,0.013411703281524204
14.778829969321018,0.00061264563546835,0.00013444006900389265,0.01341083924526288
14.781328621567715,0.0011984204626537941,0.00013444006900389265,0.013410968365175692
14.783827284625108,0.0010237013578307686,0.00013444006900389265,0.013410309327522026
14.786325958567623,0.0006593260007856615,0.00013444006900389265,0.013408889327044036
14.788824643469695,0.0005338565924953593,0.00013444006900389265,0.013407785906144418
14.79132333940575,0.0005924014210966205,0.00013444006900389265,0.013406107705140665
14.793822046450218,0.0006431169231689658,0.00013444006900389265,0.013403479386382094
14.796320764677535,0.00024319338547577896,0.00013444006900389265,0.01340157182684324
14.798819494162124,0.00019404251909495296,0.00013444006900389265,0.013399313828544736
14.801318234978421,0.00012832772046288826,0.00013444006900389265,0.013397453784513694
14.803816987200852,0.0001533773054583215,0.00013444006900389265,0.01339538205468334
14.806315750903849,7.924938604205248e-05,0.00013444006900389265,0.0133934103441851
14.808814526161841,0.0001439468725971619,0.00013444006900389265,0.013391435911113456
14.811313313049261,0.00036783546295510346,0.00013444006900389265,0.013388629897874826
14.813812111640535,0.0007162616093597043,0.00013444006900389265,0.013385672103956173
14.816310922010095,0.000749726019235359,0.00013444006900389265,0.013382978706481863
14.818809744232372,0.0003093723901889094,0.00013444006900389265,0.013380559041196921
14.821308578381796,0.0004534541080509404,0.00013444006900389265,0.013378453824072201
14.823807424532797,0.0007424802710738979,0.00013444006900389265,0.01337667140928474
14.826306282759804,0.0011248680820118654,0.00013444006900389265,0.01337522022317198
14.828805153137248,0.0008308078528543265,0.00013444006900389265,0.013373434389616
14.831304035739558,0.00023904712355492068,0.00013444006900389265,0.013371299063064269
14.833802930641168,0.0002060699885513672,0.00013444006900389265,0.013368124931851345
14.836301837916503,0.0007117010904167127,0.00013444006900389265,0.01336536010598352
14.838800757639996,0.0007904455418930138,0.00013444006900389265,0.013363034183988102
14.841299689886078,0.0005216719094025945,0.00013444006900389265,0.013361157661399172
14.843798634729179,0.0006744410072313817,0.00013444006900389265,0.013359741144129848
14.846297592243726,0.001093985692001219,0.00013444006900389265,0.013358795348472587
14.848796562504152,0.0009350197699297541,0.00013444006900389265,0.013357762461476576
14.851295545584886,0.0005924863189113935,0.00013444006900389265,0.013356123774914908
14.85379454156036,0.00025878330410199386,0.00013444006900389265,0.013354060535936876
14.856293550505,0.0001885126181246314,0.00013444006900389265,0.01335214304047806
14.858792572493243,0.00044487594657118684,0.00013444006900389265,0.013350413150757981
14.861291607599512,0.0008527314201883344,0.00013444006900389265,0.013348639939303535
14.863790655898239,0.0007519391271469042,0.00013444006900389265,0.013347206756876819
14.866289717463859,0.0008318267846284082,0.00013444006900389265,0.013346114218671375
14.868788792370797,0.0005526280600252811,0.00013444006900389265,0.013344781789160976
14.871287880693485,0.00022775630465453854,0.00013444006900389265,0.013343434422805738
14.873786982506351,8.47591044122499e-05,0.00013444006900389265,0.013342071895060295
14.87628609788383,4.554000212866893e-05,0.00013444006900389265,0.01334069396580062
14.878785226900346,0.0002679968034289097,0.00013444006900389265,0.013339300379325226
14.881284369630334,0.0005530536150220259,0.00013444006900389265,0.013337890864353505
14.883783526148221,0.0006252158090761899,0.00013444006900389265,0.013336465134026993
14.886282696528442,0.00045970868592130204,0.00013444006900389265,0.013335022885908744
14.88878188084542,0.0004266460923381954,0.00013444006900389265,0.013333563801983148
14.891281079173591,0.0010745355958338958,0.00013444006900389265,0.013332087548656118
14.893780291587381,0.002228180066459799,0.00013444006900389265,0.013330609445968117
14.896279518161228,0.0023607566148672165,0.00013444006900389265,0.013329219994801878
14.89877875896955,0.00133691579061972,0.00013444006900389265,0.013327915022279589
14.901278014086786,0.000454520141111147,0.00013444006900389265,0.013327056389812669
14.903777283587363,7.160392542624253e-05,0.00013444006900389265,0.013325657175213503
14.906276567545714,0.00024645516319574123,0.00013444006900389265,0.013324424127499537
14.908775866036263,0.000638529422564111,0.00013444006900389265,0.013323420163008148
14.91127517913345,0.0010952721643868579,0.00013444006900389265,0.013322477817640519
14.913774506911697,0.0011146843957136974,0.00013444006900389265,0.013321597461905614
14.916273849445432,0.0008841713558092393,0.00013444006900389265,0.013320826642401624
14.918773206809094,0.0014261876344416266,0.00013444006900389265,0.013320951222179309
14.921272579077108,0.00195030594999163,0.00013444006900389265,0.013320779540248396
14.923771966323907,0.00200554889710375,0.00013444006900389265,0.01332004272019896
14.926271368623915,0.0014943805527640151,0.00013444006900389265,0.01332006844194154
14.92877078605157,0.0008666120324588109,0.00013444006900389265,0.013319469790366691
14.931270218681297,0.000602825028961378,0.00013444006900389265,0.013318791830411644
14.933769666587526,0.00040540231266093796,0.00013444006900389265,0.013318688093211942
14.93626912984469,0.00017510698113441282,0.00013444006900389265,0.013318607587892998
14.93876860852722,0.0004914111272893099,0.00013444006900389265,0.013318554205538215
14.941268102709541,0.0006928162853630983,0.00013444006900389265,0.013318531842136236
14.94376761246609,0.0006330096110291009,0.00013444006900389265,0.013318544398580927
14.94626713787129,0.0009640824988163821,0.00013444006900389265,0.013318595780671268
14.948766678999576,0.0011152507706025869,0.00013444006900389265,0.013318689899111833
14.951266235925376,0.0010089465462865665,0.00013444006900389265,0.013318830669512083
14.953765808723121,0.0008874177008230764,0.00013444006900389265,0.013319022012387362
14.95626539746724,0.0010248838671934133,0.00013444006900389265,0.01331844672670851
14.958765002232164,0.0012789055142273624,0.00013444006900389265,0.013317823131107819
14.961264623092326,0.001269377971243768,0.00013444006900389265,0.013317163262701371
14.963764260122153,0.0015519492767415086,0.00013444006900389265,0.01331646425034557
14.966263913396075,0.0018951373587721386,0.00013444006900389265,0.013315723198669714
14.968763582988522,0.0020055328117098304,0.00013444006900389265,0.01331493718807362
14.971263268973924,0.002581672918484511,0.00013444006900389265,0.013314103274729597
14.973762971426714,0.002970548258377625,0.00013444006900389265,0.013313218490580522
14.976262690421322,0.0032669034309662677,0.00013444006900389265,0.013312279843340599
14.978762426032173,0.0033040936865030724,0.00013444006900389265,0.013311284316495373
14.981262178333703,0.0030881463744537284,0.00013444006900389265,0.013309485044930191
14.983761947400339,0.001998508964270472,0.00013444006900389265,0.01330825858900807
14.98626173330651,0.0005052299091345292,0.00013444006900389265,0.01330769283243092
14.98876153612665,0.000190434692371972,0.00013444006900389265,0.013307003563011614
14.991261355935189,0.0003927001289669753,0.00013444006900389265,0.013306482636557147
14.993761192806552,0.0002864734902533611,0.00013444006900389265,0.013305802660626994
14.996261046815174,0.0005471597986725033,0.00013444006900389265,0.013305433743326706
14.998760918035485,0.000455357900121826,0.00013444006900389265,0.01330513685519535
15.001260806541909,0.0002560533352493916,0.00013444006900389265,0.013304815897488045
15.003760712408885,0.00019134906212121307,0.00013444006900389265,0.013304468585352766
15.00626063571084,0.00021687730842202477,0.00013444006900389265,0.01330409261453408
15.008760576522201,0.0001716913777140682,0.00013444006900389265,0.013303685661372477
15.011260534917401,2.7778290031952452e-05,0.00013444006900389265,0.01330324538280488
15.01376051097087,-8.013448817414948e-06,0.00013444006900389265,0.013303220975795458
15.016260504757039,5.95825566448837e-05,0.00013444006900389265,0.013302930753655356
15.018760516350335,0.0001623938451421631,0.00013444006900389265,0.013302379934121802
15.021260545825193,0.00030125519871975967,0.00013444006900389265,0.013301573662544891
15.023760593256036,0.00038663330176526636,0.00013444006900389265,0.013300985687521097
15.026260658717298,0.00025989659081129303,0.00013444006900389265,0.013300604395274621
15.028760742283415,6.725798742672831e-05,0.00013444006900389265,0.013300390963820208
15.031260844028807,0.0001151203488793922,0.00013444006900389265,0.013300544336260994
15.03376096402791,0.00017841008833898234,0.00013444006900389265,0.013300445942023504
15.036261102355155,6.383559938173862e-05,0.00013444006900389265,0.013301068946167043
15.038761259084971,0.00029182223095543074,0.00013444006900389265,0.013301784415697068
15.041261434291783,0.00048377138545520164,0.00013444006900389265,0.01330160326814003
15.043761628050028,0.0009273408272798423,0.00013444006900389265,0.013301483066042752
15.046261840434136,0.0006873271141485237,0.00013444006900389265,0.01330142396353943
15.048762071518532,0.0005277440936380905,0.00013444006900389265,0.013301426115034879
15.051262321377648,0.0005302497296102316,0.00013444006900389265,0.013301489675204543
15.053762590085917,0.0006278868647163569,0.00013444006900389265,0.013301134664619883
15.056262877717765,0.0005819918286704903,0.00013444006900389265,0.013300702504965041
15.058763184347626,0.0005127824596528729,0.00013444006900389265,0.01330040880418528
15.06126351004993,0.00035740836388014827,0.00013444006900389265,0.013300256962031902
15.063763854899102,0.00039793403145421506,0.00013444006900389265,0.013300250402161191
15.06626421896958,0.00036649142817083563,0.00013444006900389265,0.01330044570098712
15.06876460233579,0.00015765309184746432,0.00013444006900389265,0.013300844446606834
15.07126500507216,0.0002517921914770276,0.00013444006900389265,0.01330144826431545
15.073765427253123,0.0007089310484793051,0.00013444006900389265,0.013302079527239871
15.07626586895311,0.0012828274753817568,0.00013444006900389265,0.013302685299257743
15.078766330246548,0.001061280938755703,0.00013444006900389265,0.013303262763968085
15.081266811207868,0.0006420015880742123,0.00013444006900389265,0.01330380908664708
15.083767311911503,0.0004236642542539363,0.00013444006900389265,0.01330432141424766
15.08626783243188,0.0003633055465462245,0.00013444006900389265,0.013304796875399715
15.08876837284343,0.0005843830621754462,0.00013444006900389265,0.01330523258040971
15.091268933220586,0.0005483243142843652,0.00013444006900389265,0.01330562562126073
15.093769513637774,0.00024198569057275014,0.00013444006900389265,0.013305973071612286
15.096270114169426,0.00013785886180334682,0.00013444006900389265,0.013306229740874363
15.098770734889973,0.00021230358400096787,0.00013444006900389265,0.01330619616422865
15.101271375873843,1.6522187080706546e-05,0.00013444006900389265,0.013306726393329468
15.103772037195467,0.00011961843574084634,0.00013444006900389265,0.013307498892915883
15.106272718929276,0.00033570322107988847,0.00013444006900389265,0.013308520721014109
15.1087734211497,0.0004083200367406021,0.00013444006900389265,0.013309596570518082
15.111274143931166,0.0006705222976811816,0.00013444006900389265,0.01331072657298834
15.113774887348109,0.0006392747089788171,0.00013444006900389265,0.013312363525265634
15.11627565147496,0.0002547069268854056,0.00013444006900389265,0.013314128446015986
15.11877643638614,-2.0678058256645704e-07,0.00013444006900389265,0.013315758698673878
15.121277242156088,0.00014915278373960061,0.00013444006900389265,0.013317260590304176
15.123778068859234,0.000392713254059613,0.00013444006900389265,0.013318599903952831
15.126278916570003,0.0003332907818212605,0.00013444006900389265,0.013319781460371561
15.128779785362829,0.00038003926477139446,0.00013444006900389265,0.013320144203686728
15.13128067531214,0.00035519242666757697,0.00013444006900389265,0.013320162624575761
15.133781586492368,0.00010320449539344065,0.00013444006900389265,0.013320821606131884
15.136282518977945,-8.829227193978689e-05,0.00013444006900389265,0.013321637795158768
15.138783472843294,0.00026088294745244683,0.00013444006900389265,0.013322611023750736
15.141284448162851,0.0003051374787397653,0.00013444006900389265,0.013323741155537756
15.143785445011046,0.0001462033516432537,0.00013444006900389265,0.013325028085685434
15.146286463462308,0.00021899309723226283,0.00013444006900389265,0.013326309356403249
15.148787503591064,0.0003259644975793074,0.00013444006900389265,0.013327810919990699
15.15128856547175,0.0003542692120562553,0.00013444006900389265,0.01332953067481022
15.153789649178794,0.0002867831862480765,0.00013444006900389265,0.01333182214558646
15.156290754786625,0.00041546526990176094,0.00013444006900389265,0.013333348879820333
15.158791882369673,0.0005023586637119288,0.00013444006900389265,0.013334032754224467
15.16129303200237,0.000783961050165087,0.00013444006900389265,0.013334901453924087
15.163794203759142,0.001022837317251779,0.00013444006900389265,0.013335427146892682
15.166295397714425,0.0012730582991800927,0.00013444006900389265,0.01333633784101815
15.168796613942646,0.0011192420313693215,0.00013444006900389265,0.013337352374987739
15.171297852518235,0.0010340221691189436,0.00013444006900389265,0.01333847090301988
15.173799113515622,0.001196849964679187,0.00013444006900389265,0.013339693598269002
15.176300397009243,0.0013588631354718404,0.00013444006900389265,0.013341020652825202
15.178801703073516,0.0018861383966250495,0.00013444006900389265,0.013342452277714734
15.18130303178288,0.0017461211422209674,0.00013444006900389265,0.01334373760242916
15.183804383211767,0.001021518272114559,0.00013444006900389265,0.013345235192149004
15.1863057574346,0.00039259954184084345,0.00013444006900389265,0.013346811417885001
15.188807154525811,0.00018791433106847208,0.00013444006900389265,0.013348901223240865
15.191308574559836,0.00017504904875614846,0.00013444006900389265,0.013350765955638527
15.193810017611098,0.00026434183348575564,0.00013444006900389265,0.013352620238272038
15.196311483754032,0.0005621945717879228,0.00013444006900389265,0.013354466749098928
15.198812973063065,0.0004428439090274072,0.00013444006900389265,0.013356308159236413
15.20131448561263,0.00027730607169930074,0.00013444006900389265,0.013358147132960598
15.203816021477154,9.288808887435857e-05,0.00013444006900389265,0.013359986327707195
15.206317580731069,0.00017505631400047648,0.00013444006900389265,0.013361828394070128
15.208819163448805,0.00026348023856374164,0.00013444006900389265,0.013363675975803334
15.211320769704793,0.00017930357925792506,0.00013444006900389265,0.013365531709818954
15.213822399573461,0.00017592528763608027,0.00013444006900389265,0.013366985698953397
15.21632405312924,0.00034474553698362123,0.00013444006900389265,0.013368459781793653
15.21882573044656,0.00026049282716550555,0.00013444006900389265,0.013369936229814205
15.221327431599855,0.00015977352045706827,0.00013444006900389265,0.013371471054638942
15.22382915666355,0.00020478827446133996,0.00013444006900389265,0.013373064916840455
15.226330905712075,0.0003650999190045103,0.00013444006900389265,0.01337471848386355
15.228832678819863,0.0004180601767343646,0.00013444006900389265,0.01337643243002645
15.231334476061345,0.0005920478660551235,0.00013444006900389265,0.013377406965766623
15.23383629751095,0.0005044073778174389,0.00013444006900389265,0.013378170753085117
15.236338143243104,0.0003429611823901821,0.00013444006900389265,0.01337893860932034
15.238840013332243,0.00031740865170228234,0.00013444006900389265,0.013379710223196227
15.241341907852794,0.00037684211419615997,0.00013444006900389265,0.013380485285007867
15.243843826879191,0.00044984472242056567,0.00013444006900389265,0.01338126348662271
15.246345770485858,0.0006424998657153617,0.00013444006900389265,0.013382044521479468
15.248847738747228,0.0008494318612664118,0.00013444006900389265,0.013382872623340314
15.251349731737735,0.0005063597823461614,0.00013444006900389265,0.013383745909061957
15.253851749531803,0.0002030387774832488,0.00013444006900389265,0.013385215306836378
15.256353792203864,0.0001149137671020619,0.00013444006900389265,0.013386425379383575
15.258855859828353,0.00021456720618332273,0.00013444006900389265,0.01338738439330918
15.261357952479694,0.0003620483422102014,0.00013444006900389265,0.013388939417167086
15.263860070232317,0.00024703263247457044,0.00013444006900389265,0.013390816598143522
15.266362213160656,0.0005335839260480202,0.00013444006900389265,0.01339266137313708
15.268864381339142,0.0005198297067521857,0.00013444006900389265,0.013394361660778403
15.271366574842201,0.00021352668898512624,0.00013444006900389265,0.013396071902634843
15.273868793744265,5.017965549948718e-05,0.00013444006900389265,0.01339778940364808
15.276371038119764,7.799917660689104e-05,0.00013444006900389265,0.013399511464686422
15.278873308043128,0.00015781570756876265,0.00013444006900389265,0.013401235382544329
15.281375603588788,8.011461488564332e-05,0.00013444006900389265,0.013403110161152906
15.283877924831174,0.00017417553557733632,0.00013444006900389265,0.013405127708212297
15.286380271844715,0.00016494803262453485,0.00013444006900389265,0.01340744908274676
15.28888264470384,9.958259820327595e-06,0.00013444006900389265,0.013409716416928065
15.291385043482984,0.0002422286121347792,0.00013444006900389265,0.013411390564791483
15.293887468256575,0.0006074368264749868,0.00013444006900389265,0.013412785598202687
15.29638991909904,0.00038399587283110236,0.00013444006900389265,0.013414444738455428
15.298892396084813,0.00044456397669747835,0.00013444006900389265,0.013416016113439412
15.301394899288322,0.0005840203334814727,0.00013444006900389265,0.01341800917488993
15.303897428783996,0.0005462476413316958,0.00013444006900389265,0.013419396473942016
15.306399984646271,0.0002306560937102315,0.00013444006900389265,0.013420606219840868
15.30890256694957,5.92137303697237e-05,0.00013444006900389265,0.013421825090045011
15.311405175768327,0.00022443693769236793,0.00013444006900389265,0.013423052995596678
15.313907811176971,0.0002271626779294881,0.00013444006900389265,0.013424289846107905
15.316410473249933,0.0007723480904734039,0.00013444006900389265,0.013425535549759931
15.318913162061644,0.0007843222668718706,0.00013444006900389265,0.013426790013303607
15.321415877686531,0.00041600528789197816,0.00013444006900389265,0.013428053142059644
15.323918620199029,0.0004787460422144528,0.00013444006900389265,0.013429360295090377
15.326421389673563,0.0010297635126612862,0.00013444006900389265,0.013431576994873708
15.328924186184565,0.0010712037404103439,0.00013444006900389265,0.013433475859226683
15.331427009806468,0.000895478196440206,0.00013444006900389265,0.013434956647452366
15.333929860613697,0.0006364117049462385,0.00013444006900389265,0.013436431469954104
15.336432738680687,0.0006177921133318463,0.00013444006900389265,0.013437763931846326
15.338935644081864,0.0006489579269345382,0.00013444006900389265,0.013439097332585227
15.341438576891662,0.00040239446848725977,0.00013444006900389265,0.013440431740564328
15.34394153718451,0.0009262636467038832,0.00013444006900389265,0.013441767221676696
15.346444525034833,0.0015495305241335442,0.00013444006900389265,0.013443103839314666
15.34894754051707,0.0014744866135983862,0.00013444006900389265,0.01344469468652467
15.351450583705645,0.0009375732006040513,0.00013444006900389265,0.013446928884180946
15.353953654674992,0.00043636499430621707,0.00013444006900389265,0.013449286622818286
15.356456753499536,0.00039082222935128523,0.00013444006900389265,0.013451815429913052
15.358959880253712,0.0003135288190747824,0.00013444006900389265,0.013454012872493553
15.361463035011951,0.0003004064764945361,0.00013444006900389265,0.013455419402900074
15.363966217848677,0.00026450206874887444,0.00013444006900389265,0.01345694551725424
15.366469428838323,0.0002180962128511977,0.00013444006900389265,0.013458217431884746
15.368972668055324,0.00013148197010658287,0.00013444006900389265,0.01345869817882913
15.371475935574104,0.00040382303752581165,0.00013444006900389265,0.013458942674984459
15.373979231469095,0.00046254532812806115,0.00013444006900389265,0.013459496824813724
15.376482555814729,0.00035871706646439273,0.00013444006900389265,0.013460584026520584
15.378985908685431,0.0002971440924683603,0.00013444006900389265,0.01346154494971049
15.381489290155637,0.0001571873091115502,0.00013444006900389265,0.013462374636283046
15.383992700299777,0.00011326333743650295,0.00013444006900389265,0.013463068096805348
15.386496139192275,0.00048541566210486865,0.00013444006900389265,0.013463620310511928
15.388999606907566,0.0004705928880488104,0.00013444006900389265,0.013464413460670009
15.391503103520082,9.124938600264809e-05,0.00013444006900389265,0.01346553719326857
15.394006629104247,7.90334772922275e-05,0.00013444006900389265,0.013466053953261333
15.396510183734497,0.00025765116540549596,0.00013444006900389265,0.013466635450311099
15.39901376748526,0.0003616616297629823,0.00013444006900389265,0.013467283996713436
15.401517380430963,0.00029690860124576696,0.00013444006900389265,0.013468007795165063
15.404021022646043,0.0004569890384483067,0.00013444006900389265,0.01346880899031352
15.406524694204924,0.0007473753600978263,0.00013444006900389265,0.013469689748554581
15.40902839518204,0.0007897018284282985,0.00013444006900389265,0.013470652258033273
15.411532125651819,0.0010347386075839939,0.00013444006900389265,0.013471698728643169
15.41403588568869,0.0013310693204704755,0.00013444006900389265,0.013472831392027637
15.416539675367087,0.0012617750444740006,0.00013444006900389265,0.01347404803225111
15.419043494761437,0.0010458685714025608,0.00013444006900389265,0.013475351082971574
15.421547343946171,0.0009941345972071525,0.00013444006900389265,0.013476550488404092
15.42405122299572,0.0006413871513504098,0.00013444006900389265,0.013477663849763987
15.426555131984514,0.0003489050700658438,0.00013444006900389265,0.013478686156479
15.429059070986982,0.00020880865967426963,0.00013444006900389265,0.013480229357376016
15.431563040077556,0.00027159093489687557,0.00013444006900389265,0.01348179922444236
15.434067039330662,0.00045234370336943996,0.00013444006900389265,0.013483358777901657
15.436571068820736,0.00038097194385634456,0.00013444006900389265,0.013484908062704361
15.439075128622205,0.00038475166898596126,0.00013444006900389265,0.013486447120066303
15.441579218809498,0.0003616603379922624,0.00013444006900389265,0.013487975987469052
15.444083339457048,0.0003370424959905499,0.00013444006900389265,0.013489494698659408
15.446587490639285,0.0005096046877341425,0.00013444006900389265,0.013491003283649883
15.449091672430637,0.0006597714812732088,0.00013444006900389265,0.013492501768718532
15.451595884905533,0.0007793465449640515,0.00013444006900389265,0.013493990176409171
15.454100128138407,0.0007256694722914472,0.00013444006900389265,0.013494915325139935
15.456604402203688,0.0009136734957971172,0.00013444006900389265,0.013496212922461403
15.459108707175803,0.0010568340079329924,0.00013444006900389265,0.013496452442945435
15.461613043129189,0.0005713811219973577,0.00013444006900389265,0.013497199784533098
15.46411741013827,0.00025933167482650177,0.00013444006900389265,0.013498132752650181
15.466621808277475,0.00018282959495433994,0.00013444006900389265,0.013499258770091263
15.469126237621241,9.338000178853167e-05,0.00013444006900389265,0.013500714119021644
15.471630698243994,7.456848094825226e-05,0.00013444006900389265,0.013501736962985435
15.474135190220162,0.00036833301383375205,0.00013444006900389265,0.013502313293047161
15.476639713624177,0.0005624794179839507,0.00013444006900389265,0.01350242899524571
15.479144268530474,0.0006756730492430973,0.00013444006900389265,0.013503292082544114
15.481648855013477,0.0005528718359213598,0.00013444006900389265,0.013504622520961719
15.484153473147618,0.000711152831963182,0.00013444006900389265,0.01350575630883592
15.486658123007327,0.0004230108207576664,0.00013444006900389265,0.013506884383432751
15.489162804667036,0.0002953399778211907,0.00013444006900389265,0.013507993770171563
15.491667518201172,0.0003656118812214292,0.00013444006900389265,0.013509071495150203
15.494172263684169,0.0003953155773365781,0.00013444006900389265,0.01350925299709436
15.496677041190452,0.0002712848231727436,0.00013444006900389265,0.013509986011463089
15.499181850794457,0.00015456405591893554,0.00013444006900389265,0.013511123005726244
15.50168669257061,0.0001728800564529849,0.00013444006900389265,0.013512076654155518
15.50419156659334,0.0002512996503783397,0.00013444006900389265,0.013513501973033717
15.506696472937081,0.00012315611558073002,0.00013444006900389265,0.013515165838118617
15.509201411676266,2.901694024374374e-05,0.00013444006900389265,0.013517229038996933
15.511706382885315,0.00023621634587595725,0.00013444006900389265,0.013519611213810638
15.514211386638667,0.00022042992028617134,0.00013444006900389265,0.013521073516982158
15.516716423010749,0.00048354760956105525,0.00013444006900389265,0.013522461175681483
15.519221492075989,0.001076407102416379,0.00013444006900389265,0.013523776269916346
15.52172659390882,0.0012935523745992526,0.00013444006900389265,0.013525020864353346
15.524231728583676,0.0010733916886687886,0.00013444006900389265,0.013526230427583828
15.526736896174977,0.0008056694967422812,0.00013444006900389265,0.013527405808317579
15.529242096757164,0.0006828165350091734,0.00013444006900389265,0.013528547848306456
15.531747330404661,0.0004573871455977492,0.00013444006900389265,0.013529706827565229
15.534252597191896,0.00016042459235819304,0.00013444006900389265,0.01353077968402398
15.536757897193304,0.00020170466051373619,0.00013444006900389265,0.013531766842918692
15.539263230483316,0.0001755045582753651,0.00013444006900389265,0.013532668709586054
15.541768597136357,0.0001745944512843451,0.00013444006900389265,0.013533485669464792
15.54427399722686,8.960312475569422e-05,0.00013444006900389265,0.013534546966729946
15.546779430829258,0.00030644381661304974,0.00013444006900389265,0.013535931003566381
15.549284898017977,0.000387297463299522,0.00013444006900389265,0.01353728426665188
15.551790398867446,0.0008232568795980364,0.00013444006900389265,0.013537780795557742
15.554295933452098,0.0019492836291401545,0.00013444006900389265,0.013538692836647697
15.556801501846365,0.0028734073756572637,0.00013444006900389265,0.013539148903890373
15.559307104124674,0.0020268720624314566,0.00013444006900389265,0.013539283490755605
15.561812740361455,0.000756879220273201,0.00013444006900389265,0.013539432545395254
15.564318410631142,0.000534389766508275,0.00013444006900389265,0.013539952580403832
15.566824115008156,0.0005763892319811462,0.00013444006900389265,0.013540432039348526
15.56932985356694,0.0003680869605613285,0.00013444006900389265,0.013540956156111048
15.57089676363094,0.001290870143472813,0.00013444006900389265,0.013541448311320245
15.57340094844622,0.0012045362646909991,0.00013444006900389265,0.013542322853475987
15.57590511380778,0.0009414955222438581,0.00013444006900389265,0.013543156770255905
15.578409259756716,0.0003814009733557333,0.00013444006900389265,0.013544181106872059
15.58091338633414,0.00024612659815790965,0.00013444006900389265,0.013545209385024671
15.583417493581159,0.0002938304106141574,0.00013444006900389265,0.013546194682167
15.585921581538878,0.00024539937996175334,0.00013444006900389265,0.013547139527295226
15.5884256502484,0.0003028133888606562,0.00013444006900389265,0.013548046442112126
15.590929699750838,0.00029444073260169804,0.00013444006900389265,0.013548917941027527
15.593433730087295,0.00042552012876404324,0.00013444006900389265,0.013549793541973424
15.595937741298874,0.0004913608382071857,0.00013444006900389265,0.013550674432136922
15.598441733426688,0.000509497150296202,0.00013444006900389265,0.01355156180069579
15.600945706511839,0.0004049911690216252,0.00013444006900389265,0.013552734722096893
15.603449660595434,0.000253585214737893,0.00013444006900389265,0.013553529148472061
15.605953595718578,0.0001676716403854906,0.00013444006900389265,0.013554282653929238
15.60845751192238,5.133500122397362e-05,0.00013444006900389265,0.013554902521273214
15.610961409247944,0.00021253540932220615,0.00013444006900389265,0.013555387419023556
15.61346528773638,0.00014197707518117872,0.00013444006900389265,0.013555356886857677
15.61596914742879,2.4825758465093703e-05,0.00013444006900389265,0.013555846612149786
15.618472988366285,0.00013513674838981464,0.00013444006900389265,0.013556432397600255
15.620976810589966,0.0008806442231857718,0.00013444006900389265,0.013557019844077816
15.623480614140943,0.002320918977067793,0.00013444006900389265,0.013557608896346739
15.625984399060322,0.0027060401430329725,0.00013444006900389265,0.0135581994967211
15.628488165389209,0.002261436495025304,0.00013444006900389265,0.013558754182339493
15.63099191316871,0.0012374413087117096,0.00013444006900389265,0.013558455515061902
15.63349564243993,0.00042761570588674934,0.00013444006900389265,0.013558296950539494
15.635999353243978,0.00030237111824093707,0.00013444006900389265,0.013558561862289837
15.63850304562196,9.201631923419148e-05,0.00013444006900389265,0.01355842194053791
15.64100671961498,2.4475712662626325e-05,0.00013444006900389265,0.01355878334199273
15.643510375264146,2.3457524209855377e-05,0.00013444006900389265,0.013559111748493068
15.646014012610562,0.0001271705860837833,0.00013444006900389265,0.013558624401466685
15.648517631695341,0.00017348202182802808,0.00013444006900389265,0.013558151515877246
15.651021232559582,0.00012477859811888675,0.00013444006900389265,0.01355769385271141
15.653524815244396,0.00014230374953043932,0.00013444006900389265,0.01355725218371867
15.656028379790886,6.186500239795806e-05,0.00013444006900389265,0.013556827291411215
15.658531926240162,0.0001771726401816505,0.00013444006900389265,0.013556419969064055
15.661035454633325,0.00021370929855379223,0.00013444006900389265,0.013556031020715663
15.663538965011488,0.0003289021232830234,0.00013444006900389265,0.013555661261167754
15.666042457415752,0.0005113216119984384,0.00013444006900389265,0.013555311515985208
15.668545931887227,0.0005662002648014822,0.00013444006900389265,0.013555809671206624
15.671049388467019,0.0006541869998112904,0.00013444006900389265,0.01355631662058806
15.673552827196229,0.0005674910096612369,0.00013444006900389265,0.013556818677740844
15.67605624811597,0.00030236777387719627,0.00013444006900389265,0.0135573142941898
15.678559651267346,0.0002139955164249096,0.00013444006900389265,0.013557837616956723
15.68106303669146,4.02403328813878e-05,0.00013444006900389265,0.013558388214186295
15.683566404429424,9.759094821788251e-05,0.00013444006900389265,0.013558965658312322
15.686069754522341,0.0001763334392495767,0.00013444006900389265,0.013559569526057127
15.688573087011319,0.00017814055137943714,0.00013444006900389265,0.013560199398433106
15.691076401937465,0.0002063293823265401,0.00013444006900389265,0.013560854860740457
15.693579699341882,0.00024418954896185396,0.00013444006900389265,0.013561535502569595
15.696082979265679,0.00031202831979904727,0.00013444006900389265,0.013562240917799178
15.69858624174996,0.0002582064949395932,0.00013444006900389265,0.013562970704597352
15.701089486835833,0.00029388417716696286,0.00013444006900389265,0.013563724465421182
15.703592714564405,0.00021319882504516018,0.00013444006900389265,0.013564501807016738
15.706095924976783,9.600166183005611e-05,0.00013444006900389265,0.01356530234041931
15.70859911811407,7.525473716863199e-05,0.00013444006900389265,0.013566125680953254
15.711102294017376,4.470437490318967e-05,0.00013444006900389265,0.013566971448231765
15.713605452727805,0.00011035529237253885,0.00013444006900389265,0.01356783926615727
15.716108594286462,0.00019581504716436465,0.00013444006900389265,0.013568728762921454
15.718611718734458,0.0004105433491388248,0.00013444006900389265,0.013569639571004688
15.721114826112897,0.0006367141138901612,0.00013444006900389265,0.013570571327176728
15.723617916462883,0.0006512606289245989,0.00013444006900389265,0.013571912522101685
15.726120989825525,0.0006084044977773054,0.00013444006900389265,0.013572990122686862
15.72862404624193,0.0006258349685988179,0.00013444006900389265,0.013574253350829122
15.731127085753203,0.0004323279603033487,0.00013444006900389265,0.013575567699838892
15.73363010840045,0.0010663764106737719,0.00013444006900389265,0.01357718462465961
15.736133114224776,0.002399806441914138,0.00013444006900389265,0.013578266911672188
15.738636103267293,0.002940801239504359,0.00013444006900389265,0.013579071101772372
15.7411390755691,0.0023401798011874093,0.00013444006900389265,0.013579616621472466
15.743642031171309,0.00130436286182423,0.00013444006900389265,0.013580092242891985
15.746144970115022,0.0007041027296716407,0.00013444006900389265,0.013580485322710696
15.748647892441351,0.0003380596641474991,0.00013444006900389265,0.013580772304443649
15.751150798191398,0.00024530169660744866,0.00013444006900389265,0.013580925503054769
15.753653687406267,0.0005645133503025986,0.00013444006900389265,0.01358196649622454
15.75615656012707,0.0008029139287396535,0.00013444006900389265,0.013582972450042786
15.758659416394911,0.0006941429908975862,0.00013444006900389265,0.013583944917090437
15.761162256250897,0.000535110526200892,0.00013444006900389265,0.01358488543945254
15.763665079736134,0.000355810545945863,0.00013444006900389265,0.013585795548718168
15.766167886891727,0.00025667628750518194,0.00013444006900389265,0.013586676765980327
15.768670677758784,0.00019008052433488673,0.00013444006900389265,0.013587530601837278
15.771173452378411,0.00027689788046327164,0.00013444006900389265,0.013588358556390682
15.773676210791713,0.00024289405503219105,0.00013444006900389265,0.013589162119247392
15.776178953039798,0.0001863197886586808,0.00013444006900389265,0.01359007526745873
15.778681679163771,0.0002172725960653335,0.00013444006900389265,0.0135910397444171
15.78118438920474,0.000268347195394987,0.00013444006900389265,0.013592117139878632
15.78368708320381,0.0002625919321810541,0.00013444006900389265,0.01359293706038429
15.786189761202088,0.0001641779375018467,0.00013444006900389265,0.013593724728900788
15.788692423240681,0.0002784746349900908,0.00013444006900389265,0.013594527845518307
15.791195069360695,0.0006284985409733494,0.00013444006900389265,0.013595273479479659
15.793697699603236,0.001204698776491665,0.00013444006900389265,0.013595963487796703
15.796200314009408,0.0015023920135084495,0.00013444006900389265,0.013596785790042556
15.798702912620321,0.0012411359778309854,0.00013444006900389265,0.013597735612514131
15.80120549547708,0.001200438761416022,0.00013444006900389265,0.013598808212444202
15.80370806262079,0.0011722095686769254,0.00013444006900389265,0.013599998878000546
15.80621061409256,0.0007921250278661533,0.00013444006900389265,0.013601302928286468
15.808713149933494,0.000552400129273236,0.00013444006900389265,0.013602715713340392
15.811215670184701,0.00042727482618270217,0.00013444006900389265,0.01360441293044529
15.813718174887285,0.0004698768730840991,0.00013444006900389265,0.013605710471096665
15.816220664082353,0.00033990866051474,0.00013444006900389265,0.013606340536807607
15.818723137811011,0.0003006256755694256,0.00013444006900389265,0.013606955579490765
15.821225596114367,0.00018238090049939835,0.00013444006900389265,0.013607583219134793
15.823728039033526,0.0001591234125850726,0.00013444006900389265,0.013608222820606126
15.826230466609593,0.00019515670864448352,0.00013444006900389265,0.013608404922183822
15.828732878883676,0.0002575884968143774,0.00013444006900389265,0.013608488644671471
15.831235275896882,0.00031871280917078297,0.00013444006900389265,0.013608739008479854
15.833737657690316,0.00025721605186129065,0.00013444006900389265,0.013609161369185533
15.836240024305086,0.00034842108464499394,0.00013444006900389265,0.013609761126757521
15.838742375782296,0.00037034448558997263,0.00013444006900389265,0.01361054372555879
15.841244712163052,0.0003292714932168154,0.00013444006900389265,0.013611514654345637
15.843747033488466,0.00018372588701935123,0.00013444006900389265,0.0136124407605858
15.846249339799638,7.223889045339903e-05,0.00013444006900389265,0.013613319331098644
15.848751631137675,3.926513155780818e-05,0.00013444006900389265,0.013614147639232802
15.851253907543688,6.808283149397493e-05,0.00013444006900389265,0.013614922944866924
15.853756169058778,0.00013171664227657268,0.00013444006900389265,0.013615642494408615
15.856258415724055,0.00010607707693306538,0.00013444006900389265,0.013616303520794638
15.858760647580624,8.556367866597615e-05,0.00013444006900389265,0.013617071426992604
15.861262864669591,6.073848070048231e-05,0.00013444006900389265,0.013617721157983445
15.863765067032064,-2.015914214282752e-05,0.00013444006900389265,0.013618247865751821
15.866267254709145,-8.789071949490308e-05,0.00013444006900389265,0.013618278395588412
15.868769427741945,8.102943649374722e-05,0.00013444006900389265,0.013618811140440298
15.87127158617157,0.0001851131504037977,0.00013444006900389265,0.013619863580853759
15.873773730039126,0.00018121215648300888,0.00013444006900389265,0.013620896727783084
15.876275859385716,0.00011404822730283828,0.00013444006900389265,0.013621908986287805
15.878777974252449,0.00019808958389139035,0.00013444006900389265,0.013622898755543091
15.881280074680433,0.00019615432845025184,0.00013444006900389265,0.013623864428839574
15.883782160710771,0.00012788221180993695,0.00013444006900389265,0.013624804393583483
15.88628423238457,0.00012298481085053561,0.00013444006900389265,0.013625717031296414
15.888786289742939,0.0002563635338893016,0.00013444006900389265,0.013626600717615006
15.891288332826983,0.00022861947512786349,0.00013444006900389265,0.01362745382229125
15.893790361677805,0.00018146877355065295,0.00013444006900389265,0.013628534776862137
15.896292376336516,0.00015718624193821439,0.00013444006900389265,0.013629489079364742
15.898794376844224,0.00010212707932695693,0.00013444006900389265,0.013630446611918229
15.901296363242029,3.0165301763796643e-05,0.00013444006900389265,0.013630957868935752
15.90379833557104,1.8386798560199313e-05,0.00013444006900389265,0.013631510596769479
15.906300293872363,0.00016169455762762158,0.00013444006900389265,0.013632151787555266
15.908802238187107,6.347945121801431e-05,0.00013444006900389265,0.013632851816212916
15.911304168556375,0.00012966933856627637,0.00013444006900389265,0.013633611481634299
15.913806085021275,0.00017159121358878947,0.00013444006900389265,0.013634431602235575
15.916307987622915,0.0001494103256220597,0.00013444006900389265,0.013635313015955644
15.918809876402396,0.000223105549631699,0.00013444006900389265,0.013636256580257015
15.921311751400829,0.0004642532297885818,0.00013444006900389265,0.013637263172125862
15.92381361265932,0.000722581961533849,0.00013444006900389265,0.013638333688072893
15.926315460218973,0.0007205245836038043,0.00013444006900389265,0.013640129180702742
15.928817294120899,0.00033769769081719303,0.00013444006900389265,0.013641779668756248
15.931319114406197,0.00010775311517723617,0.00013444006900389265,0.013643890932859993
15.93382092111598,3.765803633000095e-05,0.00013444006900389265,0.01364595810694075
15.936322714291354,7.806051765783459e-05,0.00013444006900389265,0.013647105048111664
15.93882449397342,0.00020081444922549242,0.00013444006900389265,0.013648186906772818
15.941326260203288,0.00023638975300678718,0.00013444006900389265,0.013649205458634446
15.943828013022065,0.00019823224025359264,0.00013444006900389265,0.01365021219761675
15.946329752470856,0.00011473640144123165,0.00013444006900389265,0.013651207109727547
15.948831478590767,0.00018985174295792911,0.00013444006900389265,0.01365219018042664
15.951333191422908,0.00018371555125791528,0.00013444006900389265,0.013653177093589436
15.953834891008379,0.00012088902645106779,0.00013444006900389265,0.013654167276832375
15.95633657738829,6.919975277517622e-05,0.00013444006900389265,0.013655160161160968
15.958838250603748,0.00014423972345862027,0.00013444006900389265,0.013656155180968473
15.961339910695857,0.0005517618710823222,0.00013444006900389265,0.013657105644734607
15.963841557705726,0.0011568134331202077,0.00013444006900389265,0.01365800939226697
15.96634319167446,0.0013324200765923826,0.00013444006900389265,0.013658291715699026
15.968844812643164,0.000972810324714005,0.00013444006900389265,0.01365879431894572
15.97134642065295,0.00048739367702754256,0.00013444006900389265,0.01365952498959237
15.973848015744917,0.00023937504990003376,0.00013444006900389265,0.013659622761085533
15.976349597960175,0.00021328522060797862,0.00013444006900389265,0.013660284216813826
15.97885116733983,0.00022331808179065944,0.00013444006900389265,0.01366106489194671
15.981352723924987,0.00024699025018171464,0.00013444006900389265,0.013662714586732653
15.983854267756755,0.0003431162781656373,0.00013444006900389265,0.013663388498280431
15.986355798876238,0.0003568651829202723,0.00013444006900389265,0.013664013891005576
15.988857317324545,0.0007665420534452259,0.00013444006900389265,0.013664590106816863
15.991358823142779,0.0013422070535438358,0.00013444006900389265,0.01366511647875331
15.993860316372048,0.0014623171271619575,0.00013444006900389265,0.013665435201924528
15.99636179705346,0.0011826411811542079,0.00013444006900389265,0.013665540136918052
15.998863265228117,0.0008831562786923621,0.00013444006900389265,0.013665249940683284
16.00136472093713,0.0009366738785919187,0.00013444006900389265,0.013665217536331686
16.003866164221602,0.0009875346705859288,0.00013444006900389265,0.013665554495314784
16.006367595122644,0.0012651882378884455,0.00013444006900389265,0.013665977233252583
16.008869013681355,0.0012006793003132721,0.00013444006900389265,0.013666258062209603
16.011370419938846,0.0009692591504290964,0.00013444006900389265,0.013666537205084262
16.013871813936223,0.0006278918098703689,0.00013444006900389265,0.013666295522692249
16.016373195714593,0.0005018205322060796,0.00013444006900389265,0.013666757053864805
16.018874565315063,0.00028255381612729037,0.00013444006900389265,0.013667864760474354
16.021375922778734,0.00017148285711424474,0.00013444006900389265,0.01366871686246047
16.023877268146723,0.0002210967976531749,0.00013444006900389265,0.013669557895251788
16.02637860146012,0.0002204174220092215,0.00013444006900389265,0.013670388200929778
16.028879922760048,0.0001806969575542522,0.00013444006900389265,0.013671208123316073
16.031381232087604,0.0002681971092084786,0.00013444006900389265,0.013672018007972945
16.033882529483897,0.0003079483205580928,0.00013444006900389265,0.013673008092706026
16.03638381499003,0.00038107913268002093,0.00013444006900389265,0.013674135271058884
16.038885088647117,0.0004198361098265886,0.00013444006900389265,0.013674065874648455
16.041386350496257,0.00040423166633129885,0.00013444006900389265,0.013674130322509213
16.04388760057856,0.00043495490295996503,0.00013444006900389265,0.013674458362904039
16.046388838935133,0.00046427401149870366,0.00013444006900389265,0.013674657114473762
16.04889006560708,0.0004923344397747467,0.00013444006900389265,0.013674991913767101
16.051391280635507,0.00049075458955356,0.00013444006900389265,0.013675325018639281
16.053892484061517,0.0004682047593145208,0.00013444006900389265,0.013675656978939622
16.056393675926227,0.00023493337901200548,0.00013444006900389265,0.013675988346508263
16.058894856270733,0.0002275781765083175,0.00013444006900389265,0.01367631967517476
16.061396025136148,0.00021328408362749317,0.00013444006900389265,0.013676651520759489
16.063897182563576,0.0002085384097885168,0.00013444006900389265,0.013676349738435763
16.066398328594122,0.00024233380114107965,0.00013444006900389265,0.01367590957356642
16.068899463268895,0.00027350619248407704,0.00013444006900389265,0.013675274949429495
16.071400586628997,0.00022054303682974424,0.00013444006900389265,0.013674955718488906
16.073901698715538,0.00020571862388345935,0.00013444006900389265,0.013675117934871629
16.076402799569625,0.0001426726381231029,0.00013444006900389265,0.013675337110058342
16.07890388923236,6.474304007469088e-05,0.00013444006900389265,0.013675951633361964
16.081404967744856,2.415356951545808e-05,0.00013444006900389265,0.01367619894590034
16.083906035148214,2.5033748927288935e-05,0.00013444006900389265,0.013676407178040724
16.086407091483544,5.3486047808857726e-05,0.00013444006900389265,0.013676579082259239
16.08890813679195,3.557170377628191e-05,0.00013444006900389265,0.013677007234244034
16.091409171114535,8.661127601547296e-05,0.00013444006900389265,0.013677390197480339
16.093910194492413,0.00026353514180057873,0.00013444006900389265,0.013677729152236369
16.096411206966682,0.000274291743608622,0.00013444006900389265,0.01367802527107429
16.098912208578458,9.140750713369436e-05,0.00013444006900389265,0.013678279718849464
16.101413199368835,9.53184476913567e-05,0.00013444006900389265,0.013678493652710861
16.103914179378933,0.00028418510937166727,0.00013444006900389265,0.013678612588267957
16.106415148649848,0.0007750679392093361,0.00013444006900389265,0.013679011542399396
16.108916107222694,0.0017166468253638194,0.00013444006900389265,0.013679318815382941
16.111417055138567,0.0027941160672888734,0.00013444006900389265,0.013679537206610496
16.113917992438584,0.003335189535169007,0.00013444006900389265,0.013679663416644927
16.116418919163845,0.0026879922717534185,0.00013444006900389265,0.013679699995671892
16.118919835355463,0.0012068577602208693,0.00013444006900389265,0.013679741990566348
16.12142074105454,0.0004664090039095039,0.00013444006900389265,0.013679788629506123
16.12392163630218,0.00043179134719418394,0.00013444006900389265,0.013679839143321297
16.12642252113949,0.0003103474279124302,0.00013444006900389265,0.013679892765493347
16.128923395607575,0.00026206935260665414,0.00013444006900389265,0.013679953361090442
16.13142425974755,0.00019629008974770233,0.00013444006900389265,0.013680020329594578
16.133925113600515,0.00015351681136535796,0.00013444006900389265,0.013680093074259266
16.136425957207575,0.00012348258729589882,0.00013444006900389265,0.013680148411004941
16.138926790609837,0.00016364428822559368,0.00013444006900389265,0.013680184966357999
16.141427613848414,0.00020800025327418446,0.00013444006900389265,0.013680201365154951
16.143928426964404,0.00015902376742727396,0.00013444006900389265,0.013680196230541185
16.146429229998915,0.0002066579096647713,0.00013444006900389265,0.01368020521219609
16.148930022993056,0.0002903345497640413,0.00013444006900389265,0.01368022821535035
16.151430805987932,0.00024454873035828495,0.00013444006900389265,0.013680265152495964
16.15393157902465,0.00021614224578387492,0.00013444006900389265,0.013680315943386093
16.156432342144317,0.00020803062094720305,0.00013444006900389265,0.013680380515034934
16.158933095388033,0.000264409054228365,0.00013444006900389265,0.013680458801718356
16.161433838796913,0.00024480235627125785,0.00013444006900389265,0.013680550744973026
16.16393457241206,3.604101868224033e-05,0.00013444006900389265,0.013680579378144335
16.16643529627458,-2.3114542303295446e-05,0.00013444006900389265,0.013680547384910204
16.16893601042558,4.7949550873362806e-05,0.00013444006900389265,0.013680457436928462
16.171436714906168,0.0001723346452078764,0.00013444006900389265,0.013681337200246932
16.173937409757443,0.00019814992609811996,0.00013444006900389265,0.013681301584743958
16.17643809502052,0.0001794004796704437,0.00013444006900389265,0.013681301669978517
16.1789387707365,0.00046122596391422535,0.00013444006900389265,0.013681336849057051
16.181439436946494,0.000669999763106055,0.00013444006900389265,0.013681273115979376
16.183940093691604,0.0007119700862511114,0.00013444006900389265,0.013681245694881607
16.186440741012934,0.0005637541334620501,0.00013444006900389265,0.013681254224171064
16.1889413789516,0.0005027382561512313,0.00013444006900389265,0.01368129835512216
16.1914420075487,0.00041790346482920016,0.00013444006900389265,0.013681377751876346
16.193942626845345,0.00035332021030098915,0.00013444006900389265,0.013681492091442893
16.19644323688264,0.000401831152449331,0.00013444006900389265,0.01368164106369732
16.198943837701687,0.00035980005958856365,0.00013444006900389265,0.013681620460086622
16.2014444293436,0.0003010997635926726,0.00013444006900389265,0.013681422917194099
16.20394501184948,0.0002886887331585847,0.00013444006900389265,0.013681187453302159
16.206445585260433,0.00032424891905944407,0.00013444006900389265,0.013680513064517537
16.20894614961757,0.000299600028853873,0.00013444006900389265,0.013679683926124259
16.21144670496199,0.00029880599062007476,0.00013444006900389265,0.013679238350887015
16.21394725133481,0.00017298498196925867,0.00013444006900389265,0.01367870746968879
16.216447788777128,0.00036318425612964084,0.00013444006900389265,0.013678020471038194
16.21894831733005,0.00064876188511492,0.00013444006900389265,0.013677150937146816
16.22144883703469,0.0006678932017870273,0.00013444006900389265,0.013676175701252402
16.22394934793214,0.0007739866603294794,0.00013444006900389265,0.013674691092462724
16.226449850063524,0.0007690177816885788,0.00013444006900389265,0.013673957868912241
16.22895034346994,0.0007870287220850761,0.00013444006900389265,0.01367316742076122
16.23145082819249,0.0009587308884301086,0.00013444006900389265,0.013672325192190337
16.233951304272285,0.0010213633813468386,0.00013444006900389265,0.013671436620981806
16.236451771750435,0.0006380952542739144,0.00013444006900389265,0.013670472525798772
16.238952230668037,0.00032197855542257653,0.00013444006900389265,0.013669666030377005
16.241452681066207,0.0002263099332117241,0.00013444006900389265,0.013669013226024736
16.243953122986046,0.0002283404836123746,0.00013444006900389265,0.013668459035668946
16.246453556468662,0.0001897006061170447,0.00013444006900389265,0.013667879180687714
16.248953981555157,0.000247772498401827,0.00013444006900389265,0.013667277364775483
16.251454398286644,0.00027415082489742025,0.00013444006900389265,0.013666657291465977
16.25395480670423,0.00015249167800353465,0.00013444006900389265,0.013666022664132057
16.256455206849008,0.0002023766938541241,0.00013444006900389265,0.013665036562567113
16.258955598762103,0.00019629615361142078,0.00013444006900389265,0.013663597939706777
16.26145598248461,0.00012472951010635697,0.00013444006900389265,0.013662017935175887
16.263956358057637,0.0003238707693738879,0.00013444006900389265,0.013661127349988162
16.266456725522293,0.0006538832002709709,0.00013444006900389265,0.01365966136184377
16.26895708491968,0.0012784053141323953,0.00013444006900389265,0.013658484629097915
16.271457436290905,0.001686820186763813,0.00013444006900389265,0.013658104250984628
16.273957779677083,0.0013500379530691775,0.00013444006900389265,0.013657218312845018
16.27645811511931,0.0005137478120631495,0.00013444006900389265,0.013656358851363229
16.2789584426587,9.64493700945368e-05,0.00013444006900389265,0.013655911874126854
16.281458762336346,-3.539163771496337e-05,0.00013444006900389265,0.013655190817193373
16.283959074193373,-6.968774121200727e-06,0.00013444006900389265,0.01365415589496004
16.286459378270873,-9.062451657854652e-05,0.00013444006900389265,0.013653210843689803
16.28895967460996,-8.980231383578022e-05,0.00013444006900389265,0.013652093899857174
16.291459963251732,8.088853270464026e-05,0.00013444006900389265,0.013650553840763647
16.293960244237304,0.00016895211812440608,0.00013444006900389265,0.013649166649430305
16.296460517607784,0.00010332250476240319,0.00013444006900389265,0.013647773734754363
16.298960783404272,0.0001807314973957374,0.00013444006900389265,0.013646378657652213
16.301461041667874,0.00024094745795627884,0.00013444006900389265,0.013644984980805476
16.3039612924397,0.00010813123168105197,0.00013444006900389265,0.013643596268660374
16.306461535760853,0.0002273074795958608,0.00013444006900389265,0.013642297420969302
16.30896177167244,0.00020906622836867027,0.00013444006900389265,0.013641086431368599
16.31146200021557,0.00027174161385933905,0.00013444006900389265,0.013639961315984672
16.31396222143135,0.00020804104380812462,0.00013444006900389265,0.01363863230649795
16.316462435360883,0.0003246972382094683,0.00013444006900389265,0.013637766262646909
16.318962642045275,0.000622449846962931,0.00013444006900389265,0.013637502174739165
16.321462841525637,0.0009334825447917632,0.00013444006900389265,0.013637588576776752
16.323963033843068,0.0011557840161229883,0.00013444006900389265,0.013637327310940719
16.326463219038683,0.000989615009572729,0.00013444006900389265,0.013637412786002983
16.328963397153583,0.0004675599628680364,0.00013444006900389265,0.013637028206275775
16.33146356822887,0.000179997563852511,0.00013444006900389265,0.01363625576637327
16.333963732305666,8.242210982030256e-05,0.00013444006900389265,0.013635402685918056
16.33646388942506,-6.36988248441158e-05,0.00013444006900389265,0.013634472835864423
16.338964039628163,0.00011225091377846039,0.00013444006900389265,0.013633470065674417
16.34146418295609,0.00015437277006904657,0.00013444006900389265,0.013632423982618708
16.343964319449938,0.00019822453371430744,0.00013444006900389265,0.01363133664630738
16.346464449150815,0.00027805053523349485,0.00013444006900389265,0.013630567816442483
16.34896457209983,0.00020967700313696304,0.00013444006900389265,0.013630106837722582
16.351464688338087,0.00018509201641128507,0.00013444006900389265,0.01362994312957709
16.3539647979067,0.00012683936769589815,0.00013444006900389265,0.01362910673405891
16.356464900846763,6.985560371874575e-05,0.00013444006900389265,0.01362802199281287
16.35896499719939,0.0001486443797539868,0.00013444006900389265,0.013626898231795755
16.361465087005683,0.0001868034353361362,0.00013444006900389265,0.013625737505023
16.363965170306752,9.909544290248942e-05,0.00013444006900389265,0.01362454185136381
16.366465247143704,0.00021531668702412694,0.00013444006900389265,0.013623313294542413
16.368965317557645,0.00012722623460874154,0.00013444006900389265,0.01362211115493183
16.371465381589676,0.00010485439659939887,0.00013444006900389265,0.01362093539362009
16.37396543928091,1.5184832725979869e-05,0.00013444006900389265,0.013619785970914657
16.376465490672448,6.18318376519409e-05,0.00013444006900389265,0.01361866284634132
16.378965535805403,0.0001544335733355811,0.00013444006900389265,0.01361756597864545
16.38146557472087,0.00018753547284596113,0.00013444006900389265,0.01361651956193928
16.38396560745997,0.00015069184060296538,0.00013444006900389265,0.013615524394821995
16.386465634063796,6.564267795906853e-05,0.00013444006900389265,0.01361458128097262
16.388965654573468,0.00013114341790988922,0.00013444006900389265,0.013613693338150164
16.391465669030076,-6.008571142659264e-06,0.00013444006900389265,0.013612659462237523
16.393965677474743,4.10517522314198e-05,0.00013444006900389265,0.013611617643792704
16.396465679948562,0.0003453595546108121,0.00013444006900389265,0.01361056878041349
16.39896567649265,0.0007083330977424342,0.00013444006900389265,0.013609694656756216
16.401465667148106,0.0009637121052130677,0.00013444006900389265,0.013608989732548052
16.403965651956035,0.0009300100467957567,0.00013444006900389265,0.013608448501343158
16.406465630957552,0.000582351391837559,0.00013444006900389265,0.013608065490520918
16.408965604193753,0.0002930681493295926,0.00013444006900389265,0.013607490739613886
16.41146557170575,0.00021092185230105719,0.00013444006900389265,0.013606862909783852
16.413965533534657,0.0001508961860262857,0.00013444006900389265,0.013606189429996597
16.416465489721567,0.0003037088279413871,0.00013444006900389265,0.013605472175328833
16.41896544030759,0.0002894611566425613,0.00013444006900389265,0.013604713002721784
16.421465385333835,0.00019012077410302322,0.00013444006900389265,0.013603913750981607
16.423965324841408,0.00013461721397196695,0.00013444006900389265,0.013603076240778776
16.426465258871414,0.00023096738332839192,0.00013444006900389265,0.013602202274648647
16.428965187464957,0.00019247603449515198,0.00013444006900389265,0.013601293636991653
16.43146511066315,0.00011146720968812328,0.00013444006900389265,0.013600352094072976
16.433965028507092,3.822790484365665e-05,0.00013444006900389265,0.013599396289021822
16.4364649410379,0.00023189529436919154,0.00013444006900389265,0.013598024616676111
16.43896484829667,0.0004038177981921607,0.00013444006900389265,0.013596593249052387
16.441464750324513,0.0002716240417951453,0.00013444006900389265,0.013595311928145178
16.44396464716253,8.334951650290114e-05,0.00013444006900389265,0.013594492567175917
16.44646453885183,0.0002301491559370296,0.00013444006900389265,0.013593436177120305
16.448964425433527,0.00037114901209462335,0.00013444006900389265,0.013592513901961029
16.451464306948722,0.0002767613822952566,0.00013444006900389265,0.01359147527997374
16.45396418343852,0.00021895280333223896,0.00013444006900389265,0.013590413605124292
16.456464054944025,0.00011755008679412843,0.00013444006900389265,0.013589331364748857
16.458963921506346,0.00013511649983297472,0.00013444006900389265,0.013588330637607947
16.46146378316659,8.066366292780805e-05,0.00013444006900389265,0.013587434847502569
16.46396363996586,0.00014969836583297348,0.00013444006900389265,0.013586644593541976
16.46646349194527,0.00017610308885463583,0.00013444006900389265,0.013585856302755089
16.46896333914592,0.00040347328350267067,0.00013444006900389265,0.013585153029577229
16.471463181608918,0.000714655929887599,0.00013444006900389265,0.01358453630120376
16.473963019375372,0.0007228954946394139,0.00013444006900389265,0.013584007655539724
16.47646285248638,0.0007635150965899437,0.00013444006900389265,0.01358359050766771
16.478962680983063,0.0009749461239965101,0.00013444006900389265,0.013583285641518492
16.481462504906517,0.0010482563047166781,0.00013444006900389265,0.013583093857212599
16.48396232429785,0.0007998891701203395,0.00013444006900389265,0.013583015971061646
16.48646213919817,0.000553577511776749,0.00013444006900389265,0.013583052815567076
16.488961949648584,0.00023577886510171148,0.00013444006900389265,0.013583068009766856
16.49146175569019,0.00021484037805222407,0.00013444006900389265,0.013583057654188616
16.493961557364106,0.000244361349679572,0.00013444006900389265,0.013582948741336956
16.496461354711435,0.000517429486750277,0.00013444006900389265,0.013582924272148238
16.49896114777328,0.0006680599067563995,0.00013444006900389265,0.013582769894680442
16.50146093659075,0.0008764324630968438,0.00013444006900389265,0.013582491014646304
16.503960721204948,0.0010793041892973223,0.00013444006900389265,0.01358232209328853
16.506460501656985,0.0009647486911212363,0.00013444006900389265,0.013582265572718853
16.508960277987963,0.0008629929426507942,0.00013444006900389265,0.013582131183757335
16.511460050238995,0.0004559732298287534,0.00013444006900389265,0.013581888804111483
16.51395981845118,0.00018395109376493843,0.00013444006900389265,0.013581568809052768
16.516459582665625,8.554863121690987e-05,0.00013444006900389265,0.013581166621327329
16.518959342923445,0.00015974523600901548,0.00013444006900389265,0.013580677631181353
16.521459099265737,0.0001986190374853921,0.00013444006900389265,0.01358009719636162
16.523958851733607,0.0001221425880061633,0.00013444006900389265,0.013579245125104245
16.526458600368166,-6.40660811506797e-05,0.00013444006900389265,0.013578806991689812
16.528958345210523,0.00010700901497676628,0.00013444006900389265,0.013579086126508842
16.531458086301775,0.0001342957324278471,0.00013444006900389265,0.013579453152355024
16.53395782368304,0.0002673723000324174,0.00013444006900389265,0.013579880065969403
16.536457557395412,0.0005023032994868129,0.00013444006900389265,0.013580366146132247
16.538957287480006,0.0007738152768114997,0.00013444006900389265,0.013580910671164044
16.541457013977926,0.0010828316256020123,0.00013444006900389265,0.013581512918924671
16.543956736930276,0.0009085070360370338,0.00013444006900389265,0.013582172166814536
16.546456456378166,0.0007645812832758302,0.00013444006900389265,0.013582887691773361
16.548956172362704,0.00040336840443419043,0.00013444006900389265,0.013583658770281051
16.55145588492499,0.0003290626756914609,0.00013444006900389265,0.013584484678357565
16.553955594106135,0.00013228732451005948,0.00013444006900389265,0.013585364691562744
16.556455299947242,3.0178258001249333e-05,0.00013444006900389265,0.013586298084995802
16.558955002489423,-5.431947030790779e-06,0.00013444006900389265,0.013587266662768353
16.561454701773776,3.6427350454046326e-05,0.00013444006900389265,0.013588270318563828
16.563954397841414,0.00015562351855805123,0.00013444006900389265,0.013589308941228246
16.56645409073344,0.00013880589202973533,0.00013444006900389265,0.01359038241476915
16.568953780490965,5.960866356719691e-05,0.00013444006900389265,0.013591490618356324
16.571453467155088,0.00016359137592474905,0.00013444006900389265,0.013592635028166435
16.573953150766922,6.699389287599666e-05,0.00013444006900389265,0.013593815456891863
16.57645283136757,-3.1124430278223203e-06,0.00013444006900389265,0.013595031712789016
16.57895250899814,0.00011444555894572425,0.00013444006900389265,0.013596283599677024
16.581452183699735,0.00014911665987693383,0.00013444006900389265,0.013597570916938839
16.583951855513465,0.00017669458521919236,0.00013444006900389265,0.01359889345952052
16.586451524480434,0.0003262147698597905,0.00013444006900389265,0.013600251017932156
16.58895119064175,0.0005685608205826791,0.00013444006900389265,0.013601643378246526
16.59145085403852,0.00047421002768266093,0.00013444006900389265,0.013603683874216115
16.59395051471185,0.0004655391255819364,0.00013444006900389265,0.01360570021496226
16.596450172702845,0.0002851786834056798,0.00013444006900389265,0.013607302600160763
16.59894982805261,3.2719459516442756e-06,0.00013444006900389265,0.013608506111968116
16.601449480802255,0.00019196775671052532,0.00013444006900389265,0.013609758279932346
16.603949130992884,0.0007391638740315322,0.00013444006900389265,0.013611058624542352
16.606448778665605,0.0010149381203032604,0.00013444006900389265,0.013612406663045001
16.608948423861523,0.000899113025895933,0.00013444006900389265,0.013614082585733092
16.61144806662174,0.0006917671126380615,0.00013444006900389265,0.013615565432357445
16.61394770698737,0.000326130629673186,0.00013444006900389265,0.013617066666396963
16.61644734499952,0.00025430987838903456,0.00013444006900389265,0.013618586730597152
16.618946980699288,0.0002006813711055242,0.00013444006900389265,0.0136202703394055
16.621446614127787,0.00022240526174820661,0.00013444006900389265,0.013621916584066916
16.62394624532612,8.431557922900478e-05,0.00013444006900389265,0.013623526453563472
16.6264458743354,-2.803406599824476e-05,0.00013444006900389265,0.013625100915060305
16.62894550119672,4.2694564345234845e-05,0.00013444006900389265,0.013626640913904272
16.6314451259512,4.537921600063742e-05,0.00013444006900389265,0.013628147373624125
16.63394474863994,-2.598977433522498e-05,0.00013444006900389265,0.013629621195930877
16.636444369304044,1.676019046050782e-05,0.00013444006900389265,0.013631063260717943
16.638943987984625,6.929196817051161e-05,0.00013444006900389265,0.0136318361587441
16.641443604722784,2.8718051297869224e-05,0.00013444006900389265,0.013632772090478114
16.64394321955963,0.00029880841042369786,0.00013444006900389265,0.013633276283841693
16.64644283253627,0.0005139024589647951,0.00013444006900389265,0.013633784554469858
16.648942443693805,0.000909397425994371,0.00013444006900389265,0.013635204302810813
16.65144205307335,0.0013117133596663479,0.00013444006900389265,0.013636761857328279
16.653941660716004,0.001142282381144534,0.00013444006900389265,0.013638457421650858
16.656441266662874,0.000998211542874005,0.00013444006900389265,0.013640239712979004
16.65894087095507,0.0015496190206808272,0.00013444006900389265,0.013641969808956881
16.661440473633697,0.002771984197372703,0.00013444006900389265,0.013643766991407884
16.663940074739862,0.0033843224446616846,0.00013444006900389265,0.013645614199892707
16.66643967431467,0.0027140177611536982,0.00013444006900389265,0.013647510072000955
16.668939272399225,0.0011310118662928945,0.00013444006900389265,0.013649453244339839
16.67143886903464,0.00011591115217728792,0.00013444006900389265,0.013651442352535875
16.673938464262015,-0.00010857878655940074,0.00013444006900389265,0.01365335771120454
16.676438058122457,-0.00017205079781178016,0.00013444006900389265,0.01365520214954265
16.67893765065708,-0.00010229970879478689,0.00013444006900389265,0.013657082441734152
16.681437241906977,-0.00016385996661826517,0.00013444006900389265,0.013658997668831113
16.683936831913265,-7.835912291582169e-05,0.00013444006900389265,0.013660946907309375
16.686436420717047,-5.592094908213677e-06,0.00013444006900389265,0.013662981217020653
16.68893600835943,0.0001055343097655162,0.00013444006900389265,0.01366507631900102
16.691435594881522,0.00011165375108260905,0.00013444006900389265,0.013667230208049455
16.693935180324427,4.335818439169144e-05,0.00013444006900389265,0.013668540085935377
16.696434764729247,8.995530432829961e-05,0.00013444006900389265,0.013671188365277474
16.698934348137097,6.013249795006059e-05,0.00013444006900389265,0.013673546536762138
16.701433930589076,0.0001869719200929161,0.00013444006900389265,0.01367583866214031
16.703933512126298,0.00012399591407236642,0.00013444006900389265,0.013678228792358001
16.706433092789858,-0.00012187806558570415,0.00013444006900389265,0.01368071552584596
16.708932672620875,2.6278424390697303e-06,0.00013444006900389265,0.01368345723021075
16.71143225166045,4.952789777807644e-05,0.00013444006900389265,0.013686312333178356
16.713931829949686,0.00013996689040433538,0.00013444006900389265,0.01368876452521009
16.716431407529694,0.00017142250791684147,0.00013444006900389265,0.013691209715125906
16.71893098444158,0.0003542486153008135,0.00013444006900389265,0.013693842849590953
16.721430560726446,0.0008107866428819915,0.00013444006900389265,0.013696390612852095
16.723930136425405,0.0010332404078199856,0.00013444006900389265,0.013699055416056613
16.72642971157956,0.001251521913038003,0.00013444006900389265,0.013701839020554473
16.728929286230013,0.0010434711048026932,0.00013444006900389265,0.013704511580685077
16.731428860417875,0.000497235913541479,0.00013444006900389265,0.013706709108094349
16.733928434184254,0.00021741001578007985,0.00013444006900389265,0.013709145652038459
16.73642800757025,0.00020030489382719466,0.00013444006900389265,0.013711586024584199
16.73892758061698,0.0001303855544782552,0.00013444006900389265,0.013714030804184232
16.74142715336554,0.0001658462911859615,0.00013444006900389265,0.013716480560498593
16.74392672585704,6.094374285871111e-05,0.00013444006900389265,0.013718935854395955
16.746426298132587,9.099580545796765e-05,0.00013444006900389265,0.013721234350175901
16.74892587023329,0.00013059899166354902,0.00013444006900389265,0.013723368564777688
16.751425442200247,0.0001484628870247022,0.00013444006900389265,0.013725774482449266
16.75392501407457,0.00016517048400990948,0.00013444006900389265,0.013728339783019882
16.756424585897367,0.00018551418008402182,0.00013444006900389265,0.01373106817453616
16.758924157709746,0.00020268577127473264,0.00013444006900389265,0.013733963395366868
16.761423729552806,-2.405272388141845e-05,0.00013444006900389265,0.013736905892268204
16.763923301467656,1.135484811671042e-05,0.00013444006900389265,0.013739895182527113
16.766422873495404,2.1220615812382604e-05,0.00013444006900389265,0.0137429307839209
16.768922445677156,0.00012073155158272807,0.00013444006900389265,0.013746012214715608
16.77142201805402,0.0001610925772230487,0.00013444006900389265,0.013749138993668865
16.773921590667097,0.00020741487902060235,0.00013444006900389265,0.013752310640026945
16.7764211635575,0.000140692598949603,0.00013444006900389265,0.013755526673526284
16.77892073676633,0.00016910853769438496,0.00013444006900389265,0.013758929079176042
16.7814203103347,0.00014211788734588837,0.00013444006900389265,0.013762178794198474
16.783919884303707,0.00023678619412897083,0.00013444006900389265,0.013765457721186829
16.78641945871446,9.037742638467842e-05,0.00013444006900389265,0.013768716705598363
16.78891903360807,0.0001915555197016857,0.00013444006900389265,0.013771954094341876
16.79141860902564,0.00014452102462924818,0.00013444006900389265,0.013774817014195547
16.79391818500828,0.00010682857963767098,0.00013444006900389265,0.013778068210260138
16.796417761597095,4.585063942137181e-05,0.00013444006900389265,0.013781512347189497
16.79891733883319,-1.491228623637722e-05,0.00013444006900389265,0.013785147051999892
16.801416916757667,0.00019062198447336587,0.00013444006900389265,0.013788570400455237
16.803916495411638,0.00044100306001219024,0.00013444006900389265,0.013791950985567965
16.806416074836203,0.0005740877882745039,0.00013444006900389265,0.013795292657580002
16.808915655072482,0.0005874463916427201,0.00013444006900389265,0.013799108595161978
16.811415236161572,0.00045812995384284134,0.00013444006900389265,0.013802711052276522
16.813914818144575,0.00022928009028084194,0.00013444006900389265,0.013806380451496002
16.816414401062605,0.00016480478937377918,0.00013444006900389265,0.013810174506437485
16.81891398495676,5.4908629741133586e-05,0.00013444006900389265,0.013813710137274896
16.82141356986816,6.676187829172779e-05,0.00013444006900389265,0.013817350615314198
16.823913155837904,0.00015787210709643403,0.00013444006900389265,0.013821097628503247
16.826412742907095,0.00013333411223032977,0.00013444006900389265,0.013824952886134471
16.82891233111684,5.600580897365502e-05,0.00013444006900389265,0.013828918118844997
16.831411920508252,0.0002048567772761252,0.00013444006900389265,0.013832650373383572
16.833911511122427,0.00043956537451764893,0.00013444006900389265,0.013836382536862679
16.836411103000483,0.0004129106336295419,0.00013444006900389265,0.01384011381653176
16.838910696183518,0.0004192792985774872,0.00013444006900389265,0.01384384341197437
16.84141029071264,0.00046895182648536496,0.00013444006900389265,0.013847570515108494
16.843909886628957,0.0003884262252274867,0.00013444006900389265,0.013851294310187105
16.846409483973574,0.00020415631375732268,0.00013444006900389265,0.01385501397379667
16.8489090827876,-5.467316545137643e-06,0.00013444006900389265,0.013858728674858921
16.851408683112137,0.00010251292161164369,0.00013444006900389265,0.013862437574629455
16.853908284988293,0.00012140473301663554,0.00013444006900389265,0.013866139826699207
16.85640788845718,7.976946417291922e-05,0.00013444006900389265,0.013869834576992566
16.858907493559894,0.00024535495688641357,0.00013444006900389265,0.013873520963768586
16.86140710033755,0.00018138036052243837,0.00013444006900389265,0.013877198117620955
16.86390670883125,7.557304941790619e-05,0.00013444006900389265,0.013880865161478132
16.8664063190821,0.00011411419684993068,0.00013444006900389265,0.01388452121060201
16.86890593113121,8.284457151564763e-05,0.00013444006900389265,0.013888165372589328
16.871405545019684,0.00012344473046338976,0.00013444006900389265,0.013891796747371472
16.873905160788627,0.00017873635733666425,0.00013444006900389265,0.013895452105339769
16.876404778479145,9.598655492675488e-05,0.00013444006900389265,0.01389920885733336
16.878904398132352,0.00010304567712328926,0.00013444006900389265,0.013903067519663064
16.881404019789343,0.00019213563843010172,0.00013444006900389265,0.013907028629686211
16.883903643491234,0.00034120146034747646,0.00013444006900389265,0.01391003113477567
16.886403269279125,0.0010174109680196036,0.00013444006900389265,0.013913956258980195
16.88890289719412,0.0018050181092581306,0.00013444006900389265,0.013917882367022303
16.891402527277336,0.0020391780912014656,0.00013444006900389265,0.013921806704335262
16.893902159569873,0.0017146508500410947,0.00013444006900389265,0.01392604756367172
16.896401794112837,0.001288439073792183,0.00013444006900389265,0.01392996831622618
16.898901430947333,0.0016673744681467775,0.00013444006900389265,0.013933822225778103
16.901401070114474,0.0017154460256813588,0.00013444006900389265,0.013938497732398393
16.903900711655357,0.0011193334899361473,0.00013444006900389265,0.013943247269542115
16.906400355611094,0.0004956117131883521,0.00013444006900389265,0.013948058110071623
16.90890000202279,0.0001488755779015371,0.00013444006900389265,0.013952129559223642
16.911399650931553,-8.558449594534001e-06,0.00013444006900389265,0.013955649950037095
16.91389930237849,2.514164167287218e-05,0.00013444006900389265,0.013959084809200538
16.916398956404702,4.631767664898742e-05,0.00013444006900389265,0.013962418567913191
16.918898613051297,9.25565632067301e-05,0.00013444006900389265,0.013966293133863229
16.921398272359387,5.385245119123201e-05,0.00013444006900389265,0.01396973360265573
16.923897934370075,-1.6156341116218415e-05,0.00013444006900389265,0.01397310424213926
16.926397599124464,4.5763173378628175e-05,0.00013444006900389265,0.013976402154399352
16.92889726666366,0.00023287916920475792,0.00013444006900389265,0.013979719638288288
16.93139693702878,0.00016422898233747936,0.00013444006900389265,0.013983282573715257
16.93389661026092,0.00026781419577897453,0.00013444006900389265,0.01398647830152437
16.936396286401187,0.00022140586458641205,0.00013444006900389265,0.013989617654953572
16.938895965490694,0.0001941775529732126,0.00013444006900389265,0.013992707477664186
16.94139564757054,6.549233792379518e-05,0.00013444006900389265,0.013995754603235492
16.943895332681837,-2.8525583538826366e-05,0.00013444006900389265,0.013998765855164073
16.946395020865687,-0.00014848805285221783,0.00013444006900389265,0.014001748046864548
16.948894712163195,-0.00014275072448772554,0.00013444006900389265,0.014004780279787741
16.951394406615474,5.456264321857841e-05,0.00013444006900389265,0.014007651782589895
16.953894104263625,2.0437146594476027e-05,0.00013444006900389265,0.014010357778861357
16.956393805148753,0.0001273552974976038,0.00013444006900389265,0.014012914254916806
16.958893509311974,0.0001510648492784785,0.00013444006900389265,0.014015513293666723
16.961393216794384,1.485710473218306e-05,0.00013444006900389265,0.014018156118612186
16.963892927637094,-4.136533970345441e-05,0.00013444006900389265,0.014020843962492938
16.966392641881207,7.987632569870888e-05,0.00013444006900389265,0.01402357806728864
16.968892359567835,0.0001631424895201447,0.00013444006900389265,0.014026359684216639
16.97139208073808,7.0474225338252455e-06,0.00013444006900389265,0.014029190073735185
16.973891805433052,-2.7088930724878876e-05,0.00013444006900389265,0.014032070505540704
16.97639153369385,0.00011963706152470603,0.00013444006900389265,0.014035002258569095
16.978891265561586,0.0005476848317814663,0.00013444006900389265,0.014037986620995657
16.98139100107737,0.001200820380829611,0.00013444006900389265,0.014041024890234708
16.983890740282302,0.0013806778061113464,0.00013444006900389265,0.014043473591810874
16.986390483217487,0.0011912335822572423,0.00013444006900389265,0.014047341629766301
16.988890229924035,0.0006754771667290532,0.00013444006900389265,0.014051583228565194
16.991389980443053,0.00015761705437383408,0.00013444006900389265,0.014054365571137909
16.99388973481565,8.016092875278574e-05,0.00013444006900389265,0.014056892878975193
16.996389493082926,0.0001405101845751225,0.00013444006900389265,0.014059658427133508
16.998889255285988,0.00015744169235689526,0.00013444006900389265,0.014062218689256705
17.001389021465947,0.00030380258082345415,0.00013444006900389265,0.0140648251888134
17.003888791663908,3.664968721755167e-05,0.00013444006900389265,0.01406747884944348
17.00638856592097,0.00011205669842324732,0.00013444006900389265,0.014070180604020729
17.00888834427825,7.845801848570602e-05,0.00013444006900389265,0.01407293139465218
17.01138812677685,9.753462506414609e-06,0.00013444006900389265,0.014075732172679514
17.01388791345788,0.00018271469996943013,0.00013444006900389265,0.014078583898677598
17.016387704362433,4.469920714056386e-05,0.00013444006900389265,0.014081487542455468
17.018887499531626,0.00013002509031063807,0.00013444006900389265,0.014084320143517345
17.02138729900657,0.00021312020059154752,0.00013444006900389265,0.014087078386761338
17.02388710282836,6.0940429536155555e-05,0.00013444006900389265,0.014089758936331126
17.026386911038117,3.12963046626355e-06,0.00013444006900389265,0.014092358435615644
17.02888672367693,8.174113589374567e-05,0.00013444006900389265,0.014094873507248824
17.031386540785917,0.0003044923758039643,0.00013444006900389265,0.01409680499569477
17.033886362406175,0.0009460908431413485,0.00013444006900389265,0.014098374627060286
17.036386188578824,0.0007910782044239818,0.00013444006900389265,0.014100283797640872
17.03888601934496,0.00018242875937461364,0.00013444006900389265,0.014102015385657848
17.04138585474569,2.5823179708259897e-05,0.00013444006900389265,0.01410404843741591
17.043885694822123,6.137793254919546e-05,0.00013444006900389265,0.014106413372001868
17.046385539615365,1.0668960010350864e-05,0.00013444006900389265,0.01410882129004611
17.048885389166525,2.7833094608551573e-05,0.00013444006900389265,0.014111276172306609
17.0513852435167,-4.826088735660622e-05,0.00013444006900389265,0.014113782011289306
17.053885102707007,0.00013953714092551465,0.00013444006900389265,0.014116303822165307
17.05638496677855,7.744375628905738e-05,0.00013444006900389265,0.014118926463613114
17.05888483577243,5.846413437847649e-05,0.00013444006900389265,0.01412127919617223
17.061384709729758,6.925827421938764e-05,0.00013444006900389265,0.014123348928791817
17.06388458869164,-2.0314928282244918e-05,0.00013444006900389265,0.014125286897635063
17.066384472699177,-3.4468252380220193e-05,0.00013444006900389265,0.014128067764981237
17.068884361793486,-1.1113203525040666e-05,0.00013444006900389265,0.014130841011039182
17.071384256015662,0.00014876864734626218,0.00013444006900389265,0.014133416593794992
17.07388415540682,5.4104584936735464e-05,0.00013444006900389265,0.014136117415164354
17.07638406000806,0.00013386231561769886,0.00013444006900389265,0.014138942352670844
17.078883969860495,5.2803522649807685e-05,0.00013444006900389265,0.01414184501899534
17.081383885005227,8.309200019698468e-06,0.00013444006900389265,0.014145162284767521
17.08388380548336,8.843123979217736e-05,0.00013444006900389265,0.014148235676361011
17.086383731336007,0.00022255871922558998,0.00013444006900389265,0.014151072564132759
17.088883662604267,0.00028118759644563465,0.00013444006900389265,0.014153881085742377
17.09138359932925,0.0002417198947534567,0.00013444006900389265,0.014156661375184182
17.093883541552064,0.00017245995870917262,0.00013444006900389265,0.014159413558847976
17.096383489313812,0.0005077371784504969,0.00013444006900389265,0.014162137755518812
17.098883442655605,0.0017388920226078606,0.00013444006900389265,0.014164834076377331
17.101383401618545,0.003005611379371253,0.00013444006900389265,0.014167502624998727
17.10388336624374,0.0028742341329032715,0.00013444006900389265,0.01417038169119101
17.106383336572293,0.0016506059245188654,0.00013444006900389265,0.014173338004911334
17.108883312645315,0.0005397692410367017,0.00013444006900389265,0.014176370668373392
17.111383294503913,0.0004762637536462472,0.00013444006900389265,0.014179291442455891
17.113883282189192,0.0009215126875268265,0.00013444006900389265,0.014182092958687432
17.116383275742255,0.0011855682862549448,0.00013444006900389265,0.014184590633053995
17.11888327520421,0.0011582816610555494,0.00013444006900389265,0.014187079036297937
17.121383280616165,0.000795532213496989,0.00013444006900389265,0.014189903294432404
17.12388329201923,0.00015123194684188608,0.00013444006900389265,0.014192927542307462
17.126383309454496,7.821265251551843e-05,0.00013444006900389265,0.014196142283138948
17.128883332963092,4.546579402808261e-05,0.00013444006900389265,0.014199010544110505
17.131383362586107,1.3996692795666815e-06,0.00013444006900389265,0.014201459811421955
17.133883398364656,-2.8704820176174428e-05,0.00013444006900389265,0.014204199010897539
17.136383440339834,0.00024812417290522026,0.00013444006900389265,0.014207221405691585
17.138883488552764,0.0004702486745998564,0.00013444006900389265,0.014209789644540853
17.14138354304454,0.0003639097917729206,0.00013444006900389265,0.014212393639583498
17.143883603856278,0.0003104177616914672,0.00013444006900389265,0.014215035907041231
17.146383671029074,0.00014344017412144805,0.00013444006900389265,0.014217701471107007
17.14888374460404,0.00019452825490407638,0.00013444006900389265,0.014220392253053687
17.15138382462228,7.433302271655888e-05,0.00013444006900389265,0.014222933062704723
17.1538839111249,-3.570643803906676e-05,0.00013444006900389265,0.014225319675682864
17.156384004153015,-4.2861741287786304e-05,0.00013444006900389265,0.014227372885693689
17.15888410374772,7.226959268635466e-05,0.00013444006900389265,0.014229544962572595
17.161384209950125,-9.939045670748908e-06,0.00013444006900389265,0.014231841507261898
17.16388432280134,-9.21614083341394e-05,0.00013444006900389265,0.014234268149551197
17.166384442342466,9.218263216362668e-05,0.00013444006900389265,0.014236739754905501
17.16888456861461,0.00013842411440719016,0.00013444006900389265,0.014239258858236832
17.171384701658884,5.1722430962471144e-05,0.00013444006900389265,0.014241699933990859
17.17388484151639,0.00010959701935834773,0.00013444006900389265,0.014244203949729254
17.176384988228232,0.00012931059026416794,0.00013444006900389265,0.014247030538591953
17.178885141835522,0.0001525321620834512,0.00013444006900389265,0.014250146104003136
17.181385302379365,2.5818869974963965e-05,0.00013444006900389265,0.014253690099353336
17.183885469900865,-7.784886632668589e-05,0.00013444006900389265,0.014257084224044638
17.186385644441128,-3.468093573776726e-05,0.00013444006900389265,0.014260141285495452
17.18888582604126,0.00011939064798749399,0.00013444006900389265,0.014262954112205786
17.19138601474237,0.00015431315582679732,0.00013444006900389265,0.014265528861059846
17.193886210585568,0.0001633639723821554,0.00013444006900389265,0.014268417822702897
17.19638641361195,0.00013453322592843313,0.00013444006900389265,0.014270998444889556
17.19888662386263,0.000277150417564884,0.00013444006900389265,0.01427352499569314
17.201386841378714,6.523212848255633e-05,0.00013444006900389265,0.014275997027934237
17.203887066201307,0.0002162993392158044,0.00013444006900389265,0.01427841408010472
17.206387298371514,0.0005326240816922491,0.00013444006900389265,0.014280775676367699
17.20888753793044,0.0006413599971463596,0.00013444006900389265,0.01428327453368266
17.211387784919197,0.0006574103062449779,0.00013444006900389265,0.01428591685625567
17.213888039378887,0.0009189264043768606,0.00013444006900389265,0.014288708880719838
17.216388301350616,0.0011532010692882448,0.00013444006900389265,0.014291497069003052
17.218888570875496,0.0018365339326947006,0.00013444006900389265,0.01429436518465569
17.221388847994625,0.002426809180770517,0.00013444006900389265,0.014297311030747667
17.223889132749115,0.0029043167583188666,0.00013444006900389265,0.014300359247425058
17.22638942518007,0.0029239829284488476,0.00013444006900389265,0.014303473678149731
17.2288897253286,0.0023351376968503406,0.00013444006900389265,0.014306651894940214
17.231390033235808,0.0016926269875525875,0.00013444006900389265,0.01430960229573016
17.233890348942797,0.0010782949344005956,0.00013444006900389265,0.014312508599163965
17.236390672490682,0.0006017025232524214,0.00013444006900389265,0.014315360720324856
17.23889100392056,0.0002507359768093159,0.00013444006900389265,0.014318159794357918
17.24139134327355,7.623172126097408e-05,0.00013444006900389265,0.014320906937795806
17.243891690590743,-3.851814364976697e-05,0.00013444006900389265,0.014323736170473791
17.246392045913257,-9.701995531952515e-05,0.00013444006900389265,0.014326549408468605
17.24889240928219,-0.0001665770226299164,0.00013444006900389265,0.01432933783696306
17.251392780738655,-0.0001157400986029275,0.00013444006900389265,0.014332101479892681
17.253893160323756,-0.00011230309441874649,0.00013444006900389265,0.014334840350075094
17.2563935480786,-0.0002807860314162011,0.00013444006900389265,0.01433755444920939
17.25889394404429,-0.00031093673783298865,0.00013444006900389265,0.014340243767876832
17.261394348261934,-0.0003399057273741936,0.00013444006900389265,0.014342908285539736
17.263894760772644,-0.00021527829773868197,0.00013444006900389265,0.014345547970542473
17.266395181617515,-0.00012285071341295965,0.00013444006900389265,0.014348162780110158
17.268895610837667,-0.00011739972348301028,0.00013444006900389265,0.01435075266035056
17.271396048474195,-0.00013834885745357337,0.00013444006900389265,0.014353335640680798
17.27389649456821,-0.00020519613740677643,0.00013444006900389265,0.01435591227326845
17.276396949160816,-7.470070201661544e-05,0.00013444006900389265,0.014358483103541623
17.278897412293123,7.708032275933162e-05,0.00013444006900389265,0.014361048670188845
17.28139788400624,4.2296435371416696e-05,0.00013444006900389265,0.01436360950515904
17.283898364341262,-7.758456450780195e-05,0.00013444006900389265,0.014366164474612725
17.286398853339307,-0.00012249340958554213,0.00013444006900389265,0.014369066003384577
17.288899351041476,-0.0001266177947707274,0.00013444006900389265,0.01437179969374224
17.291399857488873,4.217234278708175e-05,0.00013444006900389265,0.014374371413156709
17.29390037272261,2.872910348544061e-06,0.00013444006900389265,0.014378166532321586
17.296400896783794,5.45942070153925e-05,0.00013444006900389265,0.014381900901047689
17.298901429713524,-1.6470411746939695e-05,0.00013444006900389265,0.014385107298148759
17.30140197155291,-1.9081466369029118e-05,0.00013444006900389265,0.01438799723291717
17.30390252234306,-1.0263405004927104e-05,0.00013444006900389265,0.014389946009083977
17.30640308212508,0.00012418847170668317,0.00013444006900389265,0.01439255934937084
17.30890365094007,-2.5510389039702652e-06,0.00013444006900389265,0.014395230693275677
17.311404228829147,0.00016997987887680706,0.00013444006900389265,0.014397987689469437
17.313904815833414,0.00023718545350663936,0.00013444006900389265,0.014401388181093471
17.31640541199397,0.00022566755780910157,0.00013444006900389265,0.01440412100283402
17.31890601735193,0.0005352499238986987,0.00013444006900389265,0.01440691210891096
17.3214066319484,0.0010697089907541462,0.00013444006900389265,0.014409450852879178
17.32390725582448,0.0010759803150006322,0.00013444006900389265,0.014412254743056066
17.32640788902128,0.0008147347134681154,0.00013444006900389265,0.014415119818487858
17.328908531579906,0.0003667239969309642,0.00013444006900389265,0.014418045862000869
17.331409183541467,1.9285441979845913e-05,0.00013444006900389265,0.01442083425428051
17.333909844947065,1.732990248811371e-05,0.00013444006900389265,0.014423672258372572
17.33641051583781,1.6648533150885603e-05,0.00013444006900389265,0.014426562085019724
17.338911196254806,-7.122960916721224e-06,0.00013444006900389265,0.014429505952213168
17.34141188623916,-0.00021060123192606812,0.00013444006900389265,0.014432506085193135
17.34391258583198,-0.0002871436905442174,0.00013444006900389265,0.01443556471644832
17.346413295074363,-8.878214169650428e-05,0.00013444006900389265,0.01443880305748673
17.34891401400743,-7.797450847224496e-07,0.00013444006900389265,0.014442219137175631
17.351414742672283,0.0002655911041078776,0.00013444006900389265,0.014445882927274745
17.353915481110022,0.0015358470168014542,0.00013444006900389265,0.01444927779639371
17.356416229361756,0.003200395824252118,0.00013444006900389265,0.014452665787255072
17.358916987468596,0.0031726978614299416,0.00013444006900389265,0.014456048252300803
17.361417755471642,0.0016913047090275721,0.00013444006900389265,0.014459468344785313
17.363918533412,0.0005513447033337008,0.00013444006900389265,0.014462875833636443
17.36641932133079,0.0003451709761147642,0.00013444006900389265,0.014466268833446056
17.3689201192691,0.0005566114207574222,0.00013444006900389265,0.01446964544819227
17.371420927268044,0.0010411002726709948,0.00013444006900389265,0.01447314605652818
17.37392174536873,0.0011582647347457443,0.00013444006900389265,0.014476820837828147
17.376422573612267,0.0010564219998751082,0.00013444006900389265,0.014480470026280303
17.378923412039747,0.0006588703259673943,0.00013444006900389265,0.014484093439042089
17.3814242606923,0.0002507139169363789,0.00013444006900389265,0.014487690881651909
17.38392511961101,9.180774009220904e-05,0.00013444006900389265,0.014491262148029935
17.386425988836997,0.0001402331953906117,0.00013444006900389265,0.014494929565902537
17.38892686841136,0.00015680396348595818,0.00013444006900389265,0.014498903551656915
17.391427758375208,-2.4188855830230976e-05,0.00013444006900389265,0.01450286588540349
17.393928658769646,-6.0027353819699925e-05,0.00013444006900389265,0.014506816972211246
17.396429569635785,-3.9647092591270014e-05,0.00013444006900389265,0.014510757208909427
17.398930491014728,0.00044837442282622333,0.00013444006900389265,0.014514633139562305
17.401431422947578,0.0010304198152491124,0.00013444006900389265,0.014518465545558619
17.40393236547545,0.0014792909347311391,0.00013444006900389265,0.014522253689603736
17.40643331863944,0.0014172158729477136,0.00013444006900389265,0.014526129702991032
17.40893428248066,0.0010040292360211749,0.00013444006900389265,0.01452959819955098
17.411435257040218,0.00019445092038736407,0.00013444006900389265,0.014533390278180949
17.41393624235922,-2.442456093144224e-06,0.00013444006900389265,0.014537298475068502
17.416437238478768,5.126235060075486e-05,0.00013444006900389265,0.01454116204837435
17.41893824543997,4.3770765525688246e-05,0.00013444006900389265,0.014545104923245752
17.421439263283936,-0.00012982919504294851,0.00013444006900389265,0.01454895618764309
17.42394029205177,-2.460546601365521e-05,0.00013444006900389265,0.014552843992665898
17.426441331784577,4.802937454343077e-05,0.00013444006900389265,0.014556778636499026
17.428942382523466,6.110879772668054e-06,0.00013444006900389265,0.01456081610450384
17.431443444309537,-7.220896541903186e-05,0.00013444006900389265,0.014564774444858156
17.433944517183903,-7.941344942733602e-05,0.00013444006900389265,0.014568846365508294
17.436445601187668,-0.0001632403488500793,0.00013444006900389265,0.01457302733561217
17.43894669636194,2.7959824988446624e-05,0.00013444006900389265,0.014577052260355546
17.441447802747824,-8.201672993209466e-05,0.00013444006900389265,0.014581162071942296
17.443948920386426,-1.771359570809823e-05,0.00013444006900389265,0.014585355774918535
17.44645004931885,5.740980124632755e-05,0.00013444006900389265,0.01458963239061089
17.448951189586214,0.00028843621975080565,0.00013444006900389265,0.014593990957126626
17.451452341229608,0.0004113920764658007,0.00013444006900389265,0.014598430529353829
17.453953504290148,0.0004763448693802571,0.00013444006900389265,0.014602950178961068
17.45645467880894,0.00046940875615351756,0.00013444006900389265,0.014607548994398627
17.458955864827082,0.0002165805211870337,0.00013444006900389265,0.014612191090394489
17.461457062385694,0.00014230062454841097,0.00013444006900389265,0.014616874373933617
17.463958271525872,7.265899095993018e-05,0.00013444006900389265,0.014621596760311696
17.466459492288724,0.0001024524056667045,0.00013444006900389265,0.014626356173135813
17.468960724715362,-0.00013022419084597267,0.00013444006900389265,0.014631026532476452
17.471461968846885,-0.00010722943150536998,0.00013444006900389265,0.014635610175277773
17.473963224724404,-2.1371806907423754e-05,0.00013444006900389265,0.014640109415745669
17.476464492389024,6.1009302387667746e-05,0.00013444006900389265,0.014644526545347376
17.47896577188185,-6.001271424224165e-05,0.00013444006900389265,0.014648863832812078
17.48146706324399,-0.00024315588504819283,0.00013444006900389265,0.014653123524130498
17.483968366516553,-0.00017390250546722719,0.00013444006900389265,0.014657307842554508
17.486469681740644,-8.76823136963141e-05,0.00013444006900389265,0.014661418988597663
17.48897100895736,-4.466196072747987e-05,0.00013444006900389265,0.014665564671201267
17.49147234820782,-0.00018245413607895743,0.00013444006900389265,0.0146695957514864
17.493973699533125,-8.87153466625993e-05,0.00013444006900389265,0.014673850965833653
17.49647506297438,-8.687717613873117e-06,0.00013444006900389265,0.014678153730475417
17.498976438572697,0.000576261897224704,0.00013444006900389265,0.014682503039518964
17.501477826369175,0.001974203783822768,0.00013444006900389265,0.014687056194228588
17.503979226404926,0.002782902996255417,0.00013444006900389265,0.014691806591529766
17.506480638721055,0.0022956673031327823,0.00013444006900389265,0.01469648368240386
17.508982063358665,0.0010981434143908942,0.00013444006900389265,0.014700969089845183
17.511483500358867,0.00016123864762826456,0.00013444006900389265,0.014705261436217344
17.51398494976276,0.00014948715765173218,0.00013444006900389265,0.014709436166452651
17.516486411611464,1.170577562539625e-05,0.00013444006900389265,0.01471362193994869
17.51898788594607,2.506276373557062e-06,0.00013444006900389265,0.01471796501690358
17.521489372807697,7.488711176173446e-05,0.00013444006900389265,0.01472193846842921
17.52399087223744,-5.690650774942824e-05,0.00013444006900389265,0.014725988757276437
17.526492384276413,-4.69034830503038e-05,0.00013444006900389265,0.014730189166774252
17.52899390896572,-6.41634577489749e-05,0.00013444006900389265,0.014734532696580567
17.531495446346472,-0.0001327197648943127,0.00013444006900389265,0.014739140035748098
17.53399699645977,-0.000176645133218788,0.00013444006900389265,0.01474384420950744
17.536498559346718,-0.00026402572480607386,0.00013444006900389265,0.01474825186826218
17.539000135048425,-0.0002425345297300055,0.00013444006900389265,0.014752508890456324
17.541501723606,-0.0001839263478537658,0.00013444006900389265,0.014756618210918424
17.54400332506055,-4.006759450424051e-05,0.00013444006900389265,0.014760840503295621
17.546504939453172,3.4403151584047956e-05,0.00013444006900389265,0.014764953914115716
17.549006566824985,-0.00017464266587851468,0.00013444006900389265,0.014769112551688328
17.55150820721709,-0.00012419216736651688,0.00013444006900389265,0.014773314791455706
17.55400986067059,-2.8942206328952738e-05,0.00013444006900389265,0.014777559019044954
17.556511527226597,0.00016128982380148559,0.00013444006900389265,0.014781898869046002
17.559013206926213,8.471283345220723e-05,0.00013444006900389265,0.014786210751805896
17.561514899810543,0.00014757632582883783,0.00013444006900389265,0.014790495394661742
17.564016605920703,0.0006389537747638705,0.00013444006900389265,0.014794753518913711
17.566518325297785,0.0010865529052084596,0.00013444006900389265,0.014798985839824317
17.569020057982907,0.001005725772582849,0.00013444006900389265,0.01480319306661918
17.571521804017173,0.0003469479524196885,0.00013444006900389265,0.014807375902485709
17.574023563441685,-1.3074355600902962e-05,0.00013444006900389265,0.014811535044575518
17.576525336297554,-1.8891042217921913e-05,0.00013444006900389265,0.014815739138969122
17.57902712262588,-4.790640289120511e-05,0.00013444006900389265,0.01481998646151599
17.581528922467776,-8.995308459662163e-05,0.00013444006900389265,0.014824275299041002
17.58403073586435,-0.00016744109702410137,0.00013444006900389265,0.014828603949342784
17.5865325628567,8.581407344313702e-05,0.00013444006900389265,0.014832931697524929
17.589034403485936,-8.215689299026496e-05,0.00013444006900389265,0.014837255508227391
17.591536257793173,-2.8714725605866187e-05,0.00013444006900389265,0.014841572347618789
17.5940381258195,-7.100016123291059e-05,0.00013444006900389265,0.014845879183395574
17.596540007606038,-9.019959388157327e-05,0.00013444006900389265,0.01485017298478186
17.59904190319389,-0.00010721940762355685,0.00013444006900389265,0.01485445072253098
17.601543812624154,-0.00010595643618921576,0.00013444006900389265,0.014858709368923069
17.604045735937945,-6.578214443795499e-05,0.00013444006900389265,0.014862945897766976
17.606547673176372,9.861017147934359e-05,0.00013444006900389265,0.014866824769759814
17.609049624380532,2.6360131566502062e-05,0.00013444006900389265,0.014870669004300485
17.611551589591535,8.520983559614538e-05,0.00013444006900389265,0.014874243214694608
17.61405356885049,2.4095542571152956e-05,0.00013444006900389265,0.014877107985574603
17.616555562198503,7.341491564661663e-05,0.00013444006900389265,0.014879965155434893
17.61905756967668,0.00018526847191399284,0.00013444006900389265,0.014882271250930747
17.621559591326122,0.00020714711408979618,0.00013444006900389265,0.014885183017749427
17.624061627187942,0.0001981508215699191,0.00013444006900389265,0.014888550496054972
17.626563677303245,0.0002694983295128718,0.00013444006900389265,0.014891908072415845
17.629065741713134,0.0005138950330405567,0.00013444006900389265,0.014895114084564317
17.63156782045872,0.0006153891906583546,0.00013444006900389265,0.014897919139525661
17.634069913581108,0.0004756738188118441,0.00013444006900389265,0.014901368112216326
17.6365720211214,3.741897410863143e-05,0.00013444006900389265,0.014905478087415599
17.63907414312071,-4.985830578775434e-05,0.00013444006900389265,0.014910224599093708
17.641576279620136,-0.0001151841472193365,0.00013444006900389265,0.014914666143733754
17.64407843066079,-1.2103208959449857e-06,0.00013444006900389265,0.014918577545803505
17.646580596283776,-5.017733157528827e-05,0.00013444006900389265,0.014922176570460311
17.649082776530204,-0.0002841142268745246,0.00013444006900389265,0.014925610865886212
17.651584971441174,-0.0002779264274408444,0.00013444006900389265,0.014928892881793363
17.6540871810578,-0.00018125758072780676,0.00013444006900389265,0.014932265530988104
17.65658940542118,-2.9819100291266984e-05,0.00013444006900389265,0.014935979275349823
17.659091644572428,-6.386148255994872e-05,0.00013444006900389265,0.014940025175252168
17.661593898552645,-0.0001875155621880991,0.00013444006900389265,0.014943801661299942
17.66409616740294,-5.382816857199893e-05,0.00013444006900389265,0.014947297640470378
17.666598451164422,-5.1171007005260116e-05,0.00013444006900389265,0.01495052402632104
17.66910074987819,-0.0001717332795710732,0.00013444006900389265,0.014953470115817975
17.671603063585355,-4.315768450091802e-05,0.00013444006900389265,0.014956454517259915
17.674105392327018,-5.04928944275642e-05,0.00013444006900389265,0.014959476250049583
17.676607736144298,6.870287280632582e-05,0.00013444006900389265,0.014962423842831836
17.67911009507829,0.00012124065784194053,0.00013444006900389265,0.014965358412771447
17.681612469170105,7.830736021847105e-05,0.00013444006900389265,0.014968280821520885
17.68411485846085,-1.7870910132399692e-06,0.00013444006900389265,0.014971191922604314
17.68661726299162,-6.912911170342886e-05,0.00013444006900389265,0.014974092561416165
17.68911968280354,3.743117898998352e-06,0.00013444006900389265,0.014976983575222062
17.691622117937705,1.2682828134687532e-05,0.00013444006900389265,0.014979953051081081
17.694124568435225,5.2630250442196186e-05,0.00013444006900389265,0.01498314735919103
17.6966270343372,3.6056795348708356e-05,0.00013444006900389265,0.014986271300532554
17.699129515684746,0.0001512799971661264,0.00013444006900389265,0.014988240547513262
17.70163201251896,0.00019667947996808953,0.00022786488565815804,0.014989700255365956
17.704134524880956,8.677308561574892e-05,0.00022786488565815804,0.01499219175188506
17.706637052811836,-0.00013153258894023877,0.00022786488565815804,0.014995161394364229
17.709139596352713,-7.583474832394653e-05,0.00022786488565815804,0.014998189986671231
17.71164215554468,0.00028199347931149275,0.00022786488565815804,0.015001233688317604
17.71414473042886,0.0010346884777618828,0.00022786488565815804,0.015004292206439474
17.71664732104634,0.0015771899195825868,0.00022786488565815804,0.015007365246009083
17.71914992743824,0.0014778942166535497,0.00022786488565815804,0.015010452509832954
17.72165254964567,0.0010283535874277602,0.00022786488565815804,0.015013553698553115
17.724155187709727,0.00024356613001833005,0.00022786488565815804,0.015016668510646447
17.726657841671518,-2.7041553385181646e-05,0.00022786488565815804,0.01501979664242436
17.729160511572154,-0.000100973655994532,0.00022786488565815804,0.01502293778803356
17.731663197452736,-1.172492462897523e-06,0.00022786488565815804,0.015026091639455426
17.734165899354373,6.505835270816454e-06,0.00022786488565815804,0.015029257886506255
17.736668617318173,-6.085792976897111e-06,0.00022786488565815804,0.015032436216836403
17.73917135138524,-9.655662720113936e-06,0.00022786488565815804,0.01503562631593211
17.741674101596683,-8.23747329361784e-05,0.00022786488565815804,0.015038827867112803
17.744176867993605,-0.00011859895335478154,0.00022786488565815804,0.015042040551533358
17.746679650617114,-5.313194946177796e-05,0.00022786488565815804,0.015045264048183037
17.749182449508318,-2.484929209699109e-05,0.00022786488565815804,0.015048498033885497
17.751685264708318,5.941114023504807e-07,0.00022786488565815804,0.01505156231018718
17.754188096258225,-1.2860884804448414e-05,0.00022786488565815804,0.015054751361747144
17.756690944199146,1.8148729380473502e-05,0.00022786488565815804,0.01505798753441458
17.759193808572185,5.246469744865298e-05,0.00022786488565815804,0.015061271860647638
17.76169668941845,4.921128028989932e-06,0.00022786488565815804,0.01506460538034948
17.764199586779043,0.00013876378670682823,0.00022786488565815804,0.01506798914086941
17.766702500695075,0.0001290237880548807,0.00022786488565815804,0.015071424197002746
17.769205431207656,0.00011985161505585588,0.00022786488565815804,0.015074826479177444
17.771708378357882,0.00023601024699406933,0.00022786488565815804,0.015078194100748711
17.774211342186867,0.00018011771091465227,0.00022786488565815804,0.015081525161904256
17.77671432273571,4.678366772555009e-05,0.00022786488565815804,0.015084647484934271
17.77921732004553,-0.00013774474890940885,0.00022786488565815804,0.015087635137010457
17.781720334157423,-4.8870113628861e-05,0.00022786488565815804,0.015090944306656362
17.784223365112496,4.045413603501538e-06,0.00022786488565815804,0.015094511966895876
17.78672641295186,-7.816623889350671e-06,0.00022786488565815804,0.015098021952665066
17.789229477716617,-5.407572840584671e-06,0.00022786488565815804,0.015101470963148006
17.791732559447876,-0.00013644296610013616,0.00022786488565815804,0.015105305058459043
17.794235658186743,6.384566616109144e-05,0.00022786488565815804,0.01510909844870619
17.796738773974322,5.790634268484744e-05,0.00022786488565815804,0.015112614707409551
17.799241906851723,-5.150279903030734e-05,0.00022786488565815804,0.015116623828629164
17.80174505686005,0.00018339365640514943,0.00022786488565815804,0.015120915239689536
17.804248224040414,0.00020940701429402082,0.00022786488565815804,0.015124865118068957
17.806751408433914,9.570271422650913e-05,0.00022786488565815804,0.015128485640510801
17.80925461008166,-1.1725414254676325e-06,0.00022786488565815804,0.015132018336235531
17.811757829024753,0.00018974894455357771,0.00022786488565815804,0.015135467091982161
17.814261065304308,-4.729953573912385e-05,0.00022786488565815804,0.015138835773947881
17.816764318961432,-4.720264581590736e-05,0.00022786488565815804,0.015142201105711335
17.81926759003722,-5.0364088650453956e-05,0.00022786488565815804,0.015145559618524145
17.821770878572792,-0.00021715115401697675,0.00022786488565815804,0.015149474861137172
17.824274184609244,-3.0656823304636704e-05,0.00022786488565815804,0.01515320124563111
17.826777508187686,0.00010695447550849134,0.00022786488565815804,0.015156740935014143
17.829280849349228,0.00018090138100725767,0.00022786488565815804,0.015160223168472865
17.83178420813497,0.000575030756553423,0.00022786488565815804,0.015163352127349464
17.83428758458602,0.0011845098162189035,0.00022786488565815804,0.01516637570029499
17.836790978743487,0.00140359130630267,0.00022786488565815804,0.015169284815768881
17.839294390648476,0.0011503100527001531,0.00022786488565815804,0.015172318462189175
17.84179782034209,0.0006035517992659372,0.00022786488565815804,0.015176817282311633
17.844301267865443,0.00015821272980817008,0.00022786488565815804,0.015181102250707556
17.846804733259635,-7.997411306411711e-06,0.00022786488565815804,0.01518449561056223
17.849308216565777,-6.006331595767231e-05,0.00022786488565815804,0.015187546809665489
17.851811717824972,4.6225942471571704e-05,0.00022786488565815804,0.01519100648611339
17.85431523707832,-1.0741312120305171e-05,0.00022786488565815804,0.015194407296429546
17.856818774366943,-4.892927832702773e-05,0.00022786488565815804,0.01519775248096651
17.859322329731935,-0.00020665951707093434,0.00022786488565815804,0.015201045267423203
17.861825903214406,-8.883911877623218e-05,0.00022786488565815804,0.015204422963532976
17.86432949485546,-4.555605686129907e-05,0.00022786488565815804,0.015207884017563403
17.86683310469621,5.37054076850188e-05,0.00022786488565815804,0.015211426898694308
17.869336732777754,1.1757838841814847e-05,0.00022786488565815804,0.015215050097020223
17.871840379141208,-0.00013541554331194736,0.00022786488565815804,0.01521866758407101
17.87434404382767,-6.001698518242997e-05,0.00022786488565815804,0.015222280889043645
17.87684772687825,-0.00016147702878073662,0.00022786488565815804,0.015225874520850252
17.87935142833405,-0.00012934530509391834,0.00022786488565815804,0.015229450611622203
17.88185514823618,-6.023593097113575e-05,0.00022786488565815804,0.015233011288982558
17.884358886625748,-0.00019635423355164605,0.00022786488565815804,0.01523681267988088
17.88686264354386,-0.00025475481812136345,0.00022786488565815804,0.015240705348333898
17.88936641903162,-0.00028289168504003724,0.00022786488565815804,0.015244406793796041
17.891870213130133,-0.00023554282936128282,0.00022786488565815804,0.015247548421716599
17.894374025880513,-0.00012711226777962527,0.00022786488565815804,0.01525015864486995
17.896877857323858,-3.831616009639105e-05,0.00022786488565815804,0.015252805342881372
17.899381707501277,5.970478342187148e-05,0.00022786488565815804,0.015255692178597615
17.901885576453875,8.664750987220568e-05,0.00022786488565815804,0.015258723218599819
17.904389464222763,-7.433387694157599e-05,0.00022786488565815804,0.01526258567553573
17.90689337084904,-5.497379529182528e-05,0.00022786488565815804,0.015266698682280365
17.90939729637382,-0.00017907102802763863,0.00022786488565815804,0.01527051046308877
17.91190124083821,-0.00019880972586030707,0.00022786488565815804,0.015274299742580544
17.914405204283305,-8.350079025729214e-05,0.00022786488565815804,0.015278067785429172
17.916909186750225,0.0001277381957579659,0.00022786488565815804,0.01528181585901141
17.919413188280064,0.0005096873228088317,0.00022786488565815804,0.01528554523340706
17.92191720891394,0.0006188431716407008,0.00022786488565815804,0.0152892571813976
17.924421248692948,0.0005672690129244918,0.00022786488565815804,0.015292426637739635
17.926925307658205,0.0006620846108751771,0.00022786488565815804,0.015295622677340935
17.929429385850806,0.0006796989019958819,0.00022786488565815804,0.01529884564111702
17.93193348331187,0.0015914436985566618,0.00022786488565815804,0.015302009902908767
17.934437600082497,0.0024642923055757087,0.00022786488565815804,0.015305112834727788
17.936941736203792,0.0022974690501397707,0.00022786488565815804,0.015308334843504762
17.93944589171686,0.0015353581796307709,0.00022786488565815804,0.015311666786477713
17.941950066662816,0.0008185018398295663,0.00022786488565815804,0.015314723613431228
17.944454261082758,0.0009035134771439093,0.00022786488565815804,0.015317809091442473
17.946958475017794,0.001000641303544084,0.00022786488565815804,0.015320755665596082
17.949462708509035,0.0007390986810134129,0.00022786488565815804,0.015323868597521308
17.95196696159758,0.0002884632637113211,0.00022786488565815804,0.015327145605424237
17.95447123432454,8.357032180214032e-05,0.00022786488565815804,0.015330442099907967
17.956975526731018,-4.348729593724003e-05,0.00022786488565815804,0.015333524286031443
17.959479838858126,-0.00012301555391685225,0.00022786488565815804,0.015336491571297732
17.961984170746966,-0.0002894515089186603,0.00022786488565815804,0.015339357735232305
17.964488522438646,-0.0001476345227510601,0.00022786488565815804,0.015342269654666254
17.966992893974272,-8.887811602482747e-05,0.00022786488565815804,0.015345227489794298
17.969497285394947,-5.2862900398976606e-05,0.00022786488565815804,0.015348231410424807
17.972001696741785,-0.00026977767101395676,0.00022786488565815804,0.0153512871730241
17.974506128055886,-0.0002068966232601794,0.00022786488565815804,0.015354394768889928
17.97701057937836,-0.0001439787682228806,0.00022786488565815804,0.015357109331582698
17.979515050750308,0.0002268209151777452,0.00022786488565815804,0.015359756389761144
17.985207463563594,2.3809038134824795e-05,0.00022786488565815804,0.015362920318520516
17.991201377702264,1.555126765308279e-05,0.00022786488565815804,0.015366184961281332
17.99719535235654,2.4218645252781223e-05,0.00022786488565815804,0.01536950729619068
18.003189387325342,-0.00019680463357173335,0.00022786488565815804,0.015372887605490196
18.009183482407597,-9.40619151709541e-05,0.00022786488565815804,0.015376326179343465
18.015177637402232,-0.00046115318005219424,0.00022786488565815804,0.015379732868071058
18.021171852108164,-1.3673783203696846e-05,0.00022786488565815804,0.015383209227601708
18.027166126324328,0.000911218868962619,0.00022786488565815804,0.015386390746743597
18.03316045984964,0.0010040604999368204,0.00022786488565815804,0.015389785110811556
18.03915485248303,9.494886849501297e-05,0.00022786488565815804,0.01539339768307986
18.04514930402342,-0.00023419315516251017,0.00022786488565815804,0.015395805060477472
18.051143814269732,-0.00023251182085633725,0.00022786488565815804,0.015398161275299898
18.057138383020895,-0.0002788837819500626,0.00022786488565815804,0.015400954709251407
18.063133010075838,-0.0003246516427738502,0.00022786488565815804,0.01540400480243313
18.069127695233476,0.0002008740002111889,0.00022786488565815804,0.015407324799511415
18.07512243829274,0.0001587010598012844,0.00022786488565815804,0.015409950743838005
18.08111723905255,0.0002104963588394522,0.00022786488565815804,0.01541288728966034
18.087112097311838,-0.00010356360193344155,0.00022786488565815804,0.015416149290400444
18.093107012869517,-3.9571346649209735e-05,0.00022786488565815804,0.015418738554326294
18.099101985524527,-0.00011210316197702783,0.00022786488565815804,0.015421969522010696
18.105097015075778,0.00012357469917740303,0.00022786488565815804,0.015425456388023378
18.111092101322203,1.9546786118642898e-05,0.00022786488565815804,0.015428821595839816
18.117087244062724,0.00013192801285962473,0.00022786488565815804,0.015432069197537914
18.12308244309627,-4.530874782178278e-05,0.00022786488565815804,0.015435203205303427
18.12907769822176,0.00027953498631607884,0.00022786488565815804,0.015438362914862044
18.13507300923812,0.00015757842157006034,0.00022786488565815804,0.015441547460528804
18.141068375944275,-7.924151563509264e-05,0.00022786488565815804,0.015444794212502081
18.147063798139154,-0.00011940784237040453,0.00022786488565815804,0.015448103621161413
18.153059275621672,0.0006598358800710587,0.00022786488565815804,0.015451494872871101
18.159054808190763,0.0017369062482853054,0.00022786488565815804,0.015454967760322735
18.16505039564535,0.0009765730220646935,0.00022786488565815804,0.015458522084152616
18.171046037784354,0.0009715592145468823,0.00022786488565815804,0.0154620344325019
18.1770417344067,0.0022466760540460658,0.00022786488565815804,0.015465500342646817
18.183037485311317,0.0017429618977750413,0.00022786488565815804,0.01546879210875717
18.189033290297125,0.00047689544382364946,0.00022786488565815804,0.01547242799987995
18.195029149163048,2.6979130671334756e-06,0.00022786488565815804,0.015476156799331302
18.201025061708016,-2.2106625671350702e-05,0.00022786488565815804,0.015479978996159782
18.20702102773095,9.670938891587211e-05,0.00022786488565815804,0.0154838517893189
18.213017047030778,0.00017215183565433105,0.00022786488565815804,0.015487774189556535
18.219013119406423,0.0002019794119143218,0.00022786488565815804,0.015491745209904437
18.225009244656803,2.0829426960326455e-05,0.00022786488565815804,0.015495763865677829
18.231005422580854,4.1829215307537596e-05,0.00022786488565815804,0.01549982917447565
18.237001652977494,0.00020592368613938684,0.00022786488565815804,0.015503810234003922
18.242997935645647,7.10334449967806e-05,0.00022786488565815804,0.01550789811179544
18.24899427038424,0.000693091035193388,0.00022786488565815804,0.015512024511625666
18.2549906569922,0.0014758422017712193,0.00022786488565815804,0.01551619019149237
18.260987095268444,0.000585104008739231,0.00022786488565815804,0.015520395912210785
18.266983585011907,1.2656029670472455e-05,0.00022786488565815804,0.015524642437412856
18.27298012602151,-3.982304997290041e-05,0.00022786488565815804,0.015528716772579679
18.278976718096168,6.029572086087981e-06,0.00022786488565815804,0.015532826922498735
18.284973361034815,1.4396604525157217e-05,0.00022786488565815804,0.01553697363867553
18.29097005463638,-5.349785873484322e-06,0.00022786488565815804,0.015541157675650416
18.296966798699778,0.0003223199055564178,0.00022786488565815804,0.015545379790997434
18.302963593023936,0.0007576616325636679,0.00022786488565815804,0.015549640745324122
18.308960437407787,0.00017580432589933866,0.00022786488565815804,0.015553941302272068
18.314957331650245,-9.882088050975485e-06,0.00022786488565815804,0.0155582822285162
18.32095427555024,0.0002667873804789618,0.00022786488565815804,0.015562664293765169
18.32695126890669,0.00026105716181302335,0.00022786488565815804,0.015567482467925203
18.33294831151853,0.0002096797644740387,0.00022786488565815804,0.015572723549508035
18.338945403184677,0.0004530730646724792,0.00022786488565815804,0.015578374438785932
18.34494254370406,0.0001546460628505074,0.00022786488565815804,0.01558367327437708
18.350939732875602,7.970879207129869e-05,0.00022786488565815804,0.015588624631714704
18.35693697049823,-0.0001321162057468673,0.00022786488565815804,0.015593233001503757
18.362934256370867,1.9829262634366365e-05,0.00022786488565815804,0.015597693560700107
18.368931590292433,0.0007219516570919453,0.00022786488565815804,0.0156023500770461
18.374928972061856,0.0012955553638928016,0.00022786488565815804,0.01560720165743995
18.380926401478064,0.00023370633722718213,0.00022786488565815804,0.015612697570328437
18.386923878339978,-0.0003084843502066271,0.00022786488565815804,0.015617749439892845
18.392921402446525,3.48442971947107e-05,0.00022786488565815804,0.015622634215779219
18.398918973596626,-0.00013470791352203186,0.00022786488565815804,0.015627162949224713
18.40491659158921,-0.00033582388027040416,0.00022786488565815804,0.015631344794821887
18.4109142562232,-2.555670287891082e-05,0.00022786488565815804,0.01563553027492058
18.416911967297523,-0.00021201999751362458,0.00022786488565815804,0.015639716256533587
18.422909724611095,4.2078283873862865e-05,0.00022786488565815804,0.015643899602115333
18.42890752796285,-6.865365522629001e-05,0.00022786488565815804,0.015648077169561056
18.43490537715171,-0.0001035581167478112,0.00022786488565815804,0.01565224581220821
18.440903271976598,-5.923722480796062e-05,0.00022786488565815804,0.01565640237883336
18.446901212236444,7.379008031384304e-05,0.00022786488565815804,0.015660543713655304
18.45289919773016,-0.0002974801662134867,0.00022786488565815804,0.015664666656332236
18.458897228256685,-0.00016247106534709316,0.00022786488565815804,0.015668768041962537
18.46489530361494,-0.00025653821427307905,0.00022786488565815804,0.01567297314159462
18.470893423603844,0.0002278486064436966,0.00022786488565815804,0.015677283241846134
18.476891588022326,0.0004197301018263981,0.00022786488565815804,0.01568169965588679
18.48288979666931,0.00014840143154271762,0.00022786488565815804,0.015686223723437767
18.488888049343718,-0.00013229945822099652,0.00022786488565815804,0.015690856810770717
18.49488634584448,-0.00029339716818394326,0.00022786488565815804,0.015695600310710035
18.50088468597052,-0.0005146456817140647,0.00022786488565815804,0.015700455642630395
18.506883069520754,-0.00011155575575433688,0.00022786488565815804,0.015705424252458897
18.512881496294117,8.058374334883253e-05,0.00022786488565815804,0.015710398312820607
18.518879966089532,-0.0001680836571788958,0.00022786488565815804,0.015715375526831492
18.52487847870592,0.0003079840321147838,0.00022786488565815804,0.01572035359768425
18.530877033942204,0.0016557120747775836,0.00022786488565815804,0.015725330228646767
18.536875631597315,0.0013190872845435728,0.00022786488565815804,0.015730622139979628
18.542874271470176,0.0001692737636346947,0.00022786488565815804,0.015735030833910778
18.54887295335971,0.0003038444111289132,0.00022786488565815804,0.015740533250378316
18.55487167706484,-6.119287643406579e-05,0.00022786488565815804,0.01574577395765205
18.56087044238449,2.9121988493030493e-05,0.00022786488565815804,0.01575076587957023
18.566869249117595,-0.0002814253811341226,0.00022786488565815804,0.015755521886886732
18.572868097063065,-0.00013689587101191163,0.00022786488565815804,0.015760054797268594
18.578866986019836,-0.00027588563968903093,0.00022786488565815804,0.015764377375297314
18.584865915786825,0.00038337927110949216,0.00022786488565815804,0.015768625290754935
18.59086488616296,0.0003744700941152347,0.00022786488565815804,0.015772796616168993
18.596863896947166,0.00018073608304485303,0.00022786488565815804,0.015777399804445383
18.60286294793837,-0.0002516332693092149,0.00022786488565815804,0.015782080759979906
18.60886203893549,-0.00020882833886657313,0.00022786488565815804,0.01578682429776846
18.61486116973746,-0.00036458315260156846,0.00022786488565815804,0.015791054018807493
18.620860340143196,0.0009674436976049548,0.00022786488565815804,0.01579492647352866
18.626859549951625,0.000989047844335806,0.00022786488565815804,0.01579884392693611
18.632858798961678,-0.00018984590545003364,0.00022786488565815804,0.01580267827435996
18.638858086972267,-0.00018933981115376412,0.00022786488565815804,0.015806735993289845
18.644857413782333,-0.00027483290981665,0.00022786488565815804,0.01581101640767337
18.650856779190782,-0.00021444900935551486,0.00022786488565815804,0.01581548250102316
18.656856182996556,-0.000522350583528593,0.00022786488565815804,0.015819979256008122
18.662855624998567,-0.0004240262335173158,0.00022786488565815804,0.01582439305223496
18.668855104995746,-0.00013519539129876884,0.00022786488565815804,0.015828723128575993
18.674854622787016,-7.571353589335209e-05,0.00022786488565815804,0.015832911494483314
18.680854178171305,2.870791880535059e-05,0.00022786488565815804,0.015837079689902857
18.686853770947533,-0.00016494511403573192,0.00022786488565815804,0.01584122921672191
18.69285340091463,-0.0004198837386848401,0.00022786488565815804,0.01584536157510901
18.69885306787151,-1.1719551606174244e-05,0.00022786488565815804,0.01584947826351151
18.704852771617105,-0.00021464304863409375,0.00022786488565815804,0.015853721877601052
18.710852511950343,0.0010236451729099677,0.00022786488565815804,0.01585864783388695
18.716852288670147,0.002415128440555206,0.00022786488565815804,0.01586354412139214
18.722852101575437,0.0011256754843820063,0.00022786488565815804,0.015868341659750967
18.728851950465142,-0.00011261350280906621,0.00022786488565815804,0.015873039307105735
18.734851835138183,-0.00041245827910910485,0.00022786488565815804,0.01587763590566081
18.740851755393493,-0.0002641853456444507,0.00022786488565815804,0.01588213028168199
18.746851711029983,9.658648096327188e-05,0.00022786488565815804,0.015886521245496367
18.752851701846588,0.0005888173682025433,0.00022786488565815804,0.015890807591492532
18.758851727642227,0.0005023400870359414,0.00022786488565815804,0.015894988098119473
18.764851788215832,-0.0003591641131735941,0.00022786488565815804,0.015899061527887174
18.770851883366323,-0.00035511539073877947,0.00022786488565815804,0.015903026627365216
18.776852012892622,-0.00011895526144684032,0.00022786488565815804,0.015906882127183396
18.782852176593657,-7.198524576556078e-05,0.00022786488565815804,0.015910626742032
18.788852374268355,4.673217272013058e-06,0.00022786488565815804,0.015914259170659414
18.794852605715636,-2.4995224810621386e-05,0.00022786488565815804,0.01591777809587407
18.800852870734424,-0.00023782423809622436,0.00022786488565815804,0.015921500279545378
18.80685316912365,-0.0002967983425109823,0.00022786488565815804,0.01592544489645868
18.812853500682234,-0.00019857526603379166,0.00022786488565815804,0.015929161138429366
18.818853865209103,-0.0003066329008415275,0.00022786488565815804,0.01593264051838266
18.82485426250318,0.0003789176442534625,0.00022786488565815804,0.015936429922024084
18.83085469236339,0.00021015633566015546,0.00022786488565815804,0.015940199977125424
18.83685515458865,6.722633485164997e-05,0.00022786488565815804,0.01594394966670381
18.8428556489779,1.7132387105652652e-05,0.00022786488565815804,0.015947694994556356
18.848856175330056,-2.222453307513042e-05,0.00022786488565815804,0.015951437152587088
18.85485673344404,0.00022395806239996,0.00022786488565815804,0.015955175788074823
18.860857323118786,-0.0002185950196632487,0.00022786488565815804,0.015958910557213466
18.86685794415321,-0.00020315550504238986,0.00022786488565815804,0.01596191952081907
18.87285859634624,0.0001757138832160325,0.00022786488565815804,0.015964177289998167
18.878859279496798,0.0005524835989952522,0.00022786488565815804,0.01596660827100129
18.884859993403815,0.00037731872573226397,0.00022786488565815804,0.015969219737291533
18.890860737866213,0.0003648722798674925,0.00022786488565815804,0.015972019026568616
18.89686151268291,-0.00021875908386822726,0.00022786488565815804,0.015974973634631424
18.90286231765284,0.00021794303814738278,0.00022786488565815804,0.015978092442754603
18.90886315257492,8.749469509221688e-05,0.00022786488565815804,0.015981471725919
18.91486401724808,0.00019654710928101657,0.00022786488565815804,0.015984845581068247
18.92086491147124,7.973235930484879e-07,0.00022786488565815804,0.01598819897676979
18.926865835043337,0.00012125361543070812,0.00022786488565815804,0.015991390189534015
18.932866787763277,0.00022220139540949507,0.00022786488565815804,0.01599444208637839
18.93886776943,-5.443082630306184e-06,0.00022786488565815804,0.015998238379203313
18.944868779842423,6.175763001744702e-05,0.00022786488565815804,0.016002275834350394
18.950869818799468,5.421719100339936e-05,0.00022786488565815804,0.01600624492981252
18.95687088610007,-0.00015162105413840318,0.00022786488565815804,0.016010144714185593
18.96287198154315,6.736372883358113e-05,0.00022786488565815804,0.016014088674187184
18.96887310492762,3.730849369531705e-05,0.00022786488565815804,0.01601801957804998
18.974874256052424,-7.375773254641657e-05,0.00022786488565815804,0.01602193837359387
18.980875434716474,0.00021328586178436665,0.00022786488565815804,0.016025846018187597
18.986876640718698,8.76250920257976e-05,0.00022786488565815804,0.01602974347874617
18.99287787385802,0.0005333419027082204,0.00022786488565815804,0.01603363173173465
18.99887913393337,0.0021785345507675177,0.00022786488565815804,0.016037421389121585
19.004880420743667,0.00133545201391198,0.00022786488565815804,0.016040600310770536
19.01088173408784,0.002656581716809183,0.00022786488565815804,0.016044355702495832
19.016883073764806,0.0019084459159723864,0.00022786488565815804,0.01604810111048766
19.0228844395735,2.20845088053645e-05,0.00022786488565815804,0.01605184089768488
19.028885831312834,-7.3848239917719e-05,0.00022786488565815804,0.016055496944468443
19.034887248781743,-5.121105688345867e-05,0.00022786488565815804,0.016059070772486538
19.04088869177915,-5.518792049404378e-05,0.00022786488565815804,0.016062563895329608
19.046890160103974,7.52791195570493e-05,0.00022786488565815804,0.016065977818528233
19.05289165355515,3.1476161455407103e-05,0.00022786488565815804,0.01606938246922242
19.058893171931594,0.00031573713494754616,0.00022786488565815804,0.016072776910198695
19.06489471503223,0.00037514086003560473,0.00022786488565815804,0.016076160213333884
19.07089628265599,0.00047465478608853945,0.00022786488565815804,0.016079531459591675
19.07689787460179,0.00021721916691360213,0.00022786488565815804,0.016082889739025944
19.082899490668567,-0.00012183006132074695,0.00022786488565815804,0.01608623415077706
19.08890113065523,-8.545534683217226e-05,0.00022786488565815804,0.016089563803074892
19.094902794360717,-0.00014519477898763608,0.00022786488565815804,0.016093048886984786
19.100904481583942,0.00022410115947613107,0.00022786488565815804,0.016096682462324347
19.106906192123837,7.255625704022037e-05,0.00022786488565815804,0.01610026206687857
19.112907925779325,7.739348479949767e-05,0.00022786488565815804,0.016103787799809727
19.11890968234933,-7.70029388828461e-06,0.00022786488565815804,0.01610725976322684
19.124911461632777,0.0003972588964811473,0.00022786488565815804,0.01611067806218652
19.130913263428592,0.0006056067063966546,0.00022786488565815804,0.01611404280469296
19.1369150875357,0.0003104296455059101,0.00022786488565815804,0.01611735410169732
19.14291693375302,0.000188327185947728,0.00022786488565815804,0.01612061206709816
19.148918801879486,0.0002167842689942065,0.00022786488565815804,0.016123816817740454
19.15492069171401,9.132695320943768e-05,0.00022786488565815804,0.016126968473416586
19.16092260305553,-8.589407627204032e-05,0.00022786488565815804,0.016130067156865373
19.16692453570296,0.00035818218105437144,0.00022786488565815804,0.01613311299377194
19.172926489455232,-2.1310127824566982e-05,0.00022786488565815804,0.016136106112767744
19.178928464111266,-1.8222668272414866e-05,0.00022786488565815804,0.016139046645431268
19.184930459469992,6.770995881684796e-05,0.00022786488565815804,0.016141934726285986
19.190932475330328,-0.0003517193326427574,0.00022786488565815804,0.016144770492801556
19.196934511491204,0.00010000321188039299,0.00022786488565815804,0.01614755408539438
19.202936567751543,0.00010731838204495331,0.00022786488565815804,0.01615028564742556
19.20893864391027,4.566557379438729e-06,0.00022786488565815804,0.016152880494176777
19.214940739766305,-0.00016957058034171996,0.00022786488565815804,0.016155335828694082
19.22094285511858,-6.295006456348215e-05,0.00022786488565815804,0.016157719692398355
19.226944989766015,-3.889964688582465e-06,0.00022786488565815804,0.0161600317139757
19.232947143507538,-0.0003502244899369414,0.00022786488565815804,0.01616227152167114
19.23894931614207,0.00039341001288374644,0.00022786488565815804,0.016164021905391394
19.24495150746854,0.0029855732031292513,0.00022786488565815804,0.016165256843469165
19.250953717285864,0.0016889878813942556,0.00022786488565815804,0.01616686515196417
19.256955945392978,0.0003495326035750021,0.00022786488565815804,0.016168090844204872
19.2629581915888,0.0002863545169921461,0.00022786488565815804,0.016168992330835425
19.268960455672257,0.00039205611375131566,0.00022786488565815804,0.01617019318911269
19.274962737442273,8.251975551431742e-05,0.00022786488565815804,0.016171771366461567
19.280965036697772,0.0003595384525703106,0.00022786488565815804,0.01617349644230164
19.286967353237678,0.0012700332802553296,0.00022786488565815804,0.016175306510849887
19.292969686860918,0.0007360954263185178,0.00022786488565815804,0.016177202858948945
19.29897203736641,0.0002100259859836688,0.00022786488565815804,0.016179041824970715
19.304974404553093,0.00021461902458174906,0.00022786488565815804,0.016180819746169712
19.31097678821988,0.0008629039808642873,0.00022786488565815804,0.016182224437727565
19.3169791881657,0.001303205857778874,0.00022786488565815804,0.016183544284948285
19.32298160418947,0.00019127146441942286,0.00022786488565815804,0.016184786355426882
19.328984036090127,0.00010475556874732853,0.00022786488565815804,0.01618601613933162
19.334986483666587,-2.5746367167012174e-05,0.00022786488565815804,0.01618732979172354
19.340988946717776,0.00027353987721131373,0.00022786488565815804,0.016188476426366148
19.34699142504262,0.002161042756339125,0.00022786488565815804,0.01618945321931717
19.352993918440045,0.0026131860331275285,0.00022786488565815804,0.016190000388649865
19.358996426708977,0.0007020752599985816,0.00022786488565815804,0.016189270697688076
19.36499894964833,4.676869937088324e-05,0.00022786488565815804,0.016189027693595467
19.371001487057043,-1.2416632432333402e-05,0.00022786488565815804,0.01618937992756308
19.377004038734032,-4.8213457500650286e-05,0.00022786488565815804,0.01618979046584864
19.383006604478226,-0.00018534037940150239,0.00022786488565815804,0.016190258775563612
19.389009184088543,-0.0002499779294166185,0.00022786488565815804,0.016190358882181097
19.39501177736392,-0.0001171235358227371,0.00022786488565815804,0.01619038416590802
19.401014384103267,-0.0003631940718724948,0.00022786488565815804,0.016190339320887228
19.40701700410552,0.00038440596949492617,0.00022786488565815804,0.016190090166536882
19.413019637169597,0.0020466746640423403,0.00022786488565815804,0.01618963658701692
19.419022283094424,0.0027639430063115845,0.00022786488565815804,0.01618891746723909
19.425024941678927,0.0015782047451494488,0.00022786488565815804,0.01618793479937293
19.43102761272203,0.0012254062129894994,0.00022786488565815804,0.016186846508588548
19.43703029602266,0.0009819864305446284,0.00022786488565815804,0.016185655117311907
19.443032991379738,0.002174254704587042,0.00022786488565815804,0.01618444918876425
19.449035698592194,0.0011430811583913597,0.00022786488565815804,0.01618322942367733
19.455038417458944,0.00017305781311669974,0.00022786488565815804,0.016181996540253027
19.461041147778918,-0.000182395700135847,0.00022786488565815804,0.0161805170111394
19.467043889351043,0.00022001666460787217,0.00022786488565815804,0.0161787842379386
19.47304664197424,0.00024090567220204015,0.00022786488565815804,0.0161767915828992
19.479049405447434,0.0005664218971031879,0.00022786488565815804,0.016175032006507793
19.48505217956955,0.0005936998790129454,0.00022786488565815804,0.016173247145131367
19.491054964139515,0.00031806902447862814,0.00022786488565815804,0.016171438373752192
19.49705775895625,-5.9886133682334614e-05,0.00022786488565815804,0.016169607083850776
19.503060563818682,0.00011110778138795352,0.00022786488565815804,0.016167754683403222
19.509063378525735,-8.065859497078873e-05,0.00022786488565815804,0.016165180002441614
19.515066202876334,0.0003721170475940623,0.00022786488565815804,0.016161860081797597
19.521069036669406,7.89296811287317e-05,0.00022786488565815804,0.01615896096264394
19.52707187970387,0.0001485720241537411,0.00022786488565815804,0.01615597729139812
19.53307473177865,0.00025037320757128473,0.00022786488565815804,0.01615290905714666
19.53907759269268,0.0004999118754314587,0.00022786488565815804,0.01614975625655322
19.54508046224488,0.00029551451199136963,0.00022786488565815804,0.016146518893857893
19.551083340234168,0.00012228601474426753,0.00022786488565815804,0.01614319698087809
19.55708622645948,-1.5301484321963293e-05,0.00022786488565815804,0.0161403356742043
19.563089120719734,-0.00013923911655860238,0.00022786488565815804,0.01613738518663698
19.56909202281385,0.00041234128636677067,0.00022786488565815804,0.016134344864854114
19.575094932540765,0.00029736512588334277,0.00022786488565815804,0.0161312140573929
19.581097849699397,0.0013278001330880376,0.00022786488565815804,0.016127992114651712
19.58710077408867,0.0032395197170921528,0.00022786488565815804,0.016124488804643688
19.59310370550751,0.0032245484418832113,0.00022786488565815804,0.016120696897569533
19.599106643754837,0.0007910892328981158,0.00022786488565815804,0.01611680291174327
19.60510958862958,0.00046281059324438864,0.00022786488565815804,0.01611281998632339
19.61111253993067,0.0005618937010928582,0.00022786488565815804,0.016108932335586672
19.61711549745702,0.00016649080028102725,0.00022786488565815804,0.016104839447555013
19.623118461007564,0.00012679244825562763,0.00022786488565815804,0.016100537759734135
19.629121430381215,0.00034028891387878624,0.00022786488565815804,0.016096171112456197
19.635124405376914,0.0002844398602063203,0.00022786488565815804,0.01609184351265608
19.64112738579357,0.00045032349545403444,0.00022786488565815804,0.016087560022405353
19.647130371430116,0.00037467861042805514,0.00022786488565815804,0.01608332573391392
19.65313336208548,1.3400681542551779e-05,0.00022786488565815804,0.016079067472156806
19.659136357558577,2.214103820524088e-05,0.00022786488565815804,0.016074782867555242
19.665139357648336,0.00030979760305621315,0.00022786488565815804,0.016070469562284372
19.671142362153688,0.00012455600335797498,0.00022786488565815804,0.01606611943406315
19.677145370873546,0.0006866981683348004,0.00022786488565815804,0.016061729947981333
19.68314838360684,0.0016680679975225772,0.00022786488565815804,0.016057759335205448
19.6891514001525,0.0022637219587550855,0.00022786488565815804,0.016053329845116898
19.695154420309443,0.0011271798821628279,0.00022786488565815804,0.0160492205594774
19.7011574438766,0.0005203669604657291,0.00022786488565815804,0.01604506224067289
19.70716047065289,0.00026024705881618274,0.00022786488565815804,0.016040854414730635
19.713163500437236,0.0002002156554455868,0.00022786488565815804,0.016036596610379383
19.719166533028574,0.00047033967850243844,0.00022786488565815804,0.01603228835904794
19.72516956822582,0.0015226829902355125,0.00022786488565815804,0.016028022872662542
19.731172605827897,0.0011225579895170028,0.00022786488565815804,0.016023701396940235
19.73717564563373,0.0004599990197257861,0.00022786488565815804,0.01601932322091058
19.743178687442253,6.765954765751078e-05,0.00022786488565815804,0.016014887634398654
19.749181731052378,0.0004019866145608293,0.00022786488565815804,0.016010393928025092
19.75518477626304,0.0005248845440517791,0.00022786488565815804,0.0160058413932049
19.761187822873154,0.0003841123725298462,0.00022786488565815804,0.016000824036597402
19.767190870681656,0.00011308322851422484,0.00022786488565815804,0.015996222720264627
19.773193919487465,-6.518341137935757e-05,0.00022786488565815804,0.01599202681509743
19.7791969690895,0.0003473856748868534,0.00022786488565815804,0.015987562443082946
19.785200019286695,8.782601961867739e-05,0.00022786488565815804,0.015982842727112024
19.79120306987797,-1.7632701225164804e-06,0.00022786488565815804,0.01597788073803752
19.79720612066225,0.00032629880981762185,0.00022786488565815804,0.015973015559282606
19.803209171438457,0.0005544818529947988,0.00022786488565815804,0.01596829301005211
19.80921222200552,0.00046295028291860885,0.00022786488565815804,0.015963911080825607
19.81521527216237,0.0002473038131543051,0.00022786488565815804,0.015959589358722426
19.821218321707914,0.001391694209682378,0.00022786488565815804,0.01595573376595007
19.82722137044109,0.0026518841971538143,0.00022786488565815804,0.01595235755737699
19.83322441816082,0.001272433080911732,0.00022786488565815804,0.015949471555502005
19.839227464666035,0.000419809392864897,0.00022786488565815804,0.01594695182222136
19.84523050975564,0.00026983567362211247,0.00022786488565815804,0.015944804774658157
19.85123355322858,4.5787003671332593e-05,0.00022786488565815804,0.015943034024213685
19.857236594883773,0.00011733947704551523,0.00022786488565815804,0.01594160008540116
19.86323963452014,1.7623663505425546e-05,0.00022786488565815804,0.015940469579975268
19.869242671936608,0.00022608499486917108,0.00022786488565815804,0.01593961951074366
19.875245706932102,0.0003154654431278929,0.00022786488565815804,0.015939018534928826
19.88124873930555,0.00048445956455912126,0.00022786488565815804,0.015938603727114056
19.887251768855872,0.0004851001676313693,0.00022786488565815804,0.015938492742252657
19.893254795381996,0.00023171867475159716,0.00022786488565815804,0.015938724016687802
19.899257818682837,0.0005598299349864402,0.00022786488565815804,0.01593932073628108
19.905260838557336,0.001961739041463552,0.00022786488565815804,0.015940237394168194
19.911263854804407,0.0037506234012024617,0.00022786488565815804,0.01594147060047617
19.917266867222978,0.0009321897978330183,0.00022786488565815804,0.015943017180484433
19.923269875611968,0.00015434331174710852,0.00022786488565815804,0.015944639836255676
19.92927287977031,0.0004483423479663823,0.00022786488565815804,0.01594665679923085
19.93527587949692,0.002243860750918956,0.00022786488565815804,0.01594892939584177
19.941278874590733,0.002217470646963638,0.00022786488565815804,0.01595144653372813
19.947281864850666,0.0005239221732904788,0.00022786488565815804,0.015954165592297252
19.953284850075647,-4.236706121140202e-05,0.00022786488565815804,0.0159570763812986
19.9592878300646,0.000104943645189811,0.00022786488565815804,0.015960213411718882
19.965290804616448,0.00034136012421638606,0.00022786488565815804,0.015963563059499346
19.971293773530117,0.00010038270446274464,0.00022786488565815804,0.015967426050018725
19.977296736604533,0.00042593408430851784,0.00022786488565815804,0.015971008468086884
19.983299693638617,0.0004307140800734362,0.00022786488565815804,0.01597467662522448
19.989302644431294,9.880612488816568e-05,0.00022786488565815804,0.015978142801621905
19.9953055887815,0.0003271884076301544,0.00022786488565815804,0.01598222604724239
20.00130852648814,0.00022600458211046934,0.00022786488565815804,0.015986294822857322
20.007311457350152,0.00042232442543418264,0.00022786488565815804,0.015990693801235394
20.01331438116646,0.00038839862169915557,0.00022786488565815804,0.01599540033543578
20.019317297735984,4.509094010464107e-05,0.00022786488565815804,0.015999633031697238
20.02532020685765,0.00033995836980732497,0.00022786488565815804,0.016003332279340223
20.031323108330387,-3.549348560047405e-06,0.00022786488565815804,0.016007192848490937
20.037326001953115,5.8093315991988165e-05,0.00022786488565815804,0.016011038733426984
20.04332888752476,0.00034980650090278564,0.00022786488565815804,0.016014822763279944
20.049331764844247,0.0006937403003693283,0.00022786488565815804,0.01601854016997975
20.0553346337105,0.0007231978345285557,0.00022786488565815804,0.016022362898896098
20.061337493922444,0.00014711449480242847,0.00022786488565815804,0.016025468985487755
20.067340345279003,0.0009166099283990127,0.00022786488565815804,0.01602830017388535
20.073343187579102,8.170716218204241e-05,0.00022786488565815804,0.01603085384016746
20.079346020621664,0.00038781031996916807,0.00022786488565815804,0.01603365295425526
20.085348844205622,0.000349834308229751,0.00022786488565815804,0.016036351111156248
20.09135165812989,-0.00010186185362894701,0.00022786488565815804,0.01603872524867132
20.0973544621934,-2.214088328783559e-05,0.00022786488565815804,0.016041506046933707
20.10335725619507,0.0001339970556648029,0.00022786488565815804,0.016044664357747283
20.109360039933833,8.453976374241112e-05,0.00022786488565815804,0.01604861759504738
20.115362813208606,0.0003949541025213936,0.00022786488565815804,0.01605151159861419
20.121365575818317,0.00015149010944208105,0.00022786488565815804,0.016053312392816932
20.12736832756189,4.7435466119943176e-05,0.00022786488565815804,0.01605432098996285
20.13337106823825,-0.0001751085316260073,0.00022786488565815804,0.016054458935134602
20.13937379764632,-6.451502344675258e-05,0.00022786488565815804,0.01605416708942843
20.145376515585028,7.446628870451388e-05,0.00022786488565815804,0.016053415612117403
20.1513792218533,-0.0001534994854148694,0.00022786488565815804,0.016052112776470912
20.157381916250056,-5.8546866982776835e-06,0.00022786488565815804,0.016050617326381914
20.163384598574222,-0.00028117002383956993,0.00022786488565815804,0.01604889363557554
20.169387268624725,1.1092804712765914e-05,0.00022786488565815804,0.016046787663830987
20.175389926200488,-1.4126943685299764e-05,0.00022786488565815804,0.016044289189591197
20.18139257110043,-0.0002235357258725812,0.00022786488565815804,0.016041751386710264
20.187395203123486,7.320276055685845e-05,0.00022786488565815804,0.016038689493429552
20.193397822068576,0.00018271026198330917,0.00022786488565815804,0.016035096016621623
20.199400427734624,0.00022601394508042424,0.00022786488565815804,0.016030963385281788
20.205403019920553,-0.0001927217736054157,0.00022786488565815804,0.01602649411590137
20.21140559842529,-0.0001318866021013318,0.00022786488565815804,0.016021997164966405
20.21740816304776,0.00012240249247066903,0.00022786488565815804,0.016017484794467737
20.22341071358689,-0.00023407002011368097,0.00022786488565815804,0.016012966593059112
20.2294132498416,0.00025216963810819476,0.00022786488565815804,0.016008648403663284
20.235415771610818,0.002413737368494935,0.00022786488565815804,0.016004524710907134
20.241418278693462,0.0013696432284101903,0.00022786488565815804,0.01600059010979792
20.247420770888468,0.00014653372702466,0.00022786488565815804,0.01599683930572234
20.253423247994753,-0.0004890405821411908,0.00022786488565815804,0.015994064066533847
20.25942570981124,6.395616915860769e-05,0.00022786488565815804,0.01599219893940007
20.26542815613686,-0.00028670325829741397,0.00022786488565815804,0.015992945704978105
20.271430586770535,-0.0002558882004973298,0.00022786488565815804,0.0159960808798704
20.27743300151119,-0.00022409780483177363,0.00022786488565815804,0.016003561368828297
20.28343540015775,3.7483363569297545e-05,0.00022786488565815804,0.016000107490283463
20.28943778250913,-8.11867664376742e-05,0.00022786488565815804,0.015995534259006263
20.29544014836427,0.0001983841746596715,0.00022786488565815804,0.01599163293058921
20.301442497522086,0.00016804427028145955,0.00022786488565815804,0.015987067353479233
20.30744482978151,0.00020996639700995856,0.00022786488565815804,0.015981901092703945
20.313447144941456,0.0002648908626203851,0.00022786488565815804,0.01597686213401
20.319449442800856,0.0012579465732434902,0.00022786488565815804,0.015971962026976354
20.32545172315863,0.001451909010443321,0.00022786488565815804,0.0159672122712928
20.33145398581371,0.0010319086040033836,0.00022786488565815804,0.015962624316764047
20.33745623056501,0.0031705273004692044,0.00022786488565815804,0.01595820956330646
20.343458457211465,0.0031107085761570737,0.00022786488565815804,0.01595397936094972
20.349460665551995,0.0007782684780248475,0.00022786488565815804,0.0159494778225961
20.35546285538552,2.852463636351596e-05,0.00022786488565815804,0.015944682344730194
20.361465026510977,-0.00010621892265561678,0.00022786488565815804,0.015940297666334674
20.36746717872728,1.066484833862208e-05,0.00022786488565815804,0.015936041161764343
20.373469311833357,-0.000260983401311813,0.00022786488565815804,0.015931932895425646
20.379471425628132,2.37364663099697e-05,0.00022786488565815804,0.015927992939002687
20.385473519910533,0.00010721713699739926,0.00022786488565815804,0.01592424137145679
20.39147559447948,9.635941806747719e-05,0.00022786488565815804,0.015920698279027673
20.3974776491339,-0.00020777819583780652,0.00022786488565815804,0.015917383755231627
20.403479683672717,-0.0001823715953102878,0.00022786488565815804,0.01591431790086387
20.409481697894858,0.00013858666312586976,0.00022786488565815804,0.015911520823996276
20.415483691599242,-0.0002693567680959255,0.00022786488565815804,0.015909012639977408
20.421485664584804,0.0005833234289923765,0.00022786488565815804,0.015906813471434002
20.427487616650456,0.0012395630173803983,0.00022786488565815804,0.015904943448269187
20.43348954759513,0.00017300631816245457,0.00022786488565815804,0.015903049638639533
20.439491457217752,4.626295321208396e-05,0.00022786488565815804,0.015901498144279692
20.445493345317242,-2.023518883719974e-05,0.00022786488565815804,0.015900479711559546
20.451495211692528,-4.7568125904663e-05,0.00022786488565815804,0.015899919210239335
20.457497056142532,-0.0002886151074877035,0.00022786488565815804,0.015899802061611932
20.463498878466183,1.708503808555209e-05,0.00022786488565815804,0.015901144077491075
20.4695006784624,0.0009119250213789516,0.00022786488565815804,0.01590220764615653
20.47550245593011,0.0005516520832247983,0.00022786488565815804,0.015903026614838528
20.481504210668238,0.0003098542007859105,0.00022786488565815804,0.01590363434284694
20.487505942475714,-5.3953515914962474e-05,0.00022786488565815804,0.015905158914522058
20.49350765115145,-0.00012346671573883541,0.00022786488565815804,0.015907549735978486
20.499509336494384,-3.7410006603195295e-05,0.00022786488565815804,0.015910092301475727
20.505510998303432,-0.0002579294077541816,0.00022786488565815804,0.015913087807193117
20.511512636377525,-0.0003698747315405253,0.00022786488565815804,0.0159156147666081
20.51751425051558,6.933159377803255e-06,0.00022786488565815804,0.015917712245341335
20.523515840516527,-0.00021492456627036569,0.00022786488565815804,0.01591941859209912
20.52951740617929,0.00027151318926482357,0.00022786488565815804,0.01592040144727406
20.535518947302794,0.00039286545568975595,0.00022786488565815804,0.015921478340604703
20.541520463685963,0.000383498153145638,0.00022786488565815804,0.015922597094711603
20.54752195512772,0.0003459976359333518,0.00022786488565815804,0.015924233398103855
20.55352342142699,1.2790468560192753e-05,0.00022786488565815804,0.015926861333070034
20.559524862382702,0.00020658653547708794,0.00022786488565815804,0.015928912369892866
20.56552627779378,0.0018744544766610659,0.00022786488565815804,0.01593033556705319
20.57152766745914,0.003359635960615743,0.00022786488565815804,0.01593108108364564
20.57752903117772,0.0008921889443583783,0.00022786488565815804,0.015932046749949514
20.583530368748434,-0.00015760544969890822,0.00022786488565815804,0.015933249724171174
20.589531679970207,0.0003918161141326787,0.00022786488565815804,0.01593470730099863
20.59553296464197,0.00047327376847184147,0.00022786488565815804,0.0159366589241048
20.601534222562645,1.9594182753546185e-06,0.00022786488565815804,0.01593913824852357
20.607535453531156,0.0003157982441005375,0.00022786488565815804,0.01594143687835393
20.613536657346426,0.00018114056278445076,0.00022786488565815804,0.01594353541418549
20.619537833807385,0.0002796377293111524,0.00022786488565815804,0.015946035934774345
20.625538982712953,0.00039566018064390515,0.00022786488565815804,0.01594892009401926
20.631540103862058,0.00025453419446310604,0.00022786488565815804,0.01595090187463554
20.63754119705362,0.0006178476623667911,0.00022786488565815804,0.01595197347914253
20.643542262086566,6.261336692183275e-05,0.00022786488565815804,0.01595372616479252
20.64954329875982,-0.00015199461463900887,0.00022786488565815804,0.015956504660755714
20.655544306872308,0.0003375557720399873,0.00022786488565815804,0.015960132031734985
20.661545286222957,0.0009031285480016298,0.00022786488565815804,0.015958658487301023
20.66754623661069,0.0001378259038922816,0.00022786488565815804,0.015960790289127266
20.673547157834427,-0.0008586564911474727,0.00022786488565815804,0.01596615456878126
20.6795480496931,-0.0013032349486517061,0.00022786488565815804,0.015969066435379
20.68554891198563,-0.000350133018311969,0.00022786488565815804,0.01596980814407559
20.69154974451094,-0.00024100713299098075,0.00022786488565815804,0.01597219775321563
20.697550547067955,-0.000290358280901154,0.00022786488565815804,0.01597533970644316
20.703551319455602,0.00025290758785923365,0.00022786488565815804,0.015979172777580198
20.709552061472806,-0.00015687007629660438,0.00022786488565815804,0.015981641213381526
20.71555277291849,0.0004918276304925924,0.00022786488565815804,0.015982836489483645
20.721553453591575,0.00011353062683925122,0.00022786488565815804,0.01598508755176125
20.727554103291,-6.730833954608079e-05,0.00022786488565815804,0.015987793146380085
20.73355472181567,0.0006641979475336124,0.00022786488565815804,0.015988774460798147
20.739555308964523,7.783468456278031e-05,0.00022786488565815804,0.015989691478899323
20.745555864536477,0.0003683698550289022,0.00022786488565815804,0.015990673823936586
20.751556388330464,0.0004910194513480202,0.00022786488565815804,0.015991714764426467
20.7575568801454,0.00031057433790411537,0.00022786488565815804,0.015992807469400874
20.763557339780217,-0.00016736330062394264,0.00022786488565815804,0.015993945008409154
20.769557767033834,0.0003701379777604208,0.00022786488565815804,0.015995120351515315
20.77555816170518,0.0001647815215605232,0.00022786488565815804,0.01599632636930452
20.781558523593176,0.0013677995413281172,0.00022786488565815804,0.0159966932188657
20.787558852496748,0.0025014658749736678,0.00022786488565815804,0.015998244703225643
20.793559148214825,0.0019998531188194155,0.00022786488565815804,0.016000019802330238
20.79955941054633,0.000752216189919469,0.00022786488565815804,0.01600202508383647
20.805559639290177,0.0002934978874802943,0.00022786488565815804,0.016003225338992653
20.811559834245305,0.0005710375046631654,0.00022786488565815804,0.01600473986559864
20.817559995210633,2.6264085585349373e-05,0.00022786488565815804,0.016005795458407933
20.823560121985082,0.000532235235536558,0.00022786488565815804,0.016006351517837816
20.829560214367582,0.0003442319985125057,0.00022786488565815804,0.01600778688889796
20.835560272157057,0.00019881870554161116,0.00022786488565815804,0.016010162707569386
20.841560295152426,0.00015240298855771425,0.00022786488565815804,0.016012232154768952
20.847560283152625,-0.00010020748352532194,0.00022786488565815804,0.016014145949210502
20.85356023595657,-2.4081112962322238e-05,0.00022786488565815804,0.01601585793214784
20.859560153363187,0.00045135329478565925,0.00022786488565815804,0.016017321690700238
20.865560035171402,-0.00025595011556908687,0.00022786488565815804,0.016018490557849686
20.871559881180136,0.0002761554425757505,0.00022786488565815804,0.016020478541138
20.877559691188317,0.0002453982017785253,0.00022786488565815804,0.01602306867527951
20.88355946499487,-0.00014612968519958983,0.00022786488565815804,0.016025906570406666
20.889559202398722,0.0001054078485320381,0.00022786488565815804,0.016029029130236776
20.895558903198793,5.7968764898466e-05,0.00022786488565815804,0.01603240862963457
20.90155856719401,-0.0003466766201746553,0.00022786488565815804,0.01603678115268553
20.907558194183295,-7.945898887820602e-07,0.00022786488565815804,0.01604406173730011
20.913557783965572,0.0003640643156363442,0.00022786488565815804,0.016049333908050013
20.919557336339775,0.0005231233907972421,0.00022786488565815804,0.016048786588034863
20.925556851104815,0.0002448029794635438,0.00022786488565815804,0.01604910494408334
20.93155632805963,0.00012359159867800576,0.00022786488565815804,0.016050343610353627
20.937555767003136,0.0003021666386776971,0.00022786488565815804,0.01605218539347243
20.94355516773426,8.540391733952157e-05,0.00022786488565815804,0.016054660042294316
20.949554530051927,0.0004613921183780831,0.00022786488565815804,0.01605727204525502
20.951132811967263,-0.0002538589631050636,0.00022786488565815804,0.01605992312949571
20.957143826380452,0.0003589927705578734,0.00022786488565815804,0.016062787969143053
20.963154730234155,0.00027298838998028943,0.00022786488565815804,0.01606576946326007
20.969165523927977,-4.6221633065942486e-05,0.00022786488565815804,0.016068860947746653
20.97517620786152,0.00038938953295702614,0.00022786488565815804,0.016072055875199758
20.981186782434385,0.00048598691944799766,0.00022786488565815804,0.01607534781491147
20.987197248046186,0.0022664400015386353,0.00022786488565815804,0.01607833600878163
20.99320760509652,0.0021909359488022882,0.00022786488565815804,0.016081482928313982
20.999217853985,0.0012167831917783214,0.00022786488565815804,0.016085670511921914
21.005227995111223,0.00023555796985757702,0.00022786488565815804,0.016089664196618413
21.0112380288748,0.0005789745830626601,0.00022786488565815804,0.01609348616715025
21.01724795567533,-1.7746163997012926e-05,0.00022786488565815804,0.016097158510424734
21.023257775912423,-0.00021522850513603156,0.00022786488565815804,0.016100981474373527
21.02926748998568,0.0002738795860510214,0.00022786488565815804,0.01610495586633744
21.035277098294713,-0.00014996080621900928,0.00022786488565815804,0.016108871245421725
21.041286601239115,-0.0002675275983426498,0.00022786488565815804,0.01611271353512722
21.047295999218502,0.00011407648672774606,0.00022786488565815804,0.016116468654786283
21.053305292632476,-0.0005935132033408966,0.00022786488565815804,0.01612053989421476
21.059314481880637,-0.00021671588647716872,0.00022786488565815804,0.01612402330458853
21.065323567362597,-0.0004605611514415381,0.00022786488565815804,0.01612681145712801
21.071332549477958,-0.0006775489555210807,0.00022786488565815804,0.016126703707853934
21.07734142862632,-0.00013532227731714863,0.00022786488565815804,0.016123440115797843
21.083350205207292,0.0006598366775800134,0.00022786488565815804,0.01611283040223157
21.089358879620484,-0.0002696552881724275,0.00022786488565815804,0.016113748055634487
21.095367452265492,-0.00010722383158125182,0.00022786488565815804,0.016117139922124428
21.10137592354193,-0.00041218524012009983,0.00022786488565815804,0.016119090249275925
21.107384293849393,-8.627131691366086e-05,0.00022786488565815804,0.016120107261463946
21.113392563587492,1.4445659441066072e-05,0.00022786488565815804,0.016120345244282415
21.119400733155835,-0.00026939622913037947,0.00022786488565815804,0.016120509353984732
21.125408802954016,-0.0003122752192262282,0.00022786488565815804,0.016120604836103617
21.131416773381652,-0.00015537902910809503,0.00022786488565815804,0.016120637088236894
21.137424644838344,1.890513768552926e-07,0.00022786488565815804,0.01612061166004702
21.143432417723687,0.0007659096079616484,0.00022786488565815804,0.0161205342532568
21.149440092437302,0.0012428486119676688,0.00022786488565815804,0.016120410721651407
21.155447669378784,0.0017622249958381062,0.00022786488565815804,0.016120247071073124
21.16145514894774,0.0002442596149622514,0.00022786488565815804,0.0161200494594211
21.167462531543777,0.0007540636433762786,0.00022786488565815804,0.016119234318426653
21.1734698175665,0.0007128465441750761,0.00022786488565815804,0.016118560380840512
21.179477007415507,0.001255690661409934,0.00022786488565815804,0.01611802184682275
21.18548410149041,0.0002207801116135069,0.00022786488565815804,0.0161176133319529
21.19149110019081,-6.041192606782292e-05,0.00022786488565815804,0.01611732986722215
21.197498003916316,0.0001143681422574698,0.00022786488565815804,0.016117166899030644
21.20350481306653,-2.9917531669740316e-05,0.00022786488565815804,0.016116230163405472
21.20951152804106,-6.964881915733079e-06,0.00022786488565815804,0.016114583381312997
21.215518149239504,-9.313341886968418e-05,0.00022786488565815804,0.016113708625636516
21.221524677061474,0.00021517435389322576,0.00022786488565815804,0.016113560906352953
21.227531111906572,-3.5772097599178626e-05,0.00022786488565815804,0.016114096251766886
21.233537454174403,0.0004936777445055766,0.00022786488565815804,0.016115267441384043
21.239543704264577,0.00034945498281903353,0.00022786488565815804,0.01611419202205195
21.245549862576688,0.0006286461868139567,0.00022786488565815804,0.016113371146837446
21.251555929510353,0.0016740810024419711,0.00022786488565815804,0.016111183186142727
21.257561905465167,0.0017626064079157566,0.00022786488565815804,0.01610888815382236
21.26356779084074,4.99760835323583e-05,0.00022786488565815804,0.016106457519215654
21.269573586036675,-0.00017843121695014855,0.00022786488565815804,0.01610275340944528
21.275579291452576,-0.0001670390687741434,0.00022786488565815804,0.01609943895065129
21.281584907488053,2.1902901426909538e-05,0.00022786488565815804,0.016096532602545933
21.287590434542707,-6.861448663766229e-05,0.00022786488565815804,0.0160940535778095
21.293595873016145,0.0002793035116308504,0.00022786488565815804,0.016090842410777954
21.299601223307967,-0.00025366243033879063,0.00022786488565815804,0.016086834361204186
21.305606485817783,-0.0005941115573192407,0.00022786488565815804,0.016081964194667845
21.311611660945196,-0.0005069567529905651,0.00022786488565815804,0.016077488513136347
21.31761674908981,-0.00011115122130219215,0.00022786488565815804,0.016073436906703244
21.323621750651235,0.00035174464782267156,0.00022786488565815804,0.016069839869504485
21.32962666602907,0.0016414211617109438,0.00022786488565815804,0.01606672879970831
21.335631495622923,0.0021234760600008437,0.00022786488565815804,0.0160667497476216
21.341636239832397,0.0008805410959123877,0.00022786488565815804,0.01606315883681246
21.347640899057097,-3.872012743379866e-05,0.00022786488565815804,0.016058415712070825
21.35364547369663,0.0003201583430423559,0.00022786488565815804,0.016052554923055923
21.3596499641506,0.0005060914481278198,0.00022786488565815804,0.01604508411472502
21.36565437081861,0.002265320344964253,0.00022786488565815804,0.016037632081356643
21.37165869410027,0.004501605383045327,0.00022786488565815804,0.016030293113551943
21.37766293439518,0.0022102202348424013,0.00022786488565815804,0.01602306631986372
21.383667092102943,0.0002677905147267165,0.00022786488565815804,0.01601595104627635
21.38967116762317,-0.0001444592464128376,0.00022786488565815804,0.016008946876204078
21.395675161355463,-0.000146830361718666,0.00022786488565815804,0.01600205363048751
21.401679073699427,-0.000231769838456488,0.00022786488565815804,0.015995271367390075
21.407682905054667,0.00013228017129955985,0.00022786488565815804,0.01598926265174291
21.41368665582079,0.00034709369106929525,0.00022786488565815804,0.01598397783879866
21.419690326397397,0.0006306696130761076,0.00022786488565815804,0.015979368276182307
21.425693917184095,0.000362146576746325,0.00022786488565815804,0.01597375890511701
21.431697428580488,0.0001225806458452286,0.00022786488565815804,0.015967179865053305
21.43770086098618,-9.305859460312718e-05,0.00022786488565815804,0.01596033098001577
21.443704214800785,0.00016485551178344396,0.00022786488565815804,0.01595328929280395
21.449707490423894,0.0004536870805661869,0.00022786488565815804,0.015944398909895425
21.45571068825512,7.390975525233337e-05,0.00022786488565815804,0.01593372257050911
21.461713808694064,0.0005503090479400848,0.00022786488565815804,0.015921123614749493
21.467716852140338,0.00019306775563745007,0.00022786488565815804,0.015912681735975775
21.47371981899354,6.43712573217721e-05,0.00022786488565815804,0.01590154396224304
21.479722709653277,-0.0003542862185904293,0.00022786488565815804,0.01588778257164654
21.48572552451915,-0.00021394434919647792,0.00022786488565815804,0.015876405391622665
21.491728263990776,0.00033443882008344153,0.00022786488565815804,0.015867599553213187
21.497730928467746,-0.0005082701469081193,0.00022786488565815804,0.015858033345941866
21.503733518349673,-0.0004613666847372907,0.00022786488565815804,0.015847684127827208
21.50973603403616,0.0001372363199756768,0.00022786488565815804,0.015836491997090474
21.515738475926813,0.0009548890039562663,0.00022786488565815804,0.015826545078943564
21.52174084442123,0.00032962940111784175,0.00022786488565815804,0.015817937767064288
21.527743139919025,0.0006555820995516673,0.00022786488565815804,0.01580835487767755
21.533745362819797,0.0007529730630213734,0.00022786488565815804,0.01579827931108585
21.53974751352316,0.000798301877501937,0.00022786488565815804,0.01578997599153101
21.54574959242871,0.0007191722249215368,0.00022786488565815804,0.015781917228000444
21.55175159993605,0.0007024596049720194,0.00022786488565815804,0.015773977733775202
21.557753536444793,0.0006720571632191225,0.00022786488565815804,0.015766158914610667
21.563755402354538,-0.00018388028895345576,0.00022786488565815804,0.015759921413766347
21.56975719806489,8.574457951161796e-05,0.00022786488565815804,0.015753576441185715
21.57575892397546,0.000724583048350054,0.00022786488565815804,0.015747136726426532
21.58176058048585,0.0005606029910267714,0.00022786488565815804,0.015740615027861903
21.58776216799566,0.0004052659898240753,0.00022786488565815804,0.0157342379754221
21.5937636869045,0.000180973984327943,0.00022786488565815804,0.015728871864935667
21.599765137611968,-0.0002871635994216946,0.00022786488565815804,0.015726217235009332
21.605766520517683,-8.993096044717167e-05,0.00022786488565815804,0.015721844537501577
21.61176783602124,1.4427463728431539e-05,0.00022786488565815804,0.01572184688140068
21.61776908452224,0.0005662357706901766,0.00022786488565815804,0.01571918686230918
21.623770266420298,0.00023416736816840242,0.00022786488565815804,0.015717135489788515
21.629771382115013,-0.0003738688460091476,0.00022786488565815804,0.015716868789140463
21.63577243200599,-0.00044048027313955095,0.00022786488565815804,0.015711652386692754
21.64177341649284,-0.00023999492579138137,0.00022786488565815804,0.01570470040320582
21.647774335975154,-0.00029403677419811633,0.00022786488565815804,0.0156974368943769
21.653775190852553,0.00034322807921036147,0.00022786488565815804,0.015689698132479554
21.659775981524632,0.0008481258169189022,0.00022786488565815804,0.01568175683558165
21.665776708390997,0.0021312836997907578,0.00022786488565815804,0.01567864956836685
21.67177737185126,0.0029476027171007196,0.00022786488565815804,0.01567386897089791
21.677777972305016,0.001146973743935565,0.00022786488565815804,0.015667501533678456
21.683778510151875,0.00024897426595120453,0.00022786488565815804,0.015659905802027606
21.689778985791442,7.941805567773103e-05,0.00022786488565815804,0.015651628509823472
21.695779399623323,-8.6737719063203e-05,0.00022786488565815804,0.01564298534920203
21.701779752047116,-2.4691211354677112e-05,0.00022786488565815804,0.015633974651134187
21.70778004346244,0.0003013185754571785,0.00022786488565815804,0.015623772093818699
21.71378027426888,1.370724991144913e-05,0.00022786488565815804,0.0156094428928107
21.71978044486606,0.0001089441614413808,0.00022786488565815804,0.015595650012115384
21.725780555653575,-0.00012617582901938013,0.00022786488565815804,0.015586038667511676
21.731780607031034,0.000446275265112088,0.00022786488565815804,0.015576339549159351
21.737780599398032,-0.0006403191741136266,0.00022786488565815804,0.015566564417319812
21.74378053315419,0.00048085183735625467,0.00022786488565815804,0.015556724886148773
21.7497804086991,0.0004362771980709716,0.00022786488565815804,0.015546832423697771
21.755780226432375,0.00018845108763468343,0.00022786488565815804,0.01553733845126708
21.761779986753613,0.0005186962844923489,0.00022786488565815804,0.015527370706780834
21.767779690062422,0.000497119671519556,0.00022786488565815804,0.015517291226084869
21.773779336758412,0.0006246178123045301,0.00022786488565815804,0.015507117787672432
21.779778927241182,0.00065506211793704,0.00022786488565815804,0.015496867920739066
21.785778461910333,0.0002676420027510444,0.00022786488565815804,0.015491558417576115
21.79177794116548,0.00040521362157371413,0.00022786488565815804,0.015481344382777613
21.797777365406223,0.0005561149139634118,0.00022786488565815804,0.015472164965382333
21.803776735032162,-0.00012940686202182056,0.00022786488565815804,0.015464146060385936
21.809776050442913,0.0003020965696501638,0.00022786488565815804,0.015453252792023546
21.81577531203807,0.00011430982829390215,0.00022786488565815804,0.015442479623147182
21.821774520217247,-0.00032422289229425486,0.00022786488565815804,0.015431867441385737
21.82777367538004,0.0010626351767392649,0.00022786488565815804,0.015421457142280479
21.83377277792606,0.0028035174251689176,0.00022786488565815804,0.015410989973213643
21.83977182825491,0.003781590418164055,0.00022786488565815804,0.015401155987756465
21.8457708267662,0.0068243816024151985,0.00022786488565815804,0.015391923253256886
21.851769773859527,0.0038056699843539137,0.00022786488565815804,0.01538326029275089
21.857768669934497,0.0008036099234498793,0.00022786488565815804,0.015380266726435044
21.86376751539072,6.308614105509334e-05,0.00022786488565815804,0.015373648460392624
21.869766310627792,0.00036885162510674405,0.00022786488565815804,0.015363598278952739
21.87576505604533,0.0003451173227332644,0.00022786488565815804,0.015353331657088019
21.881763752042936,5.6714890802842324e-05,0.00022786488565815804,0.015342804542082714
21.887762399020204,0.0008464911622580486,0.00022786488565815804,0.01533089733420609
21.893760997376752,0.0008062542685880799,0.00022786488565815804,0.01531968329421479
21.89975954751218,0.000667648974366164,0.00022786488565815804,0.015306055853665613
21.905758049826087,0.0005237710113057681,0.00022786488565815804,0.015291902216766653
21.911756504718085,0.00034911766684727133,0.00022786488565815804,0.015279241321877197
21.91775491258778,0.0005317718324627258,0.00022786488565815804,0.015267854873193936
21.923753273834777,0.000480718780331112,0.00022786488565815804,0.015257845059146515
21.929751588858675,0.00011926405917440236,0.00022786488565815804,0.015247768115052488
21.93574985805908,0.0003795792397032656,0.00022786488565815804,0.015237643944024788
21.9417480818356,0.00034038099731834894,0.00022786488565815804,0.015227492216388906
21.94774626058784,0.000541075854225144,0.00022786488565815804,0.015217332369683988
21.953744394715404,0.0018929056791657291,0.00022786488565815804,0.015207183608664384
21.959742484617895,0.0007137093066960642,0.00022786488565815804,0.015197064905302968
21.965740530694923,-0.00021327681973556945,0.00022786488565815804,0.015186994998790159
21.971738533346088,-0.00016427536189963891,0.00022786488565815804,0.015176992395537015
21.977736492970998,8.425342133053758e-05,0.00022786488565815804,0.015166866472224342
21.983734409969255,-2.8676934903180962e-05,0.00022786488565815804,0.015156620134678597
21.989732284740462,-0.0001963175969593358,0.00022786488565815804,0.01514625583512921
21.995730117684236,-0.00028799946646481354,0.00022786488565815804,0.01513577557221135
22.001727909200163,-0.0005448575893542678,0.00022786488565815804,0.015125180890970159
22.007725659687864,-0.00040669125592531635,0.00022786488565815804,0.01511447288286125
22.01372336954694,-0.0008271477119134209,0.00022786488565815804,0.015104610759343311
22.019721039176993,-0.0006221866952037663,0.00022786488565815804,0.015095664155794483
22.02571866897763,-0.0007053086131950694,0.00022786488565815804,0.015086175203152155
22.03171625934845,-0.0009028701801206754,0.00022786488565815804,0.015076103943953867
22.037713810689063,-0.00048453387996355395,0.00022786488565815804,0.015065409365117138
22.043711323399076,-0.0003376169717202726,0.00022786488565815804,0.015058978757445022
22.049708797878093,2.5369828518096924e-05,0.00022786488565815804,0.015051868500833978
22.055706234525715,-0.00028048928395003545,0.00022786488565815804,0.01504152574415796
22.06170363374155,-0.00027628649130969317,0.00022786488565815804,0.015033406620837209
22.067700995925208,-0.0007436706686611214,0.00022786488565815804,0.015026294363312256
22.073698321476282,0.0007028793226953895,0.00022786488565815804,0.015023908710602796
22.079695610794385,0.002442939631675493,0.00022786488565815804,0.015020502624206128
22.085692864279117,0.0016185823847919834,0.00022786488565815804,0.015016131110878666
22.091690082330093,0.000221215883293973,0.00022786488565815804,0.015010847981687003
22.097687265346906,-3.67998438666646e-05,0.00022786488565815804,0.015004705852014952
22.10368441372917,-0.0001297354630744492,0.00022786488565815804,0.01499775614157136
22.10968152787648,0.0006573163865212783,0.00022786488565815804,0.014990049074395852
22.11567860818845,0.00020879712927667805,0.00022786488565815804,0.014981633678866145
22.12167565506468,0.0002678267103700029,0.00022786488565815804,0.014972557787705572
22.12767266890478,-0.00010253612376775849,0.00022786488565815804,0.014962868037988223
22.13366965010835,0.0007688624024082737,0.00022786488565815804,0.014953664926897562
22.139666599074996,0.0016919570405598567,0.00022786488565815804,0.014944912770802838
22.145663516204323,0.0009492350247950719,0.00022786488565815804,0.01493376115557217
22.15166040189594,9.350734185306804e-05,0.00022786488565815804,0.014926119048539549
22.15765725654944,-0.0002456434600195626,0.00022786488565815804,0.01491959456452183
22.163654080564445,-1.9116043617492876e-05,0.00022786488565815804,0.014914231441525462
22.169650874340547,0.00020896555677186145,0.00022786488565815804,0.014909609201413182
22.175647638277354,0.00023596930184699091,0.00022786488565815804,0.014905808356473283
22.18164437277448,-0.00014914377775551366,0.00022786488565815804,0.014902101647259478
22.18764107823151,-0.0006018812880109435,0.00022786488565815804,0.014900131050579156
22.193637755048066,-0.0001704393612084916,0.00022786488565815804,0.014899795720642529
22.19963440362375,-0.0002597831924036932,0.00022786488565815804,0.014899303515674091
22.205631024358162,-0.0003680986202918603,0.00022786488565815804,0.014898684281886423
22.211627617650908,-0.00019579900247170857,0.00022786488565815804,0.014897967172031186
22.217624183901595,-0.00010949604444638987,0.00022786488565815804,0.014896467449882551
22.22362072350983,0.0004681218854846146,0.00022786488565815804,0.014894161206842615
22.229617236875214,0.00033300247753506595,0.00022786488565815804,0.014891474289912537
22.235613724397354,0.0006944158279152696,0.00022786488565815804,0.014889760426313983
22.24161018647585,0.000698646674216442,0.00022786488565815804,0.014889060200036797
22.24760662351032,0.0002664219623164932,0.00022786488565815804,0.014889414757397542
22.253603035900348,0.0004752546746078206,0.00022786488565815804,0.014890865807037985
22.25959942404556,-0.0007884970449223497,0.00022786488565815804,0.014893756422240745
22.26559578834555,0.00020702316910119548,0.00022786488565815804,0.01489742344543348
22.271592129199924,0.0001045455518446075,0.00022786488565815804,0.01490183832530276
22.277588447008288,-1.655908931367904e-05,0.00022786488565815804,0.014906972693172548
22.283584742170245,-0.0003260662402317493,0.00022786488565815804,0.014912798363000582
22.2895810150854,0.00020434302842182138,0.00022786488565815804,0.014918020055267833
22.295577266153366,0.0005695547423065824,0.00022786488565815804,0.014923911850977224
22.301573495773734,0.00023369630942635632,0.00022786488565815804,0.01493044931824736
22.307569704346122,-3.306408799265935e-05,0.00022786488565815804,0.014937608137904434
22.313565892270127,-0.0003241986060472501,0.00022786488565815804,0.014945364103482487
22.319562059945355,4.600891483542979e-05,0.00022786488565815804,0.014953693121221228
22.32555820777141,-0.00034667929446445533,0.00022786488565815804,0.0149625712100675
22.331554336147907,0.0004898920334358847,0.00022786488565815804,0.014971974501674644
22.337550445474438,0.0003247464024305202,0.00022786488565815804,0.014981879240400599
22.343546536150612,0.0008702519876439274,0.00022786488565815804,0.01499226178330874
22.349542608576037,0.0018823942583676891,0.00022786488565815804,0.015003098600167538
22.35553866315031,0.0011465523038748544,0.00022786488565815804,0.015014366273449046
22.361534700273044,0.0005103129141167829,0.00022786488565815804,0.015026041498330447
22.367530720343847,0.0015634182693919762,0.00022786488565815804,0.015038101082691395
22.373526723762314,0.003537099016660354,0.00022786488565815804,0.01504895067839712
22.379522710928054,0.002507431195141102,0.00022786488565815804,0.01506009044424967
22.385518682240672,0.00029815030251155103,0.00022786488565815804,0.015071510185997236
22.391514638099775,0.000751081274001017,0.00022786488565815804,0.015083199886310426
22.397510578904964,0.0013688567190023749,0.00022786488565815804,0.015092008678673717
22.403506505055848,0.0020795030501690476,0.00022786488565815804,0.015101533065116373
22.40950241695203,0.0019075288589443951,0.00022786488565815804,0.015109661648062095
22.415498314993112,0.0006357088835352628,0.00022786488565815804,0.01511916018610098
22.421494199578706,0.0003809860455774444,0.00022786488565815804,0.0151234724853278
22.427490071108412,0.00012825038838915753,0.00022786488565815804,0.015129466393422627
22.433485929981835,7.341601312935847e-05,0.00022786488565815804,0.015133979290915754
22.439481776598576,-0.00024665151506873643,0.00022786488565815804,0.01513561118677666
22.44547761135825,-0.0006990031388623922,0.00022786488565815804,0.015142316703473878
22.451473434660457,0.00016686467103037457,0.00022786488565815804,0.015148356603266912
22.457469246904797,-0.00018318947255813178,0.00022786488565815804,0.01515260608560826
22.46346504849088,9.189985678386726e-05,0.00022786488565815804,0.015157816698999458
22.46946083981831,0.0003516787869240461,0.00022786488565815804,0.015163239439385101
22.475456621286696,-0.0007696933033114854,0.00022786488565815804,0.015163430553065568
22.481452393295637,-1.1049215968427992e-05,0.00022786488565815804,0.015164007209672065
22.48744815624474,0.0003960653291810289,0.00022786488565815804,0.01516507317296976
22.493443910533607,0.00040600833970580105,0.00022786488565815804,0.015166732962256336
22.499439656561847,6.741772328769727e-05,0.00022786488565815804,0.015169574960043392
22.505435394729066,0.0004445052983845163,0.00022786488565815804,0.015172587984468236
22.511431125434864,-3.41009080256343e-05,0.00022786488565815804,0.015175764474986453
22.517426849078852,0.0001644924192335962,0.00022786488565815804,0.015179097034096136
22.523422566060628,0.0003002269742432822,0.00022786488565815804,0.015184027759848982
22.5294182767798,0.0008146611865197662,0.00022786488565815804,0.015190439787867445
22.535413981635976,0.0036637911928572332,0.00022786488565815804,0.015195220317111582
22.541409681028757,0.003166154558251366,0.00022786488565815804,0.015198483202579521
22.54740537535775,0.00022434783322975056,0.00022786488565815804,0.015201693058410511
22.55340106502256,-0.0002254124670015515,0.00022786488565815804,0.01520485809187574
22.559396750422785,0.0003503579212955788,0.00022786488565815804,0.015207986449974419
22.565392431958042,-0.00024562416315711266,0.00022786488565815804,0.015210612277855773
22.57138811002793,0.00034628366072803583,0.00022786488565815804,0.015213624725179524
22.577383785032048,0.0003552549379316379,0.00022786488565815804,0.015216719242804594
22.583379457370015,8.061088876167889e-05,0.00022786488565815804,0.01521991076829679
22.58937512744142,7.199172211308329e-05,0.00022786488565815804,0.015223214282081945
22.59537079564588,-0.00037780110236847186,0.00022786488565815804,0.015221260848613933
22.60136646238299,0.0008567100523421481,0.00022786488565815804,0.01522388779286437
22.607362128052365,0.0007668716281162887,0.00022786488565815804,0.015225448561185498
22.613357793053606,0.0012752629982693015,0.00022786488565815804,0.01522565221405082
22.619353457786318,0.002088589301274226,0.00022786488565815804,0.015227644871067373
22.625349122650096,0.0013022423610014131,0.00022786488565815804,0.015230519789530514
22.63134478804456,0.000981677606053357,0.00022786488565815804,0.015234238841674897
22.637340454369312,0.0015536969132771417,0.00022786488565815804,0.015238764832245455
22.643336122023953,0.000536588241641444,0.00022786488565815804,0.015244061498500144
22.649331791408088,0.0006788308865237364,0.00022786488565815804,0.015247875249685018
22.655327462921324,0.000522039239336778,0.00022786488565815804,0.015250232653067998
22.661323136963258,0.0007153625411737332,0.00022786488565815804,0.015251158740745464
22.66731881393351,0.00023411423761400194,0.00022786488565815804,0.015245151838312473
22.67331449423167,0.00016083690091655764,0.00022786488565815804,0.015241952605849613
22.67931017825735,8.109468598242048e-05,0.00022786488565815804,0.015241753495823978
22.68530586641016,-0.00031460455228957303,0.00022786488565815804,0.015241491179163433
22.691301559089695,0.0006043773651366064,0.00022786488565815804,0.015241128764503098
22.697297256695563,-0.0001325880762963194,0.00022786488565815804,0.015241787224926494
22.703292959627372,9.613266922408638e-05,0.00022786488565815804,0.01524534382268873
22.709288668284724,0.00018177251423454922,0.00022786488565815804,0.015251708025791661
22.715284383067228,0.0006788929938896567,0.00022786488565815804,0.015254838119768415
22.721280104374483,-0.0002083872463771834,0.00022786488565815804,0.01525479118813196
22.727275832606097,0.00037012356280582623,0.00022786488565815804,0.015252766081620574
22.733271568161676,0.00042481550283108953,0.00022786488565815804,0.015251079691446763
22.73926731144082,-2.3009679248051085e-05,0.00022786488565815804,0.015249893954678786
22.74526306284314,0.00012042405156678475,0.00022786488565815804,0.015249189279309575
22.751258822768243,8.161866422128766e-05,0.00022786488565815804,0.015248946637694001
22.75725459161572,-8.571030165294147e-05,0.00022786488565815804,0.015249147566549976
22.763250369785194,-0.00013429591581927934,0.00022786488565815804,0.015249374142295971
22.769246157676257,-0.00023602108347339258,0.00022786488565815804,0.015249639332843557
22.775241955688518,-0.00053271190763487,0.00022786488565815804,0.01524995621491288
22.781237764221583,-3.689146424817186e-05,0.00022786488565815804,0.015250337974036332
22.787233583675054,2.83915844166531e-06,0.00022786488565815804,0.015250797904556674
22.79322941444854,-0.0005804868651138068,0.00022786488565815804,0.015251349409626405
22.799225256941646,0.00014316347460200697,0.00022786488565815804,0.015252006001209876
22.80522111155397,-6.90604619654582e-05,0.00022786488565815804,0.015252781300083177
22.811216978685124,-0.00062412524097725,0.00022786488565815804,0.015253689035831706
22.81721285873471,-0.0006391801865255099,0.00022786488565815804,0.015254743046854195
22.823208752102335,0.00036907762499667485,0.00022786488565815804,0.015255957280359226
22.8292046591876,0.000787085706678679,0.00022786488565815804,0.015257345792369146
22.835200580390115,0.0004686231721696913,0.00022786488565815804,0.015258922747716981
22.84119651610948,-0.0006188610252049111,0.00022786488565815804,0.015260702420047212
22.847192466745305,-0.0007107289510759791,0.00022786488565815804,0.01526269919181886
22.853188432697188,0.0005966251288819901,0.00022786488565815804,0.015259000257232624
22.85918441436474,0.0001437093376637777,0.00022786488565815804,0.015257500343620074
22.865180412147566,-0.0004064919770298426,0.00022786488565815804,0.015265829804755254
22.87117642644527,0.000337112883373682,0.00022786488565815804,0.015271127247773257
22.87717245765745,-0.00044855226623180706,0.00022786488565815804,0.015273218121604128
22.88316850618372,5.646221976858892e-05,0.00022786488565815804,0.015268506559863422
22.88916457242368,-0.0001474452466188863,0.00022786488565815804,0.015262575891680183
22.89516065677694,0.0002864309535832339,0.00022786488565815804,0.01525747996058487
22.9011567596431,7.47552105933632e-05,0.00022786488565815804,0.015253269968544326
22.907152881421762,0.0017015430989459068,0.00022786488565815804,0.015249998068083335
22.91314902251254,0.003717550136363483,0.00022786488565815804,0.015247717362289276
22.919145183315035,0.0026717579249346205,0.00022786488565815804,0.015246481904812577
22.92514136422885,0.00027567382828648165,0.00022786488565815804,0.015249670102620872
22.93113756565359,-0.0006504885690755934,0.00022786488565815804,0.015253911619384563
22.937133787988863,0.0007407951006312141,0.00022786488565815804,0.015259173254706711
22.94313003163427,0.0007546632577807161,0.00022786488565815804,0.015264375613982428
22.949126296989416,0.000515914778360136,0.00022786488565815804,0.01526949418350363
22.955122584453914,0.0004399039575359309,0.00022786488565815804,0.015274504273675292
22.961118894427354,0.0008038609979009702,0.00022786488565815804,0.015279381019014604
22.967115227309357,0.0006687712917285895,0.00022786488565815804,0.0152842832070173
22.97311158349952,0.00025990124066923616,0.00022786488565815804,0.015289198941236893
22.979107963397443,0.0001497816931940628,0.00022786488565815804,0.015294617089952051
22.98510436740274,2.827667164190424e-05,0.00022786488565815804,0.015300562079573862
22.991100795915013,0.001256804471460671,0.00022786488565815804,0.015307058884828586
22.997097249333866,0.0024627922961684007,0.00022786488565815804,0.015312388971982088
23.003093728058904,0.0021004692886508643,0.0005592334246469068,0.01531645203201883
23.009090232489733,-0.00019717644388006147,0.0005592334246469068,0.015320969140198955
23.015086763025952,-0.00018364740312154341,0.0005592334246469068,0.015325969472049004
23.021083320067177,-0.00034381033200912327,0.0005592334246469068,0.015331482834603852
23.027079904013004,-7.808086224065855e-05,0.0005592334246469068,0.015337539666408072
23.03307651526304,-4.573621798016625e-06,0.0005592334246469068,0.015344171037518478
23.039073154216894,0.00010536679307110094,0.0005592334246469068,0.015350970289578386
23.045069821274165,-0.0006096898061149231,0.0005592334246469068,0.01535793094449552
23.051066516834457,0.00045359158690180985,0.0005592334246469068,0.015362785581857897
23.057063241297385,0.000926215045424816,0.0005592334246469068,0.01536542375276236
23.06305999506254,0.0005254192560462077,0.0005592334246469068,0.015367847333021104
23.069056778529543,0.0006820921522287943,0.0005592334246469068,0.015369775556082238
23.07505359209799,0.00032471080824267307,0.0005592334246469068,0.015373045748288027
23.08105043616748,0.00038221216397570437,0.0005592334246469068,0.015380303675510062
23.087047311137628,-7.904949007746763e-05,0.0005592334246469068,0.015386352498935253
23.09304421740803,-0.00022385561362830465,0.0005592334246469068,0.015391237178103265
23.0990411553783,0.00030509473020334105,0.0005592334246469068,0.015396366084484504
23.105038125448036,0.0003678545826730096,0.0005592334246469068,0.015400581817937633
23.111035128016848,-0.0008029263289133746,0.0005592334246469068,0.015403931630655829
23.11703216348434,0.0005269572474845153,0.0005592334246469068,0.015407937457853826
23.123029232250115,0.0006055509112974158,0.0005592334246469068,0.015412532266391686
23.129026334713778,0.00022051513037640684,0.0005592334246469068,0.015417649459757233
23.135023471274934,0.00023890009859533178,0.0005592334246469068,0.015423222878062933
23.14102064233319,3.202761138363687e-05,0.0005592334246469068,0.015429186798050111
23.147017848288144,-0.00014370540734769642,0.0005592334246469068,0.015435475933092344
23.15301508953941,-9.958633820297998e-05,0.0005592334246469068,0.015442025433196591
23.15901236648659,-0.000491231443375064,0.0005592334246469068,0.015448770885006194
23.165009679529284,-0.00032062881102070187,0.0005592334246469068,0.015457784082482502
23.17100702906711,-0.00019078214902122463,0.0005592334246469068,0.015462678342177532
23.177004415499653,2.809650805761163e-05,0.0005592334246469068,0.015466631307342741
23.18300183922653,0.00011189217459863128,0.0005592334246469068,0.015469660891032161
23.188999300647353,0.0008914992095953034,0.0005592334246469068,0.015471853663947786
23.19499680016171,0.0019875945518293796,0.0005592334246469068,0.015473230959288365
23.20099433816922,0.0003868763390445923,0.0005592334246469068,0.015473813376923235
23.20699191506948,0.0001626489559752274,0.0005592334246469068,0.015476755349449544
23.2129895312621,-0.00010577276499926756,0.0005592334246469068,0.015477630607192754
23.218987187146677,-0.0002409945063980689,0.0005592334246469068,0.015476349414971316
23.224984883122826,0.0005472535438216831,0.0005592334246469068,0.015474917145842437
23.230982619590147,0.0002756200225627597,0.0005592334246469068,0.015473548065052243
23.236980396948244,7.966471746504583e-06,0.0005592334246469068,0.015472236371207183
23.24297821559672,0.001445194552695846,0.0005592334246469068,0.01547097641606803
23.24897607593519,-0.00043050423697748794,0.0005592334246469068,0.0154697627045493
23.254973978363246,-0.00036449955990625754,0.0005592334246469068,0.015467478045582527
23.2609719232805,-0.0003048484260017338,0.0005592334246469068,0.015467182523904657
23.26696991108656,-0.0009357990812765352,0.0005592334246469068,0.015469017323853957
23.272967942181022,-0.0007553209779069762,0.0005592334246469068,0.015470340302808897
23.278966016963494,-0.0005499382492138265,0.0005592334246469068,0.015471571416613143
23.284964135833583,-3.052704967738441e-05,0.0005592334246469068,0.015473434555135489
23.290962299190898,-0.00021418785008331734,0.0005592334246469068,0.015478262390463928
23.296960507435035,-3.764969066397984e-05,0.0005592334246469068,0.015481948200892267
23.302958760965605,0.00026707254586311006,0.0005592334246469068,0.015484623160603202
23.308957060182212,1.4037768574524934e-05,0.0005592334246469068,0.015486669406657744
23.314955405484458,7.611411600176934e-05,0.0005592334246469068,0.015488119766483125
23.32095379727195,0.0003124825928649093,0.0005592334246469068,0.015489358170148536
23.326952235944297,-0.0005521623031337058,0.0005592334246469068,0.015490389303899278
23.332950721901092,-0.0005682944728132473,0.0005592334246469068,0.01549004564677925
23.338949255541955,-0.00010529896078747408,0.0005592334246469068,0.015488188631519248
23.34494783726648,0.0005191444514144432,0.0005592334246469068,0.01548790640521967
23.350946467474273,0.0008154943011027416,0.0005592334246469068,0.015489291237457676
23.35694514656495,-3.8022006507551845e-05,0.0005592334246469068,0.015490980908497473
23.362943874938104,1.8232369937906667e-05,0.0005592334246469068,0.015501113230730881
23.36894265299334,0.0008463862280550048,0.0005592334246469068,0.015506400722858046
23.374941481130264,0.00023916342078166009,0.0005592334246469068,0.015509002206678904
23.38094035974849,0.00045449289323725404,0.0005592334246469068,0.015513254660884894
23.38693928924761,0.0002888769398738094,0.0005592334246469068,0.01551904183003497
23.39293827002724,5.52563496995645e-05,0.0005592334246469068,0.015521769380058021
23.398937302486978,-6.158968138372106e-05,0.0005592334246469068,0.015524439468433194
23.40493638702643,0.00043192809317047463,0.0005592334246469068,0.015527065757682422
23.410935524045204,8.485955075452495e-05,0.0005592334246469068,0.01552966193019463
23.4169347139429,0.0003345164188629183,0.0005592334246469068,0.0155322416882259
23.42293395711913,0.00040696916845123395,0.0005592334246469068,0.01553481875390079
23.428933253973494,-0.00022628371575490226,0.0005592334246469068,0.015539257033109417
23.434932604905594,-0.0007698111501605858,0.0005592334246469068,0.015542648163931503
23.44093201031504,0.0003748999593992334,0.0005592334246469068,0.01554496134235441
23.446931470601434,-0.0007997297770528915,0.0005592334246469068,0.015546164786906317
23.452930986164386,-0.0006017833175042727,0.0005592334246469068,0.015546225738648617
23.458930557403495,0.0006605136035631697,0.0005592334246469068,0.015546721306716207
23.464930184718366,0.0005837593808818708,0.0005592334246469068,0.015547733512907981
23.47092986850861,6.635905169362528e-05,0.0005592334246469068,0.015549345106255424
23.476929609173823,-0.00039189304482844384,0.0005592334246469068,0.01555197988547136
23.482929407113616,-0.0007687327144172227,0.0005592334246469068,0.015554570042072304
23.488929262727595,0.001237843358079107,0.0005592334246469068,0.015557093500003411
23.49492917641536,0.0016883785036647045,0.0005592334246469068,0.015559528105940468
23.50092914857652,0.0012588130784026291,0.0005592334246469068,0.015561851629286763
23.506929179610683,0.0025612864382393314,0.0005592334246469068,0.015564041762173205
23.512929269917443,0.0034360909686919957,0.0005592334246469068,0.015564105044055946
23.518929419896416,0.0010561281222276325,0.0005592334246469068,0.015561876170286178
23.524929629947202,0.0014545513807141894,0.0005592334246469068,0.01556134766422942
23.5309299004694,0.0006549087932605085,0.0005592334246469068,0.015562651366335858
23.53693023186263,0.0005921087556149465,0.0005592334246469068,0.01556592135635947
23.54293062452648,2.2272878345375863e-05,0.0005592334246469068,0.0155689425337181
23.54893107886057,0.00028296029685515554,0.0005592334246469068,0.01557168305058816
23.55493159526449,0.0003017085735721164,0.0005592334246469068,0.015574110809900244
23.56093217413786,-0.0008462517183207945,0.0005592334246469068,0.015576137480593043
23.56693281588027,-0.0011046808300642225,0.0005592334246469068,0.015577734707524108
23.572933520891343,-0.0007875578121297102,0.0005592334246469068,0.015579304607849193
23.578934289570668,2.9258702199741818e-05,0.0005592334246469068,0.015580849419417913
23.584935122317855,0.00028869834683337495,0.0005592334246469068,0.015582371523027997
23.590936019532514,0.0002703005296146536,0.0005592334246469068,0.015583873442428934
23.59693698161424,0.00017591830612175528,0.0005592334246469068,0.015585357844321525
23.602938008962646,-5.882970236006056e-05,0.0005592334246469068,0.015586827538360975
23.60893910197733,0.00023037564423759004,0.0005592334246469068,0.015589561204219777
23.614940261057907,0.0005056542736298162,0.0005592334246469068,0.01559346531119503
23.620941486603968,0.0003607338533773343,0.0005592334246469068,0.01559844792345416
23.626942779015135,0.00016094124874481766,0.0005592334246469068,0.015599817810560378
23.632944138691,0.002193494246710455,0.0005592334246469068,0.01560060309624774
23.638945566031172,0.004366034751617247,0.0005592334246469068,0.015602340758516567
23.644947061435257,0.003280465741678824,0.0005592334246469068,0.015604963818293382
23.650948625302856,0.0013613083615765659,0.0005592334246469068,0.015608406502205904
23.65695025803358,-0.00033981612343678656,0.0005592334246469068,0.015615585449785125
23.662951960027026,-0.0003046284185754186,0.0005592334246469068,0.01562103463247725
23.668953731682805,7.219318098935362e-06,0.0005592334246469068,0.01562491083735907
23.674955573400524,8.755816924256934e-05,0.0005592334246469068,0.015619478909907506
23.680957485579782,-7.669969729604334e-05,0.0005592334246469068,0.01561695210267108
23.686959468620184,-0.0006026370436039083,0.0005592334246469068,0.015616298614108265
23.69296152292134,-0.0008475809204271847,0.0005592334246469068,0.015617286245145155
23.69896364888285,0.000361920619337772,0.0005592334246469068,0.015620063818691287
23.70496584690432,1.695925413777548e-05,0.0005592334246469068,0.0156227786474441
23.710968117385356,-0.00048399066704206926,0.0005592334246469068,0.015624889781345791
23.716970460725562,-0.0005060925984052504,0.0005592334246469068,0.015626446573099494
23.72297287732455,-6.632373076872339e-05,0.0005592334246469068,0.015628735601021987
23.728975367581914,-0.00018179824852222574,0.0005592334246469068,0.01563099203119805
23.734977931897266,-0.00032124670750924983,0.0005592334246469068,0.01562964642831076
23.740980570670207,-0.0002565550833344664,0.0005592334246469068,0.01562786754417064
23.74698328430034,-0.0002300921528677856,0.0005592334246469068,0.01562573835013272
23.75298607318728,0.00014663407142429148,0.0005592334246469068,0.015623259070797266
23.75898893773062,-0.0005509182248363935,0.0005592334246469068,0.015620732450316047
23.764991878329973,-0.0013293837060002634,0.0005592334246469068,0.01562056058695463
23.770994895384934,-0.0009244458340789859,0.0005592334246469068,0.01561964095760716
23.776997989295126,-0.00024388527773135972,0.0005592334246469068,0.015617989453858859
23.783001160460138,-0.00045174180934354907,0.0005592334246469068,0.015615621642196839
23.789004409279578,-0.0009872204006673296,0.0005592334246469068,0.015612552764006504
23.795007736153057,4.648577284872141e-05,0.0005592334246469068,0.015608797735566303
23.80101114148017,-1.9412968164147712e-05,0.0005592334246469068,0.015604371148045729
23.80701462566053,-0.00017482958347722448,0.0005592334246469068,0.01559928726749757
23.81301818909374,0.0020187582920602742,0.0005592334246469068,0.015595300547639215
23.819021832179406,0.003602813481047889,0.0005592334246469068,0.015592292778075018
23.82502555531713,6.716626623331709e-05,0.0005592334246469068,0.01558627801374526
23.83102935890652,-0.0008197065386832923,0.0005592334246469068,0.015581493030037209
23.837033243347175,0.00013584654718601027,0.0005592334246469068,0.015577805848874238
23.84303720903871,-0.00031481927384587743,0.0005592334246469068,0.015579145044143573
23.84904125638072,-6.362946918881708e-05,0.0005592334246469068,0.01557380515425445
23.855045385772808,0.0020288580493545583,0.0005592334246469068,0.01556614088135627
23.861049597614596,0.0026824742595482464,0.0005592334246469068,0.01555869946202249
23.867053892305673,0.0003094934820949361,0.0005592334246469068,0.015556002490285459
23.873058270245647,-0.0006495020595899282,0.0005592334246469068,0.015553256935815645
23.87906273183413,-0.00017637395920897317,0.0005592334246469068,0.015550552802982764
23.885067277470718,5.3427178453642477e-05,0.0005592334246469068,0.015546022208444813
23.89107190755502,0.0025271273278321942,0.0005592334246469068,0.01553663557756329
23.897076622486637,0.003678580293872845,0.0005592334246469068,0.015527366897851632
23.90308142266518,0.0011746746606121489,0.0005592334246469068,0.015518321970905132
23.909086308490256,0.00012756036262218627,0.0005592334246469068,0.015510087563816775
23.91509128036146,-2.7459299540453716e-05,0.0005592334246469068,0.015502734164978053
23.9210963386784,0.0004672067284675358,0.0005592334246469068,0.015496333346392078
23.927101483840687,0.001751931900847284,0.0005592334246469068,0.01548936834290797
23.933106716247924,0.0024177661617203524,0.0005592334246469068,0.015481797702467182
23.939112036299708,0.002970500854269,0.0005592334246469068,0.015473579374016437
23.945117444395656,0.0033988042734985034,0.0005592334246469068,0.015464670707500787
23.95112294093536,-0.00021858043099498396,0.0005592334246469068,0.015455028453852908
23.95712852631844,-0.0007019653246235231,0.0005592334246469068,0.015444608764987152
23.963134200944484,0.0005180544582030575,0.0005592334246469068,0.015433367193786634
23.96913996521311,-0.00019079558716986536,0.0005592334246469068,0.015421258694098133
23.975145819523917,-0.0005057441312134054,0.0005592334246469068,0.015405937616137386
23.981151764276515,-4.548253590158473e-05,0.0005592334246469068,0.015393826178661637
23.9871577998705,-0.0002253734628008073,0.0005592334246469068,0.015382030333869496
23.99316392670548,0.0001707497491844831,0.0005592334246469068,0.015372060135252979
23.99917014518107,-0.0005504646593546755,0.0005592334246469068,0.015368310650498727
24.005176455696862,0.0003943053357661659,0.0005592334246469068,0.015367295498864671
24.011182858652468,0.00014050956626094659,0.0005592334246469068,0.015363622439926373
24.017189354447492,0.000442794934402857,0.0005592334246469068,0.015357525193287848
24.023195943481536,-0.0010331733343647894,0.0005592334246469068,0.015349235428413783
24.029202626154206,-0.0007202787939965937,0.0005592334246469068,0.015340654950656724
24.035209402865107,-0.00014241368837698484,0.0005592334246469068,0.015331300300430667
24.04121627401385,-0.0001917030598900353,0.0005592334246469068,0.015321229898925138
24.04722324000003,2.0792810613947874e-05,0.0005592334246469068,0.015310501400918395
24.053230301223252,0.00021758779525722638,0.0005592334246469068,0.015299171694770299
24.059237458083132,-0.0012736986777699359,0.0005592334246469068,0.015287296902406003
24.065244710979265,-0.00048195319144459826,0.0005592334246469068,0.015274932379306959
24.07125206031126,-8.498817537428913e-05,0.0005592334246469068,0.015262839433798676
24.077259506478722,-0.00036604387422255365,0.0005592334246469068,0.01525101836361728
24.083267049881254,-0.0008309842955501866,0.0005592334246469068,0.015239390662385985
24.08927469091846,0.000919291689198137,0.0005592334246469068,0.015228041306299742
24.09528242998995,-0.00027990482542960757,0.0005592334246469068,0.01521616715023264
24.101290267495326,0.00034900686433819716,0.0005592334246469068,0.015201770403005995
24.10729820383419,-0.0007829670988895344,0.0005592334246469068,0.01518889081282987
24.113306239406153,0.00014184056670140353,0.0005592334246469068,0.015177633466694485
24.119314374610816,-0.0004288159303382378,0.0005592334246469068,0.015167273391922358
24.12532260984778,-0.0007156448616708784,0.0005592334246469068,0.015157858640760259
24.13133094551666,0.00040655911418126245,0.0005592334246469068,0.015149059102146142
24.137339382017053,8.070154412859881e-06,0.0005592334246469068,0.015140896847847958
24.143347919748564,0.0006009932472090442,0.0005592334246469068,0.01513297546333081
24.149356559110803,-0.000222015711438997,0.0005592334246469068,0.015125287344097939
24.15536530050337,-0.00014710966417925443,0.0005592334246469068,0.015119445884452808
24.161374144325876,-0.000688271748067527,0.0005592334246469068,0.015115320452886135
24.167383090977914,-0.0009384288874052394,0.0005592334246469068,0.015112867925792837
24.173392140859104,3.075418361479787e-05,0.0005592334246469068,0.01510318079919493
24.179401294369043,-0.0001058187861011483,0.0005592334246469068,0.015090826200491961
24.18541055190733,9.953867746513578e-06,0.0005592334246469068,0.015090774201368728
24.191419913873585,-0.00018520941779057339,0.0005592334246469068,0.015083917863978072
24.1974293806674,-0.00044999420674263907,0.0005592334246469068,0.015070497671452967
24.203438952688387,-0.0006147983205404307,0.0005592334246469068,0.015059263372623736
24.209448630336148,0.0002381401405943239,0.0005592334246469068,0.015047522802500846
24.215458414010286,-0.00021893888381434995,0.0005592334246469068,0.01503535803145054
24.22146830411041,-0.0010123955410193917,0.0005592334246469068,0.015022850247977719
24.227478301036122,-2.464905755807968e-05,0.0005592334246469068,0.015010079758734016
24.23348840518703,0.0004582824001745679,0.0005592334246469068,0.014998128934430845
24.23949861696273,0.00013387487546005598,0.0005592334246469068,0.01498500789741714
24.245508936762842,-0.0016116678770395458,0.0005592334246469068,0.014972718887791983
24.251519364986958,-0.00035839454185538494,0.0005592334246469068,0.014961546887916849
24.25752990203469,0.0008399773607839049,0.0005592334246469068,0.014951483576156641
24.263540548305645,6.409397163355257e-05,0.0005592334246469068,0.01494252136342011
24.269551304199418,-0.0010191355369212462,0.0005592334246469068,0.01493465339316076
24.275562170115617,0.00036255925499023914,0.0005592334246469068,0.014927560097696585
24.281573146453855,0.00024347607942397202,0.0005592334246469068,0.01492125983255928
24.287584233613725,0.0006698173160152154,0.0005592334246469068,0.014915404836494858
24.293595431994845,3.708758200230561e-05,0.0005592334246469068,0.01490998765322676
24.299606741996808,0.0007964142926038358,0.0005592334246469068,0.01490500081375079
24.30561816401923,0.0005094539161171977,0.0005592334246469068,0.014899752270815922
24.311629698461704,0.0003675690412046871,0.0005592334246469068,0.014894286393568726
24.317641345723843,-0.0006802799682048971,0.0005592334246469068,0.014888646758325685
24.32365310620525,-0.00011634122969359471,0.0005592334246469068,0.014882876148575854
24.32966498030553,-0.00032389534610976177,0.0005592334246469068,0.014877016554982836
24.33567696842429,-0.00013016766632838704,0.0005592334246469068,0.01487183073831231
24.341689070961127,-0.0002690814902981519,0.0005592334246469068,0.014867304437143397
24.34770128831566,0.00026374556213506865,0.0005592334246469068,0.014863423419472973
24.353713620887476,0.0005598889784742111,0.0005592334246469068,0.014860173482711955
24.359726069076196,0.0007394063521422092,0.0005592334246469068,0.01485754045367979
24.365738633281413,0.0005200525665769503,0.0005592334246469068,0.01485480165302514
24.371751313902738,-0.0004489916680553187,0.0005592334246469068,0.014852693552193715
24.377764111339783,-0.0005406610371106336,0.0005592334246469068,0.014851211077222488
24.383777025992135,0.00042176150994431387,0.0005592334246469068,0.014850349165441723
24.389790058259415,0.0001533183647825162,0.0005592334246469068,0.01485010276547135
24.395803208541217,-0.0009785918891819182,0.0005592334246469068,0.014852376674963147
24.40181647723716,-0.001543273280452796,0.0005592334246469068,0.0148543168990071
24.40782986474683,-0.0018200147499471148,0.0005592334246469068,0.014855980783385084
24.413843371469845,-6.796693426733454e-05,0.0005592334246469068,0.014857424779903344
24.41985699780581,-3.4264212305545536e-05,0.0005592334246469068,0.014859294683292603
24.42587074415432,-0.0011861319872526113,0.0005592334246469068,0.014861396785025642
24.43188461091499,0.00015017969030876356,0.0005592334246469068,0.014863537265664114
24.437898598487422,0.0002501508132704538,0.0005592334246469068,0.014870476877936635
24.44391270727122,0.0010317865521476382,0.0005592334246469068,0.01487939942321666
24.44992693766599,0.001380593173986401,0.0005592334246469068,0.014895883976470684
24.455941290071333,-0.00010501546139245546,0.0005592334246469068,0.01490946145286787
24.46195576488686,0.0005742965883367666,0.0005592334246469068,0.014920171877600145
24.46797036251217,0.0007718023618164434,0.0005592334246469068,0.014924842218422506
24.47398508334687,-0.00019723338342966107,0.0005592334246469068,0.01492957301204901
24.479999927790573,0.0008023920235771947,0.0005592334246469068,0.014934616883639784
24.481144680964363,0.00060959597098789,0.0005592334246469068,0.014937725883923421
24.487146726795558,0.0004402445524371284,0.0005592334246469068,0.014940656541120409
24.493148740662644,0.00033741298041301167,0.0005592334246469068,0.014952428097187765
24.499150722822215,0.0006586942145290937,0.0005592334246469068,0.014954601590099004
24.505152673530844,0.0002669093789370511,0.0005592334246469068,0.014953747210816729
24.511154593045113,-3.688084764465194e-05,0.0005592334246469068,0.014953813839620673
24.517156481621615,0.00028592671568268557,0.0005592334246469068,0.01495535592030489
24.523158339516936,0.001143982037778532,0.0005592334246469068,0.014957839303274274
24.529160166987648,0.0017883998012280695,0.0005592334246469068,0.01495998006774098
24.535161964290346,0.0024464247949726407,0.0005592334246469068,0.014962505779287686
24.541163731681607,0.001235911384979322,0.0005592334246469068,0.014965424905158516
24.547165469418022,0.002133512939408765,0.0005592334246469068,0.014968745934555392
24.55316717775617,0.000996506341456536,0.0005592334246469068,0.014972477378639578
24.55916885695263,-0.0013437209730836116,0.0005592334246469068,0.014976627770531827
24.565170507264,0.0014509563094957118,0.0005592334246469068,0.01498087973917159
24.571172128946856,-0.0016867209368171283,0.0005592334246469068,0.014982606694731292
24.577173722257783,-0.001082059080162694,0.0005592334246469068,0.014984722773807326
24.583175287453358,-0.0019802406284691564,0.0005592334246469068,0.014987246283595794
24.589176824790176,-0.00032959977037097694,0.0005592334246469068,0.014990195745248264
24.59517833452482,-0.001138020432269118,0.0005592334246469068,0.014993589893881647
24.601179816913866,-0.00027014589957449417,0.0005592334246469068,0.014997447678577951
24.607181272213904,0.001430609642581633,0.0005592334246469068,0.015001788262393331
24.613182700681516,0.0015186812669222144,0.0005592334246469068,0.015006355361144075
24.619184102573293,-0.000141377764099445,0.0005592334246469068,0.01500868906313254
24.62518547814581,-0.00019389293055664843,0.0005592334246469068,0.01500874131505384
24.63118682765565,0.000143533663682565,0.0005592334246469068,0.015012101123111571
24.637188151359403,0.00045803327694388975,0.0005592334246469068,0.015014534573120323
24.643189449513656,-0.0008058758249274555,0.0005592334246469068,0.015015864950392558
24.64919072237499,-0.0005292550815828405,0.0005592334246469068,0.015009692970897133
24.655191970199983,-0.0002486746776339428,0.0005592334246469068,0.015009331668625437
24.661193193245225,-0.000563188965234938,0.0005592334246469068,0.015010931679630949
24.667194391767296,-0.0009636136443422257,0.0005592334246469068,0.015014583477610182
24.673195566022788,0.0010324960759442049,0.0005592334246469068,0.015016138819604575
24.67919671626828,0.0009708047963246143,0.0005592334246469068,0.015020037240506238
24.685197842760353,-0.00018202604416939563,0.0005592334246469068,0.015026165309052136
24.69119894575559,-0.000634221057905511,0.0005592334246469068,0.01503441219672511
24.69720002551059,-0.0010460790687564347,0.0005592334246469068,0.01504466967775897
24.703201082281918,0.0005950084078910171,0.0005592334246469068,0.01505309440221841
24.70920211632617,7.785941188642037e-05,0.0005592334246469068,0.015058611915030535
24.715203127899926,-0.0001027182994787594,0.0005592334246469068,0.015070525854367267
24.72120411725977,0.0006944246884855679,0.0005592334246469068,0.01508834586824174
24.727205084662284,0.0009483108387686005,0.0005592334246469068,0.015092464601486166
24.733206030364062,-0.00040788542115662366,0.0005592334246469068,0.015094265978826711
24.73920695462168,0.0002461898490150275,0.0005592334246469068,0.015096411252462498
24.745207857691717,0.0007577617996110102,0.0005592334246469068,0.015098878680782421
24.751208739830766,-0.000464747783986922,0.0005592334246469068,0.01510164667812375
24.757209601295408,-0.0009084231513382009,0.0005592334246469068,0.015104693814768342
24.763210442342228,0.0009819209288155946,0.0005592334246469068,0.015107998816939118
24.769211263227806,-0.0003350412011423297,0.0005592334246469068,0.015111540566798708
24.775212064208734,0.0017172958193827758,0.0005592334246469068,0.015115298102443596
24.78121284554159,0.00041272953984964125,0.0005592334246469068,0.015119250617903092
24.78721360748296,0.00021836016489194462,0.0005592334246469068,0.015123377463133622
24.79321435028943,-0.0010945153824697858,0.0005592334246469068,0.015128568056824273
24.799215074217575,0.000386895091215058,0.0005592334246469068,0.015133149984448013
24.80521577952399,0.0021363835466213874,0.0005592334246469068,0.015129517331180816
24.811216466465257,0.0019559757584057657,0.0005592334246469068,0.015122358324727367
24.817217135297955,0.0011604287448805633,0.0005592334246469068,0.01511704671069508
24.82321778627867,0.00044042743477862994,0.0005592334246469068,0.015113733006284488
24.82921841966399,-0.0006765587315169814,0.0005592334246469068,0.015112570637345115
24.835219035710498,-0.000667390607594744,0.0005592334246469068,0.015111915166644648
24.841219634674776,0.0003673002921183565,0.0005592334246469068,0.015110041338114277
24.8472202168134,-0.0022462435024546857,0.0005592334246469068,0.015107111745928178
24.853220782382973,-0.00026504950394501403,0.0005592334246469068,0.015105271343548929
24.859221331640065,0.0010966067759457469,0.0005592334246469068,0.015104530477043835
24.865221864841264,-0.0005486741201787201,0.0005592334246469068,0.015106884111714791
24.87122238224315,0.00012130118204137577,0.0005592334246469068,0.015109084573702304
24.877222884102316,-0.0002722073002416909,0.0005592334246469068,0.015110472565790647
24.883223370675342,-0.0005930851241795036,0.0005592334246469068,0.015111094668026128
24.889223842218808,0.00024226223013258143,0.0005592334246469068,0.01511126970644037
24.895224298989298,-0.0022285866719376074,0.0005592334246469068,0.015111597237571802
24.901224741243404,-0.0013853535948289055,0.0005592334246469068,0.015112058380981277
24.907225169237705,-0.000398862597417924,0.0005592334246469068,0.015112634381012357
24.913225583228787,-3.72625348632645e-06,0.0005592334246469068,0.015113306606789464
24.91922598347323,-0.001192086428041408,0.0005592334246469068,0.015114056552218503
24.92522637022762,-0.0007859909322530927,0.0005592334246469068,0.015117455484238646
24.931226743748542,-0.0007482022874596081,0.0005592334246469068,0.015123288962551324
24.937227104292578,0.000985218531886111,0.0005592334246469068,0.015128014195245714
24.943227452116318,-0.0007603602743500287,0.0005592334246469068,0.01513167527017053
24.949227787476342,0.00021146906949401703,0.0005592334246469068,0.015134315554923995
24.95522811062923,-0.0003024791557072644,0.0005592334246469068,0.015135977696859494
24.96122842183157,5.4323444070907e-05,0.0005592334246469068,0.015134957862520813
24.96722872133995,0.0025583079771510607,0.0005592334246469068,0.015131170762857166
24.97322900941095,0.0015134240692104232,0.0005592334246469068,0.015124436182688187
24.979229286301155,0.001131026898026452,0.0005592334246469068,0.015114657007715731
24.985229552267143,0.0011174684587151457,0.0005592334246469068,0.015110671608318721
24.99122980756551,-0.00011451041240119475,0.0005592334246469068,0.015095703907750646
24.99723005245283,-9.592314467987001e-05,0.0005592334246469068,0.015085645738415459
25.003230287185694,-0.0007036018119325697,0.0005592334246469068,0.01508282593248501
25.00923051202068,-0.0011557024785662801,0.0005592334246469068,0.015083403696606329
25.015230727214373,-0.0011334017225082989,0.0005592334246469068,0.01508723427134503
25.021230933023364,-0.0009367120211573859,0.0005592334246469068,0.015112737856386163
25.02723112970423,2.2946153437520753e-05,0.0005592334246469068,0.015122738505684859
25.03323131751356,3.956417916086037e-05,0.0005592334246469068,0.015118418755420257
25.03923149670793,-0.000179574647624723,0.0005592334246469068,0.01512970507375269
25.04523166754393,-0.0011751059641479603,0.0005592334246469068,0.015139227012327375
25.051231830278148,0.0004864636300643023,0.0005592334246469068,0.01514607561451152
25.05723198516716,0.001829433739339966,0.0005592334246469068,0.015150086325754819
25.063232132467554,0.0054996564526471545,0.0005592334246469068,0.015151365443330768
25.069232272435915,0.004188178411362025,0.0005592334246469068,0.01515001707574654
25.075232405328826,0.0006554148591635198,0.0005592334246469068,0.015146143142746598
25.08123253140287,5.647516839124567e-05,0.0005592334246469068,0.015140180921805328
25.087232650914633,-0.00032902315108501376,0.0005592334246469068,0.01513225241368958
25.093232764120692,-6.907526257610326e-05,0.0005592334246469068,0.015119420921510114
25.099232871277643,-0.001843086736409245,0.0005592334246469068,0.015106364684373104
25.105232972642064,-0.00165742777148274,0.0005592334246469068,0.01509310040540166
25.11123306847054,-0.0005207536803484483,0.0005592334246469068,0.015080381610696872
25.117233159019655,-0.001053434244463693,0.0005592334246469068,0.015068277654487204
25.12323324454599,-0.0025360710410531496,0.0005592334246469068,0.015056858287272839
25.129233325306128,-0.0013412625420152532,0.0005592334246469068,0.015046193655818826
25.13523340155666,0.0003651419315501385,0.0005592334246469068,0.015036354303156793
25.141233473554166,0.0025534979307806384,0.0005592334246469068,0.015026634119788763
25.147233541555234,0.003459751129827965,0.0005592334246469068,0.015017048136171565
25.153233605816443,0.0007657582934389798,0.0005592334246469068,0.01500761095718476
25.159233666594382,-0.00023508687363198513,0.0005592334246469068,0.0149983367621274
25.16523372414563,0.0008909254673153903,0.0005592334246469068,0.014989239304721352
25.171233778726773,0.0011843688119488969,0.0005592334246469068,0.01498109493279697
25.177233830594393,-0.0009075493061305173,0.0005592334246469068,0.014973286267142465
25.18323388000508,-0.001109662815483796,0.0005592334246469068,0.014965832203734732
25.18923392721541,-0.0012317859431252784,0.0005592334246469068,0.014958751294883759
25.19523397248198,-0.0005592966114719346,0.0005592334246469068,0.014952061749233803
25.201234016061356,-0.001428887471243409,0.0005592334246469068,0.014943724733636496
25.207234058210137,-7.552274149020578e-05,0.0005592334246469068,0.014936520965293033
25.2132340991849,0.0017316979643077698,0.0005592334246469068,0.014931851985425678
25.219234139242232,0.001506790025346337,0.0005592334246469068,0.014929695008887297
25.225234178638715,0.0022441589222560385,0.0005592334246469068,0.01492791422704062
25.231234217630938,-1.6040872826037292e-05,0.0005592334246469068,0.014926337733276328
25.237234256475475,-0.0013992163585470375,0.0005592334246469068,0.014924793453805379
25.24323429542892,-0.0005177385549618423,0.0005592334246469068,0.01492310914766367
25.249234334747854,1.3864702923199398e-05,0.0005592334246469068,0.01492111240670916
25.255234374688857,0.00023474588665975057,0.0005592334246469068,0.014905577865995065
25.26123441550852,0.0023639886684335056,0.0005592334246469068,0.014886679254550459
25.26723445746342,-0.001392378292031364,0.0005592334246469068,0.014870598997622785
25.273234500810144,-0.00042148526181186134,0.0005592334246469068,0.014857305803538426
25.27923454580528,3.340528279050306e-05,0.0005592334246469068,0.014846771673121407
25.28523459270541,-0.0011845254967656031,0.0005592334246469068,0.014838971899696999
25.291234641767115,3.800092453689653e-05,0.0005592334246469068,0.014827091320291311
25.29723469324698,0.0011879174333456928,0.0005592334246469068,0.014818984719211056
25.303234747401593,-0.0004210959889331383,0.0005592334246469068,0.01480377911855162
25.309234804487534,0.001923813882305045,0.0005592334246469068,0.014799781558921563
25.315234864761386,0.0007098931399313769,0.0005592334246469068,0.014801208710801225
25.321234928479736,0.001860448282937648,0.0005592334246469068,0.01480416517733082
25.32723499589917,0.00012647460612354514,0.0005592334246469068,0.014803831209440945
25.33323506727627,-0.0017242938228374059,0.0005592334246469068,0.014800949745090181
25.339235142867615,0.0018145483996772124,0.0005592334246469068,0.014804996113392763
25.345235222929798,-0.0005403936043237925,0.0005592334246469068,0.014807131062303773
25.351235307719396,-0.0008697852844166808,0.0005592334246469068,0.014807487174785392
25.357235397493,0.0031033006914832195,0.0005592334246469068,0.01480619531504383
25.363235492507187,0.0028023322466357928,0.0005592334246469068,0.01480022426730978
25.36923559301854,0.0018317402128680237,0.0005592334246469068,0.014793779832929586
25.375235699283653,0.00023093280938460414,0.0005592334246469068,0.014786932713608867
25.381235811559105,-0.0002872750270341961,0.0005592334246469068,0.014779752665184885
25.387235930101475,4.1921122240478476e-06,0.0005592334246469068,0.014772308497619497
25.393236055167357,-0.0003838297356677546,0.0005592334246469068,0.014765791766705198
25.399236187013322,-0.0012624314736554374,0.0005592334246469068,0.014760184266989388
25.405236325895967,0.00015326992445480365,0.0005592334246469068,0.014755468126974982
25.41123647207187,-4.869711824524031e-06,0.0005592334246469068,0.014751625809120535
25.417236625797617,-0.002059625124207227,0.0005592334246469068,0.014748159074114338
25.423236787329785,-0.004060328915959694,0.0005592334246469068,0.014745384351101521
25.42923695692497,-0.0006872237897343307,0.0005592334246469068,0.014744016681616552
25.435237134839745,-0.0014090440630346313,0.0005592334246469068,0.014744145885511262
25.441237321330703,-0.00287140035444643,0.0005592334246469068,0.014744276408298859
25.447237516654425,-0.0028220187193404127,0.0005592334246469068,0.014744384757465248
25.453237721067495,-0.00041126243442423174,0.0005592334246469068,0.014747341561174703
25.459237934826493,-0.0006650228404534077,0.0005592334246469068,0.014754895039423904
25.465238158188008,0.0017928238846632114,0.0005592334246469068,0.014765237675131512
25.471238391408622,0.0010131587432368697,0.0005592334246469068,0.01477815241648915
25.47723863474492,0.0005625638052104524,0.0005592334246469068,0.01479342494349221
25.48323888845349,-0.00033527498256553413,0.0005592334246469068,0.014810843667949845
25.489239152790905,-0.0019280354889420308,0.0005592334246469068,0.014828489914682058
25.495239428013754,-0.00044003235649882864,0.0005592334246469068,0.014846033661088906
25.50123971437863,-0.0011121567066868492,0.0005592334246469068,0.014863145807701778
25.50724001214211,0.0016884683710516376,0.0005592334246469068,0.01486390361252113
25.513240321560772,0.001011165823111549,0.0005592334246469068,0.0148653058490937
25.51924064289121,0.0005517101378449199,0.0005592334246469068,0.014868914417088942
25.525240976390005,0.00014070306549068302,0.0005592334246469068,0.014864757623014849
25.531241322313736,-0.0011920503160988104,0.0005592334246469068,0.014852403033027631
25.537241680919,-0.0009371212436552392,0.0005592334246469068,0.014852004830342252
25.543242052462364,-0.0010133267241743543,0.0005592334246469068,0.014853394961107616
25.549242437200427,-0.0002320745863887922,0.0005592334246469068,0.014854134900504577
25.555242835389762,0.0005056977379498291,0.0005592334246469068,0.014854276544663465
25.56124324728696,0.001851515622557814,0.0005592334246469068,0.014853870653635958
25.567243673148607,0.001355940159105777,0.0005592334246469068,0.014852966851387941
25.573244113231276,0.0007485880485215094,0.0005592334246469068,0.014863619495219834
25.579244567791562,-0.0009486448348470719,0.0005592334246469068,0.01486976375805582
25.585245037086043,0.00018838394272019734,0.0005592334246469068,0.014871701695655356
25.59124552137131,-0.0005207260474619363,0.0005592334246469068,0.01486973058703237
25.59724602090394,0.00039521624156909664,0.0005592334246469068,0.014872646931722234
25.603246535940517,0.002135362953121259,0.0005592334246469068,0.01487911437713865
25.609247066737627,0.0021798165673953436,0.0005592334246469068,0.014878319124619718
25.61524761355186,0.0008592690962773743,0.0005592334246469068,0.014878921896281087
25.62124817663979,0.0005505706103041928,0.0005592334246469068,0.014879209167708365
25.62724875625801,0.00028072192739985943,0.0005592334246469068,0.014879193777236552
25.633249352663093,0.0015179078315079014,0.0005592334246469068,0.01487888785047047
25.639249966111638,0.0011824398713174093,0.0005592334246469068,0.014878302800279164
25.645250596860215,-0.0006143934469729946,0.0005592334246469068,0.014877449326795817
25.65125124516542,-0.001873540580740853,0.0005592334246469068,0.014878226264786604
25.657251911283826,0.0021024922371369412,0.0005592334246469068,0.014880779762018048
25.663252595472024,0.0021795953252211325,0.0005592334246469068,0.01488312138165381
25.669253297986597,-0.0007152509420372336,0.0005592334246469068,0.01488751771970201
25.67525401908413,-0.0002914191759381835,0.0005592334246469068,0.014890631145017874
25.6812547590212,-0.0001655610671709249,0.0005592334246469068,0.01489555623624799
25.6872555180544,-0.0017194689605724966,0.0005592334246469068,0.014902279015071353
25.69325629644031,-0.0012392624980038392,0.0005592334246469068,0.014906603797287423
25.69925709443552,0.0010104528093360238,0.0005592334246469068,0.014923973156684141
25.705257912296606,-0.0006148036655534098,0.0005592334246469068,0.01493371709896538
25.711258750280155,-0.0001521639260118439,0.0005592334246469068,0.014943006053844264
25.71725960864275,-0.0011593475967454202,0.0005592334246469068,0.014951866539368365
25.723260487640978,-0.0023069630502073057,0.0005592334246469068,0.01496032436212985
25.729261387531416,-0.0012190988287322894,0.0005592334246469068,0.014968404617257538
25.735262308570658,-0.00048117932176913215,0.0005592334246469068,0.014973342904534953
25.741263251015287,-0.0024997007450808153,0.0005592334246469068,0.014974960808536397
25.747264215121877,-0.0008268384473754577,0.0005592334246469068,0.014986042948600854
25.75326520114702,-0.0009395449549507943,0.0005592334246469068,0.014995171824854209
25.7592662093473,-0.002103272797349105,0.0005592334246469068,0.015002538701118307
25.765267239979302,-0.0003676841898314284,0.0005592334246469068,0.015008333378201852
25.771268293299602,0.002085716038588821,0.0005592334246469068,0.015012744193896557
25.777269369564795,-0.0008070587581092015,0.0005592334246469068,0.015015958022969343
25.783270469031464,-0.0013435375082682197,0.0005592334246469068,0.015018160277158358
25.789271591956183,-0.000534496777619204,0.0005592334246469068,0.01501953490516742
25.795272738595543,-0.00011550823324396955,0.0005592334246469068,0.015020264392659653
25.801273909206127,-3.656517579873203e-05,0.0005592334246469068,0.015020529762249164
25.80727510404452,-0.0006898668264710538,0.0005592334246469068,0.015020938929040068
25.813276323367305,-0.0014796510850840303,0.0005592334246469068,0.015019215210473925
25.819277567431065,-0.00038006187875832924,0.0005592334246469068,0.015015123915467311
25.82527883649239,-0.0002676017727517091,0.0005592334246469068,0.01500842716724391
25.83128013080786,0.0005144635787521327,0.0005592334246469068,0.014978895943964749
25.837281450634055,-0.000811130156614286,0.0005592334246469068,0.014963211292068866
25.843282796227562,-0.0003668954771690082,0.0005592334246469068,0.014962436958407866
25.84928416784497,0.0013987714110079465,0.0005592334246469068,0.01494551922662327
25.85528556574286,0.00011755224103584053,0.0005592334246469068,0.014928654124959922
25.86128699017781,0.001066011733382232,0.0005592334246469068,0.014912894889019711
25.867288441406412,0.0008650100602735893,0.0005592334246469068,0.014898330532647478
25.87328991968525,-0.00033382842041614763,0.0005592334246469068,0.01488505187847333
25.879291425270907,0.00152455452485932,0.0005592334246469068,0.014873151557916128
25.885292958419956,0.0003806762660902782,0.0005592334246469068,0.014862724011197558
25.891294519389,0.0006440210094730489,0.0005592334246469068,0.01485386548734651
25.89729610843461,-0.000185954605118277,0.0005592334246469068,0.014846674044208339
25.903297725813374,-0.0034699589199813433,0.0005592334246469068,0.014844541477512747
25.909299371781874,-0.0003839822927120002,0.0005592334246469068,0.014843146853248309
25.9153010465967,-0.0010595749120035445,0.0005592334246469068,0.014842497916298684
25.92130275051443,0.0016220826274104434,0.0005592334246469068,0.014842050912992403
25.92730448379165,0.0019390297329376412,0.0005592334246469068,0.014841856111708093
25.933306246684946,0.0005580918067538722,0.0005592334246469068,0.014841963512587417
25.939308039450896,0.004220576067033448,0.0005592334246469068,0.014842422847540303
25.945309862346093,0.0020574433558108885,0.0005592334246469068,0.01484328358023885
25.951311715627117,-0.0007139849676932979,0.0005592334246469068,0.014844594906116965
25.95731359955055,0.0027727845031292903,0.0005592334246469068,0.014846405752371976
25.963315514372976,-0.0005004767853939215,0.0005592334246469068,0.014849564477791271
25.969317460350982,0.0007593997834557144,0.0005592334246469068,0.014854058896206026
25.975319437741152,-0.0026094975993033367,0.0005592334246469068,0.014859877463780036
25.981321446800067,-0.00023618220552083964,0.0005592334246469068,0.014867009279008253
25.987323487784312,0.0006933404255589064,0.0005592334246469068,0.014875444082724662
25.993325560950478,6.603695355482386e-05,0.0005592334246469068,0.014885172258102309
25.99932766655514,0.0026044200322513957,0.0005592334246469068,0.014896184830657785
26.005329804854885,-0.0023932353093429875,0.0005592334246469068,0.014908473468256078
26.011331976106298,0.0007141992016355073,0.0005592334246469068,0.014922030481111034
26.01733418056596,0.0023708648168900143,0.0005592334246469068,0.014936848821792144
26.023336418490462,0.0004598708266536685,0.0005592334246469068,0.014951495685106295
26.02933869013638,0.0019211735006742468,0.0005592334246469068,0.01496586194214402
26.0353409957603,0.00027040545881510704,0.0005592334246469068,0.01497983759708044
26.041343335618816,-0.0009152056255729256,0.0005592334246469068,0.014993311787169956
26.047345709968496,0.0010696268935650056,0.0005592334246469068,0.01500617278273989
26.053348119065934,0.003963836162495033,0.0005592334246469068,0.0150214361149907
26.059350563167712,0.0042370868846190665,0.0005592334246469068,0.015038751368193243
26.06535304253042,0.0011168658975089438,0.0005592334246469068,0.01506344249104188
26.071355557410627,-0.0019121426223767026,0.0005592334246469068,0.01509557546492601
26.077358108064935,2.7020521109135873e-05,0.0005592334246469068,0.015129007938929578
26.083360694749913,4.7010685049354156e-05,0.0005592334246469068,0.015161228929805027
26.089363317722153,-0.002251637564061746,0.0005592334246469068,0.015184808763854082
26.09536597723824,-0.0019595710078377255,0.0005592334246469068,0.015200091910464793
26.101368673554752,-0.0031121729374885485,0.0005592334246469068,0.015227259960643369
26.10737140692828,-0.0024845806785984484,0.0005592334246469068,0.015258297293334304
26.113374177615405,0.0013064844040549736,0.0005592334246469068,0.015277861581212544
26.11937698587271,-3.877286040683027e-05,0.0005592334246469068,0.015286418315980682
26.12537983195678,-0.0015617959152714866,0.0005592334246469068,0.015290927906103957
26.131382716124197,-0.0006115258102819439,0.0005592334246469068,0.01529355167113143
26.13738563863155,0.0008847791102112902,0.0005592334246469068,0.015298304695382615
26.14338859973542,0.0008445668200762011,0.0005592334246469068,0.015305380403228161
26.149391599692393,-0.003134112179824204,0.0005592334246469068,0.015304985345014656
26.15539463875905,-0.0006696364558823418,0.0005592334246469068,0.015305568004879557
26.161397717191974,0.001545446154650144,0.0005592334246469068,0.015307245698585792
26.167400835247754,0.003306122281024549,0.0005592334246469068,0.015311663800566776
26.17340399318297,0.0021827235755509343,0.0005592334246469068,0.015322230626080652
26.17940719125421,0.0038623707221872375,0.0005592334246469068,0.015335066931564063
26.185410429718058,0.0005762457311281211,0.0005592334246469068,0.015350135009590734
26.191413708831092,-0.0007097060557481084,0.0005592334246469068,0.015367399738098579
26.1974170288499,-0.0008091222836722894,0.0005592334246469068,0.015386828580405826
26.20342039003107,-0.001712420609523124,0.0005592334246469068,0.015413386464464378
26.20942379263118,0.0018475485626975614,0.0005592334246469068,0.015447321530145277
26.21542723690682,0.0022227674436810906,0.0005592334246469068,0.015453516292256777
26.221430723114562,-0.0005552078361442652,0.0005592334246469068,0.015460302149523679
26.227434251511003,-0.000651974018292199,0.0005592334246469068,0.015468152324801341
26.233437822352723,-0.0014247405263716015,0.0005592334246469068,0.015477059620112166
26.239441435896307,0.002507862971951668,0.0005592334246469068,0.015487017450395837
26.245445092398338,0.004553837861343725,0.0005592334246469068,0.015498019843509741
26.251448792115397,0.0041129343023759025,0.0005592334246469068,0.015510061440238245
26.257452535304076,0.00238848674536264,0.0005592334246469068,0.015523137494292584
26.26345632222095,0.002103155628326159,0.0005592334246469068,0.015534126271936103
26.269460153122605,0.0025716894580000184,0.0005592334246469068,0.015542798325894919
26.27546402826563,0.00257800879166303,0.0005592334246469068,0.015548921522704127
26.28146794790661,-0.001506574646385244,0.0005592334246469068,0.015552261042687443
26.28747191230212,-0.0003345952782998554,0.0005592334246469068,0.015552579379937481
26.29347592170875,0.0004061588435535519,0.0005592334246469068,0.015549636342296046
26.299479976383086,-3.0245019983454052e-05,0.0005592334246469068,0.015543189051332932
26.305484076581713,0.0018820697603859349,0.0005592334246469068,0.015532991942327063
26.311488222561202,0.002955389566335632,0.0005592334246469068,0.015518796764246034
26.317492414578155,-0.0019790638014615843,0.0005592334246469068,0.015517146317383367
26.323496652889144,0.002572170670984454,0.0005592334246469068,0.01551595249275994
26.32950093775076,-0.000272318134783801,0.0005592334246469068,0.015515247946178493
26.33550526941958,0.002645756793758499,0.0005592334246469068,0.01551506660738819
26.341509648152197,0.0008795245357686669,0.0005592334246469068,0.015515443680092085
26.34751407420519,2.2664100507586993e-05,0.0005592334246469068,0.01551641564196034
26.35351854783514,0.0006337687163500173,0.0005592334246469068,0.015519905716099795
26.359523069298636,-0.0016868943212318792,0.0005592334246469068,0.015525810109797865
26.365527638852257,-0.0014000963912675496,0.0005592334246469068,0.015534028450821857
26.371532256752598,-0.0015993155207133392,0.0005592334246469068,0.015537358188286339
26.37753692325623,-0.0006605224303092589,0.0005592334246469068,0.015543729029642394
26.383541638619747,-0.0005797940761669354,0.0005592334246469068,0.015540084953827547
26.389546403099725,-0.0016301999914693551,0.0005592334246469068,0.015539998571181459
26.395551216952754,-0.0004050183998470878,0.0005592334246469068,0.015543718182331454
26.401556080435416,0.0008423786666812323,0.0005592334246469068,0.015551497603870618
26.407560993804296,0.002649681754852612,0.0005592334246469068,0.015554438241053337
26.413565957315974,-0.0015935812807119348,0.0005592334246469068,0.015552141274732225
26.419570971227042,-0.0011170370343679872,0.0005592334246469068,0.015555393992749496
26.425576035794077,0.0006863744806317757,0.0005592334246469068,0.015558678395136331
26.431581151273665,0.0044697747161276166,0.0005592334246469068,0.01556197678251659
26.43758631792239,0.002311635057908608,0.0005592334246469068,0.01556308855940729
26.443591535996838,0.0011032088095472344,0.0005592334246469068,0.015562021147252731
26.44959680575359,-0.002195871856004679,0.0005592334246469068,0.015558934853554987
26.455602127449236,0.0007078678996281298,0.0005592334246469068,0.015553988736234134
26.461607501340353,0.0031607575387191007,0.0005592334246469068,0.015547340603619706
26.46761292768353,0.0025329331434961917,0.0005592334246469068,0.015539147014437489
26.473618406735348,0.0005727848040225827,0.0005592334246469068,0.015529563277802338
26.47962393875239,-0.0037760142110368974,0.0005592334246469068,0.01551944272509461
26.485629523991243,-0.0038898775454874815,0.0005592334246469068,0.015509623662430359
26.49163516270849,-0.0004743705927972748,0.0005592334246469068,0.015499922734857813
26.497640855160718,-0.0027676330781765037,0.0005592334246469068,0.01549015749511584
26.50364660160451,-0.0015816599130721934,0.0005592334246469068,0.015484651535982
26.509652402296446,-0.003982460131994698,0.0005592334246469068,0.01546703238340392
26.51565825749311,0.0013679271060746678,0.0005592334246469068,0.015456822715827465
26.521664167451096,-0.0024563426957369926,0.0005592334246469068,0.015447312509547421
26.527670132426977,-0.0023020212744805646,0.0005592334246469068,0.015438427276321448
26.533676152677337,-0.002368291125576287,0.0005592334246469068,0.015443513786622948
26.53968222845877,0.00236680340071534,0.0005592334246469068,0.015421930792617899
26.545688360027853,-0.0018749563197482493,0.0005592334246469068,0.01539489505817766
26.551694547641166,0.002106214971898,0.0005592334246469068,0.015367616407336198
26.557700791555305,0.00087178332656942,0.0005592334246469068,0.015330067074583667
26.563707092026846,0.002116818214834863,0.0005592334246469068,0.015293197978107272
26.569713449312374,0.004855485882078665,0.0005592334246469068,0.015257180483993426
26.575719863668475,0.005756139748974369,0.0005592334246469068,0.01522218759422259
26.581726335351725,0.0004693887756646569,0.0005592334246469068,0.015188393946686878
26.587732864618722,-0.0011127127347404907,0.0005592334246469068,0.015155975815202767
26.59373945172604,-0.0005975927955379871,0.0005592334246469068,0.015125111109529717
26.599746096930268,-0.0027835935829392776,0.0005592334246469068,0.01509666091427234
26.605752800487988,-0.0034713921847152832,0.0005592334246469068,0.015070754787950787
26.61175956265578,-0.004239703422421767,0.0005592334246469068,0.015047524700871602
26.61776638369024,-0.001796794527676393,0.0005592334246469068,0.015033594331947535
26.623773263847937,0.0014494105224356017,0.0005592334246469068,0.015028303781115577
26.62978020338546,-0.0008454107108088645,0.0005592334246469068,0.015031003111353514
26.635787202559403,-0.0014836544826613597,0.0005592334246469068,0.015041052348783852
26.64179426162634,0.002918275965945183,0.0005592334246469068,0.015057821482769757
26.64780138084286,0.005019552586603495,0.0005592334246469068,0.015047788587662321
26.65380856046554,-0.000256721434838578,0.0005592334246469068,0.015036211294759997
26.659815800750973,0.002750769982822242,0.0005592334246469068,0.01502317360011616
26.665823101955738,0.001802106864756077,0.0005592334246469068,0.015008758619405881
26.671830464336416,0.0003045696514748144,0.0005592334246469068,0.014993048587911327
26.6778378881496,0.007213679079390835,0.0005592334246469068,0.014976124860515139
26.683845373651867,-0.00013998679486967695,0.0005592334246469068,0.014958067911690532
26.689852921099803,0.008313497549399963,0.0005592334246469068,0.01493895733549229
26.695860530749993,0.00444558207370907,0.0005592334246469068,0.014918871845548288
26.70186820285902,0.008480361689712276,0.0005592334246469068,0.014897889275050622
26.707875937683472,0.0076280382396009035,0.0005592334246469068,0.01487608657674293
26.713883735479925,0.005222782232177226,0.0005592334246469068,0.014853539822916104
26.71989159650497,0.0030586891575750605,0.0005592334246469068,0.014830324205396678
26.725899521015183,0.007097649452632091,0.0005592334246469068,0.014814388428683023
26.731907509267163,0.002268239769598111,0.0005592334246469068,0.014805803779560539
26.737915561517482,0.003395915682902352,0.0005592334246469068,0.014794859009879369
26.743923678022725,0.007307592365981781,0.0005592334246469068,0.014781790803759763
26.74993185903948,0.0030446982487529212,0.0005592334246469068,0.014766834040422368
26.755940104824326,0.00346034204028642,0.0005592334246469068,0.014750221794170399
26.761948415633857,0.0025672698227220073,0.0005592334246469068,0.01475483525482091
26.767956791724643,-0.002851281718623524,0.0005592334246469068,0.01475075443963328
26.773965233353277,-0.0023830982065185316,0.0005592334246469068,0.014737809690642735
26.77997374077635,0.005646926110613449,0.0005592334246469068,0.014724486509466322
26.785982314250425,-0.0028439409367600685,0.0005592334246469068,0.014710800625661626
26.791990954032105,-0.00038241831336777686,0.0005592334246469068,0.01469676742075695
26.797999660377968,0.0029361975509762956,0.0005592334246469068,0.014682401928249511
26.8040084335446,-0.0005668944547368385,0.0005592334246469068,0.014667228387665762
26.810017273788578,0.0007457584315430244,0.0005592334246469068,0.014651298284549872
26.816026181366496,-0.0001720589331153273,0.0005592334246469068,0.014634662198180225
26.822035156534927,-0.00011932398417660584,0.0005592334246469068,0.014617369801559851
26.82804419955047,0.0017803671739020175,0.0005592334246469068,0.014599469861405185
26.834053310669695,-0.0033644164469206986,0.0005592334246469068,0.014579386469328697
26.84006249014919,-0.003219776783494801,0.0005592334246469068,0.014557289569134792
26.84607173824554,0.0025441826863684368,0.0005592334246469068,0.014533346350174697
26.852081055215336,0.002263429702259817,0.0005592334246469068,0.014507721247313154
26.858090441315152,0.0020948352006803454,0.0005592334246469068,0.014480575940901538
26.864099896801577,0.003749537893497591,0.0005592334246469068,0.014452265708657054
26.87010942193119,0.0012060476082137606,0.0005592334246469068,0.01442243255993624
26.876119016960583,0.0017841988776847676,0.0005592334246469068,0.01439071624118726
26.88212868214633,0.0019746433246431144,0.0005592334246469068,0.014373445754012485
26.88813841774503,-0.001914891029077593,0.0005592334246469068,0.014339758999022107
26.894148224013254,-0.0003348447641210641,0.0005592334246469068,0.014302953096693575
26.90015810120759,0.0026161041910016235,0.0005592334246469068,0.01427077677022799
26.906168049584622,0.0011276965296787046,0.0005592334246469068,0.014243757745075756
26.912178069400934,0.0033192809618565206,0.0005592334246469068,0.01420893672749146
26.918188160913115,-0.000630958410326711,0.0005592334246469068,0.014176262359066046
26.92419832437774,-0.0014195408990290443,0.0005592334246469068,0.014160320995872878
26.930208560051398,-0.003401419011138761,0.0005592334246469068,0.014132323036746637
26.936218868190675,-0.004788407197817779,0.0005592334246469068,0.014107845721113656
26.94222924905215,0.005780637706832684,0.0005592334246469068,0.01408454733769698
26.948239702892415,-0.00017698081995579616,0.0005592334246469068,0.014063102322569866
26.954250229968046,-0.0014775067593352908,0.0005592334246469068,0.014043441039362505
26.960260830535628,-0.00029802842547168445,0.0005592334246469068,0.014025495643722578
26.96627150485175,0.00024945226188848035,0.0005592334246469068,0.014009200083334733
26.972282253172995,0.0003667315751234024,0.0005592334246469068,0.013994490097942925
26.978293075755943,8.209670050970258e-05,0.0005592334246469068,0.013979659403212311
26.984303972857184,0.008731352550613056,0.0005592334246469068,0.013964528190341871
26.990314944733292,0.0006613929400592199,0.0005592334246469068,0.0139489167025161
26.996325991640862,0.0008349008855983511,0.0005592334246469068,0.013932645234908529
27.00233711383647,0.009472740808138196,0.0005592334246469068,0.013931879473286411
27.00834831157671,0.002680656299771716,0.0005592334246469068,0.013945201785502724
27.01435958511816,0.0026199825907152943,0.0005592334246469068,0.01396453107163117
27.020370934717402,0.0051933691264088935,0.0005592334246469068,0.013922664131824039
27.02638236063102,0.004523883210482487,0.0005592334246469068,0.013909283895741054
27.032393863115598,0.003053298493032557,0.0005592334246469068,0.01389784870839192
27.038405442427727,0.0013356246142301204,0.0005592334246469068,0.01388816994378729
27.04441709882399,-0.005721872427470808,0.0005592334246469068,0.013880061971465773
27.05042883256096,0.0007666067855714616,0.0005592334246469068,0.01387334215653359
27.05644064389523,-0.0012153772856304673,0.0005592334246469068,0.013867830859702928
27.062452533083384,-0.0008161524267528315,0.0005592334246469068,0.013855838895740089
27.068464500382007,-0.0007942553107864094,0.0005592334246469068,0.013837761629647585
27.074476546047677,0.0039411631862402395,0.0005592334246469068,0.013813988872467858
27.080488670336983,0.005074375146107398,0.0005592334246469068,0.013790246306709322
27.08650087350651,0.004407903661086957,0.0005592334246469068,0.013766508067099885
27.092513155812842,0.002489676083717852,0.0005592334246469068,0.013742748812971464
27.098525517512556,0.002429101509836596,0.0005592334246469068,0.013718943728264411
27.10453795886224,0.0004680320147824914,0.0005592334246469068,0.013695068521539802
27.110550480118487,0.0016324347335707826,0.0005592334246469068,0.013671099425980418
27.11656308153787,0.006938457637791544,0.0005592334246469068,0.013647013199402081
27.122575763376975,-0.0024535594675409427,0.0005592334246469068,0.013622787124255966
27.128588525892386,0.004893097851003973,0.0005592334246469068,0.013598399007641941
27.134601369340693,-0.0037483573031748315,0.0005592334246469068,0.01357382718130819
27.140614293978476,0.002196477555365792,0.0005592334246469068,0.013549050501665
27.146627300062317,0.0011344883117960763,0.0005592334246469068,0.01352404834978628
27.1526403878488,-0.0009841912699816088,0.0005592334246469068,0.013498800631420005
27.158653557594516,0.0033913067195009035,0.0005592334246469068,0.013473287776993647
27.16466680955604,-0.004781376236878578,0.0005592334246469068,0.01344691720226462
27.170680143989962,-5.4915656788055364e-05,0.0005592334246469068,0.013417360154645999
27.17669356115286,-0.0032561315477195544,0.0005592334246469068,0.013384496117419131
27.18270706130133,0.0008979497950336538,0.0005592334246469068,0.013355854267820613
27.188720644691948,0.0017086490250877058,0.0005592334246469068,0.013323803472542183
27.19473431158129,-0.0002624866508847551,0.0005592334246469068,0.013378786344270015
27.200748062225955,-0.00330560443331185,0.0005592334246469068,0.013421113987082359
27.206761896882522,0.004015410697433091,0.0005592334246469068,0.013451170520455673
27.212775815807568,0.0012237910324077953,0.0005592334246469068,0.013469334809750363
27.218789819257687,0.0017780952603367334,0.0005592334246469068,0.013475980466139138
27.22480390748946,-0.0016393870632855946,0.0005592334246469068,0.013471475846528093
27.230818080759466,-0.003127677297216528,0.0005592334246469068,0.01345618405348571
27.236832339324298,-0.0015996057104891836,0.0005592334246469068,0.013454362805760945
27.242846683440533,0.0012049221282344896,0.0005592334246469068,0.013464554508623858
27.248861113364757,0.000686271291016248,0.0005592334246469068,0.013487675771297968
27.254875629353556,-0.0005250677756867116,0.0005592334246469068,0.013486088144881435
27.260890231663513,0.00435141371604748,0.0005592334246469068,0.013461352267804365
27.26690492055121,0.007446686168484883,0.0005592334246469068,0.013431636656220249
27.272919696273235,-0.0008156105867966144,0.0005592334246469068,0.013397208787043226
27.278934559086164,0.007507552881172696,0.0005592334246469068,0.013358338060648433
27.284949509246594,-0.004129395287185818,0.0005592334246469068,0.013315295800896434
27.2909645470111,0.0008344456236338282,0.0005592334246469068,0.013264966603213324
27.296979672636265,0.005210228739881272,0.0005592334246469068,0.013207380044321829
27.302994886378677,0.015631520275784162,0.0005592334246469068,0.013142564036758866
27.30901018849492,0.009564793838676958,0.0005592334246469068,0.013070544828845796
27.315025579241578,0.003182331973819348,0.0005592334246469068,0.013042242591395699
27.321041058875235,0.0031998382890543135,0.0005592334246469068,0.013001655800853768
27.327056627652475,-0.0042953834847458666,0.0005592334246469068,0.012948960120392893
27.333072285829882,0.004054262931307635,0.0005592334246469068,0.012884328100157647
27.339088033664037,0.0037960225985513747,0.0005592334246469068,0.01279651123935148
27.345103871411528,0.0013211594653466316,0.0005592334246469068,0.012653736737832199
27.351119799328934,0.0032190786239388643,0.0005592334246469068,0.012528367442483713
27.35713581767285,0.0007534101233307531,0.0005592334246469068,0.012405032323955161
27.36315192669985,0.0015021322396890826,0.0005592334246469068,0.012279115358604355
27.36916812666652,0.006980133243507521,0.0005592334246469068,0.012150772298686113
27.375184417829445,0.013750527239152483,0.0005592334246469068,0.012020160195660245
27.38120080044521,0.008119298099542692,0.0005592334246469068,0.011890597754383747
27.3872172747704,-0.0004991897357832682,0.0005592334246469068,0.011789858543394042
27.393233841061598,0.001278865064452588,0.0005592334246469068,0.011715758152009757
27.399250499575384,-0.0027633011020196194,0.0005592334246469068,0.011666148758737688
27.40526725056835,0.007931712316986804,0.0005592334246469068,0.011552447015818828
27.411284094297073,-0.0018674810877630371,0.0005592334246469068,0.01143780948860839
27.41730103101814,-0.007415538940147448,0.0005592334246469068,0.011322095767159894
27.423318060988134,0.00620049869288704,0.0005592334246469068,0.011205170467535273
27.429335184463643,0.0015367726401737062,0.0005592334246469068,0.011077697692255561
27.435352401701245,0.007040985621396245,0.0005592334246469068,0.010938884924679615
27.441369712957528,0.010518185686832797,0.0005592334246469068,0.010876113509158026
27.44738711848908,0.0031974352922946384,0.0005592334246469068,0.010881902923283506
27.453404618552472,0.0009219203934108695,0.0005592334246469068,0.010873736036187324
27.4594222134043,-0.004140617673738597,0.0005592334246469068,0.010731377954064095
27.465439903301146,0.008180351904266806,0.0005592334246469068,0.010442303802017092
27.471457688499594,0.011410145400351724,0.0005592334246469068,0.010150822744771519
27.47747556925622,0.008956685026152877,0.0005592334246469068,0.009857356844214665
27.48349354582762,0.023883580770016857,0.0005592334246469068,0.009562325872396617
27.489511618470374,0.01888018586066506,0.0005592334246469068,0.00926614731149012
27.49552978744106,0.0063953030448896785,0.0005592334246469068,0.008969236353757536
27.501548052996274,0.009816031618622371,0.0005592334246469068,0.008672005901510165
27.50756641539259,0.0016035847851496622,0.0005592334246469068,0.008374866567074372
27.51358487488659,0.013028506525309087,0.0005592334246469068,0.0080782266727535
27.519603431734872,0.009992390580929818,0.0005592334246469068,0.007782492250793599
27.525622086194,0.013673416536556154,0.0005592334246469068,0.007488067043338985
27.531640838520577,0.0019246541222991019,0.0005592334246469068,0.007195352502405441
27.537659688971182,0.006479063632292862,0.0005592334246469068,0.006896267881150699
27.543678637802397,0.006971719756229927,0.0005592334246469068,0.006590595450931406
27.5496976852708,0.014312599796797974,0.0005592334246469068,0.006288056085124002
27.555716831632985,0.005264043629978604,0.0005592334246469068,0.0059891306558938874
27.561736077145525,0.011193208360976727,0.0005592334246469068,0.005694299301372507
27.56775542206502,0.0011886387836304232,0.0005592334246469068,0.0054040414256415256
27.573774866648037,0.005744823999003909,0.0005592334246469068,0.005169649577553432
27.579794411151177,0.001944663996757177,0.0005592334246469068,0.004936844749925373
27.58581405583101,0.005720580569917165,0.0005592334246469068,0.004706820420846084
27.59183380094413,0.002040988994712222,0.0005592334246469068,0.004472303309203391
27.597853646747108,-0.0062025084315791516,0.0005592334246469068,0.004233878604468522
27.603873593496544,4.585593321253679e-05,0.0005592334246469068,0.0039921253094275765
27.60989364144901,0.005084545550731501,0.0005592334246469068,0.003948130256630824
27.615913790861097,0.001965581975231689,0.0005592334246469068,0.003811867880380517
27.621934041989388,0.012051772191860183,0.0005592334246469068,0.0035898771671783224
27.627954395090462,0.025587416120529737,0.0005592334246469068,0.0032886056705492598
27.633974850420913,0.013915929425367875,0.0005592334246469068,0.0029905019389752257
27.63999540823731,0.02218180986972926,0.0005592334246469068,0.00269606758812882
27.646016068796257,0.02232331163768178,0.0005592334246469068,0.0024075480016384205
27.65203683235432,-0.007644806378232485,0.0005592334246469068,0.002125561805479118
27.65805769916809,0.013103935101304618,0.0005592334246469068,0.0019268200775051667
27.664078669494156,0.01017898254397329,0.0005592334246469068,0.001661213053198998
27.670099743589095,0.028492619101012265,0.0005592334246469068,0.0013346524551148277
27.676120921709494,0.03566203746279915,0.0005592334246469068,0.0009491294854705725
27.682142204111937,0.021053024016684935,0.0005592334246469068,0.0005101148921991586
27.688163591053005,0.011817760239385213,0.0005592334246469068,2.299399608053773e-05
27.694185082789286,0.005724250042873607,0.0005592334246469068,-0.0005249083529368084
27.700206679577363,0.01158364009776458,0.0005592334246469068,-0.0010269657296722934
27.706228381673824,0.00291475905907948,0.0005592334246469068,-0.001493669544157394
27.712250189335244,-0.0007055206708969867,0.0005592334246469068,-0.0019251267389275035
27.71827210281821,-0.0050850288894259,0.0005592334246469068,-0.0023214461884689796
27.724294122379316,0.006715628988855705,0.0005592334246469068,-0.0026827386992550684
27.730316248275134,0.01469855316101375,0.0005592334246469068,-0.003020302582934054
27.736338480762253,-0.0037797935347979516,0.0005592334246469068,-0.003335063224592546
27.742360820097257,-0.002354061990312446,0.0005592334246469068,-0.0035970460230421546
27.74838326653673,0.0007438498607304283,0.0005592334246469068,-0.00381683339888984
27.754405820337254,0.05519672249111352,0.0005592334246469068,-0.004009958404794932
27.76042848175542,0.013735118692348516,0.0005592334246469068,-0.004176379990809115
27.7664512510478,0.0019074540388071526,0.0005592334246469068,-0.004306675683921769
27.772474128470986,0.021005031502206076,0.0005592334246469068,-0.004401534201321551
27.778497114281564,0.003932506161955522,0.0005592334246469068,-0.004461642849805209
27.78452020873612,0.016002871531703045,0.0005592334246469068,-0.004487687525746142
27.79054341209122,0.03239831258254403,0.0005592334246469068,-0.004480352715079777
27.796566724603473,0.006634529386482445,0.0005592334246469068,-0.0044403214932673876
27.802590146529443,-0.008031269636392738,0.0005592334246469068,-0.004368275525277309
27.808613678125727,0.015354545112542244,0.0005592334246469068,-0.004264895065557931
27.814637319648902,0.03172183417675723,0.0005592334246469068,-0.004148461200642983
27.82066107135556,0.006950296534415959,0.0005592334246469068,-0.004020927159993143
27.82668493350228,0.013253008517816883,0.0005592334246469068,-0.0038842634036832567
27.83270890634564,0.0028561851103206873,0.0005592334246469068,-0.003671060976754739
27.83873299014223,0.0357340742807495,0.0005592334246469068,-0.0034316995542256817
27.844757185148634,0.02801283347590138,0.0005592334246469068,-0.003166968704429996
27.850781491621444,-0.023968400031913088,0.0005592334246469068,-0.002877658290242238
27.85680590981723,-0.025940849496745202,0.0005592334246469068,-0.0025645584690838063
27.86283043999258,0.02386351006612719,0.0005592334246469068,-0.0021825164933082144
27.868855082404085,0.1029338306806195,0.0005592334246469068,-0.0017242935698280146
27.87487983730832,0.01087809777607629,0.0005592334246469068,-0.0011868894553169057
27.88090470496188,0.0214252679721827,0.0005592334246469068,-0.00037669453122782075
27.886929685621336,0.025425892378225005,0.0005592334246469068,0.0006869269166238242
27.89295477954328,0.061123249469192245,0.0005592334246469068,0.0014105306579863977
27.898979986984298,0.024196859634714987,0.0005592334246469068,0.002123138504343773
27.905005308200973,-0.004672932186017871,0.0005592334246469068,0.002825168566707578
27.91103074344988,0.022128194341354747,0.0005592334246469068,0.0035170320612624936
27.917056292987613,-0.02792522092162993,0.0005592334246469068,0.004199133309235035
27.923081957070757,0.07359070782393048,0.0005592334246469068,0.004871869736765082
27.929107735955885,0.008573301124328237,0.0005592334246469068,0.005535631874772175
27.935133629899596,-0.003143434007114923,0.0005592334246469068,0.006190803358826413
27.94115963915846,0.03580811816738938,0.0005592334246469068,0.006976064539312428
27.947185763989072,0.0143893491385709,0.0005592334246469068,0.007704125013270377
27.95321200464801,0.0269854521945396,0.0005592334246469068,0.008378449815160359
27.959238361391858,0.037435213384156854,0.0005592334246469068,0.009002452855325345
27.965264834477207,-0.00161728703671765,0.0005592334246469068,0.00962962759607321
27.971291424160633,0.0014795866979084252,0.0005592334246469068,0.01025948902935482
27.97731813069872,-0.016423577113570023,0.0005592334246469068,0.010889989096251669
27.983344954348055,0.009529094043584551,0.0005592334246469068,0.011522751446747824
27.989371895365224,0.026186395526824474,0.0005592334246469068,0.012157353617605927
27.99539895400681,0.02872423809400433,0.0005592334246469068,0.012815796037248944
28.001426130529396,0.0017794773088081264,0.0005592334246469068,0.013435128705768384
28.007453425189567,0.07138981236690191,0.0005592334246469068,0.013954151936610674
28.013480838243908,-0.035702813740672135,0.0005592334246469068,0.014467547893403952
28.019508369948998,0.026450629202580116,0.0005592334246469068,0.014975457614845847
28.02553602056142,0.03212739510361341,0.0005592334246469068,0.015478027996848762
28.03156379033777,-0.07581680461379843,0.0005592334246469068,0.015975411792655245
28.037591679534625,0.0067103341074466055,0.0005592334246469068,0.01646776761295701
28.04361968840857,0.11968871656290464,0.0005592334246469068,0.01695525992600619
28.049647817216186,-0.04991600238061717,0.0005592334246469068,0.017412321363875903
28.05567606621405,0.06673887572156639,0.0005592334246469068,0.017837262620791265
28.061704435658772,-0.021713448496244868,0.0005592334246469068,0.018228372988953422
28.067732925806908,0.0690328111770902,0.0005592334246469068,0.018623280243887083
28.073761536915054,0.07357740088027934,0.0005592334246469068,0.01902308371478268
28.079790269239798,0.05914188076099003,0.0005592334246469068,0.019410999744468735
28.085819123037716,0.10472075456387639,0.0005592334246469068,0.019786870584453813
28.0918480985654,0.18569590838749572,0.0005592334246469068,0.020155551655946857
28.09787719607942,0.03985545507412928,0.0005592334246469068,0.020516508287170797
28.10390641583638,0.023769200275319778,0.0005592334246469068,0.020869212830665666
28.10993575809285,0.029731647317615142,0.0005592334246469068,0.021213144663429197
28.115965223105416,0.08158486987812875,0.0005592334246469068,0.021547790187059893
28.121994811130666,0.04847093347170649,0.0005592334246469068,0.02188387337483175
28.128024522425182,0.11157729799027938,0.0005592334246469068,0.02216523484635896
28.13405435724555,0.04252193049124768,0.0005592334246469068,0.02244275295068414
28.140084315848352,0.0008895725434882144,0.0005592334246469068,0.02268236694711689
28.146114398490166,0.028587299395362094,0.0005592334246469068,0.02288531244373982
28.15214460542759,0.01573949904709385,0.0005592334246469068,0.023065104942428537
28.1581749369172,0.18878953051933064,0.0005592334246469068,0.02324360368028913
28.16420539321558,0.05354487944869017,0.0005592334246469068,0.02339374014296433
28.17023597457931,0.1587151175596192,0.0005592334246469068,0.023546550716265068
28.176266681264984,0.08550730558516595,0.0005592334246469068,0.023700591089962357
28.18229751352918,0.16014117895432722,0.0005592334246469068,0.0239013410916284
28.18832847162848,0.18667114553705189,0.0005592334246469068,0.024117964708031167
28.194359555819474,0.039010611788504554,0.0005592334246469068,0.02434413393328402
28.20039076635874,0.03326127061436737,0.0005592334246469068,0.02454672583154368
28.20642210350287,0.04561284028180572,0.0005592334246469068,0.02463153921685714
28.21245356750844,0.12929132363406773,0.0005592334246469068,0.02460005585110964
28.21848515863204,0.021105181093994535,0.0005592334246469068,0.0245467859899409
28.22451687713025,0.017556911612645738,0.0005592334246469068,0.024415790231066953
28.230548723259655,0.0539754123258622,0.0005592334246469068,0.024260432142551375
28.236580697276842,0.05965370673965721,0.0005592334246469068,0.024080279746116318
28.24261279943839,0.025736675757042228,0.0005592334246469068,0.023874895685977837
28.248645030000887,0.12891391663682844,0.0005592334246469068,0.023643837228725696
28.254677389220912,-0.0085486583629658,0.0005592334246469068,0.023291697031722628
28.26070987735506,0.09525641032069253,0.0005592334246469068,0.022811138745195112
28.266742494659905,0.009151219678455905,0.0005592334246469068,0.022275629704145393
28.272775241392033,0.022455070106247928,0.0005592334246469068,0.02184940144808202
28.27880811780803,0.03741802482133934,0.0005592334246469068,0.021542775894596737
28.284841124164483,-0.06575830680455624,0.0005592334246469068,0.021222342944238942
28.290874260717967,-0.0489474935935684,0.0005592334246469068,0.020888306160026484
28.296907527725075,0.12275440810234824,0.0005592334246469068,0.020540872179459893
28.30294092544239,0.009746477072030326,0.0005592334246469068,0.02018025071459427
28.308974454126492,0.02148020281472281,0.0005592334246469068,0.01980665455209896
28.315008114033958,-0.00038947576662176284,0.0005592334246469068,0.019420299553330855
28.32104190542139,-0.0019164264893328509,0.0005592334246469068,0.01902140465439847
28.32707582854536,0.010612414326503013,0.0005592334246469068,0.018610191866224965
28.33310988366246,0.03127889597719314,0.0005592334246469068,0.018186886274621644
28.339144071029263,-0.03039863641286751,0.0005592334246469068,0.017751716040352444
28.345178390902362,-0.025366347710531166,0.0005592334246469068,0.01730491239919775
28.35121284353834,0.0679329166765296,0.0005592334246469068,0.016846709662027323
28.357247429193777,0.06275124738522872,0.0005592334246469068,0.016377345214865533
28.363282148125258,-0.011591624250840397,0.0005592334246469068,0.015897059518955738
28.369317000589373,-0.010618847212955307,0.0005592334246469068,0.015406096110833628
28.375351986842702,0.0793653276983312,0.0005592334246469068,0.014904701602391855
28.381387107141823,-0.0002474161381416703,0.0005592334246469068,0.014393125680946627
28.38742236174333,0.04822627581729008,0.0005592334246469068,0.013840581775513549
28.393457750903803,0.08429454015132386,0.0005592334246469068,0.013321574984526343
28.399493274879823,-0.013982531811013815,0.0005592334246469068,0.012832761578094145
28.40552893392798,-2.722289975392103e-05,0.0005592334246469068,0.012370860983479885
28.411564728304857,-0.006935238841761353,0.0005592334246469068,0.011843718759138555
28.41760065826703,0.012028353856216374,0.0005592334246469068,0.011254920409361813
28.423636724071095,-0.007511936168353392,0.0005592334246469068,0.010392080209213849
28.42967292597363,0.010451890035073623,0.0005592334246469068,0.009514329752790006
28.435709264231217,0.04105496209115506,0.0005592334246469068,0.008679662412710822
28.441745739100444,0.03809830700545007,0.0005592334246469068,0.007895631883880951
28.447782350837894,0.027319830071493686,0.0005592334246469068,0.007121033954751433
28.45381909970015,-0.00426517173728218,0.0005592334246469068,0.006355116734255984
28.4598559859438,-0.023815379295716456,0.0005592334246469068,0.005597151018289966
28.46589300982542,0.02230291650271515,0.0005592334246469068,0.00484643028937383
28.471930171601603,-0.0001309619444219575,0.0005592334246469068,0.0040203237558145005
28.47796747152893,0.02285736888794658,0.0005592334246469068,0.003235545534369943
28.48400490986398,0.06027347252548929,0.0005592334246469068,0.0024992306087655665
28.490042486863345,-0.001765220172176151,0.0005592334246469068,0.0018185777924812456
28.496080202783602,0.010163701677313938,0.0005592334246469068,0.0012120800173763898
28.50211805788134,0.007451678288971735,0.0005592334246469068,0.0006862127242610906
28.508156052413142,0.048365045418221016,0.0005592334246469068,0.00024752800492896946
28.514194186635592,0.010010640828936972,0.0005592334246469068,-0.0001740568269062697
28.520232460805275,-0.0023623853870001683,0.0005592334246469068,-0.0005773967290522474
28.526270875178774,0.07369688839017746,0.0005592334246469068,-0.00095633953736217
28.53230943001267,0.03012920837573,0.0005592334246469068,-0.001310129219468754
28.538348125563548,-0.006245002712164958,0.0005592334246469068,-0.001638008633332205
28.544386962088,0.03462216131985757,0.0005592334246469068,-0.001939219527132532
28.5504259398426,0.021905128629487798,0.0005592334246469068,-0.0022130025391711664
28.556465059083937,0.08863845770547923,0.0005592334246469068,-0.002458597197766619
28.5625043200686,0.042309743713845036,0.0005592334246469068,-0.002686201596910083
28.568543723053164,0.048715624821339835,0.0005592334246469068,-0.0028802637532195216
28.574583268294212,0.13717874974383426,0.0005592334246469068,-0.0030396963049819656
28.580622956048337,-0.0009888005375814322,0.0005592334246469068,-0.0031735186918943146
28.58666278657212,-0.006940192083064748,0.0005592334246469068,-0.003281364556750631
28.59270276012214,0.027598294851918705,0.0005592334246469068,-0.00336287224667139
28.598742876954987,0.017805145643596434,0.0005592334246469068,-0.003417684813134629
28.604783137327242,-0.017702625841560668,0.0005592334246469068,-0.003445450012011672
28.610823541495492,0.014585030059956719,0.0005592334246469068,-0.0034119960267092134
28.61686408971632,0.03103820046618208,0.0005592334246469068,-0.0033803848559572774
28.62290478224631,0.05925569851934625,0.0005592334246469068,-0.0033257765950672636
28.62894561934204,0.006018280586484558,0.0005592334246469068,-0.0032474813481091647
28.634986601260103,0.005324748427205735,0.0005592334246469068,-0.0031448191739854624
28.64102772825708,0.045179566247715706,0.0005592334246469068,-0.0030171200863442224
28.647069000589553,0.04502347451814707,0.0005592334246469068,-0.0028637240534761547
28.653110418514107,0.04479090308049487,0.0005592334246469068,-0.002633851430390117
28.659151982287327,0.04448501061716204,0.0005592334246469068,-0.002330660896015289
28.6651936921658,0.044108908570717975,0.0005592334246469068,-0.0019572638894508262
28.671235548406102,0.04384284299104616,0.0005592334246469068,-0.0016939064571133535
28.677277551264826,0.04358757959796916,0.0005592334246469068,-0.001441354315361916
28.68331970099855,0.04335932425895479,0.0005592334246469068,-0.0012158133282043375
28.689361997863866,0.043162836659136186,0.0005592334246469068,-0.0010220431773170432
28.695404442117344,0.043216216587725675,0.0005592334246469068,-0.0010781436484591286
28.70144703401558,0.04353980856459757,0.0005592334246469068,-0.001404459258055016
28.707489773815155,0.04354189345829017,0.0005592334246469068,-0.0014092708711964663
