wave,flux,err,cont
4.900235012195702,0.06035543752124406,0.005178327053305856,1.4349465907075392
4.901037159707158,0.04572597105641374,0.005178327053305856,1.4349339674708785
4.90183929682496,0.04387700974775521,0.005178327053305856,1.4347878641096816
4.90264142356962,0.046780161320514546,0.005178327053305856,1.4346545997154536
4.903443539961653,0.05636238506067914,0.005178327053305856,1.4345342257069456
4.904245646021577,0.06476995942233388,0.005178327053305856,1.4344267939108704
4.905047741769906,0.06121663528119736,0.005178327053305856,1.4343323565619155
4.905849827227153,0.06026580014029581,0.005178327053305856,1.4342509663027472
4.906651902413836,0.0501332745387888,0.005178327053305856,1.4341826761840193
4.90745396735047,0.017382660596574562,0.005178327053305856,1.434127539664381
4.90825602205757,-0.03808964438691276,0.005178327053305856,1.434085610610485
4.909058066555651,-0.14393668649396774,0.005178327053305856,1.4340569432969952
4.909860100865227,0.04854669061959127,0.005178327053305856,1.4340415924065955
4.910662125006816,0.07914997598312445,0.005178327053305856,1.4340396130299955
4.911464139000932,0.060589812473102356,0.005178327053305856,1.4340510606659418
4.9122661428680905,0.04743075741763669,0.005178327053305856,1.4340759912212222
4.913068136628805,0.044518283852547524,0.005178327053305856,1.4339825659525367
4.913870120303593,0.05981276427548665,0.005178327053305856,1.4340483400277786
4.91467209391297,0.06469821317153701,0.005178327053305856,1.4341607799286085
4.91547405747745,0.06526601556980194,0.005178327053305856,1.4343207970952632
4.916276011017548,0.05953115745970239,0.005178327053305856,1.4345293113344246
4.91707795455378,0.05157075125155197,0.005178327053305856,1.4347427829525565
4.917879888106661,0.05841313225240996,0.005178327053305856,1.4349594254211417
4.9186818116967075,0.05034967403248469,0.005178327053305856,1.4352010008273322
4.919483725344433,-0.07258881065092537,0.005178327053305856,1.4354676336726069
4.920285629070355,-0.05383390927926612,0.005178327053305856,1.4357594511948748
4.921087522894986,0.03247084768900188,0.005178327053305856,1.4360765833684832
4.921889406838843,0.06936780125228847,0.005178327053305856,1.4364191629042375
4.92269128092244,0.05043990920345465,0.005178327053305856,1.4367873252494094
4.923493145166295,0.05362676012994472,0.005178327053305856,1.4371662318646965
4.924294999590919,0.05987743132098977,0.005178327053305856,1.4374086121022067
4.925096844216832,0.06850876267281336,0.005178327053305856,1.4375089839330801
4.925898679064547,0.07552697893023197,0.005178327053305856,1.437871084827394
4.926700504154579,0.0723074124366978,0.005178327053305856,1.4383642886021417
4.927502319507442,0.057283668892485595,0.005178327053305856,1.4388196255636085
4.928304125143655,0.05221985977685706,0.005178327053305856,1.4392392473978055
4.929105921083731,0.05110861259445576,0.005178327053305856,1.43962529419551
4.9299077073481845,0.058537513026685195,0.005178327053305856,1.4400338270938742
4.930709483957533,-0.017415178582989244,0.005178327053305856,1.4404650500345835
4.931511250932289,-0.10790725232538056,0.005178327053305856,1.4409191688980627
4.9323130082929705,0.037814237161864384,0.005178327053305856,1.4413963915035006
4.9331147560600925,0.08316146591784057,0.005178327053305856,1.4418860604526658
4.933916494254167,0.06606922412259997,0.005178327053305856,1.4423880099976474
4.934718222895714,0.043530559666485225,0.005178327053305856,1.4429020736956708
4.935519942005245,0.07675720781644757,0.005178327053305856,1.4434280844090797
4.9363216516032775,0.07611937769779487,0.005178327053305856,1.4436368684179413
4.937123351710326,0.07054772929087516,0.005178327053305856,1.4440371974497368
4.937925042346905,0.06540606360677281,0.005178327053305856,1.444633294193142
4.938726723533532,0.04918008128488105,0.005178327053305856,1.4452834010582065
4.93952839529072,0.06850826242112862,0.005178327053305856,1.4459200298713877
4.9403300576389855,0.058643868999872284,0.005178327053305856,1.4465401183150337
4.941131710598843,0.053899184693395163,0.005178327053305856,1.4471447567736522
4.94193335419081,0.038102022008107195,0.005178327053305856,1.4477495053087972
4.942734988435398,-0.07441688760940846,0.005178327053305856,1.4483540089977898
4.9435366133531256,-0.023476761606598284,0.005178327053305856,1.4489579093851237
4.944338228964506,0.08102640725115617,0.005178327053305856,1.4495608444824282
4.945139835290056,0.0754379894041115,0.005178327053305856,1.4501624487684315
4.945941432350289,0.07528651030956435,0.005178327053305856,1.4507623531889235
4.946743020165723,0.0663107742124045,0.005178327053305856,1.4513599988274952
4.9475445987568705,0.06868624315980099,0.005178327053305856,1.4518876135055971
4.9483461681442495,0.0639031951026312,0.005178327053305856,1.452342483030717
4.949147728348373,0.06493404188770624,0.005178327053305856,1.4527218732941973
4.949949279389757,0.05879817925647157,0.005178327053305856,1.4531414379654375
4.950750821288916,0.049732555161636105,0.005178327053305856,1.4536004495475847
4.951552354066368,0.05133453201295213,0.005178327053305856,1.4540981895767562
4.952353877742626,0.054468277389383424,0.005178327053305856,1.4545546374140064
4.953155392338205,0.05189274403955735,0.005178327053305856,1.4549993110836645
4.9539568978736215,-0.011335056597323367,0.005178327053305856,1.4554333403544406
4.954758394369391,-0.06030767490535682,0.005178327053305856,1.4558805612223251
4.9555598818460265,0.0183876818087485,0.005178327053305856,1.4563412899749593
4.9563613603240455,0.07774785850510746,0.005178327053305856,1.4568158446077424
4.9571628298239645,0.06227651071570772,0.005178327053305856,1.4573045448238697
4.957964290366295,0.0349328053260749,0.005178327053305856,1.457807712034373
4.958765741971554,0.0517064668841376,0.005178327053305856,1.4583313468054224
4.959567184660258,0.05357696024698222,0.005178327053305856,1.4588962827610552
4.960368618452922,0.05615950806079617,0.005178327053305856,1.4595019119320898
4.96117004337006,0.05911291893308124,0.005178327053305856,1.4601094617983255
4.961971459432187,0.03995186838002107,0.005178327053305856,1.460761009686282
4.96277286665982,0.035296174481797005,0.005178327053305856,1.4613789183928376
4.963574265073473,0.025885254916587108,0.005178327053305856,1.4619639992131979
4.9643756546936615,0.03575100088594518,0.005178327053305856,1.4625170536965062
4.9651770355409015,0.0222398909604975,0.005178327053305856,1.4631221644250791
4.965978407635709,-0.04523709053787561,0.005178327053305856,1.4637132364653527
4.966779770998596,-0.07826567006986895,0.005178327053305856,1.4642903760752581
4.9675811256500815,0.04180822259319439,0.005178327053305856,1.4648536846260019
4.968382471610678,0.04894881480108104,0.005178327053305856,1.4654032586020733
4.969183808900902,0.03223962692372928,0.005178327053305856,1.465947488813495
4.969985137541269,0.026502468215180874,0.005178327053305856,1.4664900438604636
4.970786457552295,0.037908830800787996,0.005178327053305856,1.4670305758084545
4.971587768954494,0.028493033644693133,0.005178327053305856,1.4675687348908881
4.97238907176838,0.014520820972548698,0.005178327053305856,1.4681110267766169
4.973190366014472,0.019064132227428088,0.005178327053305856,1.4686573362142124
4.973991651713282,0.010213529173984215,0.005178327053305856,1.4692059301344558
4.974792928885327,0.011481426741224432,0.005178327053305856,1.4697567503207285
4.97559419755112,0.008857405809848728,0.005178327053305856,1.4703209729233127
4.97639545773118,0.017141264714038762,0.005178327053305856,1.4708981400935068
4.977196709446019,0.003781388417361198,0.005178327053305856,1.4714877962254294
4.977997952716155,-0.07453428993958289,0.005178327053305856,1.4721119576078627
4.978799187562101,-0.05588306925010533,0.005178327053305856,1.4727174050508491
4.9796004140043735,0.005680952745010348,0.005178327053305856,1.4733047416670504
4.980401632063487,0.011923426634262935,0.005178327053305856,1.4738745654105623
4.981202841759958,0.030069138451998878,0.005178327053305856,1.4744442117181997
4.9820040431143005,0.040156787620441614,0.005178327053305856,1.4750136744028015
4.982805236147031,0.035744872903354485,0.005178327053305856,1.4755996888471583
4.9836064208786635,0.02880269481432718,0.005178327053305856,1.476201653128456
4.984407597329714,0.013370476945401943,0.005178327053305856,1.4767812231597781
4.985208765520697,0.026317150499485686,0.005178327053305856,1.4773828575389856
4.986009925472128,0.02306919840017252,0.005178327053305856,1.4780072195471425
4.986811077204525,0.0203269957429002,0.005178327053305856,1.4786549770271022
4.987612220738399,0.019947017127885713,0.005178327053305856,1.4793339428449872
4.988413356094268,0.021109493902915055,0.005178327053305856,1.479990859119824
4.989214483292646,-0.009163706718290365,0.005178327053305856,1.4806242913206962
4.99001560235405,-0.05735377459468127,0.005178327053305856,1.481232798256919
4.990816713298994,-0.08717100525739263,0.005178327053305856,1.481814932077898
4.991617816147992,0.02052194559697562,0.005178327053305856,1.4823692382729812
4.992418910921563,0.02748250032333699,0.005178327053305856,1.4828760763999216
4.993219997640218,0.02670410121584088,0.005178327053305856,1.4833346233993652
4.994021076324475,0.016812714628914316,0.005178327053305856,1.4837557885244643
4.994822146994848,0.03189628407486933,0.005178327053305856,1.4841383097616323
4.995623209671854,0.012387809277050854,0.005178327053305856,1.484519404069556
4.996424264376007,0.0050430678404420615,0.005178327053305856,1.48489912972312
4.9972253111278215,-0.010710218173232144,0.005178327053305856,1.4852775460519205
4.998026349947814,-0.008297223767474549,0.005178327053305856,1.4856547134402946
4.998827380856499,-0.006103114624471884,0.005178327053305856,1.4860306933273406
4.999628403874394,0.009997160389605853,0.005178327053305856,1.4864055482069338
5.00042941902201,0.003619470890868115,0.005178327053305856,1.4867793416277555
5.001230426319867,0.009684636750095343,0.005178327053305856,1.4871521381933062
5.002031425788478,-0.05245945255165507,0.005178327053305856,1.4875240035619337
5.002832417448358,-0.0854410212136747,0.005178327053305856,1.4878950044468504
5.003633401320022,-0.004728146283924817,0.005178327053305856,1.4882652086161565
5.004434377423987,0.04049309979267779,0.005178327053305856,1.4886346848928593
5.005235345780767,0.030131553353586638,0.005178327053305856,1.4890035031548965
5.006036306410877,0.018907272081958748,0.005178327053305856,1.4893754303837738
5.0068372593348345,0.023754216329181732,0.005178327053305856,1.489750407479659
5.007638204573151,0.01842583200727632,0.005178327053305856,1.4901233526010103
5.0084391421463454,0.013118140619938323,0.005178327053305856,1.490494036078608
5.009240072074931,0.007030334014724859,0.005178327053305856,1.4908622290072189
5.010040994379423,0.0070292163805167895,0.005178327053305856,1.4912277032455892
5.010841909080338,0.01369666101375766,0.005178327053305856,1.491588449331481
5.01164281619819,0.01381349000940224,0.005178327053305856,1.4919422873090205
5.012443715753496,0.014265844216876378,0.005178327053305856,1.49228912560723
5.01324460776677,0.017700044026134787,0.005178327053305856,1.4926288724662438
5.014045492258526,0.0015797518235263208,0.005178327053305856,1.4929614359373016
5.014846369249282,-0.03981460732300768,0.005178327053305856,1.4932867238827559
5.015647238759552,-0.012749826677770804,0.005178327053305856,1.493604643976072
5.01644810080985,0.048646927839701704,0.005178327053305856,1.4939151037018292
5.017248955420693,0.040895978046096015,0.005178327053305856,1.494218010355722
5.0180498026125955,0.025700564217451927,0.005178327053305856,1.4945132710445639
5.018850642406075,0.03097284218932206,0.005178327053305856,1.4948007926862867
5.019651474821643,0.034286688437100254,0.005178327053305856,1.4950804820099466
5.0204522998798184,0.024189615188882962,0.005178327053305856,1.4953522455557184
5.021253117601113,0.022677525971191548,0.005178327053305856,1.495628272835618
5.022053928006045,0.020021339363565316,0.005178327053305856,1.4959080343713922
5.022854731115128,0.021996498081570337,0.005178327053305856,1.496188532573461
5.023655526948877,0.013290724950114852,0.005178327053305856,1.4964493638922094
5.02445631552781,0.008304122396510571,0.005178327053305856,1.496690450108787
5.025257096872439,0.017842547070360704,0.005178327053305856,1.4969201352326662
5.026057871003282,0.020317037602677113,0.005178327053305856,1.4971228172855737
5.026858637940851,-0.015421110117857406,0.005178327053305856,1.497315312537579
5.027659397705664,-0.056495459870265385,0.005178327053305856,1.4974920689977231
5.028460150318237,0.015378311344681705,0.005178327053305856,1.4976528293735485
5.029260895799083,0.05657776324592034,0.005178327053305856,1.4977973348748885
5.030061634168717,0.043126189142112414,0.005178327053305856,1.497925325213872
5.030862365447657,0.026828000455862977,0.005178327053305856,1.4980365386049446
5.031663089656416,0.013170675493865414,0.005178327053305856,1.4981404937871696
5.032463806815509,-0.00023236191926967464,0.005178327053305856,1.4982365790488534
5.033264516945453,0.0005277628116582278,0.005178327053305856,1.4983241836341477
5.034065220066763,-0.001756984048809196,0.005178327053305856,1.4984026977430465
5.034865916199953,0.001521206995716451,0.005178327053305856,1.4984715125313728
5.035666605365541,-0.002373744796748012,0.005178327053305856,1.4985685068830183
5.036467287584038,-0.006431889606817842,0.005178327053305856,1.4986944097374777
5.037267962875963,-0.003693383839040054,0.005178327053305856,1.4988499602870888
5.0380686312618295,-0.0018167092455041445,0.005178327053305856,1.4990359079769384
5.038869292762153,-0.007069379800741293,0.005178327053305856,1.4992530125047847
5.039669947397449,-0.06341668224413821,0.005178327053305856,1.4994773906077687
5.040470595188233,-0.05095355541420088,0.005178327053305856,1.4997134778713415
5.041271236155021,0.01401490359446611,0.005178327053305856,1.4999628342842684
5.042071870318326,0.03706759326037745,0.005178327053305856,1.5002270246019695
5.042872497698665,0.02520890318209612,0.005178327053305856,1.5004622072266507
5.043673118316554,0.01586815235870609,0.005178327053305856,1.500667799878553
5.044473732192507,-0.0008895863420932404,0.005178327053305856,1.5008432141507209
5.045274339347039,-0.01070371982046403,0.005178327053305856,1.5009878555090534
5.046074939800666,-0.005772933289911242,0.005178327053305856,1.5011298931882675
5.046875533573902,-0.0047642384710349095,0.005178327053305856,1.501269176175128
5.047676120687265,-0.0040946947534703515,0.005178327053305856,1.5014096649441653
5.048476701161268,-0.011424895270827795,0.005178327053305856,1.5015510644862222
5.0492772750164265,-0.008039524028242706,0.005178327053305856,1.5016930817175325
5.050077842273257,-0.009611861696484203,0.005178327053305856,1.50183172993694
5.050878402952273,-0.003735252906114983,0.005178327053305856,1.5019668509759658
5.0516789570739915,-0.009029773790564688,0.005178327053305856,1.5020982876646527
5.052479504658928,-0.04300389978288055,0.005178327053305856,1.502225883831552
5.053280045727595,-0.03640451981292658,0.005178327053305856,1.50234948430372
5.054080580300511,0.032774503874694716,0.005178327053305856,1.5024689349067053
5.05488110839819,0.023905404640964356,0.005178327053305856,1.5025840824645447
5.055681630041146,0.009513848555246618,0.005178327053305856,1.502672479714917
5.0564821452498965,0.0031839795219514855,0.005178327053305856,1.5027347661828034
5.057282654044956,-0.008200247754713397,0.005178327053305856,1.5027886407863669
5.058083156446839,-0.00893733655585871,0.005178327053305856,1.502834128684667
5.058883652476061,-0.01298545921192562,0.005178327053305856,1.5028781119112726
5.059684142153139,-0.02311071137810794,0.005178327053305856,1.502929384953724
5.060484625498586,-0.01502571443866385,0.005178327053305856,1.5029879091174303
5.061285102532918,-0.010972419862162575,0.005178327053305856,1.5030513627591757
5.062085573276651,-0.001523711886473933,0.005178327053305856,1.5031197952389381
5.062886037750299,-0.00013631787208501223,0.005178327053305856,1.5031932588261467
5.0636864959743795,0.001638034718324688,0.005178327053305856,1.5032718086996582
5.064486947969405,0.0019622723318821755,0.005178327053305856,1.503327617162808
5.065287393755893,-0.037568552738692196,0.005178327053305856,1.503384267022129
5.0660878333543575,-0.02754250145151871,0.005178327053305856,1.5034420050349493
5.0668882667853135,0.013561531101608404,0.005178327053305856,1.5035101352410214
5.067688694069279,0.032679841148769206,0.005178327053305856,1.5035885863703078
5.0684891152267655,0.0029853787376521446,0.005178327053305856,1.5036942729556535
5.069289530278291,-0.008705426374628678,0.005178327053305856,1.5037421929550399
5.07008993924437,-0.01103613270245507,0.005178327053305856,1.5037843051333977
5.070890342145517,-0.007760606369624501,0.005178327053305856,1.5038114358172203
5.071690739002247,-0.008899579174824535,0.005178327053305856,1.50382322487711
5.072491129835077,-0.017091887804176142,0.005178327053305856,1.5038193098913748
5.073291514664523,-0.009234344266952244,0.005178327053305856,1.5037993261460383
5.074091893511097,-0.026454851240452548,0.005178327053305856,1.5037629066348634
5.074892266395317,-0.023739472285710495,0.005178327053305856,1.5037193407252687
5.075692633337697,-0.032257656768343246,0.005178327053305856,1.5036679142840814
5.076492994358752,-0.0054977899802053365,0.005178327053305856,1.503607913307997
5.077293349478999,-0.0047441670338412845,0.005178327053305856,1.5035386239235815
5.078093698718951,-0.013813387227988416,0.005178327053305856,1.5034593323872663
5.078894042099125,-0.023770907441954092,0.005178327053305856,1.50338948838621
5.079694379640037,0.008813001401302811,0.005178327053305856,1.5032587005873281
5.080494711362199,0.042729000065931944,0.005178327053305856,1.503057735556865
5.08129503728613,0.0049532664546718674,0.005178327053305856,1.5029647002481552
5.082095357432343,-0.013965860849343592,0.005178327053305856,1.502917882319502
5.082895671821355,-0.013262360898883996,0.005178327053305856,1.5029428917208387
5.083695980473678,0.0035398892785760694,0.005178327053305856,1.502975159113737
5.08449628340983,-0.0001432544010431247,0.005178327053305856,1.5030151960143878
5.085296580650327,0.0028877801769688904,0.005178327053305856,1.5030635161875368
5.086096872215682,-0.008228202720853783,0.005178327053305856,1.5031206356464637
5.086897158126413,-0.013617248064083265,0.005178327053305856,1.5031925750550816
5.087697438403032,-0.0023016474576444956,0.005178327053305856,1.503279659784331
5.088497713066055,-0.0073603337494982934,0.005178327053305856,1.5033822188333874
5.089297982135999,-0.0018147036758326962,0.005178327053305856,1.5034875188148311
5.0900982456333805,-0.01284973699970382,0.005178327053305856,1.5035921008984554
5.09089850357871,0.00290618791205155,0.005178327053305856,1.503686143231708
5.091698755992508,-0.025478224225761403,0.005178327053305856,1.5037693061461477
5.092499002895285,-0.002159299614421073,0.005178327053305856,1.5036996219428265
5.09329924430756,0.032869841025509494,0.005178327053305856,1.5034899468532106
5.094099480249848,0.02328518741846697,0.005178327053305856,1.503636473843724
5.09489971074266,0.026002864174547335,0.005178327053305856,1.5037458888506534
5.095699935806517,0.016689007188002813,0.005178327053305856,1.5038463420367782
5.096500155461931,0.010873292708983184,0.005178327053305856,1.5039384245534715
5.0973003697294175,-0.01841551459663493,0.005178327053305856,1.504049331653249
5.098100578629493,-0.013886260122441874,0.005178327053305856,1.504167839291732
5.098900782182673,-0.010988093496806073,0.005178327053305856,1.5042932176332227
5.09970098040947,-0.0028417205573558757,0.005178327053305856,1.5044247385968128
5.100501173330402,-0.0031796650659858816,0.005178327053305856,1.504484428683971
5.101301360965984,-0.0015111291841918284,0.005178327053305856,1.504549324669286
5.10210154333673,-0.00022214614746385308,0.005178327053305856,1.504618763287782
5.102901720463156,-0.004585577688462683,0.005178327053305856,1.5046920824713148
5.103701892365779,0.009361667979052912,0.005178327053305856,1.504748676742061
5.10450205906511,-0.004461629733581551,0.005178327053305856,1.5045407207007422
5.1053022205816685,-0.02011341305347414,0.005178327053305856,1.5044689058338883
5.106102376935967,0.021353721164117934,0.005178327053305856,1.504538814081728
5.106902528148524,0.03792768613298225,0.005178327053305856,1.5046091726656103
5.10770267423985,0.021246348081580546,0.005178327053305856,1.5046843067481381
5.108502815230465,0.009962932585220408,0.005178327053305856,1.5047478914994197
5.109302951140882,0.0023075855780050336,0.005178327053305856,1.5047998526396706
5.110103081991616,0.004886176949598919,0.005178327053305856,1.5048499506728634
5.110903207803184,-0.003766156039225921,0.005178327053305856,1.5048977561180916
5.111703328596099,-0.01159442637078456,0.005178327053305856,1.5049428388051949
5.112503444390878,-0.0002084670710620351,0.005178327053305856,1.5050071810073922
5.113303555208035,0.0028135529376605017,0.005178327053305856,1.505089950594059
5.1141036610680874,0.0005588163090823883,0.005178327053305856,1.5051469904153163
5.114903761991548,-0.0022349220359121347,0.005178327053305856,1.5051770716210016
5.115703857998933,0.005362280359566318,0.005178327053305856,1.5051789590573552
5.11650394911076,0.003502416677160447,0.005178327053305856,1.5050339236725692
5.117304035347539,-0.0009529177783844656,0.005178327053305856,1.5050146400271254
5.118104116729792,0.0034865491886129085,0.005178327053305856,1.50501617928593
5.118904193278027,-0.006399367310149007,0.005178327053305856,1.5049277397086254
5.119704265012766,0.018354384378960198,0.005178327053305856,1.504833333962298
5.120504331954519,0.02639374751811574,0.005178327053305856,1.5047328994914622
5.121304394123805,0.005022251534110511,0.005178327053305856,1.504626372876389
5.122104451541138,-0.004512278789646107,0.005178327053305856,1.5045139128573504
5.122904504227032,-0.005858860378423758,0.005178327053305856,1.5043954463769735
5.123704552202004,-0.016771081582195535,0.005178327053305856,1.5042726703409186
5.124504595486569,-0.01688818110525525,0.005178327053305856,1.5041454472779374
5.1253046341012425,-0.009138861015906219,0.005178327053305856,1.5040136393524308
5.126104668066538,-0.00792227271016066,0.005178327053305856,1.5038806498955335
5.126904697402973,-0.0010945209762054375,0.005178327053305856,1.5037462147491356
5.127704722131062,0.0032983097310912424,0.005178327053305856,1.5036100702786845
5.1285047422713195,0.02404949746319529,0.005178327053305856,1.5034719533731709
5.129304757844261,0.02576414782686065,0.005178327053305856,1.50333160144513
5.130104768870404,0.023866930097307115,0.005178327053305856,1.5033374993611968
5.130904775370261,0.02570667618515099,0.005178327053305856,1.5033482823011621
5.131704777364347,0.009833979616925559,0.005178327053305856,1.503363811287326
5.132504774873181,-0.009920158582140237,0.005178327053305856,1.503383948464578
5.1333047679172745,0.01680660846065729,0.005178327053305856,1.5034085571003906
5.134104756517144,0.011065880977216613,0.005178327053305856,1.5034157142912907
5.1349047406933055,0.0006588201762505186,0.005178327053305856,1.503406058190122
5.135704720466274,-0.018852311661121002,0.005178327053305856,1.5033977819968396
5.136504695856564,-0.02059715639885029,0.005178327053305856,1.5033908924797175
5.13730466688469,-0.010659440316061586,0.005178327053305856,1.50338539646967
5.13810463357117,-0.018312065021129698,0.005178327053305856,1.5033813008602528
5.138904595936518,-0.01880075233121503,0.005178327053305856,1.5033786126076634
5.1397045540012485,-0.016347859707641632,0.005178327053305856,1.503377338730743
5.140504507785878,-0.017117821875068495,0.005178327053305856,1.5033774863109701
5.141304457310921,0.0027298324145237363,0.005178327053305856,1.5033790624924652
5.142104402596893,-0.001547746334205291,0.005178327053305856,1.503377852813961
5.142904343664309,0.007466615386923614,0.005178327053305856,1.5033737179968698
5.143704280533685,0.02087806963209249,0.005178327053305856,1.5033665178049413
5.144504213225535,0.02210763615447653,0.005178327053305856,1.5033561110442704
5.145304141760375,0.0033327597078931515,0.005178327053305856,1.5033423555632952
5.146104066158722,-0.008650025393323935,0.005178327053305856,1.503325108252812
5.146903986441089,-0.00032193396698798615,0.005178327053305856,1.5033134295005386
5.147703902627992,0.026099911109839224,0.005178327053305856,1.5033068478692808
5.1485038147399464,0.016597244370319952,0.005178327053305856,1.5032971440605545
5.149303722797466,0.008118749802017211,0.005178327053305856,1.5032747151553976
5.150103626821069,0.004036745310862511,0.005178327053305856,1.503239700294366
5.150903526831268,-0.0007057406989818826,0.005178327053305856,1.5031922356665235
5.1517034228485805,-0.008294593389687632,0.005178327053305856,1.5031422568773052
5.15250331489352,-0.032460074110755244,0.005178327053305856,1.5030895465981473
5.153303202986603,-0.02930972001395804,0.005178327053305856,1.5030338870062967
5.154103087148344,-0.014924512035714432,0.005178327053305856,1.502975059784817
5.154902967399258,-0.01336331782013489,0.005178327053305856,1.502800378252148
5.155702843759863,-0.02128197860629344,0.005178327053305856,1.5026768504437311
5.156502716250669,-0.004903786117718356,0.005178327053305856,1.502606265813542
5.1573025848921965,-0.00044616031834854297,0.005178327053305856,1.5025904275004507
5.158102449704958,0.015257810995088716,0.005178327053305856,1.5025752936657828
5.158902310709469,0.010485719483984912,0.005178327053305856,1.502560755751502
5.1597021679262465,-0.016363123448707828,0.005178327053305856,1.5025467053832346
5.1605020213758035,-0.01838326388590783,0.005178327053305856,1.5025330343702754
5.161301871078656,0.013948563420010496,0.005178327053305856,1.5025196347055805
5.162101717055322,-0.0036954008458225385,0.005178327053305856,1.5025063985657696
5.162901559326312,-0.02234211710170575,0.005178327053305856,1.5024932183111297
5.163701397912144,-0.014375135193958055,0.005178327053305856,1.5024799864856035
5.1645012328333335,-0.012924183967204073,0.005178327053305856,1.5024575675849436
5.165301064110395,-0.009225066932932124,0.005178327053305856,1.5023940880636737
5.166100891763843,-0.011369644512057686,0.005178327053305856,1.5022886450562076
5.1669007158141955,-0.007120847223517579,0.005178327053305856,1.502147150956718
5.167700536281966,-0.013957143202509403,0.005178327053305856,1.5020375551249976
5.16850035318767,-0.026132522619458864,0.005178327053305856,1.5019557592980464
5.169300166551822,-0.012487688273374431,0.005178327053305856,1.5019028137498145
5.170099976394938,-0.0008446300339788326,0.005178327053305856,1.501853524359983
5.170899782737533,0.007679320433818582,0.005178327053305856,1.501807885033128
5.171699585600123,0.01678603194120365,0.005178327053305856,1.5017652860193393
5.172499385003223,0.020334234751330893,0.005178327053305856,1.5017257446027739
5.173299180967348,0.0037048019512335717,0.005178327053305856,1.5016892788853342
5.174098973513013,-0.01978551992426847,0.005178327053305856,1.5016611638320534
5.174898762660734,0.0023294678862824103,0.005178327053305856,1.5016462972994762
5.175698548431026,0.003813107596637,0.005178327053305856,1.5016163593119956
5.176498330844404,-0.006392208845650282,0.005178327053305856,1.5015875267088825
5.1772981099213835,-0.02294199426222221,0.005178327053305856,1.501559911200333
5.1780978856824795,-0.009659511287611,0.005178327053305856,1.5015695582309574
5.178897658148208,-0.006408386246375075,0.005178327053305856,1.5015178338407
5.179697427339084,-0.017781504162121653,0.005178327053305856,1.5014185397564401
5.180497193275623,-0.01596302047891407,0.005178327053305856,1.5013534078781545
5.18129695597834,-0.009931549075580026,0.005178327053305856,1.5013119924309957
5.1820967154677495,-0.025533254503883107,0.005178327053305856,1.5012951960804142
5.1828964717643675,-0.01727706510742566,0.005178327053305856,1.5012804062342864
5.18369622488871,-0.018850943505623885,0.005178327053305856,1.5012713793468786
5.18449597486129,0.005608496683733755,0.005178327053305856,1.5012680840728385
5.1852957217026265,0.017556406999605034,0.005178327053305856,1.5012708558169146
5.186095465433231,0.006230697391614637,0.005178327053305856,1.5012835574172325
5.186895206073622,0.0037591917659502982,0.005178327053305856,1.5013001296220856
5.1876949436443125,-0.018563191521662192,0.005178327053305856,1.5012987417672876
5.188494678165818,-0.012796410726014118,0.005178327053305856,1.5012548020326815
5.189294409658654,-0.0027686782389912956,0.005178327053305856,1.5012316654778708
5.190094138143338,0.002427121225845097,0.005178327053305856,1.5011693317789085
5.190893863640381,-0.009333282493575012,0.005178327053305856,1.5011443840763692
5.191693586170302,-0.027430209090487656,0.005178327053305856,1.501142515084409
5.192493305753615,-0.03315638760550543,0.005178327053305856,1.5011651117050695
5.193293022410836,-0.025486891863919725,0.005178327053305856,1.5011273016219815
5.194092736162477,-0.01583847717771092,0.005178327053305856,1.501093694656984
5.194892447029058,-0.023173019283972085,0.005178327053305856,1.5010731801754265
5.195692155031091,-0.006709421475292521,0.005178327053305856,1.5010661562022325
5.196491860189092,-0.01350002166875175,0.005178327053305856,1.5010730239765846
5.197291562523578,-0.010722921115105866,0.005178327053305856,1.5010855923615072
5.198091262055063,-0.010432767603658633,0.005178327053305856,1.5011026898418809
5.1988909588040615,-0.010795351561361688,0.005178327053305856,1.5011221292488528
5.199690652791089,-0.008568730087882948,0.005178327053305856,1.5011438586192745
5.200490344036662,0.014832181481055251,0.005178327053305856,1.5011619292339509
5.201290032561295,-0.0036178448726984502,0.005178327053305856,1.5011839330911785
5.202089718385504,-0.010023304027785285,0.005178327053305856,1.501211438663426
5.202889401529803,-0.017540194871634718,0.005178327053305856,1.5012443978885561
5.203689082014708,0.007842162602319958,0.005178327053305856,1.5012711276685318
5.204488759860733,0.0030128733656169526,0.005178327053305856,1.5012911782380896
5.205288435088396,-0.01711042049736844,0.005178327053305856,1.501302294942929
5.20608810771821,-0.017777092074410694,0.005178327053305856,1.5012808165043414
5.2068877777706915,-0.022023944436560194,0.005178327053305856,1.5012764751358554
5.207687445266355,-0.02881624001390115,0.005178327053305856,1.501290035140856
5.208487110225716,-0.005513997291959116,0.005178327053305856,1.501322265343523
5.209286772669291,-0.013611772778468811,0.005178327053305856,1.5013565985410575
5.210086432617594,-0.009649562094253605,0.005178327053305856,1.5014034149605977
5.210886090091139,0.013310329984102864,0.005178327053305856,1.5014451885305014
5.211685745110445,-0.0034988403890159336,0.005178327053305856,1.5014811345140635
5.212485397696024,-0.006729346786828572,0.005178327053305856,1.5015495602233666
5.213285047868391,-0.02715377848211653,0.005178327053305856,1.5016275450131908
5.214084695648064,-0.014964370841953345,0.005178327053305856,1.5017211422169807
5.214884341055557,0.0018400033720720188,0.005178327053305856,1.5018368589314468
5.215683984111385,-0.013150295755910868,0.005178327053305856,1.5019364030766948
5.216483624836063,-0.021922905234393886,0.005178327053305856,1.5020079442343897
5.217283263250108,-0.010606622459553794,0.005178327053305856,1.5020495481003964
5.218082899374033,0.016264518167933062,0.005178327053305856,1.5020660455298387
5.218882533228354,0.016709183543807793,0.005178327053305856,1.5020843644289643
5.219682164833588,0.0033787899707717894,0.005178327053305856,1.5021040237177068
5.220481794210247,-0.013898925353896141,0.005178327053305856,1.5021477512598818
5.22128142137885,-0.015959327508408006,0.005178327053305856,1.5022155653191032
5.22208104635991,-0.005631691848569487,0.005178327053305856,1.502282541242768
5.222880669173942,-0.009133287600734619,0.005178327053305856,1.5023487407577227
5.223680289841464,-0.006960291023581755,0.005178327053305856,1.5024142256015247
5.224479908382987,-0.01203494805343186,0.005178327053305856,1.5024591632309472
5.2252795248190305,-0.002312786249356158,0.005178327053305856,1.5024843208561904
5.226079139170106,0.010053262388631135,0.005178327053305856,1.5025151151921228
5.2268787514567325,0.0067929110748345956,0.005178327053305856,1.5025514292532947
5.2276783616994225,0.014876959458036021,0.005178327053305856,1.5025931472578362
5.228477969918693,0.0008656911564741687,0.005178327053305856,1.5026401546274508
5.229277576135058,-0.010711329260577163,0.005178327053305856,1.5026923379874182
5.230077180369032,-0.011477075718118623,0.005178327053305856,1.5027495851665815
5.2308767826411335,-0.02307502890039026,0.005178327053305856,1.5028117851973533
5.231676382971876,-0.028387253269310797,0.005178327053305856,1.5028789232183284
5.232475981381773,-0.012461063664278349,0.005178327053305856,1.5029281566903656
5.233275577891343,0.0003429818799891571,0.005178327053305856,1.5029747283371275
5.2340751725210986,0.002358147298951341,0.005178327053305856,1.5030149851259975
5.234874765291558,-0.01174600843848328,0.005178327053305856,1.503048968346366
5.235674356223233,-0.0020830406911811483,0.005178327053305856,1.5030839912536893
5.236473945336642,-0.004966158020518252,0.005178327053305856,1.503116043883026
5.2372735326522974,0.0027931351512293645,0.005178327053305856,1.5031450405627083
5.238073118190716,-0.01092595773240812,0.005178327053305856,1.503170894745244
5.238872701972414,-0.0043800034486887185,0.005178327053305856,1.5031953647333793
5.239672284017906,0.011451747299156656,0.005178327053305856,1.503220514866519
5.240471864347707,-0.0027865853084838577,0.005178327053305856,1.5032774052821858
5.24127144298233,-0.00035808834946449153,0.005178327053305856,1.5033308217130674
5.242071019942296,0.011378877783634112,0.005178327053305856,1.503380931641599
5.242870595248115,0.010963101403189679,0.005178327053305856,1.5034354587773437
5.243670168920304,-0.003024299217998072,0.005178327053305856,1.5034943012103708
5.24446974097938,-0.000384939630429848,0.005178327053305856,1.5035573582104267
5.245269311445855,0.001923516647140966,0.005178327053305856,1.5036040027808952
5.246068880340247,-0.007547259623712943,0.005178327053305856,1.5036348644400666
5.24686844768307,-0.020146573329098194,0.005178327053305856,1.503682455789198
5.247668013494839,0.0016160142605783356,0.005178327053305856,1.5037549097667404
5.248467577796071,0.000833665867153055,0.005178327053305856,1.503819986039537
5.24926714060728,-0.010065628904157853,0.005178327053305856,1.5038652719132362
5.25006670194898,-0.003827766151350609,0.005178327053305856,1.5038906331623196
5.25086626184169,-0.00903635066574604,0.005178327053305856,1.5038984900483745
5.251665820305922,-0.010329893137743351,0.005178327053305856,1.5039089167684665
5.252465377362192,0.003653095926534178,0.005178327053305856,1.5039222266005834
5.253264933031017,-0.009789730674458985,0.005178327053305856,1.503930007804676
5.254064487332909,-0.008791734663635031,0.005178327053305856,1.5039510382379957
5.254864040288385,0.0009781149367218411,0.005178327053305856,1.5039685148054733
5.255663591917961,0.0031156754928294284,0.005178327053305856,1.503990592068919
5.2564631422421515,0.0006273284252626965,0.005178327053305856,1.5040172019703302
5.257262691281473,-0.0035654402201026336,0.005178327053305856,1.5040482775337356
5.258062239056439,-0.009835927044272719,0.005178327053305856,1.5040837528652018
5.258861785587566,-0.00817407737709619,0.005178327053305856,1.5041219086779516
5.25966133089537,-0.0021718999880229184,0.005178327053305856,1.5041526085539645
5.260460875000363,-0.006598506275478977,0.005178327053305856,1.5041703292133386
5.261260417923064,-0.016942935598361686,0.005178327053305856,1.5041745752620646
5.262059959683985,-0.01718912509382542,0.005178327053305856,1.5041651803063738
5.2628595003036445,0.011422586725003292,0.005178327053305856,1.5041419747950702
5.263659039802556,0.0030877574172529787,0.005178327053305856,1.5041047860195493
5.264458578201235,0.006384551554095896,0.005178327053305856,1.5040579399583773
5.265258115520197,-0.0021350241971909156,0.005178327053305856,1.5040010979585725
5.266057651779957,-0.009138783590717736,0.005178327053305856,1.5039339193377022
5.2668571870010314,-0.0031784464680661983,0.005178327053305856,1.503856061383875
5.267656721203933,-0.00347232728042024,0.005178327053305856,1.5037927129746473
5.2684562544091795,0.005715651683945833,0.005178327053305856,1.5037415334485054
5.2692557866372844,0.0031087180761411037,0.005178327053305856,1.5037029666402548
5.270055317908764,-0.00068744460499226,0.005178327053305856,1.5036774598332974
5.2708548482441335,0.008561405351437346,0.005178327053305856,1.5036568986085745
5.27165437766391,0.011411958672185918,0.005178327053305856,1.503641439786816
5.2724539061886055,-0.007063235922417643,0.005178327053305856,1.5036287773078008
5.273253433838735,-0.006087564058167683,0.005178327053305856,1.5036191581256544
5.274052960634818,-0.009952840098783389,0.005178327053305856,1.5036239060866117
5.274852486597366,-0.009095025885354602,0.005178327053305856,1.5036271470919251
5.275652011746897,-0.0013649515797649059,0.005178327053305856,1.5036157237582208
5.276451536103923,-0.011386673662083568,0.005178327053305856,1.503591146030253
5.277251059688962,-0.017192325196681013,0.005178327053305856,1.5035533534962524
5.278050582522529,0.005220811927109992,0.005178327053305856,1.5035109696124338
5.278850104625138,0.010080518343287714,0.005178327053305856,1.5034638884755225
5.279649626017305,0.0035857753142940485,0.005178327053305856,1.5034168626901745
5.280449146719545,-0.0021945643976115647,0.005178327053305856,1.5033696122652043
5.281248666752375,0.006735092312904811,0.005178327053305856,1.5033273100897087
5.282048186136307,-0.008443716537495094,0.005178327053305856,1.5032894834875563
5.28284770489186,-0.005637931776786287,0.005178327053305856,1.5032662604661557
5.283647223039546,-0.008899448380741193,0.005178327053305856,1.503225423753813
5.284446740599881,-0.01290644185952039,0.005178327053305856,1.503196177950899
5.285246257593383,0.00020319271013291562,0.005178327053305856,1.5031617696116872
5.286045774040564,-0.00020451982379166012,0.005178327053305856,1.5031317509748872
5.286845289961941,-0.013502291334643868,0.005178327053305856,1.503106102637003
5.287644805378029,-0.014713546448879455,0.005178327053305856,1.5030723612916226
5.288444320309343,-0.016858512544413173,0.005178327053305856,1.5030303310365747
5.289243834776398,-0.013583789114471667,0.005178327053305856,1.502980890565391
5.29004334879971,-0.0054738404093899184,0.005178327053305856,1.5029380239795402
5.290842862399794,-0.013035946696009937,0.005178327053305856,1.5028847470945756
5.291642375597165,-0.025601382050149057,0.005178327053305856,1.5028330240854593
5.292441888412339,-0.019762455062878992,0.005178327053305856,1.5028113228007451
5.293241400865831,0.0064756259910438985,0.005178327053305856,1.5027968954366284
5.294040912978155,0.006529032853296535,0.005178327053305856,1.5027895292425235
5.294840424769829,-0.0035573553606151886,0.005178327053305856,1.5027796344822963
5.295639936261366,-0.006999073746776441,0.005178327053305856,1.502710353880285
5.296439447473282,-0.012734901176815638,0.005178327053305856,1.5026147754829025
5.297238958426091,-0.011389134497522324,0.005178327053305856,1.5025619198848814
5.298038469140311,-0.013702434683165787,0.005178327053305856,1.5025006813546793
5.298837979636455,-0.014252825089112964,0.005178327053305856,1.5024395740525303
5.29963748993504,-0.006358766048337516,0.005178327053305856,1.5023786004132638
5.300437000056579,-0.007681178420022361,0.005178327053305856,1.502317763010446
5.30123651002159,-0.01816996429228368,0.005178327053305856,1.5022570645563715
5.302036019850587,-0.003027442065301811,0.005178327053305856,1.5021965079020692
5.302835529564084,-0.011696460820823651,0.005178327053305856,1.502126092444979
5.303635039182598,-0.01142218055183264,0.005178327053305856,1.5020454740045235
5.304434548726645,-0.01917186556416417,0.005178327053305856,1.501954306119377
5.3052340582167385,-0.01033278800707671,0.005178327053305856,1.5018551165766236
5.306033567673394,0.0018806592682751866,0.005178327053305856,1.5017474523592274
5.306833077117128,-0.000531410481933392,0.005178327053305856,1.5016099755253873
5.307632586568455,-0.010867777125196154,0.005178327053305856,1.5015129304328592
5.308432096047889,-0.0077530883996659306,0.005178327053305856,1.5015611326154918
5.309231605575946,0.004430467816387118,0.005178327053305856,1.5015252919702247
5.310031115173143,-0.0064450412985017635,0.005178327053305856,1.501470815639604
5.310830624859995,-0.004317621688576745,0.005178327053305856,1.5014116601388465
5.311630134657015,-0.014090831497136413,0.005178327053305856,1.5013481657170131
5.31242964458472,-0.004709354452666847,0.005178327053305856,1.5012806717789973
5.313229154663625,-0.014529727438871376,0.005178327053305856,1.5012291004710896
5.314028664914245,-0.013632389520508603,0.005178327053305856,1.5011930951320154
5.314828175357097,-0.01062651605715037,0.005178327053305856,1.5011666042602547
5.315627686012693,-0.009121872983073542,0.005178327053305856,1.501116597994554
5.31642719690155,-0.003500046982319205,0.005178327053305856,1.5010436843885389
5.317226708044185,-0.01218729718330791,0.005178327053305856,1.5009737432999233
5.31802621946111,-0.016230258322182278,0.005178327053305856,1.500909936493962
5.3188257311728435,-0.01196650142227984,0.005178327053305856,1.5008483449845837
5.319625243199898,-0.016564293660448204,0.005178327053305856,1.5007889250538438
5.320424755562791,-0.008481179544568063,0.005178327053305856,1.5007270772552048
5.3212242682820365,-0.011807678925585652,0.005178327053305856,1.5006435170330588
5.3220237813781495,0.0028045666120233292,0.005178327053305856,1.500523843161782
5.322823294871647,0.00936199089666978,0.005178327053305856,1.5004439221970896
5.323622808783043,0.0005285307719660182,0.005178327053305856,1.5003775315354262
5.324422323132852,-0.0027089379109586087,0.005178327053305856,1.5003250589252626
5.32522183794159,0.00035741274727896233,0.005178327053305856,1.5002417451526573
5.326021353229773,-0.0090223361528321,0.005178327053305856,1.500127652647749
5.326820869017916,-0.022650557687325268,0.005178327053305856,1.5000007975437264
5.327620385326534,-0.025367210244486182,0.005178327053305856,1.4998601875219366
5.328419902176143,-0.029496399919781258,0.005178327053305856,1.4997852509330847
5.329219419587257,-0.0277768907518805,0.005178327053305856,1.4997004841903638
5.330018937580392,-0.02373648142655327,0.005178327053305856,1.4996054034617121
5.330818456176063,-0.019215373649097645,0.005178327053305856,1.4995078566600653
5.331617975394786,-0.015525921251620556,0.005178327053305856,1.4994277166698646
5.332417495257075,-0.0086010640495493,0.005178327053305856,1.4993649164724765
5.333217015783447,-0.018417393038372643,0.005178327053305856,1.499303029088131
5.334016536994416,-0.011488036693494408,0.005178327053305856,1.4992136350010914
5.334816058910497,-0.022977266167486965,0.005178327053305856,1.4991528433997692
5.335615581552207,-0.01161686322355271,0.005178327053305856,1.4990751558703432
5.33641510494006,-0.012910431703745395,0.005178327053305856,1.498996678335919
5.3372146290945714,-0.022390011661686637,0.005178327053305856,1.4989178233242464
5.338014154036256,-0.0005617098878742954,0.005178327053305856,1.4988638051340715
5.3388136797856305,-0.014376932233663986,0.005178327053305856,1.4988334416252183
5.339613206363209,-0.010455992030436345,0.005178327053305856,1.498825556835674
5.340412733789507,-0.009279117959816618,0.005178327053305856,1.4988389809816
5.34121226208504,-0.006409819704161324,0.005178327053305856,1.4988423927784567
5.342011791270323,-0.009424454527676707,0.005178327053305856,1.4988214001953823
5.342811321365872,-0.012038743783056471,0.005178327053305856,1.4987764208689611
5.343610852392201,-0.010560695564902245,0.005178327053305856,1.4987078674779275
5.344410384369827,-0.01978102089076139,0.005178327053305856,1.4986161477431552
5.345209917319265,-0.02048794716869673,0.005178327053305856,1.4985016644276534
5.346009451261028,-0.005381979897958855,0.005178327053305856,1.4983413299696502
5.346808986215633,-0.013086698703499211,0.005178327053305856,1.4982483818995584
5.347608522203597,-0.0037535217796500486,0.005178327053305856,1.4981595021015566
5.348408059245432,-0.008705699039552872,0.005178327053305856,1.4980746900813893
5.349207597361654,-0.014786107183106356,0.005178327053305856,1.4980111892487833
5.35000713657278,-0.0047169391285546425,0.005178327053305856,1.4980168414256319
5.350806676899325,0.00026537078881760934,0.005178327053305856,1.4979672860998958
5.351606218361803,0.006010437499108345,0.005178327053305856,1.4978955007958525
5.35240576098073,0.0014637050372898752,0.005178327053305856,1.4978142921576931
5.353205304776621,-0.01406240843287665,0.005178327053305856,1.4977239920868455
5.354004849769992,-0.019881227545300195,0.005178327053305856,1.4976333043397443
5.354804395981358,-0.008638900378493242,0.005178327053305856,1.4975420015340202
5.355603943431232,-0.018304879441772615,0.005178327053305856,1.4974498559363132
5.356403492140134,-0.006857984505059145,0.005178327053305856,1.4973566394622768
5.3572030421285755,-0.005982216496218218,0.005178327053305856,1.4972621236765742
5.358002593417073,-0.020315582263932486,0.005178327053305856,1.4971660797928792
5.358802146026141,-0.013454145912862314,0.005178327053305856,1.4970682786738754
5.359601699976296,-0.013707618416990863,0.005178327053305856,1.4969671986601156
5.360401255288053,-0.01656448580372949,0.005178327053305856,1.4968626557270654
5.361200811981927,-0.02108881141476293,0.005178327053305856,1.4967544651755869
5.362000370078433,-0.0070722269532610404,0.005178327053305856,1.4966650069845788
5.362799929598087,-0.00030646854806337664,0.005178327053305856,1.496594878582239
5.363599490561404,-0.0061167707248253045,0.005178327053305856,1.4965264957208797
5.364399052988898,-0.015042501749975568,0.005178327053305856,1.4964874846655656
5.365198616901087,-3.849049138970884e-06,0.005178327053305856,1.4964205487994748
5.365998182318484,0.011973697217573687,0.005178327053305856,1.4963351974688222
5.366797749261606,-0.0036335174750272703,0.005178327053305856,1.4962482880016443
5.367597317750966,-0.012536782200374796,0.005178327053305856,1.4961624350342486
5.368396887807081,-0.009268327672318888,0.005178327053305856,1.496077661582197
5.369196459450467,0.0033064080045399624,0.005178327053305856,1.4959939906797577
5.369996032701637,-0.008652825289337862,0.005178327053305856,1.4959114453799125
5.3707956075811065,-0.007348072822090934,0.005178327053305856,1.4958300487543503
5.371595184109394,-0.015204975458846581,0.005178327053305856,1.49574982389347
5.372394762307011,0.003316245087937375,0.005178327053305856,1.495670793906382
5.373194342194475,-0.015640615842790417,0.005178327053305856,1.4955929819209026
5.373993923792301,-0.014864838133780145,0.005178327053305856,1.4955201281552226
5.3747935071210025,-0.0032511375596326886,0.005178327053305856,1.4954425908247317
5.375593092201098,-0.007951679997518113,0.005178327053305856,1.4953599312563433
5.376392679053099,-0.008516247485651718,0.005178327053305856,1.4952797353678924
5.377192267697525,-0.0076299081162589655,0.005178327053305856,1.4951984305319237
5.3779918581548865,0.005934744631006739,0.005178327053305856,1.4951274215428756
5.378791450445703,0.00817899944680378,0.005178327053305856,1.4950669691037572
5.379591044590487,0.003119492930713008,0.005178327053305856,1.4950071838349368
5.380390640609756,-0.006893069103026006,0.005178327053305856,1.4949479786249906
5.381190238524024,-0.0005097689170210362,0.005178327053305856,1.494889266249618
5.381989838353806,-0.004140290506425837,0.005178327053305856,1.4948301230828727
5.382789440119618,-0.007135937194868935,0.005178327053305856,1.494770491325256
5.383589043841974,-0.009001948864977294,0.005178327053305856,1.494701077493739
5.384388649541393,-0.008817637222185759,0.005178327053305856,1.4946337741369162
5.385188257238386,-0.011909082427945306,0.005178327053305856,1.494568435502902
5.385987866953469,-0.009976549629823195,0.005178327053305856,1.4945303154051701
5.386787478707159,-0.011117136968197716,0.005178327053305856,1.4945183681164447
5.387587092519969,-0.014450351166773068,0.005178327053305856,1.4945315545455093
5.388386708412418,-0.014888280523097208,0.005178327053305856,1.4945823901227036
5.389186326405018,-0.013593296595689086,0.005178327053305856,1.494589374238175
5.389985946518286,-0.0015083590790958556,0.005178327053305856,1.4945538469444497
5.390785568772736,0.005536121389521531,0.005178327053305856,1.494477138291304
5.391585193188884,-0.010387586394742021,0.005178327053305856,1.494411720589223
5.392384819787245,-0.0030767222360201796,0.005178327053305856,1.4943664409425506
5.393184448588333,-0.007028224307335851,0.005178327053305856,1.4943309770837145
5.393984079612668,-0.012881027849993343,0.005178327053305856,1.4942952987951101
5.394783712880759,-0.007665817995390345,0.005178327053305856,1.4942528908133763
5.395583348413126,-0.016638421858189423,0.005178327053305856,1.4942040612344436
5.396382986230282,-0.020557315194425163,0.005178327053305856,1.494149116412901
5.397182626352743,-0.013938880008049992,0.005178327053305856,1.4940883609619922
5.397982268801025,-0.004280737022619663,0.005178327053305856,1.4940197414806682
5.398781913595641,-0.01124974732380224,0.005178327053305856,1.4939518529460178
5.399581560757109,-0.006888073408898521,0.005178327053305856,1.4938852416256974
5.400381210305943,-0.01213963479325697,0.005178327053305856,1.4938198491004158
5.401180862262656,-0.008099884528494972,0.005178327053305856,1.4937556168881558
5.401980516647768,-0.011633201567625928,0.005178327053305856,1.4936870426969928
5.402780173481791,-0.0111184193554561,0.005178327053305856,1.4936088334102484
5.403579832785241,-0.013340505008129666,0.005178327053305856,1.4935495537913308
5.404379494578634,-0.012392366970296997,0.005178327053305856,1.4934937181978922
5.4051791588824845,-0.0020938915672359393,0.005178327053305856,1.493441141942668
5.405978825717308,0.004125971685187135,0.005178327053305856,1.493323070351943
5.4067784951036195,0.004358019062145724,0.005178327053305856,1.4932328820884133
5.407578167061935,0.000384095571603682,0.005178327053305856,1.4931575397496917
5.408377841612769,-0.019094517272273848,0.005178327053305856,1.4931016729206998
5.409177518776636,-0.009570318957149881,0.005178327053305856,1.4930497608496411
5.409977198574055,0.017008371602535988,0.005178327053305856,1.4930015917506685
5.410776881025536,0.0015845882279250656,0.005178327053305856,1.492957162508633
5.4115765661515995,-0.005409251144772531,0.005178327053305856,1.4929126815835443
5.412376253972758,-0.0031457839250697006,0.005178327053305856,1.4928700580569974
5.4131759445095256,-0.0008729598596102228,0.005178327053305856,1.492828707072417
5.4139756377824195,-0.0025293819245915117,0.005178327053305856,1.4927843652291586
5.414775333811955,-0.00728008251932577,0.005178327053305856,1.4927366729617877
5.415575032618647,-0.005468718210719592,0.005178327053305856,1.4926852698123803
5.41637473422301,-0.008458803847578578,0.005178327053305856,1.4926540996324855
5.417174438645561,-0.006329056728550775,0.005178327053305856,1.4926428705946624
5.417974145906813,0.0016482403087090258,0.005178327053305856,1.4926162654598074
5.418773856027283,0.011070154076089134,0.005178327053305856,1.4925740802624565
5.419573569027485,0.004208053417308566,0.005178327053305856,1.4925326478606231
5.420373284927938,-0.006554934275024404,0.005178327053305856,1.4924924630827165
5.421173003749152,-0.011887443659317709,0.005178327053305856,1.4924809391401197
5.421972725511646,-0.030428454455613707,0.005178327053305856,1.4924573935191288
5.422772450235933,-0.0009361292278686761,0.005178327053305856,1.4924326830643535
5.423572177942529,0.007343668871311104,0.005178327053305856,1.4924068328367897
5.42437190865195,-0.006700882276041931,0.005178327053305856,1.4923798675027409
5.425171642384711,-0.005638365488372488,0.005178327053305856,1.4923518113338157
5.425971379161327,0.0042909269051016885,0.005178327053305856,1.4923198566879134
5.426771119002313,-0.0043616527188024,0.005178327053305856,1.4922904125897005
5.427570861928186,-0.008338387555054672,0.005178327053305856,1.4922943440183118
5.428370607959459,-0.018440537182400796,0.005178327053305856,1.4922679708692366
5.429170357116648,0.00389517163189268,0.005178327053305856,1.492252004651185
5.429970109420269,0.0020312953059442584,0.005178327053305856,1.492245776918704
5.430769864890837,-0.00719914809125588,0.005178327053305856,1.4922060620208573
5.431569623548868,-0.013200108649038755,0.005178327053305856,1.4921578603000478
5.432369385414874,-0.008008216202917806,0.005178327053305856,1.4921451789201807
5.433169150509374,-0.004770572113642846,0.005178327053305856,1.4921684431357138
5.433968918852883,-0.007407859704180009,0.005178327053305856,1.4921944214137361
5.434768690465914,-0.008982525400303754,0.005178327053305856,1.4921878864835372
5.435568465368984,0.000655852530564216,0.005178327053305856,1.4921500610737644
5.436368243582607,5.535810803625196e-05,0.005178327053305856,1.4922438519352936
5.437168025127301,-0.00903107005017767,0.005178327053305856,1.4924647343038377
5.4379678100235775,-0.017067289741206526,0.005178327053305856,1.4925213237399748
5.438767598291954,-0.010628886497110024,0.005178327053305856,1.4925201968727948
5.439567389952947,-0.003299107926195255,0.005178327053305856,1.4924626834534978
5.440367185027068,-0.011504696877495446,0.005178327053305856,1.4923782689141796
5.441166983534836,-0.0038158135350789824,0.005178327053305856,1.4922672576788074
5.4419667854967635,-0.0015727038741970567,0.005178327053305856,1.4921428855831866
5.44276659093337,-0.007659727923629456,0.005178327053305856,1.4920752905126817
5.443566399865165,-0.0054556658199043095,0.005178327053305856,1.4919633123727025
5.4443662123126675,-0.0030129059717260986,0.005178327053305856,1.491881555017728
5.445166028296392,-0.007011519175609049,0.005178327053305856,1.4918071422306798
5.445965847836853,-0.01872573081984452,0.005178327053305856,1.4917484623037414
5.446765670954568,-0.017534173274944997,0.005178327053305856,1.4916788716715859
5.44756549767005,-0.0107349894141604,0.005178327053305856,1.4915981887095584
5.448365328003816,-0.014470085844360492,0.005178327053305856,1.4915016929568046
5.44916516197638,-0.004530394998000897,0.005178327053305856,1.4913890403414027
5.449964999608256,0.0023385146359979903,0.005178327053305856,1.4912731260004548
5.4507648409199625,0.00442031411914523,0.005178327053305856,1.4911540585666256
5.451564685932013,0.002003780010028766,0.005178327053305856,1.491031946314516
5.452364534664924,0.0006847766958701929,0.005178327053305856,1.4909275019091321
5.453164387139209,-0.00916749339877776,0.005178327053305856,1.4908415483724022
5.453964243375383,-0.032831592129863196,0.005178327053305856,1.490749378424744
5.454764103393964,-0.03253202120069054,0.005178327053305856,1.4906509376891588
5.455563967215465,0.007827842359855675,0.005178327053305856,1.4905461702373324
5.456363834860402,0.012888998380909955,0.005178327053305856,1.490435018589628
5.45716370634929,-0.0010059074171206994,0.005178327053305856,1.490319771662949
5.457963581702645,3.832669989400905e-05,0.005178327053305856,1.4902002856343062
5.458763460940981,0.0061118014239351925,0.005178327053305856,1.490076415717136
5.459563344084815,0.0023662586484509696,0.005178327053305856,1.4899479178695476
5.460363231154661,0.0030784001320613985,0.005178327053305856,1.4898381843248267
5.461163122171034,-0.0005849424270805148,0.005178327053305856,1.4897328145300672
5.461963017154452,-0.004809024148795027,0.005178327053305856,1.4896319563786062
5.462762916125427,-0.015082725303277256,0.005178327053305856,1.4895357588277753
5.4635628191044745,-0.02809896989468741,0.005178327053305856,1.4894368384279872
5.464362726112112,-0.01763080390368188,0.005178327053305856,1.4894485634366845
5.465162637168852,0.004576372462041789,0.005178327053305856,1.4894305430936092
5.465962552295214,0.004559377290668909,0.005178327053305856,1.4893837864849728
5.466762471511709,-0.0050832019086266556,0.005178327053305856,1.4893092961345675
5.467562394838854,-0.0047108486309992426,0.005178327053305856,1.4892080680037347
5.468362322297165,0.005955541800282127,0.005178327053305856,1.4891011374885719
5.4691622539071565,0.004280838634537876,0.005178327053305856,1.4890219052339155
5.469962189689342,0.0001971880406321791,0.005178327053305856,1.4889327078292771
5.47076212966424,-0.0046128894513111085,0.005178327053305856,1.4888256865309153
5.471562073852365,-0.003901480294805193,0.005178327053305856,1.4887011498838552
5.47236202227423,-0.012638161605740938,0.005178327053305856,1.488559402436588
5.473161974950353,-0.00891007890125084,0.005178327053305856,1.4884366310307584
5.473961931901248,-0.0038625542691648196,0.005178327053305856,1.4883333519564355
5.474761893147431,-0.008052388444687475,0.005178327053305856,1.488217060529833
5.4755618587094155,-0.002548419732069762,0.005178327053305856,1.4880781852161022
5.47636182860772,0.006395382111711312,0.005178327053305856,1.487948342346515
5.477161802862856,-0.0011984393145587635,0.005178327053305856,1.4878277220184792
5.477961781495342,-0.019040748813754282,0.005178327053305856,1.4877165168586317
5.47876176452569,-0.01367206210041827,0.005178327053305856,1.4876149220228445
5.479561751974419,0.010280824198936278,0.005178327053305856,1.48751831641593
5.4803617438620424,0.006467749670975076,0.005178327053305856,1.4874267329244468
5.481161740209075,-0.002532975454895281,0.005178327053305856,1.4873402057978096
5.481961741036033,-0.00579308271770973,0.005178327053305856,1.4872556605284784
5.4827617463634315,-0.0057194009044951866,0.005178327053305856,1.487173026095241
5.483561756211785,-0.00023365844433986815,0.005178327053305856,1.48706898719335
5.484361770601609,-0.008316654115160471,0.005178327053305856,1.48694407983637
5.485161789553421,0.0003048002469228095,0.005178327053305856,1.48682661992558
5.485961813087734,0.009022407115744535,0.005178327053305856,1.4867161480832007
5.4867618412250625,0.0044080671080906075,0.005178327053305856,1.4866405128796547
5.487561873985924,-0.0042193084747683685,0.005178327053305856,1.4865983752329774
5.488361911390832,-0.0005668671180207863,0.005178327053305856,1.4867080637497965
5.489161953460303,-0.0037043032146666377,0.005178327053305856,1.4867937831893698
5.489962000214853,-0.011535461002588177,0.005178327053305856,1.4868564559704351
5.490762051674995,0.003178774837701015,0.005178327053305856,1.4868970005560733
5.491562107861247,0.007910864187208988,0.005178327053305856,1.4869163314536842
5.492362168794121,0.0026522563320683368,0.005178327053305856,1.4869106966023016
5.493162234494135,-0.00421440109524962,0.005178327053305856,1.4868808406909302
5.493962304981802,0.0020384386971497026,0.005178327053305856,1.4868275033241343
5.49476238027764,-0.01081765119352096,0.005178327053305856,1.4867514190220086
5.495562460402163,-0.00504986579262745,0.005178327053305856,1.4866533172201473
5.496362545375885,-0.010766168245887275,0.005178327053305856,1.4865339222696168
5.497162635219325,-0.004428124930086819,0.005178327053305856,1.4863939534369208
5.497962729952993,-0.00022168118422172256,0.005178327053305856,1.4862341249039706
5.498762829597409,-0.009698666031202174,0.005178327053305856,1.4860796412776447
5.499562934173086,-0.004149015526420996,0.005178327053305856,1.4859303381753757
5.5003630437005375,-0.004239131650236594,0.005178327053305856,1.4857886045216742
5.501163158200283,-0.02564220065928935,0.005178327053305856,1.4856543666530504
5.501963277692835,-0.033562729189297036,0.005178327053305856,1.4854988192420362
5.50276340219871,0.005262377262476026,0.005178327053305856,1.4853372325183147
5.503563531738422,0.023565489620453794,0.005178327053305856,1.485178754445923
5.504363666332487,0.00352057263646266,0.005178327053305856,1.4850222313833885
5.505163806001421,-0.003367492016363771,0.005178327053305856,1.4848730803599783
5.5059639507657385,-0.015610935202635678,0.005178327053305856,1.484726449308656
5.506764100645955,-0.0160037119327201,0.005178327053305856,1.4845823458305833
5.507564255662585,-0.006320171608267033,0.005178327053305856,1.484435744886559
5.5083644158361444,-0.0032429841147794125,0.005178327053305856,1.4842864799003113
5.50916458118715,-0.002243244748064921,0.005178327053305856,1.4841287360993742
5.509964751736114,0.006894492245159034,0.005178327053305856,1.4839621489600465
5.510764927503555,0.023245142783911987,0.005178327053305856,1.483775374170544
5.511565108509985,0.014335833757547878,0.005178327053305856,1.4836240698470917
5.512365294775922,-0.0005282922844120908,0.005178327053305856,1.4835356478812165
5.5131654863218795,-0.004557400459468619,0.005178327053305856,1.4834531628536014
5.513965683168373,0.000701979080030446,0.005178327053305856,1.4833113697026572
5.514765885335919,-0.005406037604559932,0.005178327053305856,1.483226490202207
5.515566092845033,0.0022526531627862223,0.005178327053305856,1.483086694956289
5.516366305716228,-0.004029040143434415,0.005178327053305856,1.4829588752279819
5.517166523970022,-0.005364440740732723,0.005178327053305856,1.482844078207883
5.517966747626927,-0.0069414310303441695,0.005178327053305856,1.4827118786809348
5.518766976707461,0.0011197158671578666,0.005178327053305856,1.4825790853991354
5.519567211232138,-0.006942458599351831,0.005178327053305856,1.4824337155537752
5.520367451221475,-0.003309316470673229,0.005178327053305856,1.4822977819600214
5.521167696695985,-0.0007011843069031354,0.005178327053305856,1.4821519969034715
5.521967947676184,-0.0015843069494103634,0.005178327053305856,1.481996198317404
5.522768204182587,-0.006125649960863733,0.005178327053305856,1.481854882434826
5.523568466235712,-0.0018840270407394222,0.005178327053305856,1.4817334271888416
5.524368733856071,0.0006796297965632192,0.005178327053305856,1.481616192456946
5.52516900706418,-0.00662474798235313,0.005178327053305856,1.4815030897836836
5.525969285880556,0.010344647651621353,0.005178327053305856,1.4814110210259637
5.526769570325713,-0.0005551528468208389,0.005178327053305856,1.481512169272402
5.527569860420165,-0.003626758236044525,0.005178327053305856,1.4814847781951097
5.52837015618443,-0.0023121138662960394,0.005178327053305856,1.481410335494062
5.529170457639021,-0.005125056881944534,0.005178327053305856,1.4812904781382348
5.529970764804454,0.0002744306982040978,0.005178327053305856,1.4811620672611376
5.530771077701244,-0.015640945686311802,0.005178327053305856,1.4810887328282836
5.531571396349908,-0.014352303461782068,0.005178327053305856,1.4810309444567482
5.532371720770959,-0.012970817243029398,0.005178327053305856,1.4809148367869795
5.5331720509849145,-0.005308618449797242,0.005178327053305856,1.4807913325777027
5.533972387012287,-0.010443832929682761,0.005178327053305856,1.4806605482705026
5.534772728873595,-0.014381449457232742,0.005178327053305856,1.4805294254996044
5.535573076589351,-0.010540602964664414,0.005178327053305856,1.4803978343274924
5.536373430180072,-0.005395093998775469,0.005178327053305856,1.4801694252019941
5.537173789666272,0.005263982966144498,0.005178327053305856,1.479990830275774
5.537974155068468,0.0017366648759626901,0.005178327053305856,1.479863173479994
5.538774526407175,-0.005742133809103711,0.005178327053305856,1.479751965962746
5.539574903702905,-0.009021078233736324,0.005178327053305856,1.479657119825345
5.540375286976178,-0.009669725615464086,0.005178327053305856,1.4796205741918413
5.541175676247506,-0.01637554653751483,0.005178327053305856,1.4796427127068004
5.541976071537406,-0.009884999456246435,0.005178327053305856,1.4797204877336405
5.542776472866393,-0.012400326747922907,0.005178327053305856,1.479712693635077
5.543576880254981,-0.014842105543057649,0.005178327053305856,1.479654854872927
5.544377293723687,-0.008982808854521629,0.005178327053305856,1.4795500013356566
5.545177713293025,-0.0077335302263958905,0.005178327053305856,1.479409627682094
5.5459781389835126,-0.0037135405608899053,0.005178327053305856,1.4792721956794213
5.546778570815662,-0.0222216297759803,0.005178327053305856,1.4791411080445143
5.547579008809989,-0.023299568664178594,0.005178327053305856,1.4790019322392078
5.548379452987011,0.0003896623959303014,0.005178327053305856,1.478854832656917
5.549179903367241,0.017569601547237523,0.005178327053305856,1.4786999716049887
5.549980359971197,-0.004450615219498522,0.005178327053305856,1.4785437789150606
5.550780822819391,-0.06069510028322078,0.005178327053305856,1.4783861904673183
5.55158129193234,-0.03223980836272111,0.005178327053305856,1.478227141624668
5.55238176733056,0.014465191399401833,0.005178327053305856,1.478066567232728
5.553182249034565,0.001981707755599471,0.005178327053305856,1.4779226241449948
5.553982737064871,-0.005861159712475805,0.005178327053305856,1.477795878976372
5.554783231441992,-0.00797837157794623,0.005178327053305856,1.477668299839956
5.555583732186444,-0.008409708558721363,0.005178327053305856,1.4775402329036438
5.556384239318744,-0.02391861204950807,0.005178327053305856,1.4774116204742231
5.557184752859405,-0.014522690490685886,0.005178327053305856,1.4772824043503818
5.557985272828945,-0.016767458899014764,0.005178327053305856,1.4771525258227083
5.558785799247874,-0.014024045298909105,0.005178327053305856,1.4770132939826055
5.559586332136714,-0.0042309780865017466,0.005178327053305856,1.476864349354783
5.560386871515975,0.004437633620548498,0.005178327053305856,1.4767188757116139
5.561187417406175,-0.001217244319936528,0.005178327053305856,1.4765929773240214
5.561987969827828,0.0017020154287135103,0.005178327053305856,1.476524702877014
5.562788528801451,0.0035329636105203566,0.005178327053305856,1.4764281999280289
5.563589094347556,0.013856673907614026,0.005178327053305856,1.4763296798251746
5.564389666486662,0.0017909235059934137,0.005178327053305856,1.476229664443844
5.5651902452392825,0.02223732384740429,0.005178327053305856,1.476128675190453
5.565990830625934,0.020232113162546472,0.005178327053305856,1.4759909922515835
5.566791422667129,0.0005933566372640087,0.005178327053305856,1.475815877567688
5.567592021383385,-7.471112921142442e-05,0.005178327053305856,1.4756101909128931
5.568392626795217,0.004576728761756854,0.005178327053305856,1.4753729060745258
5.56919323892314,0.005227348018880251,0.005178327053305856,1.4751342241561403
5.56999385778767,-0.006401657015030704,0.005178327053305856,1.4749090036427068
5.570794483409322,-0.002346411096535883,0.005178327053305856,1.474697803015394
5.571595115808609,0.0003827587650491182,0.005178327053305856,1.474501184564824
5.57239575500605,0.0032780284144813265,0.005178327053305856,1.4743235180680858
5.573196401022158,-0.001972741543520895,0.005178327053305856,1.474165238598816
5.573997053877449,-0.0012991387089886786,0.005178327053305856,1.4740267859918967
5.574797713592438,-0.0015622202546503594,0.005178327053305856,1.4739086048434937
5.57559838018764,0.0015296902205577112,0.005178327053305856,1.4737932857551044
5.576399053683571,0.01171390146838025,0.005178327053305856,1.4736806626613226
5.577199734100746,-0.005583991185757808,0.005178327053305856,1.473552711088368
5.578000421459681,-0.026684634479380076,0.005178327053305856,1.4734092593997241
5.578801115780889,0.006001604739293898,0.005178327053305856,1.4733090040668093
5.579601817084889,0.015208919221631811,0.005178327053305856,1.4732202476146121
5.580402525392192,0.007981519585667174,0.005178327053305856,1.4731316302946913
5.581203240723315,0.009115845128241817,0.005178327053305856,1.473043834755545
5.582003963098776,-0.0004363815439143437,0.005178327053305856,1.4729450714356112
5.582804692539087,-0.015344507304174027,0.005178327053305856,1.4728355902111006
5.583605429064764,-0.013017948005440205,0.005178327053305856,1.4727156381183948
5.584406172696322,0.019543657794809155,0.005178327053305856,1.4725742627066116
5.585206923454277,0.024122578409180084,0.005178327053305856,1.4724422500419028
5.5860076813591455,0.017367084336890493,0.005178327053305856,1.4722952837638474
5.58680844643144,-0.0031707699822081103,0.005178327053305856,1.472153900090407
5.587609218691678,0.015220620110661942,0.005178327053305856,1.4720191322525702
5.588409998160373,0.00255833931228322,0.005178327053305856,1.471890722602708
5.589210784858043,0.005888720417001281,0.005178327053305856,1.471768414778858
5.590011578805199,0.006955986158435623,0.005178327053305856,1.4716519537047323
5.590812380022361,0.007881864144642314,0.005178327053305856,1.4715712349494101
5.59161318853004,0.011853161309346216,0.005178327053305856,1.4714449322409267
5.592414004348755,0.010033109615767088,0.005178327053305856,1.4712633285404597
5.59321482749902,0.006435503012809596,0.005178327053305856,1.4711350679624093
5.594015658001348,0.0033097451313401915,0.005178327053305856,1.4710160292747079
5.594816495876258,0.005374513285171245,0.005178327053305856,1.4711719123479756
5.595617341144263,-0.002013145821820217,0.005178327053305856,1.4712743647019795
5.596418193825879,-0.011251837633177608,0.005178327053305856,1.4713251104803715
5.597219053941621,-0.0023823248051200174,0.005178327053305856,1.471214911122103
5.5980199215120034,0.0060332161413165775,0.005178327053305856,1.471097504458536
5.598820796557544,0.01238860950946008,0.005178327053305856,1.4709732355433285
5.599621679098756,0.02054337152770036,0.005178327053305856,1.4708424472714094
5.600422569156155,0.009862788652977406,0.005178327053305856,1.470705480378966
5.601223466750256,-0.021945115136928317,0.005178327053305856,1.4705626734434156
5.602024371901575,-0.051049332814662174,0.005178327053305856,1.4704349940189119
5.602825284630629,-0.0038820027541013324,0.005178327053305856,1.4703276770778013
5.603626204957929,0.01871019756451875,0.005178327053305856,1.4702398491971853
5.604427132903994,0.010850362485993026,0.005178327053305856,1.470170641463905
5.605228068489337,0.0036621288658478246,0.005178327053305856,1.4700564619482588
5.606029011734474,0.0017165048389355952,0.005178327053305856,1.4699358317772058
5.606829962659922,0.009242655006634903,0.005178327053305856,1.4698089939714625
5.607630921286194,0.009243257457747012,0.005178327053305856,1.4696761894057533
5.608431887633806,0.011139221043580783,0.005178327053305856,1.4695466259766334
5.609232861723274,0.006147432478134318,0.005178327053305856,1.469420222330303
5.610033843575112,0.009909489890208345,0.005178327053305856,1.4692977633646367
5.610834833209835,0.009713679142211662,0.005178327053305856,1.469179198001267
5.611635830647961,0.012157875888850311,0.005178327053305856,1.4690740406400657
5.612436835910003,0.01186910662103613,0.005178327053305856,1.4689705343502943
5.613237849016476,0.0167718434845765,0.005178327053305856,1.46886854539265
5.614038869987897,0.012127411569053281,0.005178327053305856,1.4687230830663573
5.61483989884478,-0.006952254192003515,0.005178327053305856,1.4685503513396914
5.61564093560764,-0.003000953824848107,0.005178327053305856,1.468351947751799
5.616441980296993,0.013239023112323833,0.005178327053305856,1.4681127518641275
5.617243032933356,0.021723421386121045,0.005178327053305856,1.4679140323192699
5.61804409353724,0.016109490226119405,0.005178327053305856,1.4677570739699497
5.618845162129165,0.01030908286720189,0.005178327053305856,1.4676431718321272
5.6196462387296435,0.005761684232572062,0.005178327053305856,1.4675206520923996
5.62044732335919,0.011647396788561526,0.005178327053305856,1.4673889902077666
5.6212484160383225,0.016450320942161367,0.005178327053305856,1.4672581675037273
5.622049516787554,0.026458804469994712,0.005178327053305856,1.467138602930031
5.622850625627402,0.01737681961882509,0.005178327053305856,1.4670304989942387
5.62365174257838,0.01261420370899713,0.005178327053305856,1.466934060644084
5.624452867661003,0.009294752572611698,0.005178327053305856,1.4668494952675
5.625254000895787,-0.003329097577160711,0.005178327053305856,1.466777012692647
5.626055142303248,-0.013965382198936283,0.005178327053305856,1.4667168251879286
5.626856291903901,-0.013922076404817574,0.005178327053305856,1.4666592946321155
5.627657449718259,-0.003064699802441284,0.005178327053305856,1.4666055472933517
5.628458615766842,-0.014312446925254685,0.005178327053305856,1.4665554994158367
5.629259790070161,-0.0036311493944738427,0.005178327053305856,1.466509067581128
5.6300609726487325,0.001960150543354189,0.005178327053305856,1.466466168708132
5.630862163523073,-0.007366019367804011,0.005178327053305856,1.4664267200531098
5.631663362713696,-0.0004094298649852668,0.005178327053305856,1.4663906392096808
5.632464570241118,0.0004341237892924177,0.005178327053305856,1.4663578441088223
5.633265786125854,-0.003928824908409512,0.005178327053305856,1.4663284715916154
5.634067010388418,-0.00705299498962586,0.005178327053305856,1.466302447854575
5.634868243049328,-0.001837489963415484,0.005178327053305856,1.46627654025488
5.635669484129097,-0.0007713257016381814,0.005178327053305856,1.4662510062134246
5.636470733648242,-0.01047802916588414,0.005178327053305856,1.4662220109396131
5.637271991627276,-0.004754445610005709,0.005178327053305856,1.466189668897722
5.638073258086717,0.004186422464208306,0.005178327053305856,1.4661543012235767
5.638874533047078,0.0007024609518813119,0.005178327053305856,1.4661160267733955
5.639675816528875,-0.00970583487283716,0.005178327053305856,1.466074963036375
5.640477108552624,-0.04696703022013282,0.005178327053305856,1.4660291105984393
5.641278409138839,-0.023323614433674145,0.005178327053305856,1.465978510743716
5.642079718308038,0.0014416232764951076,0.005178327053305856,1.4659232028768203
5.642881036080732,-0.005834682581706163,0.005178327053305856,1.465863224522845
5.64368236247744,-0.003905089332896905,0.005178327053305856,1.465807155047914
5.644483697518676,-0.014232565863485203,0.005178327053305856,1.4657747568580406
5.645285041224954,-0.01727736203381447,0.005178327053305856,1.465739982986088
5.646086393616792,-0.0061766185974927446,0.005178327053305856,1.4657400392663422
5.646887754714702,0.0023045305445112962,0.005178327053305856,1.4657150610882268
5.647689124539203,0.010187591202872825,0.005178327053305856,1.4656852896330286
5.648490503110806,0.0005687355193597643,0.005178327053305856,1.4656513659651491
5.64929189045003,-0.0017083299203868307,0.005178327053305856,1.4655860504951388
5.6500932865773885,-0.004565710887033836,0.005178327053305856,1.4655613934392477
5.650894691513398,-0.002688280285269018,0.005178327053305856,1.4656984078884856
5.651696105278573,-0.004229049368933868,0.005178327053305856,1.465877260877538
5.652497527893427,-0.002399192344679113,0.005178327053305856,1.4658966328856664
5.653298959378479,-0.00044477735178860556,0.005178327053305856,1.4658722369059145
5.654100399754241,-0.02244972705566095,0.005178327053305856,1.4659458885087264
5.654901849041231,-0.08962623285268956,0.005178327053305856,1.466236699991822
5.655703307259961,-0.05147396049996389,0.005178327053305856,1.4663687942781285
5.65650477443095,0.02065425220122541,0.005178327053305856,1.4663219418430127
5.6573062505747105,0.025828654188380318,0.005178327053305856,1.4662574966430937
5.658107735711758,0.0071889957503639135,0.005178327053305856,1.4661753501839785
5.65890922986261,-0.001563482650683401,0.005178327053305856,1.4661290743851076
5.659710733047779,-0.0025139485386425076,0.005178327053305856,1.4660947423880475
5.660512245287784,-0.011267886068686117,0.005178327053305856,1.4660269953206098
5.6613137666031355,0.0034453789725008566,0.005178327053305856,1.4659243565571347
5.662115297014352,0.00311527234279807,0.005178327053305856,1.4658183415400454
5.662916836541948,0.006806543941948462,0.005178327053305856,1.4657479559027577
5.663718385206438,0.009440239221721436,0.005178327053305856,1.465714217919629
5.664519943028338,0.011148480503786917,0.005178327053305856,1.465550688951252
5.665321510028164,0.010749125570220341,0.005178327053305856,1.4652850200705112
5.666123086226431,0.017343498068205898,0.005178327053305856,1.465148137634793
5.666924671643653,0.007989888262038614,0.005178327053305856,1.4650135934049422
5.667726266300347,0.0003938214377940952,0.005178327053305856,1.4649237630381318
5.6685278702170265,0.00967283173365363,0.005178327053305856,1.464851113234546
5.669329483414208,0.017480185266860238,0.005178327053305856,1.4647962834418862
5.670131105912407,0.0022703967106407763,0.005178327053305856,1.464739769150141
5.670932737732138,0.0011435843677900515,0.005178327053305856,1.4646007574409379
5.671734378893916,0.0037592172626188525,0.005178327053305856,1.4645097815303179
5.672536029418258,0.007393406038710193,0.005178327053305856,1.4644062423486912
5.673337689325678,0.014306046419271912,0.005178327053305856,1.4643511783324152
5.674139358636691,0.019172319550457395,0.005178327053305856,1.4642980592656805
5.674941037371813,-0.01179642202117992,0.005178327053305856,1.4642481875194648
5.675742725551559,-0.01600050117802332,0.005178327053305856,1.4641832169214781
5.676544423196443,0.018829464064010093,0.005178327053305856,1.4641274236586483
5.677346130326983,0.0194237146123748,0.005178327053305856,1.4640715932987638
5.678147846963693,0.007827387237823391,0.005178327053305856,1.4640159176477683
5.678949573127087,0.007490277930613853,0.005178327053305856,1.4639605883516351
5.679751308837683,0.011095901041286993,0.005178327053305856,1.4639057968963805
5.680553054115992,0.00817603527138222,0.005178327053305856,1.4638517346080575
5.681354808982535,0.013106451003816355,0.005178327053305856,1.4637985926527612
5.682156573457823,0.01110384884276705,0.005178327053305856,1.4637465620366306
5.682958347562373,0.016274775199582647,0.005178327053305856,1.463700999715785
5.683760131316699,0.02605326836369004,0.005178327053305856,1.4636619132058613
5.684561924741318,0.020351726267079373,0.005178327053305856,1.4636205356760348
5.685363727856745,0.013745451840738943,0.005178327053305856,1.4635845919996662
5.6861655406834934,0.004142402424961444,0.005178327053305856,1.4635539688452324
5.68696736324208,0.004057926138635537,0.005178327053305856,1.4635285536913532
5.68776919555302,0.0035497535784341228,0.005178327053305856,1.4635037870226637
5.688571037636828,0.0032825478172298084,0.005178327053305856,1.4634797156405255
5.689372889514021,0.0007485093858350389,0.005178327053305856,1.4634563860425842
5.690174751205113,0.00390508852131477,0.005178327053305856,1.463433844422771
5.69097662273062,-0.010981221186825874,0.005178327053305856,1.463412136671301
5.691778504111055,-0.02153451810004503,0.005178327053305856,1.4633913083746675
5.692580395366936,0.006122213470443949,0.005178327053305856,1.4632579388948992
5.693382296518776,0.027582704449019113,0.005178327053305856,1.4631495400739336
5.694184207587094,0.013799514356269693,0.005178327053305856,1.4630670995400574
5.694986128592402,0.0023475285763367992,0.005178327053305856,1.463011386973885
5.6957880595552135,0.005435682840960743,0.005178327053305856,1.4629834108930269
5.696590000496051,0.0003370784515073222,0.005178327053305856,1.4629378700137876
5.697391951435422,-0.009309742215340311,0.005178327053305856,1.4628736357441494
5.698193912393845,-0.0054262993933646975,0.005178327053305856,1.462827801691091
5.698995883391836,-0.007391657471381485,0.005178327053305856,1.4628011717893123
5.69979786444991,-0.004758757807242331,0.005178327053305856,1.4627939614623422
5.700599855588582,0.005049732176301891,0.005178327053305856,1.4628063907955662
5.701401856828365,0.0005172076681270177,0.005178327053305856,1.4628235364507038
5.702203868189779,0.003973677349278892,0.005178327053305856,1.4628451017258328
5.703005889693335,0.000547509403799884,0.005178327053305856,1.4628707909105911
5.703807921359551,-0.01123525306112838,0.005178327053305856,1.4629422648768045
5.7046099632089415,-0.01846412843321299,0.005178327053305856,1.4630755084709142
5.70541201526202,-0.010141305748271323,0.005178327053305856,1.4631274388446274
5.706214077539305,-0.0051346598701025314,0.005178327053305856,1.4631315187626162
5.707016150061309,-0.009835201131433102,0.005178327053305856,1.4630892391321741
5.707818232848549,-0.007711676836493986,0.005178327053305856,1.463074046022585
5.708620325921539,-0.06019691291243001,0.005178327053305856,1.4632618951698806
5.709422429300796,-0.09159320795246839,0.005178327053305856,1.4634917089486483
5.7102245430068335,-0.04283743034396181,0.005178327053305856,1.4636294273063726
5.7110266670601675,-0.012567711234251044,0.005178327053305856,1.4636778967937603
5.711828801481315,0.012242164503424746,0.005178327053305856,1.463660796970858
5.712630946290787,0.01710873507416455,0.005178327053305856,1.463655761266133
5.713433101509103,0.011696819932862645,0.005178327053305856,1.4636348983610241
5.714235267156775,0.005970204077930363,0.005178327053305856,1.4635980975833391
5.715037443254322,-0.004008511957732885,0.005178327053305856,1.463518759024496
5.7158396298222565,-0.006989577041199402,0.005178327053305856,1.4634460502857567
5.716641826881094,0.0036500141926869567,0.005178327053305856,1.4632622384274976
5.7174440344513515,0.0035219420296859205,0.005178327053305856,1.4629933566833158
5.718246252553542,-0.018862285163486314,0.005178327053305856,1.4627332438103455
5.719048481208183,-0.008042967711801685,0.005178327053305856,1.4624827801683418
5.719850720435788,0.008766661105755302,0.005178327053305856,1.4622493102335212
5.720652970256873,0.01289403246151366,0.005178327053305856,1.4620334924400349
5.721455230691953,0.008705099578642628,0.005178327053305856,1.4618359904118563
5.722257501761544,0.010441661070336838,0.005178327053305856,1.4616574729628478
5.723059783486161,0.011880009309263917,0.005178327053305856,1.46149861409683
5.723862075886318,0.012551126835558035,0.005178327053305856,1.4613600930076434
5.724664378982533,0.013584566361975803,0.005178327053305856,1.4612425940792242
5.725466692795319,0.004601635449282826,0.005178327053305856,1.4611458850179917
5.7262690173451904,0.005996719581561338,0.005178327053305856,1.4610706932746356
5.727071352652666,-0.0045587305340637485,0.005178327053305856,1.4609923809758125
5.727873698738258,-0.0012110319093359134,0.005178327053305856,1.4609108043300325
5.728676055622484,0.0024915016713609184,0.005178327053305856,1.4608258183573126
5.729478423325857,0.004839008259633459,0.005178327053305856,1.460737276889162
5.730280801868894,0.01359510615568782,0.005178327053305856,1.460654316647245
5.731083191272109,0.004078198632152308,0.005178327053305856,1.4605771115417197
5.731885591556019,0.007986637519586726,0.005178327053305856,1.4605058365440502
5.7326880027411375,0.02453409700698761,0.005178327053305856,1.4604406676870307
5.733490424847981,0.021124742554305076,0.005178327053305856,1.4603765443243666
5.7342928578970636,0.01106054352019803,0.005178327053305856,1.4603258112423891
5.735095301908902,0.00556995870456678,0.005178327053305856,1.4602738229595884
5.735897756904011,0.02168039089468632,0.005178327053305856,1.4602206441666754
5.736700222902905,0.007876738295996333,0.005178327053305856,1.460166338881807
5.737502699926099,0.021713841533934186,0.005178327053305856,1.4601109704505832
5.738305187994111,0.030019688681452772,0.005178327053305856,1.4600546015460432
5.739107687127453,0.016470893498190087,0.005178327053305856,1.4599972941686612
5.739910197346643,0.013133110993606811,0.005178327053305856,1.4599424737753188
5.740300102522028,0.0025976638540214925,0.005178327053305856,1.4598385054893317
5.741099323904921,0.006169837682561408,0.005178327053305856,1.459730890200067
5.741898549633978,0.005558942866707106,0.005178327053305856,1.45968235526923
5.74269777970182,0.010156380623409289,0.005178327053305856,1.4595764893787482
5.743497014101065,0.011896013261567973,0.005178327053305856,1.4595252712438394
5.744296252824336,0.01471174630812322,0.005178327053305856,1.4594782159142263
5.745095495864253,0.01674062260916953,0.005178327053305856,1.4594345398110646
5.7458947432134355,0.009503722591237107,0.005178327053305856,1.4594332452955636
5.746693994864505,0.0009962491384014616,0.005178327053305856,1.4594325258873746
5.747493250810081,-0.010055659455879384,0.005178327053305856,1.4594240307794566
5.748292511042785,0.0010503809476758441,0.005178327053305856,1.459385634808798
5.749091775555237,0.0010316585001040046,0.005178327053305856,1.459336380425484
5.749891044340058,0.00603949420267158,0.005178327053305856,1.4592768388472401
5.750690317389867,0.005975249073008726,0.005178327053305856,1.4592022180034638
5.751489594697286,9.933233524317409e-05,0.005178327053305856,1.4591652504830017
5.752288876254936,0.010563833635673037,0.005178327053305856,1.4591532810460397
5.753088162055437,0.013628276851221699,0.005178327053305856,1.459145877824564
5.753887452091408,0.00804424813220006,0.005178327053305856,1.4590864042128542
5.754686746355471,0.007211303850930051,0.005178327053305856,1.4588214075448962
5.755486044840246,0.007592607961819153,0.005178327053305856,1.4586703600879358
5.756285347538354,0.003169951438594998,0.005178327053305856,1.4585579828112256
5.757084654442415,0.007088121023782312,0.005178327053305856,1.458486093096007
5.75788396554505,0.006423118676554873,0.005178327053305856,1.458438613064714
5.758683280838879,-0.010884248275486952,0.005178327053305856,1.4583499292062383
5.759482600316522,-0.016271177626335565,0.005178327053305856,1.4582566768003575
5.760281923970601,-0.010262332584986655,0.005178327053305856,1.4582337926750397
5.761081251793736,-0.00012058409282733606,0.005178327053305856,1.458229217400035
5.761880583778547,7.351934708266228e-05,0.005178327053305856,1.4582427259274884
5.7626799199176535,0.0016266634702377658,0.005178327053305856,1.458267026670037
5.763479260203678,-0.007461332110551888,0.005178327053305856,1.4583016582625563
5.764278604629241,-0.038320617626163234,0.005178327053305856,1.4583461622697649
5.765077953186963,-0.04715647798458722,0.005178327053305856,1.458456842316702
5.765877305869462,-0.017438047552363667,0.005178327053305856,1.4586508704388996
5.766676662669361,-0.008820365707813638,0.005178327053305856,1.4586514457791373
5.76747602357928,-0.027193588255335577,0.005178327053305856,1.4585387294851402
5.768275388591838,-0.07010574885049436,0.005178327053305856,1.4584166067523485
5.769074757699658,-0.047990259264558244,0.005178327053305856,1.4581961926171245
5.769874130895359,-0.007590659764172392,0.005178327053305856,1.457885202399047
5.770673508171562,0.003981861312520207,0.005178327053305856,1.4576243823630177
5.771472889520886,0.004947923263726617,0.005178327053305856,1.4574163210772497
5.772272274935955,0.0004485352427119338,0.005178327053305856,1.4572741325581209
5.773071664409386,0.002429641138213867,0.005178327053305856,1.457164166997699
5.773871057933802,-0.0010400726246004854,0.005178327053305856,1.4570485035440828
5.774670455501822,0.007007494326967789,0.005178327053305856,1.4569268113985847
5.775469857106066,9.347450770658128e-05,0.005178327053305856,1.4568133573959108
5.776269262739155,0.0033201276600571816,0.005178327053305856,1.4567083147200215
5.777068672393711,0.013834450931788034,0.005178327053305856,1.4566118585439325
5.7778680860623535,-0.00963378372925372,0.005178327053305856,1.4565103294205517
5.778667503737703,-0.016507627531122004,0.005178327053305856,1.456400046006569
5.779466925412378,-0.013851213706087107,0.005178327053305856,1.4562932998092397
5.780266351079003,-0.005993488582691775,0.005178327053305856,1.4561900157066863
5.781065780730195,-0.0004628393005092768,0.005178327053305856,1.4560901191681288
5.781865214358577,0.012119261902579614,0.005178327053305856,1.4562296343497598
5.782664651956768,0.014923274296622546,0.005178327053305856,1.4564056902790528
5.783464093517389,0.01078172153310053,0.005178327053305856,1.4562901416136518
5.78426353903306,0.005478815919522262,0.005178327053305856,1.4561749485422302
5.785062988496403,0.00438838073219161,0.005178327053305856,1.4560601484593358
5.785862441900036,-0.004718211008603923,0.005178327053305856,1.4559457785680991
5.786661899236583,-0.011180560772602766,0.005178327053305856,1.4558318758802298
5.787461360498661,-0.011072154180069571,0.005178327053305856,1.4557184772160179
5.788260825678892,-0.011183501408605245,0.005178327053305856,1.455591589614583
5.789060294769897,-0.007722907341185081,0.005178327053305856,1.4554507622099087
5.789859767764296,-0.008796797108457932,0.005178327053305856,1.4552869147868273
5.790659244654708,0.0010578399516096848,0.005178327053305856,1.4551301948844555
5.791458725433757,0.004964657328340394,0.005178327053305856,1.4549822809210506
5.79225821009406,0.012021164790188443,0.005178327053305856,1.4548434363103213
5.79305769862824,0.01191880953821367,0.005178327053305856,1.4547139266169407
5.793857191028917,0.00806126370763205,0.005178327053305856,1.4545940195565792
5.794656687288709,0.0087507552077708,0.005178327053305856,1.4544839849959335
5.79545618740024,0.0017572166909050058,0.005178327053305856,1.4543762162133034
5.79625569135613,-0.0036329022632672903,0.005178327053305856,1.4542707137157724
5.797055199148997,-0.00500912752376248,0.005178327053305856,1.454167478251666
5.797854710771464,-0.0036917546232635434,0.005178327053305856,1.4540665108105686
5.798654226216151,-0.002602392001632481,0.005178327053305856,1.4539678126233113
5.799453745475676,-0.0027465140846487657,0.005178327053305856,1.4538713851619816
5.800253268542662,-0.005455086958271238,0.005178327053305856,1.4537732906275513
5.801052795409731,0.0023073536275590723,0.005178327053305856,1.4536733941381796
5.8018523260695005,0.009584091035473863,0.005178327053305856,1.4535715600982928
5.802651860514592,0.019911896897184533,0.005178327053305856,1.4534676521985714
5.803451398737627,0.01782550378821668,0.005178327053305856,1.4533615334159324
5.804250940731225,0.02277815642245895,0.005178327053305856,1.4532530660135201
5.805050486488006,0.00977709409267602,0.005178327053305856,1.4531421115406922
5.8058500360005905,0.011955921509173573,0.005178327053305856,1.4529824897148054
5.806649589261601,0.0038895555142970384,0.005178327053305856,1.4528375777403788
5.8074491462636555,-0.002818308878193232,0.005178327053305856,1.452707424627273
5.808248706999376,0.002979867544798509,0.005178327053305856,1.452592083466504
5.809048271461384,0.000632162064494679,0.005178327053305856,1.4524857263466808
5.809847839642297,0.005489805368546152,0.005178327053305856,1.4523886231925112
5.810647411534737,0.01897772818830412,0.005178327053305856,1.4523010465358888
5.811446987131326,0.004995120033011391,0.005178327053305856,1.4522232715159267
5.812246566424682,0.012319511328574562,0.005178327053305856,1.4521671723766043
5.813046149407428,0.013126186627747671,0.005178327053305856,1.4521022078410997
5.8138457360721825,0.007450560527112682,0.005178327053305856,1.4520527149999864
5.814645326411567,0.0073384480010680875,0.005178327053305856,1.4519983122742286
5.815444920418202,-0.0014300377830069877,0.005178327053305856,1.4519387404955715
5.816244518084708,-0.012992340671938551,0.005178327053305856,1.4518564607178357
5.817044119403704,-0.022280746174691002,0.005178327053305856,1.451758503253155
5.817843724367813,-0.03498904822917992,0.005178327053305856,1.451644976810217
5.8186433329696525,-0.02046780095976586,0.005178327053305856,1.451505563951648
5.819442945201847,0.0019472520269454563,0.005178327053305856,1.4514214055027588
5.820242561057014,0.011277952161613758,0.005178327053305856,1.4513756333536743
5.8210421805277734,-0.009219145967323206,0.005178327053305856,1.451585425634395
5.821841803606748,-0.048957670527044694,0.005178327053305856,1.4515887846878406
5.822641430286558,-0.058661164977343416,0.005178327053305856,1.4512821653357455
5.823441060559823,0.007286718538625836,0.005178327053305856,1.4509844413577244
5.824240694419164,0.018077831368132014,0.005178327053305856,1.450698200712678
5.825040331857201,0.012051912911143381,0.005178327053305856,1.4505600342733602
5.825839972866555,0.004416928614918936,0.005178327053305856,1.4504224617025565
5.826639617439846,0.0021981801270130052,0.005178327053305856,1.4502861045214157
5.827439265569695,-0.0072446983112273156,0.005178327053305856,1.4502051897621535
5.828238917248723,-0.00612964654890491,0.005178327053305856,1.450110985013986
5.829038572469549,-0.014747513739427731,0.005178327053305856,1.4500269899946354
5.829838231224795,-0.024039528046755132,0.005178327053305856,1.4499281794535135
5.83063789350708,-0.005490492417970394,0.005178327053305856,1.4498078919608692
5.831437559309026,0.02336862053047839,0.005178327053305856,1.4496653629107374
5.832237228623253,0.02884485969917172,0.005178327053305856,1.4494998223904423
5.833036901442382,0.01837487050166553,0.005178327053305856,1.4493895740542913
5.8338365777590315,0.010357721591107039,0.005178327053305856,1.4492875455028307
5.834636257565824,0.016666713246021425,0.005178327053305856,1.4491769733806894
5.835435940855381,0.017741145947763437,0.005178327053305856,1.449087373058417
5.8362356276203196,0.011008887469168283,0.005178327053305856,1.4490093205072554
5.837035317853262,0.003927528054059826,0.005178327053305856,1.4489709958520982
5.837835011546829,-0.0036826012474262537,0.005178327053305856,1.448908798101881
5.838634708693642,0.00046831707510985865,0.005178327053305856,1.4488234753014082
5.839434409286319,0.00641273109197904,0.005178327053305856,1.4487157697311743
5.840234113317483,0.007222396402078113,0.005178327053305856,1.4486136426155174
5.841033820779754,0.017356879191084085,0.005178327053305856,1.448516859372118
5.841833531665751,0.014483660561803058,0.005178327053305856,1.4484443992668168
5.842633245968095,0.008819557465636674,0.005178327053305856,1.4483795102833268
5.843432963679408,0.008572889700215525,0.005178327053305856,1.4483193562267738
5.84423268479231,0.0032034602423247627,0.005178327053305856,1.4482636891700036
5.845032409299421,0.000355950658952775,0.005178327053305856,1.448212262082564
5.84583213719336,-0.000876175799070289,0.005178327053305856,1.448164828830706
5.8466318684667495,-0.002877117542116947,0.005178327053305856,1.4481211441773776
5.84743160311221,-0.005189834605691779,0.005178327053305856,1.4480476581011066
5.848231341122362,0.004174597176162198,0.005178327053305856,1.4479705383601342
5.849031082489825,0.0037215055774311168,0.005178327053305856,1.4478898204038786
5.84983082720722,0.0032758889226018884,0.005178327053305856,1.4478055385555555
5.850630575267168,0.009285096820317529,0.005178327053305856,1.44771772601216
5.851430326662289,0.009269730720827374,0.005178327053305856,1.4476264148444533
5.852230081385202,0.009972314358702938,0.005178327053305856,1.4475316359969554
5.8530298394285305,0.007782636688087985,0.005178327053305856,1.4474457645283183
5.853829600784895,0.0027367523124088855,0.005178327053305856,1.447368391391003
5.854629365446913,0.00504963385363788,0.005178327053305856,1.4473772493856814
5.855429133407206,-0.0009240805313628364,0.005178327053305856,1.447385306948254
5.856228904658396,-0.003727280524254528,0.005178327053305856,1.447296240727415
5.857028679193103,-0.0032564945589705907,0.005178327053305856,1.4471863451317302
5.857828457003946,-0.0016553645599248767,0.005178327053305856,1.4470739233195007
5.858628238083548,-0.007970887373898172,0.005178327053305856,1.446958961250922
5.8594280224245265,-0.014887977791727014,0.005178327053305856,1.4468414440472122
5.860227810019505,-0.01392281605708967,0.005178327053305856,1.4467213559906131
5.861027600861103,0.006892941738479763,0.005178327053305856,1.4465986805243807
5.8618273949419395,0.007043173889171861,0.005178327053305856,1.4464734002527913
5.862627192254637,0.013533029367690741,0.005178327053305856,1.4463555293690387
5.863426992791815,0.013457001961149073,0.005178327053305856,1.4462451489539627
5.8642267965460935,0.013112542985417308,0.005178327053305856,1.4461423417082555
5.865026603510095,0.00197311391812649,0.005178327053305856,1.4460471919524687
5.865826413676437,-0.011011899754840293,0.005178327053305856,1.4459597856270239
5.866626227037743,-0.012446196030292178,0.005178327053305856,1.4458744049071575
5.867426043586631,-0.006436518441989225,0.005178327053305856,1.4458254672456805
5.8682258633157245,0.0058043623849268755,0.005178327053305856,1.445812057913494
5.869025686217642,0.011147504908687544,0.005178327053305856,1.4457506042116894
5.869825512285003,0.003371173404414618,0.005178327053305856,1.4457058426413245
5.87062534151043,0.006498402150438398,0.005178327053305856,1.445677571798809
5.871425173886543,0.009287273814828634,0.005178327053305856,1.4456567451624052
5.872225009405962,0.008986534201391061,0.005178327053305856,1.4456221145325558
5.873024848061308,0.014714003426838485,0.005178327053305856,1.4455724597145463
5.873824689845201,0.017469082573009942,0.005178327053305856,1.4455026682430017
5.874624534750262,0.01031888394225633,0.005178327053305856,1.4454727924605888
5.875424382769111,0.0031442177248741654,0.005178327053305856,1.4454633324021073
5.876224233894369,0.013330166943501753,0.005178327053305856,1.445497772615126
5.877024088118657,-0.0009640146182365861,0.005178327053305856,1.4454717937491965
5.877823945434593,-0.024179442900275516,0.005178327053305856,1.4453926345246926
5.878623805834801,-0.03910070685965006,0.005178327053305856,1.445142904397354
5.879423669311899,-0.057880220857241316,0.005178327053305856,1.4448354404727843
5.8802235358585095,-0.02402779397626653,0.005178327053305856,1.444689702362808
5.881023405467251,-0.004573016490188042,0.005178327053305856,1.4445863964014294
5.881823278130745,-0.012894020642290727,0.005178327053305856,1.4443820694772453
5.882623153841611,-0.00890366194570813,0.005178327053305856,1.4439419277250531
5.8834230325924715,0.011420771767681748,0.005178327053305856,1.4436058429052006
5.884222914375946,0.02348626905548601,0.005178327053305856,1.4434753817921233
5.885022799184654,0.02312445562981469,0.005178327053305856,1.4433494755704666
5.885822687011217,0.012418258307948848,0.005178327053305856,1.443228463338964
5.886622577848256,0.011899143457742012,0.005178327053305856,1.4431027455672274
5.887422471688391,0.011892290036046527,0.005178327053305856,1.442972317802126
5.888222368524242,0.0038746012666803775,0.005178327053305856,1.442873203536197
5.88902226834843,0.0025598721753177234,0.005178327053305856,1.4427835817593204
5.889822171153575,0.009726622718549516,0.005178327053305856,1.4426473847756256
5.890622076932299,-0.004968198237387256,0.005178327053305856,1.4425061463339248
5.891421985677221,-0.003765448840686636,0.005178327053305856,1.4423635104846113
5.892221897380962,0.005815811190617692,0.005178327053305856,1.4422193333036422
5.893021812036143,0.007111845344339729,0.005178327053305856,1.4420398809060604
5.893821729635383,0.01224434794228535,0.005178327053305856,1.4418749061749574
5.894621650171303,-0.002828218808942573,0.005178327053305856,1.4417527394032046
5.895421573636526,-0.04885917753296942,0.005178327053305856,1.4416340598743753
5.896221500023668,-0.05729784945928684,0.005178327053305856,1.4415188874526772
5.8970214293253544,-0.0025753612581183027,0.005178327053305856,1.4414072424583892
5.897821361534202,0.004129921323143382,0.005178327053305856,1.4413037330012477
5.898621296642833,0.0091964335045982,0.005178327053305856,1.441208367126364
5.899421234643868,0.013496111281160017,0.005178327053305856,1.4411581212037416
5.900221175529926,0.0020369588004476302,0.005178327053305856,1.441126380666773
5.901021119293629,-0.0006208836167844733,0.005178327053305856,1.441053543801879
5.901821065927598,0.009124504968510916,0.005178327053305856,1.440973821295856
5.902621015424451,0.013539418680804216,0.005178327053305856,1.4408861901815058
5.90342096777681,0.01629294379857904,0.005178327053305856,1.4408098892466639
5.904220922977297,0.024930634002190866,0.005178327053305856,1.4407213495215552
5.9050208810185305,0.024578034663299997,0.005178327053305856,1.440629974496276
5.9058208418931315,0.021885278693169363,0.005178327053305856,1.4405360849497209
5.906620805593721,0.03050857631798798,0.005178327053305856,1.4404400010126768
5.907420772112918,0.029462260268606988,0.005178327053305856,1.4403420421678366
5.908220741443345,0.029038153854324955,0.005178327053305856,1.4402425272497814
5.909020713577621,0.02981029059889173,0.005178327053305856,1.4401417744449878
5.909820688508368,0.03301106719666991,0.005178327053305856,1.4400401012918236
5.910620666228206,0.02592611018846047,0.005178327053305856,1.439932474080552
5.911420646729754,0.023646478399093507,0.005178327053305856,1.439846692899475
5.912220630005634,0.023413380707802744,0.005178327053305856,1.4398176475778814
5.913020616048466,0.021810170994726708,0.005178327053305856,1.4397413322489852
5.913820604850871,0.019896217151284645,0.005178327053305856,1.4396424899957876
5.914620596405468,0.014476820622080444,0.005178327053305856,1.4395217406973173
5.915420590704881,0.015798482297280314,0.005178327053305856,1.439407590806548
5.916220587741726,0.009830832681103407,0.005178327053305856,1.4392999826868813
5.9170205875086275,0.007881893257699835,0.005178327053305856,1.4391988597503116
5.917820589998203,0.00996637301542802,0.005178327053305856,1.43910416645745
5.918620595203075,-0.0020173363097077956,0.005178327053305856,1.4390158483175086
5.919420603115863,0.0002331105751642859,0.005178327053305856,1.4389338518883172
5.920220613729187,0.004137697611881208,0.005178327053305856,1.438858124776321
5.921020627035668,0.0023843388261282072,0.005178327053305856,1.438788615636584
5.921820643027928,-0.007623776793067805,0.005178327053305856,1.438725274172796
5.922620661698586,0.005850822925709931,0.005178327053305856,1.4386519185958573
5.923420683040263,0.015715915963021798,0.005178327053305856,1.4385690890630936
5.924220707045579,0.025040508278147522,0.005178327053305856,1.4384851560878809
5.925020733707154,0.027792923756295496,0.005178327053305856,1.438399815436411
5.92582076301761,0.019464089942565543,0.005178327053305856,1.4383127619095386
5.9266207949695655,0.01800813548883551,0.005178327053305856,1.4382329277393213
5.927420829555644,0.009328710478991864,0.005178327053305856,1.4381596782115271
5.928220866768465,0.0075324389790707436,0.005178327053305856,1.4380923799610632
5.929020906600646,-0.009955414345221625,0.005178327053305856,1.4380304009719713
5.929820949044811,-0.007029695019056259,0.005178327053305856,1.438109533420975
5.930620994093579,-0.0012499958732890004,0.005178327053305856,1.4380659244781318
5.931421041739571,0.00791345305328206,0.005178327053305856,1.4379147693115575
5.932221091975408,0.010303290192722692,0.005178327053305856,1.4376796412678987
5.93302114479371,0.004252314197831453,0.005178327053305856,1.4375043481894374
5.933821200187095,-0.010009127440661514,0.005178327053305856,1.4375871172066494
5.934621258148188,-0.06448550789548912,0.005178327053305856,1.4377607551733378
5.935421318669607,-0.02434507839268374,0.005178327053305856,1.4376607620730453
5.936221381743973,0.011568706976966103,0.005178327053305856,1.4373729424449313
5.937021447363906,0.019445582809222373,0.005178327053305856,1.4370482806622054
5.937821515522027,-0.007865227227112026,0.005178327053305856,1.4368707988397444
5.938621586210956,0.015362468329923606,0.005178327053305856,1.4366830123898358
5.939421659423315,0.01555396297531364,0.005178327053305856,1.4364907889212502
5.940221735151722,-0.0026904219016994357,0.005178327053305856,1.43631485066361
5.9410218133888,-0.011356689578412293,0.005178327053305856,1.43615515020635
5.941821894127169,0.011705910932687802,0.005178327053305856,1.4359880438892272
5.9426219773594475,0.010949827165613657,0.005178327053305856,1.435829362084297
5.943422063078259,0.0018235497161540604,0.005178327053305856,1.4356272130081082
5.94422215127622,0.011247427767052676,0.005178327053305856,1.4353741180399182
5.945022241945956,0.0005742828963601898,0.005178327053305856,1.435217398242378
5.945822335080083,0.021354517212241575,0.005178327053305856,1.4350675682996796
5.946622430671225,0.0015082826615147038,0.005178327053305856,1.4349273796088973
5.947422528712,-0.0065363341319053525,0.005178327053305856,1.4347903263584123
5.94822262919503,0.013395771653894606,0.005178327053305856,1.4346563632814648
5.949022732112936,0.011988525969821584,0.005178327053305856,1.4345254451397127
5.949822837458335,0.003415066695964475,0.005178327053305856,1.4343975267232345
5.950622945223852,-0.015420259806554926,0.005178327053305856,1.4342725628505293
5.951423055402105,0.0010005333008085149,0.005178327053305856,1.434150508368513
5.952223167985715,0.002799122292264089,0.005178327053305856,1.4340876458797622
5.953023282967303,-0.0027641289517661427,0.005178327053305856,1.4340007420110044
5.9538234003394885,0.0008259724978532113,0.005178327053305856,1.4339186812149043
5.954623520094892,0.001361172840524727,0.005178327053305856,1.4338413832901027
5.955423642226135,0.0028556338101117795,0.005178327053305856,1.4338526688929918
5.956223766725838,0.002110230880311148,0.005178327053305856,1.433791849338504
5.957023893586621,-0.0004191112164435573,0.005178327053305856,1.4337221482763025
5.9578240228011055,0.008374873991897402,0.005178327053305856,1.4336439546669517
5.958624154361909,0.000976852782105464,0.005178327053305856,1.4335576549946227
5.959424288261656,0.0003659633988348787,0.005178327053305856,1.4334636332670878
5.9602244244929645,-0.012352307390964823,0.005178327053305856,1.4333622710157163
5.961024563048455,-0.0071026600401282725,0.005178327053305856,1.4334165920411328
5.961824703920748,0.0085037092239868,0.005178327053305856,1.433459829836231
5.962624847102466,0.003328819822588258,0.005178327053305856,1.4333842654243172
5.963424992586228,0.012455057919239731,0.005178327053305856,1.4333042198437236
5.964225140364655,0.01710606278989979,0.005178327053305856,1.4332200665049324
5.965025290430367,0.007930639234379422,0.005178327053305856,1.433136779067094
5.965825442775984,0.02188927033019339,0.005178327053305856,1.433054564833127
5.966625597394128,0.008367907097891258,0.005178327053305856,1.432973630792253
5.967425754277418,-0.007949176316094375,0.005178327053305856,1.4328906993525754
5.968225913418475,-0.024700158624172186,0.005178327053305856,1.4328058558799641
5.9690260748099195,-0.025451759194811796,0.005178327053305856,1.4327191845830451
5.969826238444373,-0.0076099455815663575,0.005178327053305856,1.432630768513187
5.970626404314455,0.01375083483225148,0.005178327053305856,1.4325406895645045
5.971426572412786,0.01003023719773255,0.005178327053305856,1.432452515707509
5.972226742731987,0.0035462449375405214,0.005178327053305856,1.4323512802179
5.973026915264677,0.0027230518659953074,0.005178327053305856,1.432258268576151
5.97382709000348,0.005949029732878142,0.005178327053305856,1.4321164291537336
5.974627266941013,0.006245336033114501,0.005178327053305856,1.4319745795569527
5.975427446069897,0.010234865006160776,0.005178327053305856,1.4318421443436808
5.976227627382755,0.014202705782589087,0.005178327053305856,1.4317254122212408
5.977027810872205,0.007995173479082407,0.005178327053305856,1.4316248631962532
5.977827996530868,0.012298196204238554,0.005178327053305856,1.4315409805737094
5.978628184351365,0.004307005553411347,0.005178327053305856,1.431453349459943
5.979428374326316,-0.003870518169716064,0.005178327053305856,1.4313617339264018
5.980228566448342,-0.0031092789553774924,0.005178327053305856,1.4312449947020234
5.981028760710063,0.0024376380322901348,0.005178327053305856,1.4311222417211824
5.9818289571041,-0.014806275198288033,0.005178327053305856,1.4310345547464491
5.982629155623075,-0.004697221305316912,0.005178327053305856,1.4309569158784252
5.983429356259604,0.005635615455839904,0.005178327053305856,1.4308894960150178
5.984229559006312,0.01205359044469767,0.005178327053305856,1.430832467799516
5.985029763855818,0.010028669983868532,0.005178327053305856,1.4307860056205872
5.985829970800742,0.01209651280066848,0.005178327053305856,1.4307310331261682
5.986630179833704,0.014185647385805966,0.005178327053305856,1.4306670596309425
5.987430390947327,0.005623210841799731,0.005178327053305856,1.430593591534076
5.988230604134228,0.0033984164793807725,0.005178327053305856,1.4305101323192124
5.989030819387031,-0.020902886283320488,0.005178327053305856,1.430416182554466
5.989831036698353,-0.027418349148403243,0.005178327053305856,1.4303112398924112
5.990631256060818,-0.013900568991527251,0.005178327053305856,1.4301997950989334
5.991431477467045,-0.007360737734088074,0.005178327053305856,1.430081162837582
5.992231700909653,0.001063564937963113,0.005178327053305856,1.4299546561081222
5.993031926381266,-0.004671377858495029,0.005178327053305856,1.4297517409446612
5.993832153874501,-0.005880158262342672,0.005178327053305856,1.4294483967480216
5.994632383381981,0.007724222222873722,0.005178327053305856,1.4293236017554902
5.995432614896324,0.020860730745568823,0.005178327053305856,1.4293064702118747
5.996232848410153,0.019049916852094784,0.005178327053305856,1.4292510682920316
5.997033083916086,0.01906352667879041,0.005178327053305856,1.4291697580237386
5.9978333214067465,0.017699994720220324,0.005178327053305856,1.4290988056748726
5.998633560874754,0.014085335328250848,0.005178327053305856,1.429117527101994
5.999433802312726,0.00487204202012359,0.005178327053305856,1.4293010872328056
6.000234045713288,0.005362011855265525,0.005178327053305856,1.4293295487397675
6.001034291069057,0.010493233159651671,0.005178327053305856,1.4292929744673852
6.001834538372654,-0.0074477688544796194,0.005178327053305856,1.4292444679087102
6.002634787616701,-0.009864172420705364,0.005178327053305856,1.4291844011936659
6.003435038793817,-0.0015472053016638565,0.005178327053305856,1.4291264239301034
6.004235291896623,0.011510394556998094,0.005178327053305856,1.429070430542066
6.00503554691774,0.012434718808514766,0.005178327053305856,1.4290163153972804
6.005835803849787,0.01055180937322353,0.005178327053305856,1.428971578142039
6.006636062685387,0.00837741321075991,0.005178327053305856,1.4289493042893853
6.007436323417158,0.013293247784146534,0.005178327053305856,1.4289428532020483
6.008236586037722,0.019669344765488317,0.005178327053305856,1.4289625074804775
6.009036850539698,0.017681135154528516,0.005178327053305856,1.4289442449361522
6.009837116915709,0.002919929325596371,0.005178327053305856,1.4286793885096039
6.010637385158374,-0.0019157915422405303,0.005178327053305856,1.4283607910597265
6.011437655260313,-0.0029718287332813897,0.005178327053305856,1.4283251880511134
6.012237927214146,-0.0040579957583928294,0.005178327053305856,1.428290808847181
6.013038201012496,-0.012323613806594302,0.005178327053305856,1.4282577396986804
6.013838476647982,-0.015726492487675436,0.005178327053305856,1.4282260667069204
6.014638754113225,0.0028742427913226454,0.005178327053305856,1.4281958758237632
6.015439033400845,0.007242099870847785,0.005178327053305856,1.4281672528516336
6.016239314503462,0.009809014120182535,0.005178327053305856,1.42814028344351
6.017039597413698,0.015045104519768149,0.005178327053305856,1.4281150531029267
6.017839882124172,0.022645053595614195,0.005178327053305856,1.428111742902828
6.018640168627506,0.024777716195179877,0.005178327053305856,1.428115541666818
6.0194404569163185,0.025813875679170817,0.005178327053305856,1.4281276292952263
6.020240746983231,0.02549793213385465,0.005178327053305856,1.4281309920462146
6.021041038820866,0.016591248328473585,0.005178327053305856,1.4281333588496203
6.0218413324218405,0.004231415922223869,0.005178327053305856,1.4281347967447307
6.0226416277787775,0.0018435708761779246,0.005178327053305856,1.4281353720968215
6.023441924884296,0.0019456146154772647,0.005178327053305856,1.4281351505971507
6.024242223731019,0.002769340567623013,0.005178327053305856,1.4281341972629618
6.025042524311563,0.009381631534620238,0.005178327053305856,1.428132576437477
6.025842826618551,-0.01619716786850134,0.005178327053305856,1.4281303517899018
6.026643130644604,0.004599673806482407,0.005178327053305856,1.428123720301857
6.027443436382342,0.0005331060078948013,0.005178327053305856,1.4281417027456358
6.028243743824385,0.008643893062343144,0.005178327053305856,1.4281834748786768
6.0290440529633536,0.012875087713257294,0.005178327053305856,1.4282587417876331
6.029844363791868,0.008379618393087318,0.005178327053305856,1.4282814541557607
6.0306446763025505,0.018618186299131034,0.005178327053305856,1.4283018724324767
6.031444990488019,0.007075460339490025,0.005178327053305856,1.4283200974772514
6.032245306340896,0.007040045703242681,0.005178327053305856,1.4283362292363049
6.033045623853802,0.0056970019837760955,0.005178327053305856,1.4283503667426012
6.033845943019355,0.008378325059539948,0.005178327053305856,1.4283555479521484
6.0346462638301785,0.00637383589802254,0.005178327053305856,1.4283516249029935
6.0354465862788915,-0.00601027628170514,0.005178327053305856,1.4283384470108371
6.0362469103581144,0.0036457821950102165,0.005178327053305856,1.428315861069028
6.037047236060469,-0.000902023839270738,0.005178327053305856,1.4282898064979122
6.037847563378574,0.0021707452327419663,0.005178327053305856,1.4282603365070718
6.038647892305052,0.008853069990935492,0.005178327053305856,1.4282326650647517
6.039448222832522,0.010038762788142863,0.005178327053305856,1.4282066600440624
6.040248554953605,0.01242811898794649,0.005178327053305856,1.4281873513737324
6.041048888660921,0.010560338744523667,0.005178327053305856,1.428174424177056
6.04184922394709,0.008069963264240254,0.005178327053305856,1.4281648171059118
6.042649560804735,-0.011615510960665265,0.005178327053305856,1.428150901837113
6.0434498992264745,-0.04029322180206907,0.005178327053305856,1.4281327274621103
6.0442502392049295,-0.01902086661916713,0.005178327053305856,1.4281282375816513
6.045050580732719,0.006987598219370339,0.005178327053305856,1.4281837266220163
6.045850923802466,0.002213660555931307,0.005178327053305856,1.4281906318565305
6.04665126840679,-0.0032698495272109884,0.005178327053305856,1.4281845888210474
6.0474516145383115,-0.04457485247194737,0.005178327053305856,1.4281652756295196
6.048251962189651,-0.05470416331679595,0.005178327053305856,1.42813899590741
6.049052311353428,-0.008521086928928945,0.005178327053305856,1.4278267020662823
6.049852662022265,0.017162545128607043,0.005178327053305856,1.4277234743453555
6.050653014188781,-0.017804917941095955,0.005178327053305856,1.4276501033619695
6.051453367845598,-0.03211398964817769,0.005178327053305856,1.4275916632862828
6.052253722985334,0.0017619781598985362,0.005178327053305856,1.42756012685302
6.053054079600612,0.019267703198275532,0.005178327053305856,1.4275368581404229
6.05385443768405,0.008840214400599677,0.005178327053305856,1.4275221875906388
6.054654797228272,-0.0029431397477208687,0.005178327053305856,1.4275164474227375
6.055455158225896,8.939965706500352e-05,0.005178327053305856,1.427464451976862
6.056255520669541,0.002562778080518857,0.005178327053305856,1.4274344715374925
6.057055884551832,-0.00012675560471153702,0.005178327053305856,1.42740415611346
6.057856249865387,0.0011432695092070677,0.005178327053305856,1.4273735284610056
6.058656616602825,0.006908438173540921,0.005178327053305856,1.4273426109759932
6.0594569847567685,0.017310485091996286,0.005178327053305856,1.4273209003891343
6.060257354319838,0.02321622163159409,0.005178327053305856,1.4273080823977098
6.061057725284654,0.020914132983665512,0.005178327053305856,1.4273038447128084
6.061858097643835,0.02106373321507249,0.005178327053305856,1.4273078770593388
6.062658471390004,0.01566171559428775,0.005178327053305856,1.4273163834898315
6.063458846515782,0.013462379940979874,0.005178327053305856,1.4272942289219444
6.064259223013786,0.007800069465710324,0.005178327053305856,1.427267080179819
6.065059600876639,-0.0004763410009431812,0.005178327053305856,1.4272046325878969
6.0658599800969615,-0.011527652954445688,0.005178327053305856,1.4271651951968263
6.066660360667374,-0.006718274184153383,0.005178327053305856,1.427149467972637
6.067460742580495,0.0015178810075364702,0.005178327053305856,1.427158156727084
6.068261125828949,-0.007961062599338264,0.005178327053305856,1.427163776171564
6.069061510405352,-0.024801246140596644,0.005178327053305856,1.4271660646647026
6.069861896302328,-0.011156166531952616,0.005178327053305856,1.4271647595855006
6.070662283512496,0.007636756319249871,0.005178327053305856,1.4273572660520224
6.071462672028476,0.020336983558906896,0.005178327053305856,1.4276177739276632
6.07226306184289,0.017718119339328098,0.005178327053305856,1.4276496672967878
6.073063452948357,0.009736054832242713,0.005178327053305856,1.427646288206093
6.073863845337499,-0.0020351908221516446,0.005178327053305856,1.4276083963419066
6.074664239002935,-0.031520994887229925,0.005178327053305856,1.4275567137478014
6.075464633937287,-0.03228107837883454,0.005178327053305856,1.4275112104106151
6.0762650301331735,-0.009469715426242642,0.005178327053305856,1.4274663206615372
6.077065427583217,0.0013223100468904292,0.005178327053305856,1.4274225075194837
6.077865826280037,-0.006398188271993233,0.005178327053305856,1.4273799337986612
6.078666226216254,0.001163486517133272,0.005178327053305856,1.427338762353937
6.079466627384489,0.010787858289337038,0.005178327053305856,1.427299156080828
6.080267029777362,0.010330742623727796,0.005178327053305856,1.427266841734578
6.081067433387494,0.005789408183413336,0.005178327053305856,1.4272289988859663
6.081867838207506,0.0043224671531783,0.005178327053305856,1.427185150651052
6.082668244230017,0.00982010746760853,0.005178327053305856,1.4270551518087413
6.083468651447648,0.012493561216950555,0.005178327053305856,1.4269470494796606
6.08426905985302,0.006748833171155821,0.005178327053305856,1.426915065640109
6.0850694694387535,0.005338722024451625,0.005178327053305856,1.4268810690666904
6.085869880197468,0.00016132617298025842,0.005178327053305856,1.4268479152594704
6.086670292121786,-0.003382768573140016,0.005178327053305856,1.4268157123543226
6.087470705204327,0.0030917736472535484,0.005178327053305856,1.4267845683566664
6.08827111943771,0.0017122725236267122,0.005178327053305856,1.4267545911414607
6.089071534814558,0.0013808257922758305,0.005178327053305856,1.426725888453209
6.089871951327489,0.005083948469651212,0.005178327053305856,1.4267004618124843
6.090672368969126,0.008413740665469183,0.005178327053305856,1.4266746882310986
6.091472787732088,0.012299019503104303,0.005178327053305856,1.4266484811688647
6.092273207608996,0.01526082914176663,0.005178327053305856,1.426621753543029
6.09307362859247,0.015709241733543156,0.005178327053305856,1.426594417728269
6.093874050675131,0.009720891175371227,0.005178327053305856,1.426575464817728
6.0946744738496,0.0068949922437582245,0.005178327053305856,1.426570496846488
6.095474898108496,0.01732610571783333,0.005178327053305856,1.4265520771779605
6.096275323444441,0.004231713683818805,0.005178327053305856,1.426488368561135
6.097075749850055,0.00157535689882482,0.005178327053305856,1.4264643432260091
6.097876177317958,0.005176052292323208,0.005178327053305856,1.4264235863024144
6.098676605840771,0.0030300998362675635,0.005178327053305856,1.4263727946911477
6.099477035411114,0.0063995155612239785,0.005178327053305856,1.4263115713653218
6.100277466021608,0.001974345868313021,0.005178327053305856,1.4262395166905686
6.101077897664874,0.002754943497530915,0.005178327053305856,1.4261562284250435
6.101878330333532,0.012387391461958774,0.005178327053305856,1.4260613017194137
6.102678764020203,0.004092260957243354,0.005178327053305856,1.4259543291168573
6.103479198717506,0.012806070733454078,0.005178327053305856,1.4258349005530653
6.104279634418062,0.014116700435903962,0.005178327053305856,1.4256783556453199
6.105080071114493,0.01636144106609172,0.005178327053305856,1.425590703367783
6.105880508799418,0.0167365272565263,0.005178327053305856,1.425536989167095
6.106680947465459,0.012339997659095658,0.005178327053305856,1.4254833399308593
6.107481387105234,0.01516689160462037,0.005178327053305856,1.4254379990266577
6.108281827711366,0.02575834435865665,0.005178327053305856,1.425386729397862
6.109082269276474,0.00539885784552685,0.005178327053305856,1.4253400963019924
6.109882711793179,-0.009826029043350504,0.005178327053305856,1.425295880761937
6.110683155254102,-0.0012340402868795675,0.005178327053305856,1.4252542241275523
6.111483599651863,-0.001167117093487935,0.005178327053305856,1.4252152681599293
6.112284044979082,-0.016376332613631472,0.005178327053305856,1.4251791550313928
6.113084491228381,-0.04660587182747711,0.005178327053305856,1.4251515360071367
6.113884938392379,-0.018088512182601546,0.005178327053305856,1.4251323587377187
6.114685386463696,0.02674389627487761,0.005178327053305856,1.4251215726654323
6.1154858354349555,0.006102199432274524,0.005178327053305856,1.4251334337325117
6.116286285298775,-0.001487331739756792,0.005178327053305856,1.4251300714867816
6.117086736047776,0.012668985558810686,0.005178327053305856,1.4251178378940594
6.1178871876745795,0.010851171679797877,0.005178327053305856,1.4251241716026644
6.118687640171806,0.003910433945455205,0.005178327053305856,1.425116221077147
6.119488093532074,-0.002725795477089399,0.005178327053305856,1.425102144513367
6.120288547748008,-0.004745274519367237,0.005178327053305856,1.4250854485697748
6.121089002812225,-0.007874227905876774,0.005178327053305856,1.4250679547820628
6.121889458717346,-0.013115105493949342,0.005178327053305856,1.4250496787831302
6.122689915455992,-0.006175286836253235,0.005178327053305856,1.4250319731688594
6.123490373020785,0.0050469813662312735,0.005178327053305856,1.42501480503369
6.124290831404344,0.003055453221160631,0.005178327053305856,1.4249981412530572
6.125091290599289,0.007256963390690707,0.005178327053305856,1.4249846235165957
6.1258917505982415,0.013026191631582584,0.005178327053305856,1.4249693722471766
6.126692211393822,0.0017794440220466612,0.005178327053305856,1.4249519396804158
6.12749267297865,0.005235383372560021,0.005178327053305856,1.4248935796278543
6.128293135345347,0.010986999235721884,0.005178327053305856,1.4248194483800902
6.1290935984865325,0.0076127915296613224,0.005178327053305856,1.424833325941155
6.129894062394829,-0.0001232954425460786,0.005178327053305856,1.42478543490699
6.130694527062855,-0.00362957577444889,0.005178327053305856,1.4247251669762888
6.131494992483232,-0.0072196759180205294,0.005178327053305856,1.424653273872702
6.13229545864858,-0.008073110832484298,0.005178327053305856,1.4245874136526713
6.13309592555152,-0.009458033510386654,0.005178327053305856,1.4245277331857151
6.1338963931846715,-0.007610361589572845,0.005178327053305856,1.4244743809592724
6.1346968615406565,-0.0023357207233101196,0.005178327053305856,1.4244275070786974
6.135497330612094,0.004234923154152526,0.005178327053305856,1.4243872632672725
6.136297800391606,0.008829969407748273,0.005178327053305856,1.4243569342267897
6.137098270871813,0.0023321164299456854,0.005178327053305856,1.424336563873861
6.1378987420453335,0.014548918477867545,0.005178327053305856,1.4243261985277877
6.13869921390479,0.006113248503253121,0.005178327053305856,1.4243258869105602
6.139499686442802,-0.004900091677761731,0.005178327053305856,1.424311839548433
6.14030015965199,0.002131898158022283,0.005178327053305856,1.424242858739195
6.141100633524976,-0.0025781456397182545,0.005178327053305856,1.424212952118917
6.141901108054378,-0.012601421322778306,0.005178327053305856,1.4242014499984141
6.142701583232818,-0.019105703892179138,0.005178327053305856,1.4242091382150677
6.143502059052918,-0.009195987840264763,0.005178327053305856,1.4242126898193204
6.144302535507294,0.0026997939420749795,0.005178327053305856,1.4242120624264885
6.145103012588572,0.00382996422824311,0.005178327053305856,1.4242072124341318
6.145903490289368,0.008243773756378081,0.005178327053305856,1.4241980950220552
6.146703968602306,0.009652444716687913,0.005178327053305856,1.424184664152309
6.147504447520004,0.014984129253434952,0.005178327053305856,1.4241744311889342
6.148304927035083,0.02652168981639269,0.005178327053305856,1.4241670796180503
6.149105407140165,0.020746795716073185,0.005178327053305856,1.4241622936023441
6.1499058878278685,0.012420692426219349,0.005178327053305856,1.4241456637436456
6.150706369090815,0.00866576197572666,0.005178327053305856,1.4241343247504539
6.151506850921625,0.00325377180100328,0.005178327053305856,1.4241396906153447
6.152307333312919,-0.0031105940179183555,0.005178327053305856,1.4241616271433633
6.153107816257318,0.0011269936311610884,0.005178327053305856,1.4241734423851518
6.1539082997474415,0.00012073857635686025,0.005178327053305856,1.4241753282637923
6.15470878377591,-0.007456854116765221,0.005178327053305856,1.4241647073346164
6.1555092683353445,-0.008349707944633522,0.005178327053305856,1.4241411929074053
6.156309753418366,0.00435609088321165,0.005178327053305856,1.4241043950968797
6.1571102390175945,0.0073479391520061554,0.005178327053305856,1.4240539208226901
6.15791072512565,-0.006511901259738773,0.005178327053305856,1.4238550550081903
6.158711211735154,-0.016069826693573264,0.005178327053305856,1.4237698579324425
6.159511698838726,-0.0049724943586593184,0.005178327053305856,1.4237451540517199
6.160312186428987,0.015500343541288375,0.005178327053305856,1.423739482398629
6.1611126744985585,0.008404020469380491,0.005178327053305856,1.4237531154528562
6.161913163040059,0.00637207572776366,0.005178327053305856,1.4235511755003945
6.16271365204611,0.002515068359745465,0.005178327053305856,1.4232887536847638
6.163514141509332,-0.0014817019557129552,0.005178327053305856,1.4232547104213245
6.1643146314223465,-0.006686012590836565,0.005178327053305856,1.4231867562495173
6.165115121777773,-0.004334328993419234,0.005178327053305856,1.4230738379718555
6.165915612568231,-0.003951650197303369,0.005178327053305856,1.4228827702790285
6.166716103786342,0.0039751994568120175,0.005178327053305856,1.4227741869225206
6.167516595424727,0.014586067861822372,0.005178327053305856,1.422751022405379
6.168317087476007,0.014813425712711936,0.005178327053305856,1.4227213551342677
6.1691175799328,0.013821194776058698,0.005178327053305856,1.4226848675391963
6.16991807278773,0.015445291641724035,0.005178327053305856,1.422665682992994
6.170718566033414,0.020052353187873795,0.005178327053305856,1.4226476245862243
6.171519059662475,0.017380970524866646,0.005178327053305856,1.4226306441520107
6.172319553667532,0.008671294221074932,0.005178327053305856,1.4226321324750697
6.1731200480412065,0.005292338071094305,0.005178327053305856,1.4226338381747108
6.173920542776119,0.004760830583383058,0.005178327053305856,1.4226780165909454
6.174721037864888,-0.0019396378873361986,0.005178327053305856,1.4227319724895402
6.175521533300137,-0.009138531106196668,0.005178327053305856,1.4227716210335395
6.176322029074485,-0.0067427552677448155,0.005178327053305856,1.4228000474258096
6.177122525180553,-0.0030515385353477864,0.005178327053305856,1.4227969502457825
6.177923021610961,-0.0016777359510014023,0.005178327053305856,1.4227893588866094
6.178723518358329,-0.005481852751849203,0.005178327053305856,1.4227773887790112
6.179524015415279,0.003653521431309592,0.005178327053305856,1.4227611542102316
6.18032451277443,0.006127739592654002,0.005178327053305856,1.4226824290434918
6.181125010428404,0.0036135923081630494,0.005178327053305856,1.422624378790437
6.18192550836982,0.005115995941466389,0.005178327053305856,1.4225799163080755
6.1827260065913,0.005259867435904786,0.005178327053305856,1.4225200593718639
6.183526505085463,-0.0073479487214755945,0.005178327053305856,1.422358202978261
6.18432700384493,-0.04589391884817684,0.005178327053305856,1.4223003305397077
6.185127502862322,-0.06153364855972443,0.005178327053305856,1.422257386252131
6.18592800213026,-0.020384881572800495,0.005178327053305856,1.4221978183312076
6.186728501641363,-0.0011300274856904657,0.005178327053305856,1.4221475412853524
6.187529001388253,-0.010022728089773114,0.005178327053305856,1.4221063143564137
6.188329501363548,-0.00871729397932719,0.005178327053305856,1.4220745385433793
6.189130001559872,-0.00443773872065556,0.005178327053305856,1.4218841603792047
6.189930501969843,-0.00378708743779832,0.005178327053305856,1.4216836249491014
6.190731002586083,-0.000310671319922351,0.005178327053305856,1.4215990455178118
6.191531503401211,0.004656922073785097,0.005178327053305856,1.421520716454704
6.192332004407849,0.006524013515313065,0.005178327053305856,1.4214489511694113
6.193132505598617,0.0033972830576076696,0.005178327053305856,1.4213792987934566
6.193933006966134,0.002653446190611586,0.005178327053305856,1.4213119107848873
6.194733508503022,0.004595785578583644,0.005178327053305856,1.4212469392201135
6.195534010201903,-0.000529579261895119,0.005178327053305856,1.4211845367939069
6.196334512055395,-0.004379316213608098,0.005178327053305856,1.4211248568194002
6.197135014056119,-0.009964465881761697,0.005178327053305856,1.4210763594786715
6.197935516196695,-0.0070106264292044695,0.005178327053305856,1.4210275560500174
6.198736018469746,-0.0028425925833011068,0.005178327053305856,1.4209808336454204
6.19953652086789,-0.0010266304793731251,0.005178327053305856,1.4209363820135117
6.200337023383749,0.005199966454177751,0.005178327053305856,1.4208943912905743
6.201137526009942,0.010430765267192,0.005178327053305856,1.4208326683847217
6.201938028739092,0.0023034170149078825,0.005178327053305856,1.4207832633649262
6.202738531563817,0.006350664701448627,0.005178327053305856,1.4207390130086854
6.203539034476737,0.012369607794456394,0.005178327053305856,1.4207001945312017
6.204339537470476,0.009798813475965229,0.005178327053305856,1.420661274144563
6.205140040537652,0.0027938955716222402,0.005178327053305856,1.4206223292583602
6.205940543670885,0.0006006511601861497,0.005178327053305856,1.4205879380173645
6.206741046862797,0.00528778145286779,0.005178327053305856,1.4205580174061059
6.207541550106009,0.004441175190299296,0.005178327053305856,1.4205324851349501
6.208342053393139,-0.0047684108122267865,0.005178327053305856,1.4205112596400897
6.2091425567168095,-0.008155043472640733,0.005178327053305856,1.4205154880183253
6.209943060069639,-0.0010432037069381117,0.005178327053305856,1.420508404763757
6.210743563444252,-0.003240859399100904,0.005178327053305856,1.4204872309423824
6.211544066833266,-0.001976455207484573,0.005178327053305856,1.4204647161962551
6.2123445702293,0.0027477679915013375,0.005178327053305856,1.4204408829148456
6.213145073624978,0.0025131087466134794,0.005178327053305856,1.420415752834018
6.213945577012919,0.008161993762482611,0.005178327053305856,1.4203893470360334
6.214746080385744,0.013642288150070847,0.005178327053305856,1.4203616859495423
6.215546583736072,0.01080886928447966,0.005178327053305856,1.420332789349598
6.2163470870565245,0.00016877275407556347,0.005178327053305856,1.4203026763576418
6.217147590339723,0.002309103526322742,0.005178327053305856,1.4202727590908628
6.217948093578286,0.0016074394757998878,0.005178327053305856,1.4202430059414022
6.218748596764836,0.0002830241283346968,0.005178327053305856,1.4202082105520701
6.219549099891992,-0.0025005988285418113,0.005178327053305856,1.4201681610317554
6.220349602952375,-0.0011856074657512483,0.005178327053305856,1.4201203447502122
6.221150105938606,0.0027511836876499274,0.005178327053305856,1.420071086664688
6.221950608843305,0.00255643435687114,0.005178327053305856,1.4200200221414356
6.222751111659092,-0.001736257240001926,0.005178327053305856,1.4199564051264244
6.2235516143785885,0.00665581143221039,0.005178327053305856,1.4198856989255189
6.224352116994415,0.010006564895663539,0.005178327053305856,1.4198077092385815
6.225152619499192,0.009090935567645841,0.005178327053305856,1.4197745817777663
6.225953121885539,0.010908325803555385,0.005178327053305856,1.4197422891430433
6.226753624146077,0.004720233486379177,0.005178327053305856,1.4196454533691116
6.227554126273426,3.4273033908016615e-05,0.005178327053305856,1.4194002929074319
6.228354628260209,-0.0028739783069504643,0.005178327053305856,1.41931532630881
6.229155130099042,0.007012263832068655,0.005178327053305856,1.419307408698295
6.22995563178255,-0.010344489592369,0.005178327053305856,1.4195280625302922
6.230756133303352,-0.011578140947072768,0.005178327053305856,1.4196606514989174
6.231556634654067,-0.006929729988926159,0.005178327053305856,1.4195992968245537
6.232357135827318,-0.0035083952077883396,0.005178327053305856,1.4195464910296995
6.233157636815723,-0.0022638810266013554,0.005178327053305856,1.419501875051726
6.2339581376119035,-0.001634217479064004,0.005178327053305856,1.4194322407838393
6.234758638208482,0.0009958690808318238,0.005178327053305856,1.4193528297786082
6.2355591385980755,0.00585479737422534,0.005178327053305856,1.4192573402133333
6.236359638773307,0.0076046553266844175,0.005178327053305856,1.419133891890227
6.237160138726796,0.009440938439203128,0.005178327053305856,1.4190467681664873
6.237960638451163,0.009598628235506279,0.005178327053305856,1.418961389640209
6.238761137939029,0.01756861226754003,0.005178327053305856,1.4188778167651137
6.239561637183015,0.01627595453801578,0.005178327053305856,1.4187961102189846
6.240362136175739,0.007254582909507867,0.005178327053305856,1.418716330903659
6.241162634909825,-0.0027160853035521626,0.005178327053305856,1.4186413117309238
6.241963133377891,-0.00334142652752889,0.005178327053305856,1.418571015755901
6.242763631572559,-0.01957462960088141,0.005178327053305856,1.4185054069525314
6.2435641294864475,-0.007392209646456482,0.005178327053305856,1.4184444502135827
6.244364627112179,0.002304555931297303,0.005178327053305856,1.418394712471857
6.245165124442373,-0.0012220862784149134,0.005178327053305856,1.4183559263643712
6.245965621469651,0.007747518138939258,0.005178327053305856,1.418291592008334
6.246766118186632,0.010337189549739945,0.005178327053305856,1.418219049869537
6.247566614585938,0.00914391051262009,0.005178327053305856,1.41813544254956
6.248367110660189,0.008701483403863453,0.005178327053305856,1.41805797472702
6.249167606402004,0.01323465726131201,0.005178327053305856,1.4179794414060485
6.249968101804006,0.010688625457847545,0.005178327053305856,1.417902401299763
6.250768596858814,0.0040626470545996884,0.005178327053305856,1.4178269618551609
6.251569091559049,0.0015834562767436111,0.005178327053305856,1.4177532307760334
6.252369585897331,-0.00502929197329971,0.005178327053305856,1.4176813160229615
6.2531700798662815,-0.006730998586609749,0.005178327053305856,1.417617158048867
6.2539705734585205,0.004825900348458312,0.005178327053305856,1.4175606585006737
6.254771066666668,-0.005334873796293715,0.005178327053305856,1.4175157248191037
6.255571559483345,-0.0007620799015075619,0.005178327053305856,1.4175802511300994
6.256372051901171,0.0016797890254063308,0.005178327053305856,1.4176534673310133
6.257172543912769,0.0009010009868888336,0.005178327053305856,1.4175371588424246
6.257973035510758,0.006243960199179943,0.005178327053305856,1.4174508701878872
6.258773526687756,0.005867199180528138,0.005178327053305856,1.41736627703743
6.259574017436389,0.003418215721477047,0.005178327053305856,1.417283524487055
6.260374507749273,-0.0028884435118330387,0.005178327053305856,1.4172027581092357
6.26117499761903,0.01041984072773694,0.005178327053305856,1.417124123952927
6.2619754870382796,0.008739248644941133,0.005178327053305856,1.4170477685435587
6.262775975999645,-0.006129986311641966,0.005178327053305856,1.4169738388830329
6.263576464495744,-0.002432043303256748,0.005178327053305856,1.4169024824497352
6.264376952519198,0.011384937549275831,0.005178327053305856,1.4168338471985178
6.265177440062627,-0.003276551706653752,0.005178327053305856,1.4167680815607158
6.265977927118652,-0.006769551258371642,0.005178327053305856,1.4167053344441363
6.266778413679894,-0.002226531015070865,0.005178327053305856,1.4166404089876194
6.267578899738973,-0.0037095048170614486,0.005178327053305856,1.4165732694147048
6.26837938528851,0.0005607986166991097,0.005178327053305856,1.4164985328826307
6.269179870321125,0.004346366466282392,0.005178327053305856,1.4164159763432558
6.269980354829437,0.01753275054981751,0.005178327053305856,1.4163326681283102
6.270780838806069,0.013771975267426129,0.005178327053305856,1.4162560005969054
6.271581322243641,0.009264620408965918,0.005178327053305856,1.4161859538952968
6.272381805134772,0.010145860291557396,0.005178327053305856,1.4161225097204098
6.2731822874720855,0.007239298050194964,0.005178327053305856,1.4160112310171575
6.273982769248199,0.006555499681225152,0.005178327053305856,1.4159611695862961
6.274783250455734,0.00393091983058258,0.005178327053305856,1.4159175041726804
6.275583731087311,-0.009622137823889876,0.005178327053305856,1.4158802155069103
6.27638421113555,-0.010016752387052907,0.005178327053305856,1.415842419957515
6.2771846905930735,-0.003072022233515437,0.005178327053305856,1.4157936071175667
6.2779851694525,-0.007204355395755702,0.005178327053305856,1.4157338858452617
6.27878564770645,-0.0037636956279867295,0.005178327053305856,1.4156633622637216
6.279586125347545,0.0036054960116356227,0.005178327053305856,1.4155984476616326
6.280386602368406,0.010324506120970245,0.005178327053305856,1.415535703097735
6.2811870787616515,0.006518839262567466,0.005178327053305856,1.4154750526864466
6.281987554519904,0.010891352179170477,0.005178327053305856,1.415416536684389
6.282788029635782,0.010650889072335135,0.005178327053305856,1.4153615428147996
6.283588504101909,0.006363635704395243,0.005178327053305856,1.415310064054036
6.284388977910902,0.0028381678099529406,0.005178327053305856,1.4152620939643112
6.285189451055384,-0.005265172582776589,0.005178327053305856,1.4152176266937007
6.285989923527975,-0.008405890686087769,0.005178327053305856,1.4151766569761373
6.286790395321295,-0.00811924531142827,0.005178327053305856,1.4151391801314122
6.287590866427963,-0.015973001666463205,0.005178327053305856,1.4150953790134124
6.288391336840603,-0.018259090230042574,0.005178327053305856,1.4150449093782531
6.289191806551834,-0.015963645444192043,0.005178327053305856,1.4149874251934071
6.289992275554275,-0.014177404603054278,0.005178327053305856,1.4149225786377162
6.290792743840549,-0.008430591790623332,0.005178327053305856,1.4148839083549483
6.291593211403274,-0.002466643196892937,0.005178327053305856,1.4148655214794243
6.292393678235073,0.005397462984489287,0.005178327053305856,1.414841776256412
6.293194144328564,-0.0005386920763723602,0.005178327053305856,1.4148426367646654
6.29399460967637,-0.0016517350995528535,0.005178327053305856,1.4148713161130602
6.29479507427111,0.0026578341080689682,0.005178327053305856,1.4150512428035649
6.295595538105404,-0.008537304394835576,0.005178327053305856,1.41505915943884
6.296396001171874,-0.002874967807759532,0.005178327053305856,1.4150312532973464
6.297196463463139,-0.004212358452189813,0.005178327053305856,1.4149686076703163
6.297996924971821,-0.010823142635488558,0.005178327053305856,1.4149082394836392
6.2987973856905395,-0.011908449583749592,0.005178327053305856,1.4146452127496438
6.299597845611916,-0.006817392014125678,0.005178327053305856,1.4143309223623821
6.300398304728569,-0.006743839595954926,0.005178327053305856,1.41426506979659
6.301198763033121,-0.00661361025256646,0.005178327053305856,1.4142612518650428
6.3019992205181925,0.0038434944289134076,0.005178327053305856,1.4142710895518007
6.302799677176403,0.0017545594364234418,0.005178327053305856,1.4142751633416326
6.303600133000373,0.009621862824234384,0.005178327053305856,1.4142601649382054
6.304400587982724,0.014030031346202287,0.005178327053305856,1.4142087032960018
6.305201042116075,0.011637101088705304,0.005178327053305856,1.4141218977964474
6.3060014953930486,0.017687024583668887,0.005178327053305856,1.4141193179164526
6.306801947806263,0.02033528388138439,0.005178327053305856,1.4140579845428265
6.30760239934834,0.008588662867418329,0.005178327053305856,1.4139834580614914
6.3084028500119,0.005851596124996528,0.005178327053305856,1.4138906172854033
6.309203299789563,0.002639874098845141,0.005178327053305856,1.4137938059152757
6.310003748673951,-0.004662471827718617,0.005178327053305856,1.413692963994027
6.310804196657683,-0.0060379949630398055,0.005178327053305856,1.4135880303300452
6.3116046437333795,-0.005188352291562781,0.005178327053305856,1.4134524197294092
6.3124050898936614,0.0021687182021230544,0.005178327053305856,1.4133308820403243
6.313205535131149,0.011352368992790796,0.005178327053305856,1.4132305275718533
6.314005979438464,0.0068587531249575395,0.005178327053305856,1.413135171737556
6.314806422808227,0.010659101167739493,0.005178327053305856,1.4130439205722598
6.315606865233055,0.017266611463704118,0.005178327053305856,1.4129568062270819
6.316407306705572,0.026930773372102035,0.005178327053305856,1.4128692787568835
6.317207747218398,0.026842996285064702,0.005178327053305856,1.4128421578313068
6.318008186764152,0.02043869161795686,0.005178327053305856,1.412871527547008
6.318808625335456,0.01438473108054139,0.005178327053305856,1.4129553801614565
6.31960906292493,0.005027036722016653,0.005178327053305856,1.413043459357493
6.320409499525195,0.0009964623729012967,0.005178327053305856,1.4130842203758744
6.321209935128871,-0.0011706697448365944,0.005178327053305856,1.4130792161769428
6.322010369728577,-0.0042898465769931615,0.005178327053305856,1.413020585525944
6.322810803316936,-0.008850286074113756,0.005178327053305856,1.4129095334741937
6.323611235886569,-0.0066975773877477884,0.005178327053305856,1.412775531571985
6.324411667430093,-0.003946950169456009,0.005178327053305856,1.4126493684198058
6.325212097940131,0.004877778516886755,0.005178327053305856,1.4125404559058523
6.326012527409304,0.005685291319079244,0.005178327053305856,1.4124427170823042
6.32681295583023,0.010757231265660971,0.005178327053305856,1.412342661293299
6.3276133831955335,0.01677396431381939,0.005178327053305856,1.412245786055769
6.328413809497831,0.015601455542558984,0.005178327053305856,1.4121520245291708
6.329214234729744,0.014851466875950736,0.005178327053305856,1.4120585618146926
6.330014658883895,-0.0015302484588997078,0.005178327053305856,1.411971390128345
6.3308150819529025,0.005481766308146119,0.005178327053305856,1.4118903291162443
6.331615503929387,0.010228347325103915,0.005178327053305856,1.411815199596568
6.332415924805971,0.007537348906928143,0.005178327053305856,1.4117458235595508
6.3332163445752725,-0.0013252845778510824,0.005178327053305856,1.411682024167485
6.334016763229914,-0.0008433964395326843,0.005178327053305856,1.411623625754718
6.334817180762514,-0.0006293364909877308,0.005178327053305856,1.4115776805812517
6.335617597165695,-0.002406710949000468,0.005178327053305856,1.4115362032636871
6.336418012432077,0.0017285794440764501,0.005178327053305856,1.411576727848137
6.33721842655428,0.0019235276505342735,0.005178327053305856,1.411504353733804
6.338018839524924,0.005481986157846119,0.005178327053305856,1.4114172485648675
6.338819251336631,0.019583087025172308,0.005178327053305856,1.411340959050195
6.339619661982019,0.01984201807506447,0.005178327053305856,1.4112752650713474
6.340420071453713,0.01641811736275911,0.005178327053305856,1.4111940561811047
6.341220479744329,0.013867570350551972,0.005178327053305856,1.4111112634242935
6.3420208868464885,0.011277466624451726,0.005178327053305856,1.41102671544605
6.342821292752815,-0.012292015659538302,0.005178327053305856,1.4109402399601008
6.343621697455926,-0.054397635181353765,0.005178327053305856,1.4108368481965394
6.344422100948441,-0.03666873609417465,0.005178327053305856,1.410715851580261
6.345222503222984,-0.0003995994433978467,0.005178327053305856,1.410590096416219
6.346022904272172,0.00237313230845837,0.005178327053305856,1.4104898216082191
6.3468233040886295,-0.003678091078817225,0.005178327053305856,1.41040932967285
6.347623702664974,0.0010163339205597754,0.005178327053305856,1.4103376137463493
6.348424099993826,0.005598106229299127,0.005178327053305856,1.4102714564737653
6.349224496067807,0.0030379269313727253,0.005178327053305856,1.4102101124114133
6.3500248908795385,0.018430470852633052,0.005178327053305856,1.4101892896079058
6.350825284421638,0.012028757899889442,0.005178327053305856,1.4101326466180721
6.351625676686729,0.017202022778972204,0.005178327053305856,1.4100928648583952
6.352426067667431,0.015555699665110945,0.005178327053305856,1.410055261393374
6.353226457356365,0.00792534817917323,0.005178327053305856,1.4100170459415526
6.354026845746149,0.003563998567882143,0.005178327053305856,1.40997810277835
6.354827232829406,0.007892224704058481,0.005178327053305856,1.4099383157020617
6.3556276185987555,0.008455130865407723,0.005178327053305856,1.4098975680338643
6.356428003046819,0.006814728577884788,0.005178327053305856,1.4098549782747116
6.357228386166216,9.548407493387145e-05,0.005178327053305856,1.409726829360613
6.358028767949568,0.005165477360000503,0.005178327053305856,1.4096622977775959
6.3588291483894945,-0.00331545254718546,0.005178327053305856,1.40961496413441
6.359629527478615,-0.002065178233776832,0.005178327053305856,1.4095853735467136
6.360429905209553,0.0037448213756159365,0.005178327053305856,1.4095565625119262
6.361230281574928,0.004475936115730272,0.005178327053305856,1.4095284764291558
6.362030656567359,0.006392529709568606,0.005178327053305856,1.4095010606403484
6.362831030179468,0.0005400240768120845,0.005178327053305856,1.409474260430292
6.363631402403874,0.00916874663900491,0.005178327053305856,1.4094480210266083
6.364431773233199,0.00916974290165351,0.005178327053305856,1.4094190444132706
6.365232142660063,0.005860022324215786,0.005178327053305856,1.4093589846797192
6.366032510677086,0.0013860560697798174,0.005178327053305856,1.4092914973828004
6.366832877276889,0.008228189759719395,0.005178327053305856,1.409216596147152
6.367633242452093,0.009783883513026614,0.005178327053305856,1.4091293031980832
6.368433606195317,-0.0012621012481992544,0.005178327053305856,1.4090537922963446
6.369233968499183,-0.02685351596636809,0.005178327053305856,1.4089899401444734
6.3700343293563115,-0.03403586525419766,0.005178327053305856,1.4089357912174854
6.370834688759322,-0.005508251127267272,0.005178327053305856,1.4089839908049406
6.371635046700836,0.016331657502253405,0.005178327053305856,1.4089968104073551
6.372435403173473,0.011719903807251075,0.005178327053305856,1.4089755650624403
6.373235758169854,0.0062767468534743465,0.005178327053305856,1.4089215615742774
6.374036111682599,0.010476671973128626,0.005178327053305856,1.4088751292048645
6.37483646370433,0.01886725694816649,0.005178327053305856,1.4088361741001334
6.375636814227667,0.01422396986202834,0.005178327053305856,1.4087827102726191
6.37643716324523,0.009850854812525123,0.005178327053305856,1.4087368509580207
6.377237510749637,0.011457606329352332,0.005178327053305856,1.40876837642052
6.378037856733513,0.006566175263188256,0.005178327053305856,1.4089465818301017
6.378838201189477,0.007800058389695108,0.005178327053305856,1.4089547389582426
6.379638544110149,0.012153841705832669,0.005178327053305856,1.4089868484364345
6.380438885488149,0.001796842180606495,0.005178327053305856,1.4090254564967977
6.381239225316099,0.002791972099648987,0.005178327053305856,1.409095855287901
6.382039563586617,0.0013978764084969786,0.005178327053305856,1.4091973863008234
6.382839900292327,0.006573414577593528,0.005178327053305856,1.4093223553494365
6.383640235425846,0.015539019505327767,0.005178327053305856,1.4094601422662523
6.384440568979797,0.018764865652146856,0.005178327053305856,1.409372912862299
6.3852409009467985,0.01867540476027596,0.005178327053305856,1.4092871878548903
6.386041231319474,0.01686825105686851,0.005178327053305856,1.4091958205880302
6.386841560090441,0.01721518313027226,0.005178327053305856,1.409098638504886
6.387641887252321,0.009534433742754533,0.005178327053305856,1.4089954672226799
6.388442212797735,0.008028078003149863,0.005178327053305856,1.408886130532692
6.389242536719303,0.005695603165356999,0.005178327053305856,1.408770450400271
6.390042859009646,-0.004843713400410232,0.005178327053305856,1.408648246964825
6.390843179661385,0.0026654402393968546,0.005178327053305856,1.4085234505873168
6.391643498667138,0.006527675679003808,0.005178327053305856,1.408405577727539
6.392443816019528,0.0032937339578251734,0.005178327053305856,1.4082949186582914
6.393244131711175,0.0008182335163973153,0.005178327053305856,1.4082025749420506
6.394044445734699,0.0014097121353040531,0.005178327053305856,1.4081098605185565
6.394844758082719,0.0054590350874914595,0.005178327053305856,1.408016776030748
6.395645068747859,0.012504207272854284,0.005178327053305856,1.4079233215354063
6.396445377722738,0.013324253735895297,0.005178327053305856,1.4078356910052792
6.397245684999977,0.01547011081501437,0.005178327053305856,1.4077536636403725
6.398045990572194,0.0230055712124555,0.005178327053305856,1.4076770196076178
6.398846294432012,0.01529313345994976,0.005178327053305856,1.407619676169295
6.39964659657205,0.011232040136409438,0.005178327053305856,1.4075493593858415
6.4004468969849295,0.013306219873828296,0.005178327053305856,1.407450735713366
6.401247195663272,0.012425070368253133,0.005178327053305856,1.4073420358178161
6.402047492599696,0.010844031768806328,0.005178327053305856,1.407192368940464
6.402847787786823,0.0047291444398342986,0.005178327053305856,1.4070300533324034
6.403648081217272,-0.0007527574546417615,0.005178327053305856,1.406879147483834
6.4044483728836665,-0.0032135195895508506,0.005178327053305856,1.4067372890041892
6.405248662778624,0.0025799821142933332,0.005178327053305856,1.4066261427351587
6.406048950894768,0.011444162091718058,0.005178327053305856,1.406519850752691
6.406849237224716,0.010166006431890473,0.005178327053305856,1.4064185408651702
6.4076495217610905,-0.015107050802098287,0.005178327053305856,1.406322341755331
6.40844980449651,-0.04510156579827718,0.005178327053305856,1.406231382980272
6.409250085423598,-0.013667676543217544,0.005178327053305856,1.4061457949714393
6.410050364534973,0.016711483876157285,0.005178327053305856,1.4060458188944602
6.410850641823255,-0.0010196081877085206,0.005178327053305856,1.4059600534636418
6.411650917281067,0.004966523815755908,0.005178327053305856,1.4058888330062933
6.4124511909010256,0.022605965506391268,0.005178327053305856,1.405785423338965
6.413251462675755,0.018939422566370823,0.005178327053305856,1.4056926232225277
6.4140517325978745,0.010522789624242357,0.005178327053305856,1.4056423748795241
6.414852000660004,-0.025867049585929447,0.005178327053305856,1.4056248530770659
6.415652266854765,-0.06933222209045997,0.005178327053305856,1.405598454241369
6.4164525311747775,-0.022819311738214942,0.005178327053305856,1.4055635151839991
6.41725279361266,0.021107856104551015,0.005178327053305856,1.4055203743760352
6.418053054161038,0.02075304014719692,0.005178327053305856,1.4054693683439252
6.418853312812527,-0.0013992187552602786,0.005178327053305856,1.4054108316694907
6.41965356955975,-0.017094555530486666,0.005178327053305856,1.405345096989936
6.420453824395326,-0.005676480136420636,0.005178327053305856,1.4052724949978455
6.421254077311877,0.019700927070688046,0.005178327053305856,1.4051933544411925
6.422054328302024,0.01088043406902739,0.005178327053305856,1.4051463882315396
6.422854577358386,0.013721453102885306,0.005178327053305856,1.4050824637874852
6.423654824473584,0.006421058876173502,0.005178327053305856,1.4050134580386355
6.424455069640238,0.004333138675995274,0.005178327053305856,1.4049396463005634
6.425255312850969,0.011032073608594928,0.005178327053305856,1.4048526994377435
6.426055554098398,0.006318981648880229,0.005178327053305856,1.4047736031075733
6.426855793375145,0.0024391172707147746,0.005178327053305856,1.4047002091533964
6.4276560306738295,0.0021157826018356474,0.005178327053305856,1.4046324923715023
6.428456265987074,0.0035377457628140707,0.005178327053305856,1.4045704285391425
6.429256499307498,0.0017940280247119578,0.005178327053305856,1.4045177060231153
6.430056730627722,0.00250545945691405,0.005178327053305856,1.4044741709311208
6.430856959940367,0.006507054616765817,0.005178327053305856,1.404439671282434
6.431657187238052,0.00734937784445,0.005178327053305856,1.4044140570079076
6.432457412513399,-0.030581940467320434,0.005178327053305856,1.404397179949962
6.433257635759029,-0.032363798664124754,0.005178327053305856,1.4044568221956855
6.43405785696756,0.009798185517242652,0.005178327053305856,1.404492138402328
6.434858076131615,0.027079343704974557,0.005178327053305856,1.404503752822679
6.435658293243814,0.028735439450305433,0.005178327053305856,1.404492284048898
6.436458508296776,0.01761512441905344,0.005178327053305856,1.404458345012531
6.437258721283124,0.00867815012929074,0.005178327053305856,1.404380556966216
6.438058932195476,0.005361869317556556,0.005178327053305856,1.4043123773581867
6.438859141026454,0.00391292420267586,0.005178327053305856,1.404257491397492
6.4396593477686785,0.0016854022559440462,0.005178327053305856,1.4042037279742716
6.44045955241477,0.002376423374133907,0.005178327053305856,1.4041596329414676
6.441259754957348,0.003080111284857301,0.005178327053305856,1.404157080444673
6.442059955389033,0.001688962086692225,0.005178327053305856,1.4041443824578441
6.442860153702448,0.0018778790662645761,0.005178327053305856,1.4041220178929221
6.4436603498902105,0.00917586030287687,0.005178327053305856,1.404090463038409
6.444460543944943,0.011588385404369683,0.005178327053305856,1.4040698479221296
6.4452607358592635,0.02062061787835745,0.005178327053305856,1.4040585030544332
6.446060925625796,0.018442317621854665,0.005178327053305856,1.404056154552947
6.446861113237158,0.013783667014273693,0.005178327053305856,1.4040625304913286
6.447661298685971,0.013803271592687016,0.005178327053305856,1.4040773608992636
6.448461481964857,0.009257421763706697,0.005178327053305856,1.4041027590525763
6.449261663066435,-0.006020610743678656,0.005178327053305856,1.404131852505718
6.450061841983325,-0.022070286148902163,0.005178327053305856,1.40416422816297
6.450862018708149,-0.0010172859852459748,0.005178327053305856,1.4042102254675906
6.451662193233527,0.017682378804006138,0.005178327053305856,1.40426415060593
6.452462365552078,0.005510178816124034,0.005178327053305856,1.4043257727542908
6.453262535656425,-0.0008596035002286229,0.005178327053305856,1.4043948632355872
6.454062703539186,0.01033728704347947,0.005178327053305856,1.4044410535254381
6.454862869192984,0.006121462872085148,0.005178327053305856,1.4044482207257174
6.455663032610437,0.007674883346176387,0.005178327053305856,1.4044166149053858
6.456463193784168,0.011259121019629559,0.005178327053305856,1.4044235995725267
6.4572633527067955,0.013229690112066761,0.005178327053305856,1.4044666705897315
6.458063509370941,0.013037538606129884,0.005178327053305856,1.4043335484213642
6.458863663769226,0.01895163402425326,0.005178327053305856,1.4043348524973054
6.459663815894269,0.015253008380730293,0.005178327053305856,1.4045456609569253
6.4604639657386915,0.02121046681515648,0.005178327053305856,1.404655984531424
6.461264113295113,0.00665816868859892,0.005178327053305856,1.4046685393886729
6.462064258556156,0.0009922007130584998,0.005178327053305856,1.4046200425601258
6.462864401514439,0.0006544353041275652,0.005178327053305856,1.4046267436339237
6.463664542162585,-0.006642149762222882,0.005178327053305856,1.4046867739937077
6.464464680493211,0.0003009357222001352,0.005178327053305856,1.4047559119219923
6.46526481649894,-0.0026713368532547133,0.005178327053305856,1.404805905404284
6.466064950172392,0.0040490864554145745,0.005178327053305856,1.4048374080593584
6.466865081506187,0.015070540149410672,0.005178327053305856,1.4048510693447471
6.467665210492946,0.023471072038097063,0.005178327053305856,1.4048475345567546
6.46846533712529,0.012578512506956185,0.005178327053305856,1.4048274448304665
6.469265461395838,0.015777336795709918,0.005178327053305856,1.4047885663689543
6.470065583297213,0.029397026630250123,0.005178327053305856,1.4047314323100755
6.470865702822032,0.0180884707401312,0.005178327053305856,1.404656570936066
6.471665819962919,0.006905610194831935,0.005178327053305856,1.4045819509959339
6.472465934712493,0.04307469646774287,0.005178327053305856,1.4045006354994167
6.473266047063374,0.04469902721454733,0.005178327053305856,1.4044122864535018
6.474066157008182,0.02661971608407665,0.005178327053305856,1.404354408711754
6.474866264539539,0.021495219126260734,0.005178327053305856,1.404327490630588
6.475666369650066,0.027682942926416043,0.005178327053305856,1.404336204723445
6.4764664723323815,0.01914030934067923,0.005178327053305856,1.404290259644222
6.477266572579107,0.004857829950570602,0.005178327053305856,1.4042426328992292
6.478066670382864,-0.005011339956438654,0.005178327053305856,1.404191227813462
6.478866765736271,0.006928088357189166,0.005178327053305856,1.404136313346101
6.47966685863195,0.026600531207809697,0.005178327053305856,1.4040855654414208
6.480466949062521,0.03442785900568324,0.005178327053305856,1.4040389875996366
6.481267037020604,0.027506915925207487,0.005178327053305856,1.4039905433050457
6.482067122498821,0.032973906608169345,0.005178327053305856,1.4039400273247393
6.48286720548979,0.03329076827175759,0.005178327053305856,1.4038872334627306
6.483667285986135,-0.0007724499656529549,0.005178327053305856,1.403699693539671
6.484467363980475,-0.019850059903090855,0.005178327053305856,1.4034712606517648
6.485267439465427,0.010920687663581674,0.005178327053305856,1.4033923427688744
6.486067512433618,0.024713078020035972,0.005178327053305856,1.4033360561098474
6.486867582877663,0.020645724487539763,0.005178327053305856,1.4032831331674338
6.4876676507901845,0.007011603423813018,0.005178327053305856,1.403229851649613
6.488467716163805,-0.0013744948509082366,0.005178327053305856,1.403176349284272
6.489267778991141,0.0004904118290656179,0.005178327053305856,1.4031389207781968
6.490067839264816,-0.001909990613651491,0.005178327053305856,1.4031171299952208
6.490867896977449,-0.01794403092632524,0.005178327053305856,1.4031105444337877
6.491667952121662,-0.04517737057404503,0.005178327053305856,1.4031187352269416
6.492468004690075,-0.012082293793195253,0.005178327053305856,1.4031412771423133
6.493268054675307,0.020341770733246944,0.005178327053305856,1.4031777485821109
6.4940681020699795,0.035359031328188406,0.005178327053305856,1.403227731583105
6.494868146866715,0.026785971416440013,0.005178327053305856,1.4032908118166223
6.49566818905813,0.016021825325677863,0.005178327053305856,1.4033665785885272
6.496468228636849,-0.038811077189481624,0.005178327053305856,1.4034546248392143
6.49726826559549,-0.04231167500424493,0.005178327053305856,1.403554547143595
6.498068299926674,6.744802129476923e-05,0.005178327053305856,1.4036613394385966
6.498868331623021,0.023645750622133033,0.005178327053305856,1.4037673652117415
6.499668360677154,0.008231619423808345,0.005178327053305856,1.4038524267221328
6.500468387081691,0.005017848354918808,0.005178327053305856,1.4039169278579744
6.501268410829253,0.00848158377094177,0.005178327053305856,1.4039612682632434
6.50206843191246,0.01411664209087049,0.005178327053305856,1.4039858433377
6.502868450323934,0.01731607620771025,0.005178327053305856,1.403991044236903
6.503668466056295,0.009598212681677154,0.005178327053305856,1.403977257872226
6.504468479102163,0.024082030812789812,0.005178327053305856,1.4039448669108658
6.505268489454159,0.030087204953540114,0.005178327053305856,1.4039048717543143
6.506068497104903,0.030220283833729766,0.005178327053305856,1.403858015378317
6.506868502047016,0.0309987093471491,0.005178327053305856,1.4038050390837977
6.507668504273118,0.03894760588212276,0.005178327053305856,1.4037466824968665
6.50846850377583,0.03127844786538203,0.005178327053305856,1.403676579607565
6.509268500547773,0.016637267018918767,0.005178327053305856,1.4035952200419388
6.5100684945815654,0.01408985005730945,0.005178327053305856,1.403523975569796
6.51086848586983,0.02080545044706983,0.005178327053305856,1.403461192980152
6.511668474405186,0.00027880001921865016,0.005178327053305856,1.403406567790104
6.512468460180255,-0.003396906979439951,0.005178327053305856,1.4033597970235234
6.5132684431876555,0.01568208574389196,0.005178327053305856,1.403320579211041
6.514068423420011,0.015974837540371434,0.005178327053305856,1.403288614390047
6.51486840086994,0.003841077515294389,0.005178327053305856,1.4032594819383726
6.515668375530062,0.010356347698556645,0.005178327053305856,1.4032372063305143
6.516468347392999,0.020819047795543666,0.005178327053305856,1.4032214892084909
6.517268316451373,0.01609440852945987,0.005178327053305856,1.4032069878251168
6.5180682826978025,0.008490219342198513,0.005178327053305856,1.4031986413950597
6.518868246124908,0.0056114302768812685,0.005178327053305856,1.4031837290216789
6.519668206725311,0.02989930104574645,0.005178327053305856,1.4031746228802753
6.52046816449163,0.03621226929114374,0.005178327053305856,1.4031710509495139
6.521268119416488,0.017537441353780103,0.005178327053305856,1.4031414649041754
6.522068071492505,0.007089330186461407,0.005178327053305856,1.4030938598626075
6.522868020712299,0.01057781613406683,0.005178327053305856,1.4028445150605582
6.523667967068493,0.018642942662854933,0.005178327053305856,1.402718183001309
6.524467910553709,0.013959083025045782,0.005178327053305856,1.4025868494997098
6.525267851160564,0.009129273152163497,0.005178327053305856,1.4024993154600955
6.52606778888168,0.003482513497114148,0.005178327053305856,1.4024191315004944
6.526867723709677,0.005327633068143545,0.005178327053305856,1.4023457918934534
6.527667655637177,-0.0030093318930299873,0.005178327053305856,1.4022415668816355
6.5284675846567986,-0.009187248376065549,0.005178327053305856,1.4020988730012631
6.529267510761163,0.01153069328445988,0.005178327053305856,1.4019070510439628
6.530067433942892,0.030341146703563027,0.005178327053305856,1.4017144543325228
6.530867354194604,0.020486309679703663,0.005178327053305856,1.401521510073733
6.531667271508921,0.015351793953574333,0.005178327053305856,1.4013586190305194
6.532467185878463,0.012828042797254025,0.005178327053305856,1.4012272506245147
6.533267097295851,0.013929197683337335,0.005178327053305856,1.401128882309168
6.5340670057537045,0.013098353672243546,0.005178327053305856,1.400941154583296
6.534866911244645,0.005101956149188069,0.005178327053305856,1.4008126230678917
6.535666813761292,-0.0005832254557072147,0.005178327053305856,1.4007004714977955
6.536466713296266,0.0030149624655295693,0.005178327053305856,1.4006052544761858
6.53726660984219,0.008024821001682003,0.005178327053305856,1.4005131280572758
6.538066503391681,0.013847038960238534,0.005178327053305856,1.4004241544752294
6.5388663939373615,0.013362261080071658,0.005178327053305856,1.4003383963201297
6.539666281471852,0.014565197482973913,0.005178327053305856,1.4002559165379749
6.540466165987772,0.01663131728371048,0.005178327053305856,1.4001767784306793
6.541266047477743,0.013251558375082073,0.005178327053305856,1.4001010456560696
6.542065925934384,0.005794485993960041,0.005178327053305856,1.4000252379398685
6.542865801350318,0.018352203811646817,0.005178327053305856,1.399950222028604
6.543665673718164,0.018375007793695275,0.005178327053305856,1.3998759708646216
6.544465543030542,0.019019669801592975,0.005178327053305856,1.3998072035476372
6.5452654092800735,0.017958361611064566,0.005178327053305856,1.399681268656203
6.546065272459379,0.0004699404366841353,0.005178327053305856,1.3994961242412578
6.546865132561078,-0.013589587612701237,0.005178327053305856,1.3992497140375617
6.547664989577792,0.009687302161477618,0.005178327053305856,1.3989899538357333
6.548464843502141,0.02750573711476978,0.005178327053305856,1.3987696025325422
6.549264694326745,0.020978012599828455,0.005178327053305856,1.3985901524173123
6.550064542044226,0.012409916140101451,0.005178327053305856,1.3984531063987593
6.550864386647205,0.006296244701982978,0.005178327053305856,1.3983599780049483
6.5516642281283,0.010001872629688435,0.005178327053305856,1.398274308319967
6.552464066480132,0.01814282686663149,0.005178327053305856,1.3981994440365162
6.553263901695323,0.021623171328053914,0.005178327053305856,1.3981264319565843
6.554063733766492,0.006411188218859554,0.005178327053305856,1.3980550661671751
6.554863562686262,-0.0009864203076617173,0.005178327053305856,1.3979839421434963
6.55566338844725,0.02795483217114847,0.005178327053305856,1.3979078069263946
6.556463211042079,0.04184974203282299,0.005178327053305856,1.3978344510905982
6.5572630304633694,0.028284316216073302,0.005178327053305856,1.397766565654555
6.55806284670374,0.027446320912920097,0.005178327053305856,1.3977248621876859
6.558862659755812,0.03726707016010988,0.005178327053305856,1.3976782796156395
6.559662469612207,0.03481510124620746,0.005178327053305856,1.3976266568612108
6.560462276265545,0.02948122669759279,0.005178327053305856,1.3975698315601868
6.561262079708446,0.017660733289644792,0.005178327053305856,1.3975076400613529
6.562061879933531,0.018420195947149276,0.005178327053305856,1.3974399174264998
6.56286167693342,0.014064022473269766,0.005178327053305856,1.3973664974304265
6.563661470700735,0.015779367074852724,0.005178327053305856,1.3972872125609443
6.564461261228093,0.019015861866755523,0.005178327053305856,1.3971213845488863
6.565261048508119,0.017504810366391066,0.005178327053305856,1.39706484815322
6.566060832533431,0.008202211627377443,0.005178327053305856,1.3970263010018038
6.566860613296649,-0.011523340912073854,0.005178327053305856,1.3969806116742352
6.567660390790394,0.010455130279727776,0.005178327053305856,1.3969275273092514
6.568460165007288,0.041190494714959724,0.005178327053305856,1.3969547843723418
6.56925993593995,0.047853578485824944,0.005178327053305856,1.397098077907211
6.570059703581,0.04169100095487677,0.005178327053305856,1.3971937435529587
6.570859467923062,0.04146646797336939,0.005178327053305856,1.3972704539921557
6.571659228958752,0.017983280106438793,0.005178327053305856,1.3973287506982919
6.572458986680692,-0.04147139070386041,0.005178327053305856,1.3973691713480922
6.573258741081503,-0.04717458390698881,0.005178327053305856,1.397392249821517
6.5740584921538066,0.01016871434919664,0.005178327053305856,1.3973985162017835
6.574858239890221,0.03683452316935898,0.005178327053305856,1.39738849677537
6.575657984283368,0.03352380789760434,0.005178327053305856,1.3973627140320337
6.576457725325868,0.014442067484227605,0.005178327053305856,1.397321686664815
6.5772574630103415,-0.019288703268503626,0.005178327053305856,1.397264927738925
6.57805719732941,-0.021317195416792112,0.005178327053305856,1.397155926747553
6.578856928275692,0.019604199959948998,0.005178327053305856,1.397070190242386
6.579656655841809,0.031001322076572135,0.005178327053305856,1.3970145306088493
6.580456380020382,0.028693302078258265,0.005178327053305856,1.3970015298286764
6.581256100804031,0.034457021908890884,0.005178327053305856,1.3969430306977895
6.582055818185375,0.03757628315499972,0.005178327053305856,1.396917072739401
6.582855532157037,0.03680691976762285,0.005178327053305856,1.396851028405272
6.583655242711637,0.031411866408529,0.005178327053305856,1.3967861937845856
6.584454949841795,0.03107627614572106,0.005178327053305856,1.3967224751358542
6.58525465354013,0.016131939132231876,0.005178327053305856,1.3966597790477207
6.586054353799266,0.011840014250565467,0.005178327053305856,1.3965980124389543
6.58685405061182,0.005059465641037431,0.005178327053305856,1.396518314495716
6.587653743970415,0.0008036195017624426,0.005178327053305856,1.3964311985778657
6.58845343386767,-0.004266867543557096,0.005178327053305856,1.39633688095484
6.589253120296206,-0.010392035273305122,0.005178327053305856,1.3962355760131162
6.5900528032486445,0.0007333632026320647,0.005178327053305856,1.396148886642409
6.590852482717605,0.022425673378009714,0.005178327053305856,1.3960762648893432
6.591652158695707,0.029410153776560977,0.005178327053305856,1.396017166280045
6.592451831175573,0.029808117458254513,0.005178327053305856,1.3959710498201316
6.593251500149822,0.041975032762799014,0.005178327053305856,1.3959665627056164
6.594051165611076,0.06135409396086322,0.005178327053305856,1.3960167374899402
6.594850827551954,0.0669407309942982,0.005178327053305856,1.395997407483298
6.595650485965077,0.06644749567950514,0.005178327053305856,1.3959462656591708
6.596450140843066,0.055710067166998556,0.005178327053305856,1.395907988617808
6.59724979217854,0.05109019184656094,0.005178327053305856,1.395881696502308
6.5980494399641225,0.05064285525593415,0.005178327053305856,1.395866512319003
6.598849084192431,0.03958260605676611,0.005178327053305856,1.3957298804587785
6.599648724856087,0.01584601524849405,0.005178327053305856,1.3956053551061873
6.600448361947712,0.002845410566753692,0.005178327053305856,1.3954948761758368
6.601247995459925,0.016887033998845835,0.005178327053305856,1.3954197491599771
6.602047625385348,0.02289245065395984,0.005178327053305856,1.3953408101827798
6.6028472517166,0.015139854092808713,0.005178327053305856,1.395257924953213
6.603646874446302,0.0051640258762821745,0.005178327053305856,1.395185525373566
6.6044464935670755,0.007472889477837974,0.005178327053305856,1.3951012186276055
6.6052461090715395,0.009683529421535164,0.005178327053305856,1.3949445512430905
6.606045720952316,0.005931074309278639,0.005178327053305856,1.3946522045867609
6.606845329202024,0.01074137466423819,0.005178327053305856,1.394527578349655
6.607644933813285,0.01138019015936309,0.005178327053305856,1.394371179352888
6.608444534778719,0.0166445182729269,0.005178327053305856,1.3941820953333535
6.609244132090947,0.022171390878677144,0.005178327053305856,1.393959406762356
6.610043725742589,0.019265550720140023,0.005178327053305856,1.3937021868456434
6.610843315726266,0.008028310586073006,0.005178327053305856,1.3934062117653108
6.611642902034599,-0.02519928472753019,0.005178327053305856,1.3930807390570612
6.612442484660207,-0.026342351443571665,0.005178327053305856,1.392971061259316
6.613242063595711,0.017580875282318997,0.005178327053305856,1.3928587815586841
6.614041638833732,0.026978726840729772,0.005178327053305856,1.3927569239043216
6.61484121036689,0.02314777173011562,0.005178327053305856,1.3926497842392878
6.615640778187807,0.02471200390652184,0.005178327053305856,1.3925457392493756
6.616440342289101,0.023255418065670774,0.005178327053305856,1.3924448356957009
6.617239902663394,0.029659762073217966,0.005178327053305856,1.3923471207028226
6.618039459303308,0.04534183600406272,0.005178327053305856,1.392252641758749
6.618839012201461,0.0431691478812708,0.005178327053305856,1.3921614467149344
6.619638561350473,0.0372534715034909,0.005178327053305856,1.3920735837862745
6.620438106742967,0.04722485282239819,0.005178327053305856,1.3920051875257717
6.621237648371563,0.0661797994531157,0.005178327053305856,1.3919296984318221
6.62203718622888,0.057590553445892256,0.005178327053305856,1.3918549158173028
6.6228367203075384,0.031118368854889056,0.005178327053305856,1.3917809816374818
6.623636250600162,0.015479563883602498,0.005178327053305856,1.3917080375695527
6.624435777099367,0.02774185028421927,0.005178327053305856,1.391629809294927
6.625235299797777,0.03483083909627971,0.005178327053305856,1.3915462151887024
6.626034818688011,0.026819226509978478,0.005178327053305856,1.3914719864416407
6.62683433376269,0.009231902468543662,0.005178327053305856,1.3913784181571494
6.627633845014434,0.0003910898355226067,0.005178327053305856,1.3912975519209465
6.628433352435865,-0.0001884762051740374,0.005178327053305856,1.3912298773738738
6.629232856019602,0.03114396211608339,0.005178327053305856,1.391175887031336
6.630032355758265,0.04972668303502936,0.005178327053305856,1.3911233795465003
6.630295556602127,0.05572796649154932,0.005178327053305856,1.3910749554433126
6.631096078549704,0.05297709259724348,0.005178327053305856,1.3910255783560785
6.631896598355269,0.04213119248145136,0.005178327053305856,1.390977855891576
6.632697116021991,0.03982232973791544,0.005178327053305856,1.3909318449117258
6.633497631553045,0.02938610536703745,0.005178327053305856,1.3908876020824508
6.634298144951598,-0.010474035163056117,0.005178327053305856,1.3908451838736677
6.635098656220823,-0.013697875740001253,0.005178327053305856,1.3908046465592903
6.635899165363891,0.011262716969097974,0.005178327053305856,1.3907660462172298
6.636699672383972,0.050031986455440824,0.005178327053305856,1.390729438729395
6.637500177284237,0.0594644346161759,0.005178327053305856,1.3906931111375502
6.638300680067858,0.056496180071274216,0.005178327053305856,1.390657057526694
6.639101180738004,0.06054865508294771,0.005178327053305856,1.390621271358109
6.639901679297848,0.03202809737254375,0.005178327053305856,1.3905857454693615
6.640702175750561,-0.0004040628109447386,0.005178327053305856,1.390536253640199
6.64150267009931,-0.0012034402566212243,0.005178327053305856,1.390472159012594
6.642303162347272,0.01818088123309658,0.005178327053305856,1.3903768276393516
6.643103652497613,0.03884331787350104,0.005178327053305856,1.3902916191365882
6.643904140553507,0.03698225878087125,0.005178327053305856,1.3902168030035131
6.644704626518123,0.02612470819485857,0.005178327053305856,1.3901526511189086
6.645505110394632,0.01844588441020978,0.005178327053305856,1.3900994377411109
6.646305592186206,0.004544031321195741,0.005178327053305856,1.3900574395080036
6.647106071896014,0.005744884410213258,0.005178327053305856,1.3900269354370056
6.647906549527231,0.00952173362112374,0.005178327053305856,1.3900178175424993
6.648707025083024,0.025328133868301794,0.005178327053305856,1.390038188250364
6.649507498566565,0.031929172287626484,0.005178327053305856,1.3900109585196527
6.650307969981025,0.02239818520009429,0.005178327053305856,1.3900180130672042
6.651108439329575,0.01790846172901106,0.005178327053305856,1.3900609278894702
6.651908906615387,0.012443981104952595,0.005178327053305856,1.3901277209992897
6.65270937184163,0.01335231293254946,0.005178327053305856,1.3901815868495055
6.653509835011476,0.013981594008062759,0.005178327053305856,1.3902332375149928
6.654310296128096,0.01708397427136843,0.005178327053305856,1.39028266898716
6.65511075519466,0.014882241447511602,0.005178327053305856,1.3903298763790097
6.65591121221434,0.01954706685547114,0.005178327053305856,1.390374853925151
6.656711667190306,0.026020249639418624,0.005178327053305856,1.390413750825725
6.65751212012573,0.019758158897193123,0.005178327053305856,1.3904464260955611
6.658312571023783,0.024839002031144863,0.005178327053305856,1.3905321642970518
6.659113019887634,0.028656399237696695,0.005178327053305856,1.3905986675861022
6.6599134667204565,0.02992347710767218,0.005178327053305856,1.3906672652514198
6.660713911525419,0.033911094716126966,0.005178327053305856,1.390568485238065
6.661514354305694,0.019159526435097884,0.005178327053305856,1.3904888790593883
6.662314795064452,0.016998992024323645,0.005178327053305856,1.3904291634449701
6.663115233804864,0.02351750173498357,0.005178327053305856,1.39040813167617
6.663915670530101,0.0272998701400895,0.005178327053305856,1.3904258693090346
6.664716105243333,0.02844211602656177,0.005178327053305856,1.3904824712809378
6.665516537947732,0.02526149508981934,0.005178327053305856,1.3904991574553227
6.666316968646469,0.017575963795371186,0.005178327053305856,1.3905050937894745
6.667117397342714,0.0033369494880455264,0.005178327053305856,1.3905174312597885
6.667917824039639,0.0057498997052856105,0.005178327053305856,1.3905194428553476
6.668718248740414,0.018137585719220528,0.005178327053305856,1.3904802289861131
6.66951867144821,0.014096341346936159,0.005178327053305856,1.3904582051465246
6.670319092166199,0.004158934047939322,0.005178327053305856,1.3904536954202875
6.671119510897551,-0.001623790059872121,0.005178327053305856,1.3904744856274394
6.671919927645437,0.008001115103280831,0.005178327053305856,1.3906730528993216
6.672720342413027,0.02213543282757402,0.005178327053305856,1.390823558170135
6.673520755203493,0.031120163195093253,0.005178327053305856,1.390900680092886
6.6743211660200075,0.014119129223533422,0.005178327053305856,1.390906395062395
6.675121574865739,0.016737978388148722,0.005178327053305856,1.390888059051084
6.675921981743859,0.021231243609213912,0.005178327053305856,1.3908460034276375
6.676722386657538,0.011541870400888055,0.005178327053305856,1.390791235957285
6.677522789609949,0.01483774179174091,0.005178327053305856,1.390793395115725
6.678323190604261,0.00789803108664211,0.005178327053305856,1.390849945884375
6.679123589643645,0.013757838864256078,0.005178327053305856,1.390920751110719
6.679923986731272,0.01230407510469389,0.005178327053305856,1.390924581858886
6.680724381870314,-0.0019282521281072107,0.005178327053305856,1.3908674915128825
6.68152477506394,-0.013664738219286265,0.005178327053305856,1.3907821979876365
6.682325166315324,-0.03641938011260981,0.005178327053305856,1.3907316942275205
6.683125555627633,-0.028352151377118107,0.005178327053305856,1.3907005293811219
6.6839259430040405,0.011338737057131398,0.005178327053305856,1.3906148046535425
6.684726328447717,0.030058313219259114,0.005178327053305856,1.3904725645710303
6.685526711961834,0.035504313454584935,0.005178327053305856,1.3902718398871297
6.686327093549561,0.03191633255904902,0.005178327053305856,1.3900106475827476
6.687127473214069,0.028276168636301335,0.005178327053305856,1.3897134175917667
6.6879278509585305,0.034841971320279885,0.005178327053305856,1.3894959259754966
6.6887282267861154,0.023415189785227053,0.005178327053305856,1.3893619534075894
6.689528600699995,0.02215636605034632,0.005178327053305856,1.3893139827390366
6.69032897270334,0.03320539835473357,0.005178327053305856,1.38921322686197
6.69112934279932,0.02998904161239979,0.005178327053305856,1.3890577709327732
6.691929710991109,0.01663030456364889,0.005178327053305856,1.3888895663332814
6.692730077281874,0.007010171498940787,0.005178327053305856,1.3887533276883275
6.693530441674789,-0.012624049231122703,0.005178327053305856,1.3886647448196408
6.694330804173024,-0.004294142523830313,0.005178327053305856,1.388610029746854
6.695131164779751,-0.010748495044631712,0.005178327053305856,1.3885424639364636
6.695931523498138,-0.0033799769222755405,0.005178327053305856,1.3884623871715132
6.696731880331358,0.004352367294327086,0.005178327053305856,1.3884001024013868
6.697532235282583,0.007217852584100459,0.005178327053305856,1.3883562381234331
6.6983325883549805,0.007768113699962553,0.005178327053305856,1.3883314269677423
6.699132939551725,-0.004982453399448916,0.005178327053305856,1.3883082373743494
6.699933288875986,-0.0017708953015278528,0.005178327053305856,1.3882866829441343
6.700733636330933,0.004230822494013964,0.005178327053305856,1.3882667770415744
6.70153398191974,0.00496189066542474,0.005178327053305856,1.3882258791689628
6.702334325645575,0.01733734350995153,0.005178327053305856,1.3881588137216527
6.703134667511611,0.02827361045900445,0.005178327053305856,1.388058961993058
6.703935007521017,0.02610085817323493,0.005178327053305856,1.3880243134454116
6.704735345676966,0.015200638716759363,0.005178327053305856,1.3880040765746018
6.705535681982627,0.01578380967669779,0.005178327053305856,1.3879982705065177
6.706336016441172,-0.012029313116002749,0.005178327053305856,1.3880069175173697
6.707136349055772,-0.021885999050260008,0.005178327053305856,1.3879966697349002
6.707936679829596,-0.008045797339782501,0.005178327053305856,1.3879873259330284
6.708737008765819,0.008348659748254716,0.005178327053305856,1.3879788763294574
6.7095373358676085,0.01676866559866408,0.005178327053305856,1.3879643798546304
6.710337661138136,0.003896419172589649,0.005178327053305856,1.387951373064685
6.711137984580574,-0.011615978934186755,0.005178327053305856,1.3879398302475185
6.711938306198092,-0.008297236013625087,0.005178327053305856,1.3879297254305816
6.712738625993861,0.014232805629420087,0.005178327053305856,1.3879210323808873
6.713538943971051,0.01767289007468631,0.005178327053305856,1.387913724605008
6.714339260132836,0.01769117353562888,0.005178327053305856,1.387907775349078
6.715139574482384,0.017606695182282417,0.005178327053305856,1.3879070180184185
6.715939887022866,0.0330157033170162,0.005178327053305856,1.3879115593633242
6.7167401977574555,0.046362336299371254,0.005178327053305856,1.3879047724047564
6.71754050668932,0.033319569744704625,0.005178327053305856,1.3878861842587864
6.7183408138216345,0.015611006571064623,0.005178327053305856,1.3878553186681062
6.719141119157566,-0.005166715206764705,0.005178327053305856,1.387811696002044
6.719941422700288,0.006899720126696929,0.005178327053305856,1.3877586997492235
6.720741724452969,0.007201717395353802,0.005178327053305856,1.3876957064161672
6.721542024418783,0.005507088002827842,0.005178327053305856,1.3876220901053133
6.722342322600897,0.004933834165856021,0.005178327053305856,1.3875372225150342
6.723142619002486,-0.0031677336136275436,0.005178327053305856,1.3874404729396517
6.723942913626719,0.00532122795971679,0.005178327053305856,1.3873312082694573
6.7247432064767665,0.01013237823908808,0.005178327053305856,1.3872087929907302
6.7255434975558,0.04646728480084161,0.005178327053305856,1.3870725891857525
6.726343786866992,0.013427568279900326,0.005178327053305856,1.3869292898116177
6.72714407441351,-0.00019062334895214583,0.005178327053305856,1.3867991125148154
6.727944360198528,0.017438774318295547,0.005178327053305856,1.3866823839159303
6.728744644225214,0.01749902100453915,0.005178327053305856,1.3865927146113826
6.729544926496741,0.033983946842707446,0.005178327053305856,1.386489845699262
6.730345207016281,0.03322383908587412,0.005178327053305856,1.3863883945614084
6.731145485787003,0.027818665293408706,0.005178327053305856,1.38629876908759
6.731945762812078,0.015431732812019705,0.005178327053305856,1.3862214503584038
6.732746038094677,0.01083659268216075,0.005178327053305856,1.3861569228199944
6.733546311637971,-0.0016259612745035401,0.005178327053305856,1.386105674284027
6.734346583445132,0.0002642416768401379,0.005178327053305856,1.3860681959276744
6.73514685351933,0.006221896324450027,0.005178327053305856,1.3860449822935905
6.735947121863736,0.011383774703706884,0.005178327053305856,1.3860365312898963
6.73674738848152,0.007254800271741635,0.005178327053305856,1.3860764421196268
6.737547653375855,0.013523222783981437,0.005178327053305856,1.386101666781419
6.738347916549911,0.013253088223784903,0.005178327053305856,1.3861295958164161
6.739148178006858,-0.00015309503604554742,0.005178327053305856,1.3861596466135542
6.7399484377498675,0.00780544620763024,0.005178327053305856,1.3861912371294114
6.740748695782111,0.014551338058210517,0.005178327053305856,1.3862237858882187
6.741548952106759,0.01831353087592591,0.005178327053305856,1.3862567119818623
6.742349206726981,0.025259445456507823,0.005178327053305856,1.386293704445358
6.7431494596459505,0.02512005774081194,0.005178327053305856,1.386330007395861
6.743949710866837,0.027376824536788025,0.005178327053305856,1.386261478920823
6.744749960392812,0.02623918449150664,0.005178327053305856,1.3861926197745484
6.745550208227046,0.02691443259766446,0.005178327053305856,1.3861180320664268
6.74635045437271,0.02095618802846788,0.005178327053305856,1.3860324033410019
6.747150698832974,0.014646626817962805,0.005178327053305856,1.3859531565691494
6.747950941611012,0.014869590261612053,0.005178327053305856,1.385879496665221
6.7487511827099915,0.013633434096528285,0.005178327053305856,1.3859156436047073
6.749551422133084,0.0164545309692552,0.005178327053305856,1.3859495302417715
6.750351659883463,0.017579521689877975,0.005178327053305856,1.3860347036228107
6.751151895964296,0.009357605576512107,0.005178327053305856,1.3860972212586156
6.751952130378756,0.02295208906466395,0.005178327053305856,1.3861791076961794
6.752752363130013,0.027196189680185334,0.005178327053305856,1.3861956101793678
6.753552594221238,0.014599299023756007,0.005178327053305856,1.3861482642173053
6.754352823655604,0.015338333762775713,0.005178327053305856,1.3861164396194885
6.755153051436279,0.02016695350029818,0.005178327053305856,1.3860988798763874
6.7559532775664355,0.027661251567809186,0.005178327053305856,1.3861003273432213
6.756753502049244,0.019147780603936848,0.005178327053305856,1.3861291268190716
6.757553724887875,0.02360987897496436,0.005178327053305856,1.386106056000676
6.7583539460855,0.013332851956051384,0.005178327053305856,1.3860825317544891
6.75915416564529,0.007287655795970682,0.005178327053305856,1.3860588749304787
6.759954383570415,0.010599330963255271,0.005178327053305856,1.3860354066662777
6.760754599864048,0.000968329556055858,0.005178327053305856,1.386012448387184
6.761554814529358,-0.001080975487675051,0.005178327053305856,1.3859918299101865
6.762355027569516,-0.00470448730532369,0.005178327053305856,1.3859676353453891
6.763155238987695,-0.0011717662848786947,0.005178327053305856,1.3859400213114728
6.763955448787062,-0.003915310573568087,0.005178327053305856,1.3859091435580695
6.764755656970792,-0.009172149068195745,0.005178327053305856,1.385875156965764
6.765555863542053,-0.012243204625634885,0.005178327053305856,1.3858382155460995
6.7663560685040185,-0.008249462422225795,0.005178327053305856,1.3857984724415746
6.767156271859856,0.003545559041670643,0.005178327053305856,1.3857560799256479
6.767956473612741,0.004885191187972593,0.005178327053305856,1.3857111894027387
6.76875667376584,0.0034281462531746687,0.005178327053305856,1.3856639514082296
6.769556872322327,0.014039417949299748,0.005178327053305856,1.3856145156084667
6.770357069285371,0.019046002036662735,0.005178327053305856,1.3855785321116176
6.771157264658144,0.005145973324993003,0.005178327053305856,1.3855555991320003
6.771957458443816,-0.01791319288448734,0.005178327053305856,1.3855453179004962
6.772757650645559,-0.015605933725362009,0.005178327053305856,1.385516280291974
6.773557841266544,-0.01735766382467907,0.005178327053305856,1.3854691933437704
6.774358030309941,-4.3841210395134667e-05,0.005178327053305856,1.385424801266005
6.7751582177789205,0.009531937471370044,0.005178327053305856,1.3853830908469809
6.775958403676655,0.0071336077874903925,0.005178327053305856,1.3853440491416888
6.776758588006314,0.007168763433705649,0.005178327053305856,1.3853076634718073
6.77755877077107,0.007137631822556667,0.005178327053305856,1.3852739214256975
6.778358951974092,-0.01007612971261973,0.005178327053305856,1.3852428108584083
6.779159131618553,-0.0017964787972533092,0.005178327053305856,1.385214319891673
6.779959309707622,0.00115694987723014,0.005178327053305856,1.3851851944281948
6.780759486244471,0.0009167293347385197,0.005178327053305856,1.3851553105448902
6.78155966123227,0.0022318327949775174,0.005178327053305856,1.3851245438010558
6.7823598346741925,0.005977371946662924,0.005178327053305856,1.3851073332136385
6.7831600065734055,0.01198781800150206,0.005178327053305856,1.3851036160241572
6.783960176933084,0.010372043724380386,0.005178327053305856,1.385141931077058
6.784760345756395,-0.00020773773135052132,0.005178327053305856,1.3851716079516616
6.785560513046511,-0.035602959700024917,0.005178327053305856,1.3851185385731706
6.786360678806605,-0.028632938274510966,0.005178327053305856,1.3850631448121706
6.787160843039845,0.008341224433711325,0.005178327053305856,1.3850055441214957
6.787961005749404,0.00930068220068625,0.005178327053305856,1.384945853287201
6.788761166938451,0.0075759857893271665,0.005178327053305856,1.3848973787079197
6.789561326610158,0.0020711753169062597,0.005178327053305856,1.3848597680781587
6.790361484767696,0.009945554437900572,0.005178327053305856,1.3848326717319088
6.791161641414237,0.004455769805277843,0.005178327053305856,1.3848157426426504
6.7919617965529495,-0.021321767533698077,0.005178327053305856,1.384808636423335
6.792761950187006,-0.02630092494016023,0.005178327053305856,1.384754429878702
6.793562102319576,-0.015800879738567586,0.005178327053305856,1.3847013313828216
6.794362252953833,0.0055346534540212655,0.005178327053305856,1.3846493463430036
6.795162402092945,0.006541683938362963,0.005178327053305856,1.38459848028931
6.795962549740086,0.0015291150125915642,0.005178327053305856,1.3844853801699335
6.7967626958984235,0.016736307182518173,0.005178327053305856,1.3842490232873979
6.797562840571131,0.02518211990914132,0.005178327053305856,1.384050347635608
6.798362983761378,0.02246915958991136,0.005178327053305856,1.3838850742190099
6.799163125472337,0.024902868768089226,0.005178327053305856,1.3837316417947534
6.799963265707177,0.02432377528624241,0.005178327053305856,1.3835832288279306
6.800763404469071,0.008500044169431398,0.005178327053305856,1.3834186239160768
6.801563541761188,0.003842575867171405,0.005178327053305856,1.3832729560003678
6.802363677586699,0.003829232658034698,0.005178327053305856,1.3831465282543394
6.803163811948777,0.008912001992892549,0.005178327053305856,1.383039648965965
6.803963944850591,0.024125932892143043,0.005178327053305856,1.3829526315376455
6.804764076295312,0.019868300359259017,0.005178327053305856,1.3828857944862012
6.805564206286112,0.003937521365638741,0.005178327053305856,1.3828394614428592
6.806364334826162,0.0007763024826832332,0.005178327053305856,1.382813961153249
6.807164461918632,-0.005378252092723246,0.005178327053305856,1.3827493510630884
6.807964587566692,-0.008930219955049612,0.005178327053305856,1.3826438773586531
6.808764711773514,-0.0035065650488972366,0.005178327053305856,1.3825854616043278
6.809564834542271,0.002192703220592618,0.005178327053305856,1.382496189515208
6.810364955876129,0.007718675772931727,0.005178327053305856,1.3824486329110168
6.8111650757782645,0.019733712384586433,0.005178327053305856,1.382402564613628
6.811965194251845,0.02715770805032247,0.005178327053305856,1.382357721400143
6.812765311300042,0.023682430425849832,0.005178327053305856,1.3822440044349182
6.813565426926027,0.02525331166426681,0.005178327053305856,1.382125614925822
6.81436554113297,0.0244356489133013,0.005178327053305856,1.3820219916568275
6.815165653924042,0.022171414753127117,0.005178327053305856,1.3819205973380888
6.8159657653024155,0.024237659491125996,0.005178327053305856,1.3818218559670372
6.816765875271261,0.02304360987589793,0.005178327053305856,1.3817261919916854
6.817565983833748,0.022700867670281788,0.005178327053305856,1.3816118760395135
6.818366090993048,0.02479713564659991,0.005178327053305856,1.3814785642655603
6.819166196752332,0.00885618857320658,0.005178327053305856,1.381341054256061
6.81996630111477,-0.0007462075849138383,0.005178327053305856,1.3811871595464842
6.820766404083536,0.00898824318331215,0.005178327053305856,1.3810163888106348
6.8215665056617985,0.007155199820975788,0.005178327053305856,1.3807907612733417
6.822366605852728,0.003666632207774745,0.005178327053305856,1.3806354049516407
6.823166704659497,0.016083722369214515,0.005178327053305856,1.3805167175770334
6.823966802085275,0.01785534707566394,0.005178327053305856,1.3803790819166641
6.824766898133234,0.008263691526271488,0.005178327053305856,1.3802218830883204
6.825566992806545,0.011012556111853922,0.005178327053305856,1.3800445013659064
6.826367086108378,0.028601753270054653,0.005178327053305856,1.3798831207208107
6.827167178041903,0.0379742371897418,0.005178327053305856,1.379741028991487
6.827967268610294,0.028385943404901637,0.005178327053305856,1.3796189704495159
6.828767357816719,0.020920850720148598,0.005178327053305856,1.3794992700095887
6.829567445664352,0.016843402205623192,0.005178327053305856,1.3793819273114747
6.830367532156361,0.024733166705877663,0.005178327053305856,1.379266942250791
6.831167617295917,0.020747075941129012,0.005178327053305856,1.3791543149790084
6.831967701086193,0.017068156764300957,0.005178327053305856,1.379044045903446
6.832767783530359,0.025634632046745542,0.005178327053305856,1.3789227668766049
6.833567864631585,0.023798144259556953,0.005178327053305856,1.3787976940927629
6.834367944393042,0.016645169082314393,0.005178327053305856,1.3786666523634274
6.8351680228179035,0.023302250105639466,0.005178327053305856,1.378537633119779
6.835968099909337,0.03114059234665878,0.005178327053305856,1.3784107142457989
6.8367681756705165,0.026690788860587178,0.005178327053305856,1.3782859739978475
6.83756825010461,0.03173424550415049,0.005178327053305856,1.378163491004655
6.83836832321479,0.03433344550880024,0.005178327053305856,1.378046751507986
6.839168395004228,0.03482482503944073,0.005178327053305856,1.3779410471915683
6.839968465476094,0.01804226292798128,0.005178327053305856,1.377914050390931
6.8407685346335585,0.013938018287350973,0.005178327053305856,1.3778596543489607
6.841568602479793,-0.0007181800694588958,0.005178327053305856,1.3777921426166002
6.842368669017969,-0.0039863476688641875,0.005178327053305856,1.3777274781180795
6.843168734251256,0.0005090891823191779,0.005178327053305856,1.3776578078698898
6.843968798182826,0.0024331934797150456,0.005178327053305856,1.3775833206077555
6.84476886081585,0.006364662259561005,0.005178327053305856,1.3775394964753838
6.8455689221534985,0.011704496927529284,0.005178327053305856,1.377614331985514
6.846368982198943,0.010773120263521951,0.005178327053305856,1.3776836780174355
6.847169040955354,0.007320349312704977,0.005178327053305856,1.3776480164016949
6.847969098425901,0.006850327273440815,0.005178327053305856,1.377578385352619
6.848769154613758,0.007188378773969273,0.005178327053305856,1.377501764518485
6.849569209522094,0.002574554800859774,0.005178327053305856,1.3774114368264763
6.850369263154079,-0.0037265502081724744,0.005178327053305856,1.377308074795265
6.851169315512885,-0.0021563868444749446,0.005178327053305856,1.3772127513439005
6.8519693666016845,0.005738985672077979,0.005178327053305856,1.3771254084886706
6.852769416423646,0.011995819463368695,0.005178327053305856,1.3770459898900753
6.853569464981941,0.017095535193907496,0.005178327053305856,1.37695909715283
6.8543695122797414,0.02452380746920224,0.005178327053305856,1.3768780782162202
6.855169558320217,0.019278277024336044,0.005178327053305856,1.3768028290073846
6.85596960310654,0.0039989769660517815,0.005178327053305856,1.3767041905175759
6.85676964664188,-0.01472396932006026,0.005178327053305856,1.3766142671754311
6.857569688929408,0.003502193165086709,0.005178327053305856,1.37653287638144
6.8583697299722965,0.015161097406651614,0.005178327053305856,1.3764473768330956
6.8591697697737155,0.0027694827884221507,0.005178327053305856,1.3763580314748904
6.859969808336835,0.0033494485297307364,0.005178327053305856,1.3762851096160043
6.8607698456648265,0.005190059537677927,0.005178327053305856,1.3762281621123023
6.861569881760862,-0.0023414537298056537,0.005178327053305856,1.3761867435456276
6.8623699166281105,-0.02551602493055949,0.005178327053305856,1.3761604122238051
6.863169950269745,-0.04905278296297988,0.005178327053305856,1.376119368571004
6.863969982688934,-0.033982392747481605,0.005178327053305856,1.3760743341282786
6.864770013888851,-0.023804403065458946,0.005178327053305856,1.3760255535600505
6.8655700438726655,-0.02112823554755816,0.005178327053305856,1.375973270432507
6.866370072643548,0.010710190753683735,0.005178327053305856,1.3759177272136132
6.86717010020467,0.014896413798030084,0.005178327053305856,1.3758591652730994
6.867970126559204,0.009280924069679397,0.005178327053305856,1.3757978248824754
6.868770151710318,0.011208587514016655,0.005178327053305856,1.3757319558323182
6.869570175661184,0.0028339150462357576,0.005178327053305856,1.3756671607251363
6.8703701984149745,-0.0205059429750023,0.005178327053305856,1.37560341429897
6.871170219974859,-0.010237105473502206,0.005178327053305856,1.3755406910743164
6.871970240344008,0.011150552933026914,0.005178327053305856,1.3754789653541275
6.872770259525593,0.015274492452606703,0.005178327053305856,1.3754182112238111
6.873570277522785,0.02016693354583543,0.005178327053305856,1.3753584025512327
6.874370294338755,0.01778287895609787,0.005178327053305856,1.3752995129867132
6.875170309976675,0.013815315583660892,0.005178327053305856,1.375241515963032
6.875970324439713,0.02114725873310297,0.005178327053305856,1.3751744308674527
6.876770337731043,0.020260308740517985,0.005178327053305856,1.3750894342401088
6.877570349853834,0.017959725754905564,0.005178327053305856,1.375024168916092
6.878370360811257,0.01685866631620425,0.005178327053305856,1.3749456577261585
6.8791703706064835,0.022759126296296506,0.005178327053305856,1.37483991610458
6.879970379242685,0.011183604641054723,0.005178327053305856,1.3747176577233442
6.880770386723031,0.016053510036947216,0.005178327053305856,1.3746161289491787
6.881570393050695,0.009806057978851035,0.005178327053305856,1.3745160870299293
6.882370398228844,0.008040304939229914,0.005178327053305856,1.3744256084933895
6.883170402260653,0.000954466825104916,0.005178327053305856,1.374344451117098
6.883970405149289,0.012002589670639052,0.005178327053305856,1.374261885585142
6.884770406897926,0.0037233144344588354,0.005178327053305856,1.374178046373938
6.885570407509733,-0.005787505845992413,0.005178327053305856,1.3740930676924603
6.886370406987883,0.002144529486091784,0.005178327053305856,1.3739455338807014
6.887170405335545,0.02766800288463167,0.005178327053305856,1.3738059888145673
6.88797040255589,0.0316178244983496,0.005178327053305856,1.3736530956598756
6.888770398652091,0.0215018304397101,0.005178327053305856,1.3735887312842334
6.8895703936273165,0.013102352116565408,0.005178327053305856,1.3735317231363882
6.890370387484738,0.013884068413366757,0.005178327053305856,1.3734819044548217
6.8911703802275275,0.01182110000585257,0.005178327053305856,1.373420392861075
6.891970371858855,0.013031273438931956,0.005178327053305856,1.3733463746380756
6.892770362381892,0.012235780196937496,0.005178327053305856,1.373251136030986
6.893570351799808,0.012577182624684546,0.005178327053305856,1.3731967602129185
6.894370340115776,0.004868910670273285,0.005178327053305856,1.373156345252673
6.895170327332965,0.0004257540451391151,0.005178327053305856,1.373113430352016
6.895970313454548,0.003125990855344929,0.005178327053305856,1.373076399349289
6.896770298483694,-0.002364424899612194,0.005178327053305856,1.3730432400334291
6.897570282423574,-0.010824502764399835,0.005178327053305856,1.3730064933729322
6.898370265277361,-0.00979780245622841,0.005178327053305856,1.3729661570129785
6.899170247048224,0.00019296051981010365,0.005178327053305856,1.3729195860430499
6.899970227739335,0.01759543676085551,0.005178327053305856,1.372701640532664
6.9007702073538635,0.011862958501261955,0.005178327053305856,1.372495464164493
6.901570185894982,0.013484268573201952,0.005178327053305856,1.372356929667883
6.90237016336586,0.018253727834593114,0.005178327053305856,1.3722880063432132
6.903170139769669,0.024987931818660325,0.005178327053305856,1.3722436624664285
6.903970115109582,0.023117415166382438,0.005178327053305856,1.3722702784252954
6.904770089388766,0.009592501821211075,0.005178327053305856,1.3722333997842773
6.905570062610394,-0.007600556353821286,0.005178327053305856,1.3721342132731165
6.9063700347776384,0.0014777482031977929,0.005178327053305856,1.3719681727290982
6.907170005893668,0.03047097295131551,0.005178327053305856,1.3718002307395487
6.907969975961652,0.05209285062936231,0.005178327053305856,1.3716547309213842
6.908769944984766,0.07444166591101786,0.005178327053305856,1.3715571695740463
6.9095699129661785,0.05877518923177538,0.005178327053305856,1.3715147553525369
6.91036987990906,0.03450249938964833,0.005178327053305856,1.3714665860819184
6.911169845816582,0.0014933861660850756,0.005178327053305856,1.3714286186813807
6.911969810691915,-0.0028914244672861855,0.005178327053305856,1.3713957758834916
6.912769774538231,-0.0031711698903580388,0.005178327053305856,1.371367969318539
6.913569737358699,-0.002048409140924967,0.005178327053305856,1.3713451114672297
6.914369699156492,0.0033101802306785277,0.005178327053305856,1.3713271156606859
6.915169659934779,0.010205961519656581,0.005178327053305856,1.371329595378819
6.9159696196967335,0.007348006559891651,0.005178327053305856,1.3713212561734238
6.916769578445524,0.008410318306247166,0.005178327053305856,1.3713103199110235
6.917569536184323,0.015842186580645956,0.005178327053305856,1.3712973807754447
6.918369492916299,0.01904147747788487,0.005178327053305856,1.3712825662991404
6.919169448644626,0.03139157451523111,0.005178327053305856,1.371266003189136
6.919969403372473,0.04444804302048566,0.005178327053305856,1.3712478173270413
6.920769357103012,0.043568794162936575,0.005178327053305856,1.371222183950457
6.9215693098394135,0.037620821461010534,0.005178327053305856,1.3711659346499057
6.922369261584847,0.039510333940411924,0.005178327053305856,1.3710915959013175
6.923169212342486,0.023409206754742673,0.005178327053305856,1.3710714861614872
6.9239691621155,0.014876230172084393,0.005178327053305856,1.3710647343417084
6.92476911090706,0.007284879789159593,0.005178327053305856,1.3710432908380992
6.925569058720337,-0.012679662214388987,0.005178327053305856,1.371043784598737
6.926369005558502,-0.0003513379650903481,0.005178327053305856,1.3710573111576083
6.9271689514247266,0.010491897638405856,0.005178327053305856,1.3710339697629834
6.92796889632218,0.00038501543814262185,0.005178327053305856,1.3710323139377438
6.928768840254034,0.005562891822739946,0.005178327053305856,1.3710516830049113
6.92956878322346,0.009602975534614977,0.005178327053305856,1.3711167570766796
6.93036872523363,0.008808830767060183,0.005178327053305856,1.3712250514506663
6.931168666287712,0.011774994052235366,0.005178327053305856,1.3712838220207462
6.931968606388878,0.0171529035846838,0.005178327053305856,1.3713161766281283
6.9327685455403,0.0026836527256519638,0.005178327053305856,1.3713226045035758
6.933568483745149,0.010445714284158969,0.005178327053305856,1.371303588557403
6.934368421006593,0.02059381317651998,0.005178327053305856,1.371259605379484
6.935168357327807,0.022240177478170642,0.005178327053305856,1.3712354936077302
6.9359682927119595,0.03068122313513011,0.005178327053305856,1.371212203769495
6.936768227162222,0.03290464987129105,0.005178327053305856,1.3711898113789496
6.937568160681766,0.03295694004601635,0.005178327053305856,1.3711945134228882
6.938368093273762,0.030262822288861457,0.005178327053305856,1.3712184004538928
6.939168024941379,0.026581783017508354,0.005178327053305856,1.3712608687231684
6.939967955687791,0.011508368026509341,0.005178327053305856,1.3713558568390614
6.940767885516167,0.009151127396001879,0.005178327053305856,1.3714906951045942
6.941567814429679,0.009032999972816036,0.005178327053305856,1.3715118810763107
6.942367742431498,0.004599157441642632,0.005178327053305856,1.3715074296315994
6.943167669524793,0.01848271162113324,0.005178327053305856,1.3715024422255526
6.943967595712738,0.02290416984656951,0.005178327053305856,1.3714970304440144
6.9447675209985,0.006850092128813046,0.005178327053305856,1.371491305232845
6.945567445385253,0.012924524790698388,0.005178327053305856,1.371497968064065
6.946367368876167,0.012035119364608216,0.005178327053305856,1.3715166821013054
6.947167291474414,0.0019193164823483322,0.005178327053305856,1.371547113023958
6.947967213183163,0.016930743735108056,0.005178327053305856,1.3715905295554256
6.948767134005586,0.02511975685976431,0.005178327053305856,1.3716226437911432
6.949567053944854,0.016460695264755465,0.005178327053305856,1.3716436292176
6.9503669730041375,0.019523849779319757,0.005178327053305856,1.3716536563529869
6.951166891186607,0.025311603769714086,0.005178327053305856,1.3716528927471963
6.951966808495435,0.01091887444663353,0.005178327053305856,1.3716415029818367
6.952766724933791,0.0026061537230026577,0.005178327053305856,1.3716196486702215
6.953566640504847,-0.011397038109397073,0.005178327053305856,1.3715937471993682
6.954366555211772,-0.005344150428683525,0.005178327053305856,1.3715695978207987
6.955166469057739,0.00604572213586585,0.005178327053305856,1.371546924867022
6.9559663820459186,0.009212337063442932,0.005178327053305856,1.3715313182572006
6.95676629417948,0.004446068763335864,0.005178327053305856,1.3714866183138275
6.957566205461597,0.007152262576745283,0.005178327053305856,1.371461112038176
6.958366115895437,-0.007254677984730229,0.005178327053305856,1.3714601321439264
6.9591660254841745,-0.03036163068507003,0.005178327053305856,1.3714816647760957
6.959965934230978,-0.03027324109614349,0.005178327053305856,1.3714991429034562
6.960765842139019,-0.010924401902742575,0.005178327053305856,1.371512755378044
6.96156574921147,0.007467375139535548,0.005178327053305856,1.3715226898946993
6.962365655451499,0.03264649442908363,0.005178327053305856,1.3715291329910717
6.963165560862279,0.031277562636674805,0.005178327053305856,1.3715322700476225
6.963965465446981,0.008939745583776082,0.005178327053305856,1.3715322852876213
6.9647653692087745,0.004593034702289556,0.005178327053305856,1.3714950818676406
6.965565272150831,0.0184458492150934,0.005178327053305856,1.3714663127944149
6.966365174276323,0.009606741340321578,0.005178327053305856,1.3714282938086582
6.96716507558842,0.007231705787643206,0.005178327053305856,1.3713806921612886
6.967964976090291,0.0039031387403563045,0.005178327053305856,1.3713231726320292
6.96876487578511,-0.00334036781796776,0.005178327053305856,1.3712553975294197
6.969564774676047,0.001511052482626285,0.005178327053305856,1.371177026690813
6.970364672766274,0.008143699867101395,0.005178327053305856,1.3710877174823801
6.971164570058958,-0.0008096938801880338,0.005178327053305856,1.3709871247991128
6.971964466557275,0.004218286143981453,0.005178327053305856,1.3709821612554427
6.9727643622643924,0.010000424881726477,0.005178327053305856,1.370976584542777
6.973564257183483,0.0065442195305915885,0.005178327053305856,1.3709703334874914
6.974364151317717,0.012369464577830502,0.005178327053305856,1.370968492589154
6.975164044670264,0.007301890743772299,0.005178327053305856,1.3709530665967724
6.975963937244297,-0.009296581784234537,0.005178327053305856,1.3709235359480338
6.976763829042987,-0.006180731431910447,0.005178327053305856,1.370770613938051
6.9775637200695035,0.01873917506064271,0.005178327053305856,1.3705913602987803
6.978363610327018,0.020569541550875092,0.005178327053305856,1.3703849609424172
6.979163499818702,0.01685616458429906,0.005178327053305856,1.3702277537862235
6.979963388547725,0.02515390588242039,0.005178327053305856,1.3700813930745324
6.980763276517259,0.03007905730816396,0.005178327053305856,1.3699873866897139
6.981563163730475,0.020676552863279296,0.005178327053305856,1.3699475559629057
6.982363050190544,0.025356331929698994,0.005178327053305856,1.3698831054765166
6.983162935900635,0.014110421492773861,0.005178327053305856,1.3697930836878303
6.983962820863922,0.029443300229548885,0.005178327053305856,1.369676532878397
6.9847627050835746,0.017571622787874386,0.005178327053305856,1.3695324891540406
6.985562588562763,0.01387343977484301,0.005178327053305856,1.369441299154886
6.986362471304658,0.015514608774669592,0.005178327053305856,1.3693537137830685
6.987162353312432,0.0128405505927911,0.005178327053305856,1.3692698195664272
6.987962234589255,0.009499281586442532,0.005178327053305856,1.36918970416798
6.9887621151382975,0.005174712159423445,0.005178327053305856,1.369134788876288
6.989561994962732,0.0065294205000905325,0.005178327053305856,1.369104407146116
6.990361874065727,0.003216106424190901,0.005178327053305856,1.369061269814975
6.991161752450457,0.004108102980025619,0.005178327053305856,1.3690060222173255
6.991961630120088,0.005760680225143311,0.005178327053305856,1.3689393069891107
6.9927615070777955,0.0036374562790595366,0.005178327053305856,1.3688744795265044
6.993561383326749,0.005324319454383053,0.005178327053305856,1.3688117261615127
6.994361258870118,0.01616559022804287,0.005178327053305856,1.3687512337144172
6.995161133711074,0.01983677094266101,0.005178327053305856,1.368693189493774
6.995961007852789,0.015488950871194174,0.005178327053305856,1.3686377812964112
6.996760881298433,-0.0008436800637701136,0.005178327053305856,1.3685910373631072
6.997560754051178,0.005086096073564583,0.005178327053305856,1.3685529393748372
6.998360626114193,0.006774013430117298,0.005178327053305856,1.368508068412628
6.999160497490651,0.012566031628931551,0.005178327053305856,1.368443251926824
6.9999603681837215,0.01302896347843352,0.005178327053305856,1.36836411585371
7.000760238196576,0.013119696653168589,0.005178327053305856,1.3683024195597142
7.001560107532385,0.012972535492283832,0.005178327053305856,1.3682589142921688
7.00235997619432,0.0171627703519881,0.005178327053305856,1.3682574460368155
7.003159844185552,0.013701759430089,0.005178327053305856,1.3682964990036632
7.003959711509252,0.008744252782926454,0.005178327053305856,1.368283551698352
7.004759578168589,0.0037986052349843202,0.005178327053305856,1.3682603823873138
7.005559444166736,-0.0017306026499384064,0.005178327053305856,1.368227290724885
7.006359309506864,0.003100176648592301,0.005178327053305856,1.3681845738561738
7.007159174192144,0.005173137120784155,0.005178327053305856,1.3681407779003236
7.007959038225744,0.015550834178782669,0.005178327053305856,1.3680959023761394
7.008758901610839,0.021156768850478347,0.005178327053305856,1.3680499463612088
7.009558764350597,0.022916877169410377,0.005178327053305856,1.368002908491893
7.01035862644819,0.024092479980465598,0.005178327053305856,1.3679482502825917
7.01115848790679,0.01855059658598135,0.005178327053305856,1.367890836735991
7.011958348729566,0.009023251542642496,0.005178327053305856,1.3677924060028537
7.01275820891969,0.001950147109991196,0.005178327053305856,1.3677020245642058
7.013558068480333,-0.00128173021289113,0.005178327053305856,1.367654929981109
7.014357927414665,0.009183280688467521,0.005178327053305856,1.36762571333148
7.015157785725858,0.006349796356011073,0.005178327053305856,1.3676139686162174
7.015957643417082,0.0035211108795558665,0.005178327053305856,1.36757443039409
7.016757500491509,-0.0014030555777924114,0.005178327053305856,1.3675280499206157
7.017557356952309,-0.011593500561058123,0.005178327053305856,1.3674739715998876
7.018357212802653,0.0018422844742462807,0.005178327053305856,1.367410998614775
7.019157068045712,0.0016301178789022153,0.005178327053305856,1.3673318015613347
7.019956922684658,0.0018589060153402226,0.005178327053305856,1.3672425570502704
7.02075677672266,-0.003422608625692991,0.005178327053305856,1.3672014427664172
7.02155663016289,0.0022490189234494196,0.005178327053305856,1.367161863764439
7.02235648300852,0.02385284823050382,0.005178327053305856,1.3671237663903923
7.023156335262719,0.027219514717296,0.005178327053305856,1.36709346844625
7.0239561869286575,0.022301873576316078,0.005178327053305856,1.3670737737435399
7.02475603800951,0.016823022256975406,0.005178327053305856,1.3670389421511289
7.025555888508443,0.008758729884154715,0.005178327053305856,1.3670021940536967
7.026355738428631,0.004859264423050291,0.005178327053305856,1.3669403964290447
7.027155587773242,0.002150289574331943,0.005178327053305856,1.3668748185783448
7.027955436545449,0.0059959905442252825,0.005178327053305856,1.366813012261352
7.028755284748423,-0.005100260346170948,0.005178327053305856,1.3667806407057452
7.029555132385333,-0.0028085350802535824,0.005178327053305856,1.3667438419851987
7.030354979459352,0.0025238597265329066,0.005178327053305856,1.366702382811363
7.031154825973649,0.00217346279498698,0.005178327053305856,1.366656028629489
7.0319546719313974,0.0036648267743832896,0.005178327053305856,1.3666045436184318
7.032754517335766,0.0018685643537057484,0.005178327053305856,1.3665922831698272
7.033554362189926,0.000310943801263841,0.005178327053305856,1.3665600944834222
7.034354206497049,-0.001148561371291823,0.005178327053305856,1.3665082009125833
7.035154050260306,0.005083961036979057,0.005178327053305856,1.3664368213512663
7.0359538934828665,-0.0016724619693406773,0.005178327053305856,1.366361503257869
7.036753736167904,-0.006707734185348757,0.005178327053305856,1.3662819128816157
7.037553578318587,0.0025665043840783497,0.005178327053305856,1.366197715855024
7.038353419938087,-0.00044568847914816523,0.005178327053305856,1.3661311796974767
7.0391532610295755,-0.004306552038229272,0.005178327053305856,1.3660811672986637
7.039953101596224,-0.006569665152675652,0.005178327053305856,1.366023826029667
7.040752941641202,0.0006777606144401371,0.005178327053305856,1.3660311650971848
7.041552781167681,0.007613615904406679,0.005178327053305856,1.3660149438426308
7.042352620178831,0.0029280718246040838,0.005178327053305856,1.3659760696270518
7.043152458677826,-0.015513307950147937,0.005178327053305856,1.3659184651655196
7.043952296667833,-0.02398305912601706,0.005178327053305856,1.3658684542866382
7.044752134152025,-0.014817614084088104,0.005178327053305856,1.3658261362535506
7.045551971133573,0.011051576959308695,0.005178327053305856,1.3657785815444639
7.046351807615649,0.02250222207893038,0.005178327053305856,1.365744190259233
7.0471516436014205,0.02053315275944101,0.005178327053305856,1.3657072062549205
7.047951479094061,0.009303017673367053,0.005178327053305856,1.3656699640196317
7.048751314096741,0.0036739609835394482,0.005178327053305856,1.3656325688642097
7.049551148612631,0.014664424897815387,0.005178327053305856,1.3655951259687362
7.050350982644902,0.000770992620369837,0.005178327053305856,1.36555774038254
7.051150816196726,0.001818598336090993,0.005178327053305856,1.3655205170241909
7.051950649271272,0.0025964626359593623,0.005178327053305856,1.3654846131261822
7.052750481871713,-0.00942865668532833,0.005178327053305856,1.3654500960248057
7.053550314001218,-0.019520317738152437,0.005178327053305856,1.3654274394088686
7.05435014566296,-0.02752936471191636,0.005178327053305856,1.3654202338556796
7.0551499768601085,-0.006145772673559868,0.005178327053305856,1.365428042679452
7.055949807595834,0.005727661885944757,0.005178327053305856,1.3654909887085929
7.056749637873307,0.0040281228669569735,0.005178327053305856,1.3655380847819523
7.057549467695702,0.004805961898983302,0.005178327053305856,1.3655698100035378
7.058349297066186,0.0002637145264192675,0.005178327053305856,1.3655898635924892
7.059149125987931,0.0033011624003078666,0.005178327053305856,1.3655986034877579
7.05994895446411,0.0033802946677641277,0.005178327053305856,1.3655963850086361
7.06074878249789,-0.005604859111313143,0.005178327053305856,1.3655835608547595
7.061548610092446,-0.008615966978853473,0.005178327053305856,1.3655525274209441
7.062348437250947,0.00856345048187479,0.005178327053305856,1.365520177776767
7.063148263976562,0.006221359667814452,0.005178327053305856,1.3654792488376584
7.063948090272465,0.006471926336930389,0.005178327053305856,1.3654437188767259
7.064747916141826,0.009698608070876524,0.005178327053305856,1.3654134787125216
7.0655477415878165,0.006503757012443989,0.005178327053305856,1.3653884201837743
7.066347566613606,0.000732511439516248,0.005178327053305856,1.365356363157855
7.067147391222367,0.0020657219159274653,0.005178327053305856,1.3653345211537196
7.067947215417267,0.0014669746440845177,0.005178327053305856,1.3652521747531334
7.068747039201482,0.002521640992650509,0.005178327053305856,1.3652305656117352
7.069546862578179,-0.002417155200183707,0.005178327053305856,1.3652297475552087
7.070346685550532,-0.00010235171945183197,0.005178327053305856,1.3652007538346442
7.071146508121709,0.0009170956237753991,0.005178327053305856,1.3651303624560178
7.071946330294881,-0.0015676945875320314,0.005178327053305856,1.3650598606192381
7.072746152073221,-0.005574582884985357,0.005178327053305856,1.3649596276683047
7.0735459734598995,0.0017892026167798392,0.005178327053305856,1.3647363094981322
7.074345794458087,0.006518681671191517,0.005178327053305856,1.3645098002469678
7.075145615070954,0.00827406434796285,0.005178327053305856,1.3643832025883473
7.075945435301672,0.010581369652474804,0.005178327053305856,1.3642729554924835
7.076745255153411,0.003012518976188039,0.005178327053305856,1.3641796030965607
7.077545074629343,0.005257415481401351,0.005178327053305856,1.364103693806031
7.078344893732639,0.00155844006680117,0.005178327053305856,1.3640457802946124
7.079144712466469,0.015446407566175324,0.005178327053305856,1.363985286979052
7.079944530834005,0.0142691774874244,0.005178327053305856,1.3639220413230146
7.080744348838417,0.015602306211197847,0.005178327053305856,1.3638558699457235
7.081544166482876,0.025366665165880153,0.005178327053305856,1.363786598621963
7.082343983770554,0.028293733711969082,0.005178327053305856,1.3637317497798542
7.08314380070462,0.028000631190384873,0.005178327053305856,1.3636905199366018
7.083943617288246,0.019905199167173704,0.005178327053305856,1.3636455177918803
7.084743433524604,0.016297816883355853,0.005178327053305856,1.3635937199669717
7.085543249416863,0.015305669947413447,0.005178327053305856,1.3635349383645055
7.0863430649681955,0.01739837358602192,0.005178327053305856,1.3634774767562778
7.087142880181771,0.010932547909322743,0.005178327053305856,1.3634217480231352
7.087942695060762,0.0025722355393338336,0.005178327053305856,1.3633474431206287
7.088742509608338,0.003960693936591486,0.005178327053305856,1.3632542558977212
7.089542323827669,0.009541499548759491,0.005178327053305856,1.3631538700118877
7.09034213772193,0.022140898357037475,0.005178327053305856,1.3630455444142497
7.091141951294287,0.014535125029176088,0.005178327053305856,1.3629451783561153
7.091941764547914,0.01274914216553813,0.005178327053305856,1.3628477051102417
7.092741577485983,0.01450330464096572,0.005178327053305856,1.362753399129967
7.093541390111661,0.021705734841911184,0.005178327053305856,1.362662535622378
7.094341202428122,0.015116469402016497,0.005178327053305856,1.3625763842193936
7.095141014438536,0.012237947946977856,0.005178327053305856,1.3625057825934592
7.095940826146073,0.0091462366342836,0.005178327053305856,1.3624505974759218
7.096740637553905,0.00629289639787789,0.005178327053305856,1.3624106992563558
7.097540448665203,0.00796909174315652,0.005178327053305856,1.3623803343409167
7.0983402594831375,0.00826639895363801,0.005178327053305856,1.3623591850366594
7.09914007001088,0.008178631123139324,0.005178327053305856,1.3623418145411665
7.099939880251601,0.00784607107637969,0.005178327053305856,1.362306780985027
7.100739690208472,0.005940403747787704,0.005178327053305856,1.362254709573751
7.101539499884662,0.016440428992358758,0.005178327053305856,1.3621862211856095
7.102339309283344,0.011071222358129518,0.005178327053305856,1.3621298053939497
7.103139118407688,-0.006894059644289685,0.005178327053305856,1.362085086023649
7.103938927260866,0.011915448506619297,0.005178327053305856,1.3620592771391797
7.1047387358460465,0.010660191713040001,0.005178327053305856,1.362022259087014
7.105538544166403,0.009325665769263969,0.005178327053305856,1.3619744418793598
7.106338352225105,0.011266612530278719,0.005178327053305856,1.3619467452801817
7.1071381600253245,0.007021919872925109,0.005178327053305856,1.3619102574040296
7.10793796757023,0.004700826456382146,0.005178327053305856,1.3618617933350072
7.108737774862996,0.005724277357004981,0.005178327053305856,1.361804972344954
7.109537581906791,0.005772181718666669,0.005178327053305856,1.3617484268135265
7.110337388704786,0.00543997971483301,0.005178327053305856,1.361683874279615
7.111137195260153,0.001592317859226089,0.005178327053305856,1.3616110642022363
7.111937001576062,0.0006968240988385332,0.005178327053305856,1.3615406078130032
7.1127368076556845,0.0022309630633254862,0.005178327053305856,1.361472627230043
7.113536613502191,0.011907771515813792,0.005178327053305856,1.361416445544572
7.114336419118753,0.00937456454252339,0.005178327053305856,1.3613718593154696
7.115136224508541,0.006252246380414439,0.005178327053305856,1.3613386677580175
7.115936029674725,0.0037919167171331924,0.005178327053305856,1.3613081902642181
7.11673583462048,-0.012785265192905237,0.005178327053305856,1.3612767948808833
7.11753563934897,-0.0032752373815068125,0.005178327053305856,1.3612366945145966
7.118335443863372,0.02517139403740587,0.005178327053305856,1.361187848483817
7.119135248166854,0.018370212766378735,0.005178327053305856,1.3611302137594208
7.119935052262587,0.016116663984820923,0.005178327053305856,1.361063744964704
7.120734856153744,0.01639028394084563,0.005178327053305856,1.3610004783828902
7.121534659843494,0.005652348048827749,0.005178327053305856,1.3609405094525788
7.122334463335007,0.0043912548584355005,0.005178327053305856,1.3608839342222365
7.123134266631457,0.003817311249671995,0.005178327053305856,1.360830849350192
7.123934069736012,0.005841705445197132,0.005178327053305856,1.3607813521046377
7.124733872651846,0.004290365881757463,0.005178327053305856,1.360735540363628
7.125533675382126,0.005771387441039888,0.005178327053305856,1.3606935126150796
7.126333477930026,0.0005753500508440812,0.005178327053305856,1.360655367956776
7.1271332802987155,0.0057698369338203825,0.005178327053305856,1.3606159413960908
7.127933082491366,0.0038956547501511896,0.005178327053305856,1.3605645042864891
7.128732884511148,-0.0033238750774053916,0.005178327053305856,1.360538205795807
7.129532686361234,0.0025639607236944695,0.005178327053305856,1.3605100695092853
7.130332488044792,0.0020079291109154074,0.005178327053305856,1.3604636064361975
7.131132289564996,0.0015257991995334397,0.005178327053305856,1.3604172711963174
7.131932090925014,0.0012339338367384212,0.005178327053305856,1.3603229502767151
7.132731892128019,0.010204392672005458,0.005178327053305856,1.3603050253282414
7.133531693177182,0.010160199360557565,0.005178327053305856,1.3603091291317124
7.134331494075672,0.004109345645509688,0.005178327053305856,1.3602873767424017
7.135131294826662,0.01028714647257245,0.005178327053305856,1.360234454173468
7.135931095433322,0.010414014920375081,0.005178327053305856,1.360208190455901
7.136730895898822,-0.00033712317571454875,0.005178327053305856,1.3601817356725807
7.137530696226335,-0.0024186544833075807,0.005178327053305856,1.3601497643381724
7.138330496419031,0.00038847160021449056,0.005178327053305856,1.3601317293609925
7.139130296480081,0.01633373580343811,0.005178327053305856,1.360126964015086
7.139930096412654,0.006421144330242434,0.005178327053305856,1.360129203111733
7.140729896219924,0.006552330327090905,0.005178327053305856,1.3601379848877682
7.141529695905061,0.009288806721716725,0.005178327053305856,1.3601528493391997
7.142329495471234,0.016805128757272136,0.005178327053305856,1.360173338221212
7.143129294921617,0.0106569141724433,0.005178327053305856,1.360099574970311
7.143929094259378,0.01174217176310588,0.005178327053305856,1.3600400649120246
7.144728893487691,0.009275770248406978,0.005178327053305856,1.359986230643046
7.145528692609723,0.0009861249946747641,0.005178327053305856,1.359938120878517
7.146328491628648,-0.007779360939264901,0.005178327053305856,1.3598957855906733
7.147128290547636,0.009140368636908036,0.005178327053305856,1.3598592760088568
7.1479280893698585,0.018954588678254503,0.005178327053305856,1.3598207347396305
7.1487278880984855,0.015746099481120046,0.005178327053305856,1.3597773282324008
7.149527686736689,0.0014958958837927305,0.005178327053305856,1.3597350128271521
7.1503274852876375,0.009961117576191114,0.005178327053305856,1.3596936628097416
7.151127283754505,0.01430789737032212,0.005178327053305856,1.3596301482001545
7.15192708214046,0.0038029719525489725,0.005178327053305856,1.3595860865276743
7.152726880448675,-0.012770080729557653,0.005178327053305856,1.3595495936613118
7.153526678682321,-0.0280055811830644,0.005178327053305856,1.3594842423757503
7.154326476844568,-0.013986344825197117,0.005178327053305856,1.3594389040911758
7.1551262749385875,0.010744905780700753,0.005178327053305856,1.3594015218115354
7.15592607296755,0.014921532346608535,0.005178327053305856,1.3593449499109418
7.1567258709346255,0.017983002612203203,0.005178327053305856,1.359268494785091
7.157525668842988,0.003942047205917731,0.005178327053305856,1.3591452173531082
7.158325466695805,-0.0012717421829810949,0.005178327053305856,1.358974676673208
7.159125264496249,0.006923563986168002,0.005178327053305856,1.3588497711705823
7.159925062247492,0.003017549000534414,0.005178327053305856,1.3587491574552044
7.160724859952703,-0.0017721953034697258,0.005178327053305856,1.3586732804142554
7.161524657615054,0.004673801649231368,0.005178327053305856,1.358622591298091
7.162324455237715,0.015114529930688958,0.005178327053305856,1.3585975477202419
7.163124252823858,0.009857502781286165,0.005178327053305856,1.3585802295940796
7.163924050376652,0.0030833585222980187,0.005178327053305856,1.3585704689351448
7.164723847899271,-0.0002875745863384349,0.005178327053305856,1.35856809967414
7.165523645394884,0.01220281936280454,0.005178327053305856,1.3585259390293762
7.166323442866662,0.004000727716598318,0.005178327053305856,1.358449029663447
7.167123240317776,-0.0018688118573266799,0.005178327053305856,1.3583542328312785
7.167923037751398,0.003430084322945337,0.005178327053305856,1.3582051129857098
7.168722835170697,0.008366134351844856,0.005178327053305856,1.3580501802902474
7.169522632578844,-0.017419884998465918,0.005178327053305856,1.357985731817383
7.170322429979012,-0.028108232523060606,0.005178327053305856,1.3579274743879055
7.17112222737437,-0.012296618251434355,0.005178327053305856,1.357871720349104
7.171922024768091,0.019091420371834866,0.005178327053305856,1.3578185886206924
7.172721822163345,0.02554257249261327,0.005178327053305856,1.3577681986245345
7.173521619563301,0.017322508078612575,0.005178327053305856,1.357707629467809
7.174321416971131,0.0091925054345956,0.005178327053305856,1.3576365487778044
7.175121214390007,0.011682209223645712,0.005178327053305856,1.3575546215287198
7.1759210118231005,0.014138798672534758,0.005178327053305856,1.3574557047750553
7.176720809273579,0.0013804469642642037,0.005178327053305856,1.3573637209622473
7.1775206067446184,0.004044990192592524,0.005178327053305856,1.3572753738031347
7.178320404239385,0.004953226729161653,0.005178327053305856,1.3571952142380328
7.1791202017610525,-0.0006264901882047091,0.005178327053305856,1.3571235301982538
7.17991999931279,0.009487406832770384,0.005178327053305856,1.3570606116064672
7.180719796897769,0.002661283950544213,0.005178327053305856,1.357006750376696
7.181519594519162,-0.004275211465323503,0.005178327053305856,1.35695575816264
7.182319392180139,-0.01018787824635381,0.005178327053305856,1.3569016307999098
7.183119189883869,-0.01361463716529121,0.005178327053305856,1.3568442285994642
7.183918987633525,-0.007647371438272765,0.005178327053305856,1.3567773358421649
7.1847187854322785,0.0011135451573929256,0.005178327053305856,1.3567233049814384
7.185518583283298,0.0022327460530549015,0.005178327053305856,1.3566754093033155
7.186318381189757,0.003473791666534165,0.005178327053305856,1.3566150665126555
7.187118179154825,0.008148767132087231,0.005178327053305856,1.3565335018065445
7.187917977181673,0.0116788430834871,0.005178327053305856,1.356456717342659
7.188717775273472,0.013236402943822112,0.005178327053305856,1.3563848819937663
7.189517573433393,0.020400653918501988,0.005178327053305856,1.3563181657985783
7.190317371664606,0.022256911209520558,0.005178327053305856,1.3562567399617502
7.191117169970284,0.020819257872261465,0.005178327053305856,1.3562007768538824
7.191916968353597,0.010019412905181158,0.005178327053305856,1.356150450011521
7.192716766817714,0.007198959198758459,0.005178327053305856,1.3561162506738318
7.19351656536581,0.007395276515378413,0.005178327053305856,1.3560847911872145
7.194316364001052,0.0030557051643202993,0.005178327053305856,1.3560560292458685
7.195116162726613,0.0005520863996895109,0.005178327053305856,1.3560299230278225
7.195915961545663,0.00414773700946891,0.005178327053305856,1.3560009270811293
7.196715760461374,-0.0066236553861851455,0.005178327053305856,1.3559736855153794
7.1975155594769165,-0.008292398180820504,0.005178327053305856,1.355962460084694
7.19831535859546,0.004217794713553991,0.005178327053305856,1.355955212746787
7.199115157820177,-0.0009717082699547408,0.005178327053305856,1.3559745400432095
7.199914957154238,0.00690574312080483,0.005178327053305856,1.3560289986664178
7.2007147566008145,0.010511726600258786,0.005178327053305856,1.356042902579449
7.201514556163077,0.01381763584681095,0.005178327053305856,1.3560120198417984
7.202314355844194,0.021116744052878555,0.005178327053305856,1.3559791898718727
7.2031141556473415,0.027108418562724612,0.005178327053305856,1.3559651627389644
7.203913955575687,0.00023110918715607554,0.005178327053305856,1.3559756151313385
7.204713755632401,0.0015746627673598468,0.005178327053305856,1.3559487755388235
7.205513555820657,0.01954610565759296,0.005178327053305856,1.3559129956872746
7.206313356143624,0.005390722726439812,0.005178327053305856,1.3558902732334244
7.207113156604472,0.002911149551358294,0.005178327053305856,1.3558884131684588
7.207912957206375,0.010365689517700005,0.005178327053305856,1.3558536118033406
7.208712757952501,0.010496964509420836,0.005178327053305856,1.3558234363917117
7.209512558846023,0.015002288360451255,0.005178327053305856,1.3557977174288927
7.21031235989011,0.011271471111177878,0.005178327053305856,1.3557762861596323
7.211112161087935,0.004195614278162729,0.005178327053305856,1.3557700987336174
7.2119119624426675,-0.005799305364878382,0.005178327053305856,1.355753378180577
7.212711763957478,-0.006592301589295468,0.005178327053305856,1.3557209495007039
7.213511565635539,0.017806594202778303,0.005178327053305856,1.3556917835701823
7.214311367480021,0.011135959845538057,0.005178327053305856,1.3557048288530746
7.215111169494094,0.003298475984350624,0.005178327053305856,1.3557161856208402
7.2159109716809295,0.003903094650175465,0.005178327053305856,1.3557178734756001
7.216710774043698,-0.0008648588398219026,0.005178327053305856,1.3556906531532378
7.217510576585572,-0.004369786414902377,0.005178327053305856,1.3556339448499841
7.218310379309721,0.0043081880227593405,0.005178327053305856,1.355585098874563
7.219110182219316,-3.0322627619927545e-06,0.005178327053305856,1.3555448385335351
7.219909985317528,-0.0037334391386962817,0.005178327053305856,1.3555138892425753
7.220709788607528,-0.002001094650237345,0.005178327053305856,1.355479808978348
7.221509592092486,0.00040259714759405263,0.005178327053305856,1.3554537439682717
7.222309395775576,0.002185687326500707,0.005178327053305856,1.3554355799079212
7.223109199659966,0.007918105464316483,0.005178327053305856,1.3554252041403019
7.223909003748828,0.011675006183803571,0.005178327053305856,1.3554225056558433
7.224708808045332,0.016070383296488355,0.005178327053305856,1.3554213265825736
7.225508612552649,0.013055951516845576,0.005178327053305856,1.3554213491899119
7.226308417273952,0.008529572050899992,0.005178327053305856,1.3554215802996386
7.22710822221241,0.006629725456571256,0.005178327053305856,1.355434705817997
7.2279080273711935,0.003290005397566631,0.005178327053305856,1.3554548542875942
7.228707832753475,-0.0019139008339823516,0.005178327053305856,1.355481932652244
7.229507638362425,-0.0019261722139638504,0.005178327053305856,1.3555158495805293
7.230307444201213,0.005026710651305555,0.005178327053305856,1.3555111014797034
7.231107250273013,0.009132542781681297,0.005178327053305856,1.355466023605885
7.231907056580992,0.012757004788270798,0.005178327053305856,1.3554732082468057
7.232706863128324,0.015029996419718028,0.005178327053305856,1.3554927691495264
7.233506669918178,0.009768382500020545,0.005178327053305856,1.355476285904663
7.234306476953727,0.012217108654284381,0.005178327053305856,1.3554552544933909
7.23510628423814,0.0033779489846959,0.005178327053305856,1.3554219597914527
7.235906091774589,0.015185114450921411,0.005178327053305856,1.3553896060249384
7.236705899566243,0.02067032341858499,0.005178327053305856,1.355358273606257
7.237505707616276,0.007266545949578873,0.005178327053305856,1.3553280428093244
7.238305515927857,0.00990719431732856,0.005178327053305856,1.3552989937695539
7.239105324504158,0.009403377921544331,0.005178327053305856,1.3552659303536205
7.239905133348349,0.0027876336915240163,0.005178327053305856,1.3552329479074838
7.2407049424636005,0.00781937698182622,0.005178327053305856,1.3551973719844355
7.241504751853084,0.008580753729015678,0.005178327053305856,1.355172259182149
7.242304561519971,0.008086790043015935,0.005178327053305856,1.3551341703597026
7.243104371467431,-0.0002877508423480002,0.005178327053305856,1.3550825738812042
7.243904181698637,0.002040021984216267,0.005178327053305856,1.3550634005237523
7.244703992216758,0.005642300999771699,0.005178327053305856,1.3550431125666629
7.245503803024966,0.0028367268715894234,0.005178327053305856,1.3550219871718077
7.246303614126432,0.010024727892529173,0.005178327053305856,1.3550041692981891
7.247103425524326,-0.005986695411743792,0.005178327053305856,1.3549965935761787
7.24790323722182,-0.0008648745015493731,0.005178327053305856,1.3549927056217477
7.248703049222084,0.004990276985953557,0.005178327053305856,1.3549923228956577
7.249502861528289,0.010709860475995425,0.005178327053305856,1.3550000111422138
7.250302674143606,0.004141424395952775,0.005178327053305856,1.3549986780919077
7.251102487071207,0.0018649089315119216,0.005178327053305856,1.3549819709403532
7.251902300314263,0.003217706503611417,0.005178327053305856,1.3549555995531557
7.252702113875942,-0.00425291435065267,0.005178327053305856,1.3549454073644858
7.253501927759418,0.009878944648941124,0.005178327053305856,1.3549387291062027
7.254301741967861,0.02809927336180551,0.005178327053305856,1.3549356054070631
7.255101556504441,0.011410680735391088,0.005178327053305856,1.3549360775599413
7.255901371372331,-0.012223762094105917,0.005178327053305856,1.3549401875218345
7.256701186574699,0.0018577739472365185,0.005178327053305856,1.3549452070575727
7.2575010021147195,0.019829706937732006,0.005178327053305856,1.3549510832425127
7.2583008179955595,0.011827571743157073,0.005178327053305856,1.3549577631456773
7.259100634220394,0.010011028785677167,0.005178327053305856,1.3549651938297658
7.25990045079239,0.012420275316799012,0.005178327053305856,1.3549733223511438
7.260700267714721,-9.545004038891136e-05,0.005178327053305856,1.354983945447915
7.261500084990557,0.004925996578940994,0.005178327053305856,1.3549497233890178
7.262299902623068,0.00693436998839192,0.005178327053305856,1.354930186013087
7.263099720615428,0.00869814326031082,0.005178327053305856,1.3549256636146985
7.263899538970805,-0.00012841537865582175,0.005178327053305856,1.3549206095444166
7.264699357692371,-0.0010388480980583203,0.005178327053305856,1.354914809982479
7.2654991767832975,-0.0017475029181717172,0.005178327053305856,1.354908050913212
7.266298996246754,0.0040790106195278675,0.005178327053305856,1.3548767084498765
7.267098816085912,0.0016778947881692652,0.005178327053305856,1.3548197553513088
7.267898636303943,-0.004475233262343892,0.005178327053305856,1.3547596904702863
7.2686984569040165,0.0013211322345565435,0.005178327053305856,1.3546962919247125
7.269498277889306,0.003387719660862487,0.005178327053305856,1.35465650486412
7.2702980992629795,0.011056445070123377,0.005178327053305856,1.3546410503770405
7.271097921028209,0.001359057243673023,0.005178327053305856,1.3546506559592713
7.271897743188168,0.011794907109790476,0.005178327053305856,1.3546870867428107
7.272697565746023,0.022801276757896005,0.005178327053305856,1.3546677563046206
7.273497388704948,0.020700382921642113,0.005178327053305856,1.3546551056892953
7.274297212068113,0.006043666164200268,0.005178327053305856,1.354631202921079
7.275097035838688,0.004432010147271237,0.005178327053305856,1.354595948237067
7.275896860019846,0.006758665269381181,0.005178327053305856,1.3545616382411674
7.276696684614756,0.0066579370197448196,0.005178327053305856,1.354528364013784
7.27749650962659,0.005227441169269431,0.005178327053305856,1.3544962167662091
7.278296335058519,-0.007295526931893281,0.005178327053305856,1.3544670707974997
7.279096160913713,-0.0032218811017923343,0.005178327053305856,1.3544409543572482
7.279895987195342,0.011824673348182824,0.005178327053305856,1.3544168062435336
7.28069581390658,0.003018877310390744,0.005178327053305856,1.3543946180130455
7.281495641050595,-0.0003953813516754945,0.005178327053305856,1.3543636036941002
7.282295468630561,-0.008101953827464037,0.005178327053305856,1.354319350261458
7.2830952966496465,-0.004526484474962844,0.005178327053305856,1.3542648993362407
7.283895125111023,-0.0005547952941951095,0.005178327053305856,1.3541762290851278
7.284694954017861,0.006522381439715286,0.005178327053305856,1.3540914543148657
7.285494783373332,0.007086654264643721,0.005178327053305856,1.354011243015748
7.2862946131806074,0.008141591632340628,0.005178327053305856,1.3539329262929407
7.287094443442858,0.008920164878943648,0.005178327053305856,1.353870221262713
7.287894274163253,0.01149729818494527,0.005178327053305856,1.3538273961752305
7.288694105344965,0.013554620645777726,0.005178327053305856,1.353789328346032
7.289493936991165,0.010864098923724974,0.005178327053305856,1.3537565033989925
7.290293769105023,0.0005861905261743683,0.005178327053305856,1.3537469425020299
7.2910936016897105,0.008521765114552382,0.005178327053305856,1.353738510439073
7.291893434748398,0.03257794153903015,0.005178327053305856,1.3537369557214576
7.292693268284257,0.028042584618261257,0.005178327053305856,1.3537426154189796
7.2934931023004586,0.02058089557072873,0.005178327053305856,1.3537515458659337
7.294292936800172,0.004499418103560249,0.005178327053305856,1.3537589507575503
7.295092771786571,0.005444371350512345,0.005178327053305856,1.3537306155207967
7.295892607262823,0.010612225538996656,0.005178327053305856,1.3536667757950624
7.296692443232104,0.0037484722571812235,0.005178327053305856,1.3535776311737764
7.297492279697579,0.005817217079945314,0.005178327053305856,1.3534751162776937
7.298292116662423,0.010004540602701617,0.005178327053305856,1.3534085891281706
7.299091954129805,0.01568333998889382,0.005178327053305856,1.3533939175218748
7.299891792102896,0.021220119811264038,0.005178327053305856,1.3533915712948215
7.300691630584868,0.0275106008174697,0.005178327053305856,1.3533947343052508
7.301491469578892,0.021249923129164072,0.005178327053305856,1.3534031346691906
7.302291309088138,0.00666478741846932,0.005178327053305856,1.3534165020780677
7.303091149115777,0.003420450891499671,0.005178327053305856,1.3534345677987107
7.303890989664979,0.00818756538020482,0.005178327053305856,1.3534162788243522
7.3046908307389185,0.016210607213545947,0.005178327053305856,1.3534054206026236
7.305490672340762,0.0015471853981243733,0.005178327053305856,1.353368757980073
7.306290514473684,-0.000420044540913711,0.005178327053305856,1.3533298562656162
7.3070903571408525,0.016311490057312694,0.005178327053305856,1.3532887328578043
7.307890200345441,0.011916954655784684,0.005178327053305856,1.3532454046403384
7.308690044090619,-0.001331268163651922,0.005178327053305856,1.3531998879820584
7.309489888379557,-0.0005663195061560433,0.005178327053305856,1.3531521987369528
7.310289733215426,-0.0006490681747168825,0.005178327053305856,1.3530840227404033
7.311089578601398,-0.003469604710197638,0.005178327053305856,1.3529947383733685
7.311889424540644,-0.004087883907842205,0.005178327053305856,1.3529320715652218
7.312689271036334,-0.009094088478032836,0.005178327053305856,1.3528687312355896
7.313489118091639,-0.015928866729975955,0.005178327053305856,1.3528047875490055
7.31428896570973,-0.00837053050666059,0.005178327053305856,1.3527448799885307
7.315088813893779,0.0002759718150409096,0.005178327053305856,1.3526892371654715
7.315888662646956,0.0009451448110500138,0.005178327053305856,1.3526380886895724
7.316688511972432,-0.0024003853769369865,0.005178327053305856,1.3525936229530222
7.317488361873377,-0.0069549615290509514,0.005178327053305856,1.3525435792056841
7.318288212352963,0.00028183996987096727,0.005178327053305856,1.3524876897669134
7.319088063414362,0.0022820323433987433,0.005178327053305856,1.3524460018763147
7.319887915060742,9.957818111461236e-05,0.005178327053305856,1.3524062416155342
7.320687767295276,-0.0036693416503907894,0.005178327053305856,1.3523679048193662
7.321487620121134,0.0028326841991539453,0.005178327053305856,1.3523311274221448
7.322287473541488,0.006857434205317814,0.005178327053305856,1.3522950164609786
7.3230873275595085,0.004413193202606358,0.005178327053305856,1.3522436907585518
7.323887182178366,0.0006144154120639733,0.005178327053305856,1.3521854720956277
7.324687037401232,-0.0022591079857245955,0.005178327053305856,1.3521199550615433
7.325486893231277,-0.00024908580268134806,0.005178327053305856,1.3520467324566894
7.326286749671672,0.0028414965845211526,0.005178327053305856,1.3519585976017408
7.327086606725588,0.0023675667848692683,0.005178327053305856,1.3518688149774367
7.327886464396196,-0.005682975907804311,0.005178327053305856,1.351799178658704
7.328686322686666,-0.0055582363239692345,0.005178327053305856,1.3517501775150471
7.3294861816001715,-0.003934729023220118,0.005178327053305856,1.3517452662521627
7.33028604113988,0.0042423338623116535,0.005178327053305856,1.3517552614881791
7.331085901308965,0.01172701915155594,0.005178327053305856,1.3517673836828337
7.331885762110596,0.017767553108966494,0.005178327053305856,1.3517540263096222
7.3326856235479445,0.019215856949597487,0.005178327053305856,1.3517424501282442
7.333485485624181,0.024413658768037028,0.005178327053305856,1.351709906526794
7.334285348342477,0.008065212041515002,0.005178327053305856,1.3516411486547444
7.335085211706003,0.006557767632031419,0.005178327053305856,1.3515997755956932
7.335885075717931,0.01966488715876702,0.005178327053305856,1.3515808362548736
7.3366849403814305,0.04289510483700543,0.005178327053305856,1.351564515632313
7.337484805699673,0.04503397348506244,0.005178327053305856,1.3515654958230214
7.338284671675829,0.025812063799483864,0.005178327053305856,1.3515397457975786
7.339084538313071,0.01516527677280255,0.005178327053305856,1.3515200985074716
7.339884405614568,0.018269651970958867,0.005178327053305856,1.3514977847331535
7.340684273583492,0.017820364394787847,0.005178327053305856,1.351472963370296
7.341484142223013,0.015297015708896522,0.005178327053305856,1.3514362635980537
7.342284011536304,0.020390362363769343,0.005178327053305856,1.3513875123844077
7.343083881526533,0.0244266566482354,0.005178327053305856,1.3513265338662757
7.343883752196872,0.0251776378991293,0.005178327053305856,1.3512619347521282
7.344683623550493,0.028416032999666996,0.005178327053305856,1.3511977093080818
7.345483495590567,0.007655651612641368,0.005178327053305856,1.3511341147568103
7.346283368320263,-0.01126285659436399,0.005178327053305856,1.3510714085524616
7.347083241742753,-0.0027885483108227582,0.005178327053305856,1.3510098483806527
7.347883115861208,0.025267831262566487,0.005178327053305856,1.3509496921584816
7.3486829906788,0.02684294497076145,0.005178327053305856,1.3508871535483897
7.349482866198697,0.021187471371747035,0.005178327053305856,1.3508223504956158
7.350282742424074,0.008217092273753446,0.005178327053305856,1.3507554001981834
7.351082619358099,0.006300533191467839,0.005178327053305856,1.3506864191068995
7.351882497003943,0.006074327436232929,0.005178327053305856,1.3506155229253523
7.352682375364777,0.004242010747567138,0.005178327053305856,1.350542826609911
7.353482254443774,0.003742088074526251,0.005178327053305856,1.350468444369731
7.3542821342441025,0.012050002725219944,0.005178327053305856,1.3503924896667432
7.355082014768934,0.011806399272373147,0.005178327053305856,1.3503184398242962
7.35588189602144,0.008710054198816097,0.005178327053305856,1.3502420258978034
7.356681778004791,0.012058070104124186,0.005178327053305856,1.3501630926692976
7.357481660722159,0.011400754202235186,0.005178327053305856,1.3500814839853912
7.358281544176713,0.012349124782334409,0.005178327053305856,1.3500137273670427
7.359081428371626,0.009982428031411361,0.005178327053305856,1.3499445966240236
7.359881313310067,0.00837748915499037,0.005178327053305856,1.3498737434568595
7.3606811989952075,0.013548322421308434,0.005178327053305856,1.349800818909645
7.36148108543022,0.010823757578818372,0.005178327053305856,1.349701884388435
7.362280972618272,0.0007162764506301045,0.005178327053305856,1.3496273328547717
7.363080860562539,-0.0009097676057663318,0.005178327053305856,1.3495544438340197
7.363880749266188,0.017365588010642252,0.005178327053305856,1.3494834488964966
7.364680638732391,0.03224175480448466,0.005178327053305856,1.3494182999821913
7.36548052896432,0.020325511004413155,0.005178327053305856,1.3493590971374039
7.366280419965146,0.012038815327066299,0.005178327053305856,1.3492858187311119
7.367080311738038,0.007130592680216097,0.005178327053305856,1.3492069674541647
7.367880204286169,0.011100746127835404,0.005178327053305856,1.3491184104765512
7.3686800976127085,0.012883822613472207,0.005178327053305856,1.3490197445298997
7.369479991720827,0.011307779446826371,0.005178327053305856,1.348910564030062
7.370279886613699,0.016454552968198533,0.005178327053305856,1.3487904610771102
7.37107978229449,0.01031680032947846,0.005178327053305856,1.3487517734405254
7.371879678766375,0.006663434870446849,0.005178327053305856,1.3487069996203251
7.372679576032524,0.005117214578163942,0.005178327053305856,1.3486569319448396
7.373479474096106,0.00113571367278964,0.005178327053305856,1.3486043010414572
7.374279372960295,-0.008272297657334615,0.005178327053305856,1.348543747040599
7.375079272628261,0.0023093569890322296,0.005178327053305856,1.3484802001497993
7.375879173103173,0.006236368231167466,0.005178327053305856,1.3484218600635913
7.376679074388203,0.008187796812804127,0.005178327053305856,1.3483606570035076
7.377478976486523,0.014654585666401099,0.005178327053305856,1.3483015782596561
7.378278879401303,0.015909181030417052,0.005178327053305856,1.3482425116516428
7.379078783135714,0.015661613819766718,0.005178327053305856,1.3481869970532991
7.379878687692926,0.023987553189172006,0.005178327053305856,1.3481356844085906
7.380678593076112,0.020682040423079195,0.005178327053305856,1.348083678951463
7.381478499288442,0.01743115494293379,0.005178327053305856,1.3480369943140351
7.382278406333086,0.016843885090037203,0.005178327053305856,1.3479585883586005
7.383078314213217,0.014799997384557395,0.005178327053305856,1.3479112946919414
7.383878222932003,0.00602676986606987,0.005178327053305856,1.3478654548784328
7.384678132492617,-0.003454079391211895,0.005178327053305856,1.347821071667232
7.38547804289823,-0.0092171453630987,0.005178327053305856,1.3477781478606232
7.3862779541520105,0.0007683321805356247,0.005178327053305856,1.3477364744082772
7.387077866257133,0.009211355794039422,0.005178327053305856,1.3476960468607833
7.387877779216767,0.008887895783357136,0.005178327053305856,1.3476503882846176
7.388677693034082,0.0033635705570322916,0.005178327053305856,1.3475992694916936
7.389477607712251,0.010036280093074001,0.005178327053305856,1.3475424597295067
7.3902775232544435,0.00889277510392894,0.005178327053305856,1.3474817384893676
7.391077439663831,0.00805833740477846,0.005178327053305856,1.347416800552521
7.391877356943583,0.02421472105167566,0.005178327053305856,1.3473473396398554
7.392677275096873,0.0255250795280062,0.005178327053305856,1.347273048411898
7.393477194126871,0.01009161812356063,0.005178327053305856,1.3472219958125828
7.394277114036748,0.0049975302583582515,0.005178327053305856,1.347189767660882
7.395077034829673,0.018556343779008166,0.005178327053305856,1.3471593476483021
7.395876956508819,0.013978741897126667,0.005178327053305856,1.3471306369084857
7.396676879077356,0.002546189748943606,0.005178327053305856,1.3470629544845178
7.397476802538456,-0.0018690874600961749,0.005178327053305856,1.3470151667186285
7.398276726895289,0.004381262235514383,0.005178327053305856,1.3469897920533216
7.3990766521510265,0.006487664338369781,0.005178327053305856,1.3469671609273175
7.399876578308839,0.006602233479223507,0.005178327053305856,1.3469472252878183
7.400676505371897,0.0002108717501976276,0.005178327053305856,1.3469299377578572
7.4014764333433725,-0.0019924937131956533,0.005178327053305856,1.3469152516363079
7.402276362226435,0.006491702547914313,0.005178327053305856,1.346903120897878
7.403076292024257,-0.0005792311576651166,0.005178327053305856,1.3468935001931133
7.403876222740008,-0.003236031904005676,0.005178327053305856,1.346855527821786
7.40467615437686,-0.00163823687288156,0.005178327053305856,1.346817487744806
7.405476086937983,-0.003753747951829256,0.005178327053305856,1.346783184253511
7.406276020426549,-0.0060338872376581865,0.005178327053305856,1.3467485575469829
7.4070759548457294,-0.007662908985212935,0.005178327053305856,1.3467201242410012
7.407875890198692,-0.006034156571532279,0.005178327053305856,1.346697712748548
7.4086758264886114,0.003194347534186903,0.005178327053305856,1.346681152749397
7.409475763718656,0.011959465445550599,0.005178327053305856,1.3466837784777965
7.410275701891999,0.015217631952692212,0.005178327053305856,1.3466922141364672
7.411075641011809,0.02199738138895868,0.005178327053305856,1.3466720225502475
7.411875581081258,0.029346283037552823,0.005178327053305856,1.3466579100938063
7.412675522103517,0.01977570192521605,0.005178327053305856,1.346649700573262
7.413475464081756,0.011060262675401944,0.005178327053305856,1.3466340995349562
7.414275407019148,0.008633171244711635,0.005178327053305856,1.3466113986333215
7.415075350918862,0.011029036890363608,0.005178327053305856,1.3465943355620995
7.415875295784069,0.008855723438267793,0.005178327053305856,1.3465728938638908
7.416675241617941,-0.010773927971861719,0.005178327053305856,1.3465530084304307
7.417475188423649,-0.0042785320917171354,0.005178327053305856,1.3465346716862718
7.418275136204363,-0.006023103138185437,0.005178327053305856,1.3465178761732244
7.419075084963254,-0.0014080675370922169,0.005178327053305856,1.3465026145503667
7.419875034703493,0.005611264553566642,0.005178327053305856,1.3464888795940406
7.420674985428251,0.00981558009157446,0.005178327053305856,1.3464659792411346
7.421474937140699,0.012210188890923845,0.005178327053305856,1.3464424217080253
7.422274889844008,0.011628593275274657,0.005178327053305856,1.3464181350797795
7.423074843541349,0.012364328115883172,0.005178327053305856,1.346393047123446
7.423874798235893,0.012154519561979882,0.005178327053305856,1.346372785962572
7.424674753930811,0.006486510652613076,0.005178327053305856,1.346352826548369
7.425474710629272,0.010119485011555573,0.005178327053305856,1.3463183564994974
7.42627466833445,0.011818063086437736,0.005178327053305856,1.3462807655118918
7.427074627049515,0.01606830996455355,0.005178327053305856,1.3462137647584909
7.427874586777636,0.016345742577152045,0.005178327053305856,1.3461066961628398
7.428674547521986,0.008040789460509679,0.005178327053305856,1.3460389289886177
7.429474509285735,0.0017185604857410386,0.005178327053305856,1.3460207624479648
7.430274472072055,0.003899415811159157,0.005178327053305856,1.3460071168379577
7.431074435884115,0.005075741707665005,0.005178327053305856,1.3459826335196485
7.431874400725088,0.00742248350571062,0.005178327053305856,1.34593995438939
7.432674366598143,-7.34860417015426e-05,0.005178327053305856,1.3459411234624468
7.433474333506453,1.5047112544408492e-05,0.005178327053305856,1.3459583767113812
7.434274301453187,0.013695507584392086,0.005178327053305856,1.3459393500529193
7.4350742704415165,0.010230877570253538,0.005178327053305856,1.345899191839617
7.435874240474614,0.0007568903123202908,0.005178327053305856,1.345892271587487
7.436674211555648,0.0067672309749595705,0.005178327053305856,1.3458980015449864
7.437474183687791,0.008028383214454093,0.005178327053305856,1.3458949231515889
7.438274156874212,0.009676377465157593,0.005178327053305856,1.3458830854883037
7.439074131118085,0.0006846016464390203,0.005178327053305856,1.3458514269402715
7.439874106422579,0.001581820700025549,0.005178327053305856,1.3458331231954823
7.440674082790864,0.009876834992099903,0.005178327053305856,1.3458341502340354
7.441474060226113,0.013067507709181747,0.005178327053305856,1.3458358768027003
7.4422740387314965,0.006182784758357096,0.005178327053305856,1.345812500666422
7.443074018310185,0.0063174618211596645,0.005178327053305856,1.3457981601457094
7.443873998965348,-0.010715837412286211,0.005178327053305856,1.345785236465711
7.444673980700159,-0.013637417890474568,0.005178327053305856,1.345792310238636
7.445473963517787,-0.012933230818619634,0.005178327053305856,1.34581906298782
7.446273947421404,-0.011726449194258137,0.005178327053305856,1.3458793897934376
7.447073932414181,-0.005965082343940553,0.005178327053305856,1.345910458737648
7.447873918499289,-0.003105535623325384,0.005178327053305856,1.3459678739708347
7.448673905679897,-0.006921800951609658,0.005178327053305856,1.3460296952884683
7.449473893959178,-0.009172778332604548,0.005178327053305856,1.346117411237743
7.450273883340302,-0.008152175468272294,0.005178327053305856,1.3461429628536494
7.451073873826441,-0.011535227428283612,0.005178327053305856,1.3461767085243028
7.451873865420764,-0.006536885814706572,0.005178327053305856,1.3462352096625034
7.4526738581264445,-0.0076930263915167,0.005178327053305856,1.3462902166988724
7.453473851946652,0.0036790709821810097,0.005178327053305856,1.3462677173330022
7.454273846884555,0.03168421128308507,0.005178327053305856,1.3462394414301204
7.455073842943329,0.028475960109211496,0.005178327053305856,1.3462052026782965
7.455873840126142,0.0320485076623811,0.005178327053305856,1.3461648136434496
7.456673838436166,0.05582008841188513,0.005178327053305856,1.3461180857693464
7.457473837876571,0.07397794525625012,0.005178327053305856,1.3460648293776034
7.45827383845053,0.08329477996988022,0.005178327053305856,1.3460048536676785
7.459073840161211,0.09069400332249922,0.005178327053305856,1.3459379667168763
7.459873843011787,0.08814436918765467,0.005178327053305856,1.3458639754803434
7.4606738470054275,0.08747398575510235,0.005178327053305856,1.345782685791065
7.461473852145304,0.08750617819315365,0.005178327053305856,1.3457610585452335
7.462273858434589,0.08447194241735678,0.005178327053305856,1.345770944273157
7.463073865876452,0.0809404187277396,0.005178327053305856,1.3458044382519856
7.463873874474063,0.06295534480647369,0.005178327053305856,1.3457961896952277
7.464673884230595,0.057613685681423554,0.005178327053305856,1.345785915398125
7.465473895149217,0.051426160185771286,0.005178327053305856,1.34577379099551
7.466273907233101,0.024327934398305606,0.005178327053305856,1.3457599916943503
7.467073920485419,0.010998913414981049,0.005178327053305856,1.345744692273755
7.467873934909338,0.03519770067658223,0.005178327053305856,1.3457237184579167
7.468673950508033,0.03239815220076303,0.005178327053305856,1.345699600429678
7.469473967284674,0.0036096948528339112,0.005178327053305856,1.3456724466940853
7.4702739852424305,-0.031639374083861194,0.005178327053305856,1.345642364882707
7.471074004384475,0.005825261009380522,0.005178327053305856,1.3456094617536292
7.471874024713977,0.050711855561145436,0.005178327053305856,1.3455738431914566
7.472674046234109,0.044983191847222326,0.005178327053305856,1.3455356142073092
7.47347406894804,0.006559849953256647,0.005178327053305856,1.3454987616271183
7.474274092858943,0.001314995993542567,0.005178327053305856,1.345459637317907
7.475074117969987,0.016243769412327858,0.005178327053305856,1.3454180814873078
7.475874144284345,0.021486790223290253,0.005178327053305856,1.3453739335677004
7.476674171805186,0.009508627907974132,0.005178327053305856,1.3453270322162059
7.477474200535681,0.005983546095593706,0.005178327053305856,1.345277573262205
7.478274230479003,0.006921661751631447,0.005178327053305856,1.3452423765915296
7.4790742616383215,0.007852659211564195,0.005178327053305856,1.3452215229959281
7.479874294016807,0.0031214479529060313,0.005178327053305856,1.3451975054680347
7.480674327617631,0.001198632302501501,0.005178327053305856,1.345170389591305
7.481474362443964,0.008171028233616706,0.005178327053305856,1.345140240173334
7.482274398498977,0.018367360984742787,0.005178327053305856,1.345107121245857
7.483074435785842,0.006589437663952369,0.005178327053305856,1.345071096064749
7.483874474307729,0.0005073757797975365,0.005178327053305856,1.345032227110023
7.484674514067809,-0.0009380572248158803,0.005178327053305856,1.3449905760858258
7.485474555069253,6.2531564577472665e-06,0.005178327053305856,1.3449462039204427
7.486274597315231,0.0008213507388501462,0.005178327053305856,1.3448991707662892
7.487074640808916,0.0011102003630798496,0.005178327053305856,1.3448667073596077
7.487874685553477,0.0024193688846356753,0.005178327053305856,1.3448482634241186
7.488674731552086,0.007985016385999799,0.005178327053305856,1.3447704589193696
7.489474778807913,0.0092868093343903,0.005178327053305856,1.3447388932470132
7.4902748273241295,0.003686425021357964,0.005178327053305856,1.3446966138378882
7.491074877103907,0.003140041749310152,0.005178327053305856,1.34465070898972
7.491874928150415,0.0029716646171566996,0.005178327053305856,1.3446011385301124
7.492674980466827,0.004771908984663176,0.005178327053305856,1.3445487425527736
7.493475034056311,0.00019322104895191927,0.005178327053305856,1.344493447650666
7.4942750889220395,0.0021490559201284842,0.005178327053305856,1.3444351796444314
7.495075145067182,0.012900640205751213,0.005178327053305856,1.3443738635823874
7.495875202494912,0.027633779077470777,0.005178327053305856,1.3443094237405293
7.496675261208398,0.02982144486212679,0.005178327053305856,1.3442417836225231
7.497475321210811,0.030266541957366666,0.005178327053305856,1.3441708659597102
7.498275382505325,0.02103928467156857,0.005178327053305856,1.344096592711105
7.499075445095107,0.022600749912964124,0.005178327053305856,1.3440188850633898
7.4998755089833296,0.02603649318027479,0.005178327053305856,1.343909432401428
7.500675574173164,0.02647469393215407,0.005178327053305856,1.3438515323303
7.501475640667781,0.04253398185602819,0.005178327053305856,1.3438000965609926
7.502275708470351,0.04557073816817292,0.005178327053305856,1.343755233687741
7.503075777584046,0.046896796580305544,0.005178327053305856,1.3437170537699794
7.5038758480120356,0.03657919546104371,0.005178327053305856,1.343682216701558
7.504675919757491,0.02936586650243611,0.005178327053305856,1.343655058264303
7.505475992823584,0.028744961405565705,0.005178327053305856,1.3436354182410724
7.506276067213484,0.028201272575177905,0.005178327053305856,1.3436212915034682
7.507076142930364,0.02305115851220707,0.005178327053305856,1.343612457148998
7.507876219977394,0.01766605260909726,0.005178327053305856,1.3436086955461342
7.508676298357744,0.013528159182643718,0.005178327053305856,1.343609788334326
7.509476378074586,0.0063772416190626124,0.005178327053305856,1.3436155184239953
7.510276459131091,0.010967822233729496,0.005178327053305856,1.343625669996541
7.511076541530429,0.008431787295826165,0.005178327053305856,1.343636335233883
7.511876625275772,0.016504259197431148,0.005178327053305856,1.3436158176980402
7.512676710370289,0.01490408684735578,0.005178327053305856,1.3435850592227396
7.513476796817153,0.00703920536236935,0.005178327053305856,1.343539501598913
7.514276884619536,0.010403738939974705,0.005178327053305856,1.3435182896402191
7.515076973780604,0.007048867106845602,0.005178327053305856,1.3434847777297552
7.515877064303533,0.005619618686598438,0.005178327053305856,1.34343454951865
7.516677156191492,-0.003724460895738968,0.005178327053305856,1.3433829698751758
7.517477249447651,0.0018215387680173833,0.005178327053305856,1.3433634173583182
7.518277344075183,0.004086118192740296,0.005178327053305856,1.3433228951821963
7.519077440077257,0.003702063474084749,0.005178327053305856,1.3432518604892558
7.519877537457045,0.005951463343349284,0.005178327053305856,1.3431639344988857
7.520677636217717,0.010202180256068782,0.005178327053305856,1.34310343161949
7.521477736362446,0.007184492103341711,0.005178327053305856,1.343067182679552
7.522277837894399,-5.513869402617999e-05,0.005178327053305856,1.343053391183076
7.523077940816752,-0.0036016466687014415,0.005178327053305856,1.3429998625437243
7.523878045132672,-0.00467754630660977,0.005178327053305856,1.3429371482257006
7.524678150845331,0.0008791888442771789,0.005178327053305856,1.3428640188983345
7.5254782579579,0.004553716473535641,0.005178327053305856,1.3427803506071125
7.526278366473551,-0.0010013432656119647,0.005178327053305856,1.3426860167112937
7.527078476395454,0.0030184847657668268,0.005178327053305856,1.3425808878839027
7.5278785877267795,0.012465318232973921,0.005178327053305856,1.3424648321117265
7.528678700470699,0.0014628523982753716,0.005178327053305856,1.3423377146953106
7.529478814630383,0.008019707088151362,0.005178327053305856,1.3422095653387873
7.530278930209002,0.0037361824996695603,0.005178327053305856,1.3420798834588465
7.531079047209729,0.01353402470983256,0.005178327053305856,1.341945382461647
7.531879165635733,0.013038709975052853,0.005178327053305856,1.341847902645844
7.532679285490186,0.0149877048243241,0.005178327053305856,1.3417443816391377
7.533479406776258,0.020990241685551858,0.005178327053305856,1.3416684317098357
7.5342795294971205,0.014394284581952022,0.005178327053305856,1.3415978992678632
7.535079653655944,0.012304835989049412,0.005178327053305856,1.341532672658132
7.5358797792558985,0.004253946936422448,0.005178327053305856,1.3415013468557906
7.536679906300158,0.009028827641406778,0.005178327053305856,1.3414152654019902
7.537480034791891,0.006818009422475679,0.005178327053305856,1.3413235098783143
7.538280164734268,0.011848647626744757,0.005178327053305856,1.3412263827640247
7.539080296130462,0.00915154420706732,0.005178327053305856,1.3411305538273532
7.5398804289836425,0.0024495794786558722,0.005178327053305856,1.3410360965794081
7.540680563296981,0.003622191973366551,0.005178327053305856,1.3409430846101604
7.541480699073648,0.008554957551491826,0.005178327053305856,1.34085159158844
7.542280836316814,0.003281322130258557,0.005178327053305856,1.3407638141438438
7.543080975029651,0.00250378771228843,0.005178327053305856,1.340679750796328
7.543881115215329,0.0024604655698006184,0.005178327053305856,1.3405994006778135
7.544681256877019,0.008765729969564928,0.005178327053305856,1.3405207358325828
7.545481400017893,0.007223703138421689,0.005178327053305856,1.3404436862076299
7.546281544641121,-0.001178600688976017,0.005178327053305856,1.3403845008735202
7.547081690749875,-0.002231391800540772,0.005178327053305856,1.3403263861925085
7.547881838347323,0.002540003879822228,0.005178327053305856,1.3402740824814672
7.548681987436639,0.00623288721277504,0.005178327053305856,1.3402039001215096
7.549482138020993,0.0031771640645221755,0.005178327053305856,1.340116568199939
7.550282290103556,0.00021194968129245595,0.005178327053305856,1.3400328109814432
7.551082443687499,0.003858303380557926,0.005178327053305856,1.3399578253232565
7.551882598775991,0.002295607986400272,0.005178327053305856,1.3398830772118973
7.5526827553722065,0.007667998657763464,0.005178327053305856,1.3398034117646822
7.553482913479314,0.01530967640865133,0.005178327053305856,1.3397221740370873
7.554283073100485,0.0157697595786499,0.005178327053305856,1.3396463556554021
7.555083234238889,0.006159382359921972,0.005178327053305856,1.3395677312963636
7.555883396897699,-0.0014941763070319691,0.005178327053305856,1.3394878425102505
7.556683561080087,-0.0033589149740103075,0.005178327053305856,1.3394065336547414
7.55748372678922,-0.0022040160729632774,0.005178327053305856,1.339312526275451
7.558283894028272,0.0033366450060883235,0.005178327053305856,1.339204388656641
7.559084062800412,-0.007847883583318893,0.005178327053305856,1.3390580630940998
7.559884233108813,-0.013400617621978084,0.005178327053305856,1.3389141847762787
7.560684404956644,-0.006966040532768503,0.005178327053305856,1.338775751161744
7.561484578347078,-0.01105545597437807,0.005178327053305856,1.3386792097687192
7.562284753283284,-0.011032451228984996,0.005178327053305856,1.3386098036823313
7.563084929768433,-0.017251559290406115,0.005178327053305856,1.3384946674661742
7.563885107805697,-0.006697190285203325,0.005178327053305856,1.3383807385106283
7.5646852873982455,-0.009416363235364988,0.005178327053305856,1.3382782515555867
7.565485468549252,-0.015455979639404926,0.005178327053305856,1.3381636145871816
7.566285651261885,-0.016290280865796314,0.005178327053305856,1.3380583985454444
7.5670858355393165,-0.0028572721070350138,0.005178327053305856,1.3379359086899185
7.567886021384716,0.005756773513632574,0.005178327053305856,1.3378196318130007
7.568686208801257,0.010934361929482828,0.005178327053305856,1.3377095498463982
7.569486397792108,0.008072800387955104,0.005178327053305856,1.3376200184393063
7.570286588360441,0.010021723949406258,0.005178327053305856,1.3375096527435868
7.571086780509428,0.017363133315549062,0.005178327053305856,1.3373972468333863
7.571886974242237,0.02231043399240673,0.005178327053305856,1.3372830919355985
7.572687169562043,0.011290386606757519,0.005178327053305856,1.3371724770386613
7.573487366472012,0.00407325148014448,0.005178327053305856,1.337065514955294
7.574287564975319,-0.002928788651380021,0.005178327053305856,1.3369623191953721
7.575087765075133,-0.006201448949229693,0.005178327053305856,1.3368630039659326
7.5758879667746255,-0.009779862089026148,0.005178327053305856,1.3367676841711698
7.576688170076967,-0.0118630719741748,0.005178327053305856,1.3366764754124465
7.57748837498533,-0.0038258687951555626,0.005178327053305856,1.3365894939882907
7.578288581502882,0.008175879275169162,0.005178327053305856,1.336506856894396
7.579088789632799,0.007717438102145868,0.005178327053305856,1.3364286818236297
7.579888999378246,0.018281932254386124,0.005178327053305856,1.3363550871660286
7.580689210742399,0.007458625405964314,0.005178327053305856,1.3362905814014991
7.581489423728425,0.008889821081341287,0.005178327053305856,1.3362351286176464
7.582289638339499,0.014433521102197755,0.005178327053305856,1.3361943459161194
7.583089854578788,0.009394924912135671,0.005178327053305856,1.3361624526003417
7.583890072449465,0.010155081985913528,0.005178327053305856,1.3361050425251269
7.584690291954701,0.010056431746932049,0.005178327053305856,1.336074734312468
7.585490513097667,0.011176498606264795,0.005178327053305856,1.3360332420238241
7.586290735881532,0.012541556547659427,0.005178327053305856,1.335977149886808
7.587090960309469,0.018180936645854517,0.005178327053305856,1.335918922111122
7.587891186384648,0.014930555910979582,0.005178327053305856,1.3358591749838202
7.58869141411024,0.00491673665016501,0.005178327053305856,1.3357977784534463
7.589491643489417,0.0035580429765358357,0.005178327053305856,1.335741273614231
7.590291874525348,0.010658695468169999,0.005178327053305856,1.335689760320566
7.591092107221205,0.010624769250262123,0.005178327053305856,1.33564333915565
7.591892341580159,0.005582497921486462,0.005178327053305856,1.3356021114314824
7.592692577605382,-0.00107826595545224,0.005178327053305856,1.335565924769387
7.593492815300043,0.014334387428463602,0.005178327053305856,1.3355346205036573
7.594293054667313,0.0345023026437028,0.005178327053305856,1.335508040668099
7.595093295710363,0.03303814738955513,0.005178327053305856,1.3354766039469483
7.595893538432366,0.040782288873730366,0.005178327053305856,1.3354491600497707
7.596693782836491,0.039324211674894194,0.005178327053305856,1.3354255476843213
7.597494028925909,0.028517107042554946,0.005178327053305856,1.335405606235884
7.598294276703791,0.024744481591526535,0.005178327053305856,1.335389175767258
7.599094526173309,0.028306935710773917,0.005178327053305856,1.3353692426054664
7.599894777337632,0.019340987555374722,0.005178327053305856,1.3353581954105107
7.600695030199933,0.003332891000909166,0.005178327053305856,1.335340590785133
7.6014952847633825,-0.0028777963975066267,0.005178327053305856,1.335329048048151
7.6022955410311495,0.00541265535638602,0.005178327053305856,1.3352940106397144
7.603095799006407,0.008984039245007569,0.005178327053305856,1.3352799166332034
7.6038960586923245,0.015341339415411603,0.005178327053305856,1.335266602667981
7.604696320092075,0.0034440232941381765,0.005178327053305856,1.33525425265068
7.605496583208827,0.0023607256747761873,0.005178327053305856,1.3352378864339667
7.606296848045752,0.015515471143121795,0.005178327053305856,1.335219513167452
7.607097114606023,0.0192100640438857,0.005178327053305856,1.3351926431944228
7.6078973828928085,0.013924812895803829,0.005178327053305856,1.3351571199126235
7.608697652909281,0.008231447202749154,0.005178327053305856,1.3351306770726818
7.609497924658609,0.00502134937801868,0.005178327053305856,1.3351112601893655
7.610298198143966,0.01214661833544195,0.005178327053305856,1.3350941693468557
7.611098473368522,0.016790093268898243,0.005178327053305856,1.3350824199679137
7.611898750335448,0.018683361522607633,0.005178327053305856,1.3350758991137202
7.612699029047915,0.019887585437854405,0.005178327053305856,1.3350744945846906
7.613499309509095,0.01854123642086436,0.005178327053305856,1.3350747294876897
7.6142995917221565,0.01632171647226599,0.005178327053305856,1.3350745956060128
7.615099875690272,0.014592160258230402,0.005178327053305856,1.3350741730172033
7.6159001614166115,0.0142948052188554,0.005178327053305856,1.335073541187346
7.616700448904347,0.011875781101920557,0.005178327053305856,1.3350727789710841
7.617500738156648,0.0019472174688537347,0.005178327053305856,1.3350738192722948
7.618301029176688,0.004669065321649679,0.005178327053305856,1.3350745902873522
7.619101321967635,0.015965989087047827,0.005178327053305856,1.3350768860138431
7.619901616532662,0.024801298684956397,0.005178327053305856,1.3350805793708571
7.620701912874938,0.01608786868250034,0.005178327053305856,1.335085543092538
7.621502210997637,0.012352170332669887,0.005178327053305856,1.3350916497280862
7.622302510903927,0.007965156805232354,0.005178327053305856,1.3351281106755293
7.623102812596979,0.006860255274472538,0.005178327053305856,1.3351503924488948
7.623903116079966,0.004234054978517587,0.005178327053305856,1.3351674715146016
7.624703421356057,-0.008516507205072354,0.005178327053305856,1.3351794159878294
7.6255037284284235,-0.00735280056938481,0.005178327053305856,1.335195484580667
7.626304037300237,-0.00454162681899728,0.005178327053305856,1.3351995885754533
7.627104347974669,-0.0006923894391623886,0.005178327053305856,1.3351920291041122
7.627904660454888,-0.004237761287985808,0.005178327053305856,1.3351906543254102
7.628704974744068,0.008246929672285797,0.005178327053305856,1.3351873176684848
7.629505290845376,0.008944432997165519,0.005178327053305856,1.3351822751688367
7.6303056087619865,-0.0017573370391192888,0.005178327053305856,1.3351754659758555
7.63110592849707,-0.0073240736635389325,0.005178327053305856,1.3351668285457836
7.631906250053795,-0.0063541532188042815,0.005178327053305856,1.335188218193674
7.6327065734353345,0.0008075292064926298,0.005178327053305856,1.3352124724704573
7.6335068986448595,0.001804928869873157,0.005178327053305856,1.3352396642942543
7.63430722568554,-0.005979231913055605,0.005178327053305856,1.3352698667879233
7.635107554560547,-0.012822891362269884,0.005178327053305856,1.3352964637979252
7.635907885273052,-0.0162335318332687,0.005178327053305856,1.3353192965713716
7.636708217826225,-0.005295204458357627,0.005178327053305856,1.3353382049410547
7.637508552223239,0.00028775516442336446,0.005178327053305856,1.335339041813746
7.638308888467263,0.007010522322192569,0.005178327053305856,1.3353343423352604
7.639109226561468,0.012204868242141842,0.005178327053305856,1.3353735002874518
7.639909566509024,0.00857945342255606,0.005178327053305856,1.3354150461409042
7.640709908313105,0.006099099051406931,0.005178327053305856,1.3354421394184084
7.64151025197688,0.006179613275916207,0.005178327053305856,1.3355231180549352
7.642310597503519,0.007961200021374237,0.005178327053305856,1.3355756154007308
7.643110944896195,0.011645571618078998,0.005178327053305856,1.335626660591215
7.643911294158078,0.0013126023362655115,0.005178327053305856,1.3356862428876484
7.644711645292338,0.007354777889506892,0.005178327053305856,1.3357259398992682
7.645511998302148,0.006853304874476329,0.005178327053305856,1.3357923453857328
7.646312353190677,0.006948333790640859,0.005178327053305856,1.3358286757184645
7.647112709961096,-0.00192688489553694,0.005178327053305856,1.335868545510311
7.647913068616577,0.015488464614488384,0.005178327053305856,1.3359118744550875
7.648713429160291,-0.0038050268370164453,0.005178327053305856,1.3359585825691234
7.649513791595408,-0.010299781566420974,0.005178327053305856,1.3360085901912568
7.649786486393967,0.00012756031993066408,0.005178327053305856,1.3360620179555809
7.651086641970395,0.005279884909932253,0.005178327053305856,1.3361181974142653
7.652386780514948,0.004401986079917153,0.005178327053305856,1.336177442179645
7.653686902098748,0.01459795388018481,0.005178327053305856,1.3362396738757414
7.654987006792918,0.015661280913561892,0.005178327053305856,1.336308414896217
7.656287094668582,0.021908794184703373,0.005178327053305856,1.3363837163132588
7.657587165796861,0.025375985705623938,0.005178327053305856,1.336451201567757
7.658887220248878,0.01675626623693094,0.005178327053305856,1.3365225061091452
7.6601872580957595,0.015611705491877848,0.005178327053305856,1.3365943499368012
7.661487279408625,0.01497992809067239,0.005178327053305856,1.3366778199968599
7.6627872842586,0.009802632968408886,0.005178327053305856,1.336780789201911
7.664087272716804,0.001319039040579728,0.005178327053305856,1.3368469300425414
7.665387244854364,-0.0021579536556877166,0.005178327053305856,1.3369001918245602
7.666687200742402,-0.003705730625276127,0.005178327053305856,1.3369332116812949
7.66798714045204,-0.004754118235617666,0.005178327053305856,1.3369551502118355
7.669287064054402,0.002719806285697013,0.005178327053305856,1.336997258481636
7.670586971620611,0.006431814927107649,0.005178327053305856,1.3370366507468452
7.671886863221789,0.00723821971748051,0.005178327053305856,1.3370785675993038
7.673186738929058,0.01854692116523693,0.005178327053305856,1.3371069429115843
7.6744865988135444,0.0016995040965288588,0.005178327053305856,1.33714272334683
7.675786442946371,0.01442400584000647,0.005178327053305856,1.3371860885098612
7.677086271398657,0.018916554471135827,0.005178327053305856,1.3372367914515353
7.678386084241529,0.014451948804332426,0.005178327053305856,1.337287303829599
7.679685881546108,0.004532123703795632,0.005178327053305856,1.3373375266439316
7.6809856633835185,0.004836212265903139,0.005178327053305856,1.3373873601183572
7.682285429824883,0.008971270061824077,0.005178327053305856,1.3374213127085564
7.683585180941326,0.006547173330698541,0.005178327053305856,1.337446660378427
7.684884916803967,-0.0031789720113981623,0.005178327053305856,1.3374791432137272
7.686184637483932,0.0008339314792862318,0.005178327053305856,1.3374974738937404
7.687484343052344,0.010627764240283888,0.005178327053305856,1.3375010990369676
7.688784033580323,0.005466149600032333,0.005178327053305856,1.3374747456917926
7.690083709138996,0.0037068590650370936,0.005178327053305856,1.337483772898569
7.691383369799484,-0.0038254203996463954,0.005178327053305856,1.3374731099537251
7.69268301563291,0.0010577023210771586,0.005178327053305856,1.3374640610992976
7.6939826467103964,-0.0014259093107624743,0.005178327053305856,1.337433656652894
7.695282263103069,0.0045943542881350385,0.005178327053305856,1.3374528720907657
7.696581864882049,-0.004116710587630301,0.005178327053305856,1.3374527436466088
7.697881452118459,-0.0010500534059187938,0.005178327053305856,1.3374184487081162
7.699181024883423,0.008685452373023983,0.005178327053305856,1.3373767885706116
7.700480583248062,0.0031766859135435865,0.005178327053305856,1.3374039205038049
7.701780127283501,0.0038636138853032076,0.005178327053305856,1.3374304101413577
7.703079657060865,-0.00378000360091324,0.005178327053305856,1.3374562581084162
7.704379172651273,0.0006437559163741113,0.005178327053305856,1.3374814646160635
7.70567867412585,0.013413495250224505,0.005178327053305856,1.3375060294613363
7.706978161555718,0.01771256988934633,0.005178327053305856,1.3375299520272157
7.708277635012002,0.020691066782561718,0.005178327053305856,1.3375532312826377
7.709577094565824,0.03710406901653007,0.005178327053305856,1.3375758657824888
7.710876540288307,0.03377009797859798,0.005178327053305856,1.3375978536676156
7.712175972250573,0.023501062726898336,0.005178327053305856,1.3376191926648213
7.7134753905237465,0.017405848720317252,0.005178327053305856,1.3376224412691866
7.71477479517895,0.012738404075032905,0.005178327053305856,1.337605374609286
7.716074186287307,0.009500452862275743,0.005178327053305856,1.3375753538640223
7.71737356391994,0.004119094706170889,0.005178327053305856,1.337586212536735
7.718672928147973,0.009409955681642712,0.005178327053305856,1.3375998942184246
7.719972279042527,0.0027740366701833885,0.005178327053305856,1.3376203805220603
7.721271616674727,0.007193207042703431,0.005178327053305856,1.3376476564465452
7.722570941115695,0.001071191407952643,0.005178327053305856,1.3376817084314923
7.723870252436556,-0.0008831393772348317,0.005178327053305856,1.3377225243572184
7.725169550708429,-0.0024452527594707174,0.005178327053305856,1.33777009354474
7.726468836002441,0.0025916311715410423,0.005178327053305856,1.3378181201255588
7.7277681083897125,-0.0023661955046772043,0.005178327053305856,1.3378668192458172
7.7290673679413695,-9.653660071373693e-05,0.005178327053305856,1.3379164059160362
7.73036661472853,0.0029151253338768335,0.005178327053305856,1.3379670950111244
7.731665848822323,0.003950752076474773,0.005178327053305856,1.3380409208767383
7.732965070293867,0.006300973584967284,0.005178327053305856,1.3381333029839764
7.734264279214287,0.010165898340000146,0.005178327053305856,1.3382203484971815
7.735563475654706,0.014384286683289504,0.005178327053305856,1.3382851096147212
7.736862659686247,0.013798258362679228,0.005178327053305856,1.3383467319157318
7.738161831380034,0.020951924572919944,0.005178327053305856,1.338405294764292
7.739460990807187,0.026406739642640842,0.005178327053305856,1.338455412883809
7.740760138038832,0.014507529116728035,0.005178327053305856,1.338505932519959
7.74205927314609,0.01832438331426056,0.005178327053305856,1.338556420927267
7.743358396200087,0.01280990023392814,0.005178327053305856,1.338638284130752
7.744657507271943,0.010488094609110599,0.005178327053305856,1.3387035589639535
7.745956606432782,0.02364401031520913,0.005178327053305856,1.3387645826069627
7.747255693753727,0.025705457835800916,0.005178327053305856,1.3388216612405919
7.748554769305902,0.02254306915968285,0.005178327053305856,1.3388750998801364
7.749853833160429,0.01983578405368691,0.005178327053305856,1.3389248676817291
7.7511528853884295,0.0110236778670183,0.005178327053305856,1.338980676102736
7.752451926061031,-0.00554471566349779,0.005178327053305856,1.3390425052129682
7.7537509552493535,-0.0034829383134988845,0.005178327053305856,1.3391103361887053
7.755049973024518,-0.004273484384483162,0.005178327053305856,1.3391663667362583
7.756348979457653,0.0017241616267678062,0.005178327053305856,1.3392065004993536
7.757647974619878,-0.0015608101124111595,0.005178327053305856,1.3392478765850202
7.758946958582316,0.013174551776101717,0.005178327053305856,1.3393044141326809
7.760245931416089,0.019027777811291724,0.005178327053305856,1.3393761719027544
7.761544893192324,0.020943589349363245,0.005178327053305856,1.3394560846718326
7.76284384398214,0.02232133269730663,0.005178327053305856,1.3395439707195678
7.764142783856664,0.02635970571052182,0.005178327053305856,1.3396387373784995
7.765441712887015,0.020988402980755216,0.005178327053305856,1.3397278916411484
7.766740631144319,0.016829658923689372,0.005178327053305856,1.3398059770932134
7.768039538699695,0.017396840043428563,0.005178327053305856,1.3398813188248888
7.769338435624273,0.014253755560652115,0.005178327053305856,1.3399540611585297
7.770637321989171,0.0032155805200688725,0.005178327053305856,1.3400243474546858
7.771936197865511,0.0028617093855474174,0.005178327053305856,1.3400923201121122
7.773235063324421,-0.00048125895803963203,0.005178327053305856,1.3401581205677675
7.774533918437018,-0.0005073784440672302,0.005178327053305856,1.3402218892968343
7.775832763274429,0.009487013603061145,0.005178327053305856,1.3402837658127205
7.777131597907776,0.010379382407160076,0.005178327053305856,1.3403488981014677
7.778430422408184,0.016651239840461907,0.005178327053305856,1.3404152546922004
7.779729236846774,0.013105754364607591,0.005178327053305856,1.340482726678153
7.781028041294666,0.008941998908778004,0.005178327053305856,1.3405512049644779
7.782326835822991,0.017291993729129818,0.005178327053305856,1.340620580268239
7.783625620502864,0.014194315011175407,0.005178327053305856,1.3406862453916428
7.7849243954054135,0.01889048172743779,0.005178327053305856,1.3407479344945517
7.78622316060176,0.0027578385184134913,0.005178327053305856,1.3408053804600673
7.787521916163027,-0.0004537451421462446,0.005178327053305856,1.3408583148945286
7.788820662160337,-0.006458290002123501,0.005178327053305856,1.3408999836237245
7.790119398664813,-0.00407098420107066,0.005178327053305856,1.3409352945560435
7.7914181257475805,0.0012095026315204205,0.005178327053305856,1.3409640282953563
7.79271684347976,-0.002602262046645043,0.005178327053305856,1.3409859637838575
7.794015551932475,-0.0036322411902771634,0.005178327053305856,1.340998156750888
7.7953142511768485,0.00375976269793199,0.005178327053305856,1.3410129628458987
7.796612941284005,0.00041206911783464584,0.005178327053305856,1.3410394453116603
7.797911622325065,-0.0009830858052408686,0.005178327053305856,1.3410837097931239
7.7992102943711545,-0.0008453279397653279,0.005178327053305856,1.3411069845850339
7.800508957493394,0.0040891884263138945,0.005178327053305856,1.341138857866896
7.801807611762908,0.014668661104711544,0.005178327053305856,1.3411793288258584
7.803106257250818,0.015471414544056206,0.005178327053305856,1.341234734320657
7.804404894028249,0.013773404741382445,0.005178327053305856,1.3412435737876782
7.805703522166323,0.025121180105223573,0.005178327053305856,1.3412808974537098
7.807002141736164,0.03184830479986411,0.005178327053305856,1.3413480626709984
7.808300752808893,0.0030115319997401357,0.005178327053305856,1.3414136618259693
7.809599355455635,0.009612563761636217,0.005178327053305856,1.3414332970295533
7.8108979497475115,0.012228093362768089,0.005178327053305856,1.3414241721302933
7.812196535755647,0.01326698028897133,0.005178327053305856,1.341403085512143
7.8134951135511646,0.006297063655158253,0.005178327053305856,1.3414593739283993
7.814793683205186,-2.2305131954114543e-05,0.005178327053305856,1.3415078966152778
7.816092244788835,-0.0027115251282561204,0.005178327053305856,1.341568773172071
7.817390798373233,-0.004041576361809351,0.005178327053305856,1.3416471268957968
7.818689344029506,-0.00219103642559193,0.005178327053305856,1.3417211334215173
7.819987881828777,-0.010890959760200047,0.005178327053305856,1.3417912032768617
7.821286411842166,-0.003913631057422151,0.005178327053305856,1.3418598984389856
7.822584934140798,0.0007710421529800726,0.005178327053305856,1.3419203058787672
7.823883448795796,-0.0047472705425972705,0.005178327053305856,1.3419606939596984
7.825181955878281,-0.0007763439855379417,0.005178327053305856,1.3419950452631721
7.8264804554593805,-0.005671561382738721,0.005178327053305856,1.3420260365958094
7.827778947610215,0.00024159804272172458,0.005178327053305856,1.34205355743248
7.829077432401906,0.003974126520800647,0.005178327053305856,1.3420774957812014
7.830375909905578,0.008389040909196233,0.005178327053305856,1.3421127782588052
7.8316743801923545,0.008871726198594887,0.005178327053305856,1.3421356299643055
7.832972843333358,0.006709340925205032,0.005178327053305856,1.3421461762386495
7.8342712993997115,0.00529239719656549,0.005178327053305856,1.3421179815174418
7.835569748462539,0.005756477731920784,0.005178327053305856,1.3421426962802947
7.836868190592961,0.005554543053948535,0.005178327053305856,1.3421735826191492
7.838166625862104,-0.002717918851761647,0.005178327053305856,1.3422109990952804
7.839465054341089,-0.0038020936140759076,0.005178327053305856,1.3422487087711423
7.840763476101038,-0.004936285841910859,0.005178327053305856,1.3422868427594414
7.842061891213077,-0.002802519527493663,0.005178327053305856,1.342325531330521
7.843360299748325,-0.0028625055118853826,0.005178327053305856,1.3424013499266145
7.84465870177791,-0.002962799620380041,0.005178327053305856,1.3424743615165347
7.84595709737295,-0.005815345628971569,0.005178327053305856,1.342523619850955
7.847255486604574,-0.009556037579137033,0.005178327053305856,1.3425736691559922
7.848553869543901,-0.0037416393792713,0.005178327053305856,1.3426244698824108
7.849852246262053,-0.0023947008812832404,0.005178327053305856,1.342675981757829
7.851150616830155,0.00039633049384524277,0.005178327053305856,1.3427112620066557
7.852448981319329,0.009337129945028666,0.005178327053305856,1.3427399067683434
7.853747339800699,0.006760288090886579,0.005178327053305856,1.3427642531007473
7.85504569234539,0.008846161554612486,0.005178327053305856,1.3428098112334075
7.8563440390245205,0.01161465664728012,0.005178327053305856,1.3428772353876415
7.857642379909217,0.017397023720852722,0.005178327053305856,1.3429464704532763
7.8589407150706005,0.015382302647863666,0.005178327053305856,1.3430174606952328
7.860239044579796,0.02214976179629269,0.005178327053305856,1.343090149884478
7.861537368507926,0.014930694330951955,0.005178327053305856,1.34316970660493
7.862835686926112,0.004760539358612537,0.005178327053305856,1.34325286190023
7.864133999905478,0.0076844337484318626,0.005178327053305856,1.3433396229175878
7.865432307517149,0.010165585306206815,0.005178327053305856,1.3434299967529204
7.866730609832244,0.009112748650218272,0.005178327053305856,1.3435222939258533
7.868028906921889,0.010467669687443948,0.005178327053305856,1.3436164625426945
7.869327198857207,0.009225817767620326,0.005178327053305856,1.3436993397299852
7.870625485709319,0.004921201803965047,0.005178327053305856,1.343770417599185
7.871923767549349,0.010068244161755224,0.005178327053305856,1.3438649224816581
7.873222044448423,0.008067537594832475,0.005178327053305856,1.3439619217740848
7.8745203164776605,0.010912942429215144,0.005178327053305856,1.3440713254705656
7.875818583708185,0.006189313776340022,0.005178327053305856,1.3441803489982205
7.87711684621112,0.0025318705993542245,0.005178327053305856,1.3442811995838415
7.878415104057589,-7.761944665807263e-05,0.005178327053305856,1.344424314528624
7.879713357318713,0.015574980771920766,0.005178327053305856,1.3445464768878457
7.881011606065619,0.0014287806716473117,0.005178327053305856,1.3446435963625907
7.8823098503694276,0.010404503340810889,0.005178327053305856,1.3447321584249536
7.883608090301262,0.009460836545272855,0.005178327053305856,1.3448353874905754
7.884906325932243,0.012111697526635323,0.005178327053305856,1.3449489598365933
7.886204557333499,0.013436251529264753,0.005178327053305856,1.3450584579555784
7.887502784576147,0.015873121129940992,0.005178327053305856,1.345163834987574
7.888801007731315,0.018398676301515815,0.005178327053305856,1.345258369247206
7.890099226870122,0.01672331817571404,0.005178327053305856,1.3453835218176722
7.891397442063695,0.017862382863129467,0.005178327053305856,1.3455170144373874
7.892695653383155,0.02187995018559885,0.005178327053305856,1.3456560588054254
7.893993860899623,0.02349713260607511,0.005178327053305856,1.3457957102759222
7.895292064684227,0.02572704153801464,0.005178327053305856,1.3459360219324847
7.896590264808086,0.02814009975423981,0.005178327053305856,1.3460846452496467
7.897888461342324,0.02170396062044455,0.005178327053305856,1.3462341768151367
7.899186654358064,0.01912274677257808,0.005178327053305856,1.3463846550326763
7.90048484392643,0.014240168873843606,0.005178327053305856,1.346536117766007
7.901783030118546,0.010434389593299898,0.005178327053305856,1.3466977032571492
7.903081213005531,0.0026575246906810346,0.005178327053305856,1.3468691256099228
7.904379392658511,0.00493848940353292,0.005178327053305856,1.3470261507649348
7.905677569148608,0.007272434026776464,0.005178327053305856,1.3471950950203042
7.906975742546948,0.005750430193764311,0.005178327053305856,1.3473525900261265
7.908273912924649,0.0028157200781231406,0.005178327053305856,1.3474987846088675
7.909572080352837,-0.0008256764434515507,0.005178327053305856,1.347636074355663
7.910870244902636,0.006041994197145684,0.005178327053305856,1.34776624738724
7.912168406645167,0.007886786128396661,0.005178327053305856,1.3479243738021651
7.913466565651554,0.003400876436067124,0.005178327053305856,1.348062461591816
7.91476472199292,0.003605386627471452,0.005178327053305856,1.3482181591156437
7.916062875740387,0.00178451657938683,0.005178327053305856,1.348387823952901
7.91736102696508,-0.0061500423517637515,0.005178327053305856,1.3485563135969654
7.91865917573812,-0.005389307649926511,0.005178327053305856,1.3487347774285259
7.919957322130632,-0.0013352426429917852,0.005178327053305856,1.3489229172931696
7.921255466213737,0.003675721535688403,0.005178327053305856,1.3491041086400928
7.92255360805856,0.002707881509782739,0.005178327053305856,1.3492786354827935
7.923851747736222,0.00017960515287551715,0.005178327053305856,1.3494562390842515
7.925149885317849,0.0013293735529551487,0.005178327053305856,1.349636863145688
7.926448020874561,-0.0022896175191797763,0.005178327053305856,1.3498261839258603
7.927746154477482,-0.008014007963802694,0.005178327053305856,1.3500236801718273
7.929044286197736,-0.004636917494689197,0.005178327053305856,1.3502100686351155
7.930342416106445,0.0031604653048060705,0.005178327053305856,1.350385496065784
7.9316405442747335,0.004483360900520816,0.005178327053305856,1.3505540401701
7.932938670773722,-0.0011953858165798525,0.005178327053305856,1.3507210030061463
7.934236795674535,0.003508184539245507,0.005178327053305856,1.3508861948971038
7.935534919048297,0.0012405997112332479,0.005178327053305856,1.351049425157504
7.936833040966128,0.00042659431527991565,0.005178327053305856,1.3512195137002172
7.938131161499153,0.0009129044341269488,0.005178327053305856,1.3513844481627462
7.939429280718495,-0.0023850717795823595,0.005178327053305856,1.3515534365030322
7.940727398695277,-0.0023087969419210985,0.005178327053305856,1.3517117775389869
7.942025515500621,0.0030567493753412833,0.005178327053305856,1.351897078202511
7.943323631205652,0.00022988356262665377,0.005178327053305856,1.3520609463584403
7.944621745881492,0.004463125614909025,0.005178327053305856,1.3522290022008794
7.945919859599263,0.0009275124508207888,0.005178327053305856,1.3524013450980021
7.947217972430087,0.0015806468724557377,0.005178327053305856,1.3525837473398166
7.948516084445091,-0.0076398972717752756,0.005178327053305856,1.352764407580217
7.949814195715397,-0.006598273087839557,0.005178327053305856,1.3529534862777952
7.951112306312125,-0.004465981144506914,0.005178327053305856,1.3531509483819097
7.952410416306401,0.004024963506521706,0.005178327053305856,1.3533677142472935
7.953708525769347,0.002400764873585981,0.005178327053305856,1.3535829554270484
7.955006634772087,0.024133506542894256,0.005178327053305856,1.3537815675100242
7.956304743385743,0.015624264259745502,0.005178327053305856,1.3539746496098917
7.957602851681438,0.02368825976513511,0.005178327053305856,1.35417037844866
7.958900959730296,0.01338891541829268,0.005178327053305856,1.3543559744287572
7.960199067603438,0.0058828058147590845,0.005178327053305856,1.3545416167435782
7.961497175371988,0.0119430441416295,0.005178327053305856,1.3547327716506437
7.962795283107071,0.012318566537629527,0.005178327053305856,1.3549294610302425
7.964093390879809,0.006472187759171355,0.005178327053305856,1.3551300816204603
7.965391498761323,0.003140509206851272,0.005178327053305856,1.3553347137957132
7.9666896068227375,0.0029775395531788096,0.005178327053305856,1.355541517061054
7.967987715135177,0.0012313772018037739,0.005178327053305856,1.3557519168446999
7.969285823769762,0.0049864629217029055,0.005178327053305856,1.3559639555187373
7.970583932797617,-0.00012376313538031702,0.005178327053305856,1.3561775295648095
7.971882042289865,-0.003584440151462198,0.005178327053305856,1.3563925349134456
7.97318015231763,-0.0027129689288158954,0.005178327053305856,1.3566088669440641
7.974478262952032,0.009256792206831843,0.005178327053305856,1.3567960337073315
7.975776374264197,0.003727721923987737,0.005178327053305856,1.3569977883013298
7.977074486325246,-0.002917200413936394,0.005178327053305856,1.357205614668711
7.9783725992063035,0.000822238406174014,0.005178327053305856,1.3574195972555736
7.979670712978493,0.0033159220700083036,0.005178327053305856,1.3576352419983553
7.9809688277129345,0.00043789630347745856,0.005178327053305856,1.3578685222272442
7.982266943480754,0.006406624673946926,0.005178327053305856,1.3581195871546368
7.983565060353073,0.004893731346016894,0.005178327053305856,1.358370412713888
7.9848631784010164,-0.00039758897085984124,0.005178327053305856,1.3586286225423585
7.986161297695706,-0.0026075311707387527,0.005178327053305856,1.358882065394092
7.987459418308265,-0.004731253511325084,0.005178327053305856,1.3591309503078803
7.988757540309815,-0.001628358876233138,0.005178327053305856,1.359377068647343
7.990055663771481,-0.006321030702554964,0.005178327053305856,1.3596205698509607
7.991353788764386,0.0027542264808324557,0.005178327053305856,1.359869924548937
7.992651915359653,-0.003676266622735014,0.005178327053305856,1.3601249844805805
7.993950043628404,0.0030412398732624357,0.005178327053305856,1.360354867319159
7.9952481736417615,-0.0018220085610023418,0.005178327053305856,1.3605820635528436
7.99654630547085,-5.8200903681360217e-05,0.005178327053305856,1.3608131595980526
7.997844439186792,-0.01037298420124766,0.005178327053305856,1.3610480985382527
7.999142574860713,-0.003510175785205627,0.005178327053305856,1.3612828159094073
8.000440712563732,-0.005186939732400919,0.005178327053305856,1.3615173970005519
8.001738852366973,-0.007867397986748514,0.005178327053305856,1.3617321389425074
8.00303699434156,-0.0009914827103738588,0.005178327053305856,1.3619409978590893
8.004335138558616,-0.004924370814202383,0.005178327053305856,1.3621607531918882
8.005633285089266,-0.0038293013799539644,0.005178327053305856,1.362335229473505
8.006931434004628,-0.0013704333519506395,0.005178327053305856,1.3625467834059772
8.008229585375828,0.00782437624228094,0.005178327053305856,1.3627570107610307
8.009527739273992,0.004243284900516731,0.005178327053305856,1.362965839403674
8.010825895770237,0.007545123662180631,0.005178327053305856,1.363198724590596
8.01212405493569,0.008469411782285441,0.005178327053305856,1.3634088236787494
8.013422216841475,0.009894039922626607,0.005178327053305856,1.3636530285879294
8.014720381558712,-0.0007797350149518767,0.005178327053305856,1.3639006190582195
8.016018549158524,0.009444276315383249,0.005178327053305856,1.3641478662438782
8.017316719712037,0.0023193892203263733,0.005178327053305856,1.36439468550562
8.018614893290373,0.01637918864911092,0.005178327053305856,1.364647172939042
8.019913069964652,0.008121891008308069,0.005178327053305856,1.3649173862907278
8.021211249806,0.013982880251875773,0.005178327053305856,1.3651784779946647
8.02250943288554,0.007188314154660702,0.005178327053305856,1.3654306336809903
8.023807619274395,0.021994460677950523,0.005178327053305856,1.3656891437071084
8.025105809043687,0.01613586825227631,0.005178327053305856,1.3659539411923434
8.02640400226454,0.006443043341371801,0.005178327053305856,1.3662073004593573
8.027702199008075,-7.165958287824736e-05,0.005178327053305856,1.3664666900149207
8.029000399345419,0.0004909632997076585,0.005178327053305856,1.366721125157814
8.030298603347692,0.0051092349937040815,0.005178327053305856,1.366982856517413
8.031596811086017,0.0069871947888613395,0.005178327053305856,1.3672367353713437
8.032895022631518,0.010827084975093326,0.005178327053305856,1.3674772138208389
8.03419323805532,0.009725173518885466,0.005178327053305856,1.3677510566415276
8.035491457428542,0.007812570070985014,0.005178327053305856,1.3680175163994373
8.036789680822308,0.007004050190842381,0.005178327053305856,1.368301332831901
8.038087908307741,0.0052392923089092935,0.005178327053305856,1.3685946956970167
8.039386139955969,0.008190334910885388,0.005178327053305856,1.368891802536143
8.04068437583811,0.012345353908125745,0.005178327053305856,1.3692001034176007
8.041982616025287,0.006018176562943456,0.005178327053305856,1.3695145605992336
8.043280860588624,0.01142217331842077,0.005178327053305856,1.3698335994134572
8.044579109599246,0.02282361694120283,0.005178327053305856,1.370157094826363
8.045877363128271,0.010518579568960407,0.005178327053305856,1.3704849221850481
8.047175621246828,0.007380656683510178,0.005178327053305856,1.3708292938553517
8.048473884026038,0.015215582887458279,0.005178327053305856,1.371167639247508
8.04977215153702,0.009727026327990052,0.005178327053305856,1.3714992523634493
8.051070423850904,0.00817593798047267,0.005178327053305856,1.3718316440811815
8.052368701038807,0.009320414042026215,0.005178327053305856,1.3721648081982807
8.053666983171855,0.005328155674030777,0.005178327053305856,1.3725004327214156
8.054965270321173,0.006952818399660554,0.005178327053305856,1.3728384504618243
8.056263562557879,0.010272789378633185,0.005178327053305856,1.3731862505585146
8.057561859953099,0.008274713442300907,0.005178327053305856,1.37353227582229
8.058860162577956,0.009323939590579089,0.005178327053305856,1.3738765944519231
8.060158470503573,-0.0014561796146312922,0.005178327053305856,1.374216999074162
8.061456783801074,-0.0022017157470448634,0.005178327053305856,1.3745566422828939
8.062755102541578,-0.005345961135319932,0.005178327053305856,1.3748953976239247
8.064053426796212,-0.0038396440066135185,0.005178327053305856,1.3752219399784247
8.0653517566361,-0.0003620417228415995,0.005178327053305856,1.3755551670655741
8.06665009213236,0.006351251074030673,0.005178327053305856,1.3758951217366258
8.067948433356118,0.013229941139218493,0.005178327053305856,1.3762383149876745
8.0692467803785,0.011058703345121268,0.005178327053305856,1.3765846695394401
8.070545133270622,0.01278030538041941,0.005178327053305856,1.3769637125902328
8.071843492103614,0.010113952693304507,0.005178327053305856,1.3773189600749824
8.073141856948597,0.006711034071091859,0.005178327053305856,1.3776760123467922
8.074440227876691,-0.001107834665707852,0.005178327053305856,1.3780340940275804
8.075738604959023,-0.0015064516232796699,0.005178327053305856,1.3783936486406527
8.077036988266713,0.002974292805974166,0.005178327053305856,1.378750864841917
8.078335377870888,0.003115699997542798,0.005178327053305856,1.3791058475633244
8.079633773842666,-0.0010008139916846126,0.005178327053305856,1.3794622780399601
8.080932176253171,-0.0023033239293857033,0.005178327053305856,1.3798201326938546
8.082230585173528,0.004411425288220583,0.005178327053305856,1.380182965190907
8.083529000674863,0.006034708392153254,0.005178327053305856,1.3805506252320756
8.084827422828294,-0.002075497810216431,0.005178327053305856,1.38092684879154
8.086125851704942,0.01116658964889683,0.005178327053305856,1.3813028494307122
8.087424287375937,-0.0054572633430411965,0.005178327053305856,1.3816786442245856
8.0887227299124,-0.0025304844216631484,0.005178327053305856,1.3820680336900582
8.09002117938545,-0.004590068588103513,0.005178327053305856,1.3824646434155294
8.091319635866213,0.00307413968890069,0.005178327053305856,1.3828426069499413
8.092618099425815,0.0007325484408191585,0.005178327053305856,1.3832060530917516
8.093916570135372,0.00388003744308274,0.005178327053305856,1.383579522635743
8.095215048066013,-0.000698534833217801,0.005178327053305856,1.383962371264647
8.096513533288858,0.0010638899525816647,0.005178327053305856,1.384313362560944
8.097812025875031,0.0007694509783622294,0.005178327053305856,1.3846659032799926
8.099110525895657,-0.003393125685785092,0.005178327053305856,1.3850201025327675
8.100409033421855,0.002486667944188392,0.005178327053305856,1.385376069742225
8.101707548524752,-0.002128475698433663,0.005178327053305856,1.38571687815092
8.103006071275466,0.002266569323546408,0.005178327053305856,1.3860416559987474
8.104304601745124,-0.005373213256471221,0.005178327053305856,1.3863791179994482
8.10560314000485,0.0060760146560796535,0.005178327053305856,1.3867491623487367
8.106901686125767,0.0012634577480747922,0.005178327053305856,1.3871330126666543
8.108200240178991,0.005274438821592842,0.005178327053305856,1.3875303040179774
8.109498802235656,0.006253950818449372,0.005178327053305856,1.3879144735287083
8.110797372366877,0.0058355839894574935,0.005178327053305856,1.388248180031521
8.112095950643779,-0.007351242335484676,0.005178327053305856,1.388578361969183
8.113394537137486,0.0068974295900312566,0.005178327053305856,1.3889024163048398
8.11469313191912,-0.004333544219466079,0.005178327053305856,1.3892324455911738
8.115991735059806,0.0025691092949242655,0.005178327053305856,1.3895557109462287
8.117290346630666,0.0034859528035351417,0.005178327053305856,1.389881862585355
8.11858896670282,0.005253907445078143,0.005178327053305856,1.3902111623694735
8.119887595347395,-0.004420127040440702,0.005178327053305856,1.3905442196951225
8.121186232635514,-0.0064400315875057235,0.005178327053305856,1.390871577755603
8.1224848786383,-0.006237951143344356,0.005178327053305856,1.3912007114773073
8.123783533426872,-0.0003596061816886209,0.005178327053305856,1.3915312910736444
8.125082197072356,-0.0035100510024417275,0.005178327053305856,1.3918557568401588
8.126380869645876,0.0012722636005229049,0.005178327053305856,1.3921776221172824
8.127679551218554,0.000945907614263497,0.005178327053305856,1.3925024065533487
8.128978241861512,0.003328172610151059,0.005178327053305856,1.3928165571864657
8.130276941645874,0.0024386147079387133,0.005178327053305856,1.3931199044346683
8.131575650642768,-0.0021934902867155603,0.005178327053305856,1.3934236026702012
8.132874368923307,0.0027758179509431713,0.005178327053305856,1.3937270758789986
8.13417309655862,0.00024415735006177997,0.005178327053305856,1.3940320155109807
8.13547183361983,-0.0023283153899018583,0.005178327053305856,1.394320009761112
8.136770580178059,-0.005125131043199893,0.005178327053305856,1.3946179006968624
8.138069336304431,-0.004582943638534509,0.005178327053305856,1.3949178645538618
8.139368102070067,-0.001105368753649083,0.005178327053305856,1.3952199761798614
8.140666877546092,-0.0002605419968679801,0.005178327053305856,1.39552431127052
8.141965662803631,-0.000992148058342135,0.005178327053305856,1.3958294795901625
8.143264457913803,0.0006956681030352296,0.005178327053305856,1.3961356105212361
8.144563262947733,0.0011266172637685035,0.005178327053305856,1.3964392718675909
8.145862077976542,0.007387443500910473,0.005178327053305856,1.3967472550401192
8.147160903071356,0.0007007179386770979,0.005178327053305856,1.3970543962739135
8.148459738303295,0.00730606076627538,0.005178327053305856,1.3973605412077719
8.149758583743484,0.004321781238970868,0.005178327053305856,1.3976758739690145
8.151057439463049,0.013394681124402785,0.005178327053305856,1.3979807098603547
8.152356305533107,0.01742800199741401,0.005178327053305856,1.3982839294190321
8.153655182024783,0.019613570641254796,0.005178327053305856,1.398585382284847
8.154954069009205,0.015506710256926404,0.005178327053305856,1.3988814778570031
8.156252966557487,0.0271604285353928,0.005178327053305856,1.3991721875979186
8.157551874740761,0.022277538494517524,0.005178327053305856,1.3994574820520884
8.158850793630144,0.012091084987170042,0.005178327053305856,1.3997440469218776
8.160149723296762,0.01214343567764753,0.005178327053305856,1.4000269584708995
8.161448663811736,0.015131597301346833,0.005178327053305856,1.400322026011106
8.162747615246191,0.012544387762658094,0.005178327053305856,1.400616572971954
8.164046577671249,0.01341704912779007,0.005178327053305856,1.4009133164739294
8.165345551158037,0.0022873473208648853,0.005178327053305856,1.4011933509970202
8.166644535777671,0.0038627983923020803,0.005178327053305856,1.4014750672772756
8.167943531601274,0.0023638786545912005,0.005178327053305856,1.4017585011335045
8.169242538699976,-0.005935215372125491,0.005178327053305856,1.4020436891501018
8.170541557144896,0.008568706499377798,0.005178327053305856,1.4023254121591124
8.171840587007159,-0.003646046954385751,0.005178327053305856,1.4026175911564174
8.173139628357886,-0.00010716063904658846,0.005178327053305856,1.402885256517953
8.1744386812682,-0.0019359167744861239,0.005178327053305856,1.403157969144295
8.175737745809222,0.011363427817921323,0.005178327053305856,1.403421366860722
8.177036822052083,-0.0034216190856917184,0.005178327053305856,1.403675575485298
8.178335910067897,0.0017837005187077981,0.005178327053305856,1.403929357345341
8.179635009927791,0.0028246786917025535,0.005178327053305856,1.4041808923060692
8.18093412170289,0.00596114612763099,0.005178327053305856,1.404416605561901
8.182233245464312,0.0024735758570813005,0.005178327053305856,1.4046363597696956
8.183532381283184,0.007985351333980928,0.005178327053305856,1.4048341449981525
8.18483152923063,0.003695488036235872,0.005178327053305856,1.405068715611207
8.18613068937777,0.005278214444351725,0.005178327053305856,1.4053115272805368
8.187429861795726,0.008886338015643869,0.005178327053305856,1.405525963676941
8.188729046555624,0.008052857156024773,0.005178327053305856,1.4057253253358069
8.190028243728586,0.01160056223021777,0.005178327053305856,1.4059272419596367
8.191327453385737,0.016234625807823644,0.005178327053305856,1.40613544498363
8.192626675598197,0.009875623647290777,0.005178327053305856,1.406357534933888
8.19392591043709,0.016735427754153376,0.005178327053305856,1.4065957244505982
8.195225157973539,0.00852154046844178,0.005178327053305856,1.4068362521981375
8.196524418278669,0.012910113148203894,0.005178327053305856,1.4070790572583474
8.197823691423599,0.006594200272635575,0.005178327053305856,1.4073240794009387
8.199122977479457,0.006077343096135834,0.005178327053305856,1.407560799916215
8.200422276517362,0.013670412792947229,0.005178327053305856,1.4077817382237148
8.201721588608436,0.008820067558100053,0.005178327053305856,1.4080096202042296
8.203020913823808,0.00991451429898893,0.005178327053305856,1.4082447419522133
8.204320252234597,0.0019743397768470228,0.005178327053305856,1.408484115226347
8.205619603911927,0.00651598577683643,0.005178327053305856,1.4087258322049352
8.206918968926919,0.0082585568289677,0.005178327053305856,1.4089700069945397
8.2082183473507,0.003906590751330263,0.005178327053305856,1.4092167542718808
8.20951773925439,0.0018209826774262527,0.005178327053305856,1.4094661892838467
8.210817144709111,0.0062338642265358235,0.005178327053305856,1.409718427847494
8.21211656378599,0.008706718118790091,0.005178327053305856,1.4099735863500593
8.213415996556147,0.012120827742984064,0.005178327053305856,1.410194034189203
8.214715443090707,0.007194311755689853,0.005178327053305856,1.4104198607515108
8.21601490346079,0.006150489937048587,0.005178327053305856,1.4106913272404684
8.217314377737521,0.0017025296804429324,0.005178327053305856,1.4109538154962684
8.218613865992026,0.0011543269816116641,0.005178327053305856,1.411207645299021
8.219913368295423,0.007871584259151021,0.005178327053305856,1.4114772149726775
8.22121288471884,0.006878367225999105,0.005178327053305856,1.4117619865487046
8.222512415333393,0.0034159650926184337,0.005178327053305856,1.4120398349171022
8.223811960210211,0.007707051662268816,0.005178327053305856,1.4123109951133916
8.225111519420416,0.011653694142506277,0.005178327053305856,1.4125750176517644
8.22641109303513,0.006003969605809623,0.005178327053305856,1.412832110823348
8.227710681125476,0.005519498194975991,0.005178327053305856,1.4130824812405542
8.229010283762578,0.004647632193952145,0.005178327053305856,1.4133389189294696
8.230309901017558,0.00932859674656128,0.005178327053305856,1.4135974906174678
8.231609532961539,-0.0011333109239977102,0.005178327053305856,1.4138580857839131
8.232909179665645,0.0002369027508331012,0.005178327053305856,1.414112864487336
8.234208841201001,0.0067381476902550475,0.005178327053305856,1.4143659255327112
8.235508517638722,0.003341591075412653,0.005178327053305856,1.414617292628128
8.236808209049943,0.0020897071184680094,0.005178327053305856,1.4148669890776238
8.238107915505777,0.005654677289800292,0.005178327053305856,1.4151163112964362
8.23940763707735,0.004622102333783573,0.005178327053305856,1.4153652366450078
8.24070737383579,0.000121635695757627,0.005178327053305856,1.4156137423980537
8.242007125852213,0.007195075198883627,0.005178327053305856,1.4158618057445675
8.243306893197744,0.010272277214780523,0.005178327053305856,1.416109403787813
8.24460667594351,0.0077405769958571735,0.005178327053305856,1.4163462274652177
8.245906474160629,0.012856595240263724,0.005178327053305856,1.416574523946105
8.247206287920227,0.002946136680752831,0.005178327053305856,1.4168010573717869
8.248506117293426,0.004522988852934118,0.005178327053305856,1.4170057352944583
8.249805962351349,0.006097742281643281,0.005178327053305856,1.417227117811866
8.251105823165117,0.004380450296546989,0.005178327053305856,1.417458737408512
8.252405699805859,0.003456157445417496,0.005178327053305856,1.4176932458315328
8.25370559234469,0.0003197156568455206,0.005178327053305856,1.41793067668866
8.255005500852741,-0.005760915920085097,0.005178327053305856,1.418171064490567
8.256305425401129,-0.0011400659146427738,0.005178327053305856,1.418414444650882
8.257605366060982,-0.0013092298220858112,0.005178327053305856,1.4186608534861982
8.258905322903418,-0.0013306152859025033,0.005178327053305856,1.4189018226257621
8.260205295999564,-0.001434583520392163,0.005178327053305856,1.4191370948192834
8.26150528542054,0.0015210565244974106,0.005178327053305856,1.4193709517310604
8.262805291237473,0.0012049191930059155,0.005178327053305856,1.419606311339353
8.264105313521481,0.005004866279465281,0.005178327053305856,1.4198431765573183
8.26540535234369,0.0061715947898886014,0.005178327053305856,1.4200815509720928
8.266705407775223,0.0057104487427439565,0.005178327053305856,1.4203107234337053
8.268005479887202,-0.0018204518562134897,0.005178327053305856,1.420548674944217
8.269305568750754,-0.003320569943493723,0.005178327053305856,1.4207767217091554
8.270605674436997,-0.0005136040095981009,0.005178327053305856,1.4210066529106755
8.271905797017057,0.00026156797142440347,0.005178327053305856,1.4212289995726293
8.273205936562054,-0.005561940272499566,0.005178327053305856,1.421467583869811
8.274506093143113,-0.00775344117089416,0.005178327053305856,1.4217335896132632
8.275806266831358,-0.0050029884316522555,0.005178327053305856,1.4219549549625103
8.277106457697911,0.006374396253825632,0.005178327053305856,1.4221935866146829
8.278406665813893,-0.0009997977709568229,0.005178327053305856,1.4224377862696937
8.279706891250433,-0.008423473216272459,0.005178327053305856,1.4226992138156578
8.281007134078648,-0.0020168749942179875,0.005178327053305856,1.4229417305018233
8.282307394369663,0.0023523036288466415,0.005178327053305856,1.423183159543413
8.283607672194602,0.0010112854033010876,0.005178327053305856,1.4234187604405528
8.284907967624587,-0.0006625010358587424,0.005178327053305856,1.4236483818289987
8.28620828073074,-0.0012184940081378937,0.005178327053305856,1.4238727686469863
8.287508611584187,0.0011613209097010024,0.005178327053305856,1.4240923094374207
8.28880896025605,-0.0050895784041959935,0.005178327053305856,1.4243062172008099
8.29010932681745,-0.0012090299251661385,0.005178327053305856,1.424514066631002
8.291409711339513,-0.0008978355555671058,0.005178327053305856,1.424744765306406
8.29271011389336,-0.012323338836344622,0.005178327053305856,1.4249626430311664
8.294010534550113,-0.009655582377327665,0.005178327053305856,1.4251689642353491
8.295310973380898,-0.0014462731736868406,0.005178327053305856,1.425370630666202
8.29661143045684,-0.002058289856164075,0.005178327053305856,1.4255611984242607
8.297911905849054,-0.006864165708928338,0.005178327053305856,1.4257402518089781
8.299212399628669,-0.004987974399366157,0.005178327053305856,1.4259301171926433
8.300512911866807,-0.002803475518682541,0.005178327053305856,1.4261309316430588
8.301813442634593,-0.000305369429365987,0.005178327053305856,1.4263348550167558
8.303113992003144,0.0009700717865652742,0.005178327053305856,1.426536536799068
8.304414560043591,0.0019655418091164556,0.005178327053305856,1.4267359854695076
8.305715146827051,0.008500234421455088,0.005178327053305856,1.4269316044783427
8.307015752424649,0.005732417916120225,0.005178327053305856,1.4271140635570148
8.30831637690751,-0.003086248141795034,0.005178327053305856,1.427293312519125
8.309617020346753,0.00011219538672757601,0.005178327053305856,1.4274785692679508
8.310917682813503,-0.0023165790832806454,0.005178327053305856,1.4276700955676989
8.312218364378884,-0.00015805056715412213,0.005178327053305856,1.427866885171876
8.313519065114017,-0.00019706666417484975,0.005178327053305856,1.428070587596962
8.314819785090027,-0.0006173105074012142,0.005178327053305856,1.428275500114389
8.31612052437804,0.00219902560676144,0.005178327053305856,1.4284815931173491
8.317421283049171,-0.003868656375148438,0.005178327053305856,1.428682962289011
8.318722061174547,-0.00593754873823249,0.005178327053305856,1.4288914929886207
8.320022858825293,-0.0021101359496802363,0.005178327053305856,1.4290971758041464
8.32132367607253,0.007443533353511,0.005178327053305856,1.4292998460370694
8.322624512987383,0.0057422576312571305,0.005178327053305856,1.4294878920689862
8.323925369640975,0.00484681036264667,0.005178327053305856,1.4296872742142102
8.325226246104426,-0.0023264139955723184,0.005178327053305856,1.4299084602205807
8.32652714244886,-0.00035747842029731913,0.005178327053305856,1.4301378450037738
8.327828058745402,-0.0019089529752642775,0.005178327053305856,1.430355779013823
8.329128995065172,-0.0010073168247024533,0.005178327053305856,1.4305753339226923
8.330429951479298,0.0007943113720825234,0.005178327053305856,1.430796603980542
8.331730928058896,0.003668761541397947,0.005178327053305856,1.431016260557544
8.333031924875096,-0.0020935323450332888,0.005178327053305856,1.431234284594045
8.334332941999016,-0.0044531907673937,0.005178327053305856,1.4314523698903598
8.33563397950178,-0.0031072969500729464,0.005178327053305856,1.4316705544920292
8.336935037454516,-0.0011252986239034257,0.005178327053305856,1.431898087458383
8.338236115928341,-0.003803644136986639,0.005178327053305856,1.432122912048385
8.33953721499438,-0.0017155486177866663,0.005178327053305856,1.4323492872215553
8.340838334723756,-0.0006802500230913555,0.005178327053305856,1.432583375504618
8.342139475187592,0.0014793678717208714,0.005178327053305856,1.43280937980646
8.343440636457013,0.004092321392158205,0.005178327053305856,1.4330329524845027
8.34474181860314,-0.0022196666282738864,0.005178327053305856,1.433255152827021
8.346043021697096,-0.004949462705475582,0.005178327053305856,1.4334759556954861
8.347344245810003,-0.0011859477059454893,0.005178327053305856,1.4336927137535085
8.348645491012986,-0.005701616447467028,0.005178327053305856,1.4339054948106256
8.349946757377168,-0.002411595112515208,0.005178327053305856,1.4341092484870046
8.351248044973673,0.0009323947095023488,0.005178327053305856,1.434303863570437
8.35254935387362,0.004028211467127951,0.005178327053305856,1.4344892269658436
8.353850684148135,-0.0027687280793833313,0.005178327053305856,1.4346666186076527
8.355152035868343,-0.0032082568606952577,0.005178327053305856,1.434835872203684
8.356453409105363,-0.00639499925858833,0.005178327053305856,1.4350088767480282
8.35775480393032,-0.004241556232322141,0.005178327053305856,1.4351858816250365
8.359056220414338,-0.0023993899392442675,0.005178327053305856,1.4353654969912606
8.360357658628537,-0.005697632931570329,0.005178327053305856,1.4355589975453003
8.361659118644042,0.0013564033120421204,0.005178327053305856,1.4357609991844398
8.362960600531975,0.004390474160814506,0.005178327053305856,1.4359356202310207
8.364262104363464,0.0021874707870774834,0.005178327053305856,1.436136601624637
8.365563630209627,0.009239787443302783,0.005178327053305856,1.4363426104189134
8.366865178141586,0.007720533171835298,0.005178327053305856,1.436547218971761
8.368166748230466,0.003144783977264698,0.005178327053305856,1.4367522827937218
8.36946834054739,0.00019044768206333273,0.005178327053305856,1.4369618725208726
8.370769955163484,-0.0034186623135472605,0.005178327053305856,1.4371760524122659
8.372071592149865,-0.0012150996878239617,0.005178327053305856,1.4374057839050072
8.37337325157766,0.0026976448250375373,0.005178327053305856,1.4376324283026358
8.374674933517992,0.009689297132825958,0.005178327053305856,1.4378632326550396
8.375976638041985,0.008969409853511578,0.005178327053305856,1.4380981736205678
8.377278365220759,0.004755048029723596,0.005178327053305856,1.438326486337178
8.378580115125438,0.008035169661431807,0.005178327053305856,1.4385610557526751
8.379881887827146,0.007168130019618468,0.005178327053305856,1.4388066794879064
8.381183683397007,0.0061347885195686125,0.005178327053305856,1.439056253189306
8.382485501906139,0.000949467594836495,0.005178327053305856,1.439315821749637
8.383787343425672,0.00865658404072045,0.005178327053305856,1.4395663916688466
8.385089208026724,0.0041712472428976355,0.005178327053305856,1.439811700847483
8.386391095780422,0.008333611738116753,0.005178327053305856,1.4400514787502912
8.387693006757882,0.004240621379788756,0.005178327053305856,1.440300086914425
8.388994941030235,0.011553313874433035,0.005178327053305856,1.4405579008208735
8.390296898668602,0.010129755333744717,0.005178327053305856,1.4407804274282738
8.391598879744103,0.012999770348805173,0.005178327053305856,1.441009937746115
8.392900884327863,0.005996367111979595,0.005178327053305856,1.441246782852567
8.394202912491007,0.007046425622245334,0.005178327053305856,1.4414756686307943
8.395504964304655,0.0049293552828884035,0.005178327053305856,1.4416922452212333
8.396807039839931,0.010003967565017646,0.005178327053305856,1.4419136121678329
8.398109139167955,0.005761591155448054,0.005178327053305856,1.442140037155476
8.399411262359857,0.003337134880925685,0.005178327053305856,1.442371789206181
8.400713409486755,-0.0007750725233559574,0.005178327053305856,1.4426011855624283
8.402015580619773,0.005597770851865302,0.005178327053305856,1.4428278847503992
8.403317775830036,0.008415795028061002,0.005178327053305856,1.4430461601009847
8.404619995188664,0.009526746608426784,0.005178327053305856,1.4432594384256077
8.405922238766783,-0.003203115876645457,0.005178327053305856,1.4434891619843555
8.407224506635515,0.006888810907043963,0.005178327053305856,1.4437188944490835
8.40852679886598,0.006997373458761835,0.005178327053305856,1.4439485509594758
8.4098291155293,0.008374427113649663,0.005178327053305856,1.4441842032123395
8.411131456696607,0.0067741139434955855,0.005178327053305856,1.4444166256467765
8.412433822439018,0.002949187776468909,0.005178327053305856,1.4446457647913284
8.413736212827656,0.0017516859151949227,0.005178327053305856,1.444871566474166
8.415038627933646,0.006514159693148613,0.005178327053305856,1.4450939758230708
8.416341067828107,0.0007878275483903519,0.005178327053305856,1.445319232552213
8.417643532582167,0.004906197352974262,0.005178327053305856,1.4455342801210527
8.418946022266944,0.0051014494017187495,0.005178327053305856,1.445761191620993
8.420248536953567,0.011364010760904542,0.005178327053305856,1.445997901337417
8.421551076713154,0.0025342786799653627,0.005178327053305856,1.4462371061871298
8.42285364161683,0.009556194488691272,0.005178327053305856,1.4464787614748753
8.42415623173572,0.012963115014970494,0.005178327053305856,1.446708807503819
8.425458847140945,0.010158456271307958,0.005178327053305856,1.446927574937905
8.426761487903626,0.0054993699902834425,0.005178327053305856,1.4471488242935417
8.428064154094889,0.00835899960916886,0.005178327053305856,1.4473700396992866
8.429366845785857,0.002560933435215018,0.005178327053305856,1.447588468046305
8.43066956304765,0.008592021864757049,0.005178327053305856,1.4478166865733528
8.431972305951394,0.0015512865726889924,0.005178327053305856,1.4480413518096515
8.433275074568215,0.0024078599875796414,0.005178327053305856,1.4482625620605956
8.434577868969228,0.0005334339287614842,0.005178327053305856,1.4484804150133819
8.435880689225563,0.0044967402367182,0.005178327053305856,1.4486962024969094
8.437183535408337,0.003362994676296749,0.005178327053305856,1.4489098636080153
8.43848640758868,0.008377096899820247,0.005178327053305856,1.4491290024640202
8.439789305837712,0.0026368553309197296,0.005178327053305856,1.4493513783242262
8.441092230226552,0.0021843250236084355,0.005178327053305856,1.4495256983943792
8.44239518082633,0.008448250955345626,0.005178327053305856,1.4497215407306916
8.443698157708162,0.0038865836268100473,0.005178327053305856,1.4499157577949011
8.445001160943178,0.0032167130068927463,0.005178327053305856,1.4501090900463685
8.446304190602497,0.009006790664657371,0.005178327053305856,1.450301069085572
8.447607246757242,0.0034665486870764095,0.005178327053305856,1.4504987480402303
8.448910329478538,0.003938116981566431,0.005178327053305856,1.4506999977468336
8.450213438837507,-0.00020058607866157985,0.005178327053305856,1.4509012034957944
8.45151657490527,0.00015363216572072957,0.005178327053305856,1.4511023279570294
8.452819737752952,-0.0015540101440552068,0.005178327053305856,1.4512950865537482
8.454122927451678,0.0002982068127688198,0.005178327053305856,1.4514846488982516
8.455426144072568,0.0028652766259231743,0.005178327053305856,1.451666801276797
8.456729387686746,-0.0004062323031526205,0.005178327053305856,1.451854151741526
8.458032658365335,-0.005432735644696374,0.005178327053305856,1.452035248484848
8.45933595617946,-0.008045820997760522,0.005178327053305856,1.452199233598778
8.46063928120024,-0.0018548994640912309,0.005178327053305856,1.4523515373439262
8.4619426334988,-0.003800558228324258,0.005178327053305856,1.4525179387649265
8.463246013146266,-0.0035112568514787945,0.005178327053305856,1.4526988294904908
8.464549420213757,-0.0070211576924332775,0.005178327053305856,1.4528694319691642
8.465852854772397,-0.003655005188733851,0.005178327053305856,1.4530290569210733
8.467156316893309,0.0018655356124113176,0.005178327053305856,1.453225800994935
8.468459806647617,0.001890236883430818,0.005178327053305856,1.4534273671753801
8.469763324106447,-0.0036249507927590408,0.005178327053305856,1.4536009893563107
8.471066869340914,0.0014360656032343933,0.005178327053305856,1.4537780306868817
8.472370442422147,-0.000755075407579131,0.005178327053305856,1.4539471699870492
8.473674043421266,0.0009680197324470896,0.005178327053305856,1.4541083332140559
8.474977672409398,0.004532158646255002,0.005178327053305856,1.45425674690282
8.476281329457665,-0.005153268435356351,0.005178327053305856,1.4543895595912297
8.477585014637185,-0.0013493937238278075,0.005178327053305856,1.4545088650155114
8.478888728019088,0.00562989717471285,0.005178327053305856,1.4546141654587001
8.480192469674492,0.002374916074888489,0.005178327053305856,1.4547320978595324
8.481496239674522,0.0077939949045637835,0.005178327053305856,1.4548927579564934
8.482800038090302,0.0032132237641151473,0.005178327053305856,1.4550503108931565
8.484103864992953,0.007248029032373315,0.005178327053305856,1.4551820733867278
8.485407720453601,-0.0005644278352461285,0.005178327053305856,1.4553229522829467
8.486711604543366,0.008432711022429151,0.005178327053305856,1.4554749552386952
8.488015517333372,-0.0005344011961097017,0.005178327053305856,1.455629052922119
8.489319458894741,-0.0005337270132144134,0.005178327053305856,1.4557852824633217
8.490623429298601,0.0015488375727448211,0.005178327053305856,1.4559436819539713
8.491927428616066,4.690910837457096e-05,0.005178327053305856,1.4561160147528152
8.493231456918268,0.0014975445965224043,0.005178327053305856,1.4562664878606657
8.494535514276325,0.008360434368215541,0.005178327053305856,1.456446332656793
8.49583960076136,0.002946083867285676,0.005178327053305856,1.4566070010778818
8.497143716444501,0.00823831919394169,0.005178327053305856,1.4567492218404299
8.498447861396867,0.010862409405051121,0.005178327053305856,1.4569138385139229
8.49975203568958,0.008808308014747412,0.005178327053305856,1.4570632945321567
8.501056239393765,0.0080181953775178,0.005178327053305856,1.4571982768890948
8.502360472580543,0.006210979227111224,0.005178327053305856,1.4573429591444087
8.503664735321042,0.005697397832619799,0.005178327053305856,1.4574850670562598
8.50496902768638,0.004144174996091099,0.005178327053305856,1.457599036167955
8.506273349747682,-0.0005088580601839698,0.005178327053305856,1.457716581786924
8.507577701576071,-0.0006660505552524842,0.005178327053305856,1.457837688489898
8.508882083242668,-0.0024885650113983804,0.005178327053305856,1.4579571026536193
8.5101864948186,0.0020458233144302618,0.005178327053305856,1.458098251988103
8.511490936374988,-0.004226303322757197,0.005178327053305856,1.4582310912800471
8.512795407982953,0.0004337247413610523,0.005178327053305856,1.4583532876815657
8.514099909713622,-0.0015883535870293564,0.005178327053305856,1.4584652540136682
8.515404441638115,0.0027233435403208883,0.005178327053305856,1.4585847722674967
8.516709003827557,0.008602313600541756,0.005178327053305856,1.4587009641495736
8.51801359635307,-0.0012914496668205988,0.005178327053305856,1.4588313085788625
8.519318219285775,0.0001451833989094542,0.005178327053305856,1.45894414783994
8.520622872696801,-0.0010699092003743083,0.005178327053305856,1.4590403969383088
8.521927556657266,-0.002734843936585296,0.005178327053305856,1.4591395798458873
8.523232271238294,-0.002407445112194262,0.005178327053305856,1.4592394026534146
8.524537016511006,-0.0028984094630875035,0.005178327053305856,1.4593396883933862
8.525841792546531,-0.004608290541011861,0.005178327053305856,1.4594438236284408
8.527146599415987,-0.0033336867693911643,0.005178327053305856,1.4595517561495126
8.528451437190498,-0.003105214735501294,0.005178327053305856,1.4596528525325667
8.529756305941188,0.003091966088672571,0.005178327053305856,1.4597526655128958
8.531061205739181,-0.0030494829241012322,0.005178327053305856,1.4598513340473482
8.532366136655597,0.0032311836519232084,0.005178327053305856,1.459932648745475
8.53367109876156,0.0018370516735366493,0.005178327053305856,1.4600120319719014
8.534976092128195,0.006102883114627478,0.005178327053305856,1.4600893716066952
8.536281116826624,0.005444378311626474,0.005178327053305856,1.4601832280713607
8.53758617292797,0.0053329747300436825,0.005178327053305856,1.4602758452395235
8.538891260503355,0.007320792829382583,0.005178327053305856,1.4603671897523116
8.540196379623904,0.0034814537719902727,0.005178327053305856,1.4604572282441621
8.541501530360739,0.004702056087844797,0.005178327053305856,1.4605559820108565
8.54280671278498,0.007020568414318307,0.005178327053305856,1.460632129089107
8.544111926967757,0.0010816169793865793,0.005178327053305856,1.4607138405779407
8.545417172980187,-0.0007824221748344851,0.005178327053305856,1.4607999989099025
8.546722450893396,-0.0032957720708406413,0.005178327053305856,1.4608717680801215
8.548027760778504,0.0009939576535302752,0.005178327053305856,1.4609601261907268
8.549333102706639,0.004224655376267927,0.005178327053305856,1.4610570729212244
8.550638476748919,0.004090170857418807,0.005178327053305856,1.461157470023862
8.55194388297647,0.0014883173328075205,0.005178327053305856,1.4612615576776717
8.553249321460415,0.004135165176585298,0.005178327053305856,1.4613695772861428
8.554554792271878,0.0021570137657289656,0.005178327053305856,1.4614734320063905
8.555860295481978,0.0030590603897751034,0.005178327053305856,1.4615730759835235
8.55716583116184,-0.00036073483817467,0.005178327053305856,1.4616531074238244
8.55847139938259,0.0032052203288330805,0.005178327053305856,1.4617435733404003
8.559777000215346,0.0015967357004054161,0.005178327053305856,1.46185404003962
8.561082633731235,-0.00015324504326841293,0.005178327053305856,1.4619679971047432
8.562388300001377,0.0015337986837435924,0.005178327053305856,1.462079809999473
8.5636939990969,0.0007894080103154621,0.005178327053305856,1.4622010451449694
8.564999731088921,-0.0009083335482469312,0.005178327053305856,1.4623312449471446
8.56630549604857,-0.0016843897868439317,0.005178327053305856,1.4624404436299787
8.567611294046959,-0.003641052493228658,0.005178327053305856,1.4625292340165212
8.568917125155222,-0.0019979133983334396,0.005178327053305856,1.462616454073666
8.570222989444476,-0.0014242665091328544,0.005178327053305856,1.46271287292889
8.571528886985849,-9.290449749954632e-05,0.005178327053305856,1.462810740247984
8.572834817850458,-0.0014869547522617932,0.005178327053305856,1.4629100906248027
8.574140782109431,-0.004236873305261124,0.005178327053305856,1.463010958971412
8.575446779833888,-0.0009951745291130187,0.005178327053305856,1.463113380518084
8.576752811094954,0.005177615287169646,0.005178327053305856,1.4632173908133173
8.57805887596375,0.005132205640136611,0.005178327053305856,1.4633230257238368
8.579364974511401,0.009643998813545052,0.005178327053305856,1.463430321434608
8.58067110680903,0.007655663342027719,0.005178327053305856,1.4635393144488396
8.581977272927759,0.009072961772000454,0.005178327053305856,1.4636500415879972
8.583283472938708,0.010714478821679974,0.005178327053305856,1.4637625399918057
8.584589706913007,0.004494370830667949,0.005178327053305856,1.463876847118264
8.585895974921774,0.001256122828621864,0.005178327053305856,1.4639894773643953
8.587202277036138,-0.00030430799172687095,0.005178327053305856,1.4640837947427003
8.588508613327212,0.002386924823773562,0.005178327053305856,1.4641958467988965
8.589814983866125,0.00047944774923336375,0.005178327053305856,1.464307299069309
8.591121388724002,0.0020293381409985933,0.005178327053305856,1.4644076839577511
8.592427827971962,0.0050174426012135065,0.005178327053305856,1.4644963364890393
8.593734301681131,0.002142916953292273,0.005178327053305856,1.4645949510242464
8.59504080992263,-0.00028541786536817604,0.005178327053305856,1.4647036339881128
8.596347352767584,0.00541329476496899,0.005178327053305856,1.4648078272203453
8.59765393028711,0.007711888926556387,0.005178327053305856,1.4649322154493218
8.59896054255234,0.003546926014325047,0.005178327053305856,1.4650765768446992
8.600267189634392,0.00040162718924396934,0.005178327053305856,1.4651992018335203
8.601573871604394,0.0038557236623497637,0.005178327053305856,1.4653407970917938
8.60288058853346,0.00274740890598113,0.005178327053305856,1.4654511627873728
8.60418734049272,-0.0027313657559215887,0.005178327053305856,1.4655672034700618
8.605494127553293,0.004960358795744968,0.005178327053305856,1.4656850550829632
8.606800949786306,0.00804756174788035,0.005178327053305856,1.465804788186186
8.608107807262881,-0.0040605971841767285,0.005178327053305856,1.4659264737604785
8.60941470005414,0.001426927581527515,0.005178327053305856,1.466048864212706
8.610721628231204,-0.0002110339922425375,0.005178327053305856,1.466171985540984
8.612028591865199,-0.0023780159264572553,0.005178327053305856,1.4662958638439871
8.61333559102725,-0.0019450076985567666,0.005178327053305856,1.4664205253209623
8.614642625788475,-0.0009446519318947466,0.005178327053305856,1.4665467682868085
8.61594969622,-0.0023211220033441116,0.005178327053305856,1.4666745917799529
8.617256802392948,0.007251784384084248,0.005178327053305856,1.4668012738673508
8.61856394437844,0.0063117848424143475,0.005178327053305856,1.4669267196325215
8.6198711222476,-0.0006965179055289372,0.005178327053305856,1.467060413787467
8.621178336071555,-4.172048824657715e-05,0.005178327053305856,1.4671877852239068
8.622485585921424,-0.0007177469592138941,0.005178327053305856,1.46732600251872
8.623792871868329,-0.0022129630272895717,0.005178327053305856,1.4674611681455056
8.625100193983393,-0.0033363607871672585,0.005178327053305856,1.4675933507290289
8.626407552337744,-0.0005288759799397802,0.005178327053305856,1.4677330801018047
8.627714947002502,0.005316312216384622,0.005178327053305856,1.4678676714415189
8.629022378048788,0.00298982045524121,0.005178327053305856,1.4679972617195145
8.63032984554773,0.0037542346708288044,0.005178327053305856,1.468128814102595
8.631637349570443,0.0007928197862898667,0.005178327053305856,1.4682622210941743
8.63294489018806,-0.0007056747343237024,0.005178327053305856,1.4683973756615403
8.634252467471695,0.0027061415564664237,0.005178327053305856,1.4685337356498784
8.635560081492478,0.0017647655705976817,0.005178327053305856,1.4686626807153955
8.63686773232153,-0.0012073536483623304,0.005178327053305856,1.4687905293792083
8.63817542002997,0.00400142883311716,0.005178327053305856,1.4689202220393263
8.639483144688924,0.0002132610050580297,0.005178327053305856,1.469054365355602
8.640790906369517,-0.0011024143586546575,0.005178327053305856,1.469211238642301
8.642098705142871,-0.0022277682218785344,0.005178327053305856,1.469378900798417
8.64340654108011,-0.0011822623684878408,0.005178327053305856,1.4695568386662787
8.64471441425235,0.0023822903376824467,0.005178327053305856,1.4697194863160903
8.646022324730724,0.002559080775765832,0.005178327053305856,1.469830168872758
8.647330272586348,0.00022828761130688768,0.005178327053305856,1.4699670504427527
8.64863825789035,-0.002276094460035738,0.005178327053305856,1.4701093875801743
8.649946280713849,0.0060766830926255455,0.005178327053305856,1.470239484985165
8.651254341127968,0.0052718546531960175,0.005178327053305856,1.4703374360879722
8.652562439203834,0.007219911805107504,0.005178327053305856,1.4704379724093886
8.653870575012567,-0.006399346156799046,0.005178327053305856,1.4705512130326166
8.655178748625291,-0.0011374464270605955,0.005178327053305856,1.4706767109219805
8.65648696011313,-0.0017279550578821468,0.005178327053305856,1.4707858342337912
8.657795209547205,0.008688080699290612,0.005178327053305856,1.4709068562012553
8.659103496998638,0.004823638415525133,0.005178327053305856,1.4710398786474448
8.660411822538554,0.010049248312764991,0.005178327053305856,1.4711657225783832
8.661720186238078,0.012113420222081617,0.005178327053305856,1.4712843804541225
8.66302858816833,0.011918260535391356,0.005178327053305856,1.471373399356161
8.664337028400436,0.009593552675538852,0.005178327053305856,1.4715040511464894
8.665645507005515,0.013884002916345395,0.005178327053305856,1.4716658109355745
8.666954024054693,0.013165529542240373,0.005178327053305856,1.4717868050962388
8.66826257961909,0.01194111412010268,0.005178327053305856,1.4719402450316525
8.669571173769834,0.009158945859482959,0.005178327053305856,1.4720590324423852
8.670879806578046,0.0032305932735137155,0.005178327053305856,1.4722115564299205
8.672188478114847,0.005343967475191613,0.005178327053305856,1.4723820101325813
8.67349718845136,0.0010894344252312393,0.005178327053305856,1.4725237811565548
8.67480593765871,2.2092346943392016e-05,0.005178327053305856,1.4726378438314884
8.67611472580802,-0.0029683920676917275,0.005178327053305856,1.4727419667020532
8.677423552970414,-0.005452307050040295,0.005178327053305856,1.472850162908193
8.678732419217013,-0.0026010006112715534,0.005178327053305856,1.472962419900337
8.680041324618939,-0.009602753549026177,0.005178327053305856,1.4730861885165516
8.681350269247318,0.0015066666859651079,0.005178327053305856,1.4732051624036506
8.68265925317327,0.006413622135398311,0.005178327053305856,1.4733195533434025
8.68396827646792,-0.0064901540196349305,0.005178327053305856,1.4734365989700426
8.685277339202393,0.0005339560348436301,0.005178327053305856,1.4735547806153306
8.686586441447808,-0.00021131991701350827,0.005178327053305856,1.4736740078380524
8.68789558327529,-0.0038838155966511856,0.005178327053305856,1.4737941904203309
8.68920476475596,-0.005372327311818248,0.005178327053305856,1.473915238367627
8.690513985960948,0.001297527525949027,0.005178327053305856,1.4740370619087406
8.691823246961368,0.0037082136913273445,0.005178327053305856,1.4741595714958189
8.693132547828348,-0.00048074110367846146,0.005178327053305856,1.4742771928924965
8.69444188863301,-0.0003807231035553027,0.005178327053305856,1.4743901361318512
8.695751269446477,-0.0047956624607548015,0.005178327053305856,1.4744890579458811
8.697060690339873,-0.003563606155670085,0.005178327053305856,1.4745913819398493
8.698370151384323,0.0015028227081845813,0.005178327053305856,1.4746966606655671
8.699679652650941,0.00046938985695921254,0.005178327053305856,1.4748010858056828
8.70098919421086,-0.00015890980521082732,0.005178327053305856,1.474905145992404
8.702298776135198,1.7879729486969254e-05,0.005178327053305856,1.4750088987760785
8.70360839849508,-0.0031914464167452916,0.005178327053305856,1.4751123912830273
8.70491806136163,-0.0004056339191411684,0.005178327053305856,1.4752156705983666
8.706227764805968,0.0014523318381913786,0.005178327053305856,1.4753187533187335
8.707537508899218,0.004393089652461102,0.005178327053305856,1.4754231934317017
8.708847293712502,0.005017214940684189,0.005178327053305856,1.4755194436885049
8.710157119316946,0.004823162598529551,0.005178327053305856,1.475617840252629
8.711466985783673,0.0038299795296510286,0.005178327053305856,1.4757140325030633
8.712776893183806,-0.0015692853883886304,0.005178327053305856,1.4758176665679905
8.714086841588463,-0.000144196947513775,0.005178327053305856,1.475934329231557
8.715396831068773,0.003606977040411019,0.005178327053305856,1.4760583502986107
8.716706861695856,0.005822737531128164,0.005178327053305856,1.476165591683354
8.718016933540836,0.002393718725984373,0.005178327053305856,1.4762566045359544
8.719327046674836,0.0067028237713708805,0.005178327053305856,1.4763630189147956
8.720637201168978,0.0006792616814292884,0.005178327053305856,1.4764988884378338
8.721947397094388,0.0028708810647131155,0.005178327053305856,1.4766106971160333
8.723257634522186,0.002383773116329424,0.005178327053305856,1.4767195672085371
8.724567913523497,0.002334993822067588,0.005178327053305856,1.4768257785043792
8.725878234169443,0.0005395446118094949,0.005178327053305856,1.476928165494066
8.727188596531146,-0.0017917466635635204,0.005178327053305856,1.4770385347499588
8.72849900067973,0.016445615655235724,0.005178327053305856,1.4771567034019883
8.72980944668632,0.006541468982078191,0.005178327053305856,1.4772622246109053
8.731119934622035,0.000561203740140126,0.005178327053305856,1.4773689764462916
8.732430464558002,0.005261793771604184,0.005178327053305856,1.477465547242977
8.733741036565341,0.008380802213596938,0.005178327053305856,1.477552388064526
8.735051650715178,-0.0017751065379141284,0.005178327053305856,1.4776654114966523
8.736362307078634,0.002563952340397746,0.005178327053305856,1.4777832400479836
8.737673005726833,0.0032823656783522726,0.005178327053305856,1.4779057668181386
8.738983746730899,0.0038554822194369898,0.005178327053305856,1.478031573790373
8.74029453016195,0.006782575121079715,0.005178327053305856,1.4781586671293039
8.741605356091114,-0.0007683040719954626,0.005178327053305856,1.478278520335079
8.742916224589514,-0.0008158856081961208,0.005178327053305856,1.4784065643553315
8.744227135728268,0.001625314184472204,0.005178327053305856,1.4785366839272973
8.745538089578508,0.0033555776224865053,0.005178327053305856,1.478682865680778
8.746849086211347,0.002725991682011042,0.005178327053305856,1.4787804165277523
8.748160125697915,-0.0005959331007292512,0.005178327053305856,1.4788959128169723
8.749471208109334,0.007362738668019064,0.005178327053305856,1.4790397062295586
8.750782333516726,-0.004988859384555067,0.005178327053305856,1.4791525860632453
8.752093501991213,0.003391254162231183,0.005178327053305856,1.4792550651091096
8.753404713603917,0.0020885576900726566,0.005178327053305856,1.4793517048144327
8.754715968425968,0.005981063339077108,0.005178327053305856,1.4794359746504817
8.75602726652848,0.01648456273501875,0.005178327053305856,1.479526824885307
8.75733860798258,0.019803469241492122,0.005178327053305856,1.479618920369974
8.758649992859395,0.02407809877066347,0.005178327053305856,1.4797164758422432
8.759961421230042,0.027062815465333623,0.005178327053305856,1.4798051916963595
8.761272893165648,0.04075422284911867,0.005178327053305856,1.479877598811356
8.76258440873733,0.024637663003646226,0.005178327053305856,1.4799653284646952
8.76389596801622,0.031889911282038774,0.005178327053305856,1.4800532044108567
8.765207571073434,0.020515027327718816,0.005178327053305856,1.4801474138360287
8.766519217980097,0.015063864154648776,0.005178327053305856,1.4802478373110335
8.767830908807335,0.008460401508971094,0.005178327053305856,1.4803543569946676
8.769142643626266,0.007204822050331128,0.005178327053305856,1.4804530757900296
8.770454422508017,0.006720243950751215,0.005178327053305856,1.4805585405536204
8.77176624552371,0.0023026600307072265,0.005178327053305856,1.4806703363245692
8.772109328109423,0.014563949606664517,0.005178327053305856,1.4807802061497406
8.773404260468235,0.0001907606679178997,0.005178327053305856,1.48089021285382
8.774699218105534,0.011535734251905128,0.005178327053305856,1.4810045844058628
8.775994200970292,0.004070196679385019,0.005178327053305856,1.4811232959402605
8.77728920901147,0.0074079293140876246,0.005178327053305856,1.4812167712302076
8.778584242178038,0.004301059385423356,0.005178327053305856,1.4813151622398206
8.779879300418967,-0.0007089004189602122,0.005178327053305856,1.4814103990406453
8.781174383683224,0.00580155858381981,0.005178327053305856,1.481502514919808
8.78246949191977,0.0035623913116800132,0.005178327053305856,1.4815936194455952
8.783764625077582,-0.003602811592669841,0.005178327053305856,1.4816838166256965
8.78505978310562,-0.0006132019174458492,0.005178327053305856,1.4817732102459371
8.786354965952858,-0.004691218796940788,0.005178327053305856,1.4818645193308682
8.787650173568258,0.0007831241076359241,0.005178327053305856,1.4819512344094967
8.78894540590079,0.004482830307939167,0.005178327053305856,1.4820331399777666
8.790240662899423,0.010321684033211653,0.005178327053305856,1.4821100193798127
8.791535944513125,0.008300311073835331,0.005178327053305856,1.482187475465087
8.792831250690856,0.003665797327225828,0.005178327053305856,1.4822654474681956
8.794126581381594,0.004068615991870805,0.005178327053305856,1.4823437304252531
8.795421936534302,0.013787198024434622,0.005178327053305856,1.4824348182953568
8.796717316097949,0.011894393980940832,0.005178327053305856,1.4825389480139126
8.798012720021498,0.004132187950649513,0.005178327053305856,1.482626211633883
8.799308148253925,0.0021308419568057957,0.005178327053305856,1.4827103139470421
8.800603600744187,0.0051788896092686,0.005178327053305856,1.482814422816207
8.801899077441261,0.0015230546219946461,0.005178327053305856,1.48289639285702
8.80319457829411,0.002264307985978098,0.005178327053305856,1.4829770483863525
8.804490103251704,0.006383738005804718,0.005178327053305856,1.4830566255882982
8.80578565226301,0.0018239251894540676,0.005178327053305856,1.4831432363346722
8.807081225276992,-0.0005902804396207273,0.005178327053305856,1.4832339020925978
8.808376822242622,0.003354600311596956,0.005178327053305856,1.4833216412818457
8.809672443108868,0.0004358344216788268,0.005178327053305856,1.4833986147364409
8.810968087824694,-0.0010597608397935332,0.005178327053305856,1.4834666215818137
8.81226375633907,0.0011219372067243771,0.005178327053305856,1.4835716207855338
8.813559448600964,0.010642367223918425,0.005178327053305856,1.483667756003877
8.814855164559342,0.006396397254061714,0.005178327053305856,1.4837538235602024
8.816150904163171,0.008652917593562348,0.005178327053305856,1.4838477464419153
8.817446667361422,-0.0006704027787725053,0.005178327053305856,1.4839492676462405
8.81874245410306,-0.0010235465978911673,0.005178327053305856,1.4840329508224124
8.820038264337054,0.002636189217984697,0.005178327053305856,1.4841147208704388
8.821334098012372,0.008630632615141964,0.005178327053305856,1.484194589978792
8.822629955077979,0.0005149921978613303,0.005178327053305856,1.484272569901493
8.823925835482845,0.006785571728307405,0.005178327053305856,1.48435337674645
8.825221739175937,0.005808584978173936,0.005178327053305856,1.4844351326325984
8.826517666106222,0.0014066883196599544,0.005178327053305856,1.4845177092055635
8.827813616222668,0.0016711017485819823,0.005178327053305856,1.4845966966274728
8.829109589474243,-0.01205057414018218,0.005178327053305856,1.4846850099600004
8.830405585809915,-0.005268405845346269,0.005178327053305856,1.4847794217324173
8.83170160517865,-0.004361339891264304,0.005178327053305856,1.484890001132494
8.832997647529417,-0.007586818849104615,0.005178327053305856,1.4849870525823947
8.834293712811185,0.00645624449326565,0.005178327053305856,1.4850793934088413
8.835589800972919,-0.002863419645953824,0.005178327053305856,1.4851449405193238
8.836885911963588,-0.00012541860536674498,0.005178327053305856,1.485200628147252
8.83818204573216,0.00253284166734713,0.005178327053305856,1.4852464043951539
8.839478202227601,-0.0049873683779688704,0.005178327053305856,1.4852822150483918
8.84077438139888,0.003607619426134745,0.005178327053305856,1.4853417891863938
8.842070583194964,0.0010210249388835635,0.005178327053305856,1.4853948071527627
8.84336680756482,-0.0037736818239997305,0.005178327053305856,1.4854469843155682
8.844663054457419,0.004778784103247169,0.005178327053305856,1.4855083533076696
8.845959323821722,-0.0025323144492757077,0.005178327053305856,1.4855776895057131
8.847255615606706,-9.059034534919519e-05,0.005178327053305856,1.4856739930201233
8.84855192976133,0.0028096324977162634,0.005178327053305856,1.4857702045884253
8.849848266234567,-0.008605054595598016,0.005178327053305856,1.4858306784003021
8.85114462497538,-0.00035164352757921513,0.005178327053305856,1.4858860327108625
8.852441005932741,-0.00662359142766622,0.005178327053305856,1.4859608960860164
8.853737409055615,-0.00013197659675134865,0.005178327053305856,1.486021624918949
8.855033834292973,-0.00729697872375179,0.005178327053305856,1.4860799243068263
8.85633028159378,-0.011683667499579276,0.005178327053305856,1.486135817491567
8.857626750907002,0.004639650592778155,0.005178327053305856,1.4861893269780104
8.858923242181609,-0.001219842545345129,0.005178327053305856,1.4862404745338922
8.860219755366566,0.0007554059168497496,0.005178327053305856,1.4862892811898407
8.861516290410847,0.010916914538213973,0.005178327053305856,1.486339403045537
8.862812847263415,0.0022827819106459035,0.005178327053305856,1.4863785877695752
8.864109425873236,-0.0014273658087806673,0.005178327053305856,1.4864385384124001
8.86540602618928,0.00262654566023679,0.005178327053305856,1.4864668727575694
8.866702648160516,0.00075269916966203,0.005178327053305856,1.486518607801707
8.86799929173591,0.00845294889082937,0.005178327053305856,1.4865942039712838
8.869295956864427,0.00361962883831235,0.005178327053305856,1.4866274338886627
8.87059264349504,0.004391226524016689,0.005178327053305856,1.4866846922910983
8.871889351576714,0.003119902107088235,0.005178327053305856,1.4867515490217862
8.873186081058414,0.0024064672364865203,0.005178327053305856,1.4867984305463364
8.874482831889113,0.0013632855685763445,0.005178327053305856,1.4868364047549083
8.875779604017772,-0.0012179209257729973,0.005178327053305856,1.4868881629038704
8.877076397393365,0.005784971523855376,0.005178327053305856,1.4869552727533377
8.878373211964858,0.00031594760084141527,0.005178327053305856,1.487018052296725
8.879670047681218,0.00117822481160057,0.005178327053305856,1.4870886707177264
8.88096690449141,0.0024342064750793035,0.005178327053305856,1.487138868806293
8.882263782344406,-0.0018659243255396696,0.005178327053305856,1.4872006096539312
8.88356068118917,0.004833652036096314,0.005178327053305856,1.4872739993054886
8.884857600974675,0.01518103812632332,0.005178327053305856,1.487351591546633
8.886154541649878,0.002202784873626351,0.005178327053305856,1.4874198375811867
8.88745150316376,0.009051392209683096,0.005178327053305856,1.4874991508422015
8.888748485465278,0.003195492917033249,0.005178327053305856,1.4875601164694845
8.890045488503407,0.004219333243552503,0.005178327053305856,1.487631306235433
8.89134251222711,0.0076262416014627465,0.005178327053305856,1.4877079057780884
8.892639556585358,0.0030948677271305236,0.005178327053305856,1.4877899910621604
8.893936621527114,0.006694766467195468,0.005178327053305856,1.4878771048608204
8.895233707001353,0.001091482362754137,0.005178327053305856,1.4879688806617017
8.896530812957032,-0.002173031175510154,0.005178327053305856,1.4880487955920203
8.897827939343129,0.002334471232110058,0.005178327053305856,1.488117057913125
8.899125086108604,-0.005014434287663683,0.005178327053305856,1.4881926568314574
8.90042225320243,0.00188770583240494,0.005178327053305856,1.4882754885876412
8.901719440573572,0.0009447859619184928,0.005178327053305856,1.488365494906657
8.903016648171,-0.001571501492841243,0.005178327053305856,1.488462619019797
8.904313875943679,-0.006880100954081536,0.005178327053305856,1.4885634121467446
8.905611123840577,-0.0019932121786740975,0.005178327053305856,1.4886478052012369
8.906908391810662,0.008215398052310752,0.005178327053305856,1.4887321805538845
8.908205679802903,0.009397629665546026,0.005178327053305856,1.4888196976844779
8.909502987766265,0.005042862064397857,0.005178327053305856,1.4889102794711304
8.910800315649716,0.0019711921795395604,0.005178327053305856,1.4890038492354964
8.912097663402227,-0.0015105830459278824,0.005178327053305856,1.4890880473967298
8.913395030972765,0.0011584604817467259,0.005178327053305856,1.489179057957304
8.914692418310292,0.013371320955641863,0.005178327053305856,1.4892769556183378
8.915989825363782,0.004428608906782205,0.005178327053305856,1.4893853000258939
8.9172872520822,0.007952564166307852,0.005178327053305856,1.4894956123895378
8.918584698414511,0.007521073924454891,0.005178327053305856,1.4895918048487138
8.919882164309689,0.0015675304110143173,0.005178327053305856,1.4896740996882718
8.921179649716699,-0.0016949069110896442,0.005178327053305856,1.4897598939358812
8.922477154584506,0.002374060315255999,0.005178327053305856,1.4898491711888935
8.92377467886208,-0.0026983485114162598,0.005178327053305856,1.4899537167826857
8.925072222498388,-0.0015868096628224304,0.005178327053305856,1.4900620659043813
8.926369785442395,0.001997985989307338,0.005178327053305856,1.4901641758301554
8.927667367643075,-0.005244515509445158,0.005178327053305856,1.490259058793856
8.92896496904939,-0.007548868204531045,0.005178327053305856,1.4903475032824924
8.930262589610312,0.0011995501340065218,0.005178327053305856,1.4904410166001378
8.931560229274805,0.0051423231316927165,0.005178327053305856,1.490534327188067
8.932857887991837,-0.006453896975909812,0.005178327053305856,1.4906275049774087
8.934155565710377,0.004816281545903189,0.005178327053305856,1.490714145299399
8.935453262379394,0.003632188766239386,0.005178327053305856,1.4908079874257654
8.93675097794785,0.002947282047242483,0.005178327053305856,1.4909122958722185
8.938048712364719,0.0030549913464799072,0.005178327053305856,1.4910280112364496
8.939346465578966,0.00801730780655796,0.005178327053305856,1.491143952890267
8.94064423753956,0.008205418248613983,0.005178327053305856,1.4912601693487435
8.941942028195466,0.005755579385674281,0.005178327053305856,1.4913755588871083
8.943239837495653,0.007566755302266914,0.005178327053305856,1.4914902101354595
8.944537665389088,0.004278742823668136,0.005178327053305856,1.4916065597919677
8.945835511824743,0.006542507719593971,0.005178327053305856,1.4917346609221467
8.947133376751578,0.003757542725867591,0.005178327053305856,1.4918589421553925
8.948431260118566,0.0029981018899361,0.005178327053305856,1.4919874546814291
8.949729161874673,0.001303888421042787,0.005178327053305856,1.4921201083774445
8.951027081968869,-0.002013419102703251,0.005178327053305856,1.4922471917481808
8.952325020350115,-0.00031746486645678473,0.005178327053305856,1.4923813375216748
8.953622976967386,-0.0013689812144479507,0.005178327053305856,1.492522357316479
8.954920951769646,-0.00237217707202797,0.005178327053305856,1.4926700640889954
8.956218944705865,0.0012529057530212828,0.005178327053305856,1.492829231464402
8.957516955725007,0.003360543261661908,0.005178327053305856,1.4929945046302255
8.958814984776044,0.0006319248874069316,0.005178327053305856,1.4931387179840847
8.96011303180794,-0.004841645743375977,0.005178327053305856,1.4932753045865437
8.961411096769663,-0.0003564838906189305,0.005178327053305856,1.493421568787126
8.962709179610183,-0.0015404087116750453,0.005178327053305856,1.4935614632172105
8.964007280278466,0.005188710625561255,0.005178327053305856,1.4936928077110077
8.96530539872348,0.006563047764508001,0.005178327053305856,1.4938213585019566
8.966603534894194,0.00535100645630604,0.005178327053305856,1.4939621752708425
8.967901688739571,0.011025975776513874,0.005178327053305856,1.494090741369983
8.969199860208583,0.00983037888943561,0.005178327053305856,1.4942065894724883
8.970498049250198,0.008921193752073009,0.005178327053305856,1.494338723477664
8.97179625581338,0.006467922871169041,0.005178327053305856,1.4944576983919116
8.973094479847099,0.00371723472593688,0.005178327053305856,1.4946136146159934
8.974392721300324,0.0014809213007573874,0.005178327053305856,1.4947613023574977
8.97569098012202,-0.0012243972027898842,0.005178327053305856,1.4949010988702764
8.976989256261156,0.005244927270922739,0.005178327053305856,1.4950429971299632
8.978287549666698,0.009522804645634153,0.005178327053305856,1.4951869875075436
8.979585860287617,0.004643471703602353,0.005178327053305856,1.4953330605530737
8.980884188072876,-0.004082454203154562,0.005178327053305856,1.4954812069956924
8.982182532971446,0.0006322109927043851,0.005178327053305856,1.4956314177436125
8.983480894932297,0.006856919507123971,0.005178327053305856,1.4957836838841287
8.98477927390439,-0.00531592073207432,0.005178327053305856,1.49594346952144
8.986077669836698,-0.0026781695325945876,0.005178327053305856,1.4961105159431871
8.987376082678185,0.0052112737994278735,0.005178327053305856,1.4962712406067384
8.988674512377822,0.0016795746491562458,0.005178327053305856,1.4964258603429288
8.989972958884573,0.0030621358943454524,0.005178327053305856,1.496582387834622
8.99127142214741,-0.0030996887061054412,0.005178327053305856,1.496740591511762
8.992569902115298,0.0015986396524394486,0.005178327053305856,1.4969002399943703
8.993868398737202,0.006546151457777816,0.005178327053305856,1.497057998354038
8.995166911962096,-0.0017344629746856022,0.005178327053305856,1.4972141364098892
8.996465441738943,-0.006099211538570515,0.005178327053305856,1.4973625287438055
8.997763988016711,0.004302098944417798,0.005178327053305856,1.497515733302142
8.999062550744371,-0.0023625745823538935,0.005178327053305856,1.4976783691089077
9.000361129870885,0.003838522787733556,0.005178327053305856,1.4978363202498692
9.001659725345228,-0.005414862246368113,0.005178327053305856,1.497993911275866
9.00295833711636,-0.002701515432450563,0.005178327053305856,1.4981510169343162
9.004256965133251,0.0072599016072592,0.005178327053305856,1.498307962780966
9.005555609344873,0.0073954772171558325,0.005178327053305856,1.4984820651074686
9.006854269700188,0.0034277956260195808,0.005178327053305856,1.4986747006017564
9.008152946148167,0.0017399217689373359,0.005178327053305856,1.4988852685423693
9.009451638637778,0.000749075413475575,0.005178327053305856,1.49907242863482
9.010750347117984,0.0037495201716319926,0.005178327053305856,1.4992360450091837
9.012049071537758,-0.003748334364518824,0.005178327053305856,1.4993759761966112
9.013347811846065,-0.0017731874781212742,0.005178327053305856,1.499492075129262
9.014646567991873,0.002760584190039772,0.005178327053305856,1.4996263745408216
9.01594533992415,-0.008764164306686917,0.005178327053305856,1.4997735185096217
9.017244127591864,-0.006637537312903508,0.005178327053305856,1.499904106652392
9.018542930943982,-0.006900205881135157,0.005178327053305856,1.5000198555228237
9.019841749929473,0.0019386389177473706,0.005178327053305856,1.5001498971795186
9.0211405844973,0.0008972509672078299,0.005178327053305856,1.5002945674063919
9.022439434596436,0.0010865940733137958,0.005178327053305856,1.5004560962511844
9.023738300175845,0.004363578495497622,0.005178327053305856,1.5006071267551204
9.0250371811845,0.002416712477526284,0.005178327053305856,1.5007471072106326
9.02633607757136,0.008452947386554666,0.005178327053305856,1.5009046780854998
9.027634989285403,0.008853253287713914,0.005178327053305856,1.501059399537671
9.028933916275587,0.002598522566136241,0.005178327053305856,1.5012084508975228
9.030232858490887,-0.0010551212332912119,0.005178327053305856,1.501339314701959
9.031531815880264,-0.005929413884754986,0.005178327053305856,1.501477352268425
9.03283078839269,-0.006250847700951301,0.005178327053305856,1.501632445373859
9.034129775977132,0.00032315162441243217,0.005178327053305856,1.5017689258467033
9.03542877858256,0.0012239919087384532,0.005178327053305856,1.5018858566709967
9.036727796157935,-0.0026596306797441738,0.005178327053305856,1.5020491825285742
9.038026828652232,-0.00015167651315461939,0.005178327053305856,1.5021825845923797
9.039325876014413,0.002692436720796776,0.005178327053305856,1.5023530411481012
9.04062493819345,0.011074468928840897,0.005178327053305856,1.5024772629739331
9.041924015138306,0.009189881575154546,0.005178327053305856,1.502569038209404
9.043223106797953,0.0034872468740148044,0.005178327053305856,1.502679291219048
9.044522213121356,0.00538306872372929,0.005178327053305856,1.5028140404632846
9.045821334057486,0.0018370059715335785,0.005178327053305856,1.5029568636077262
9.047120469555304,0.008421557830452953,0.005178327053305856,1.5030972918032317
9.048419619563784,0.0076711674598914925,0.005178327053305856,1.5032352774271969
9.04971878403189,0.011074340937726967,0.005178327053305856,1.5033648019241925
9.051017962908594,0.004368766137203162,0.005178327053305856,1.5034992723810614
9.052317156142859,-0.003573135591603105,0.005178327053305856,1.503638904711016
9.053616363683654,0.00041435528612798755,0.005178327053305856,1.5037766379605084
9.054915585479948,-0.0010458234606580685,0.005178327053305856,1.5039185282168301
9.056214821480706,0.0003433932869418843,0.005178327053305856,1.5040625520763633
9.057514071634898,0.006640011401033652,0.005178327053305856,1.5041833460515606
9.058813335891491,0.0008256109949962287,0.005178327053305856,1.5043033302024411
9.06011261419945,0.0011702320793494092,0.005178327053305856,1.5044224341733146
9.061411906507749,0.002687018775556105,0.005178327053305856,1.50454360249234
9.062711212765352,0.006599448992625545,0.005178327053305856,1.5046723377915772
9.064010532921223,0.0002509678163362672,0.005178327053305856,1.5048086595695638
9.065309866924336,-0.00024421374803962337,0.005178327053305856,1.5049531299643668
9.066609214723654,-0.001251817098503638,0.005178327053305856,1.5051061081023946
9.067908576268149,-0.0014285774097966275,0.005178327053305856,1.5052316828667036
9.069207951506781,0.002988480337156929,0.005178327053305856,1.5053581720680391
9.070507340388529,0.008013083870911153,0.005178327053305856,1.5054902410693751
9.071806742862348,-0.000562874555374071,0.005178327053305856,1.5056424159698705
9.073106158877216,-0.00021086122327385048,0.005178327053305856,1.505781595105308
9.074405588382096,0.0038082148675153693,0.005178327053305856,1.5059182889028415
9.075705031325956,0.0016601064484265127,0.005178327053305856,1.506057659637132
9.077004487657762,0.0028860623374193928,0.005178327053305856,1.5061981389658985
9.078303957326487,0.003059326003505003,0.005178327053305856,1.506348170969594
9.07960344028109,-0.002594563313432774,0.005178327053305856,1.5064916613049415
9.080902936470547,0.00608116531289693,0.005178327053305856,1.5066288080567796
9.082202445843823,0.011619979827313998,0.005178327053305856,1.5067527594223036
9.083501968349884,0.006332544380544425,0.005178327053305856,1.5068726098003977
9.0848015039377,0.0043182255324332175,0.005178327053305856,1.5069819668904954
9.086101052556236,0.001508214495101079,0.005178327053305856,1.5071042876899905
9.087400614154458,0.001154688882807342,0.005178327053305856,1.5072402017038606
9.08870018868134,-0.001943416626225769,0.005178327053305856,1.5073609617330448
9.089999776085845,0.005607466768787761,0.005178327053305856,1.5074542625812064
9.091299376316941,0.0042794922548088365,0.005178327053305856,1.5075736109081705
9.0925989893236,0.010754897808729957,0.005178327053305856,1.5076990371554642
9.093898615054783,0.013588780166549519,0.005178327053305856,1.507830696380446
9.095198253459463,0.01328674802454799,0.005178327053305856,1.5079778439493732
9.096497904486604,0.0038565762170861273,0.005178327053305856,1.5081283234028275
9.097797568085177,0.0023678599114165255,0.005178327053305856,1.5082741768636256
9.099097244204145,-0.0010858646829323693,0.005178327053305856,1.5084360786110629
9.10039693279248,0.01724413738519326,0.005178327053305856,1.5085721074245217
9.101696633799145,-0.0032471196566397076,0.005178327053305856,1.5087102856941164
9.102996347173113,0.008901937553708716,0.005178327053305856,1.508846099100068
9.104296072863349,0.007494864253979827,0.005178327053305856,1.5089793730852428
9.105595810818823,0.002651410249605579,0.005178327053305856,1.5091186902194171
9.106895560988496,0.004213745730951013,0.005178327053305856,1.5092495526210155
9.108195323321343,-0.002526353996130881,0.005178327053305856,1.5093733308529547
9.10949509776633,-0.002973511107051907,0.005178327053305856,1.5094920106914225
9.110794884272421,0.0022137430716460127,0.005178327053305856,1.509614280515119
9.112094682788586,0.005710364236941601,0.005178327053305856,1.5097246255142929
9.113394493263796,0.001511016752634653,0.005178327053305856,1.5098254412273198
9.11469431564701,0.0008588144088912397,0.005178327053305856,1.5099137689338458
9.115994149887204,0.0063986653636771695,0.005178327053305856,1.5100438072754856
9.117293995933341,0.0036285800087614284,0.005178327053305856,1.5101583037315467
9.118593853734394,0.0007428612800719492,0.005178327053305856,1.510256398802977
9.119893723239324,-0.002781242175551757,0.005178327053305856,1.5103780170351386
9.121193604397101,0.004013480789649249,0.005178327053305856,1.510498520936518
9.122493497156695,0.01463531611937019,0.005178327053305856,1.5106237273267593
9.123793401467072,0.006333114634273551,0.005178327053305856,1.510755352255718
9.125093317277196,0.0007816794453245901,0.005178327053305856,1.510884536260302
9.126393244536043,0.008578668617160723,0.005178327053305856,1.5110114604449059
9.127693183192571,0.002585589851288761,0.005178327053305856,1.5111577677447987
9.128993133195756,0.0016676335257967967,0.005178327053305856,1.511297661493788
9.13029309449456,-0.0002790550893827515,0.005178327053305856,1.511431458959498
9.131593067037954,0.005439790845162884,0.005178327053305856,1.5115941808908677
9.132893050774904,0.0016848676315728284,0.005178327053305856,1.5117275778741721
9.134193045654378,-0.0003561967261966892,0.005178327053305856,1.5118584079084338
9.135493051625343,0.007463667992092526,0.005178327053305856,1.5119868142616997
9.136793068636768,0.005852184001838179,0.005178327053305856,1.5121125466565062
9.138093096637617,0.003664088811790922,0.005178327053305856,1.5122496269960821
9.139393135576864,-0.0021814056245834657,0.005178327053305856,1.5123836200204996
9.14069318540347,-0.004194833346210514,0.005178327053305856,1.5125145571025103
9.141993246066408,-0.005765104284400024,0.005178327053305856,1.512644270228831
9.14329331751464,-0.003291393629828221,0.005178327053305856,1.5127725770476084
9.144593399697143,0.00031865476169046225,0.005178327053305856,1.51287822503427
9.145893492562875,-0.001979713483669432,0.005178327053305856,1.512984432529316
9.147193596060808,-0.0013028419021772208,0.005178327053305856,1.513111280466931
9.148493710139908,0.0025071834196781495,0.005178327053305856,1.5132298760989102
9.149793834749143,0.0009097420916392984,0.005178327053305856,1.513348203911696
9.151093969837483,0.0031224529685422997,0.005178327053305856,1.513470477093715
9.152394115353893,0.007601707017745651,0.005178327053305856,1.5136065801489778
9.153694271247343,0.0013138043965046364,0.005178327053305856,1.5137401815135523
9.154994437466797,0.005243895506286345,0.005178327053305856,1.513871517982715
9.156294613961226,0.005769500677331729,0.005178327053305856,1.5139998402170158
9.157594800679597,-0.0032392324604104683,0.005178327053305856,1.514116346094255
9.158894997570874,0.00044076784273450187,0.005178327053305856,1.5142214294068002
9.160195204584031,0.00031355236713626056,0.005178327053305856,1.514329454721911
9.16149542166803,0.004546838812026666,0.005178327053305856,1.514437604817058
9.162795648771844,0.003180461228738052,0.005178327053305856,1.514545533005259
9.164095885844436,0.0012125082094247563,0.005178327053305856,1.5146530316518725
9.165396132834774,0.003177301150369516,0.005178327053305856,1.5147598926431938
9.166696389691829,0.0010678441973954733,0.005178327053305856,1.5148651486130467
9.167996656364565,0.006000893848467914,0.005178327053305856,1.514977149342896
9.169296932801952,0.007454292527076634,0.005178327053305856,1.5150876093605328
9.170597218952956,-0.002835781582482433,0.005178327053305856,1.5151763657423905
9.171897514766545,0.00035265441314336066,0.005178327053305856,1.5152732328643033
9.173197820191687,-0.00026983745222342037,0.005178327053305856,1.5153688844093112
9.174498135177352,0.0024540201406335616,0.005178327053305856,1.5155032537215307
9.175798459672501,0.003315198529871166,0.005178327053305856,1.5156078049451294
9.177098793626111,-0.002386587861446632,0.005178327053305856,1.5157083205234159
9.17839913698714,0.007451698972031018,0.005178327053305856,1.5158157716756933
9.179699489704564,0.004995291885548037,0.005178327053305856,1.515928163724065
9.180999851727345,0.005035114863376267,0.005178327053305856,1.5160455479665809
9.182300223004455,0.001542964540618419,0.005178327053305856,1.516115706218828
9.183600603484855,-0.0008874129406177822,0.005178327053305856,1.5161953277361087
9.184900993117523,0.009444868026983855,0.005178327053305856,1.5162873558301169
9.186201391851414,0.004673698098087931,0.005178327053305856,1.516373939078805
9.187501799635506,0.0051936432768879826,0.005178327053305856,1.516457303880085
9.18880221641876,0.0016806541346077175,0.005178327053305856,1.5165597642231687
9.190102642150148,-0.002678810107149321,0.005178327053305856,1.5166679466848503
9.191403076778634,0.005393992123850833,0.005178327053305856,1.516781774390723
9.192703520253191,-0.009442337996723893,0.005178327053305856,1.5168930513972756
9.194003972522781,0.0028396323832384773,0.005178327053305856,1.5170168008238916
9.195304433536377,0.0032304191541143723,0.005178327053305856,1.517139753871306
9.196604903242939,0.004003641990942608,0.005178327053305856,1.5172618182027455
9.197905381591443,0.007415403526079611,0.005178327053305856,1.517389179829126
9.19920586853085,-0.008781475160325458,0.005178327053305856,1.5175040123423749
9.200506364010135,0.0037460461935705514,0.005178327053305856,1.5176118851262381
9.201806867978256,-0.0008075655472465915,0.005178327053305856,1.517698214659907
9.203107380384187,0.00413185307557451,0.005178327053305856,1.5177925524656526
9.204407901176895,0.005901969849236854,0.005178327053305856,1.5178825524318855
9.205708430305348,0.007286970842064644,0.005178327053305856,1.5179960783044208
9.20700896771851,0.005654068373221799,0.005178327053305856,1.5181168173406023
9.208309513365354,0.00010536429761676125,0.005178327053305856,1.5182448560885402
9.209610067194845,0.0001661012292746289,0.005178327053305856,1.5183802821795762
9.210910629155949,0.0017171360787537893,0.005178327053305856,1.5185231843282865
9.212211199197634,-0.0047344065845384975,0.005178327053305856,1.5186736523324913
9.213511777268872,-0.004767135078119322,0.005178327053305856,1.518831777073258
9.214812363318627,-0.0008290652753089045,0.005178327053305856,1.5189874922263449
9.216112957295865,0.004536054020845448,0.005178327053305856,1.51914053800192
9.217413559149557,0.005304075132577246,0.005178327053305856,1.5192708092719993
9.218714168828669,0.004669970948558921,0.005178327053305856,1.5194018316589184
9.220014786282169,0.010097621562227044,0.005178327053305856,1.5195703306347252
9.221315411459026,0.0028954528088371845,0.005178327053305856,1.5197505707925134
9.222616044308207,0.0038602713522915,0.005178327053305856,1.5199052648499523
9.223916684778676,-0.006469927740216708,0.005178327053305856,1.5200883013968942
9.225217332819406,0.0030655433766524354,0.005178327053305856,1.5202743211119714
9.226517988379362,0.004111366089573298,0.005178327053305856,1.5204634035647575
9.22781865140751,-0.0025234693480780113,0.005178327053305856,1.5206838567579566
9.229119321852822,0.004702285704418552,0.005178327053305856,1.5209068225185067
9.23041999966426,-0.0017768015464183495,0.005178327053305856,1.5211041293582244
9.231720684790798,0.0013864534528409411,0.005178327053305856,1.5213010171506902
9.2330213771814,0.005513096921974547,0.005178327053305856,1.5214974365189846
9.234322076785032,0.0007151767026025713,0.005178327053305856,1.5216966188430778
9.235622783550665,0.008042526136693873,0.005178327053305856,1.5218981324660255
9.236923497427265,0.00123337190295425,0.005178327053305856,1.522091414757135
9.238224218363802,-0.0012733213138778066,0.005178327053305856,1.5222763934416355
9.23952494630924,-0.002371151005553518,0.005178327053305856,1.5224757504619988
9.240825681212549,-0.0031256853512016125,0.005178327053305856,1.522674474102044
9.242126423022693,0.0009738178450484636,0.005178327053305856,1.5228873849084064
9.243427171688646,0.007040778246465873,0.005178327053305856,1.5231082837306207
9.24472792715937,0.0019173198170703287,0.005178327053305856,1.5233370324799986
9.246028689383838,0.0023638408573578573,0.005178327053305856,1.5235631907822527
9.247329458311011,0.0036881413374192373,0.005178327053305856,1.5237860228984264
9.248630233889862,0.002245483904174783,0.005178327053305856,1.5240052735698637
9.249931016069356,-0.002003951178555674,0.005178327053305856,1.5242138974659576
9.251231804798461,-0.005210189681604582,0.005178327053305856,1.5244044999618902
9.252532600026145,-0.0016378438773312354,0.005178327053305856,1.5245924145154601
9.253833401701378,-0.0004916522367939269,0.005178327053305856,1.5248020073173203
9.255134209773122,-0.000148379948422539,0.005178327053305856,1.5250024571944514
9.25643502419035,-0.0037791006927438975,0.005178327053305856,1.5252121776013279
9.257735844902026,0.004852070529607788,0.005178327053305856,1.5254148761401483
9.25903667185712,0.0015284267293345088,0.005178327053305856,1.5256216108032403
9.2603375050046,0.004497454561620984,0.005178327053305856,1.5258488966846708
9.261638344293432,-0.0009166134745732801,0.005178327053305856,1.5260629897998337
9.262939189672583,-0.002813607547669017,0.005178327053305856,1.526278746423122
9.264240041091021,0.006550038189098828,0.005178327053305856,1.526492737200638
9.265540898497717,0.01389087537641176,0.005178327053305856,1.5267045806159292
9.266841761841635,0.0006143914193450506,0.005178327053305856,1.52693354397623
9.268142631071743,-0.002050035190745314,0.005178327053305856,1.5271655168273535
9.26944350613701,0.002233137417672726,0.005178327053305856,1.5274308437996074
9.270744386986404,0.006102060518420771,0.005178327053305856,1.5276674761150746
9.272045273568889,0.0025629526362043187,0.005178327053305856,1.5279007530717292
9.273346165833438,0.005645948601794348,0.005178327053305856,1.5281305816321433
9.274647063729013,-0.0001355778952425446,0.005178327053305856,1.5283651821866882
9.275947967204587,0.0062048054109042905,0.005178327053305856,1.528624771644723
9.277248876209125,0.0005910425891191284,0.005178327053305856,1.5288942315879792
9.278549790691594,0.003226462892438109,0.005178327053305856,1.5291570346139345
9.279850710600961,0.0034188124750311744,0.005178327053305856,1.52942328664115
9.281151635886197,-0.005358568099521621,0.005178327053305856,1.5296845331971176
9.282452566496266,0.006468704336865416,0.005178327053305856,1.5299538381356468
9.283753502380138,-0.0064902705973304275,0.005178327053305856,1.5302308241955913
9.285054443486782,-0.0015249389933509327,0.005178327053305856,1.5304874375018591
9.286355389765163,0.001056338491981279,0.005178327053305856,1.5307376775449637
9.287656341164247,0.0005843670957312863,0.005178327053305856,1.5309814176218222
9.288957297633008,-0.0023125496738918283,0.005178327053305856,1.531234842766696
9.290258259120405,-0.004284525974845188,0.005178327053305856,1.5314999000810308
9.291559225575412,0.0034371457301485275,0.005178327053305856,1.5317647509078476
9.292860196946993,-0.002809204501684315,0.005178327053305856,1.5320293566529064
9.29416117318412,0.0021552269823592596,0.005178327053305856,1.5322814554035162
9.295462154235757,0.017117350357878314,0.005178327053305856,1.5325320077580957
9.296763140050876,-0.0016835549494997881,0.005178327053305856,1.5327916811628188
9.298064130578437,0.005731738861214142,0.005178327053305856,1.5330604107770194
9.299365125767414,-0.00201016209476923,0.005178327053305856,1.53334956997123
9.300666125566769,0.003255963806112927,0.005178327053305856,1.5336474323296478
9.30196712992548,-0.0006176670121214034,0.005178327053305856,1.533958836205086
9.303268138792504,-0.0031576699238382577,0.005178327053305856,1.5342750773601581
9.304569152116814,0.0023488055112552697,0.005178327053305856,1.5345903886533323
9.305870169847372,-0.00020452532117398725,0.005178327053305856,1.5348892963671992
9.307171191933156,-0.0031047270792876613,0.005178327053305856,1.5351779282831852
9.308472218323123,-0.004155213625660181,0.005178327053305856,1.5354695692052047
9.309773248966247,0.0005527346367690811,0.005178327053305856,1.5357577063212724
9.311074283811491,-0.0028831159936069106,0.005178327053305856,1.5360558454515774
9.312375322807831,-0.006413244084608527,0.005178327053305856,1.5363649700124595
9.313676365904225,0.003573422127751469,0.005178327053305856,1.5366792214874074
9.314977413049647,-0.0037348230503915225,0.005178327053305856,1.5369962069141168
9.316278464193056,-0.009090966916907917,0.005178327053305856,1.537296288748985
9.317579519283433,-0.003363690023817867,0.005178327053305856,1.5375992916348984
9.318880578269736,-0.0038082882242289617,0.005178327053305856,1.5378973894397574
9.320181641100936,0.0009994178609080695,0.005178327053305856,1.5381906153735394
9.321482707726,0.002440963938508567,0.005178327053305856,1.5384889664028045
9.322783778093894,0.011932774403365487,0.005178327053305856,1.5387916961783754
9.324084852153588,0.00804777899531306,0.005178327053305856,1.539084478538869
9.325385929854049,0.00928354661971742,0.005178327053305856,1.5393752551137334
9.326687011144244,0.005286404255074428,0.005178327053305856,1.5396586120245883
9.32798809597314,-0.007386162952149888,0.005178327053305856,1.5399364594584108
9.329289184289708,-0.003829304926205701,0.005178327053305856,1.5402340217095516
9.330590276042912,-0.004666436443959698,0.005178327053305856,1.5405449623801817
9.33189137118172,-0.004137011399150348,0.005178327053305856,1.5408385271564844
9.333192469655105,0.0032720244788004837,0.005178327053305856,1.541137179287965
9.334493571412027,-0.003310447987676879,0.005178327053305856,1.541443284258875
9.335794676401456,-0.0036930967190205166,0.005178327053305856,1.5417577685385662
9.33709578457236,-0.005980772107795351,0.005178327053305856,1.5420689415690683
9.338396895873709,-0.0018829713348103017,0.005178327053305856,1.5423769617230314
9.33969801025447,-0.004367557992576376,0.005178327053305856,1.542689715010071
9.340999127663606,-0.0039012119685633007,0.005178327053305856,1.5430070827777813
9.34230024805009,0.005122105033738222,0.005178327053305856,1.543320816234736
9.34360137136289,0.00047780784459416914,0.005178327053305856,1.5436305153080294
9.344902497550967,0.0063022800598708795,0.005178327053305856,1.5439533211635739
9.346203626563295,0.005440430649725547,0.005178327053305856,1.5442894400056462
9.347504758348839,0.0004411144120721744,0.005178327053305856,1.5446290779351568
9.34880589285657,0.004279270352230524,0.005178327053305856,1.5449720992734008
9.350107030035451,-0.0022048337379385607,0.005178327053305856,1.5453085869447944
9.35140816983445,0.008287989323926048,0.005178327053305856,1.5456573108815348
9.352709312202538,-0.0030020741925080863,0.005178327053305856,1.5459974430207337
9.354010457088679,0.006213320090783014,0.005178327053305856,1.5463292602821581
9.355311604441846,0.0028784893912203735,0.005178327053305856,1.5466522089764867
9.356612754211,0.0007389781337430179,0.005178327053305856,1.5469661342296754
9.357913906345114,0.0018684220887761338,0.005178327053305856,1.5472903480623335
9.35921506079315,-0.004680591689989466,0.005178327053305856,1.5476383732937986
9.360516217504083,0.00024560314468846656,0.005178327053305856,1.5479821666089122
9.361817376426872,0.00033997571449839725,0.005178327053305856,1.548321618653512
9.363118537510497,-0.0003346768261396349,0.005178327053305856,1.5486544450586832
9.364419700703909,0.00442845414297155,0.005178327053305856,1.5489840337436764
9.365720865956089,-0.0009187721750074651,0.005178327053305856,1.5493185836819807
9.367022033216,0.0038918147276749693,0.005178327053305856,1.5496536918474981
9.368323202432611,0.007475993974855433,0.005178327053305856,1.549989395765944
9.369624373554887,0.004554319552718011,0.005178327053305856,1.550324899991366
9.370925546531797,0.005083322504752186,0.005178327053305856,1.5506672664545522
9.372226721312309,0.008910357964508009,0.005178327053305856,1.551012042658353
9.37352789784539,0.008709937096738951,0.005178327053305856,1.5513546790070352
9.374829076080008,0.007372341495392121,0.005178327053305856,1.5516951751278174
9.376130255965132,0.0013034428064699899,0.005178327053305856,1.5520279282293776
9.377431437449728,0.0022475058458375496,0.005178327053305856,1.552344421629563
9.378732620482763,0.0003446558726394322,0.005178327053305856,1.5526439438087616
9.380033805013204,0.006297071374375074,0.005178327053305856,1.5529533902069343
9.381334990990023,0.00019465349904268514,0.005178327053305856,1.5532729997000767
9.382636178362183,-0.0011100150997462865,0.005178327053305856,1.553603013594127
9.383937367078657,0.0037667283188700384,0.005178327053305856,1.553943675624963
9.385238557088407,0.003869367241986721,0.005178327053305856,1.55425154004964
9.386539748340402,0.004239134537469047,0.005178327053305856,1.5545808040261702
9.38784094078361,0.0167243420537726,0.005178327053305856,1.5549321168953352
9.389142134367,0.013855948455542055,0.005178327053305856,1.5552823121472443
9.390443329039542,0.015720255445609954,0.005178327053305856,1.5556312203125617
9.391744524750195,0.015088057902961083,0.005178327053305856,1.5559786714349084
9.393045721447935,0.01671245567849744,0.005178327053305856,1.5563244950708552
9.394346919081725,0.01720998241546301,0.005178327053305856,1.5566708023911864
9.395648117600535,0.018667051295536252,0.005178327053305856,1.557016678620362
9.396949316953332,0.01941849415017982,0.005178327053305856,1.5573568067822823
9.398250517089085,0.00813411134391595,0.005178327053305856,1.557691138478244
9.399551717956758,0.013177276088059298,0.005178327053305856,1.558022271667793
9.40085291950532,0.017884997195662278,0.005178327053305856,1.558374164571266
9.40215412168374,0.014328561030964249,0.005178327053305856,1.5587221001887057
9.403455324440989,0.011588939147876953,0.005178327053305856,1.5590658853581407
9.404756527726025,-0.00015553156691083814,0.005178327053305856,1.5594053258657004
9.406057731487826,-0.0011541320213246387,0.005178327053305856,1.5597414643475689
9.40735893567535,0.00014239043384978167,0.005178327053305856,1.560084189951172
9.408660140237576,-0.002488172245914466,0.005178327053305856,1.5604329024626287
9.40996134512346,0.004494236514134942,0.005178327053305856,1.5607870034665727
9.411262550281977,-0.0024889121862066155,0.005178327053305856,1.5611574794961638
9.412563755662092,-0.007965819956699427,0.005178327053305856,1.5615378327210974
9.413864961212775,-0.008001828051374504,0.005178327053305856,1.561879429618021
9.41516616688299,-0.0025696992063801716,0.005178327053305856,1.5622152076714255
9.416467372621709,-0.0011695288424267147,0.005178327053305856,1.5625454670680812
9.417768578377894,0.004797677828921154,0.005178327053305856,1.5628754379977274
9.419069784100516,0.0030328481254726647,0.005178327053305856,1.5632051287389745
9.420370989738544,-0.005150174819374076,0.005178327053305856,1.5635411080641233
9.421672195240943,0.005897082982863511,0.005178327053305856,1.5638708059562794
9.422973400556682,-0.003875454838700776,0.005178327053305856,1.5641944372960304
9.424274605634729,0.004294793557116261,0.005178327053305856,1.564520985859381
9.42557581042405,-0.0008939528249294337,0.005178327053305856,1.564844044121767
9.426877014873615,-0.0009553331965808098,0.005178327053305856,1.5651651298389653
9.428178218932388,6.920930532583469e-05,0.005178327053305856,1.5655100632217775
9.429479422549338,-0.006599524238706689,0.005178327053305856,1.5658463665443176
9.430780625673437,0.0008760159346625773,0.005178327053305856,1.5661922811296454
9.432081828253647,-0.004526679653875654,0.005178327053305856,1.5665262430609952
9.433383030238938,0.0015904051109161266,0.005178327053305856,1.5668542770551457
9.434684231578277,-0.0022354119887151302,0.005178327053305856,1.5671763181476572
9.435985432220633,0.0011030686926172262,0.005178327053305856,1.5674981780542314
9.437286632114972,0.001048334319616151,0.005178327053305856,1.5678285108685066
9.438587831210263,-0.00292313201115757,0.005178327053305856,1.568159072854307
9.439889029455474,0.005827858769858807,0.005178327053305856,1.5684970728793708
9.44119022679957,0.0038609918551784084,0.005178327053305856,1.5688382826799718
9.44249142319152,0.004122638832133374,0.005178327053305856,1.5691449791354855
9.443792618580293,0.0004970068311918041,0.005178327053305856,1.569491662763121
9.445093812914857,-0.0020708782421439142,0.005178327053305856,1.569823062550004
9.446395006144176,0.003416531598543049,0.005178327053305856,1.5701483293131455
9.44769619821722,0.003317177932247617,0.005178327053305856,1.570467549679941
9.448997389082955,0.0004596180742268974,0.005178327053305856,1.5707720007253714
9.450298578690353,0.003935107296830775,0.005178327053305856,1.5710814393802541
9.451599766988377,-0.001956509244579019,0.005178327053305856,1.571396075097819
9.452900953925994,-0.00042335282858840806,0.005178327053305856,1.5717135660173942
9.454202139452178,-0.006221701521332834,0.005178327053305856,1.5720442511599253
9.45550332351589,-0.001206107837977477,0.005178327053305856,1.5723593278541421
9.456804506066103,0.001601372005182844,0.005178327053305856,1.5726746005588172
9.458105687051779,0.0035171769653343787,0.005178327053305856,1.5729901693355257
9.459406866421892,0.00012694501361387722,0.005178327053305856,1.5733061344085768
9.460708044125402,-0.00013541332338418144,0.005178327053305856,1.573619472750127
9.462009220111284,-0.0046933873334191745,0.005178327053305856,1.573936576290164
9.4633103943285,-0.0035090039645977456,0.005178327053305856,1.5742572095305387
9.464611566726022,-0.004243584739306749,0.005178327053305856,1.574571191953972
9.465912737252815,-0.003367553724174188,0.005178327053305856,1.5748692189558322
9.46721390585785,-0.00029842228146748084,0.005178327053305856,1.5751684995398318
9.468515072490087,-0.006648370651048063,0.005178327053305856,1.5754786926003432
9.469816237098504,-0.002920998907998129,0.005178327053305856,1.5757677127976064
9.471117399632059,0.00818418369782048,0.005178327053305856,1.5760822607164946
9.472418560039726,0.007755228035392969,0.005178327053305856,1.576395174869186
9.473719718270468,0.008847343478429082,0.005178327053305856,1.5766939865492189
9.47502087427326,0.010047383303569468,0.005178327053305856,1.5769905380500455
9.47632202799706,0.007976736140625107,0.005178327053305856,1.5772756995916335
9.477623179390845,0.006310890089702426,0.005178327053305856,1.5775636082233953
9.478924328403576,0.0037027903672779416,0.005178327053305856,1.5778543908677605
9.480225474984222,0.0005329871263910491,0.005178327053305856,1.578146177152893
9.48152661908175,-0.0008575746951333674,0.005178327053305856,1.5784390264821302
9.482827760645133,0.0009019865910440128,0.005178327053305856,1.5787329987107628
9.48412889962333,0.002768321922026251,0.005178327053305856,1.5790254027543216
9.485430035965317,-0.00044719727512854135,0.005178327053305856,1.5793162038277109
9.486731169620057,-0.006742920353083104,0.005178327053305856,1.5796101083933614
9.488032300536519,0.0006552598638180918,0.005178327053305856,1.579898610061131
9.489333428663668,-0.007499447927406422,0.005178327053305856,1.5801815393171585
9.490634553950478,-0.007786512442982785,0.005178327053305856,1.5804656687180891
9.491935676345909,-0.0041498044579353355,0.005178327053305856,1.5807595738834723
9.493236795798934,0.0021971670795550846,0.005178327053305856,1.5810468153311208
9.494537912258519,0.00027838224433662795,0.005178327053305856,1.581336903986279
9.49583902567363,-0.00039362122939556876,0.005178327053305856,1.581638342932089
9.497140135993236,-0.004251939112296599,0.005178327053305856,1.581920373425727
9.498441243166306,-0.00028863817423507854,0.005178327053305856,1.582189405931811
9.499742347141805,-0.004631399160423655,0.005178327053305856,1.5824706577107253
9.501043447868703,-0.003051897310957674,0.005178327053305856,1.5827527583547436
9.502344545295967,0.009155224374857163,0.005178327053305856,1.5830001759061998
9.503645639372563,0.005302014596378912,0.005178327053305856,1.5832769129781084
9.504946730047461,0.01231518442763857,0.005178327053305856,1.5835509111608053
9.506247817269626,0.00012197652520207214,0.005178327053305856,1.5838216619787076
9.507548900988029,-0.0013472496261319744,0.005178327053305856,1.5840890357456854
9.508849981151634,-0.0001363600573363044,0.005178327053305856,1.5843529023605525
9.510151057709411,0.00511781077286666,0.005178327053305856,1.5846167312469794
9.511452130610328,0.008106924509012625,0.005178327053305856,1.5848802637860364
9.51275319980335,-0.0011053382342904872,0.005178327053305856,1.5851432418468474
9.514054265237448,-0.002189484399278907,0.005178327053305856,1.5854042844927192
9.515355326861588,0.0030337586836151065,0.005178327053305856,1.5856849967020528
9.516656384624735,0.003022733891501872,0.005178327053305856,1.5859550633327373
9.517957438475863,0.007607948695933953,0.005178327053305856,1.5862217044131812
9.519258488363935,0.004552788329773572,0.005178327053305856,1.586496990333224
9.52055953423792,-0.0006793603843404661,0.005178327053305856,1.5867740486676989
9.521860576046782,0.004683795307198313,0.005178327053305856,1.5870416603167266
9.523161613739497,0.001307848311978388,0.005178327053305856,1.5872897299759683
9.524462647265022,0.0021740973366239924,0.005178327053305856,1.5875345962062681
9.525763676572334,0.011643312625045699,0.005178327053305856,1.5877803492934037
9.527064701610394,0.003753334923642049,0.005178327053305856,1.5880424882239448
9.528365722328175,0.0035159465924703426,0.005178327053305856,1.5883068792778947
9.529666738674639,0.0034184619598973676,0.005178327053305856,1.5885765752708807
9.53096775059876,0.006100947442201576,0.005178327053305856,1.5888376953041843
9.532268758049499,0.002627555283450711,0.005178327053305856,1.5890959558318498
9.53356976097583,-0.0026986619038293913,0.005178327053305856,1.589351246730486
9.534870759326715,-0.0013025112932589789,0.005178327053305856,1.5896034574226132
9.536171753051127,-0.0034917203109643413,0.005178327053305856,1.5898524768766666
9.537472742098029,0.005809027419127588,0.005178327053305856,1.5900989794774147
9.538773726416391,0.006522961860446985,0.005178327053305856,1.5903428805738424
9.540074705955178,0.0017697804941310125,0.005178327053305856,1.5905927941895512
9.541375680663364,0.003909173254622589,0.005178327053305856,1.5908539105053476
9.542676650489907,0.008587139478360761,0.005178327053305856,1.5911184384515211
9.543977615383785,-0.0022049868884033152,0.005178327053305856,1.591400734662126
9.54527857529396,0.0030307432909650878,0.005178327053305856,1.5916449785657858
9.5465795301694,-0.0016592795363137292,0.005178327053305856,1.591911492358541
9.54788047995907,-0.0010047136055484351,0.005178327053305856,1.5922054548143636
9.549181424611945,0.0007630642324529813,0.005178327053305856,1.5924608280096593
9.550482364076984,0.0015532994565279346,0.005178327053305856,1.5927123000703132
9.551783298303162,0.0028418171717616847,0.005178327053305856,1.5929598832769931
9.553084227239442,0.00157979959809329,0.005178327053305856,1.5932309359789782
9.554385150834793,0.0027923067184212336,0.005178327053305856,1.5935396654956537
9.555686069038183,0.0031264721940633677,0.005178327053305856,1.593835996519304
9.55698698179858,9.19911496053416e-05,0.005178327053305856,1.594120301767932
9.558287889064953,0.002415720157185053,0.005178327053305856,1.5943903362613627
9.559588790786265,0.0008534772484560804,0.005178327053305856,1.5946589017743311
9.560889686911485,0.0037898053129601372,0.005178327053305856,1.5949258270445026
9.562190577389584,0.0039999405736901306,0.005178327053305856,1.595189220428842
9.563491462169528,0.010019309022080591,0.005178327053305856,1.5954612737955758
9.564792341200285,0.009070603263530819,0.005178327053305856,1.5957305653102196
9.56609321443082,0.0035258953130359316,0.005178327053305856,1.5959903409730347
9.567394081810106,0.007056810505515321,0.005178327053305856,1.596242599403646
9.568694943287102,0.01245596271734728,0.005178327053305856,1.5964907647174056
9.569995798810785,0.008677075916537547,0.005178327053305856,1.596751003424487
9.571296648330115,0.006421495565994695,0.005178327053305856,1.5970082557367289
9.572597491794065,-0.0016382661759171135,0.005178327053305856,1.5972744131903456
9.573898329151602,0.0013648126381713421,0.005178327053305856,1.597549444392272
9.57519916035169,0.0029078934052622074,0.005178327053305856,1.5978247251391895
9.5764999853433,0.0025589392540821265,0.005178327053305856,1.5980949678559133
9.577800804075398,-0.002739434903641591,0.005178327053305856,1.5984019928959199
9.579101616496954,-0.0034650888297698135,0.005178327053305856,1.598692962319528
9.580402422556933,-0.004047031062208051,0.005178327053305856,1.5989683137807698
9.581703222204304,-0.000557409969472511,0.005178327053305856,1.5992425011459466
9.583004015388033,0.0009818003630972516,0.005178327053305856,1.5995156945012525
9.58430480205709,0.0004957083233414483,0.005178327053305856,1.5997871087372666
9.58560558216044,-8.05296588552995e-05,0.005178327053305856,1.6000566937725949
9.586906355647054,-0.002016600964384496,0.005178327053305856,1.6003243993492617
9.588207122465896,0.00021657426073407038,0.005178327053305856,1.6005894774189084
9.589507882565938,-0.0032485852012702487,0.005178327053305856,1.600851902115972
9.590808635896142,-0.0035888176140237427,0.005178327053305856,1.6011152894630856
9.59210938240548,0.004994124772587538,0.005178327053305856,1.6013757709954237
9.593410122042918,0.0024425803914207567,0.005178327053305856,1.6016375761080632
9.594710854757425,0.007736755995402911,0.005178327053305856,1.6018801236428286
9.596011580497965,-0.012740141031174046,0.005178327053305856,1.6021244837296205
9.597312299213513,-0.013812633929571438,0.005178327053305856,1.602380714395579
9.598613010853027,-0.005431358454875745,0.005178327053305856,1.6025942843541425
9.599913715365483,0.0010208746577238248,0.005178327053305856,1.6028197347848765
9.601214412699843,0.003976401073368718,0.005178327053305856,1.6030858240011487
9.602515102805079,0.004256195458554712,0.005178327053305856,1.6033158458644303
9.603815785630154,0.0026585263434080186,0.005178327053305856,1.60354473704488
9.60511646112404,-0.0036608724624083155,0.005178327053305856,1.6037652356216665
9.6064171292357,-0.00022255017875871808,0.005178327053305856,1.603977125201276
9.607717789914105,0.0033977578269228648,0.005178327053305856,1.6041906805117943
9.609018443108225,0.00417035032951385,0.005178327053305856,1.604409816546959
9.610319088767021,0.0032879481037153546,0.005178327053305856,1.604639105828706
9.611619726839466,0.00030783677755552574,0.005178327053305856,1.6048653386801965
9.612920357274527,-0.0030485318390138794,0.005178327053305856,1.605088210372247
9.614220980021168,-0.0014499949540036638,0.005178327053305856,1.6053039783160117
9.61552159502836,-0.0033226464797528887,0.005178327053305856,1.6055124590053569
9.616822202245071,0.0005652172205348194,0.005178327053305856,1.605724706430657
9.618122801620267,0.003645026703544607,0.005178327053305856,1.60594434654802
9.619423393102915,0.005579898238461611,0.005178327053305856,1.6061671210936947
9.620723976641985,-0.001443087249597852,0.005178327053305856,1.6063933063368157
9.622024552186442,-0.006508280234560182,0.005178327053305856,1.6066480603071882
9.623325119685257,-0.0032529476679434843,0.005178327053305856,1.6068944768298135
9.624625679087396,0.0024878153589342755,0.005178327053305856,1.6071186964565627
9.625926230341824,-0.004008011790101351,0.005178327053305856,1.6073626461869464
9.62722677339751,-0.0012147406425719876,0.005178327053305856,1.6076087145293931
9.628527308203424,-0.006355702970484156,0.005178327053305856,1.6078517429667671
9.629827834708534,0.0016378160917802642,0.005178327053305856,1.6080918401605913
9.631128352861804,0.011477935430961539,0.005178327053305856,1.6083264840687996
9.632428862612205,-0.0005121017933953365,0.005178327053305856,1.6085684815332102
9.633729363908701,0.005484498220209577,0.005178327053305856,1.6088122118779795
9.635029856700264,0.002415797783050788,0.005178327053305856,1.6090545602434454
9.636330340935856,-0.00017184552630644667,0.005178327053305856,1.6093146058381556
9.63763081656445,-0.0015090828093253794,0.005178327053305856,1.6095431312269037
9.638931283535012,-0.0049305978917120186,0.005178327053305856,1.609777315064318
9.64023174179651,0.0030761269843884165,0.005178327053305856,1.6099783124973006
9.641532191297909,0.0015021791577574106,0.005178327053305856,1.6102029548050707
9.64283263198818,0.003614702152770377,0.005178327053305856,1.6104304316945275
9.644133063816287,0.0007019817469775536,0.005178327053305856,1.6106607321440354
9.645433486731203,-0.0006207036139687094,0.005178327053305856,1.610885234223949
9.646733900681891,0.00446186078932187,0.005178327053305856,1.6111036299662287
9.64803430561732,-0.0025318557252165252,0.005178327053305856,1.6113156103539092
9.649334701486458,0.0018004180838850914,0.005178327053305856,1.611534417253571
9.650635088238273,0.004417236816012027,0.005178327053305856,1.6117498962200245
9.651935465821731,-0.003006232274961773,0.005178327053305856,1.6119703920062542
9.653235834185802,-0.005954095477837873,0.005178327053305856,1.6121825619707786
9.65453619327945,0.0018051016952096433,0.005178327053305856,1.612382131057661
9.655836543051647,0.0003106263851579971,0.005178327053305856,1.6125975378394388
9.657136883451358,-0.0030269683516468415,0.005178327053305856,1.6128119399580227
9.658437214427552,-0.0007380123781350889,0.005178327053305856,1.613025495610977
9.659737535929194,0.004851195053212187,0.005178327053305856,1.6132464334609473
9.661037847905256,0.007979205452919969,0.005178327053305856,1.6134730603950214
9.6623381503047,0.024527706999903698,0.005178327053305856,1.6137102277710689
9.6636384430765,0.07568661905447782,0.005178327053305856,1.6139405355688432
9.66493872616962,0.08896220230890184,0.005178327053305856,1.6141642352817311
9.666238999533027,0.027530838233972066,0.005178327053305856,1.6143815772769252
9.66753926311569,0.005158996215196776,0.005178327053305856,1.6145924194191132
9.668839516866576,0.0030459287821240633,0.005178327053305856,1.6147973469942736
9.670139760734653,0.009415660113001989,0.005178327053305856,1.6149932355287195
9.671439994668889,0.009697883227333781,0.005178327053305856,1.6151796429572012
9.672740218618252,0.014750519195849465,0.005178327053305856,1.6153561253379107
9.674040432531708,0.006276402071273335,0.005178327053305856,1.6155309241345543
9.675340636358225,0.0002310003774952385,0.005178327053305856,1.6157038932753789
9.676640830046772,-0.0012983358134175393,0.005178327053305856,1.615868923996222
9.677941013546315,-0.0008449071382068407,0.005178327053305856,1.6160471845582798
9.679241186805823,0.006060799564790109,0.005178327053305856,1.6162267270759625
9.680541349774263,-0.00436428123891508,0.005178327053305856,1.6164111640964725
9.681841502400603,-0.0002132399038556887,0.005178327053305856,1.616587056896691
9.68314164463381,0.0005765201930734154,0.005178327053305856,1.6167542072405465
9.684441776422855,-0.0026444418312088214,0.005178327053305856,1.6169298704595363
9.6857418977167,0.008197560533209414,0.005178327053305856,1.6171136395039212
9.687042008464314,-0.0007229741619716457,0.005178327053305856,1.6173195609644393
9.688342108614666,0.005282293445447506,0.005178327053305856,1.6175258509683301
9.689642198116724,0.008199433763958819,0.005178327053305856,1.61772745361118
9.690942276919458,0.0012252879981100584,0.005178327053305856,1.6179345450451543
9.69224234497183,-0.0004330707269770695,0.005178327053305856,1.6181268723452245
9.693542402222812,0.0001630230710301106,0.005178327053305856,1.6183143804246156
9.694842448621369,0.004237729895843145,0.005178327053305856,1.6184923707378136
9.69614248411647,0.004042730016708518,0.005178327053305856,1.618663625053428
9.697442508657083,-0.0035194547215846583,0.005178327053305856,1.6188298835498132
9.698742522192175,0.0036926214566919136,0.005178327053305856,1.6189912016855303
9.700042524670712,-0.0045903534103044485,0.005178327053305856,1.6191435441283386
9.701342516041667,0.002438726212295572,0.005178327053305856,1.619299804221669
9.702642496253999,-0.0028102834593457526,0.005178327053305856,1.6194652185773637
9.703942465256684,-0.004326111790081022,0.005178327053305856,1.6196335955285248
9.705242422998685,-0.004562544134837365,0.005178327053305856,1.6198094082798167
9.706542369428972,-0.0004956436930108055,0.005178327053305856,1.6199752553799618
9.707842304496511,0.004212198572848269,0.005178327053305856,1.6201428918295224
9.70914222815027,-0.0011626402310187522,0.005178327053305856,1.6203126313717595
9.710442140339216,-0.0007545560840971355,0.005178327053305856,1.6204804623037303
9.71174204101232,-0.0036466176507772285,0.005178327053305856,1.6206462909763504
9.713041930118544,-0.0021172886215548026,0.005178327053305856,1.6208137023436424
9.714341807606859,0.0026787807166748223,0.005178327053305856,1.6209824712711964
9.715641673426232,1.8076232087826938e-05,0.005178327053305856,1.6211523730644846
9.716941527525634,0.013620541181780244,0.005178327053305856,1.6213450140448784
9.718241369854027,0.0007197307019040089,0.005178327053305856,1.6215550380207877
9.719541200360382,0.007660672750056552,0.005178327053305856,1.621711907107822
9.720841018993665,0.006087034641068856,0.005178327053305856,1.6218700880170558
9.722140825702846,0.001352193141681779,0.005178327053305856,1.622011677736998
9.723440620436891,0.0008638458373972924,0.005178327053305856,1.6221638657913415
9.724740403144768,0.0041259416655237136,0.005178327053305856,1.6223232323147219
9.726040173775443,-0.0010814568099852817,0.005178327053305856,1.6224843120991224
9.727339932277888,-0.0005471646699661825,0.005178327053305856,1.6226523364404326
9.728639678601064,-0.0028480089862716884,0.005178327053305856,1.6228214601961175
9.729939412693945,0.0015745240353768342,0.005178327053305856,1.6229776232887212
9.731239134505493,-0.0017799253644221746,0.005178327053305856,1.623137906388568
9.732538843984683,-0.0070677112123851416,0.005178327053305856,1.6233022639801862
9.733838541080477,-0.0005878675070314365,0.005178327053305856,1.6234809072209606
9.735138225741842,0.0029116462770777396,0.005178327053305856,1.6236617565393519
9.736437897917748,0.005020833572370265,0.005178327053305856,1.6238373873297343
9.737737557557162,0.0005446998082627719,0.005178327053305856,1.624008100960534
9.739037204609053,-0.006268463263307655,0.005178327053305856,1.6241741975759905
9.740336839022389,0.0048221512344612805,0.005178327053305856,1.6243320745441645
9.741636460746133,0.004851561241314917,0.005178327053305856,1.6244897244884497
9.742936069729256,0.0001609266058670844,0.005178327053305856,1.6246470296891276
9.744235665920726,0.0023242037439550334,0.005178327053305856,1.6248180503939296
9.74553524926951,-0.0004371657781270244,0.005178327053305856,1.6250024848862235
9.746834819724576,-0.00040785527783504527,0.005178327053305856,1.625184478396731
9.74813437723489,-0.0011146030918425254,0.005178327053305856,1.625349787654045
9.749433921749425,-0.0026015580190530407,0.005178327053305856,1.625545999557252
9.750733453217139,-0.0009881757042911055,0.005178327053305856,1.6257356689112896
9.75203297158701,0.0003225767851833261,0.005178327053305856,1.6258965177153075
9.753332476807998,0.002833358573141709,0.005178327053305856,1.6260554609158935
9.754631968829075,-0.0008037752997684944,0.005178327053305856,1.6262125077291114
9.755931447599206,0.002715978296750521,0.005178327053305856,1.6263693845728695
9.75723091306736,0.001830214938497443,0.005178327053305856,1.6265260386404254
9.758530365182503,-0.001299756701716559,0.005178327053305856,1.626676879270423
9.759829803893608,0.0035850452497263596,0.005178327053305856,1.6268276896510814
9.761129229149637,0.0002174256463387536,0.005178327053305856,1.6269784094651367
9.762428640899559,-0.007094084914440302,0.005178327053305856,1.627128978311284
9.76372803909234,0.0003074879498812244,0.005178327053305856,1.6272921904944473
9.765027423676953,-0.0018386406175756598,0.005178327053305856,1.627446153272971
9.76632679460236,-0.0019088428684679304,0.005178327053305856,1.6275916317004362
9.767626151817531,-0.0020260810831866927,0.005178327053305856,1.6277383385743343
9.768925495271434,0.0005221669283899111,0.005178327053305856,1.6278864013558185
9.770224824913036,0.00018356533253771623,0.005178327053305856,1.628035947834555
9.771524140691305,-0.001973550216038511,0.005178327053305856,1.628185994230123
9.77282344255521,0.004201159801221266,0.005178327053305856,1.6283365148974593
9.774122730453712,-0.0016717994586459284,0.005178327053305856,1.6284874842666635
9.775422004335788,0.007393019379217991,0.005178327053305856,1.6286388768429911
9.7767212641504,-0.002783991631557736,0.005178327053305856,1.6287943207882394
9.778020509846518,-0.0004286421311368027,0.005178327053305856,1.6289430800364066
9.779319741373108,0.0011119291635466322,0.005178327053305856,1.6290750318781997
9.780618958679138,0.0020872878187099264,0.005178327053305856,1.6291899041591704
9.781918161713575,-0.0035994155426068986,0.005178327053305856,1.6292925915808454
9.78321735042539,-0.001135732359544006,0.005178327053305856,1.6293891611429676
9.784516524763548,0.00227225543035825,0.005178327053305856,1.6295297807441673
9.785815684677015,-0.006426132147804964,0.005178327053305856,1.6296785118997803
9.787114830114763,0.0002565681530077857,0.005178327053305856,1.6298355752607048
9.788413961025755,0.002965220499372423,0.005178327053305856,1.6299947806776487
9.789713077358961,0.009132406632970547,0.005178327053305856,1.6301561035314585
9.79101217906335,0.003616186408863742,0.005178327053305856,1.6303148129265377
9.792311266087884,0.0009044787361744966,0.005178327053305856,1.6304833617030647
9.793610338381537,0.004466159179105533,0.005178327053305856,1.6306618596756703
9.794909395893274,-0.00026761942481257073,0.005178327053305856,1.6308451107527344
9.796208438572064,0.0033319181741429116,0.005178327053305856,1.6310327804916933
9.797507466366874,-0.0015211387402216392,0.005178327053305856,1.631207205698438
9.79880647922667,0.010566872544905959,0.005178327053305856,1.6313686693019458
9.80010547710042,0.001284045324933425,0.005178327053305856,1.631528469063674
9.801404459937093,-0.0013383236115316333,0.005178327053305856,1.6316813867338311
9.802703427685657,-0.0019452678644971133,0.005178327053305856,1.631845679836456
9.804002380295078,0.0009102369931450749,0.005178327053305856,1.632028220625869
9.805301317714326,0.00233775220617094,0.005178327053305856,1.6322057425756868
9.806600239892363,-0.003531054437862835,0.005178327053305856,1.6323725173875092
9.807899146778166,-0.0020432548696049935,0.005178327053305856,1.6325095832292644
9.809198038320691,-0.0018933984985138874,0.005178327053305856,1.6326606430818784
9.810496914468919,8.207881475064127e-05,0.005178327053305856,1.6328068930408703
9.811795775171806,-0.002797144554812059,0.005178327053305856,1.632951797492932
9.813094620378328,0.005548940727440277,0.005178327053305856,1.633112327313048
9.814393450037445,-0.001737500923805868,0.005178327053305856,1.6332464842822556
9.815692264098129,-0.0033734683986437197,0.005178327053305856,1.633399354760309
9.816991062509349,0.0006994058676710324,0.005178327053305856,1.6335575199288588
9.81828984522007,-0.0010327280891064827,0.005178327053305856,1.6337233247928404
9.81958861217926,-0.0031881893141643136,0.005178327053305856,1.6338968442050292
9.820887363335888,-0.0074277642742155425,0.005178327053305856,1.6340837902866645
9.82218609863892,-0.0029046441681876978,0.005178327053305856,1.6342705152497343
9.823484818037326,0.005450929247625247,0.005178327053305856,1.634449225296382
9.824783521480066,0.004092533747087179,0.005178327053305856,1.6346085976117892
9.826082208916121,-0.0019503909227882588,0.005178327053305856,1.6347745227365698
9.827380880294447,0.0044386034832026855,0.005178327053305856,1.634940511792347
9.828679535564016,0.005742689626969666,0.005178327053305856,1.6351115568325252
9.829978174673796,0.0048959085693753845,0.005178327053305856,1.6352876149475355
9.831276797572757,0.0041628554881838475,0.005178327053305856,1.6354686443424025
9.83257540420986,0.0031169747285499927,0.005178327053305856,1.6356618804480456
9.83387399453408,0.0066216239349168315,0.005178327053305856,1.635839665855299
9.835172568494379,0.004585151346414129,0.005178327053305856,1.6360218848675336
9.836471126039726,0.003989199327151471,0.005178327053305856,1.6362037774974214
9.83776966711909,-0.005519458510808928,0.005178327053305856,1.6364077459754167
9.839068191681438,-0.0026240468082256996,0.005178327053305856,1.6365910591562791
9.840366699675737,-0.001326841724776262,0.005178327053305856,1.636759914724592
9.841665191050959,-0.002863433319906017,0.005178327053305856,1.6369352004996554
9.842963665756063,-6.359401867950254e-05,0.005178327053305856,1.6370985860237621
9.844262123740025,0.0013599236980093021,0.005178327053305856,1.6373021755031492
9.845560564951807,-0.006481431725437581,0.005178327053305856,1.6374944790341455
9.84685898934038,-0.008655276221182895,0.005178327053305856,1.6376759294099217
9.84815739685471,-0.001174670884464657,0.005178327053305856,1.6378610241958675
9.849455787443766,0.0011181481295723383,0.005178327053305856,1.6380435160962568
9.850754161056512,-0.002208181579429258,0.005178327053305856,1.6382303204417021
9.852052517641921,-0.000480937466585063,0.005178327053305856,1.6384213444279834
9.853350857148957,-0.0014715302455592383,0.005178327053305856,1.6386083701025838
9.85464917952659,-0.001959978683619079,0.005178327053305856,1.6388005439025337
9.855947484723787,0.0007917751456696376,0.005178327053305856,1.6389977445759425
9.857245772689511,-0.0007240243776736044,0.005178327053305856,1.6391956681745519
9.858544043372735,0.0019614765584914373,0.005178327053305856,1.6393943441646242
9.859842296722427,-0.005384364978776812,0.005178327053305856,1.6395951641646838
9.861140532687552,-0.0020376696407848893,0.005178327053305856,1.6397981094885592
9.862438751217077,-0.0028030934456044765,0.005178327053305856,1.6399943517652336
9.863736952259973,-0.003041795163763128,0.005178327053305856,1.640194258111816
9.865035135765206,0.0033229447944438384,0.005178327053305856,1.6403860404812936
9.866333301681744,0.0013033802796877936,0.005178327053305856,1.6405693347126038
9.86763144995855,-0.002550785704995784,0.005178327053305856,1.6407754006390447
9.8689295805446,-0.002002222643668672,0.005178327053305856,1.640976199630789
9.870227693388854,-0.006701952795962418,0.005178327053305856,1.6411714684406669
9.871525788440287,-0.009735489200284997,0.005178327053305856,1.6413727248013836
9.872823865647858,-0.009440021168959367,0.005178327053305856,1.6415801119054074
9.874121924960544,-0.008124564259233358,0.005178327053305856,1.641788122216163
9.875419966327303,-0.008698141412272653,0.005178327053305856,1.6419967058353941
9.876717989697111,-0.005343751766009319,0.005178327053305856,1.6422058130605144
9.87801599501893,-0.006104338699588263,0.005178327053305856,1.6424153943846016
9.879313982241733,-0.0032595452739074826,0.005178327053305856,1.6426243193659313
9.880611951314481,6.866542367633954e-05,0.005178327053305856,1.6428288487485416
9.88190990218615,0.0009998368951271708,0.005178327053305856,1.6430288422694868
9.883207834805695,0.004291453667539802,0.005178327053305856,1.6432241586888876
9.884505749122098,0.007856394749950368,0.005178327053305856,1.6434158191984303
9.885803645084318,0.003402773377490842,0.005178327053305856,1.643603720990648
9.887101522641322,-0.0004978044196313203,0.005178327053305856,1.6437954171251574
9.888399381742085,-0.0009691517306462671,0.005178327053305856,1.6439910691901078
9.889697222335567,-0.002309282016151437,0.005178327053305856,1.64417799422807
9.890995044370737,0.003998022075195395,0.005178327053305856,1.6443772948523998
9.892292847796567,0.011470343359851087,0.005178327053305856,1.6445784511435158
9.89359063256202,0.013434763246722214,0.005178327053305856,1.6447817729239937
9.894888398616066,0.010028181542870884,0.005178327053305856,1.6449875708003372
9.896186145907674,0.0028358913419295195,0.005178327053305856,1.6451922723976804
9.897483874385808,0.0015398462656495138,0.005178327053305856,1.6453783683106435
9.898781583999435,0.0005617453779782622,0.005178327053305856,1.645577493464786
9.90007927469753,-0.002868980440221991,0.005178327053305856,1.6457789826499503
9.901376946429052,-0.007875733735295931,0.005178327053305856,1.6459831315902016
9.902674599142973,-0.012042821082458577,0.005178327053305856,1.6461903712791885
9.90397223278826,-0.002734992904214417,0.005178327053305856,1.646400585158895
9.905269847313882,-0.0016862209560610797,0.005178327053305856,1.64661365748638
9.906567442668806,-0.0008052758405370231,0.005178327053305856,1.6468294733337543
9.907865018801994,-0.0011481029323936465,0.005178327053305856,1.6470479185881801
9.909162575662423,0.001843568550205399,0.005178327053305856,1.6472688799518524
9.910460113199054,-0.00041345973530892977,0.005178327053305856,1.6474922449419855
9.911757631360857,0.0007420712708330335,0.005178327053305856,1.6477127509897644
9.913055130096799,0.004160345984014047,0.005178327053305856,1.6479544503177532
9.91435260935585,0.008570494250894622,0.005178327053305856,1.6481918715088628
9.915650069086974,0.0033490833843941026,0.005178327053305856,1.6483835830579046
9.91694750923914,-0.003411814126660806,0.005178327053305856,1.648577021569452
9.918244929761316,-0.005506422765734431,0.005178327053305856,1.648741148383814
9.919542330602471,0.0018236863876819331,0.005178327053305856,1.6489380992258469
9.92083971171157,0.009271484722848111,0.005178327053305856,1.6491363879111947
9.922137073037584,0.014771730547838535,0.005178327053305856,1.649336101640112
9.923434414529476,0.013453362731646434,0.005178327053305856,1.6495389723759735
9.92473173613622,0.004381437011277134,0.005178327053305856,1.6497064639382124
9.926029037806774,0.008414955172183047,0.005178327053305856,1.6498902600042538
9.927326319490115,0.0004069998094633487,0.005178327053305856,1.6500905278236566
9.928623581135206,0.0019703474927494913,0.005178327053305856,1.6503093295779792
9.929920822691019,-0.003847833376764642,0.005178327053305856,1.650533801541624
9.931218044106512,-0.003635691779475758,0.005178327053305856,1.6507636072035485
9.932515245330663,-0.0006344370231203822,0.005178327053305856,1.6509617960162584
9.933812426312434,-0.006735136917186635,0.005178327053305856,1.6511610861696213
9.935109587000797,-0.005814427031100022,0.005178327053305856,1.6513571427572986
9.936406727344712,-0.0005709263232049899,0.005178327053305856,1.6515660762152284
9.937703847293157,0.004105193421240605,0.005178327053305856,1.6517714216746218
9.939000946795092,-0.0001185902627707236,0.005178327053305856,1.6519721158561231
9.940298025799487,0.005567998082190995,0.005178327053305856,1.6521680925011584
9.941595084255308,-0.0003291822143562939,0.005178327053305856,1.65237674577812
9.942892122111525,0.0006427853501183023,0.005178327053305856,1.6525726218950707
9.944189139317105,0.004201433468622895,0.005178327053305856,1.6527642980287403
9.945486135821016,0.005451050331293006,0.005178327053305856,1.6529588098324002
9.946783111572223,0.0002534449156039731,0.005178327053305856,1.6531758379206594
9.948080066519697,-0.002342141298316003,0.005178327053305856,1.6533569984201362
9.949377000612404,0.002479695600694276,0.005178327053305856,1.65357194317568
9.950673913799314,-0.0002928089769522746,0.005178327053305856,1.6538317293546814
9.951970806029388,0.0029371882485833556,0.005178327053305856,1.6540605777216997
9.9532676772516,0.009121966421121952,0.005178327053305856,1.6542628835938307
9.954564527414918,0.004926136768701017,0.005178327053305856,1.654460243405417
9.955861356468304,0.006134801660938161,0.005178327053305856,1.6546968832422653
9.957158164360733,0.004148543822516615,0.005178327053305856,1.6549134689711735
9.958454951041167,0.0009597444531039834,0.005178327053305856,1.655113091703335
9.959751716458577,0.007391299044150479,0.005178327053305856,1.6553258149271084
9.961048460561926,0.006132800120084214,0.005178327053305856,1.6555205544192968
9.962345183300185,-0.0021693074779702837,0.005178327053305856,1.6556914052515712
9.963641884622325,0.002865084727234235,0.005178327053305856,1.6558597401214767
9.964938564477306,0.005245430284177122,0.005178327053305856,1.6560259474290122
9.966235222814099,0.011941432387670536,0.005178327053305856,1.656201772487228
9.967531859581674,0.0036297045781279458,0.005178327053305856,1.6563503247678937
9.968828474728998,0.00588412566178631,0.005178327053305856,1.6565103374209686
9.970125068205038,0.005304925129215876,0.005178327053305856,1.6566551477147116
9.971421639958756,-0.0013345058427847167,0.005178327053305856,1.656784261395538
9.97271818993913,0.000976353574716482,0.005178327053305856,1.6569472085681998
9.97401471809512,-0.0018289091817289549,0.005178327053305856,1.6571103254010722
9.975311224375698,0.0042026806316637355,0.005178327053305856,1.657273644736317
9.976607708729826,0.0022028008409951116,0.005178327053305856,1.6574371996998152
9.97790417110648,-0.0037833675841707493,0.005178327053305856,1.6576010237011582
9.979200611454619,0.007247244106659778,0.005178327053305856,1.6577612453102255
9.98049702972322,-0.006535905549860832,0.005178327053305856,1.6579177629538857
9.981793425861238,0.007945875397653124,0.005178327053305856,1.6580702572232076
9.983089799817654,0.007477703054975082,0.005178327053305856,1.6582186176876728
9.984386151541424,0.004751833920444426,0.005178327053305856,1.6583662934662589
9.985682480981525,0.0052569956941557194,0.005178327053305856,1.6585132962836615
9.98697878808692,0.003387937190627577,0.005178327053305856,1.6586596380125416
9.988275072806578,-0.004485646120788944,0.005178327053305856,1.6588017868070226
9.989571335089463,0.0012852443136677216,0.005178327053305856,1.6589487146724944
9.99086757488455,-0.0015873528835701478,0.005178327053305856,1.6591276799471903
9.9921637921408,0.005212251477481278,0.005178327053305856,1.6592737353203812
9.993459986807185,0.01059463706343533,0.005178327053305856,1.6594068248141154
9.994756158832667,0.0003480584602102432,0.005178327053305856,1.6595545290979343
9.996052308166222,0.003310940922829353,0.005178327053305856,1.659699680750451
9.997348434756809,0.004145212025331135,0.005178327053305856,1.659842146167858
9.998644538553402,0.0066295214895217836,0.005178327053305856,1.660001201459295
9.999940619504963,0.0017265585344028445,0.005178327053305856,1.6601311241702108
10.001236677560463,0.00027064904963913783,0.005178327053305856,1.6602637369544173
10.002532712668874,0.0015722387245207248,0.005178327053305856,1.6604920564187684
10.003828724779154,0.008085244002105751,0.005178327053305856,1.6606649811032965
10.005124713840278,-0.0029927473866691034,0.005178327053305856,1.6608060244875333
10.006420679801213,0.0016513563838898015,0.005178327053305856,1.6609056231712631
10.007716622610923,0.00208397959658857,0.005178327053305856,1.661093141507241
10.009012542218377,-0.00210058118773615,0.005178327053305856,1.6612287435355544
10.010308438572546,-5.257078029985429e-05,0.005178327053305856,1.6613536601366343
10.011604311622392,0.0022660362606761186,0.005178327053305856,1.661463019615399
10.012900161316887,0.008760339426428398,0.005178327053305856,1.6615729887720412
10.014195987604998,0.0013507031778157153,0.005178327053305856,1.661683368246346
10.015491790435691,-0.000987419223691166,0.005178327053305856,1.6617785042417519
10.016787569757934,-0.004129807529077656,0.005178327053305856,1.6618696497250847
10.018083325520696,-0.002069419706004272,0.005178327053305856,1.6619586154167187
10.019379057672943,-0.0018223008303619448,0.005178327053305856,1.6620452948182851
10.020674766163644,-0.0006107968305884004,0.005178327053305856,1.6621295812791592
10.021970450941765,-0.007141269071359924,0.005178327053305856,1.6622113679964587
10.023266111956275,-0.006296171405793416,0.005178327053305856,1.662290548015056
10.024561749156142,-0.00043548707120066865,0.005178327053305856,1.6623710638168692
10.025857362490333,-0.001643848377649304,0.005178327053305856,1.662452948701355
10.027152951907816,0.0006417503971061223,0.005178327053305856,1.6625362367936471
10.028448517357557,-0.004594642228447077,0.005178327053305856,1.6626209630445432
10.029744058788522,0.004322859157663395,0.005178327053305856,1.6626988048070712
10.031039576149686,5.1824063046046476e-05,0.005178327053305856,1.6627695085682492
10.032335069390012,-0.0003290574203962393,0.005178327053305856,1.6628276089101819
10.033630538458466,0.004550985476237335,0.005178327053305856,1.6628903214850363
10.034925983304019,0.0012834533652592572,0.005178327053305856,1.662957819784387
10.036221403875636,-0.0005348008955059491,0.005178327053305856,1.6630302791114997
10.037516800122287,0.0005217230180833976,0.005178327053305856,1.6631078765812937
10.038812171992937,0.0013381747583955939,0.005178327053305856,1.6632048476884655
10.040107519436555,-0.0008618393207575625,0.005178327053305856,1.663298709650837
10.041402842402109,0.004185308504871532,0.005178327053305856,1.6634654134137792
10.042698140838565,-0.0007373522398181898,0.005178327053305856,1.6635995690747714
10.043993414694894,0.003480541807460158,0.005178327053305856,1.6636956530208697
10.04528866392006,0.007342020583871012,0.005178327053305856,1.6637600722074093
10.046583888463035,0.003064027608066233,0.005178327053305856,1.663820441188784
10.047879088272778,0.005296854701920317,0.005178327053305856,1.663877136525976
10.049174263298266,0.0037914690727147704,0.005178327053305856,1.66393597701399
10.050469413488463,0.0017114338637382875,0.005178327053305856,1.6639938077759437
10.051764538792337,0.00185459050114134,0.005178327053305856,1.6640506966793351
10.053059639158857,0.0013262385181969094,0.005178327053305856,1.664108976529703
10.054354714536986,0.003952657154980832,0.005178327053305856,1.6641566645456094
10.055649764875694,0.002377365306623247,0.005178327053305856,1.664193333835747
10.056944790123952,0.005421586637038178,0.005178327053305856,1.6642216805354044
10.058239790230724,0.009992034462142474,0.005178327053305856,1.6642592459054992
10.059534765144978,0.0032218408581137226,0.005178327053305856,1.6642969718935778
10.060829714815682,0.0049324990789658685,0.005178327053305856,1.6643307157735394
10.062124639191804,-0.002273209722148062,0.005178327053305856,1.6643748225024586
10.063419538222313,0.005635195948996863,0.005178327053305856,1.664408063121803
10.064714411856174,0.005772279327866725,0.005178327053305856,1.6644545167301996
10.066009260042355,0.00848264765378004,0.005178327053305856,1.6645041307561765
10.067304082729825,0.009309099178269387,0.005178327053305856,1.664555405027183
10.068598879867553,0.01341825100853411,0.005178327053305856,1.6646084658073237
10.069893651404502,0.015286460248679967,0.005178327053305856,1.6646634401946783
10.071188397289642,0.011640236179282004,0.005178327053305856,1.6647204561212756
10.072483117471943,0.008219762908589612,0.005178327053305856,1.664774591599998
10.07377781190037,-0.0012985823158837562,0.005178327053305856,1.6648253031550992
10.075072480523891,-0.003985123722842765,0.005178327053305856,1.6648678273294357
10.076367123291476,0.006318758530285518,0.005178327053305856,1.6649126215788599
10.077661740152086,0.005445520758146971,0.005178327053305856,1.6649598280976847
10.078956331054695,0.007266652005613494,0.005178327053305856,1.6650095900193587
10.08025089594827,0.0072784563995502705,0.005178327053305856,1.665058240888123
10.081545434781775,-0.0007608093018030004,0.005178327053305856,1.6651057934607014
10.082839947504182,-0.001731816076334658,0.005178327053305856,1.6651484500398528
10.084134434064456,5.723047407135695e-05,0.005178327053305856,1.66518609116782
10.085428894411566,0.0021845231308641466,0.005178327053305856,1.6652185964860124
10.086723328494479,0.0039445222199003815,0.005178327053305856,1.6652232345541957
10.08801773626216,0.004866094310154168,0.005178327053305856,1.6652036120191904
10.089312117663583,0.004904296385394691,0.005178327053305856,1.6652427303508222
10.090606472647709,0.013131910260522739,0.005178327053305856,1.6652977022613373
10.091900801163511,0.0013807067457716204,0.005178327053305856,1.6653674572786181
10.093195103159953,0.0019077091611072738,0.005178327053305856,1.6654077221367998
10.094489378586005,0.0030590074500409514,0.005178327053305856,1.6654695012946958
10.09578362739063,-0.004605228604092737,0.005178327053305856,1.6655418001469653
10.097077849522803,-0.008319433164027945,0.005178327053305856,1.665639393215251
10.098372044931484,-0.010155350376242822,0.005178327053305856,1.6657359315799658
10.099666213565648,-0.0011790574755401462,0.005178327053305856,1.6658094910661574
10.100960355374255,0.00022995671629510994,0.005178327053305856,1.6658863631817042
10.102254470306281,0.0017938667104266948,0.005178327053305856,1.6659706716472293
10.103548558310685,0.004279754361601995,0.005178327053305856,1.666007517417423
10.104842619336443,0.0053610278196165595,0.005178327053305856,1.6660684144313995
10.106136653332515,0.0071143971772995585,0.005178327053305856,1.6661004124866445
10.107430660247875,0.0026482417588129525,0.005178327053305856,1.6661658972567146
10.108724640031486,-0.0007247787743762668,0.005178327053305856,1.6662170288037477
10.110018592632319,0.0024927774555760784,0.005178327053305856,1.6662664480445717
10.111312517999338,-0.0029766941281830217,0.005178327053305856,1.666301640740857
10.112606416081517,0.00197697243181727,0.005178327053305856,1.6663230219876488
10.113900286827812,0.0023800343857767192,0.005178327053305856,1.6663319562022691
10.115194130187204,-0.007352257826355846,0.005178327053305856,1.6663297259227217
10.116487946108652,-0.0013753059449532756,0.005178327053305856,1.6663285210740626
10.11778173454113,0.006461322500177724,0.005178327053305856,1.666343160614368
10.119075495433597,0.0037154970290109723,0.005178327053305856,1.666325461865969
10.120369228735028,-0.0041176361191983535,0.005178327053305856,1.666311889648006
10.121662934394386,-0.0021885508510017804,0.005178327053305856,1.6663258384622606
10.122956612360644,-0.00045798644496586327,0.005178327053305856,1.6663430155831653
10.124250262582764,0.0026924133517320925,0.005178327053305856,1.6663634157827671
10.125543885009717,-0.0027266153751195343,0.005178327053305856,1.6663852557288457
10.12683747959047,-0.0012433544654404383,0.005178327053305856,1.6664084704123605
10.12813104627399,-0.0014085536965917633,0.005178327053305856,1.6664387308834798
10.129424585009247,-0.001255772156006696,0.005178327053305856,1.6664702991104936
10.130183240670524,-0.004870501925323234,0.005178327053305856,1.666493054391489
10.131483929016289,-0.005656105884117357,0.005178327053305856,1.6665133780597636
10.132784614706184,-0.009885095323067583,0.005178327053305856,1.6665178039145268
10.134085297744823,-0.01632111071528164,0.005178327053305856,1.6665312788454558
10.135385978136819,-0.011056788986472554,0.005178327053305856,1.6665539003261005
10.13668665588679,-0.006508485684114662,0.005178327053305856,1.6665792011506773
10.137987330999348,-0.005839574663615288,0.005178327053305856,1.66660575391358
10.139288003479113,-0.013701887004051283,0.005178327053305856,1.6666336303792155
10.140588673330694,-0.010371087481205743,0.005178327053305856,1.666661198727442
10.141889340558713,-0.007379656739262552,0.005178327053305856,1.6666884724931172
10.143190005167778,-0.010097390438122078,0.005178327053305856,1.6667219221289322
10.144490667162511,-0.007632375701114302,0.005178327053305856,1.6667613322809436
10.14579132654752,-0.00395930491799712,0.005178327053305856,1.66680137730554
10.147091983327426,0.0009051915381346198,0.005178327053305856,1.6668328659210283
10.148392637506845,0.0017417254104210578,0.005178327053305856,1.6668655755613808
10.149693289090386,-0.00393608789714861,0.005178327053305856,1.666899769570433
10.150993938082669,0.002018965723404209,0.005178327053305856,1.666930356459209
10.152294584488308,0.005329382651321435,0.005178327053305856,1.666967372670022
10.15359522831192,0.0004168220640394793,0.005178327053305856,1.6670105430663238
10.154895869558114,0.0008112901586183607,0.005178327053305856,1.6670489989608357
10.156196508231513,0.0029462349016216027,0.005178327053305856,1.6670893790546624
10.157497144336725,0.011152678452228448,0.005178327053305856,1.6671311593320286
10.158797777878371,0.00960535027252174,0.005178327053305856,1.66717419847708
10.160098408861062,0.005857724068387693,0.005178327053305856,1.6672161932630971
10.161399037289417,0.008983290422316825,0.005178327053305856,1.66725692870227
10.162699663168048,0.01255208791103346,0.005178327053305856,1.6672727972088977
10.164000286501574,0.0035098589298017124,0.005178327053305856,1.6672881488707694
10.165300907294604,0.001703715513132753,0.005178327053305856,1.6672921524131705
10.166601525551759,0.00205608216522557,0.005178327053305856,1.6673175794319266
10.167902141277649,0.0075073291167349065,0.005178327053305856,1.667360988888983
10.169202754476895,0.0005691505749754189,0.005178327053305856,1.6674224563798077
10.170503365154108,0.00048391887266663325,0.005178327053305856,1.667443667053699
10.171803973313907,0.00142059315828158,0.005178327053305856,1.6674518696253555
10.173104578960901,-0.0008771484198177859,0.005178327053305856,1.6674426551793233
10.17440518209971,-0.006841351921962335,0.005178327053305856,1.6674391850148438
10.175705782734948,0.0032058687194982394,0.005178327053305856,1.667441809171606
10.17700638087123,0.0006596509288760988,0.005178327053305856,1.6674464625074479
10.17830697651317,-0.0021178828807850714,0.005178327053305856,1.6674563222237815
10.179607569665386,0.0027961721286129393,0.005178327053305856,1.6674714831975128
10.180908160332493,-0.002497431142753692,0.005178327053305856,1.6674885010094513
10.182208748519102,-0.005424649915736435,0.005178327053305856,1.6675073502011677
10.183509334229832,0.00040010078558583295,0.005178327053305856,1.667528005729213
10.184809917469297,-0.0019440387020162042,0.005178327053305856,1.6675504429651182
10.186110498242112,-0.01950384847855302,0.005178327053305856,1.667573253700894
10.187411076552895,-0.010142702163702388,0.005178327053305856,1.6675941913276862
10.188711652406255,-0.005024641140932262,0.005178327053305856,1.6676282744487312
10.190012225806813,-0.0017397260455371821,0.005178327053305856,1.6676482052319208
10.191312796759181,-0.01443024033473228,0.005178327053305856,1.6676673906443173
10.192613365267974,-0.0047715620682518,0.005178327053305856,1.66771290664551
10.193913931337812,-0.0027133198889277566,0.005178327053305856,1.6677422068815388
10.195214494973303,0.000325914132927263,0.005178327053305856,1.6678162584669631
10.196515056179067,0.002494539740047541,0.005178327053305856,1.6678578404439306
10.197815614959717,-0.000986162144598346,0.005178327053305856,1.6678895217149794
10.19911617131987,0.001361636106704589,0.005178327053305856,1.6679108258720423
10.200416725264141,0.008493941359897672,0.005178327053305856,1.6679300572081501
10.201717276797142,0.011671848444667177,0.005178327053305856,1.6679327442371674
10.203017825923492,0.01978953261627847,0.005178327053305856,1.6679485792552686
10.204318372647805,0.026086907931813563,0.005178327053305856,1.6679681446488854
10.205618916974696,0.013080269740530337,0.005178327053305856,1.6680038594868027
10.206919458908779,0.013337781848251407,0.005178327053305856,1.6680112111041465
10.20821999845467,0.005592581444440414,0.005178327053305856,1.6680188677846224
10.209520535616985,0.012291759697391935,0.005178327053305856,1.6680637798945426
10.210821070400339,0.01393294306775239,0.005178327053305856,1.668092395739507
10.212121602809345,0.006140593103481695,0.005178327053305856,1.6681255469734602
10.213422132848622,0.006742446790449996,0.005178327053305856,1.6681350650121127
10.214722660522781,0.009473736511307562,0.005178327053305856,1.6681572658220547
10.216023185836443,0.005923185728504032,0.005178327053305856,1.6681925534148578
10.217323708794215,0.008206332718572185,0.005178327053305856,1.6682238537459884
10.218624229400719,0.004926229439595531,0.005178327053305856,1.6682575710778687
10.219924747660567,0.00940743970943747,0.005178327053305856,1.6682869257559627
10.221225263578376,-0.0003332143735892412,0.005178327053305856,1.6683119044342556
10.222525777158758,-0.0031774772333681423,0.005178327053305856,1.6683409089584182
10.223826288406332,-0.0033553401277739425,0.005178327053305856,1.6683649472370055
10.22512679732571,-0.01823715224333733,0.005178327053305856,1.6683839751251606
10.22642730392151,-0.013283162386103609,0.005178327053305856,1.6684022804350196
10.227727808198345,-0.0070974682321494065,0.005178327053305856,1.6684199668219997
10.229028310160832,-0.0019434190227836101,0.005178327053305856,1.6684357269912602
10.230328809813583,0.004736171148330692,0.005178327053305856,1.6684514112660895
10.231629307161217,0.008474525189601678,0.005178327053305856,1.6684670095814782
10.232929802208348,0.004716367211393235,0.005178327053305856,1.6684825117389686
10.23423029495959,0.0031440853152922,0.005178327053305856,1.6684979074066595
10.23553078541956,0.0012589204870414594,0.005178327053305856,1.6685131861192075
10.23683127359287,0.0042029000926466775,0.005178327053305856,1.6685283372778281
10.238131759484137,0.004021748278640436,0.005178327053305856,1.6685433501502986
10.239432243097978,0.0006050294301895853,0.005178327053305856,1.668558213870957
10.240732724439004,-0.0012064064024150944,0.005178327053305856,1.6685735161412116
10.242033203511834,-0.003133941457220457,0.005178327053305856,1.6685929808761581
10.243333680321083,-0.0023154016720554615,0.005178327053305856,1.6686164425226213
10.244634154871365,-0.002579225732438184,0.005178327053305856,1.668643736485592
10.245934627167294,0.0030421474887962763,0.005178327053305856,1.6686746991282284
10.247235097213485,-0.0005872729436244839,0.005178327053305856,1.668709167771858
10.248535565014556,0.002755363720540638,0.005178327053305856,1.6687481004353333
10.249836030575123,0.007932597889537707,0.005178327053305856,1.6687913752141963
10.251136493899796,0.008338832909918104,0.005178327053305856,1.6688388714322802
10.252436954993195,0.018461692034321242,0.005178327053305856,1.6688555007875248
10.253737413859932,0.024122702183126066,0.005178327053305856,1.668916232148524
10.255037870504623,0.014265269449582618,0.005178327053305856,1.6689490109633656
10.256338324931884,0.011613249863227093,0.005178327053305856,1.6689858984386472
10.25763877714633,0.012189318390420922,0.005178327053305856,1.669029903495725
10.258939227152576,0.010695510499741934,0.005178327053305856,1.6690709711814113
10.260239674955237,0.008965271706387723,0.005178327053305856,1.6690919244845968
10.261540120558928,0.01560349560920904,0.005178327053305856,1.6691334360404997
10.262840563968263,0.010206272774667013,0.005178327053305856,1.6691629553692091
10.264141005187861,0.016270512739255505,0.005178327053305856,1.6691793189087765
10.265441444222333,0.019130782723800088,0.005178327053305856,1.6691998674897417
10.266741881076296,0.011989244260428356,0.005178327053305856,1.6692247098369601
10.268042315754368,0.010358783809024663,0.005178327053305856,1.669245274593428
10.26934274826116,0.00800553941867288,0.005178327053305856,1.6692699538570515
10.270643178601285,0.003131615120180564,0.005178327053305856,1.6692988537557705
10.271943606779365,0.007560372511925317,0.005178327053305856,1.6693259078855645
10.27324403280001,0.008459843031661807,0.005178327053305856,1.6693510100362579
10.27454445666784,0.006962289921211173,0.005178327053305856,1.669374053455106
10.275844878387465,-0.005452335288033572,0.005178327053305856,1.6693949308468095
10.277145297963502,-0.0003376879233460972,0.005178327053305856,1.6694135343735312
10.278445715400567,-0.004170898126224065,0.005178327053305856,1.6694297556549151
10.279746130703273,-0.005995575875060277,0.005178327053305856,1.6694434857680946
10.281046543876238,-0.011729233942842532,0.005178327053305856,1.6694546152477145
10.282346954924078,-0.012569101030275531,0.005178327053305856,1.6694462257870177
10.283647363851404,-0.009209157681423052,0.005178327053305856,1.6694308753383187
10.284947770662834,-0.010881338460797751,0.005178327053305856,1.6694658895037064
10.286248175362983,-0.013430892901962421,0.005178327053305856,1.669505484103159
10.287548577956464,-0.007040851688270067,0.005178327053305856,1.6695121579804746
10.288848978447897,-0.010804509825504072,0.005178327053305856,1.6695207906031155
10.290149376841892,-0.0044163766980882535,0.005178327053305856,1.6695314200588443
10.291449773143064,-0.009817477868110158,0.005178327053305856,1.6695440846434937
10.292750167356035,-0.006111176997478207,0.005178327053305856,1.669557119814201
10.294050559485413,-0.004667875036631575,0.005178327053305856,1.6695705051850567
10.295350949535816,0.004330411984464266,0.005178327053305856,1.6695786770670402
10.296651337511857,0.00935511286324786,0.005178327053305856,1.6695814430781937
10.297951723418157,0.002549131987391373,0.005178327053305856,1.669581194846674
10.299252107259326,0.0007365133842514027,0.005178327053305856,1.669578192755095
10.300552489039978,0.011820008852253316,0.005178327053305856,1.6695719870991255
10.301852868764731,0.0013211380441071618,0.005178327053305856,1.66960189602908
10.303153246438201,0.015424315049938908,0.005178327053305856,1.6696255575567216
10.304453622065003,0.019056668072172878,0.005178327053305856,1.6696428533750445
10.305753995649749,0.010536254090531605,0.005178327053305856,1.6696536635631738
10.307054367197058,0.015726545182990215,0.005178327053305856,1.6696731993523513
10.308354736711543,0.01660217035415612,0.005178327053305856,1.6696931620509499
10.309655104197818,0.02087799387014444,0.005178327053305856,1.6697136604936265
10.310955469660502,0.012959439481866841,0.005178327053305856,1.6697271418538782
10.312255833104205,0.0046135185181601646,0.005178327053305856,1.669747480213993
10.313556194533547,-0.0018105141455722062,0.005178327053305856,1.6697662120566015
10.314856553953142,0.0071287917821767355,0.005178327053305856,1.6697850719370861
10.316156911367605,0.0013121387377093008,0.005178327053305856,1.6697839164882953
10.317457266781549,0.006683700595311981,0.005178327053305856,1.6697772665800852
10.318757620199591,0.0016946309119547642,0.005178327053305856,1.6697464950856156
10.320057971626346,-0.0004134050337176731,0.005178327053305856,1.6696790858542574
10.321358321066429,-0.0005830034552576357,0.005178327053305856,1.669638783525202
10.322658668524456,0.00405783933828352,0.005178327053305856,1.6696227006726487
10.323959014005041,0.01025148454684377,0.005178327053305856,1.669610873040374
10.3252593575128,0.004310404038994298,0.005178327053305856,1.6695577056707631
10.326559699052348,-0.00019278670842415302,0.005178327053305856,1.669528211141169
10.3278600386283,0.0028223948935779397,0.005178327053305856,1.6695209163710685
10.329160376245271,0.002058010105462138,0.005178327053305856,1.6694882034923295
10.330460711907877,-0.003669676463332827,0.005178327053305856,1.6694691649998954
10.33176104562073,0.002056926142734561,0.005178327053305856,1.6694706775152421
10.33306137738845,0.0017100071007001283,0.005178327053305856,1.6694769864788648
10.33436170721565,0.002759082564995019,0.005178327053305856,1.6694883847791107
10.335662035106944,-0.0015927409970448725,0.005178327053305856,1.6694856615754743
10.336962361066949,-0.00022820062538309038,0.005178327053305856,1.6694952128790546
10.338262685100279,-0.004419184721399683,0.005178327053305856,1.6695077792987356
10.33956300721155,-0.0037866493800120526,0.005178327053305856,1.6695218950977266
10.340863327405375,0.002049240379534245,0.005178327053305856,1.669548768008096
10.342163645686373,0.0027357891573134285,0.005178327053305856,1.669588003407297
10.343463962059156,0.010298269707269325,0.005178327053305856,1.6696120468632631
10.344764276528341,0.0013765584759684035,0.005178327053305856,1.6696438085828558
10.346064589098543,-0.007032395357602139,0.005178327053305856,1.6696830672426866
10.347364899774375,-0.003147255590376874,0.005178327053305856,1.6697044465399293
10.348665208560453,-0.0046881652850796485,0.005178327053305856,1.6698061519178005
10.349965515461395,-0.0042685313217032395,0.005178327053305856,1.669943738467838
10.351265820481814,-0.006640845501383996,0.005178327053305856,1.6699798724749186
10.352566123626325,0.0021675156318663458,0.005178327053305856,1.6700212222393112
10.353866424899543,-0.01009603105411605,0.005178327053305856,1.6700739825960458
10.355166724306084,-0.0030893649741727813,0.005178327053305856,1.6701243970159307
10.356467021850563,0.001026514151359903,0.005178327053305856,1.6701712032576812
10.357767317537593,0.0033085650814155265,0.005178327053305856,1.6702728082733365
10.359067611371794,0.0006777738513730203,0.005178327053305856,1.6702976008681896
10.360367903357776,0.00405169273584427,0.005178327053305856,1.6703043752905136
10.361668193500158,0.008551158243772727,0.005178327053305856,1.6703030413749076
10.362968481803552,0.012359492446433196,0.005178327053305856,1.6703544755951423
10.364268768272577,0.02281960778165315,0.005178327053305856,1.6704057377490211
10.365569052911844,0.02281759872690725,0.005178327053305856,1.6704713580726835
10.366869335725971,0.007502430270008187,0.005178327053305856,1.6704795617542247
10.368169616719573,0.015553846863584742,0.005178327053305856,1.6704822210678751
10.369469895897264,-0.0010720282021838834,0.005178327053305856,1.670494350926557
10.37077017326366,0.005288471986905963,0.005178327053305856,1.670495640277322
10.372070448823376,-0.0008348414392476133,0.005178327053305856,1.6704041462024621
10.373370722581026,-0.0036324489464021337,0.005178327053305856,1.670360771016804
10.374670994541226,0.005809033521359863,0.005178327053305856,1.6703445619434245
10.375971264708593,-0.002756591231898309,0.005178327053305856,1.6703465534976685
10.377271533087738,-0.007467941437853787,0.005178327053305856,1.6702817670120746
10.37857179968328,-0.004158801290443659,0.005178327053305856,1.6702676742392812
10.379872064499835,-0.010729750501092816,0.005178327053305856,1.6702726936399008
10.381172327542014,-0.004201950422128231,0.005178327053305856,1.670302421456518
10.382472588814434,-0.0027633472710546503,0.005178327053305856,1.6703371624166108
10.383772848321712,0.0013734067488433421,0.005178327053305856,1.6703652581790025
10.38507310606846,0.00037833286439981073,0.005178327053305856,1.6704027256058804
10.386373362059295,-0.0011811027646335681,0.005178327053305856,1.6704388361381666
10.387673616298834,0.004059342923678599,0.005178327053305856,1.6704718467828406
10.388973868791687,0.0007257221181931062,0.005178327053305856,1.6705018644568226
10.390274119542473,-0.003958247517595215,0.005178327053305856,1.6705289950214475
10.391574368555808,-0.005256846638607371,0.005178327053305856,1.6705573991044276
10.392874615836304,-0.0047421847521922356,0.005178327053305856,1.670587036629085
10.394174861388578,-0.00612770276782304,0.005178327053305856,1.670617867479708
10.395475105217246,-0.004316070664701854,0.005178327053305856,1.6706498515015547
10.39677534732692,-0.002889329568547039,0.005178327053305856,1.6706829485008503
10.39807558772222,-0.003670287295377328,0.005178327053305856,1.6707171182447889
10.399375826407757,0.0009253395376584983,0.005178327053305856,1.6707523204615315
10.400676063388149,-0.0040682403685994295,0.005178327053305856,1.670788514840209
10.401976298668009,0.0063538142657340035,0.005178327053305856,1.6708256610309216
10.403276532251951,0.004331825091314689,0.005178327053305856,1.6708637186447333
10.404576764144593,0.00830922869482742,0.005178327053305856,1.6709026472536803
10.405876994350551,0.010954807977120895,0.005178327053305856,1.670942406390769
10.407177222874438,0.014023254007260233,0.005178327053305856,1.6709829555499707
10.408477449720868,0.014723891253316967,0.005178327053305856,1.671009695635525
10.409777674894459,0.014642814643224922,0.005178327053305856,1.671036335586214
10.411077898399824,0.015383388486342575,0.005178327053305856,1.6709840373730411
10.41237812024158,0.018499573701543426,0.005178327053305856,1.6709562502571003
10.413678340424344,0.014003259187526762,0.005178327053305856,1.6709604474803754
10.414978558952727,0.0073229961230669716,0.005178327053305856,1.6709922079374901
10.416278775831344,0.0004883633667855936,0.005178327053305856,1.6710283877616763
10.417578991064813,0.0023580766051665147,0.005178327053305856,1.6710693187658472
10.418879204657749,0.003906426585712053,0.005178327053305856,1.671115316503342
10.420179416614763,0.010406341198651248,0.005178327053305856,1.6711663196454074
10.421479626940476,0.019545564800973025,0.005178327053305856,1.6712179706743986
10.4227798356395,0.011926692376239556,0.005178327053305856,1.6712680169427179
10.42408004271645,0.019087650984108695,0.005178327053305856,1.6713164699204937
10.425380248175944,0.027477138930255274,0.005178327053305856,1.671363340411153
10.426680452022593,0.028495885124678155,0.005178327053305856,1.6714001052467287
10.427980654261015,0.021908778436300347,0.005178327053305856,1.671445727346458
10.429280854895824,0.02763821693963764,0.005178327053305856,1.671496079597314
10.430581053931636,0.015502845792515041,0.005178327053305856,1.671517772025445
10.431881251373067,0.010791332021101718,0.005178327053305856,1.6716141426858284
10.43318144722473,0.00856289715499825,0.005178327053305856,1.6716899870468371
10.434481641491239,0.009911927147292943,0.005178327053305856,1.6717702446067524
10.435781834177213,-0.00709757712756609,0.005178327053305856,1.671852905001088
10.437082025287266,-0.0011558446201500594,0.005178327053305856,1.6718833401994928
10.438382214826012,-0.009531851057665852,0.005178327053305856,1.671951798749037
10.439682402798066,-0.0042706149124625,0.005178327053305856,1.6720252106834894
10.440982589208044,-0.00499796420248777,0.005178327053305856,1.6720825526406262
10.442282774060564,-0.006371176378054733,0.005178327053305856,1.6721846790575263
10.443582957360237,-0.005835994122169064,0.005178327053305856,1.6722823709184822
10.444883139111678,-0.0048364939302503185,0.005178327053305856,1.6723623397168392
10.446183319319504,-0.00828354980582513,0.005178327053305856,1.672422161516255
10.44748349798833,-0.0055697899258353445,0.005178327053305856,1.6725185238122746
10.44878367512277,-0.002461815272820189,0.005178327053305856,1.672569563392634
10.450083850727443,0.0004248921036855702,0.005178327053305856,1.672637774106325
10.45138402480696,0.0040400082958746975,0.005178327053305856,1.6727399513698376
10.452684197365937,0.0067907328294090075,0.005178327053305856,1.6728788180839502
10.453984368408989,0.002624434839639367,0.005178327053305856,1.6730305240292753
10.455284537940734,0.003989871412168888,0.005178327053305856,1.6731380700232796
10.456584705965783,0.0005716583467487713,0.005178327053305856,1.6732399752404272
10.457884872488755,0.0029120965807389876,0.005178327053305856,1.6733156923918742
10.45918503751426,0.011503168606222358,0.005178327053305856,1.6733692140151137
10.46048520104692,0.003564401909352144,0.005178327053305856,1.6733820703148248
10.461785363091344,0.007803232977111607,0.005178327053305856,1.6733919983855436
10.463085523652154,0.008531673242899718,0.005178327053305856,1.6734194374131213
10.464385682733958,0.006379538141749297,0.005178327053305856,1.6734428015801694
10.465685840341374,0.01026227277373759,0.005178327053305856,1.6734495026376104
10.466985996479018,-0.004128690768314458,0.005178327053305856,1.673418495836808
10.468286151151505,0.0038136383908824456,0.005178327053305856,1.6734069617553744
10.46958630436345,0.0027896137704019885,0.005178327053305856,1.6734043261638392
10.470886456119468,-0.00611140623762596,0.005178327053305856,1.6733710839821963
10.472186606424174,0.0004984223236945695,0.005178327053305856,1.6733189654124827
10.473486755282181,0.0031464317283331766,0.005178327053305856,1.6732953598571296
10.474786902698108,0.0026724205446948535,0.005178327053305856,1.673256011722084
10.47608704867657,0.00576624804798076,0.005178327053305856,1.6732544496296538
10.47738719322218,0.0023555618277188994,0.005178327053305856,1.6732216924105767
10.478687336339553,0.0008754612801522565,0.005178327053305856,1.6732056113940594
10.479987478033305,0.001874759526608205,0.005178327053305856,1.673194862333032
10.481287618308052,0.0026542756496437114,0.005178327053305856,1.6731957846619605
10.482587757168409,0.0003234612668807646,0.005178327053305856,1.673208883488567
10.48388789461899,0.008075957402112088,0.005178327053305856,1.6732233520196762
10.48518803066441,0.0059130308301944545,0.005178327053305856,1.6732376429277906
10.486488165309286,-0.0024227076516016854,0.005178327053305856,1.6732518155989404
10.487788298558232,0.0054641241171946575,0.005178327053305856,1.6732680840663063
10.489088430415864,0.007204087634040013,0.005178327053305856,1.6732864301147912
10.490388560886794,0.007976954418170923,0.005178327053305856,1.6733068354828837
10.491688689975641,0.016298178893727755,0.005178327053305856,1.6733313910838392
10.49298881768702,0.008690423691318339,0.005178327053305856,1.673358312793662
10.494288944025545,0.013248366649967203,0.005178327053305856,1.673389558452283
10.49558906899583,0.017027933714054644,0.005178327053305856,1.673424901956564
10.496889192602492,0.020184300126651955,0.005178327053305856,1.6734641178051441
10.498189314850144,0.027483771274726454,0.005178327053305856,1.6734989119316526
10.499489435743406,0.02488787999756159,0.005178327053305856,1.6735293461832905
10.500789555286888,0.03955117506604289,0.005178327053305856,1.6735656570294521
10.502089673485207,0.03623514234569902,0.005178327053305856,1.6736024177855584
10.503389790342977,0.0194416347521007,0.005178327053305856,1.6736421229868903
10.504689905864815,0.01638432647616317,0.005178327053305856,1.6736790629024982
10.505990020055336,0.017354347286782312,0.005178327053305856,1.6737154481712773
10.507290132919154,0.012725134118439785,0.005178327053305856,1.6737532669764181
10.508590244460887,0.008970435440652569,0.005178327053305856,1.6737939363546643
10.509890354685147,0.009103930938428206,0.005178327053305856,1.673837426546199
10.51119046359655,0.003190399922263998,0.005178327053305856,1.6738800248446817
10.512490571199711,-0.001596476903206634,0.005178327053305856,1.6739251146646448
10.513790677499246,0.0055022823464685455,0.005178327053305856,1.673965992814117
10.51509078249977,0.002317165062369675,0.005178327053305856,1.6740024115083407
10.516390886205897,-0.00014766635161067576,0.005178327053305856,1.6740341214862424
10.517690988622244,0.002558659724920531,0.005178327053305856,1.674069988176903
10.518991089753426,0.0019862188781754053,0.005178327053305856,1.6741100758865346
10.520291189604057,0.010890597595067275,0.005178327053305856,1.6741577317245242
10.521591288178751,0.00476444346223448,0.005178327053305856,1.6742129050680163
10.522891385482126,0.0009349621602332547,0.005178327053305856,1.6742652334779407
10.524191481518796,0.0008612881188057031,0.005178327053305856,1.6743143113469374
10.525491576293376,0.0028999984254531874,0.005178327053305856,1.674362479913366
10.526791669810482,-0.003610285633386834,0.005178327053305856,1.6744032365544728
10.528091762074727,-0.0005825463153581456,0.005178327053305856,1.674436611161208
10.52939185309073,0.0070768793247673045,0.005178327053305856,1.6744695711486093
10.530691942863102,-0.0031636370292640326,0.005178327053305856,1.6745018963474534
10.53199203139646,0.0004174474380649329,0.005178327053305856,1.6745274404093746
10.53329211869542,-0.01487838464969271,0.005178327053305856,1.6745704209706056
10.534592204764595,-0.022112280030560205,0.005178327053305856,1.674606457706216
10.535892289608602,-0.0030433661605606677,0.005178327053305856,1.6746459613090119
10.537192373232056,-0.003903931319830578,0.005178327053305856,1.6746735211980384
10.538492455639572,-0.005980509028804315,0.005178327053305856,1.6746921985201433
10.539792536835764,-0.005457997402862791,0.005178327053305856,1.674701661555022
10.54109261682525,-0.004710853876326748,0.005178327053305856,1.6747527437728034
10.54239269561264,-0.015239524672935323,0.005178327053305856,1.6748170657962222
10.543692773202556,-0.001504973521871955,0.005178327053305856,1.6748861204508474
10.544992849599609,-0.00415263368536456,0.005178327053305856,1.6749599042373244
10.546292924808414,0.0010433689412467917,0.005178327053305856,1.675035180418519
10.547592998833588,-0.005218329094498486,0.005178327053305856,1.675115912806966
10.548893071679746,-0.008132932793674108,0.005178327053305856,1.6752447038997382
10.5501931433515,-0.011335737134729795,0.005178327053305856,1.6753398576117702
10.551493213853469,-0.0007914519258578334,0.005178327053305856,1.6754500399132068
10.552793283190265,-0.0027847957846312,0.005178327053305856,1.675606889783163
10.554093351366507,0.00793327293171675,0.005178327053305856,1.675724659419209
10.555393418386807,0.00529421645652417,0.005178327053305856,1.6758365525420489
10.556693484255783,0.00430854195893704,0.005178327053305856,1.6759441123517855
10.557993548978047,0.019475304642838198,0.005178327053305856,1.6760181422703184
10.559293612558216,0.009664945710712303,0.005178327053305856,1.6760834676061722
10.560593675000904,0.0019687815657591923,0.005178327053305856,1.6761602903535766
10.561893736310727,0.006498862734621413,0.005178327053305856,1.6762179949104812
10.563193796492302,0.01518230561167222,0.005178327053305856,1.676247406135519
10.56449385555024,0.008916667580449733,0.005178327053305856,1.676298649719783
10.56579391348916,0.0024275200172951816,0.005178327053305856,1.6763193431726062
10.567093970313675,-0.003952028113433537,0.005178327053305856,1.6763893445612423
10.5683940260284,0.00302402255642531,0.005178327053305856,1.6764675654668175
10.569694080637952,0.006635150643883758,0.005178327053305856,1.676554935103808
10.570994134146945,0.004639967205400941,0.005178327053305856,1.676643336984604
10.572294186559995,0.004844286948933352,0.005178327053305856,1.6767282084792818
10.573594237881716,0.001561488293480684,0.005178327053305856,1.676799970778016
10.574894288116722,0.001917170920195499,0.005178327053305856,1.676871615688371
10.576194337269632,0.0005203202419516995,0.005178327053305856,1.676937842187855
10.577494385345059,0.008414576495160198,0.005178327053305856,1.6770440050319153
10.578794432347616,0.010347748578317217,0.005178327053305856,1.6771217614574327
10.580094478281922,0.0010774603367995628,0.005178327053305856,1.6771852082202938
10.58139452315259,0.014789903585471942,0.005178327053305856,1.6772514254146194
10.582694566964237,0.012500230869386897,0.005178327053305856,1.6773188984804692
10.583994609721476,0.009112451717796954,0.005178327053305856,1.6774084934154079
10.585294651428923,0.008143492367001182,0.005178327053305856,1.6774907945040325
10.586594692091191,0.007682342250925345,0.005178327053305856,1.6775811539169219
10.587894731712899,0.004695061643013698,0.005178327053305856,1.6776938637365597
10.589194770298661,0.013459958434650865,0.005178327053305856,1.6777700219186844
10.590494807853092,0.007892265004237453,0.005178327053305856,1.6778109983283573
10.591794844380807,0.0031675747284654054,0.005178327053305856,1.6778665865578635
10.59309487988642,0.01198805266782399,0.005178327053305856,1.6779148165168882
10.594394914374549,0.0022795251463230137,0.005178327053305856,1.677961986329353
10.595694947849806,-0.00027378441006975507,0.005178327053305856,1.6780082895891086
10.596994980316808,0.008509824030788149,0.005178327053305856,1.6780588983714946
10.59829501178017,0.00028526092276615067,0.005178327053305856,1.6781138287066724
10.599595042244507,-0.0027053300127592994,0.005178327053305856,1.6781730973712947
10.600895071714433,0.0014202050722831316,0.005178327053305856,1.6782280564690017
10.602195100194564,-0.0016800189515497888,0.005178327053305856,1.6782822737192111
10.603495127689516,-7.807164845385905e-05,0.005178327053305856,1.678335823111645
10.604795154203904,-0.002828800339159443,0.005178327053305856,1.6783921507911759
10.606095179742344,0.0020168719841835436,0.005178327053305856,1.6784512100191469
10.60739520430945,0.010438015185297633,0.005178327053305856,1.6785240075034975
10.608695227909834,0.011279766110806166,0.005178327053305856,1.6785836093252076
10.609995250548117,0.0020017646367136432,0.005178327053305856,1.6786457671464716
10.61129527222891,0.0036779469945289467,0.005178327053305856,1.6787098211042346
10.61259529295683,-0.005162344389207263,0.005178327053305856,1.6787563751030246
10.613895312736492,-0.00526828813869451,0.005178327053305856,1.678785780750867
10.615195331572512,-4.8172802697976635e-06,0.005178327053305856,1.6788108304362925
10.616495349469503,-0.01324366226829965,0.005178327053305856,1.6788434684327211
10.61779536643208,-0.008537096514147802,0.005178327053305856,1.6789057749307263
10.619095382464863,-0.009344500949634016,0.005178327053305856,1.6789197765134947
10.620395397572462,-0.009780551378173685,0.005178327053305856,1.6789266063275143
10.621695411759493,0.00034253313684917686,0.005178327053305856,1.6789262399766995
10.622995425030572,-0.006624853982147183,0.005178327053305856,1.6789279935632893
10.624295437390314,-0.007398511166002875,0.005178327053305856,1.6788851398392652
10.625595448843336,-0.00415966496113529,0.005178327053305856,1.6788692965280747
10.62689545939425,-0.012568868517252252,0.005178327053305856,1.6788518840762432
10.628195469047673,-0.011751891207723464,0.005178327053305856,1.6788295567810048
10.629495477808222,-0.00833739503384634,0.005178327053305856,1.678812273288022
10.630795485680508,-0.004337315048781765,0.005178327053305856,1.6788032189338908
10.63209549266915,-0.011138002916850853,0.005178327053305856,1.6787786737322739
10.633395498778759,-0.0023651375166451327,0.005178327053305856,1.6787711732630712
10.634695504013953,-0.005380630715542178,0.005178327053305856,1.6787830758826587
10.635995508379347,-0.01175066332180319,0.005178327053305856,1.6787977065126507
10.637295511879556,-0.018872090492076055,0.005178327053305856,1.6788150287042396
10.638595514519196,-0.021631391528176946,0.005178327053305856,1.6788350057629375
10.63989551630288,-0.01346196580741954,0.005178327053305856,1.6788576007485818
10.641195517235225,-0.012445694006405716,0.005178327053305856,1.678882776475332
10.642495517320844,-0.007416518471115241,0.005178327053305856,1.678910495511675
10.643795516564357,-0.005294419682381646,0.005178327053305856,1.678940720180416
10.645095514970373,0.0003894984254106948,0.005178327053305856,1.6789803267884726
10.646395512543512,-0.0011075720274760226,0.005178327053305856,1.6790290319809027
10.647695509288386,0.0008306937607118758,0.005178327053305856,1.6790734039765707
10.648995505209614,-0.002071330910546232,0.005178327053305856,1.6791136287055053
10.650295500311804,0.005712464640809545,0.005178327053305856,1.6791737780319806
10.65159549459958,0.0006205525245446264,0.005178327053305856,1.6792389272607218
10.65289548807755,-0.004209055131110029,0.005178327053305856,1.6793089214697998
10.654195480750335,-0.0028436661659019258,0.005178327053305856,1.6793663949658302
10.655495472622546,0.012213056175593984,0.005178327053305856,1.6794115719527078
10.656795463698801,0.005184103228827119,0.005178327053305856,1.6794754514750692
10.65809545398371,0.00639112807819342,0.005178327053305856,1.6795516465118165
10.659395443481895,0.015698545665006725,0.005178327053305856,1.6796388283790775
10.660695432197965,0.0013766647874451365,0.005178327053305856,1.6797278786289929
10.661995420136542,0.014030928957804889,0.005178327053305856,1.679818833538676
10.663295407302236,0.009599383148365837,0.005178327053305856,1.679911728942496
10.664595393699662,0.0029238122394679156,0.005178327053305856,1.6800066002320748
10.665895379333437,0.007535816663417627,0.005178327053305856,1.680105393235387
10.667195364208178,0.00845027380967145,0.005178327053305856,1.6802080962054773
10.668495348328495,0.011481573186032268,0.005178327053305856,1.6803099915556758
10.669795331699008,0.0056560514497561165,0.005178327053305856,1.680410194830711
10.67109531432433,0.004614790337635677,0.005178327053305856,1.6805085052217594
10.672395296209075,0.006987543226409709,0.005178327053305856,1.6806047206433619
10.673695277357863,0.007394495705096871,0.005178327053305856,1.6807052234929933
10.674995257775304,0.00896890013024132,0.005178327053305856,1.6808106795606181
10.676295237466014,0.014708165090903336,0.005178327053305856,1.6809210904317287
10.67759521643461,0.020200454321631423,0.005178327053305856,1.6810499352025707
10.678895194685708,0.016701117885973282,0.005178327053305856,1.6811777469802596
10.680195172223922,0.009283026996869337,0.005178327053305856,1.6813047277098487
10.681495149053866,0.0006039272166669107,0.005178327053305856,1.681431078431899
10.682795125180153,0.03252566244269284,0.005178327053305856,1.6815645281856797
10.684095100607404,0.014805767689374472,0.005178327053305856,1.6817050092201336
10.68539507534023,0.02306951365817933,0.005178327053305856,1.681859983669524
10.686695049383248,0.023778423727088827,0.005178327053305856,1.6820271437041965
10.687995022741074,0.012822188190783068,0.005178327053305856,1.6821906611522448
10.689294995418319,0.012966829524242662,0.005178327053305856,1.68236332031214
10.690594967419601,0.008779577874098665,0.005178327053305856,1.6825449713386051
10.69189493874954,0.005453599343093973,0.005178327053305856,1.6827128570274754
10.69319490941274,0.00712057731407989,0.005178327053305856,1.6828809315005309
10.694494879413826,0.002233754559540335,0.005178327053305856,1.6830492097521965
10.695794848757409,0.006580605712616983,0.005178327053305856,1.6832177061058304
10.697094817448104,0.011146185261716957,0.005178327053305856,1.6833796449276495
10.698394785490528,0.008337366163128523,0.005178327053305856,1.683534803466612
10.699694752889297,0.0039635196873215595,0.005178327053305856,1.683700937625936
10.700994719649021,0.006855089835732908,0.005178327053305856,1.6838665842598182
10.70229468577432,0.010195975855689321,0.005178327053305856,1.6840317305509225
10.703594651269805,0.007965956478589886,0.005178327053305856,1.6841996940335924
10.704894616140098,0.005147820950701432,0.005178327053305856,1.684373000567298
10.706194580389807,0.005502340636980962,0.005178327053305856,1.6845516653236632
10.707494544023554,0.00697879265570811,0.005178327053305856,1.6847352341116242
10.708794507045946,-0.0019730255804080166,0.005178327053305856,1.6849199809403876
10.710094469461605,0.0014401634146572473,0.005178327053305856,1.685107276889688
10.711394431275142,0.003375294130126605,0.005178327053305856,1.6852854701137288
10.712694392491175,0.003924039387456668,0.005178327053305856,1.6854633688410336
10.713994353114318,0.00906189373263766,0.005178327053305856,1.6856580397330663
10.715294313149187,-0.0010001623766606738,0.005178327053305856,1.685846909715142
10.716594272600394,0.002795215362118242,0.005178327053305856,1.68603480339176
10.717894231472558,0.007878579389423379,0.005178327053305856,1.6862519931950466
10.719194189770294,0.0006025807967160457,0.005178327053305856,1.686406317608584
10.720494147498215,0.0059951287056616565,0.005178327053305856,1.6865102520931932
10.721794104660935,0.0034864286590932103,0.005178327053305856,1.6866972239083993
10.723094061263074,0.0004959441731600123,0.005178327053305856,1.6868719138840058
10.724394017309242,0.005970890903711057,0.005178327053305856,1.6870372394311226
10.72569397280406,-0.0014102785566150189,0.005178327053305856,1.6872066286087617
10.726993927752137,0.000821729702777052,0.005178327053305856,1.6874364641812742
10.728293882158093,0.0026299562081011363,0.005178327053305856,1.6875927628757572
10.72959383602654,-0.002877189008292369,0.005178327053305856,1.6878041116685458
10.730893789362092,-0.0027126728728443794,0.005178327053305856,1.687975162177142
10.732193742169368,-0.003334812471026849,0.005178327053305856,1.6881882271437534
10.733493694452983,-0.012773284740872803,0.005178327053305856,1.68837880345575
10.73479364621755,-0.0067155187958429785,0.005178327053305856,1.6885321189606994
10.736093597467685,-0.009859069294533507,0.005178327053305856,1.688688234516507
10.737393548208004,-0.019268812416183057,0.005178327053305856,1.688876721317694
10.73869349844312,-0.012426784767520571,0.005178327053305856,1.6890581989255655
10.73999344817765,-0.0007569394801603124,0.005178327053305856,1.6892643327560843
10.741293397416207,-0.011151885384927951,0.005178327053305856,1.6894734429670841
10.742593346163412,-0.004837347118601398,0.005178327053305856,1.6896802746804733
10.743893294423872,-0.006107941336368938,0.005178327053305856,1.6898849299599505
10.745193242202209,-0.00804248681014541,0.005178327053305856,1.6900919505761443
10.746493189503033,-0.004109277623663088,0.005178327053305856,1.6903012788400533
10.747793136330962,-0.003638377607832588,0.005178327053305856,1.6905128570373273
10.74909308269061,0.0027408078096247124,0.005178327053305856,1.6907266274282573
10.750393028586593,-0.0014273844650991574,0.005178327053305856,1.6909348221552656
10.751692974023529,-0.00879138710749805,0.005178327053305856,1.691137115723021
10.752992919006028,-0.00025767803817267065,0.005178327053305856,1.691333180745456
10.754292863538709,-0.0018409730976078897,0.005178327053305856,1.691534357988932
10.755592807626183,-0.009744152744783907,0.005178327053305856,1.6917376592700235
10.75689275127307,-0.009190859664757856,0.005178327053305856,1.691943268142524
10.75819269448398,-0.007244954470116971,0.005178327053305856,1.6921513683255425
10.759492637263532,-0.007769438243076632,0.005178327053305856,1.6923753466161404
10.760792579616341,-0.008810538078133368,0.005178327053305856,1.6926501967518648
10.762092521547022,-0.01807320401407364,0.005178327053305856,1.6928651263779786
10.763392463060189,-0.012619127397613061,0.005178327053305856,1.6930871155459242
10.764692404160456,-0.002622991310079037,0.005178327053305856,1.6933309893008326
10.765992344852442,-0.002236482782080218,0.005178327053305856,1.6935959572637675
10.76729228514076,-0.009767094480612304,0.005178327053305856,1.6938406767653722
10.768592225030027,-0.015020349560760815,0.005178327053305856,1.6940665088283007
10.769892164524853,-0.014184914456187858,0.005178327053305856,1.694286866281147
10.77119210362986,-0.016290636826459703,0.005178327053305856,1.694508311088307
10.772492042349656,-0.0206539406875883,0.005178327053305856,1.6947307842367014
10.773791980688863,-0.003679832936074323,0.005178327053305856,1.6949707882429217
10.77509191865209,-0.006897370055634067,0.005178327053305856,1.695201493637816
10.776391856243958,-0.009379641268266514,0.005178327053305856,1.6954320813764583
10.777691793469078,-0.007684014537858053,0.005178327053305856,1.695662519278486
10.778991730332068,-0.0037281814627085907,0.005178327053305856,1.695892774818692
10.780291666837542,-0.006571443057279414,0.005178327053305856,1.6961228151270256
10.781591602990114,1.1490067919339708e-06,0.005178327053305856,1.6963526069885972
10.7828915387944,-0.002465755058232988,0.005178327053305856,1.69658211684367
10.784191474255014,-0.007788978267286639,0.005178327053305856,1.6968113107876661
10.785491409376574,-0.001873754051262999,0.005178327053305856,1.6970401545711649
10.786791344163696,-0.005970557472948723,0.005178327053305856,1.6972720107380075
10.788091278620989,-0.0020956304635162404,0.005178327053305856,1.6975069623026862
10.789391212753074,0.00016829802730500276,0.005178327053305856,1.6977392722568831
10.790691146564564,0.0027826621268807195,0.005178327053305856,1.6979688224729403
10.791991080060072,-0.00969501787644722,0.005178327053305856,1.6981999445173939
10.79329101324422,0.0029477817918011073,0.005178327053305856,1.6984326729325396
10.794590946121614,-0.004519468540448601,0.005178327053305856,1.6986670424063157
10.795890878696877,-0.007830845148113053,0.005178327053305856,1.698903087772303
10.797190810974621,-0.002805963405457579,0.005178327053305856,1.69914427850074
10.798490742959459,-0.0005450359440151153,0.005178327053305856,1.6993699697807623
10.79979067465601,-0.0023536784606477124,0.005178327053305856,1.699597841967253
10.801090606068888,-0.004482073779848994,0.005178327053305856,1.6998503325624053
10.802390537202708,-0.010908774071959337,0.005178327053305856,1.7000294352026069
10.803690468062085,-0.002539885013173704,0.005178327053305856,1.7002337486583983
10.804990398651631,0.00764747961168033,0.005178327053305856,1.7004342591947548
10.806290328975965,-0.0011646292468274755,0.005178327053305856,1.7006373692038794
10.807590259039705,0.004659711828445934,0.005178327053305856,1.7008992472452904
10.80889018884746,0.010181986712761049,0.005178327053305856,1.7011299797179968
10.810190118403847,0.00572235377879271,0.005178327053305856,1.7013446827486634
10.811490047713484,0.01250242817780367,0.005178327053305856,1.7015742349673877
10.812789976780982,0.007700178871210106,0.005178327053305856,1.7017568284578057
10.814089905610961,0.005933533834235893,0.005178327053305856,1.701940280052996
10.81538983420803,0.0058725015208089815,0.005178327053305856,1.7021386594851018
10.81668976257681,0.006977531315888852,0.005178327053305856,1.7023557619947978
10.817989690721914,0.011357079548703908,0.005178327053305856,1.7025343832643234
10.819289618647957,0.011953798235730062,0.005178327053305856,1.7027659476748167
10.820589546359551,0.006622407181282597,0.005178327053305856,1.702988705494634
10.821889473861317,0.01791202871569042,0.005178327053305856,1.7031838149743894
10.823189401157869,0.021833073308210826,0.005178327053305856,1.7033457516647499
10.824489328253819,0.024376314436119095,0.005178327053305856,1.7034648504986563
10.825789255153783,0.01675379762669227,0.005178327053305856,1.7036285800311797
10.827089181862378,0.006719655810945024,0.005178327053305856,1.7038088015720583
10.828389108384217,0.010324144569613614,0.005178327053305856,1.7040113734995013
10.829689034723916,0.02582340640187497,0.005178327053305856,1.7042700095808092
10.830988960886094,0.002381477214523642,0.005178327053305856,1.7045294242820117
10.832288886875359,0.008303329421809558,0.005178327053305856,1.7047531506935631
10.83358881269633,0.004560482226707352,0.005178327053305856,1.7050242816011074
10.834888738353625,0.001061851101454847,0.005178327053305856,1.7052406996352296
10.836188663851855,0.016405437727160077,0.005178327053305856,1.7054533836933987
10.837488589195635,-0.00041914631002004654,0.005178327053305856,1.7056721197464921
10.83878851438958,0.007503011513850577,0.005178327053305856,1.7058645566630082
10.840088439438311,0.009380734982510353,0.005178327053305856,1.7060628760641037
10.841388364346438,-0.0004911258327540136,0.005178327053305856,1.7062814588769961
10.842688289118575,0.004058338612831447,0.005178327053305856,1.706502078543475
10.843988213759339,0.0025205223861963777,0.005178327053305856,1.7067249544859018
10.845288138273347,0.008452299190341739,0.005178327053305856,1.706941210359821
10.846588062665214,0.017517840236427107,0.005178327053305856,1.7071545888395252
10.847887986939549,0.009339383414015856,0.005178327053305856,1.7073719777133984
10.849187911100977,0.010222312334515316,0.005178327053305856,1.7075933907890497
10.850487835154105,0.0167960832639229,0.005178327053305856,1.7078188429876682
10.851787759103551,0.027540753162997866,0.005178327053305856,1.7080474395571534
10.853087682953932,0.012166950799492371,0.005178327053305856,1.7082791660218413
10.854387606709862,0.010973583283863997,0.005178327053305856,1.7085140087992865
10.855687530375954,0.012060411833298534,0.005178327053305856,1.7087519552002541
10.856987453956828,0.013125113940082311,0.005178327053305856,1.7089929934287311
10.858287377457092,0.01167219277439524,0.005178327053305856,1.7092450743848868
10.859587300881369,0.00448933449354838,0.005178327053305856,1.7094882467108405
10.860887224234268,0.015498245375309194,0.005178327053305856,1.7097240665401805
10.862187147520407,-0.0012934772447772414,0.005178327053305856,1.7099789876041382
10.863487070744402,0.004565138654804013,0.005178327053305856,1.7102265384758484
10.864786993910867,0.012721782094708534,0.005178327053305856,1.7104645576957127
10.866086917024415,0.003916612281264609,0.005178327053305856,1.7106929910335817
10.867386840089665,0.0018790591426307568,0.005178327053305856,1.7109117822675697
10.868686763111231,0.0036890191115357407,0.005178327053305856,1.7111292305137118
10.869986686093727,-0.002329464802033776,0.005178327053305856,1.711349551964622
10.871286609041768,-0.0040562100460765915,0.005178327053305856,1.7115728352725135
10.87258653195997,-0.0027755814964629533,0.005178327053305856,1.7117991701188604
10.87388645485295,0.001305050976610156,0.005178327053305856,1.712026281749145
10.875186377725319,-0.005046907954042501,0.005178327053305856,1.7122541797703807
10.876486300581696,-0.0022471406228825597,0.005178327053305856,1.7124805087824897
10.877786223426694,0.0016620283706079153,0.005178327053305856,1.7127051971733964
10.87908614626493,0.0016734209583362247,0.005178327053305856,1.71292817321562
10.880386069101018,0.001165282173077431,0.005178327053305856,1.7131525315228964
10.881685991939571,0.006438016129407531,0.005178327053305856,1.7133819025739576
10.882985914785209,0.013417692071740372,0.005178327053305856,1.713612835970986
10.884285837642544,0.005590048122719793,0.005178327053305856,1.713845164175335
10.88558576051619,0.008106903604949256,0.005178327053305856,1.7140787204269636
10.886885683410764,0.013819155868730837,0.005178327053305856,1.714313338744438
10.888185606330884,0.008803807634327532,0.005178327053305856,1.71454885392493
10.88948552928116,0.0017980945262194847,0.005178327053305856,1.7147851015442153
10.89078545226621,-0.0010463371943385535,0.005178327053305856,1.715003429869508
10.892085375290648,0.0049658022097038845,0.005178327053305856,1.7152040930607244
10.893385298359089,0.00222754315967566,0.005178327053305856,1.7154014522024519
10.894685221476152,0.00800724624821103,0.005178327053305856,1.7155952534310501
10.895985144646447,0.008355924926582325,0.005178327053305856,1.7157937622985595
10.897285067874591,-0.0036011852936166378,0.005178327053305856,1.7159970201825494
10.8985849911652,0.0030781910144019875,0.005178327053305856,1.7162014640710777
10.899884914522888,-0.0035152708478305428,0.005178327053305856,1.7164000794299492
10.901184837952272,-0.004442709086251773,0.005178327053305856,1.7165927903694864
10.902484761457966,-0.006267184349780797,0.005178327053305856,1.7167856576850715
10.903784685044583,-0.00974215636844411,0.005178327053305856,1.7169788168533273
10.905084608716743,-0.007959522939376296,0.005178327053305856,1.717170837674301
10.906384532479056,-0.004931390357806986,0.005178327053305856,1.7173616635710576
10.907684456336142,0.002703848069868231,0.005178327053305856,1.717551238219525
10.908984380292612,-0.001740705880119764,0.005178327053305856,1.7177395055485039
10.910284304353082,-0.003762729283699917,0.005178327053305856,1.7179264097396576
10.911584228522171,-0.014613335781331838,0.005178327053305856,1.7181315126727899
10.91288415280449,0.003336985638425327,0.005178327053305856,1.718321035655561
10.914184077204656,-0.008507722068473056,0.005178327053305856,1.7185015987707883
10.915484001727284,-0.0033670750306622477,0.005178327053305856,1.71867325742917
10.916783926376988,-0.005932178320465109,0.005178327053305856,1.7188459107869964
10.918083851158382,-0.007788983412117867,0.005178327053305856,1.719015508968959
10.919383776076087,-0.0035136621241227406,0.005178327053305856,1.719134511013047
10.920683701134713,-0.007303268026173537,0.005178327053305856,1.7192838747570658
10.921983626338875,-0.002792550149417483,0.005178327053305856,1.7194153525014892
10.923283551693192,0.005857671088405736,0.005178327053305856,1.7194948738013842
10.924583477202276,0.0006915260484707808,0.005178327053305856,1.719607604154619
10.925883402870744,-0.003531229985672013,0.005178327053305856,1.7197216169263079
10.927183328703208,0.00864594415181763,0.005178327053305856,1.7198401840994262
10.928483254704286,-0.0020907896790978153,0.005178327053305856,1.7199936219451804
10.929783180878594,-0.0012195784563910905,0.005178327053305856,1.7201275387618518
10.931083107230744,0.010532593560219183,0.005178327053305856,1.7202467113638271
10.932383033765355,0.008188549114398258,0.005178327053305856,1.720401647453437
10.933682960487038,0.00927367301031512,0.005178327053305856,1.7205642540633752
10.934982887400412,0.007912055454552647,0.005178327053305856,1.720697971393121
10.936282814510088,-0.0005631424289738174,0.005178327053305856,1.7208217236314767
10.937582741820686,-0.00021636121580947965,0.005178327053305856,1.7209270987628926
10.938882669336818,-0.003145627410049423,0.005178327053305856,1.7210284752798333
10.9401825970631,8.011635734961331e-05,0.005178327053305856,1.7211568359234461
10.941482525004147,0.00034752813331917487,0.005178327053305856,1.7212676285416193
10.942782453164575,0.005619205866778554,0.005178327053305856,1.721365859995095
10.944082381548997,-0.003775061312900174,0.005178327053305856,1.7214634341767263
10.94538231016203,-0.012651501859639813,0.005178327053305856,1.721554842364364
10.94668223900829,-0.0012197165903156115,0.005178327053305856,1.7216533580635933
10.94798216809239,-0.002282000238327697,0.005178327053305856,1.7216924969142964
10.949282097418946,0.0022244744917538917,0.005178327053305856,1.7217495780907188
10.950582026992572,-0.010273027527498257,0.005178327053305856,1.7218045156580462
10.951881956817887,-0.006423069058339781,0.005178327053305856,1.7218575697520149
10.953181886899504,0.003919983632823643,0.005178327053305856,1.7219337279698468
10.954481817242035,0.0009695752303475746,0.005178327053305856,1.7219990107462153
10.9557817478501,0.0037431449951010887,0.005178327053305856,1.7220443499283933
10.957081678728311,-0.0014410279357515154,0.005178327053305856,1.7220547770419286
10.958381609881286,-0.004564643035198879,0.005178327053305856,1.72203457460003
10.959681541313637,0.005209967604221433,0.005178327053305856,1.7220432536954946
10.960981473029982,0.00984242655798484,0.005178327053305856,1.722092461317943
10.962281405034934,0.001094314618810266,0.005178327053305856,1.7221329960333054
10.963581337333109,0.010003815826308715,0.005178327053305856,1.7221864648761882
10.964881269929123,0.005801662298995369,0.005178327053305856,1.7222479463024714
10.96618120282759,0.0031446987193815,0.005178327053305856,1.7222692650689224
10.967481136033125,0.0058912806946958,0.005178327053305856,1.7223262991222226
10.968781069550344,0.005961344479536113,0.005178327053305856,1.7223601575876542
10.97008100338386,0.00266444915409636,0.005178327053305856,1.722409882293443
10.971380937538294,0.0033531136187647803,0.005178327053305856,1.7224516155731227
10.972680872018255,0.005846588636108763,0.005178327053305856,1.7224461701122786
10.973980806828362,0.013056716730888374,0.005178327053305856,1.722440318377268
10.975280741973227,0.013388190419264978,0.005178327053305856,1.7224573890882156
10.976580677457466,0.0015071138659015215,0.005178327053305856,1.7224624237637276
10.977880613285697,0.010747941894337032,0.005178327053305856,1.7224440992556085
10.979180549462532,0.00988035482237648,0.005178327053305856,1.7224271278941106
10.980480485992587,0.01479637159304481,0.005178327053305856,1.7224026139806403
10.981780422880478,0.010943478146669738,0.005178327053305856,1.722370555088978
10.983080360130819,0.010402670148953908,0.005178327053305856,1.722341824730004
10.984380297748226,-0.0011442630061631043,0.005178327053305856,1.722323576543873
10.985680235737314,0.0019081613186893165,0.005178327053305856,1.7223754613493443
10.9869801741027,0.0036285011908989695,0.005178327053305856,1.722328110212462
10.988280112848994,0.0010446852510228588,0.005178327053305856,1.7222994830704912
10.989580051980816,0.005738486009593702,0.005178327053305856,1.7222901530491668
10.990879991502778,0.012014903484030004,0.005178327053305856,1.7222612215789714
10.9921799314195,0.017944889602261815,0.005178327053305856,1.7222429605761236
10.993479871735593,-0.0032892815856646607,0.005178327053305856,1.7222474213153522
10.994779812455672,0.006642435460937568,0.005178327053305856,1.7222473529056666
10.996079753584354,0.011579834005372103,0.005178327053305856,1.7222430793358274
10.997379695126252,0.002874671759907743,0.005178327053305856,1.7222323259553198
10.998679637085985,0.009099320619603946,0.005178327053305856,1.7222153259240538
10.999979579468166,0.0049946385375716496,0.005178327053305856,1.722204615543253
11.001279522277407,0.00205704996402134,0.005178327053305856,1.722199285047469
11.002579465518329,0.005268599323857481,0.005178327053305856,1.7222128914842594
11.003879409195545,0.005423235381855962,0.005178327053305856,1.722253786504974
11.005179353313668,0.007693053899089364,0.005178327053305856,1.7222661814140976
11.006479297877314,0.002433413143878793,0.005178327053305856,1.7222758143368977
11.007779242891099,-0.005436944115137399,0.005178327053305856,1.7222719684662984
11.009079188359639,-0.0008133419350080384,0.005178327053305856,1.7222327178052006
11.010379134287549,-0.0017679972442132819,0.005178327053305856,1.7222295519746562
11.011679080679441,-0.004432539184233697,0.005178327053305856,1.7222160306504304
11.012979027539934,-0.0041323333275689045,0.005178327053305856,1.7221924650662408
11.014278974873642,-0.013167356310105127,0.005178327053305856,1.722155438973924
11.015578922685181,0.0029756436915036044,0.005178327053305856,1.7221035575373282
11.016878870979163,-0.0029333657299039917,0.005178327053305856,1.7220438724736566
11.018178819760205,-0.010213353803937508,0.005178327053305856,1.7219897496447034
11.019478769032922,-0.0029763991025733016,0.005178327053305856,1.7219484591359482
11.020778718801933,-0.001018078461040739,0.005178327053305856,1.7218952299036525
11.022078669071847,-0.0008364746999254269,0.005178327053305856,1.721834119776686
11.023378619847282,0.002242754472962627,0.005178327053305856,1.721765102150918
11.024678571132855,0.005794254742120586,0.005178327053305856,1.7217025453894332
11.025978522933176,-0.0005532484628425482,0.005178327053305856,1.7216469204297289
11.027278475252867,0.012737857924433493,0.005178327053305856,1.721566822860296
11.028578428096539,0.012049208814677304,0.005178327053305856,1.7215074630600502
11.029878381468805,0.014560070467965813,0.005178327053305856,1.7214372037992738
11.031178335374285,0.016499051069773563,0.005178327053305856,1.7213650293227543
11.032478289817591,0.019980585375085846,0.005178327053305856,1.7212928902083522
11.033778244803342,0.02600018190121256,0.005178327053305856,1.721220867231988
11.03507820033615,0.028068214939247937,0.005178327053305856,1.721149041652109
11.036378156420627,0.02104151738432991,0.005178327053305856,1.721075833504459
11.037678113061395,0.010890317103548819,0.005178327053305856,1.721001267314576
11.038978070263065,0.005082804899751325,0.005178327053305856,1.7209253676884473
11.040278028030254,0.0016857186514158684,0.005178327053305856,1.7208481593125056
11.041577986367576,0.006534597228316619,0.005178327053305856,1.7207696669536385
11.042877945279646,-0.0026004868315205876,0.005178327053305856,1.7206906243919837
11.04417790477108,-0.000971052173057485,0.005178327053305856,1.7206104654352883
11.045477864846493,0.00040670302797640723,0.005178327053305856,1.7205285455184225
11.0467778255105,-0.003714359312510407,0.005178327053305856,1.7204457914426556
11.048077786767717,0.004829518998048954,0.005178327053305856,1.7203482090323081
11.049377748622756,0.003342484860520578,0.005178327053305856,1.7202549476980373
11.050677711080237,0.007838480222190913,0.005178327053305856,1.7201661668961843
11.051977674144771,0.010412358397262622,0.005178327053305856,1.720082027653466
11.053277637820976,0.004184112080698021,0.005178327053305856,1.7199948947945876
11.054577602113465,0.00665447240630157,0.005178327053305856,1.7199046617312854
11.055877567026855,0.0021291492146038316,0.005178327053305856,1.7198034237867077
11.05717753256576,0.0037317796058804475,0.005178327053305856,1.7196928485772247
11.058477498734796,0.010889932086791232,0.005178327053305856,1.7195887512292187
11.059777465538579,0.01328259580023139,0.005178327053305856,1.7194784450060148
11.06107743298172,0.011110287452531953,0.005178327053305856,1.7193617319527497
11.062377401068838,0.01829820304310248,0.005178327053305856,1.7192594856226824
11.06367736980455,0.016184695627812218,0.005178327053305856,1.7191582994131738
11.064977339193465,0.014686367591834282,0.005178327053305856,1.7190582253657762
11.066277309240203,0.018263527496388487,0.005178327053305856,1.718959316311485
11.067577279949377,0.008652971460662462,0.005178327053305856,1.7188616258707319
11.068877251325604,0.005646057870002608,0.005178327053305856,1.7187652084533909
11.070177223373499,0.006358938781864998,0.005178327053305856,1.7186701192587774
11.071477196097675,0.014790662948305,0.005178327053305856,1.7185764142756463
11.072777169502748,0.008878443269694003,0.005178327053305856,1.7184841502821975
11.074077143593334,-0.003302172556187033,0.005178327053305856,1.718405714204684
11.075377118374048,0.00706713547495319,0.005178327053305856,1.7183382159329437
11.076677093849504,0.009091719375179608,0.005178327053305856,1.7182720447106055
11.077977070024321,0.0037331285466088993,0.005178327053305856,1.7182032711317698
11.07927704690311,0.011328348315723824,0.005178327053305856,1.7181319304231584
11.080577024490488,0.0031856956022364713,0.005178327053305856,1.7180410568122852
11.081877002791067,-0.00010852249705384232,0.005178327053305856,1.7179634678005045
11.083176981809466,0.0033809974861611636,0.005178327053305856,1.7178677581167676
11.0844769615503,0.010026602857031719,0.005178327053305856,1.7177644998107924
11.085776942018182,0.0097289120300732,0.005178327053305856,1.717673670590228
11.08707692321773,0.007935112465490723,0.005178327053305856,1.7175896115009774
11.088376905153558,0.0029469546104639033,0.005178327053305856,1.7175069261468912
11.08967688783028,0.0019170892380806492,0.005178327053305856,1.7174160188274508
11.09097687125251,0.00577225664463632,0.005178327053305856,1.7173013593206947
11.092276855424865,0.007398638600112584,0.005178327053305856,1.7171924034861397
11.093576840351961,0.005031945495016732,0.005178327053305856,1.7170823613641264
11.094876826038414,0.0014189142564524637,0.005178327053305856,1.7169861412110867
11.096176812488835,-0.003302569535202471,0.005178327053305856,1.716903186657876
11.097476799707843,0.003906107483240273,0.005178327053305856,1.7167346586487124
11.098776787700054,0.0010983363190868456,0.005178327053305856,1.7165710010738693
11.100076776470077,0.0008157438161966457,0.005178327053305856,1.716437218249836
11.101376766022534,0.00866876778257164,0.005178327053305856,1.7163444675402362
11.102676756362037,0.006102660656113867,0.005178327053305856,1.716251921420366
11.103976747493201,0.012663928360777454,0.005178327053305856,1.7161385919209484
11.105276739420644,0.005644365739927881,0.005178327053305856,1.716037046287057
11.106576732148977,0.004737392275287133,0.005178327053305856,1.7159053707692569
11.107876725682816,0.010792051922326351,0.005178327053305856,1.715805976399786
11.10917672002678,0.0064852220466828925,0.005178327053305856,1.7156971924163402
11.110476715185477,-0.0019101697819863261,0.005178327053305856,1.7155867527009308
11.11177671116353,0.001380163252436395,0.005178327053305856,1.7154817744012063
11.113076707965552,-0.0038599390392359822,0.005178327053305856,1.7153873091053706
11.114376705596154,-0.001993589222264003,0.005178327053305856,1.7152935717266855
11.115676704059956,-0.0017146568426498199,0.005178327053305856,1.7151961904692266
11.116976703361571,-0.005182157608659255,0.005178327053305856,1.7150952341490753
11.118276703505614,-0.006782915542340229,0.005178327053305856,1.7149907713497168
11.119576704496701,-0.002891178617360657,0.005178327053305856,1.7148828704220473
11.120876706339446,0.0007164068500553622,0.005178327053305856,1.7147715994843657
11.122176709038467,-0.002216452730366747,0.005178327053305856,1.714657026422377
11.123476712598375,-0.0030662741887959033,0.005178327053305856,1.7145392188891915
11.124776717023789,-0.009332780944064645,0.005178327053305856,1.7144182443053269
11.126076722319322,-0.00014926576060148022,0.005178327053305856,1.7142973414311282
11.127376728489589,-0.0051123085690854,0.005178327053305856,1.7141766873464865
11.128676735539205,-0.003767984770002064,0.005178327053305856,1.7140564596661485
11.129976743472788,-0.0037732650691912895,0.005178327053305856,1.7139231621299258
11.131276752294951,-0.006799782048290792,0.005178327053305856,1.713739960910736
11.13257676201031,-0.0015493025490096457,0.005178327053305856,1.7136141003448435
11.133876772623477,-0.004697815355862778,0.005178327053305856,1.713480541346983
11.135176784139071,0.0011298898973228777,0.005178327053305856,1.713323542538314
11.136476796561706,0.001167542153460488,0.005178327053305856,1.7131424390507388
11.137776809895996,-0.0029980051892093407,0.005178327053305856,1.712980104927972
11.13907682414656,-0.012017288971736484,0.005178327053305856,1.712836540331801
11.140376839318009,-0.00028338123892690525,0.005178327053305856,1.7126992120015605
11.141676855414959,-0.0050805801307542975,0.005178327053305856,1.7125617527480785
11.142976872442027,-0.0027356482343026123,0.005178327053305856,1.7124241881416071
11.144276890403825,0.0017741890237175095,0.005178327053305856,1.7122693908475157
11.145576909304971,0.0015793173732989718,0.005178327053305856,1.7121239091726823
11.14687692915008,5.845449553865123e-05,0.005178327053305856,1.7119788984407165
11.148176949943766,-0.009294955026906582,0.005178327053305856,1.7118344095206353
11.149476971690643,-0.011165660990084092,0.005178327053305856,1.711690493695642
11.150776994395331,-0.0037682109591066215,0.005178327053305856,1.711547202663132
11.152077018062439,-0.011758452997568503,0.005178327053305856,1.7114045885346834
11.153377042696585,-0.00866249363452809,0.005178327053305856,1.7112641215373423
11.154677068302387,-0.013020701555923164,0.005178327053305856,1.7111242394762765
11.155977094884456,-0.011572532444008798,0.005178327053305856,1.7109850012791907
11.157277122447407,-0.0031940002775430187,0.005178327053305856,1.710902655634867
11.158577150995859,-0.003536475645593118,0.005178327053305856,1.7108063820214063
11.159877180534425,-0.009054369393962869,0.005178327053305856,1.710696704857826
11.16117721106772,-0.000856196858049163,0.005178327053305856,1.7105928793364478
11.162477242600357,-0.0069933016655781,0.005178327053305856,1.710481197188477
11.163777275136956,-0.005476501803957756,0.005178327053305856,1.7103619957588994
11.16507730868213,0.0036173885687069696,0.005178327053305856,1.7102453853380584
11.166377343240493,-0.004823063720436949,0.005178327053305856,1.7101313536539822
11.167677378816661,-0.0035066402946160036,0.005178327053305856,1.7100163322328257
11.168977415415249,-0.003431627335202636,0.005178327053305856,1.709901298966649
11.170277453040871,-0.017285290109679163,0.005178327053305856,1.7097860806068388
11.171577491698146,-0.001282512339462638,0.005178327053305856,1.7096716054360743
11.172877531391686,-0.012121154146892854,0.005178327053305856,1.7095581079460138
11.174177572126107,0.00040070647363221745,0.005178327053305856,1.7094519484599187
11.175477613906022,-0.0045742540235396145,0.005178327053305856,1.7093528037067058
11.17677765673605,-0.006476311408259328,0.005178327053305856,1.7092333171867975
11.178077700620804,0.0008566738528463791,0.005178327053305856,1.7091058123522422
11.179377745564901,0.004424600143459134,0.005178327053305856,1.7089761689300178
11.180677791572954,0.0008368392902871058,0.005178327053305856,1.7088608902522018
11.181977838649576,0.0007083575800537201,0.005178327053305856,1.708781048722902
11.183277886799388,-0.0009725164406246822,0.005178327053305856,1.7086756786912192
11.184577936027003,0.00042079146360340935,0.005178327053305856,1.7085642711480076
11.185877986337035,0.0026554832332901235,0.005178327053305856,1.7084471364368825
11.187178037734096,-0.007463289103963433,0.005178327053305856,1.7083245838780718
11.188478090222809,-0.013169656945846597,0.005178327053305856,1.7082155689491687
11.189778143807782,-0.008338946422876914,0.005178327053305856,1.7081575900973176
11.191078198493635,-0.008278602204323526,0.005178327053305856,1.7080703042492817
11.19237825428498,-0.00610446395434372,0.005178327053305856,1.7079474329843065
11.193678311186435,0.0004011510731198875,0.005178327053305856,1.7078125360761391
11.194978369202612,-0.006705064239538094,0.005178327053305856,1.7076979460172397
11.196278428338129,0.003074159987615621,0.005178327053305856,1.707574932584961
11.1975784885976,-0.003425108442239644,0.005178327053305856,1.7074342112620664
11.19887854998564,-0.0010535667785063207,0.005178327053305856,1.7072912157204092
11.200178612506864,0.014528203081963564,0.005178327053305856,1.7070961108559248
11.201478676165888,0.0017072827624271536,0.005178327053305856,1.7069274927759457
11.202778740967325,0.005678311572140604,0.005178327053305856,1.7067862308022184
11.204078806915794,0.005478747673410389,0.005178327053305856,1.706606810442003
11.205378874015906,-0.0024172077070703235,0.005178327053305856,1.706465634096038
11.20667894227228,0.005720614361480303,0.005178327053305856,1.706335636987669
11.207979011689527,0.013301362388886906,0.005178327053305856,1.7062075590624362
11.209279082272268,0.006567118166189045,0.005178327053305856,1.7060845365253605
11.210579154025112,0.005849283567833208,0.005178327053305856,1.7059593773566673
11.211879226952677,0.008870600823022379,0.005178327053305856,1.7058321574686786
11.213179301059577,0.006086690989512533,0.005178327053305856,1.7057054136049687
11.214479376350432,0.01226918167431501,0.005178327053305856,1.7055815333456514
11.215779452829851,0.0015575244755250406,0.005178327053305856,1.705460599711543
11.21707953050245,0.010633685310818874,0.005178327053305856,1.7053387219901572
11.21837960937285,0.0037655245634591328,0.005178327053305856,1.7052158474951027
11.219679689445659,0.009605938870823616,0.005178327053305856,1.7050919237338396
11.220979770725494,0.008778131491802288,0.005178327053305856,1.7049668984076733
11.222279853216973,0.008517500644473763,0.005178327053305856,1.7048407194117614
11.22357993692471,0.006052055831900827,0.005178327053305856,1.7047133348351102
11.224880021853316,0.00606344233349243,0.005178327053305856,1.704574572167561
11.226180108007412,0.008766756556547683,0.005178327053305856,1.70443548562669
11.227480195391612,0.0027832987329801107,0.005178327053305856,1.7042959991470932
11.22878028401053,0.007219480796319733,0.005178327053305856,1.7041454789663417
11.230080373868779,0.0030643887404560033,0.005178327053305856,1.7040036819349322
11.231380464970979,0.006787180359769218,0.005178327053305856,1.7038695077702977
11.232680557321741,0.006364693373030139,0.005178327053305856,1.7037137122627284
11.233980650925682,0.011252373473857213,0.005178327053305856,1.7035701326033466
11.235280745787417,0.014832217079873367,0.005178327053305856,1.7034313958429574
11.236580841911563,0.01858475961788142,0.005178327053305856,1.7033216458780593
11.237880939302732,0.013012410239565675,0.005178327053305856,1.703188180866276
11.239181037965539,0.01239885939305263,0.005178327053305856,1.7030610189954238
11.2404811379046,0.008597017455243439,0.005178327053305856,1.7029360752335552
11.241781239124533,0.012930727206202253,0.005178327053305856,1.7028132519149197
11.243081341629951,0.0071799954944924416,0.005178327053305856,1.7027517923265032
11.24438144542547,0.012708978925995984,0.005178327053305856,1.7026447745512634
11.245681550515702,0.015469883301908016,0.005178327053305856,1.7025374029901865
11.246981656905266,0.015349914008368826,0.005178327053305856,1.7024296486452672
11.248281764598774,0.00888166875770846,0.005178327053305856,1.7023214832412128
11.249581873600846,0.01481326646332759,0.005178327053305856,1.7022234425990261
11.250881983916091,0.013565290705237931,0.005178327053305856,1.702131845781282
11.252182095549129,0.02034771762037879,0.005178327053305856,1.7020366611912685
11.253482208504572,0.011141617781747382,0.005178327053305856,1.7019377170614678
11.254782322787037,0.017374511074568444,0.005178327053305856,1.701834841814984
11.256082438401139,0.0039869870549478215,0.005178327053305856,1.7017575916759111
11.257382555351493,0.006006491302846362,0.005178327053305856,1.7016722159609254
11.258682673642712,0.009018147364254103,0.005178327053305856,1.701565061406154
11.259982793279416,-0.003400452764711792,0.005178327053305856,1.7014365450068212
11.261282914266216,-0.004067062923192033,0.005178327053305856,1.7013027074933087
11.26258303660773,0.005929565648715274,0.005178327053305856,1.7011645006656282
11.26388316030857,-0.0037294919669557114,0.005178327053305856,1.7010201154634488
11.265183285373354,-0.00026726413146960226,0.005178327053305856,1.7008728444409649
11.266483411806693,-0.003024540468110626,0.005178327053305856,1.700722594725219
11.26778353961321,0.006680463881539422,0.005178327053305856,1.700569273562323
11.269083668797512,0.008838699336631395,0.005178327053305856,1.7004165232612016
11.270383799364218,0.0010729695058029343,0.005178327053305856,1.7002643809937146
11.271683931317945,0.002171224988924747,0.005178327053305856,1.700112884954604
11.272984064663303,0.0027955245155817376,0.005178327053305856,1.6999620743614952
11.274284199404914,-0.010066864134642195,0.005178327053305856,1.6998119894548966
11.275584335547386,-0.004268516789148746,0.005178327053305856,1.6996606217062273
11.276884473095338,0.0004377272907691854,0.005178327053305856,1.6995079422272577
11.278184612053384,-0.0009309617990562735,0.005178327053305856,1.6993541080507397
11.279484752426141,0.0033826409153794312,0.005178327053305856,1.6991990847681968
11.280784894218224,-0.0068581996055210315,0.005178327053305856,1.6990417622343834
11.282085037434243,-0.001787132150716575,0.005178327053305856,1.6988571423263814
11.28338518207882,0.006985109552257285,0.005178327053305856,1.6986809916947183
11.284685328156568,0.0017087075510742178,0.005178327053305856,1.6985063493530326
11.285985475672101,-0.00016922609507519226,0.005178327053305856,1.6983402003655632
11.287285624630035,-0.008799399484333836,0.005178327053305856,1.6981757849639585
11.288585775034985,-0.000164596605545686,0.005178327053305856,1.6980006037196185
11.289885926891568,0.0011129568810834822,0.005178327053305856,1.6978148291268966
11.291186080204394,-0.003716798491812723,0.005178327053305856,1.6976240436849312
11.292486234978083,-0.005572355086636227,0.005178327053305856,1.6974282246588999
11.293786391217248,-0.004223562572407857,0.005178327053305856,1.697227349002529
11.295086548926506,-0.00434004918478359,0.005178327053305856,1.6970379905590587
11.296386708110472,-0.002045118296208237,0.005178327053305856,1.6968358440360372
11.297686868773757,-0.007318795396301425,0.005178327053305856,1.6966322839854286
11.298987030920982,0.0036781951015032455,0.005178327053305856,1.6964269090939303
11.30028719455676,0.010673950703960378,0.005178327053305856,1.6962411123149264
11.301587359685703,0.006371758328144184,0.005178327053305856,1.696066269337141
11.30288752631243,0.012835431115997054,0.005178327053305856,1.6958718833158568
11.304187694441556,0.01620492114907046,0.005178327053305856,1.6956513816043697
11.305487864077694,0.026247629538034944,0.005178327053305856,1.695445182903767
11.30678803522546,0.026489338450485844,0.005178327053305856,1.6952350277925128
11.30808820788947,0.020016163234688245,0.005178327053305856,1.6950234388526864
11.30938838207434,0.033316297657444816,0.005178327053305856,1.6948102562975413
11.310688557784683,0.03794379552839966,0.005178327053305856,1.6945686661644204
11.311988735025116,0.02546936989660531,0.005178327053305856,1.6943465730134353
11.313288913800253,0.021949873482832505,0.005178327053305856,1.6941438951837395
11.314589094114707,0.022501547058636273,0.005178327053305856,1.6939475654996294
11.315889275973099,0.025275066972979765,0.005178327053305856,1.693720426105272
11.317189459380039,0.017833414105726808,0.005178327053305856,1.693476246114636
11.318489644340143,0.020760982210383583,0.005178327053305856,1.6932320344303342
11.31978983085803,0.022617383545375125,0.005178327053305856,1.6929880138427822
11.321090018938309,0.026587454682508005,0.005178327053305856,1.692741615619422
11.3223902085856,0.03535186126181733,0.005178327053305856,1.6925101124978874
11.323690399804518,0.028828990221173578,0.005178327053305856,1.6922674171195065
11.324990592599676,0.028285109733112712,0.005178327053305856,1.6919728752372196
11.326290786975688,0.032086547864522696,0.005178327053305856,1.691683333058183
11.327590982937172,0.021773433099698813,0.005178327053305856,1.6913996947123873
11.328891180488744,0.020486770121867615,0.005178327053305856,1.6911216579156843
11.330191379635016,0.015266606198253374,0.005178327053305856,1.6908305694093042
11.331491580380604,0.011831870082152696,0.005178327053305856,1.6905251115868107
11.332791782730126,0.011823938873444462,0.005178327053305856,1.6902050306963223
11.334091986688195,0.013549881899429739,0.005178327053305856,1.6898700709380283
11.335392192259425,0.0019292565862765176,0.005178327053305856,1.6895187567593841
11.336692399448433,0.008241230412842082,0.005178327053305856,1.6892004309385724
11.337992608259832,0.001824614911361877,0.005178327053305856,1.6888340976379552
11.339292818698238,0.005306124760356301,0.005178327053305856,1.6884777149822465
11.34059303076827,0.0023826219746516664,0.005178327053305856,1.6880919797066896
11.341893244474537,-0.00820840428076286,0.005178327053305856,1.687725676962872
11.343193459821661,0.005466957795409622,0.005178327053305856,1.6873994283461218
11.344493676814249,-0.002823925546546757,0.005178327053305856,1.6870679954934282
11.345793895456923,-0.0037309946594203947,0.005178327053305856,1.686715978390263
11.347094115754295,-0.00044073328303473325,0.005178327053305856,1.6863769893731315
11.348394337710983,0.0014828259601493698,0.005178327053305856,1.686003268690262
11.349694561331598,0.001698038941426061,0.005178327053305856,1.6856443110341008
11.350994786620756,-3.0022038397969908e-05,0.005178327053305856,1.6852936623268238
11.352295013583076,-0.0008185718154023469,0.005178327053305856,1.6849510065505502
11.35359524222317,0.003849802015730708,0.005178327053305856,1.6846213339569767
11.354895472545653,-0.0016275176143902836,0.005178327053305856,1.684276897686141
11.356195704555143,0.0012064225581795984,0.005178327053305856,1.6838434859045601
11.35749593825625,0.0047883381597417785,0.005178327053305856,1.6834788188818977
11.358796173653593,0.006227849644689032,0.005178327053305856,1.683042468886406
11.360096410751789,-0.0031153703894797324,0.005178327053305856,1.682611119127297
11.361396649555447,0.005563749943810148,0.005178327053305856,1.6821955514909521
11.362696890069188,0.0025995153808240357,0.005178327053305856,1.68176599935966
11.363997132297625,0.006458682978772501,0.005178327053305856,1.6813382579662848
11.36529737624537,-0.0009786734356775906,0.005178327053305856,1.6809125542894319
11.366597621917045,-0.007455505460457923,0.005178327053305856,1.680489117160248
11.36789786931726,0.004622968325810994,0.005178327053305856,1.6800681772624142
11.369198118450631,0.002713177187907201,0.005178327053305856,1.6796499671321565
11.370498369321776,0.00713677715157357,0.005178327053305856,1.6792219776853334
11.371798621935309,0.002166083277130637,0.005178327053305856,1.6787840026709495
11.37309887629584,0.0001066861231580063,0.005178327053305856,1.6783215235564652
11.37439913240799,-0.011075725786209745,0.005178327053305856,1.677820762602967
11.375699390276372,-0.0072119247311353,0.005178327053305856,1.6773530700899795
11.376999649905605,0.005268081534599789,0.005178327053305856,1.6768932423930543
11.378299911300296,0.003070878976666247,0.005178327053305856,1.6764520319293412
11.379600174465068,0.003719640816272962,0.005178327053305856,1.6760836750661157
11.380900439404533,0.005314941459584999,0.005178327053305856,1.6756166650555746
11.382200706123307,0.00399738879945688,0.005178327053305856,1.6751509301031828
11.383500974626003,0.0014458520804745412,0.005178327053305856,1.674689005045571
11.384801244917236,0.0047417439563617325,0.005178327053305856,1.674238784287641
11.386101517001627,0.008662191407654785,0.005178327053305856,1.6737951251681245
11.387401790883784,0.009122445775217036,0.005178327053305856,1.673354066675038
11.388702066568326,0.011341873272402436,0.005178327053305856,1.67291865281809
11.390002344059868,0.01273415978994552,0.005178327053305856,1.6724812911802744
11.391302623363025,0.00960154292608828,0.005178327053305856,1.672044662464517
11.39260290448241,0.0010470966118274472,0.005178327053305856,1.6715948022916978
11.39390318742264,0.0001381499273858111,0.005178327053305856,1.6711769648252182
11.395203472188332,0.007145047615168654,0.005178327053305856,1.6707386820299277
11.396503758784098,0.005517282137127877,0.005178327053305856,1.6703099971874895
11.397804047214555,0.001514910518411794,0.005178327053305856,1.669890649725427
11.399104337484317,0.009255824214869923,0.005178327053305856,1.6694803829884708
11.400404629598,0.012341556862947467,0.005178327053305856,1.6690577017674866
11.401704923560219,0.01145301544083921,0.005178327053305856,1.6686231104798541
11.403005219375588,0.011865704480507722,0.005178327053305856,1.6681752418518314
11.404305517048725,0.010265991086452209,0.005178327053305856,1.6677145325487193
11.405605816584242,0.014889682112559033,0.005178327053305856,1.6672414173782695
11.406906117986757,0.007795708838116866,0.005178327053305856,1.6667798517958372
11.408206421260884,0.001892019428237468,0.005178327053305856,1.6663108670777742
11.409506726411236,0.009435931689315114,0.005178327053305856,1.6658502931075287
11.410807033442431,0.013067474029268,0.005178327053305856,1.6653978365196802
11.412107342359084,0.007892183926531127,0.005178327053305856,1.664980835560503
11.413407653165809,0.012677545981336191,0.005178327053305856,1.664519224488529
11.414707965867223,0.006787142149031977,0.005178327053305856,1.6640383558365444
11.416008280467938,0.011133109215450743,0.005178327053305856,1.6635389012983386
11.417308596972571,0.00897365692758556,0.005178327053305856,1.6630477978409763
11.418608915385738,0.0019968396043299474,0.005178327053305856,1.6625372115470023
11.419909235712053,0.0018024146528778928,0.005178327053305856,1.6620250922003663
11.421209557956132,-0.0030442460322430698,0.005178327053305856,1.6615114659721324
11.422509882122588,0.0021659369122324357,0.005178327053305856,1.6609821583276638
11.42381020821604,0.004466997870889555,0.005178327053305856,1.6604495430688488
11.4251105362411,0.0036346421525890182,0.005178327053305856,1.6599137278683906
11.426410866202385,0.0010257632895838142,0.005178327053305856,1.6593748202896652
11.42771119810451,-0.010822650135668077,0.005178327053305856,1.6588329277867224
11.429011531952087,-0.0024189018147855457,0.005178327053305856,1.6582888979015085
11.430311867749733,0.0016268730477175808,0.005178327053305856,1.6577428116227715
11.431612205502068,0.0024488064254490904,0.005178327053305856,1.6571947500153812
11.432912545213702,0.0022449539086797365,0.005178327053305856,1.6566447942203313
11.434212886889247,0.001596083864116693,0.005178327053305856,1.656093025454736
11.435513230533328,-0.00668257342483769,0.005178327053305856,1.6555395250118297
11.43681357615055,-0.0018698577634257418,0.005178327053305856,1.6549843742609718
11.438113923745536,0.00014311207925032932,0.005178327053305856,1.6544276546476415
11.439414273322898,-0.007374692161447927,0.005178327053305856,1.6538694935250735
11.44071462488725,-0.01335308447942607,0.005178327053305856,1.6533121078584891
11.442014978443206,-0.013042876391461844,0.005178327053305856,1.652755501932543
11.443315333995386,-0.000596648530748034,0.005178327053305856,1.652199680654896
11.444615691548403,0.00219444322746698,0.005178327053305856,1.651631879896469
11.44591605110687,0.003153985431414208,0.005178327053305856,1.6510485199513432
11.447216412675406,-0.0012210054916375057,0.005178327053305856,1.650458747837754
11.448516776258623,0.01697392439034462,0.005178327053305856,1.649874758518214
11.449817141861137,0.005560972051865232,0.005178327053305856,1.6492964272173165
11.451117509487565,0.007462098439476428,0.005178327053305856,1.6487412393728662
11.45241787914252,0.00457771467730117,0.005178327053305856,1.6481934991141682
11.453718250830617,0.017212375251191014,0.005178327053305856,1.6476740090786544
11.455018624556471,0.01419488129360258,0.005178327053305856,1.6471661150121584
11.4563190003247,0.018108524276686078,0.005178327053305856,1.646615532077682
11.457619378139917,0.0038697769384112846,0.005178327053305856,1.646080819487522
11.458919758006738,0.0028558044978759245,0.005178327053305856,1.645494337529541
11.460220139929778,0.004715089248890081,0.005178327053305856,1.644886657202314
11.461520523913649,-0.0004047219711533767,0.005178327053305856,1.6443017248345064
11.462820909962971,0.004705228622808644,0.005178327053305856,1.6437248881602184
11.464121298082357,-0.00041717368480420625,0.005178327053305856,1.6431564981770506
11.465421688276423,0.002671142765810819,0.005178327053305856,1.6425720811197646
11.466722080549783,0.008449690946903843,0.005178327053305856,1.6419711312042022
11.468022474907052,0.00023115344104951419,0.005178327053305856,1.6413960219107326
11.469322871352848,0.0005813474856506406,0.005178327053305856,1.6408299798767274
11.470623269891782,0.0040446139903485,0.005178327053305856,1.6402514788993752
11.47192367052847,-0.0013016981061508837,0.005178327053305856,1.6396599130581153
11.47322407326753,0.011269915450519363,0.005178327053305856,1.639041639037105
11.474524478113578,0.0016031856860214688,0.005178327053305856,1.638434272292919
11.475824885071223,0.00512907282111752,0.005178327053305856,1.63783804792547
11.477125294145086,0.004825265716601912,0.005178327053305856,1.6372663358102988
11.478425705339777,0.0027413225122896456,0.005178327053305856,1.6366756595741445
11.479726118659919,-8.235766504260944e-05,0.005178327053305856,1.6360831330411916
11.48102653411012,0.001684530069988588,0.005178327053305856,1.6354815386483457
11.482326951694999,0.004357212178518699,0.005178327053305856,1.6348724745497245
11.483627371419166,-0.00036827465633959555,0.005178327053305856,1.6342556706790505
11.484927793287243,0.002258491500722215,0.005178327053305856,1.6336408675359204
11.486228217303841,-0.004940826442955348,0.005178327053305856,1.6330189548775873
11.487528643473578,-0.005288568339769206,0.005178327053305856,1.632399428766047
11.488829071801065,-0.0025958553231586468,0.005178327053305856,1.6317989409561995
11.490129502290921,0.0015206449748457196,0.005178327053305856,1.6312169830652876
11.49142993494776,0.0012941911787511806,0.005178327053305856,1.6306530519720732
11.492730369776197,-0.0008480716507888175,0.005178327053305856,1.6300367850567594
11.494030806780845,1.597811267695093e-05,0.005178327053305856,1.6294322000701553
11.495331245966325,-0.003985424336696353,0.005178327053305856,1.6288587150197351
11.496631687337246,-0.0010636203875611372,0.005178327053305856,1.6282535078762184
11.497932130898228,-0.008838233900636316,0.005178327053305856,1.62765166216129
11.49923257665388,-0.00956387355274435,0.005178327053305856,1.6270669181069168
11.500533024608822,-0.004512204579003809,0.004087972417932284,1.626498869335562
11.50183347476767,-0.0050838866939550975,0.004087972417932284,1.6258881018622566
11.503133927135037,0.00012085526174465677,0.004087972417932284,1.6252895261121645
11.504434381715539,0.0007395653367030519,0.004087972417932284,1.6247029402945612
11.505734838513789,-0.0042910789816490436,0.004087972417932284,1.6241107232204266
11.507035297534404,-0.0011931531721227628,0.004087972417932284,1.6235028359256765
11.508335758782001,-0.010362999773195769,0.004087972417932284,1.6228961438168708
11.50963622226119,0.00019400724710250117,0.004087972417932284,1.6222907533064252
11.51093668797659,0.01035341982550042,0.004087972417932284,1.621686771013148
11.512237155932816,0.007421472138559038,0.004087972417932284,1.6210843037622424
11.513537626134484,-0.004125626446119357,0.004087972417932284,1.6204834585853103
11.514838098586207,-0.0020044094186899564,0.004087972417932284,1.6198843427203475
11.516138573292602,0.0036434810537206985,0.004087972417932284,1.6192873921711777
11.517439050258282,0.0032275419771918834,0.004087972417932284,1.618693706776071
11.518739529487865,0.0020367958612894643,0.004087972417932284,1.6181033472333337
11.520040010985962,0.006052502216969291,0.004087972417932284,1.6175212825158307
11.521340494757194,0.0066553732853704695,0.004087972417932284,1.6169474003866173
11.522640980806171,0.004973237303532274,0.004087972417932284,1.6163724107099477
11.52394146913751,0.0042000937104429426,0.004087972417932284,1.6157950619447337
11.525241959755826,0.007593219223996472,0.004087972417932284,1.6152171401113438
11.526542452665735,-0.0021916873956147054,0.004087972417932284,1.6146388658755935
11.527842947871854,0.0019887049259597056,0.004087972417932284,1.6140022634136495
11.529143445378791,-0.0021117425811336688,0.004087972417932284,1.6133768794728534
11.530443945191168,0.003325401075559453,0.004087972417932284,1.6127633758335267
11.5317444473136,-0.006880361524314926,0.004087972417932284,1.612145538541584
11.533044951750698,-8.667395044725801e-05,0.004087972417932284,1.611537318671707
11.534345458507081,0.006291167549952403,0.004087972417932284,1.6109391065503385
11.53564596758736,0.009914909435901897,0.004087972417932284,1.61034621935994
11.536946478996157,0.007702668289831349,0.004087972417932284,1.609766093484846
11.538246992738081,-0.008198094952244217,0.004087972417932284,1.6091824135917878
11.539547508817748,0.007191845637932293,0.004087972417932284,1.6085941912909534
11.540848027239775,0.013463483948928046,0.004087972417932284,1.6080015484604515
11.542148548008775,0.007224949573689132,0.004087972417932284,1.6074100478357847
11.543449071129368,0.010624038137726277,0.004087972417932284,1.6068199972199693
11.544749596606163,0.011830571393665723,0.004087972417932284,1.6062203172570557
11.54605012444378,0.013865980900537478,0.004087972417932284,1.6056135448003959
11.54735065464683,0.013941637823499553,0.004087972417932284,1.6050224537066782
11.548651187219932,0.005727236437731209,0.004087972417932284,1.60443519988274
11.549951722167702,0.0240121935044888,0.004087972417932284,1.603849931635767
11.551252259494747,0.026856828409689504,0.004087972417932284,1.6032664658363105
11.552552799205692,0.02761546134184778,0.004087972417932284,1.6026533010727178
11.553853341305148,0.02003515628903263,0.004087972417932284,1.6020711103528327
11.555153885797727,0.010130995207047633,0.004087972417932284,1.6015015860933297
11.556454432688051,0.005017993887450611,0.004087972417932284,1.6009388786346042
11.55775498198073,0.0033771112563565353,0.004087972417932284,1.6004002845236238
11.559055533680379,0.006870398399025923,0.004087972417932284,1.5998386820875525
11.560356087791618,0.014154898771346236,0.004087972417932284,1.5992173277211479
11.561656644319056,0.005976762851821471,0.004087972417932284,1.5986149949469612
11.562957203267315,0.005158544957448052,0.004087972417932284,1.5980347858060457
11.564257764641004,-0.010358989129365392,0.004087972417932284,1.5974584290610112
11.565558328444741,0.0004997884095438998,0.004087972417932284,1.5968861600917457
11.56685889468314,0.0012073306921920324,0.004087972417932284,1.5963182144962051
11.568159463360818,0.0014950204685699742,0.004087972417932284,1.5957651144369898
11.569460034482388,0.004755554797676975,0.004087972417932284,1.5952267312166544
11.570760608052467,0.0006079855167315795,0.004087972417932284,1.5947028516218351
11.572061184075672,0.004277044244518358,0.004087972417932284,1.5941710098077628
11.57336176255661,-0.0014906911507468479,0.004087972417932284,1.5936315485681665
11.574662343499906,0.006275744481085699,0.004087972417932284,1.5930940501636004
11.57596292691017,-0.006078291180672268,0.004087972417932284,1.5925585241112694
11.577263512792019,-0.0038331457956948256,0.004087972417932284,1.5920249794605132
11.578564101150064,-0.010237224848736348,0.004087972417932284,1.5914934247927934
11.579864691988927,-0.006706696080571062,0.004087972417932284,1.5909694761434519
11.581165285313219,0.005220546452131103,0.004087972417932284,1.5904599456508393
11.582465881127556,0.00322482751732589,0.004087972417932284,1.5899646308514574
11.583766479436552,-0.01317635104411985,0.004087972417932284,1.589483332009563
11.585067080244823,-0.0019353216474873314,0.004087972417932284,1.588981247263177
11.586367683556984,-0.0011023786436188399,0.004087972417932284,1.5884745636158921
11.587668289377651,0.006367919373564179,0.004087972417932284,1.587981785320213
11.58896889771144,-0.0007931166644805643,0.004087972417932284,1.587471375337889
11.590269508562963,0.00221965562353299,0.004087972417932284,1.5869572792023512
11.591570121936838,-0.00595324087475313,0.004087972417932284,1.5864458723681014
11.592870737837679,-0.004949107696198496,0.004087972417932284,1.585938949535254
11.594171356270103,-0.0016178985193995299,0.004087972417932284,1.5854365451732917
11.59547197723872,0.005631211518606127,0.004087972417932284,1.5849491758674437
11.596772600748151,-0.01635966090266061,0.004087972417932284,1.58446610920468
11.598073226803008,-0.008641693877748935,0.004087972417932284,1.5839873593546556
11.599373855407908,-0.00016392050579705497,0.004087972417932284,1.5835129402231263
11.600674486567465,0.0041207804386014235,0.004087972417932284,1.5830428654519393
11.601975120286294,-0.004284397002773055,0.004087972417932284,1.5825771484190405
11.60327575656901,0.007738346870258095,0.004087972417932284,1.5821158022384745
11.60457639542023,0.0022121430472141768,0.004087972417932284,1.5816594058742113
11.605877036844566,-0.001242517711427027,0.004087972417932284,1.5812105471995683
11.607177680846638,0.008096849924654537,0.004087972417932284,1.5807280306861498
11.608478327431056,0.008447307759615441,0.004087972417932284,1.5802854577613255
11.60977897660244,0.00669388454647768,0.004087972417932284,1.5798411754609214
11.6110796283654,0.01387965300237659,0.004087972417932284,1.5793952421005004
11.612380282724553,0.017642223644920962,0.004087972417932284,1.578947714379019
11.613680939684517,0.017896913269697112,0.004087972417932284,1.5784371884574773
11.614981599249907,0.025388604009337845,0.004087972417932284,1.5779700459167803
11.616282261425333,0.020671652739841173,0.004087972417932284,1.5775027216710034
11.617582926215414,0.0214003093707702,0.004087972417932284,1.5770353238834027
11.618883593624766,0.016845506444782554,0.004087972417932284,1.5765703433335585
11.620184263658,0.01107736213971422,0.004087972417932284,1.576096860673506
11.621484936319737,0.014939609531141373,0.004087972417932284,1.5756145166737041
11.622785611614589,0.00466503728618517,0.004087972417932284,1.5751340004260512
11.624086289547169,0.008626656723299764,0.004087972417932284,1.5746552463235854
11.625386970122095,0.0051146979608844845,0.004087972417932284,1.5741781882049664
11.626687653343982,0.005989189453701194,0.004087972417932284,1.5736719701235613
11.627988339217445,0.008662981604413256,0.004087972417932284,1.5731691425869863
11.6292890277471,0.004196934038359412,0.004087972417932284,1.5726838051328105
11.63058971893756,0.021253881363100025,0.004087972417932284,1.572216471958673
11.631890412793442,0.0080010156163286,0.004087972417932284,1.5717646268865786
11.63319110931936,0.01644184168620577,0.004087972417932284,1.5713288987990208
11.63449180851993,0.013377463857286331,0.004087972417932284,1.5708976421082892
11.635792510399767,0.00587653543844735,0.004087972417932284,1.5704676794188908
11.637093214963487,0.00047833056798052276,0.004087972417932284,1.5700460117500126
11.638393922215702,-0.007297354809728818,0.004087972417932284,1.5696324834831543
11.639694632161032,-0.008649334503786132,0.004087972417932284,1.5692338503510062
11.640995344804088,-0.0034757458131293717,0.004087972417932284,1.5688785554511848
11.642296060149487,-0.009526703273763815,0.004087972417932284,1.5685367969613961
11.643596778201843,-0.0027804340809758354,0.004087972417932284,1.568190324520329
11.644897498965772,0.01643644187543547,0.004087972417932284,1.5678393701938074
11.646198222445891,0.024878585341202575,0.004087972417932284,1.5675006310022879
11.647498948646813,0.035455827624830016,0.004087972417932284,1.5671545185012912
11.648799677573152,0.048010578373003376,0.004087972417932284,1.566801169272872
11.650100409229525,0.034134019512972014,0.004087972417932284,1.5664609937438587
11.651401143620548,0.01473513590232467,0.004087972417932284,1.5661108615803752
11.652701880750834,0.004237404758661079,0.004087972417932284,1.5657645818699264
11.654002620625002,0.007449671904594668,0.004087972417932284,1.5654221701637334
11.655303363247663,0.00417089233144563,0.004087972417932284,1.565084471551557
11.656604108623434,-0.003469919262678811,0.004087972417932284,1.5647445101201005
11.657904856756925,0.008562970305460382,0.004087972417932284,1.5644065261074531
11.65920560765276,0.011603085940442792,0.004087972417932284,1.564077071562502
11.660506361315553,0.0016943164014160406,0.004087972417932284,1.5637621855740116
11.661807117749913,-0.006778751248307513,0.004087972417932284,1.5634724685269155
11.663107876960458,0.002012790017998922,0.004087972417932284,1.5632020943731701
11.664408638951805,0.003898512051445646,0.004087972417932284,1.56291970325386
11.665709403728567,0.003800919386699686,0.004087972417932284,1.5626289008064158
11.66701017129536,4.166625985235761e-05,0.004087972417932284,1.5623429637332213
11.668310941656799,-0.00040137896887748603,0.004087972417932284,1.5620473834473105
11.6696117148175,-0.004175932749352906,0.004087972417932284,1.5617509770003213
11.670912490782078,-0.002788615536567729,0.004087972417932284,1.5614431159260556
11.672213269555145,-0.003160333554673711,0.004087972417932284,1.5611357512138442
11.673514051141321,0.0006285018421519073,0.004087972417932284,1.560817609260368
11.67481483554522,-9.149618898107725e-05,0.004087972417932284,1.5605143842734603
11.676115622771455,-0.013891600067440724,0.004087972417932284,1.5602153074823388
11.677416412824641,-0.0039759468458118175,0.004087972417932284,1.5599253984099097
11.678717205709397,-0.0060588281149198675,0.004087972417932284,1.5596387930875808
11.680018001430335,-0.011927964933355684,0.004087972417932284,1.5593396804576067
11.68131879999207,-0.005815018302017583,0.004087972417932284,1.5590283085484584
11.682619601399217,-0.00622098870950083,0.004087972417932284,1.558699851527478
11.683920405656396,-0.0021475707102354136,0.004087972417932284,1.558359749510828
11.685221212768216,-0.012289124498997772,0.004087972417932284,1.5580150077903407
11.686522022739293,-0.003936460935537456,0.004087972417932284,1.5576969635313649
11.687822835574245,-0.0013778882092578826,0.004087972417932284,1.5573761760054101
11.689123651277686,-0.00780569222153682,0.004087972417932284,1.5570551871589393
11.690424469854234,-0.006398572206393505,0.004087972417932284,1.5567615333360547
11.691725291308497,-0.0030015586829164054,0.004087972417932284,1.5565008695435887
11.693026115645097,0.0026765076250618858,0.004087972417932284,1.5561991118234122
11.694326942868646,0.007602099149891961,0.004087972417932284,1.5559341651601588
11.69562777298376,0.004619285764684733,0.004087972417932284,1.555655642190366
11.696928605995051,0.006334424807446615,0.004087972417932284,1.5553963350765188
11.698229441907142,0.006895328636472131,0.004087972417932284,1.555127836933375
11.69953028072464,0.015304924313526591,0.004087972417932284,1.5548286238978277
11.701126421909171,0.009777953327517741,0.004087972417932284,1.5545661427834492
11.703624786271993,0.010897452190965051,0.004087972417932284,1.5542832853113837
11.706123159782816,-0.0036018249705649374,0.004087972417932284,1.5540034606706192
11.708621542409679,0.002054820339407293,0.004087972417932284,1.553726663141466
11.711119934120621,-0.006024307687435337,0.004087972417932284,1.553452887624665
11.713618334883677,0.005018395212756488,0.004087972417932284,1.5531984702549821
11.716116744666882,0.01217015997590054,0.004087972417932284,1.5529210057450258
11.718615163438278,0.010272413715712192,0.004087972417932284,1.5526434442131034
11.721113591165901,0.023480979256001344,0.004087972417932284,1.5523659025780114
11.723612027817785,0.05151398966920806,0.004087972417932284,1.5520693940453905
11.726110473361972,0.06102619727076597,0.004087972417932284,1.5517704202029279
11.728608927766492,0.0357652353254696,0.004087972417932284,1.551469021267992
11.731107390999389,0.028819900820292288,0.004087972417932284,1.5511523340047466
11.733605863028698,0.006431395939233253,0.004087972417932284,1.5508199491213082
11.736104343822454,-0.0002067720101222026,0.004087972417932284,1.5505206521118
11.738602833348697,0.009687688060555644,0.004087972417932284,1.5502085892502295
11.741101331575464,-0.004849635795328933,0.004087972417932284,1.5498834228783096
11.74359983847079,0.005526377183352693,0.004087972417932284,1.5495481864355836
11.746098354002712,0.00619992282986459,0.004087972417932284,1.5492024158804611
11.748596878139269,0.011373228731378804,0.004087972417932284,1.5488673666825679
11.751095410848498,0.024053895766009026,0.004087972417932284,1.5485433240403066
11.753593952098434,0.01998908424094603,0.004087972417932284,1.5482305758913846
11.756092501857118,0.017033836882607067,0.004087972417932284,1.5479294129128263
11.758591060092584,0.00045081260909274334,0.004087972417932284,1.5476401285209747
11.76108962677287,0.006241558871190378,0.004087972417932284,1.5473529540617494
11.763588201866012,0.005837743685040975,0.004087972417932284,1.5470678389392933
11.76608678534005,0.011199683383796177,0.004087972417932284,1.5467728978669641
11.768585377163019,0.007818959375025303,0.004087972417932284,1.5464752260140175
11.771083977302956,0.007208223056617502,0.004087972417932284,1.5461749519094248
11.7735825857279,0.003614510773505941,0.004087972417932284,1.5458722031053425
11.776081202405884,-0.002568943517082367,0.004087972417932284,1.5456013855338628
11.778579827304949,-0.0020011097067020867,0.004087972417932284,1.5453240684758958
11.781078460393132,-0.0046714638957201515,0.004087972417932284,1.5450236301517122
11.783577101638468,-0.0019962491080867117,0.004087972417932284,1.5447227855660706
11.786075751008996,0.0019278761491292595,0.004087972417932284,1.5444254025540944
11.788574408472751,-0.0013496008532969395,0.004087972417932284,1.544115569417448
11.791073073997774,-0.00011215368662087499,0.004087972417932284,1.5437929156831196
11.793571747552098,0.006028757348501612,0.004087972417932284,1.5434570674161483
11.796070429103763,0.003003068070706494,0.004087972417932284,1.5430754474440675
11.798569118620803,0.0012094891375116212,0.004087972417932284,1.5427484986876567
11.801067816071258,0.006989288925885573,0.004087972417932284,1.5424239023141388
11.803566521423164,0.006556754960076239,0.004087972417932284,1.5420976661277606
11.80606523464456,-0.0034981201455914768,0.004087972417932284,1.541766142288294
11.80856395570348,0.007577303939179769,0.004087972417932284,1.541429349067657
11.811062684567963,0.00019853279116577305,0.004087972417932284,1.5411195588393696
11.813561421206046,0.0034973581277011334,0.004087972417932284,1.5407998884154663
11.816060165585764,0.003946618143003455,0.004087972417932284,1.5404741046829005
11.818558917675157,0.005686347491184129,0.004087972417932284,1.5400950448236308
11.82105767744226,0.013245185862355457,0.004087972417932284,1.5397507335829235
11.823556444855114,0.011142654060285695,0.004087972417932284,1.5393944078953112
11.826055219881752,0.012616646751561822,0.004087972417932284,1.539045289622441
11.828554002490211,0.006167096434659625,0.004087972417932284,1.538640713643943
11.831052792648531,-0.00625345230007035,0.004087972417932284,1.5382207411823807
11.833551590324749,-0.0016477003222037379,0.004087972417932284,1.5377850398046848
11.8360503954869,-1.1879237626910566e-05,0.004087972417932284,1.537357629105247
11.838549208103021,-0.0019005813854608977,0.004087972417932284,1.5369388496966456
11.84104802814115,0.002237194275848786,0.004087972417932284,1.5365290443931032
11.843546855569326,0.003820693724019053,0.004087972417932284,1.5361285582104807
11.846045690355584,0.0077452237603001794,0.004087972417932284,1.535737738366292
11.848544532467962,0.004637864009694459,0.004087972417932284,1.535332571748239
11.851043381874495,0.010400217683224078,0.004087972417932284,1.5349317927511525
11.853542238543222,0.0084672140876485,0.004087972417932284,1.5345194444687493
11.85604110244218,0.009563197864218775,0.004087972417932284,1.5341263753867527
11.858539973539406,0.014418235501827636,0.004087972417932284,1.5336709773278352
11.861038851802938,0.017948072448046526,0.004087972417932284,1.5332334403397696
11.863537737200813,0.011325439164302953,0.004087972417932284,1.532812157726702
11.866036629701066,0.006749388447879756,0.004087972417932284,1.5324077041758435
11.868535529271735,0.008238312581742013,0.004087972417932284,1.5319924541070296
11.871034435880858,0.003443552733335853,0.004087972417932284,1.5315944921384663
11.873533349496475,0.002605900568955599,0.004087972417932284,1.5311964833124136
11.876032270086617,0.004877545149379436,0.004087972417932284,1.5307983983604236
11.878531197619322,0.003208372048367991,0.004087972417932284,1.5304149159706433
11.881030132062632,0.009147938075497741,0.004087972417932284,1.5300342508102474
11.883529073384581,0.00949721610395926,0.004087972417932284,1.5296564608441967
11.886028021553209,0.01401357247463686,0.004087972417932284,1.5292790411112656
11.888526976536548,0.018654196243724996,0.004087972417932284,1.528905248405319
11.891025938302638,0.008820561019237116,0.004087972417932284,1.5285343547549508
11.893524906819515,0.015076903786758189,0.004087972417932284,1.5281663725487749
11.896023882055216,0.016895505250237086,0.004087972417932284,1.527801314339672
11.898522863977783,0.021727299980117243,0.004087972417932284,1.527439192844799
11.901021852555246,0.018373049068215463,0.004087972417932284,1.5270800209455815
11.903520847755647,0.015625419189492673,0.004087972417932284,1.5267238116877235
11.906019849547022,0.02466203155012403,0.004087972417932284,1.526370578281199
11.908518857897405,0.021837753325705034,0.004087972417932284,1.5260203341002567
11.911017872774838,0.018712917051744826,0.004087972417932284,1.5256730452150684
11.913516894147355,0.013865863260146716,0.004087972417932284,1.525326510372067
11.916015921982995,0.01689592973800047,0.004087972417932284,1.5249806649230542
11.918514956249794,0.013285464653364665,0.004087972417932284,1.5246354438369107
11.92101399691579,0.008744626177103587,0.004087972417932284,1.5242907816995899
11.923513043949018,0.020311147538717877,0.004087972417932284,1.523949867391649
11.926012097317516,0.022842842947356168,0.004087972417932284,1.5236196218799423
11.928511156989321,0.019390692665566478,0.004087972417932284,1.5232918084840086
11.931010222932475,0.021127006493244505,0.004087972417932284,1.5229544389789278
11.933509295115009,0.021744679578455717,0.004087972417932284,1.5226257294232282
11.93600837350496,0.012108419354419864,0.004087972417932284,1.5222872096795994
11.938507458070369,0.007347121105858223,0.004087972417932284,1.5219300222203098
11.94100654877927,-0.00030982378105326447,0.004087972417932284,1.5215638689800344
11.943505645599704,-0.002516524417876642,0.004087972417932284,1.5212357203394111
11.946004748499703,0.005567440484760766,0.004087972417932284,1.5209005118644354
11.948503857447308,-5.41259995878729e-05,0.004087972417932284,1.5206057257083192
11.951002972410556,-0.002029620434461865,0.004087972417932284,1.5203132512987967
11.95350209335748,0.0035987205861047755,0.004087972417932284,1.5200209455199567
11.956001220256121,0.005476615481220026,0.004087972417932284,1.5197227418845813
11.958500353074518,-0.0006666439259068735,0.004087972417932284,1.5194184659094745
11.960999491780703,0.004981007770488377,0.004087972417932284,1.5191082037958688
11.963498636342717,0.004315382051622629,0.004087972417932284,1.5187920407311981
11.965997786728595,0.015342426170191548,0.004087972417932284,1.5184700608890978
11.968496942906373,0.01745884567946665,0.004087972417932284,1.518160897093535
11.97099610484409,0.0124961185835204,0.004087972417932284,1.5178607911334563
11.973495272509785,0.0005313276452389992,0.004087972417932284,1.5175524413305408
11.975994445871494,0.0006912817928077519,0.004087972417932284,1.5172510610926042
11.97849362489725,-0.0002670471668215768,0.004087972417932284,1.5169555154167038
11.980992809555095,-0.00432153424132764,0.004087972417932284,1.5166386454808216
11.983491999813065,-0.007347732690591524,0.004087972417932284,1.5162885242689321
11.985991195639198,-0.004411682605709233,0.004087972417932284,1.515944962759194
11.988490397001527,-0.005371317082432103,0.004087972417932284,1.5155931194681114
11.990989603868094,0.0036990759000996576,0.004087972417932284,1.515257689364118
11.993488816206934,0.00016319985936785741,0.004087972417932284,1.5149294838832388
11.995988033986082,-0.0038901866775875593,0.004087972417932284,1.5145926449166451
11.99848725717358,-0.0038400356221779397,0.004087972417932284,1.51424725968216
12.00098648573746,-0.006174543908146202,0.004087972417932284,1.5138915254079575
12.003485719645763,-0.0009723986104930304,0.004087972417932284,1.5135305848347773
12.005984958866526,0.0008887475014487389,0.004087972417932284,1.5131472751393045
12.008484203367782,-0.004558677332954231,0.004087972417932284,1.5127410020472896
12.010983453117573,0.0029365732045536497,0.004087972417932284,1.5123111663017141
12.013482708083933,-0.00652017921717829,0.004087972417932284,1.5119295234052805
12.015981968234904,-0.0022842207001421144,0.004087972417932284,1.5115337284579753
12.018481233538512,-0.002466782105344123,0.004087972417932284,1.5111031197296851
12.020980503962807,0.0031741629868711208,0.004087972417932284,1.51070307531054
12.023479779475819,-0.0028915094256016793,0.004087972417932284,1.5102996998660516
12.02597906004559,-0.002760492057551689,0.004087972417932284,1.509878747191063
12.02847834564015,0.00030195358003237693,0.004087972417932284,1.5094396306055529
12.030977636227542,-0.002680894229781572,0.004087972417932284,1.5090428793105548
12.0334769317758,-0.00228487333268812,0.004087972417932284,1.5086349059790805
12.035976232252962,-0.007185472004042737,0.004087972417932284,1.508215335962072
12.038475537627066,-0.013357504119941632,0.004087972417932284,1.5078018370499073
12.04097484786615,-0.008870085845669173,0.004087972417932284,1.5074054914388624
12.043474162938246,-0.01940107366292687,0.004087972417932284,1.5070086269709768
12.045973482811398,-0.012808005447308757,0.004087972417932284,1.5066112386101898
12.048472807453637,-0.015267717595659924,0.004087972417932284,1.5062133215840097
12.050972136833005,-0.012270092109629704,0.004087972417932284,1.5058148713835013
12.053471470917538,-0.008057197855767084,0.004087972417932284,1.5054158837633018
12.055970809675271,-0.013196147688529614,0.004087972417932284,1.5050163547416093
12.058470153074243,-0.009390385606696361,0.004087972417932284,1.5046159403073809
12.060969501082491,-0.006863483472653309,0.004087972417932284,1.50423205976626
12.06346885366805,-0.006855635803926674,0.004087972417932284,1.5038683069094028
12.06596821079896,-0.0007172883354100712,0.004087972417932284,1.5034886384467763
12.068467572443257,-0.013772597176787693,0.004087972417932284,1.5030930968554208
12.07096693856898,-0.009141985301364342,0.004087972417932284,1.5027034593714221
12.07346630914416,-0.005941074646234945,0.004087972417932284,1.5023105053412125
12.075965684136843,0.004473984908916595,0.004087972417932284,1.5019004725723353
12.078465063515058,0.02100996638488306,0.004087972417932284,1.5014914941165909
12.080964447246847,0.034981040526224305,0.004087972417932284,1.5010837068318739
12.083463835300247,0.026645469912532027,0.004087972417932284,1.500677248351112
12.085963227643292,0.002391098193860186,0.004087972417932284,1.5002722570822635
12.088462624244022,0.004985360132914618,0.004087972417932284,1.499866257907006
12.090962025070473,0.009185121531195328,0.004087972417932284,1.4994592999998098
12.09346143009068,-0.00411407867101099,0.004087972417932284,1.4990514326773254
12.095960839272685,-0.005295712844195721,0.004087972417932284,1.4986374767682682
12.098460252584523,-0.0003928143536908735,0.004087972417932284,1.4982124129351317
12.100959669994229,0.001968457806407198,0.004087972417932284,1.4977922106758914
12.103459091469842,0.00602764680562462,0.004087972417932284,1.4973769297283854
12.1059585169794,-0.0006136448533415884,0.004087972417932284,1.4969898194072484
12.108457946490939,0.004496102458567908,0.004087972417932284,1.4965853811525938
12.110957379972495,0.0008264083142386358,0.004087972417932284,1.4962326730478568
12.113456817392107,-0.0013535340530810291,0.004087972417932284,1.495881799537309
12.115956258717812,-0.0004296907294081276,0.004087972417932284,1.4955010842251584
12.118455703917645,-0.007846019738201093,0.004087972417932284,1.495117363857263
12.120955152959645,-0.005848431429531509,0.004087972417932284,1.494733797701328
12.123454605811851,-0.0014542337962282215,0.004087972417932284,1.4943460920902154
12.125954062442295,-0.0024480851524248948,0.004087972417932284,1.493954147024488
12.128453522819019,-0.003731923560819528,0.004087972417932284,1.4935578620092331
12.130952986910058,-0.009646230496322294,0.004087972417932284,1.4931571360540654
12.133452454683448,-0.008361597243988994,0.004087972417932284,1.492778003777237
12.13595192610723,0.0019005184124645247,0.004087972417932284,1.492374895820708
12.138451401149437,0.0008033022636317888,0.004087972417932284,1.4919458824837952
12.140950879778108,0.006916623697748037,0.004087972417932284,1.491523505637689
12.14345036196128,0.010656641128124367,0.004087972417932284,1.4910958685179676
12.14594984766699,0.014842406994794999,0.004087972417932284,1.4906632505173825
12.148449336863274,0.012416269974614869,0.004087972417932284,1.4902307243383692
12.150948829518173,0.0025453325214115363,0.004087972417932284,1.489799273340372
12.153448325599719,0.003599487097716292,0.004087972417932284,1.4893690137078368
12.155947825075952,-0.0008687793488411089,0.004087972417932284,1.4889400621030533
12.15844732791491,0.006526432893244616,0.004087972417932284,1.4885018819776765
12.160946834084628,0.012381196393796756,0.004087972417932284,1.4880542209962582
12.163446343553142,0.0014305287279539058,0.004087972417932284,1.487596824722322
12.165945856288493,-0.004671112952732814,0.004087972417932284,1.4871477637424446
12.168445372258715,-0.0045569636846334305,0.004087972417932284,1.4867074158338167
12.170944891431848,-0.005237111894162094,0.004087972417932284,1.4862698846237499
12.173444413775925,0.0024632922294787196,0.004087972417932284,1.4858351032837576
12.175943939258989,0.005975999595890791,0.004087972417932284,1.485413227534194
12.178443467849071,-0.0064177917798879935,0.004087972417932284,1.4849791752515127
12.180942999514214,-0.004650092810439599,0.004087972417932284,1.4845275177973305
12.183442534222449,0.0035726624101488635,0.004087972417932284,1.4840582292126385
12.185942071941817,0.011301332094015404,0.004087972417932284,1.4835782952306664
12.188441612640354,0.004968676255828086,0.004087972417932284,1.4830874327726102
12.190941156286097,0.013510897705631741,0.004087972417932284,1.4826188089444106
12.193440702847083,0.0105999226982878,0.004087972417932284,1.4821574344601418
12.19594025229135,0.013515456876223908,0.004087972417932284,1.4816921733734314
12.198439804586936,0.01406847044689874,0.004087972417932284,1.4812400136902877
12.200939359701875,0.00924547019027,0.004087972417932284,1.480801624238736
12.203438917604208,0.013750969221926646,0.004087972417932284,1.4803708459273266
12.205938478261968,0.010049665312424239,0.004087972417932284,1.4799401312600033
12.208438041643197,0.006611901061905012,0.004087972417932284,1.4795025197028107
12.210937607715927,0.0007729752795522238,0.004087972417932284,1.479058308064521
12.213437176448199,0.017979372286333506,0.004087972417932284,1.4786459259035203
12.215936747808048,0.015072387415230315,0.004087972417932284,1.4782130845545414
12.21843632176351,0.01307300573873782,0.004087972417932284,1.4777803908575682
12.220935898282626,0.010834349408214594,0.004087972417932284,1.4773540530215108
12.223435477333432,0.010973989583037191,0.004087972417932284,1.476914168779609
12.225935058883964,0.012390870642671858,0.004087972417932284,1.4764739683364105
12.228434642902256,0.015870038344388604,0.004087972417932284,1.476024209994506
12.230934229356352,0.014581745448189798,0.004087972417932284,1.475569068238643
12.233433818214285,0.019471796054691737,0.004087972417932284,1.475125108835593
12.235933409444092,0.021499304989753165,0.004087972417932284,1.4746717914057685
12.238433003013808,0.010565324660879227,0.004087972417932284,1.4742216469407976
12.240932598891478,0.023612977529876344,0.004087972417932284,1.4737774156125518
12.24343219704513,0.027097329632183254,0.004087972417932284,1.4733392099331573
12.24593179744281,0.03532837423515267,0.004087972417932284,1.4729071435160337
12.248431400052546,0.041781349988374794,0.004087972417932284,1.4724813310758933
12.250931004842382,0.03356311402999923,0.004087972417932284,1.4720682567019796
12.25343061178035,0.018402946828715017,0.004087972417932284,1.4716685405739387
12.255930220834491,0.015140357897015733,0.004087972417932284,1.4712552849448126
12.258429831972842,0.016587223355021496,0.004087972417932284,1.4708416786515364
12.260929445163436,0.02502687115130131,0.004087972417932284,1.4704309629098264
12.263429060374316,0.041492423037946535,0.004087972417932284,1.4700219927781109
12.265928677573516,0.04366259757948088,0.004087972417932284,1.4696148150191484
12.268428296729073,0.023396123641909572,0.004087972417932284,1.4692094761960635
12.270927917809024,0.01574023070003161,0.004087972417932284,1.4688112156514261
12.273427540781407,0.04084208884188367,0.004087972417932284,1.4684198953953898
12.27592716561426,0.05766753397054458,0.004087972417932284,1.4680353785399944
12.278426792275617,0.06265409220093288,0.004087972417932284,1.467657529299169
12.280926420733516,0.028841791948351236,0.004087972417932284,1.467289355264032
12.283426050955999,0.009118955266641082,0.004087972417932284,1.4669308319670413
12.285925682911097,0.009994088188928885,0.004087972417932284,1.4665819368031154
12.28842531656685,0.011575094113454254,0.004087972417932284,1.466242649029625
12.290924951891293,0.004671641264040183,0.004087972417932284,1.465886852671336
12.293424588852465,0.0034902318725438253,0.004087972417932284,1.4655149538150678
12.295924227418405,0.0034754168430322085,0.004087972417932284,1.465129698474482
12.298423867557146,0.0011711540051158043,0.004087972417932284,1.464701025710446
12.300923509236727,-0.003919588053635792,0.004087972417932284,1.4642609306674594
12.303423152425188,-0.005350329529380193,0.004087972417932284,1.463827541568596
12.30592279709056,-0.005178795591590957,0.004087972417932284,1.4634011410135725
12.308422443200884,-0.0005191947598901514,0.004087972417932284,1.462966511436463
12.310922090724198,-0.003919065189494919,0.004087972417932284,1.4625432104994354
12.313421739628536,0.006983494240583088,0.004087972417932284,1.462131565506614
12.315921389881938,0.011502884754743148,0.004087972417932284,1.4617110976295986
12.31842104145244,0.02035718248527285,0.004087972417932284,1.461306117564289
12.320920694308079,0.014362424552146313,0.004087972417932284,1.4609032964414026
12.323420348416892,-0.0006315234700544625,0.004087972417932284,1.4605044679016344
12.325920003746917,-0.007160705200139228,0.004087972417932284,1.4601095557037673
12.32841966026619,-0.0068931749619420835,0.004087972417932284,1.4597184841057873
12.33091931794275,-0.006978035613846023,0.004087972417932284,1.459331084810629
12.33341897674463,-0.009421966731734122,0.004087972417932284,1.4589529330594135
12.335918636639871,-0.006765766131694662,0.004087972417932284,1.458612704849397
12.33841829759651,-0.0043326733061286316,0.004087972417932284,1.45824103559849
12.340917959582582,-0.004749455575250083,0.004087972417932284,1.457830651110935
12.343417622566125,-0.002282523669983938,0.004087972417932284,1.457438481452402
12.345917286515178,0.00046678827454860183,0.004087972417932284,1.4570440640045312
12.348416951397777,-0.006632225118901491,0.004087972417932284,1.4566580541137455
12.350916617181957,0.0018780697229789922,0.004087972417932284,1.4562795129298984
12.353416283835758,-0.005054244732296098,0.004087972417932284,1.4559045104016206
12.355915951327216,-0.009239707926861795,0.004087972417932284,1.4555025402610355
12.358415619624365,0.0009912939680103428,0.004087972417932284,1.4550929189112471
12.36091528869525,0.012580045629466241,0.004087972417932284,1.4546965799902376
12.3634149585079,0.03216978734353271,0.004087972417932284,1.4542965336539422
12.365914629030355,0.05034840262342155,0.004087972417932284,1.4538942603604477
12.368414300230656,0.07000719934252886,0.004087972417932284,1.4534847058762117
12.370913972076835,0.10112464923772113,0.004087972417932284,1.4530677572209187
12.373413644536928,0.12566082565252934,0.004087972417932284,1.4526593679650697
12.375913317578977,0.1378325922420347,0.004087972417932284,1.452254013822747
12.378412991171018,0.08231037288596688,0.004087972417932284,1.4518519310144902
12.380912665281087,0.03828337057636766,0.004087972417932284,1.4514613284303488
12.383412339877223,0.027496413650350826,0.004087972417932284,1.4510847010244106
12.38591201492746,0.030148539758581006,0.004087972417932284,1.4507211320020605
12.388411690399835,0.02883971499873761,0.004087972417932284,1.4503271745754254
12.390911366262388,0.03363585840604255,0.004087972417932284,1.4499324160000802
12.393411042483155,0.054398524060973896,0.004087972417932284,1.4495086139524898
12.395910719030173,0.0725162065145395,0.004087972417932284,1.4490481926487042
12.398410395871478,0.039290544191578736,0.004087972417932284,1.448607296646066
12.40091007297511,0.009989795586050398,0.004087972417932284,1.4481064182007828
12.403409750309104,0.019469822188990182,0.004087972417932284,1.447635421047312
12.405909427841497,0.033979734972004794,0.004087972417932284,1.447147131993259
12.408409105540327,0.030321238138002027,0.004087972417932284,1.4466704201049339
12.410908783373632,0.012316150478843158,0.004087972417932284,1.446215957873912
12.413408461309446,-0.0002838430588874008,0.004087972417932284,1.4457344092744644
12.415908139315809,-0.0038778296346684282,0.004087972417932284,1.4452727016105156
12.418407817360757,-0.008301926955915251,0.004087972417932284,1.4448095988617247
12.420907495412328,-0.0017016635489395249,0.004087972417932284,1.4443450245577367
12.423407173438557,-0.005502487603276318,0.004087972417932284,1.4438789018640938
12.425906851407484,-0.006448423389349367,0.004087972417932284,1.4433942294191928
12.428406529287143,-0.005648495821923838,0.004087972417932284,1.442933657520112
12.430906207045574,-0.0021393188514247097,0.004087972417932284,1.4424751875581838
12.433405884650814,0.0015571588131226832,0.004087972417932284,1.4420226509401073
12.435905562070896,0.002254020091762232,0.004087972417932284,1.4415759615382648
12.438405239273864,0.0011303717919362022,0.004087972417932284,1.441135034670597
12.44090491622775,0.010540335168969017,0.004087972417932284,1.4406997871005993
12.443404592900592,0.023876383668540502,0.004087972417932284,1.440240912467221
12.445904269260426,0.024968291291002753,0.004087972417932284,1.4397886435892897
12.448403945275292,0.01886585438295718,0.004087972417932284,1.4393502938796368
12.450903620913227,0.04080789662790085,0.004087972417932284,1.43890709289375
12.453403296142266,0.054474931890534206,0.004087972417932284,1.4384593481241321
12.455902970930449,0.02839961852173678,0.004087972417932284,1.4380038707908496
12.458402645245808,-0.0023224018207961272,0.004087972417932284,1.4375408444203126
12.460902319056387,-0.00721668784815499,0.004087972417932284,1.4370704503894653
12.463401992330217,-0.0034593149200614626,0.004087972417932284,1.4365996108264576
12.465901665035338,-0.012893666442554297,0.004087972417932284,1.4361282636855779
12.468401337139788,-0.01298628190117479,0.004087972417932284,1.435656346461885
12.470901008611602,-0.007451969366143674,0.004087972417932284,1.435183796191198
12.473400679418818,-0.006898078080941561,0.004087972417932284,1.4347105494501007
12.475900349529473,-0.00127599359401942,0.004087972417932284,1.4342365423559444
12.478400018911605,0.011660997450389399,0.004087972417932284,1.433773968207536
12.48089968753325,0.0072646579370929665,0.004087972417932284,1.4333162221608755
12.483399355362446,-0.0026858204924482543,0.004087972417932284,1.432863425679042
12.48589902236723,-0.007102775280201534,0.004087972417932284,1.4324157010465701
12.488398688515638,-0.012178557649082489,0.004087972417932284,1.4319376678419997
12.490898353775707,-0.007434592501186943,0.004087972417932284,1.4314668914664979
12.493398018115476,-0.00552733406175987,0.004087972417932284,1.4310210639484329
12.495897681502981,0.006485760689764586,0.004087972417932284,1.4305783613388277
12.49839734390626,0.014670398923847028,0.004087972417932284,1.4301388369966022
12.50089700529335,0.0034468874352970857,0.004087972417932284,1.429711049329195
12.503396665632287,-0.001083656221303908,0.004087972417932284,1.4292965042939043
12.505896324891108,-0.0105925075078388,0.004087972417932284,1.4288746422005898
12.508395983037852,0.0030192170297060894,0.004087972417932284,1.4284650063856472
12.510895640040555,0.017850625075903404,0.004087972417932284,1.428051758637115
12.513395295867253,0.0418028170462299,0.004087972417932284,1.4276351870395285
12.515894950485986,0.07602336554021982,0.004087972417932284,1.4272176278128934
12.518394603864786,0.093523856710366,0.004087972417932284,1.4267994376423894
12.5208942559717,0.07576940750803463,0.004087972417932284,1.4263898724397843
12.523393906774752,0.0325644512704617,0.004087972417932284,1.425952178216195
12.52589355624199,0.017798610576631235,0.004087972417932284,1.425518457710222
12.528393204341445,-0.0009312064378321772,0.004087972417932284,1.4251070222979627
12.530892851041154,-0.003426852780465728,0.004087972417932284,1.4247125611691849
12.53339249630916,-0.0011271455845454081,0.004087972417932284,1.4242901602100773
12.535892140113495,0.004077394758179809,0.004087972417932284,1.4238392075857198
12.538391782422195,0.01089528578882426,0.004087972417932284,1.4234100148663473
12.540891423203304,0.017138434381392065,0.004087972417932284,1.4230369538505352
12.543391062424853,0.025591052837294015,0.004087972417932284,1.4226807288308896
12.54589070005488,0.010363243817473222,0.004087972417932284,1.4223390941072112
12.548390336061424,0.0025891613714834616,0.004087972417932284,1.4219624109104676
12.550889970412518,0.001313864889096017,0.004087972417932284,1.4215923506178756
12.553389603076205,0.005786156053703362,0.004087972417932284,1.4212022819374273
12.555889234020519,0.004503960544516072,0.004087972417932284,1.4208174967371618
12.558388863213496,0.0009707320422092103,0.004087972417932284,1.4204379890961678
12.560888490623176,0.0010932945256820759,0.004087972417932284,1.4200637533910507
12.563388116217595,0.009939935275633305,0.004087972417932284,1.4196947842959455
12.56588773996479,0.01147752204681085,0.004087972417932284,1.4193310767825071
12.568387361832798,-0.0018463894665226022,0.004087972417932284,1.4189402727174334
12.570886981789656,0.0021550765416129547,0.004087972417932284,1.4185745763556228
12.573386599803401,0.00229396270994342,0.004087972417932284,1.418234704180871
12.57588621584207,0.0012378495406002443,0.004087972417932284,1.4179002755787582
12.5783858298737,0.006893778767443681,0.004087972417932284,1.4176157542018462
12.58088544186633,0.01094598923582879,0.004087972417932284,1.417336507664784
12.583385051787996,0.021315450416050874,0.004087972417932284,1.4170577156719222
12.585884659606734,0.02637829916803902,0.004087972417932284,1.416757604333688
12.588384265290582,0.04370843309579309,0.004087972417932284,1.4164741308573792
12.590883868807577,0.06292026986211208,0.004087972417932284,1.4161823274448784
12.593383470125756,0.0736799770461316,0.004087972417932284,1.4159084932607513
12.595883069213158,0.07095395665794424,0.004087972417932284,1.4156355807475067
12.598382666037818,0.0394614665670332,0.004087972417932284,1.415353096524855
12.600882260567772,0.014103488185255086,0.004087972417932284,1.4150518035165771
12.603381852771061,0.004571719991955492,0.004087972417932284,1.4147565643355282
12.60588144261572,0.003111403323912132,0.004087972417932284,1.4144673334021687
12.608381030069785,0.0015041414113630136,0.004087972417932284,1.4141840654119393
12.610880615101294,0.004589194908373839,0.004087972417932284,1.4139067153352625
12.613380197678286,0.005243111741614737,0.004087972417932284,1.4136352384175361
12.615879777768795,0.008687282501231852,0.004087972417932284,1.4133695901791414
12.618379355340858,0.007364942483413461,0.004087972417932284,1.413109726415435
12.620878930362517,0.010498778346993198,0.004087972417932284,1.4128556031967516
12.623378502801804,0.016838819661216586,0.004087972417932284,1.412607176868406
12.625878072626758,0.020203377409808265,0.004087972417932284,1.4123644040506904
12.628377639805416,0.0143116044363083,0.004087972417932284,1.412127241638872
12.630877204305817,0.021894538347903003,0.004087972417932284,1.4118956468031982
12.633376766095994,0.03372310134151002,0.004087972417932284,1.4116695769888907
12.635876325143988,0.03914617574904189,0.004087972417932284,1.4114489899161495
12.638375881417835,0.021254394550107136,0.004087972417932284,1.4112268731471487
12.64087543488557,0.006836014465683382,0.004087972417932284,1.4109768850357753
12.643374985515232,-0.00236151467147816,0.004087972417932284,1.410734599846939
12.64587453327486,0.005622561097055501,0.004087972417932284,1.4104813014558684
12.64837407813249,0.003076819525871688,0.004087972417932284,1.4102006570333445
12.650873620056155,0.014253018820043817,0.004087972417932284,1.4099005831771974
12.653373159013897,0.004890271434122351,0.004087972417932284,1.4096168257327388
12.655872694973752,0.027221870103337098,0.004087972417932284,1.4093261493802525
12.658372227903756,0.02630732610448394,0.004087972417932284,1.409009322015881
12.660871757771945,0.017878041555148494,0.004087972417932284,1.4086850839529497
12.663371284546361,0.017038073277852117,0.004087972417932284,1.4083618301450485
12.665870808195038,0.01298572471528292,0.004087972417932284,1.4080420739630188
12.668370328686011,0.006027420240376724,0.004087972417932284,1.407725971906024
12.67086984598732,0.00706174142859628,0.004087972417932284,1.4074139422799703
12.673369360067003,0.005731575446685122,0.004087972417932284,1.4071061508876486
12.675868870893094,0.004771524791810311,0.004087972417932284,1.406802763703543
12.678368378433632,0.006029873012657783,0.004087972417932284,1.406503946873828
12.680867882656653,0.020781776046194578,0.004087972417932284,1.406190654614032
12.683367383530197,0.024592171813587305,0.004087972417932284,1.4058623863174402
12.685866881022298,0.014457119121241924,0.004087972417932284,1.405535849562599
12.688366375100996,0.0007095417024878259,0.004087972417932284,1.4052092646709458
12.690865865734322,-0.0073473980684928275,0.004087972417932284,1.4048792028516033
12.693365352890323,-0.005557936957168774,0.004087972417932284,1.404572445507855
12.695864836537027,-0.0014246214207904728,0.004087972417932284,1.4042842459591554
12.698364316642476,0.006353083989719677,0.004087972417932284,1.4039786568459627
12.700863793174705,0.008079032065751779,0.004087972417932284,1.4036895977643036
12.703363266101752,-0.003343786650331415,0.004087972417932284,1.40338914506009
12.705862735391655,-0.003767820616384032,0.004087972417932284,1.4030769673568346
12.70836220101245,-0.005175241531799157,0.004087972417932284,1.4027686763594818
12.710861662932174,-4.911204640212219e-05,0.004087972417932284,1.4024644870277188
12.713361121118867,0.003615638449034231,0.004087972417932284,1.4021764234804273
12.71586057554056,-0.0018856325516698469,0.004087972417932284,1.4018908775364922
12.718360026165296,-0.0013108658112888083,0.004087972417932284,1.4016079833380473
12.72085947296111,0.003080448709195549,0.004087972417932284,1.4013278746108235
12.723358915896037,0.01008249536913075,0.004087972417932284,1.4010506846641668
12.725858354938119,0.02087438649938833,0.004087972417932284,1.4007765463910218
12.728357790055387,0.03917616675705249,0.004087972417932284,1.4005105925894774
12.730857221215885,0.035568157822651436,0.004087972417932284,1.4002527779863296
12.733356648387645,0.019972234663554245,0.004087972417932284,1.4000006858902876
12.735856071538706,-0.0019576675147341405,0.004087972417932284,1.3997541903321793
12.738355490637103,-0.010071080221234485,0.004087972417932284,1.399513165606101
12.740854905650878,-0.007288493052971967,0.004087972417932284,1.3992774862694193
12.743354316548062,-0.001648986416553866,0.004087972417932284,1.3990470271427689
12.745853723296698,0.011771619641992359,0.004087972417932284,1.3988365488084806
12.748353125864819,0.013271425499560507,0.004087972417932284,1.3986120440500711
12.750852524220464,0.004738658517311034,0.004087972417932284,1.3984016087877258
12.75335191833167,0.011495449594109752,0.004087972417932284,1.3982034660192988
12.755851308166472,0.025062809375300032,0.004087972417932284,1.397981442407071
12.75835069369291,0.039890282546687805,0.004087972417932284,1.3977364111344062
12.76085007487902,0.03147929674984873,0.004087972417932284,1.3974942499005276
12.76334945169284,0.015677678871585776,0.004087972417932284,1.397254931354744
12.765848824102406,0.006187032046177432,0.004087972417932284,1.397018427657157
12.768348192075754,0.003353575862042435,0.004087972417932284,1.3967847104786624
12.770847555580923,0.005812629572992334,0.004087972417932284,1.3965537510009558
12.773346914585948,0.016013095583347514,0.004087972417932284,1.3963063859077693
12.775846269058873,0.02702974625537169,0.004087972417932284,1.3960374673600429
12.778345618967725,0.02264812923693449,0.004087972417932284,1.3957773226143346
12.780844964280549,0.019671746698878056,0.004087972417932284,1.3955261742218736
12.783344304965377,0.0037826325466123745,0.004087972417932284,1.395271578905806
12.78584364099025,0.0009133285557887394,0.004087972417932284,1.395027998592263
12.788342972323202,0.009099443897534698,0.004087972417932284,1.3948098842616155
12.790842298932272,0.0073628242309977665,0.004087972417932284,1.3945971243832702
12.793341620785498,0.007305305981013088,0.004087972417932284,1.3943854794760009
12.795840937850913,-0.0027729465935646402,0.004087972417932284,1.3941658516930355
12.79834025009656,0.0019615609262557676,0.004087972417932284,1.3939453639929513
12.800839557490471,0.0010355701331681288,0.004087972417932284,1.393724151118044
12.803338860000688,-0.0013310393927519204,0.004087972417932284,1.393512342034006
12.805838157595243,0.025740784641975045,0.004087972417932284,1.3933097145116276
12.808337450242176,0.09008422981125408,0.004087972417932284,1.3931192989935186
12.810836737909524,0.14245063834344474,0.004087972417932284,1.392925414381839
12.813336020565323,0.09909865166258758,0.004087972417932284,1.392722358428736
12.81583529817761,0.04525083155644749,0.004087972417932284,1.3925103279578457
12.818334570714425,0.03126749349038871,0.004087972417932284,1.3922741031803256
12.820833838143802,0.023658804362001185,0.004087972417932284,1.3920590727710822
12.82333310043378,0.025814161976869476,0.004087972417932284,1.3917952308146253
12.825832357552395,0.025438767999140577,0.004087972417932284,1.3915308145088874
12.828331609467684,0.012801188041462241,0.004087972417932284,1.391295888193046
12.830830856147687,0.011937148395281927,0.004087972417932284,1.3910647471089534
12.833330097560436,0.0061935453672590235,0.004087972417932284,1.3908343368758918
12.83582933367397,0.002446407668719175,0.004087972417932284,1.3906046049085878
12.83832856445633,0.006488446847254803,0.004087972417932284,1.3903775499421283
12.840827789875549,0.015277367947361009,0.004087972417932284,1.39015304558289
12.843327009899667,0.012599879892313925,0.004087972417932284,1.3899309654317689
12.845826224496717,0.0062012159689623925,0.004087972417932284,1.3896841136179428
12.84832543363474,0.006762590679737057,0.004087972417932284,1.3894640586937834
12.85082463728177,0.009082399079151537,0.004087972417932284,1.3892564951935018
12.853323835405847,0.009010612174213728,0.004087972417932284,1.389057474458564
12.855823027975008,0.0014630604840517591,0.004087972417932284,1.3888694375707384
12.858322214957289,-0.0006636879645240956,0.004087972417932284,1.3886923979986334
12.860821396320725,0.0011310365433450098,0.004087972417932284,1.3885100702414097
12.863320572033356,-0.0007634819803479242,0.004087972417932284,1.3883179295213424
12.865819742063218,0.01472671420971472,0.004087972417932284,1.3881280666899207
12.86831890637835,0.023928940791028808,0.004087972417932284,1.3879404805227091
12.87081806494679,0.03300737798506015,0.004087972417932284,1.3877551695078756
12.873317217736568,0.03576735173486467,0.004087972417932284,1.3875721318461918
12.875816364715728,0.022094000520491486,0.004087972417932284,1.3873913654510368
12.878315505852306,0.005887826501197457,0.004087972417932284,1.3872128679483926
12.88081464111434,0.0018254831458535126,0.004087972417932284,1.3870366366768485
12.88331377046986,-0.003174734206138119,0.004087972417932284,1.3868629336166403
12.885812893886913,0.008058029566086145,0.004087972417932284,1.3866859924364765
12.88831201133353,0.005863864055550616,0.004087972417932284,1.3864951695504115
12.89081112277775,0.005947071403617832,0.004087972417932284,1.3863188322447075
12.893310228187609,0.011192978102877671,0.004087972417932284,1.3861533501368584
12.895809327531147,0.00765232431761409,0.004087972417932284,1.3859989291096175
12.898308420776399,-0.003692062697568943,0.004087972417932284,1.3858485105421414
12.9008075078914,-0.005718999066553598,0.004087972417932284,1.3857020518144187
12.90330658884419,0.0013342203814759035,0.004087972417932284,1.3855595104476235
12.905805663602807,0.0005890377959949511,0.004087972417932284,1.3854208441041291
12.908304732135287,0.0049825359966531035,0.004087972417932284,1.3852783803962405
12.910803794409667,0.008747248883996805,0.004087972417932284,1.3851470932994006
12.91330285039398,0.013779230715155855,0.004087972417932284,1.3850202488984498
12.915801900056271,0.021163223825087174,0.004087972417932284,1.3848890389491189
12.91830094336457,0.02423103405224003,0.004087972417932284,1.38475871655708
12.920799980286922,0.04064190352210373,0.004087972417932284,1.3846365631966928
12.923299010791357,0.03865204201963679,0.004087972417932284,1.384522852809763
12.925798034845915,0.02293206266759218,0.004087972417932284,1.384378364252754
12.928297052418632,0.012483644244557057,0.004087972417932284,1.3842550617574318
12.930796063477544,0.001878455342660068,0.004087972417932284,1.3841331344724022
12.933295067990695,-0.0070657420775253055,0.004087972417932284,1.3840062414235212
12.935794065926112,-0.007700658056952525,0.004087972417932284,1.383894636897883
12.93829305725184,-0.007414677286213589,0.004087972417932284,1.3837856939826336
12.940792041935914,-0.0028966966007437644,0.004087972417932284,1.3836794762894988
12.943291019946368,-0.005546853115137695,0.004087972417932284,1.3835760473189995
12.945789991251242,-0.0034527404016297947,0.004087972417932284,1.3834754704604448
12.948288955818576,-0.006359052558553735,0.004087972417932284,1.383377970135582
12.950787913616402,-0.006061720804945381,0.004087972417932284,1.3832836037962624
12.953286864612759,-0.003197814418814948,0.004087972417932284,1.3831898000648448
12.955785808775683,0.0009628247869226669,0.004087972417932284,1.3830965249776184
12.958284746073213,0.007517006096412704,0.004087972417932284,1.383003743864115
12.960783676473385,0.022975804582927584,0.004087972417932284,1.382911421347116
12.963282599944238,0.02990719996315372,0.004087972417932284,1.3828129256481863
12.965781516453807,0.018937786493282927,0.004087972417932284,1.382707235834916
12.96828042597013,0.013673896012522668,0.004087972417932284,1.3826192220006428
12.970779328461242,0.02501822277043786,0.004087972417932284,1.3825364710250159
12.973278223895186,0.018006394133001535,0.004087972417932284,1.3824559606305584
12.97577711223999,0.013909321983035738,0.004087972417932284,1.38238276334428
12.9782759934637,0.013842877939899578,0.004087972417932284,1.3823167202217597
12.980774867534349,0.006000327332472688,0.004087972417932284,1.3822576732831107
12.983273734419974,0.021571374827781487,0.004087972417932284,1.3822000870842865
12.985772594088614,0.01800580755187653,0.004087972417932284,1.382140163798259
12.988271446508303,0.008109561695775813,0.004087972417932284,1.3820776828274086
12.990770291647081,-0.006131073874035886,0.004087972417932284,1.3820274565497486
12.993269129472985,-0.006681606999042522,0.004087972417932284,1.3819660856900609
12.99576795995405,-0.002181225370174955,0.004087972417932284,1.3818905584679402
12.998266783058314,-0.007938100859872899,0.004087972417932284,1.381801029758871
13.000765598753816,-0.0020414551829304184,0.004087972417932284,1.3816976505596634
13.00326440700859,0.00581068706675425,0.004087972417932284,1.381607709478603
13.005763207790675,0.004218080547756298,0.004087972417932284,1.3815317639511102
13.008262001068108,0.00169262488640598,0.004087972417932284,1.3814605328860614
13.010760786808927,0.0011534419291279185,0.004087972417932284,1.3813942375271622
13.013259564981167,0.008303006015004222,0.004087972417932284,1.3813408778051
13.015758335552867,0.013757849739620909,0.004087972417932284,1.3813001214956926
13.018257098492064,0.02575821300384895,0.004087972417932284,1.3812716387335362
13.020755853766794,0.03775567236933841,0.004087972417932284,1.3812420913187757
13.023254601345094,0.026490746390274378,0.004087972417932284,1.3812115026185305
13.025753341195003,0.014435435909863736,0.004087972417932284,1.3811798951102614
13.028252073284555,0.04197243932983041,0.004087972417932284,1.3811472903817716
13.03075079758179,0.09409009766436749,0.004087972417932284,1.3811137091312136
13.033249514054745,0.13921688110765573,0.004087972417932284,1.3810791711670918
13.035748222671454,0.08753956265915686,0.004087972417932284,1.381041785029647
13.03824692339996,0.04053493079939452,0.004087972417932284,1.3810015024180395
13.040745616208296,0.04616976871333289,0.004087972417932284,1.3809582736796462
13.0432443010645,0.041100540413518294,0.004087972417932284,1.3809073821006574
13.045742977936605,0.016534614373628687,0.004087972417932284,1.380849493602769
13.048241646792654,2.5619019414557798e-05,0.004087972417932284,1.3807482958376758
13.050740307600684,-0.00083440797614176,0.004087972417932284,1.3806551498353603
13.053238960328727,0.0023020355829921346,0.004087972417932284,1.3805830310182607
13.055737604944825,0.0019863650360250062,0.004087972417932284,1.3805070829899448
13.058236241417013,0.011323585779843715,0.004087972417932284,1.380427184212283
13.060734869713329,0.015673512562610847,0.004087972417932284,1.3803432118147514
13.06323348980181,0.01187887966297807,0.004087972417932284,1.3802561228629135
13.065732101650495,0.013254229036181009,0.004087972417932284,1.3801605830112933
13.068230705227416,0.02739764754448748,0.004087972417932284,1.3800913376479353
13.070729300500613,0.03809065912670273,0.004087972417932284,1.3800170475250506
13.073227887438124,0.03123003404433078,0.004087972417932284,1.3799375401782517
13.075726466007987,0.021494600662409047,0.004087972417932284,1.379860659267044
13.078225036178235,0.021170131614791643,0.004087972417932284,1.3797850928817657
13.08072359791691,0.023243030459180414,0.004087972417932284,1.3797108947348837
13.083222151192045,0.017130221954599678,0.004087972417932284,1.3796381184579463
13.08572069597168,0.019238010282758067,0.004087972417932284,1.379566817601574
13.088219232223851,0.026390215707316145,0.004087972417932284,1.3794970456354605
13.090717759916593,0.023932741283454906,0.004087972417932284,1.3794288559483763
13.093216279017948,0.011897742843499426,0.004087972417932284,1.379347866439687
13.09571478949595,0.007732858923066965,0.004087972417932284,1.379252362677076
13.098213291318636,0.001355826649882541,0.004087972417932284,1.3791418491365939
13.100711784454043,-0.0021272222294419496,0.004087972417932284,1.379060351017791
13.10321026887021,0.0008369369869747345,0.004087972417932284,1.3789814070815811
13.105708744535173,-0.001531111788224182,0.004087972417932284,1.3789051119064775
13.10820721141697,-0.003644808040638381,0.004087972417932284,1.3788315603091086
13.110705669483636,0.006873029136772901,0.004087972417932284,1.3787608473442128
13.113204118703209,0.005954936251698184,0.004087972417932284,1.378693068304638
13.115702559043726,0.01604687174934405,0.004087972417932284,1.3786283187213386
13.118200990473225,0.03367350763330279,0.004087972417932284,1.37856695855595
13.120699412959745,0.04465479027296526,0.004087972417932284,1.378508809074668
13.12319782647132,0.032845125498673466,0.004087972417932284,1.3784503273424447
13.125696230975985,0.02231060492101622,0.004087972417932284,1.37839148359521
13.12819462644178,0.03375378918351846,0.004087972417932284,1.3783322474262736
13.130693012836748,0.059522499629324654,0.004087972417932284,1.3782725877863213
13.133191390128914,0.06620881516863175,0.004087972417932284,1.378212472983429
13.135689758286325,0.02554106011988666,0.004087972417932284,1.3781518706830576
13.138188117277016,0.005499280605610668,0.004087972417932284,1.37809074790806
13.14068646706902,0.007819429884246443,0.004087972417932284,1.3780290710386864
13.143184807630378,0.0034020216194925457,0.004087972417932284,1.377966805812584
13.145683138929124,0.002851185267788825,0.004087972417932284,1.3778999983522895
13.148181460933301,0.003106598957264728,0.004087972417932284,1.3778284770422338
13.15067977361094,0.00513639271849109,0.004087972417932284,1.3777520686763047
13.15317807693008,0.017246894480502428,0.004087972417932284,1.377670598457855
13.155676370858759,0.019094192708119406,0.004087972417932284,1.3776141582259869
13.158174655365015,0.01308030456899334,0.004087972417932284,1.3775532986286096
13.160672930416883,0.004138272874216753,0.004087972417932284,1.3774801797330853
13.1631711959824,0.0022923918340582716,0.004087972417932284,1.3774134388564505
13.165669452029604,0.0028154487223581715,0.004087972417932284,1.377353293089327
13.168167698526535,0.012034346288240405,0.004087972417932284,1.3772999606794842
13.170665935441225,0.02555299456204141,0.004087972417932284,1.3772536610318413
13.173164162741715,0.031008207171322688,0.004087972417932284,1.3772146147084565
13.175662380396037,0.029999380329730263,0.004087972417932284,1.3771760597280898
13.178160588372236,0.028261218428921486,0.004087972417932284,1.3771379764917535
13.180658786638343,0.0228721888502601,0.004087972417932284,1.3771003448683536
13.183156975162397,0.006458889516841593,0.004087972417932284,1.3770631441946963
13.185655153912435,0.009273005013035851,0.004087972417932284,1.3770263532754892
13.188153322856495,0.006015040789595583,0.004087972417932284,1.3769899503833467
13.190651481962613,0.011123603689263906,0.004087972417932284,1.376953913258792
13.193149631198827,0.010663905580203803,0.004087972417932284,1.3769182191102622
13.195647770533173,0.011171632003711629,0.004087972417932284,1.3768828446141066
13.198145899933689,0.009851900151975235,0.004087972417932284,1.3768477659145966
13.200644019368411,0.015501971654223734,0.004087972417932284,1.3768129586239248
13.203142128805379,0.010476433647373051,0.004087972417932284,1.37677839782221
13.205640228212626,0.010004732880249056,0.004087972417932284,1.3767440580574997
13.208138317558191,0.0023322011453710267,0.004087972417932284,1.3767099133457745
13.210636396810115,0.007538782891324702,0.004087972417932284,1.376675937170948
13.21313446593643,0.0005108607431068002,0.004087972417932284,1.3766332940515151
13.215632524905173,-0.003573943912373423,0.004087972417932284,1.3765798344182
13.218130573684384,0.005014303620254124,0.004087972417932284,1.3765361347742782
13.220628612242098,0.01763063623991057,0.004087972417932284,1.376482708495976
13.223126640546354,0.043313780534834256,0.004087972417932284,1.3764353232438844
13.225624658565188,0.06877276148061684,0.004087972417932284,1.3763941762641887
13.228122666266637,0.06937277238233275,0.004087972417932284,1.376359465883364
13.230620663618739,0.04108716032705595,0.004087972417932284,1.3763313915081583
13.23311865058953,0.01559251038809184,0.004087972417932284,1.3763009357801068
13.23561662714705,0.009790800109056308,0.004087972417932284,1.376267980223985
13.238114593259331,0.004171412927386875,0.004087972417932284,1.3762324052152892
13.240612548894415,0.005163786758290323,0.004087972417932284,1.3761706444516275
13.243110494020335,0.014192114641196962,0.004087972417932284,1.3761326953520054
13.24560842860513,0.024494138112316266,0.004087972417932284,1.3761009421582502
13.248106352616842,0.025500073752280583,0.004087972417932284,1.3760755757177296
13.2506042660235,0.027468838053445355,0.004087972417932284,1.3760383465732131
13.253102168793145,0.021000122284866807,0.004087972417932284,1.375988807370051
13.255600060893814,0.021751903535871087,0.004087972417932284,1.3759265073320088
13.258097942293542,0.020306764151004852,0.004087972417932284,1.375853012791421
13.260595812960371,0.012531543219203023,0.004087972417932284,1.3758165918797525
13.263093672862334,0.010637621541281561,0.004087972417932284,1.3757767949698172
13.265591521967467,0.002278353896953522,0.004087972417932284,1.3757609834854019
13.268089360243813,0.0006585925917896862,0.004087972417932284,1.3757446712911077
13.270587187659403,0.0006475250254038833,0.004087972417932284,1.3757277973246405
13.27308500418228,0.021689249690854506,0.004087972417932284,1.375710299794803
13.275582809780476,0.03701146888470164,0.004087972417932284,1.3756921161815137
13.278080604422028,0.021294355105425877,0.004087972417932284,1.3756731832357982
13.280578388074977,0.019442503819636414,0.004087972417932284,1.3756534369798044
13.283076160707358,0.0187997337274306,0.004087972417932284,1.375632812706794
13.285573922287206,0.0214122400019221,0.004087972417932284,1.3756112449811642
13.288071672782564,0.03943199848902279,0.004087972417932284,1.3755886676384375
13.290569412161464,0.09560849373636615,0.004087972417932284,1.3755189565533128
13.293067140391946,0.11795560665124083,0.004087972417932284,1.3754450325041803
13.295564857442043,0.07537854184859238,0.004087972417932284,1.3753717116743625
13.298062563279798,0.012768325204768116,0.004087972417932284,1.375321716017868
13.300560257873244,0.0018193148601033382,0.004087972417932284,1.3752574946987648
13.303057941190419,0.006258565138017591,0.004087972417932284,1.3752039748234637
13.30555561319936,0.01078892019117772,0.004087972417932284,1.3751347698617074
13.308053273868106,0.02418779557733375,0.004087972417932284,1.3750665088586809
13.31055092316469,0.041062706955016015,0.004087972417932284,1.3750129872282248
13.313048561057155,0.041906591672684845,0.004087972417932284,1.3749816763185376
13.315546187513533,0.026804778646442262,0.004087972417932284,1.3749484354305808
13.318043802501863,0.00920197215127172,0.004087972417932284,1.374913172609818
13.320541405990182,0.014226576035726968,0.004087972417932284,1.3748757950291717
13.32303899794653,0.023267907375031704,0.004087972417932284,1.374836208989022
13.325536578338937,0.03832985403761047,0.004087972417932284,1.374794319917216
13.328034147135448,0.052631370029160074,0.004087972417932284,1.3747500323690796
13.330531704304095,0.050689096938721034,0.004087972417932284,1.374703250027407
13.333029249812917,0.027586937717713367,0.004087972417932284,1.374653875702478
13.335526783629952,0.013634482515511248,0.004087972417932284,1.3746018113320613
13.338024305723236,-0.000968296933394841,0.004087972417932284,1.374546957981413
13.340521816060805,-0.002025130714806478,0.004087972417932284,1.3744892158432893
13.343019314610697,-0.0014128048826980155,0.004087972417932284,1.3744284842379484
13.34551680134095,-0.004537612103711508,0.004087972417932284,1.3743646616131548
13.348014276219601,-0.003280746955231173,0.004087972417932284,1.3742976455441835
13.350511739214687,-0.00493248002222435,0.004087972417932284,1.3742271782225939
13.353009190294244,0.0013941702736226524,0.004087972417932284,1.3741801277206336
13.35550662942631,0.0022287466618438057,0.004087972417932284,1.3741334778314411
13.358004056578922,0.005229419476196373,0.004087972417932284,1.3740872325778946
13.360501471720118,0.011610758158820067,0.004087972417932284,1.374057857400616
13.362998874817935,0.0031970688917724033,0.004087972417932284,1.37404592755233
13.365496265840408,0.003646730048334934,0.004087972417932284,1.3740217947152988
13.367993644755575,0.012908777708880992,0.004087972417932284,1.3739956574922734
13.370491011531477,0.00643630891602287,0.004087972417932284,1.3739712871864398
13.372988366136145,-0.0021133073438921457,0.004087972417932284,1.373948717541845
13.375485708537619,0.00948696390498771,0.004087972417932284,1.3739279823372545
13.377983038703938,0.013113462084918481,0.004087972417932284,1.37390911538615
13.380480356603137,0.026484433504384564,0.004087972417932284,1.3738921505367323
13.38297766220325,0.026163902307814624,0.004087972417932284,1.3738771216719188
13.385474955472322,0.007544533379473695,0.004087972417932284,1.3738640627093475
13.387972236378383,-0.0036448305626326505,0.004087972417932284,1.3738530076013769
13.390469504889474,0.0023427282720998033,0.004087972417932284,1.3738439903350854
13.39296676097363,0.0028299939420097786,0.004087972417932284,1.3738370449322748
13.39546400459889,0.0035227721546520208,0.004087972417932284,1.3738322054494616
13.397961235733291,0.0006099072745819889,0.004087972417932284,1.3738295059778949
13.400458454344868,-0.0013384854745615016,0.004087972417932284,1.3738289806435402
13.402955660401659,-0.005521200823043193,0.004087972417932284,1.3738212031463586
13.405452853871703,-0.0044787692120837885,0.004087972417932284,1.373805879223895
13.407950034723035,0.002253481199781193,0.004087972417932284,1.3737864394188106
13.410447202923692,0.004301572930984765,0.004087972417932284,1.3737842326520784
13.412944358441713,0.010219891655137703,0.004087972417932284,1.3737813248100845
13.415441501245134,0.026829261008052496,0.004087972417932284,1.3737812547116985
13.417938631301991,0.023592088641138043,0.004087972417932284,1.373784084323741
13.420435748580324,0.039541098003460284,0.004087972417932284,1.3737898758595468
13.422932853048168,0.08819835781696095,0.004087972417932284,1.3737986917789555
13.42542994467356,0.11942376684319034,0.004087972417932284,1.3738105947883137
13.42792702342454,0.10641243232307551,0.004087972417932284,1.373825647840471
13.43042408926914,0.04209772017889679,0.004087972417932284,1.3738439141347887
13.432921142175402,0.046399238287887945,0.004087972417932284,1.373865457117128
13.435418182111361,0.0605418684792316,0.004087972417932284,1.3738903404798561
13.437915209045052,0.05653991203984221,0.004087972417932284,1.373918628161847
13.440412222944515,0.031747925327145765,0.004087972417932284,1.3739452054574564
13.442909223777788,0.02525577367087184,0.004087972417932284,1.3739699569935664
13.445406211512907,0.025751731400555533,0.004087972417932284,1.3739927663911216
13.447903186117907,0.04131499176127207,0.004087972417932284,1.3740135162651308
13.450400147560828,0.049700040231295484,0.004087972417932284,1.3740320882246801
13.452897095809705,0.05727309050760754,0.004087972417932284,1.37404836287293
13.45539403083258,0.027014329329918763,0.004087972417932284,1.374062219807128
13.45789095259748,0.013181007088752583,0.004087972417932284,1.3740581205352074
13.460387861072455,0.010601929741720584,0.004087972417932284,1.3740699531863616
13.462884756225531,0.013738715697523496,0.004087972417932284,1.3740697088901492
13.46538163802475,0.01410216826800803,0.004087972417932284,1.3740583141658593
13.467878506438153,0.033621505961211495,0.004087972417932284,1.374072416209203
13.470375361433767,0.05145668589063557,0.004087972417932284,1.374112892551724
13.471457466890769,0.058341574024425746,0.004087972417932284,1.3741588770989996
13.473960613113368,0.09675324901267968,0.004087972417932284,1.3742020317837529
13.476463731220264,0.10765739342342817,0.004087972417932284,1.3742465199892313
13.478966821285878,0.0722443311327654,0.004087972417932284,1.3742923313908824
13.481469883384646,0.03595943133200241,0.004087972417932284,1.3743394554100081
13.483972917590993,0.03217557514414948,0.004087972417932284,1.3743878812137575
13.486475923979349,0.03061219393815029,0.004087972417932284,1.374437597715126
13.48897890262414,0.03183506841925321,0.004087972417932284,1.3744885935729707
13.4914818535998,0.03339122411998563,0.004087972417932284,1.3745408571919984
13.493984776980751,0.03245407060728245,0.004087972417932284,1.3745943767227755
13.496487672841425,0.027141725171763387,0.004087972417932284,1.3746437581676034
13.498990541256251,0.04620267560465141,0.004087972417932284,1.3746888023173294
13.501493382299659,0.05753490028102104,0.004087972417932284,1.3747319487226262
13.503996196046074,0.0575546571534955,0.004087972417932284,1.3747773798639127
13.506498982569926,0.03180469731763691,0.004087972417932284,1.3748346108901885
13.509001741945646,0.01746306429857203,0.004087972417932284,1.3748970215062963
13.511504474247662,0.01200757984298817,0.004087972417932284,1.374964738201827
13.514007179550397,0.012897758091669154,0.004087972417932284,1.375027535770012
13.51650985792829,0.00650389716001154,0.004087972417932284,1.3750851827273798
13.519012509455758,0.01204597646175598,0.004087972417932284,1.3751340782894703
13.521515134207238,0.01573897668144708,0.004087972417932284,1.3751865941617738
13.524017732257155,0.023011165137456713,0.004087972417932284,1.3752487197561059
13.52652030367994,0.02622846991220218,0.004087972417932284,1.37532074766279
13.529022848550019,0.03151286979260348,0.004087972417932284,1.3753940626698138
13.531525366941823,0.03477734711613922,0.004087972417932284,1.375468651856408
13.534027858929777,0.04211708597621233,0.004087972417932284,1.3755445020570078
13.536530324588314,0.045818538970848754,0.004087972417932284,1.3756215998612369
13.539032763991862,0.05464221632128674,0.004087972417932284,1.3756999316139238
13.541535177214847,0.04663107624981655,0.004087972417932284,1.3757794834150958
13.5440375643317,0.051202350305337596,0.004087972417932284,1.375860241119988
13.546539925416848,0.0684999343612045,0.004087972417932284,1.3759421903390336
13.549042260544722,0.09141957231460429,0.004087972417932284,1.376023191323056
13.551544569789748,0.09280153592320817,0.004087972417932284,1.3761031554126222
13.554046853226357,0.08028307755211772,0.004087972417932284,1.3761819931896222
13.556549110928973,0.06004461395363081,0.004087972417932284,1.3762596144772807
13.55905134297203,0.05070324130553372,0.004087972417932284,1.3763359283401488
13.561553549429956,0.03548088062255217,0.004087972417932284,1.3764108430841213
13.564055730377175,0.027673011943772474,0.004087972417932284,1.376484266256436
13.566557885888122,0.019879788204741233,0.004087972417932284,1.3765536749308833
13.569060016037222,0.02138632671078189,0.004087972417932284,1.376618890782154
13.571562120898903,0.01961278835836877,0.004087972417932284,1.3766966173573478
13.574064200547596,0.0232295834639642,0.004087972417932284,1.3767872597928106
13.576566255057728,0.02293596463963765,0.004087972417932284,1.3768791342222422
13.57906828450373,0.025495579775905552,0.004087972417932284,1.3769722314523665
13.581570288960025,0.024617459551405707,0.004087972417932284,1.3770665421023636
13.58407226850105,0.0315278053492023,0.004087972417932284,1.377162056603873
13.586574223201225,0.029066156223736872,0.004087972417932284,1.3772587652009902
13.589076153134984,0.03525408454800316,0.004087972417932284,1.377356657950276
13.591578058376756,0.0320647207801219,0.004087972417932284,1.3774557247207482
13.594079939000967,0.04276720660944622,0.004087972417932284,1.377552145382474
13.596581795082045,0.045803177590513,0.004087972417932284,1.377651488193282
13.599083626694421,0.04925126460976803,0.004087972417932284,1.3777538075449385
13.601585433912526,0.07297143480504964,0.004087972417932284,1.3778557834018899
13.604087216810782,0.09791718060526922,0.004087972417932284,1.3779573535375198
13.606588975463621,0.0954968618363099,0.004087972417932284,1.3780584551813926
13.609090709945475,0.06534267269623406,0.004087972417932284,1.3781590250192437
13.611592420330767,0.03761137426888217,0.004087972417932284,1.3782589991929979
13.61409410669393,0.03451256091051036,0.004087972417932284,1.3783583133007615
13.61659576910939,0.03100585293143787,0.004087972417932284,1.378456902396833
13.619097407651577,0.0404635347086062,0.004087972417932284,1.3785547009916996
13.621599022394916,0.039189222551327285,0.004087972417932284,1.3786516430520488
13.624100613413843,0.045135003241529414,0.004087972417932284,1.378740663810175
13.62660218078278,0.04090410501363828,0.004087972417932284,1.3788300665352522
13.62910372457616,0.0452194606729297,0.004087972417932284,1.3789203007168593
13.631605244868407,0.04642196147251765,0.004087972417932284,1.3790113689861903
13.634106741733953,0.04415910984355098,0.004087972417932284,1.3791032739331075
13.636608215247225,0.03776840311408414,0.004087972417932284,1.3791960181061462
13.639109665482655,0.05102185679405835,0.004087972417932284,1.379289604012511
13.64161109251467,0.04923253834193697,0.004087972417932284,1.379384034118079
13.644112496417696,0.055908030610418935,0.004087972417932284,1.3794793108473988
13.646613877266164,0.0582384816567183,0.004087972417932284,1.3795754365836919
13.6491152351345,0.07168336816478704,0.004087972417932284,1.379672413668853
13.651616570097138,0.07239104611372116,0.004087972417932284,1.3797702444034525
13.654117882228501,0.06681324222364782,0.004087972417932284,1.379868931046734
13.656619171603023,0.05624101871443865,0.004087972417932284,1.3799684758166166
13.659120438295128,0.05724247240637337,0.004087972417932284,1.3800687139913517
13.661621682379247,0.05219855057737299,0.004087972417932284,1.380169641911885
13.664122903929806,0.04809772142640867,0.004087972417932284,1.3802712558374846
13.666624103021237,0.05117974028158323,0.004087972417932284,1.3803735519457383
13.669125279727968,0.053866792045238476,0.004087972417932284,1.3804765263325587
13.671626434124427,0.05030326066637092,0.004087972417932284,1.3805801750121836
13.674127566285042,0.06250102151635129,0.004087972417932284,1.3806844939171712
13.676628676284242,0.06033909314610453,0.004087972417932284,1.3807894788984103
13.679129764196457,0.06292156906751112,0.004087972417932284,1.3808951257251132
13.681630830096115,0.061275572712602866,0.004087972417932284,1.381001430084818
13.684131874057641,0.07664885866560489,0.004087972417932284,1.3811083875833945
13.68663289615547,0.10343385758110002,0.004087972417932284,1.3812107613334381
13.689133896464025,0.11535273496476872,0.004087972417932284,1.3813083651209446
13.691634875057739,0.0863076239577556,0.004087972417932284,1.381401011385085
13.694135832011039,0.07825713778559051,0.004087972417932284,1.3814885112182167
13.696636767398353,0.07109324298724262,0.004087972417932284,1.3815742527814605
13.69913768129411,0.08039132093652501,0.004087972417932284,1.3816581687072242
13.701638573772737,0.08682723495235423,0.004087972417932284,1.3817246200731332
13.704139444908664,0.09179916303762603,0.004087972417932284,1.3817964496538415
13.706640294776323,0.08990472170166575,0.004087972417932284,1.3818770289866076
13.709141123450136,0.10219640017137377,0.004087972417932284,1.3819666705854707
13.71164193100454,0.08491734576783139,0.004087972417932284,1.3820656891549588
13.714142717513957,0.08110626996256709,0.004087972417932284,1.3821666074284078
13.716643483052815,0.05903194627478903,0.004087972417932284,1.382269473898169
13.719144227695548,0.03886135864319784,0.004087972417932284,1.382374337362519
13.72164495151658,0.03212506398639303,0.004087972417932284,1.3824812469256633
13.724145654590343,0.04295346243358922,0.004087972417932284,1.3825780884454617
13.726646336991264,0.04919439670077086,0.004087972417932284,1.3826644893515203
13.72914699879377,0.060718807303979716,0.004087972417932284,1.3827400744383977
13.731647640072293,0.054107215415284404,0.004087972417932284,1.3828162748760053
13.73414826090126,0.03656135515700165,0.004087972417932284,1.3828931201660875
13.7366488613551,0.02573136539651344,0.004087972417932284,1.3829706400306208
13.739149441508243,0.022390825749499133,0.004087972417932284,1.3830488644118186
13.741650001435113,0.02105526173187733,0.004087972417932284,1.3831278234721234
13.744150541210141,0.020230439558848623,0.004087972417932284,1.3832075475942036
13.746651060907759,0.020196622727364666,0.004087972417932284,1.3832880673809627
13.74915156060239,0.025491013621336434,0.004087972417932284,1.3833694136555248
13.751652040368468,0.021189047952303808,0.004087972417932284,1.3834516174612443
13.75415250028042,0.02858735683184932,0.004087972417932284,1.3835347100616966
13.756652940412671,0.04323873333797912,0.004087972417932284,1.3836178112293611
13.759153360839655,0.0639117105237379,0.004087972417932284,1.3837009210161966
13.761653761635797,0.07436959716866065,0.004087972417932284,1.3837840394739556
13.764154142875528,0.08205004047688691,0.004087972417932284,1.3838671666541722
13.766654504633273,0.07131961278699728,0.004087972417932284,1.3839503026081683
13.769154846983463,0.06647732573630227,0.004087972417932284,1.384033447387056
13.77165517000053,0.0626146202049287,0.004087972417932284,1.3841166010417334
13.774155473758896,0.06271457218429943,0.004087972417932284,1.384199763622885
13.776655758332993,0.04811524905095266,0.004087972417932284,1.3842829351809856
13.779156023797253,0.03895843625499862,0.004087972417932284,1.3843661157662945
13.781656270226097,0.03504701058359472,0.004087972417932284,1.3844493054288627
13.78415649769396,0.045502650439880554,0.004087972417932284,1.3845325042185246
13.78665670627527,0.037966654782550124,0.004087972417932284,1.3846157121849072
13.789156896044453,0.032380487374044975,0.004087972417932284,1.3846989293774215
13.791657067075938,0.027588817783165576,0.004087972417932284,1.38478215584527
13.794157219444156,0.030076797778951114,0.004087972417932284,1.3848653916374398
13.796657353223534,0.03410490274275979,0.004087972417932284,1.3849486368027097
13.799157468488499,0.033311583610286855,0.004087972417932284,1.3850318913896444
13.801657565313484,0.029102517997402266,0.004087972417932284,1.3851151554465975
13.804157643772916,0.036140772115242914,0.004087972417932284,1.3851984290217094
13.80665770394122,0.03949040599289888,0.004087972417932284,1.3852817121629135
13.809157745892826,0.037918231061909946,0.004087972417932284,1.3853650049179256
13.811657769702167,0.049394643970084307,0.004087972417932284,1.3854483073342525
13.814157775443666,0.04234244508499474,0.004087972417932284,1.3855316194591898
13.816657763191756,0.05088966373577741,0.004087972417932284,1.3856149413398207
13.819157733020864,0.05498909743399549,0.004087972417932284,1.3856982730230192
13.821657685005418,0.057897609100122205,0.004087972417932284,1.3857816145554434
13.82415761921985,0.06095328208180062,0.004087972417932284,1.385864965983541
13.826657535738583,0.07373065498969922,0.004087972417932284,1.3859483273535493
13.829157434636048,0.07009945634182202,0.004087972417932284,1.386031425084185
13.831657315986675,0.06184045975981811,0.004087972417932284,1.3861145245696311
13.834157179864892,0.04403795237452468,0.004087972417932284,1.3861976258288877
13.836657026345128,0.04854668064812029,0.004087972417932284,1.38628072888096
13.83915685550181,0.051765166898289916,0.004087972417932284,1.386363833744861
13.841656667409369,0.05201989716069266,0.004087972417932284,1.386446940439607
13.84415646214223,0.04597844658316763,0.004087972417932284,1.3865300489842252
13.846656239774827,0.04986714429806227,0.004087972417932284,1.3866131593977462
13.849156000381585,0.05590643530157524,0.004087972417932284,1.3866962716992082
13.85165574403693,0.06898200226252582,0.004087972417932284,1.3867793859076547
13.854155470815297,0.07497117083889449,0.004087972417932284,1.3868625020421372
13.856655180791112,0.08665572324262794,0.004087972417932284,1.3869456201217107
13.859154874038802,0.07829014788109845,0.004087972417932284,1.387028740165439
13.861654550632798,0.08497745468290585,0.004087972417932284,1.3871118621923912
13.864154210647527,0.07179568051906893,0.004087972417932284,1.3871949862216435
13.866653854157418,0.06473264987665073,0.004087972417932284,1.3872781122722784
13.869153481236898,0.0635336420414021,0.004087972417932284,1.387361240363381
13.8716530919604,0.07074911365511238,0.004087972417932284,1.3874443705140493
13.87415268640235,0.0675424783711367,0.004087972417932284,1.3875275027433818
13.876652264637176,0.062037524384834786,0.004087972417932284,1.3876106370704866
13.879151826739307,0.06664221405877924,0.004087972417932284,1.3876937735144763
13.881651372783173,0.06682249939325335,0.004087972417932284,1.3877769120944696
13.884150902843201,0.06530096280600839,0.004087972417932284,1.3878600528295921
13.88665041699382,0.06366602192813375,0.004087972417932284,1.3879431957389776
13.88914991530946,0.06534027677921639,0.004087972417932284,1.3880263408417628
13.891649397864548,0.06303722306312909,0.004087972417932284,1.3881094881570928
13.894148864733513,0.05548726620144473,0.004087972417932284,1.3881926377041145
13.896648315990786,0.05327866264297154,0.004087972417932284,1.3882757895019893
13.899147751710789,0.05194278238020478,0.004087972417932284,1.3883589435698758
13.901647171967959,0.048332984136064905,0.004087972417932284,1.3884420999269453
13.90414657683672,0.050402730237437465,0.004087972417932284,1.3885252585923729
13.9066459663915,0.05353653651241874,0.004087972417932284,1.3886084195853376
13.909145340706731,0.06231317281479032,0.004087972417932284,1.3886860973850843
13.911644699856838,0.08036271672537909,0.004087972417932284,1.388758486543592
13.914144043916254,0.10203784789163794,0.004087972417932284,1.3888257802376058
13.916643372959403,0.09471964907899078,0.004087972417932284,1.388896343965624
13.919142687060717,0.08035630973475483,0.004087972417932284,1.3889645082069342
13.92164198629462,0.07839374620881512,0.004087972417932284,1.3890303717303922
13.924141270735548,0.08000641483077975,0.004087972417932284,1.3890940325823735
13.926640540457925,0.08031550034670198,0.004087972417932284,1.3891555880867723
13.92913979553618,0.09201366357615948,0.004087972417932284,1.3892151348450112
13.931639036044741,0.09294129782948835,0.004087972417932284,1.389290631389683
13.934138262058038,0.09413433263064497,0.004087972417932284,1.3893815394217577
13.936637473650498,0.09673548243565833,0.004087972417932284,1.389464703152902
13.939136670896552,0.0941803700947581,0.004087972417932284,1.3895403940012474
13.941635853870627,0.0794452658807343,0.004087972417932284,1.3896088814695278
13.944135022647153,0.07085760021093845,0.004087972417932284,1.3896704331450849
13.946634177300556,0.06295675223014086,0.004087972417932284,1.389725314699875
13.949133317905268,0.07020521639934696,0.004087972417932284,1.3897737898904867
13.951632444535715,0.0849554503671146,0.004087972417932284,1.3898161205581427
13.95413155726633,0.09741984922193336,0.004087972417932284,1.3898582910204735
13.956630656171535,0.09494053917386491,0.004087972417932284,1.389900356287939
13.959129741325764,0.08082996962245281,0.004087972417932284,1.3899423708906806
13.96162881280344,0.0744319843656247,0.004087972417932284,1.3899843888785268
13.964127870678999,0.0736962181670957,0.004087972417932284,1.3900264638209932
13.966626915026863,0.06881284786029473,0.004087972417932284,1.3900686488072915
13.969125945921466,0.06889201280051638,0.004087972417932284,1.3901109964463214
13.971624963437232,0.07202341061361528,0.004087972417932284,1.3901535588666842
13.974123967648593,0.07435736754904121,0.004087972417932284,1.3901963877166752
13.976622958629978,0.07919574063491197,0.004087972417932284,1.3902395341642975
13.979121936455812,0.08074334177897602,0.004087972417932284,1.3902830488972526
13.981620901200527,0.09064786837327343,0.004087972417932284,1.390326982122954
13.98411985293855,0.10362963635434053,0.004087972417932284,1.3903713835685214
13.98661879174431,0.12731719521959528,0.004087972417932284,1.3904163024807858
13.989117717692237,0.1391004495148962,0.004087972417932284,1.3904617876262935
13.991616630856756,0.14086134767612757,0.004087972417932284,1.390507887291308
13.994115531312298,0.12509428534949318,0.004087972417932284,1.3905546492818135
13.996614419133294,0.09696179160040952,0.004087972417932284,1.390602120923511
13.999113294394169,0.0760987412580072,0.004087972417932284,1.3906503490618294
14.001612157169351,0.05750994317347824,0.004087972417932284,1.3906993800619252
14.004111007533275,0.07190277036166215,0.004087972417932284,1.3907492598086777
14.00660984556036,0.09895762416490239,0.004087972417932284,1.3908000337067055
14.009108671325045,0.11251414825001116,0.004087972417932284,1.3908557916331241
14.01160748490175,0.10462500690903487,0.004087972417932284,1.3909442530966185
14.014106286364909,0.08396960355732741,0.004087972417932284,1.391042534981507
14.016605075788947,0.06829198239127088,0.004087972417932284,1.3911210160318352
14.019103853248296,0.07253135412370137,0.004087972417932284,1.3912372745993027
14.021602618817381,0.07780368642928726,0.004087972417932284,1.3913182575224736
14.024101372570636,0.08812984806922652,0.004087972417932284,1.391397108682431
14.026600114582484,0.0874341551562332,0.004087972417932284,1.3914739589720746
14.029098844927356,0.07810940571744718,0.004087972417932284,1.3915489382260178
14.03159756367968,0.07269860242323856,0.004087972417932284,1.391641202238774
14.034096270913889,0.07592635926739955,0.004087972417932284,1.3917520411242128
14.036594966704405,0.08012724859422726,0.004087972417932284,1.3918360530119283
14.03909365112566,0.08751609176595099,0.004087972417932284,1.3919114801054662
14.041592324252083,0.09231525464887547,0.004087972417932284,1.3919890698841102
14.044090986158098,0.07604122627464416,0.004087972417932284,1.3920688165605102
14.04658963691814,0.04395418690845809,0.004087972417932284,1.3921507142192362
14.049088276606637,0.03005899183163696,0.004087972417932284,1.3922347568167788
14.051586905298016,0.02133758971964239,0.004087972417932284,1.3923209381815531
14.054085523066702,0.02641902178829758,0.004087972417932284,1.3924092520138913
14.056584129987131,0.037105084955231904,0.004087972417932284,1.392499691886055
14.059082726133726,0.032265440715511184,0.004087972417932284,1.392592251242223
14.061581311580916,0.03803970883890395,0.004087972417932284,1.392686923398501
14.064079886403132,0.03473584194600332,0.004087972417932284,1.3927837015429165
14.066578450674802,0.045298832244176745,0.004087972417932284,1.3928825787354262
14.069077004470355,0.05054280453649662,0.004087972417932284,1.3929835479079062
14.071575547864215,0.04050273464743204,0.004087972417932284,1.393086601864164
14.074074080930819,0.02746396222015779,0.004087972417932284,1.3932045753967155
14.07657260374459,0.034730454276149736,0.004087972417932284,1.39333700566063
14.079071116379959,0.04000419776568487,0.004087972417932284,1.3934834329015664
14.081569618911352,0.04342579160315263,0.004087972417932284,1.3936308286680192
14.084068111413199,0.036532136914068314,0.004087972417932284,1.3937791851921448
14.08656659395993,0.03147590162587721,0.004087972417932284,1.3939245753661667
14.089065066625972,0.02520116106592285,0.004087972417932284,1.3940818382285225
14.091563529485752,0.025766541817419553,0.004087972417932284,1.3942231424297629
14.094061982613704,0.01920625838417389,0.004087972417932284,1.3943696145039106
14.096560426084253,0.022246222645526448,0.004087972417932284,1.3945211059465121
14.099058859971827,0.014618662998998389,0.004087972417932284,1.3946530930037369
14.101557284350855,0.01312627142331424,0.004087972417932284,1.394821764744798
14.104055699295767,0.01034530103218212,0.004087972417932284,1.3949537700609804
14.10655410488099,0.01846304947030175,0.004087972417932284,1.3950852382295356
14.109052501180955,0.02232936473064151,0.004087972417932284,1.3952162359780331
14.111550888270088,0.019057218695604394,0.004087972417932284,1.3953468293993705
14.11404926622282,0.047953619213615184,0.004087972417932284,1.395477083951793
14.116547635113577,0.05367966013699643,0.004087972417932284,1.395607064458875
14.119045995016792,0.04755058761793984,0.004087972417932284,1.395750812088409
14.121544346006889,0.03666469532922112,0.004087972417932284,1.3959078947663777
14.1240426881583,0.03124447265143715,0.004087972417932284,1.3960678674741296
14.12654102154545,0.031464268743864654,0.004087972417932284,1.3962282978138612
14.12903934624277,0.03439425102261473,0.004087972417932284,1.3963891986989496
14.131537662324687,0.0381996617272935,0.004087972417932284,1.3965505828090943
14.134035969865634,0.0361252235306877,0.004087972417932284,1.3967124625903167
14.136534268940036,0.029355782837381383,0.004087972417932284,1.396874850254965
14.13903255962232,0.02499856629588182,0.004087972417932284,1.3970377577817044
14.14153084198692,0.020125169078912153,0.004087972417932284,1.397201196915533
14.14402911610826,0.025472377059834628,0.004087972417932284,1.397365179167769
14.146527382060771,0.013786980903775836,0.004087972417932284,1.3975297158160616
14.14902563991888,0.01182178871517392,0.004087972417932284,1.3976948179043847
14.15152388975702,0.015107545474827733,0.004087972417932284,1.3978600871122173
14.154022131649612,0.01686411129636589,0.004087972417932284,1.3980255485239468
14.15652036567109,0.015788723903094493,0.004087972417932284,1.398191226887762
14.159018591895881,0.03076295925385053,0.004087972417932284,1.3983571466156541
14.161516810398414,0.03834141092053822,0.004087972417932284,1.3985233317834163
14.16401502125312,0.04491176950985887,0.004087972417932284,1.3986898061306468
14.166513224534425,0.05410236778584454,0.004087972417932284,1.3988565930607497
14.169011420316755,0.06004119368481975,0.004087972417932284,1.399023715640935
14.171509608674546,0.060119038840168226,0.004087972417932284,1.3991911966022226
14.174007789682218,0.07488388706202942,0.004087972417932284,1.399359058339438
14.176505963414206,0.09185274236642038,0.004087972417932284,1.3995273229112142
14.179004129944937,0.08604157864150208,0.004087972417932284,1.399696012040001
14.18150228934884,0.04579597797635815,0.004087972417932284,1.3998651471120556
14.184000441700341,0.03130165735691226,0.004087972417932284,1.400034749177446
14.186498587073872,0.03650547371940549,0.004087972417932284,1.4002110668257417
14.18899672554386,0.03426326934851298,0.004087972417932284,1.4003938995971223
14.19149485718473,0.02979690979030769,0.004087972417932284,1.4005830482561983
14.19399298207092,0.04015776362754453,0.004087972417932284,1.4007783147920092
14.19649110027685,0.052215072897963344,0.004087972417932284,1.4009795024180143
14.198989211876953,0.05678641673337248,0.004087972417932284,1.4011702199742038
14.201487316945656,0.037519882686857686,0.004087972417932284,1.4013933799285514
14.20398541555739,0.05375415445779641,0.004087972417932284,1.4016094032943998
14.20648350778658,0.11388787566969394,0.004087972417932284,1.4018152776614152
14.208981593707653,0.17654317811042497,0.004087972417932284,1.4020253217443521
14.211479673395045,0.1709138094566658,0.004087972417932284,1.4022445140451485
14.213977746923181,0.08266778667287267,0.004087972417932284,1.4024725295949647
14.216475814366488,0.03149052737482072,0.004087972417932284,1.4026684291237748
14.218973875799396,0.023397955244485846,0.004087972417932284,1.4028956442262257
14.221471931296334,0.017706647002247555,0.004087972417932284,1.4031108057954742
14.223969980931729,0.0170463135469483,0.004087972417932284,1.4033234698636372
14.226468024780013,0.016518315438021736,0.004087972417932284,1.403533717582208
14.22896606291561,0.01860131427791889,0.004087972417932284,1.4037416293967144
14.231464095412951,0.021330414226905736,0.004087972417932284,1.4039472850467212
14.233962122346469,0.04830396331984654,0.004087972417932284,1.4041507635658292
14.236460143790584,0.061424820374905265,0.004087972417932284,1.4043521432816848
14.23895815981973,0.06201183198235616,0.004087972417932284,1.404551501815974
14.241456170508336,0.02915010588450806,0.004087972417932284,1.4047489160844235
14.243954175930828,0.021544764585109233,0.004087972417932284,1.4049444622968124
14.246452176161636,0.02638800317649581,0.004087972417932284,1.40513821595696
14.24895017127519,0.03716922413158352,0.004087972417932284,1.4053302518627353
14.251448161345916,0.020718973362219506,0.004087972417932284,1.4055206441060581
14.253946146448246,0.014088625511939457,0.004087972417932284,1.405715453021157
14.256444126656605,0.0034903094435261295,0.004087972417932284,1.405933372799134
14.258942102045424,-0.0008048013493933137,0.004087972417932284,1.4061735968026843
14.261440072689128,-0.0007756567573604656,0.004087972417932284,1.4063955828293506
14.263938038662152,0.0037220451875317195,0.004087972417932284,1.4065999444321657
14.26643600003892,0.00632775101306482,0.004087972417932284,1.4067872907199046
14.26893395689386,0.0020875255332237774,0.004087972417932284,1.4069851981442936
14.271431909301405,0.001449803593497112,0.004087972417932284,1.4071933105453616
14.27392985733598,0.0033673132710982934,0.004087972417932284,1.4074134272026275
14.276427801072016,0.0033501437319543026,0.004087972417932284,1.4076047441607755
14.278925740583936,0.004332578787905161,0.004087972417932284,1.4077960962672678
14.28142367594618,0.008809349053926718,0.004087972417932284,1.4079874961616758
14.283921607233163,0.0037015064552616828,0.004087972417932284,1.4081789561927334
14.286419534519323,0.010451658625336702,0.004087972417932284,1.40837200709205
14.288917457879087,-0.0022993662861066078,0.004087972417932284,1.4085666067770408
14.291415377386882,0.01731655809353816,0.004087972417932284,1.408762713254784
14.293913293117136,0.029641037579434037,0.004087972417932284,1.4089602846220042
14.296411205144281,0.04725263298199489,0.004087972417932284,1.4091592790650906
14.298909113542742,0.053452754320459706,0.004087972417932284,1.4093596548600835
14.301407018386948,0.052893693826421284,0.004087972417932284,1.4095613703726801
14.303904919751332,0.03697702437623063,0.004087972417932284,1.4097643840582323
14.306402817710318,0.029514090465158294,0.004087972417932284,1.4099686544617502
14.308900712338335,0.02473389819247296,0.004087972417932284,1.410174140217894
14.311398603709813,0.02198433970246927,0.004087972417932284,1.4103830780934243
14.31389649189918,0.021831765556404648,0.004087972417932284,1.4105953461274021
14.316394376980865,0.020216581785980958,0.004087972417932284,1.4108108230192693
14.318892259029301,0.01979040961739753,0.004087972417932284,1.4110415487535368
14.321390138118907,0.015360019616224907,0.004087972417932284,1.4112863473148154
14.323888014324119,0.04715629824731549,0.004087972417932284,1.4115414282553447
14.326385887719365,0.07488347342370538,0.004087972417932284,1.4117898578712547
14.32888375837907,0.08742070792454681,0.004087972417932284,1.412031818950008
14.331381626377665,0.060596286130008004,0.004087972417932284,1.4122674928708565
14.33387949178958,0.05966403320637448,0.004087972417932284,1.4124970596048319
14.33637735468924,0.05218892245494078,0.004087972417932284,1.4127206977147555
14.338875215151075,0.04441923586991359,0.004087972417932284,1.4129385843552318
14.34137307324952,0.04506439051834543,0.004087972417932284,1.4131508952726546
14.343870929058992,0.06989180059575739,0.004087972417932284,1.4133671751947479
14.34636878265393,0.07655290249390112,0.004087972417932284,1.4135816686234364
14.348866634108756,0.04068901954149462,0.004087972417932284,1.4138056003484665
14.351364483497903,0.014472292295371059,0.004087972417932284,1.4140243815561289
14.353862330895794,0.014486342039885525,0.004087972417932284,1.4142381622085167
14.356360176376866,0.015998076347421453,0.004087972417932284,1.414447091041707
14.35885802001554,0.014105670442341678,0.004087972417932284,1.4146558836207428
14.361355861886247,0.012511505788380672,0.004087972417932284,1.4148645242579945
14.36385370206342,0.011981559141071019,0.004087972417932284,1.4150729971841658
14.36635154062148,0.006072565441354039,0.004087972417932284,1.415281286548307
14.36884937763486,0.004374291312796874,0.004087972417932284,1.415493944505518
14.371347213177991,0.008348455105021246,0.004087972417932284,1.4157031212293099
14.373845047325297,0.0013289800273603714,0.004087972417932284,1.415914632261127
14.376342880151208,0.008185244527598279,0.004087972417932284,1.41612836900942
14.378840711730152,0.014314966473619073,0.004087972417932284,1.416349943920252
14.381338542136561,0.013218952359690617,0.004087972417932284,1.4165871491002267
14.38383637144486,0.018575232409936415,0.004087972417932284,1.4168346697853798
14.38633419972948,0.0071629276564271205,0.004087972417932284,1.4170979624168383
14.38883202706485,0.003811713979756437,0.004087972417932284,1.4173213303399446
14.391329853525395,0.009134283806679022,0.004087972417932284,1.4175325670949974
14.393827679185545,0.03174698303911261,0.004087972417932284,1.4178055871389856
14.396325504119732,0.04093093950432558,0.004087972417932284,1.4180428087779258
14.398823328402383,0.06025755898509755,0.004087972417932284,1.4182510078795607
14.401321152107922,0.061060132548142576,0.004087972417932284,1.4184710281306137
14.403818975310786,0.054312021177409076,0.004087972417932284,1.418702406525525
14.406316798085397,0.061025329875419976,0.004087972417932284,1.4188977268209864
14.408814620506186,0.049697506957611104,0.004087972417932284,1.4191218198051947
14.411312442647581,0.02486709966155054,0.004087972417932284,1.4193728437094055
14.413810264584011,0.02049089922491598,0.004087972417932284,1.4195890145247239
14.416308086389906,0.017543679992236827,0.004087972417932284,1.4198018114328497
14.418805908139694,0.018142251295290235,0.004087972417932284,1.4200611529454796
14.421303729907802,0.03098992855213689,0.004087972417932284,1.4203083491144968
14.423801551768657,0.0719545575332996,0.004087972417932284,1.420543719983781
14.426299373796693,0.11026941043511185,0.004087972417932284,1.4207675832670548
14.428797196066338,0.10440951434333345,0.004087972417932284,1.4209802543478793
14.431295018652015,0.043288992595165166,0.004087972417932284,1.42118204627966
14.433792841628158,0.0030646197948855924,0.004087972417932284,1.4213732697856387
14.436290665069194,-0.0014624153063178547,0.004087972417932284,1.4215542332589028
14.438788489049552,0.002986122643144684,0.004087972417932284,1.4217252427623759
14.441286313643658,0.003719367710263821,0.004087972417932284,1.421886602028823
14.443784138925945,0.0016080702080685239,0.004087972417932284,1.4220484462390224
14.446281964970838,0.004802346498880672,0.004087972417932284,1.4222107257944732
14.448779791852768,0.009641089419995197,0.004087972417932284,1.4223733912296466
14.451277619646163,0.003245290040799542,0.004087972417932284,1.4225363932119817
14.45377544842545,0.007148230950725143,0.004087972417932284,1.4227313469243685
14.456273278265062,0.0003323271692126095,0.004087972417932284,1.4229187187643455
14.458771109239423,0.007447695373357099,0.004087972417932284,1.4231160459840497
14.461268941422961,0.019922145403751035,0.004087972417932284,1.4232799776141007
14.46376677489011,0.04108879428174128,0.004087972417932284,1.423443395198995
14.466264609715296,0.05220456965765785,0.004087972417932284,1.4236062691621265
14.468762445972946,0.05196759547776231,0.004087972417932284,1.4237685699318154
14.47126028373749,0.02457459810133611,0.004087972417932284,1.4239302679413168
14.473758123083359,0.009951729049932911,0.004087972417932284,1.4240913336288112
14.476255964084974,0.00496578847686413,0.004087972417932284,1.4242517374374106
14.478753806816773,0.004619995063234628,0.004087972417932284,1.4244114498151577
14.48125165135318,0.010075583252664888,0.004087972417932284,1.4245704412150257
14.48374949776862,0.029801809812691538,0.004087972417932284,1.4247658431156507
14.486247346137532,0.06255829084924014,0.004087972417932284,1.424938601700724
14.488745196534335,0.07241176508880276,0.004087972417932284,1.4251077256784002
14.49124304903346,0.061824689050995696,0.004087972417932284,1.4252732692884247
14.493740903709337,0.03736103932512691,0.004087972417932284,1.4254352862131634
14.496238760636398,0.023878492364176385,0.004087972417932284,1.4255938295776016
14.498736619889067,0.015353135323996847,0.004087972417932284,1.4257489519493418
14.501234481541768,0.010576920870810635,0.004087972417932284,1.4259009362266521
14.503732345668942,0.005685610594897916,0.004087972417932284,1.4260509022216574
14.50623021234501,0.01771821956359365,0.004087972417932284,1.4261988545316053
14.508728081644398,0.06689383634062107,0.004087972417932284,1.4263447975238077
14.51122595364154,0.1127249851639529,0.004087972417932284,1.4264887353356457
14.513723828410866,0.12863198511398433,0.004087972417932284,1.4266306718745625
14.516221706026796,0.07306403568979403,0.004087972417932284,1.4267706108180689
14.518719586563769,0.01351580026626209,0.004087972417932284,1.42690855561374
14.521217470096206,0.017002729514163484,0.004087972417932284,1.4270326665556095
14.523715356698538,0.038282303019659514,0.004087972417932284,1.4271549835698445
14.526213246445197,0.05463931483335016,0.004087972417932284,1.42727551445735
14.528711139410607,0.05483271119843991,0.004087972417932284,1.4273942667325055
14.531209035669196,0.03592845088425145,0.004087972417932284,1.427511247623174
14.533706935295399,0.029449096864377466,0.004087972417932284,1.4276264640706864
14.536204838363638,0.04433170293633171,0.004087972417932284,1.4277399227298546
14.538702744948344,0.043369665941379365,0.004087972417932284,1.4278516299689656
14.54120065512395,0.030290722030898998,0.004087972417932284,1.4279615918697797
14.543698568964878,0.014898893685765024,0.004087972417932284,1.4280698142275339
14.546196486545558,0.014602449944717266,0.004087972417932284,1.428176302550938
14.54869440794042,0.009748699066244093,0.004087972417932284,1.4282810620621769
14.551192333223893,0.003947225878952798,0.004087972417932284,1.4284107626746214
14.553690262470406,0.006115659802316431,0.004087972417932284,1.4285193960538694
14.556188195754387,6.345576499722227e-05,0.004087972417932284,1.4286242089868135
14.558686133150264,0.0014496207350520596,0.004087972417932284,1.428725272122485
14.561184074732465,0.003461778026081941,0.004087972417932284,1.4288292794149675
14.56368202057542,0.002770747171270127,0.004087972417932284,1.4289360651730534
14.56617997075356,-0.002376905508696181,0.004087972417932284,1.429045464622242
14.568677925341307,-0.0006001363762488943,0.004087972417932284,1.4291573139047515
14.571175884413096,0.005564861489747663,0.004087972417932284,1.4292714500795174
14.573673848043354,-0.0003214547078633778,0.004087972417932284,1.429387711122187
14.576171816306507,0.0019641718115488427,0.004087972417932284,1.4295059359251314
14.578669789276987,0.012645560250216903,0.004087972417932284,1.4296259642974398
14.58116776702922,0.024032396483982366,0.004087972417932284,1.4297521078068982
14.583665749637637,0.04524867129935495,0.004087972417932284,1.4298840495831389
14.586163737176665,0.05827907580755021,0.004087972417932284,1.4299690467225679
14.588661729720734,0.04933496541010318,0.004087972417932284,1.4301111715086081
14.59115972734427,0.028428459548457186,0.004087972417932284,1.4302428822513291
14.593657730121706,0.022780172747877803,0.004087972417932284,1.4303644136376708
14.596155738127466,0.012749535406209711,0.004087972417932284,1.4304759985486888
14.598653751435982,0.01212769182883866,0.004087972417932284,1.4305778680595453
14.60115177012168,0.02368678127412882,0.004087972417932284,1.4306702514395089
14.603649794258994,0.021999902712619646,0.004087972417932284,1.4307533761519506
14.606147823922344,0.008262855678975667,0.004087972417932284,1.4308274678543382
14.608645859186165,0.007674910954766245,0.004087972417932284,1.4308927503982336
14.611143900124883,0.010607922417420701,0.004087972417932284,1.4309573033882745
14.61364194681293,-0.0007824820778434827,0.004087972417932284,1.4310210684786522
14.61613999932473,0.013105697535587213,0.004087972417932284,1.43108398748522
14.618638057734714,0.02600041748860127,0.004087972417932284,1.4311460023854883
14.621136122117312,0.021512908973340794,0.004087972417932284,1.431212736755994
14.62363419254695,0.01753895987225018,0.004087972417932284,1.431284330159251
14.626132269098058,0.006047392140592356,0.004087972417932284,1.4313609236939655
14.628630351845066,0.0038624213861595535,0.004087972417932284,1.4314341944022497
14.631128440862398,0.00947468407669505,0.004087972417932284,1.4315176994817236
14.633626536224488,0.018193217870076328,0.004087972417932284,1.431602114000892
14.636124638005763,0.018470188333461035,0.004087972417932284,1.4316875318334112
14.63862274628065,0.024988654769356078,0.004087972417932284,1.4317740474474043
14.641120861123579,0.037546854764596294,0.004087972417932284,1.4318617559054625
14.643618982608977,0.05727239240078097,0.004087972417932284,1.431932252307048
14.646117110811275,0.07459068527938628,0.004087972417932284,1.4319849905522992
14.648615245804901,0.09995190257277176,0.004087972417932284,1.432041531145063
14.651113387664283,0.06984494485557935,0.004087972417932284,1.432102180446461
14.653611536463849,0.04064687535650702,0.004087972417932284,1.4321672462743775
14.656109692278028,0.03169278970042311,0.004087972417932284,1.432288646578915
14.658607855181252,0.03337789575185224,0.004087972417932284,1.4323772504416854
14.661106025247944,0.03820771102020637,0.004087972417932284,1.4324669797988268
14.663604202552538,0.04602082907105265,0.004087972417932284,1.432610522587346
14.66610238716946,0.034977538369165506,0.004087972417932284,1.43272281517206
14.668600579173138,0.01290760435593552,0.004087972417932284,1.43280501774371
14.671098778638,0.007989181219854924,0.004087972417932284,1.4328989229617681
14.673596985638477,0.0051269738450270275,0.004087972417932284,1.4329901544836114
14.676095200248998,0.0023775107216845726,0.004087972417932284,1.4330894587990581
14.678593422543988,0.0002589359265043889,0.004087972417932284,1.4331892427886954
14.68109165259788,0.022348661383875257,0.004087972417932284,1.4332896043449428
14.683589890485099,0.030651993407832645,0.004087972417932284,1.4333906415072446
14.686088136280077,0.060537228960936273,0.004087972417932284,1.4334924524620631
14.688586390057239,0.0683225582617526,0.004087972417932284,1.4335951355428895
14.691084651891016,0.04232770573503597,0.004087972417932284,1.4336987892302366
14.693582921855837,0.016356139038198103,0.004087972417932284,1.433803512151643
14.69608120002613,0.007778893683517474,0.004087972417932284,1.4339094030816713
14.698579486476325,0.0070369699423058485,0.004087972417932284,1.4340165609419104
14.701077781280846,0.007375803898582944,0.004087972417932284,1.4341250848009741
14.703576084514127,0.005550393412552035,0.004087972417932284,1.4342350738745047
14.706074396250592,0.012120640726227094,0.004087972417932284,1.4343466275251677
14.708572716564674,0.012570408164177538,0.004087972417932284,1.434459845262663
14.711071045530801,0.011853604847793964,0.004087972417932284,1.4345748267437086
14.713569383223398,0.02279240615496092,0.004087972417932284,1.4347413998721104
14.716067729716896,0.017375410602435526,0.004087972417932284,1.4348696995663428
14.718566085085723,0.01714647595269647,0.004087972417932284,1.4349876964947945
14.721064449404311,0.015641281952468278,0.004087972417932284,1.435153736414027
14.723562822747082,0.007543025223925026,0.004087972417932284,1.4352350774470548
14.726061205188474,0.010457548413753015,0.004087972417932284,1.4352862810383238
14.728559596802906,0.023076251322934116,0.004087972417932284,1.4353628783963717
14.731057997664813,0.02161346475058834,0.004087972417932284,1.435406639972287
14.733556407848619,0.005893237817196528,0.004087972417932284,1.4354739279271023
14.736054827428758,0.0027916234884073354,0.004087972417932284,1.4355498955434776
14.738553256479655,0.0005938241662228894,0.004087972417932284,1.4356345841116172
14.741051695075738,-0.0027498777286862897,0.004087972417932284,1.4357280365514655
14.743550143291438,0.004565508253688844,0.004087972417932284,1.4358105909092431
14.746048601201181,0.006776557092033064,0.004087972417932284,1.4358797063917659
14.748547068879402,-0.0052687617100126705,0.004087972417932284,1.4359857546417558
14.75104554640052,0.0011224527886186664,0.004087972417932284,1.4360930545581618
14.75354403383897,0.00643751532779735,0.004087972417932284,1.436191632348402
14.756042531269182,-0.005618002504166997,0.004087972417932284,1.436292316697793
14.75854103876558,0.0016360702335427302,0.004087972417932284,1.4363951411240434
14.761039556402594,0.008295140128234513,0.004087972417932284,1.436516978559896
14.763538084254655,0.0026331481002135337,0.004087972417932284,1.436657265195914
14.766036622396188,-0.0028473131319022293,0.004087972417932284,1.4367678606559067
14.768535170901623,0.003420734051991392,0.004087972417932284,1.4368795367917206
14.77103372984539,0.003821046892715785,0.004087972417932284,1.4369923660695045
14.773532299301918,-0.005427896942185928,0.004087972417932284,1.4371126688100408
14.776030879345633,0.011545589179879245,0.004087972417932284,1.4372402950917926
14.778529470050968,0.030019402979770682,0.004087972417932284,1.4373750961224037
14.781028071492345,0.031008266139380902,0.004087972417932284,1.437516924238711
14.783526683744197,0.027032300523209818,0.004087972417932284,1.437639020169675
14.786025306880953,0.03721967425703121,0.004087972417932284,1.4377466843779867
14.788523940977042,0.04242127401773277,0.004087972417932284,1.4378396164165013
14.79102258610689,0.0470033795047895,0.004087972417932284,1.437917511543101
14.793521242344925,0.046247841535985046,0.004087972417932284,1.4379930814670796
14.79601990976558,0.026067067899054663,0.004087972417932284,1.4380664649683812
14.79851858844328,0.0335222469057892,0.004087972417932284,1.4381938967794294
14.801017278452456,0.04591946486581344,0.004087972417932284,1.4382570910308894
14.803515979867534,0.027629229820830714,0.004087972417932284,1.438337952771243
14.806014692762947,0.010219008211670877,0.004087972417932284,1.438417815635349
14.808513417213117,0.004004981040319766,0.004087972417932284,1.4384965172767037
14.81101215329248,0.005184984553422867,0.004087972417932284,1.4385991410297407
14.813510901075459,0.0030446445661995725,0.004087972417932284,1.4386689468670233
14.816009660636485,0.009165244008938034,0.004087972417932284,1.4387793285724348
14.818508432049986,0.015221601185375855,0.004087972417932284,1.438895530723708
14.821007215390393,0.03150985458807343,0.004087972417932284,1.439017616944116
14.82350601073213,0.047687149545518004,0.004087972417932284,1.4391456514115035
14.82600481814963,0.061528232826496776,0.004087972417932284,1.4392796988582808
14.828503637717318,0.027529740933252667,0.004087972417932284,1.439423758947361
14.831002469509627,0.01726366236360266,0.004087972417932284,1.4395632819201265
14.833501313600983,0.02039736444640239,0.004087972417932284,1.4396976930239105
14.836000170065814,0.008799224182596488,0.004087972417932284,1.4398367890354684
14.838499038978549,0.0015538664136993674,0.004087972417932284,1.4399827970188142
14.840997920413619,0.005484556867920265,0.004087972417932284,1.440111395949324
14.843496814445452,0.01547959387872111,0.004087972417932284,1.440254691807688
14.845995721148471,0.015172371068955082,0.004087972417932284,1.4404122928164182
14.84849464059711,0.021493099474872324,0.004087972417932284,1.4405544469687142
14.8509935728658,0.016456181528707647,0.004087972417932284,1.4407063737257362
14.853492518028965,0.007330978938624888,0.004087972417932284,1.4408678529015315
14.855991476161034,0.007611538477769297,0.004087972417932284,1.4410632306675455
14.858490447336438,0.013275540710500078,0.004087972417932284,1.441250788988576
14.860989431629603,0.021015320716953667,0.004087972417932284,1.4414255632304327
14.863488429114959,0.03739774474169799,0.004087972417932284,1.4415885243763258
14.865987439866936,0.06220211522432906,0.004087972417932284,1.4417439379606192
14.86848646395996,0.044266506352329094,0.004087972417932284,1.441896574372612
14.870985501468462,0.014239977174360208,0.004087972417932284,1.442046700318162
14.873484552466868,0.008344137515640115,0.004087972417932284,1.4422050476804078
14.875983617029611,0.010735720346722877,0.004087972417932284,1.4423712961798048
14.878482695231114,0.028412646655934015,0.004087972417932284,1.4425453471381013
14.88098178714581,0.060686545673555026,0.004087972417932284,1.442727102945239
14.883480892848123,0.08900730508419996,0.004087972417932284,1.442918740482467
14.885980012412489,0.06203318229858934,0.004087972417932284,1.4430937181162704
14.88847914591333,0.050861947021203946,0.004087972417932284,1.4432527961054151
14.890978293425079,0.07791913631861114,0.004087972417932284,1.4434227471094991
14.89347745502216,0.12516024465503395,0.004087972417932284,1.4435905865095418
14.895976630779007,0.12216365332840784,0.004087972417932284,1.4437633785719943
14.898475820770043,0.07177778146807134,0.004087972417932284,1.4439347147418533
14.900975025069702,0.01727354677151194,0.004087972417932284,1.4441044128097893
14.90347424375241,-0.0036954490611129653,0.004087972417932284,1.4442722890454092
14.905973476892596,0.007250462901128518,0.004087972417932284,1.4444381581972423
14.908472724564685,0.010956738241895803,0.004087972417932284,1.4446018334927382
14.910971986843114,0.02090307295708116,0.004087972417932284,1.4447799006068713
14.913471263802307,0.03306436144737712,0.004087972417932284,1.4449287007572404
14.915970555516688,0.044795791392024276,0.004087972417932284,1.4450869204513688
14.918469862060693,0.07711265302042203,0.004087972417932284,1.4452581685122292
14.920969183508749,0.11869835013713015,0.004087972417932284,1.445393697034384
14.923468519935282,0.13189808085009203,0.004087972417932284,1.4455748878042731
14.92596787141472,0.07526067163188488,0.004087972417932284,1.4457781482596643
14.928467238021497,0.02359456990824116,0.004087972417932284,1.4460080603360495
14.930966619830038,0.012173028816401255,0.004087972417932284,1.4462014615916727
14.93346601691477,0.005543032439929707,0.004087972417932284,1.4464012726444326
14.935965429350125,-0.00042775898353730746,0.004087972417932284,1.4465986699196083
14.938464857210528,0.002186033665292575,0.004087972417932284,1.446793976101973
14.940964300570412,0.01064828830578679,0.004087972417932284,1.446987512633093
14.943463759504205,-0.0007133322622789873,0.004087972417932284,1.4471795997113166
14.945963234086332,0.014215845592263854,0.004087972417932284,1.4473705562917722
14.948462724391225,0.026984877664242513,0.004087972417932284,1.4475607000863508
14.95096223049331,0.024494717617540296,0.004087972417932284,1.4478083867955571
14.95346175246702,0.020567064212971387,0.004087972417932284,1.4479727806895508
14.955961290386778,0.021547299212856252,0.004087972417932284,1.4481345938875967
14.958460844327016,0.02293542576531782,0.004087972417932284,1.448302241020482
14.960960414362162,0.016021252758299243,0.004087972417932284,1.4484758696088724
14.963460000566645,0.022941156976040933,0.004087972417932284,1.4486556270407405
14.965959603014895,0.023165039614755356,0.004087972417932284,1.4488354598195956
14.968459221781336,0.012318466299942266,0.004087972417932284,1.4489957933642814
14.9709588569404,0.025503998722187005,0.004087972417932284,1.4491358804957097
14.973458508566518,0.04272616627919046,0.004087972417932284,1.4493001191108268
14.975958176734116,0.059083455483279756,0.004087972417932284,1.4494890371066216
14.978457861517619,0.06536789878960847,0.004087972417932284,1.4497031669870206
14.98095756299146,0.045779609573426194,0.004087972417932284,1.4499151108700357
14.98345728123007,0.014114344881853036,0.004087972417932284,1.4501244404400817
14.985957016307871,0.00617447552529149,0.004087972417932284,1.4503239816116367
14.988456768299297,0.02478167614460136,0.004087972417932284,1.4505552022985808
14.990956537278775,0.04701816769136036,0.004087972417932284,1.4507957897134012
14.993456323320732,0.06449484807029893,0.004087972417932284,1.4510456557364162
14.9959561264996,0.053026070395417735,0.004087972417932284,1.4513047129232142
14.998455946889806,0.030189264660352766,0.004087972417932284,1.45157130159668
15.000955784565773,0.005786390179095324,0.004087972417932284,1.4518452810439224
15.003455639601942,0.018365274373947527,0.004087972417932284,1.4521458221817785
15.005955512072731,0.029316496347775445,0.004087972417932284,1.4524378708362962
15.008455402052574,0.00624140893150682,0.004087972417932284,1.452721820854439
15.010955309615897,-0.0036516674198474597,0.004087972417932284,1.4530792489341695
15.01345523483713,0.003424216348566489,0.004087972417932284,1.4534090607709453
15.0159551777907,0.004254692813247862,0.004087972417932284,1.4537345810825038
15.018455138551037,-0.00501230343368686,0.004087972417932284,1.4540560326928054
15.020955117192571,0.009370779766341819,0.004087972417932284,1.4543736362101276
15.023455113789726,0.006528948839912063,0.004087972417932284,1.4546852506320582
15.025955128416935,0.0044500304414056835,0.004087972417932284,1.454991010205038
15.02845516114863,0.005099675072081089,0.004087972417932284,1.4552910463885642
15.03095521205923,0.0037294915536842943,0.004087972417932284,1.4555728929551082
15.033455281223171,0.009166730005757628,0.004087972417932284,1.4558485379555437
15.035955368714879,0.012648977964456076,0.004087972417932284,1.4561206552238581
15.038455474608783,0.03236780987816967,0.004087972417932284,1.4564389541579847
15.040955598979311,0.033712275781872636,0.004087972417932284,1.4567543882833567
15.043455741900893,0.034054456823105816,0.004087972417932284,1.4570917376067956
15.045955903447958,0.04808267990446846,0.004087972417932284,1.457450671321723
15.048456083694932,0.052764968784213995,0.004087972417932284,1.4577880987506155
15.050956282716244,0.046932958108498735,0.004087972417932284,1.4581128734918694
15.053456500586325,0.05840050387116413,0.004087972417932284,1.4584259122708936
15.055956737379605,0.07415920715912883,0.004087972417932284,1.4587378149309362
15.058456993170505,0.043865987065162315,0.004087972417932284,1.4590542613844002
15.060957268033464,0.014536590228017676,0.004087972417932284,1.4593660863323799
15.063457562042903,0.013473655160675335,0.004087972417932284,1.4596876279552358
15.065957875273252,0.004149476594890844,0.004087972417932284,1.460018993733394
15.068458207798944,-0.005460087292387339,0.004087972417932284,1.4603602922101435
15.070958559694402,0.0019804821836686415,0.004087972417932284,1.460706901804101
15.073458931034057,0.004292722909835511,0.004087972417932284,1.4610587688902945
15.07595932189234,-0.0053905109467558,0.004087972417932284,1.4614158397611283
15.078459732343676,0.004666120999265333,0.004087972417932284,1.461778060626389
15.080960162462492,0.016763154240312828,0.004087972417932284,1.4621569949890922
15.083460612323224,0.012678460983048367,0.004087972417932284,1.4625481231688222
15.085961082000294,0.007130393853915562,0.004087972417932284,1.4629361256474394
15.088461571568132,0.01954897053456972,0.004087972417932284,1.463321022452154
15.09096208110117,0.01831569961955659,0.004087972417932284,1.4637123908491456
15.093462610673834,0.014449098236104962,0.004087972417932284,1.4640786166835407
15.09596316036055,0.019886183153827952,0.004087972417932284,1.4644243554765257
15.098463730235753,0.020535842899622958,0.004087972417932284,1.4647561219350154
15.100964320373867,0.006000764418851556,0.004087972417932284,1.4651302130564339
15.10346493084932,0.004353232803927298,0.004087972417932284,1.465520457109538
15.105965561736545,0.014403429705926118,0.004087972417932284,1.465850990327385
15.108466213109965,0.00829856333890322,0.004087972417932284,1.4662308994999858
15.110966885044013,0.011462039282289505,0.004087972417932284,1.4666361003880792
15.113467577613116,0.018382110850361677,0.004087972417932284,1.4670263829883858
15.115968290891706,0.016769238924430052,0.004087972417932284,1.4674014181609618
15.118469024954205,0.0014521895419530306,0.004087972417932284,1.4678145875512256
15.120969779875047,0.00732238138884167,0.004087972417932284,1.4682011668690849
15.123470555728659,0.020980504700690794,0.004087972417932284,1.4685608601787432
15.125971352589469,0.0076185187495314555,0.004087972417932284,1.4689555115738318
15.128472170531905,0.011696082369908822,0.004087972417932284,1.469354788256877
15.130973009630399,0.016403769098291665,0.004087972417932284,1.4697070538134176
15.133473869959376,0.011206334626742809,0.004087972417932284,1.4700695342110852
15.135974751593267,0.0033960056675852446,0.004087972417932284,1.4704460836472908
15.138475654606498,0.01923904007935162,0.004087972417932284,1.4708368270868617
15.140976579073502,0.03185833012890216,0.004087972417932284,1.4712418925472934
15.143477525068704,0.015570012453369309,0.004087972417932284,1.471661411098772
15.145978492666535,0.013639789847047279,0.004087972417932284,1.4720882273389868
15.148479481941418,0.01695915244229429,0.004087972417932284,1.4725227368435527
15.15098049296779,0.010442640417553939,0.004087972417932284,1.4729653364171476
15.153481525820075,0.0009496453178035047,0.004087972417932284,1.4734164240935355
15.1559825805727,0.011076320235495762,0.004087972417932284,1.473871844830008
15.1584836573001,0.012909990102446312,0.004087972417932284,1.4743314458325802
15.160984756076697,0.016952644682152407,0.004087972417932284,1.4747950744787113
15.163485876976923,0.037396595256768084,0.004087972417932284,1.4752625783173083
15.165987020075203,0.0532738584391228,0.004087972417932284,1.475701009900465
15.168488185445971,0.05169098371404335,0.004087972417932284,1.47614881004145
15.170989373163653,0.0610822142580465,0.004087972417932284,1.4765880996943457
15.173490583302678,0.09955500345853907,0.004087972417932284,1.4770628022076244
15.175991815937476,0.13764488968325095,0.004087972417932284,1.4775410070710242
15.178493071142471,0.15242299595040176,0.004087972417932284,1.478022580415948
15.180994348992096,0.1330474287197989,0.004087972417932284,1.4784560680971606
15.18349564956078,0.08994634513879673,0.004087972417932284,1.4788876511082398
15.185996972922945,0.0296583174159728,0.004087972417932284,1.479317425590937
15.188498319153029,0.01672204405877431,0.004087972417932284,1.479822913397612
15.190999688325455,0.012185878067968448,0.004087972417932284,1.4802196691464615
15.193501080514652,0.003189701464844097,0.004087972417932284,1.4806189607717612
15.196002495795051,0.0068950585708704715,0.004087972417932284,1.4809822744078878
15.19850393424108,0.010578913710152182,0.004087972417932284,1.4813680145663841
15.201005395927165,0.0021208385323976398,0.004087972417932284,1.481757929860772
15.203506880927739,-0.004317243765485257,0.004087972417932284,1.4821520692079018
15.206008389317226,0.008685541678747244,0.004087972417932284,1.482550481452622
15.208509921170057,0.010519675411957419,0.004087972417932284,1.482953215367772
15.21101147656066,-0.0037670272453769194,0.004087972417932284,1.4833603196541842
15.213513055563466,-0.0021448205593417313,0.004087972417932284,1.48377333031278
15.216014658252899,0.00879782554382258,0.004087972417932284,1.484191583805341
15.21851628470339,0.00314399941203769,0.004087972417932284,1.484614532429646
15.221017934989373,0.005064613712517874,0.004087972417932284,1.4850421169676722
15.223519609185269,0.008164010435262048,0.004087972417932284,1.4854742782325894
15.226021307365507,0.012782081606540041,0.004087972417932284,1.4859172140157426
15.228523029604519,0.006235149449699717,0.004087972417932284,1.4863706432668844
15.231024775976733,0.009516788341218385,0.004087972417932284,1.4868342865368467
15.233526546556577,0.017412043457872395,0.004087972417932284,1.4873143729534806
15.23602834141848,0.003381310713851171,0.004087972417932284,1.4877992245896536
15.238530160636872,0.0019965262581662646,0.004087972417932284,1.4882693049238753
15.241032004286177,0.010736273290275822,0.004087972417932284,1.4887440188195935
15.24353387244083,0.013763303729014797,0.004087972417932284,1.4892233259498355
15.246035765175256,0.00807454488158399,0.004087972417932284,1.489711156242059
15.248537682563883,0.0308346007267275,0.004087972417932284,1.490207328625274
15.251039624681141,0.03691140801278858,0.004087972417932284,1.4907116630615835
15.25354159160146,0.03139188065834664,0.004087972417932284,1.491223980546183
15.256043583399263,0.02598446491031181,0.004087972417932284,1.491739320196585
15.258545600148986,0.027089487629676112,0.004087972417932284,1.4922593133449102
15.261047641925055,0.02691726914908421,0.004087972417932284,1.4927614295414195
15.263549708801893,0.01759921638494566,0.004087972417932284,1.4932335774501024
15.266051800853937,0.047373004980607814,0.004087972417932284,1.4937216763146846
15.268553918155614,0.03740588198066108,0.004087972417932284,1.4942094055088502
15.271056060781348,0.016121868723765642,0.004087972417932284,1.4946970263662225
15.273558228805573,0.007424111309813464,0.004087972417932284,1.4951832713277273
15.276060422302713,0.013957397343436595,0.004087972417932284,1.495667971872832
15.2785626413472,0.003939989889142792,0.004087972417932284,1.4961509579336334
15.281064886013459,-0.001929555299322594,0.004087972417932284,1.4966338867939168
15.283567156375925,0.01539609414951637,0.004087972417932284,1.4971147926928952
15.28606945250902,0.026690790454542146,0.004087972417932284,1.4975934977910508
15.288571774487174,0.03640095819773759,0.004087972417932284,1.4980698227268696
15.29107412238482,0.06138156577273479,0.004087972417932284,1.498543586616834
15.293576496276383,0.07488331308977347,0.004087972417932284,1.499009976552523
15.296078896236294,0.05393082022286566,0.004087972417932284,1.4994686477964847
15.298581322338977,0.02466509136669237,0.004087972417932284,1.4999735533275196
15.301083774658865,0.018210819421678126,0.004087972417932284,1.5004261596126518
15.303586253270385,0.008182737239535331,0.004087972417932284,1.5008918867678793
15.306088758247967,-0.0019457938965867783,0.004087972417932284,1.5013942242698217
15.308591289666037,0.014823493544253052,0.004087972417932284,1.501894972216937
15.311093847599025,0.04323915684350821,0.004087972417932284,1.5023890786705538
15.313596432121361,0.047095999700489166,0.004087972417932284,1.5028861197100116
15.31609904330747,0.041917039308624116,0.004087972417932284,1.5033864573310685
15.318601681231787,0.04101053465724558,0.004087972417932284,1.5039031069216477
15.321104345968733,0.023693539688778742,0.004087972417932284,1.5044359819111268
15.323607037592744,0.03161998432845903,0.004087972417932284,1.5049895140407314
15.326109756178242,0.07360820371610943,0.004087972417932284,1.505517277278981
15.32861250179966,0.0991989823561108,0.004087972417932284,1.5060500930583232
15.331115274531426,0.07723157374066214,0.004087972417932284,1.506578771292387
15.333618074447966,0.035662379806122635,0.004087972417932284,1.5071033688409714
15.336120901623712,0.02382714906502037,0.004087972417932284,1.5076239408973562
15.33862375613309,0.015127490488110018,0.004087972417932284,1.5081405409883213
15.34112663805053,0.016487466271007722,0.004087972417932284,1.508666653037728
15.343629547450464,0.05298644134245989,0.004087972417932284,1.509190257155713
15.346132484407313,0.08372935765702261,0.004087972417932284,1.5097201811904863
15.34863544899551,0.0802893751106637,0.004087972417932284,1.5102413977234739
15.351138441289487,0.042376176937268806,0.004087972417932284,1.5107436465382402
15.353641461363667,0.026600423284021568,0.004087972417932284,1.511266909032478
15.35614450929248,0.0121276546275626,0.004087972417932284,1.5117874098722366
15.358647585150356,0.0076691380499582795,0.004087972417932284,1.5123051996765562
15.361150689011724,0.01675578484805529,0.004087972417932284,1.5127745001852428
15.363653820951011,0.012097677352795877,0.004087972417932284,1.5132329702211103
15.366156981042645,-0.0013711412659962452,0.004087972417932284,1.5136810939803045
15.368660169361059,0.00429000097460408,0.004087972417932284,1.5140659003550136
15.371163385980676,0.014660169482078045,0.004087972417932284,1.514491099381329
15.373666630975928,0.011836210737617092,0.004087972417932284,1.51492446302889
15.376169904421245,0.01510072397906903,0.004087972417932284,1.5153119789533576
15.37867320639105,0.034565659041818186,0.004087972417932284,1.5157323693530054
15.381176536959776,0.027864644396892624,0.004087972417932284,1.516186632928335
15.383679896201853,0.015452813836859258,0.004087972417932284,1.5166336846375172
15.386183284191706,0.019971882658397,0.004087972417932284,1.517087660016717
15.388686701003763,0.030956753109688373,0.004087972417932284,1.5175400896578735
15.391190146712459,0.011450958072399375,0.004087972417932284,1.517998256371898
15.393693621392215,0.004050462477620753,0.004087972417932284,1.5184620177625048
15.396197125117464,0.005898948664496251,0.004087972417932284,1.5189331531778283
15.398700657962635,0.013469816493293374,0.004087972417932284,1.5194114530280283
15.401204220002155,0.0001963912326756745,0.004087972417932284,1.519896708679872
15.403707811310452,0.005604157740924931,0.004087972417932284,1.5203887124567432
15.406211431961957,0.0157674413302078,0.004087972417932284,1.5208872576386319
15.408715082031097,0.013438342460883046,0.004087972417932284,1.5213921384621458
15.4112187615923,0.01926937177045107,0.004087972417932284,1.5219031501205027
15.413722470719996,0.05304987219321622,0.004087972417932284,1.5224153946019026
15.416226209488611,0.08458463193035737,0.004087972417932284,1.5229288355029018
15.418729977972578,0.0701482250502734,0.004087972417932284,1.5234214510176312
15.421233776246325,0.04356294644389869,0.004087972417932284,1.523893984059155
15.423737604384277,0.0348117276740767,0.004087972417932284,1.5243700534980817
15.426241462460865,0.020126586285592163,0.004087972417932284,1.524798075250889
15.428745350550518,0.018481425664888862,0.004087972417932284,1.5253142307804235
15.431249268727665,0.030755477140922194,0.004087972417932284,1.5258092429633756
15.43375321706673,0.027402768432026825,0.004087972417932284,1.5262391173576706
15.436257195642149,0.00824277611124069,0.004087972417932284,1.5267214249517491
15.438761204528346,0.007050713807309927,0.004087972417932284,1.5272257673449117
15.44126524379975,0.021560360227722786,0.004087972417932284,1.5277273436601218
15.44376931353079,0.00826754753957526,0.004087972417932284,1.5282260481784
15.446273413795899,0.005869134890007288,0.004087972417932284,1.528738938874377
15.448777544669497,0.025287373010925762,0.004087972417932284,1.5292512739838453
15.451281706226018,0.04677561375365902,0.004087972417932284,1.5297628906417868
15.453785898539891,0.05918403693768903,0.004087972417932284,1.530273624763728
15.456290121685543,0.06503798116490045,0.004087972417932284,1.5307833110457294
15.458794375737403,0.05487357865580522,0.004087972417932284,1.531304941465963
15.4612986607699,0.01754849928450275,0.004087972417932284,1.531833028406509
15.463802976857464,0.004774371732149563,0.004087972417932284,1.5323635147399406
15.466307324074519,0.014311411717896183,0.004087972417932284,1.53291898087471
15.468811702495499,0.019576440826804653,0.004087972417932284,1.5334973657416238
15.47131611219483,0.006732659650652728,0.004087972417932284,1.5340464433088679
15.47382055324694,0.02697613652270192,0.004087972417932284,1.534575837763726
15.476325025726256,0.04653772067967288,0.004087972417932284,1.5350850439817478
15.478829529707214,0.04173842975525588,0.004087972417932284,1.5356228310716018
15.481334065264237,0.01948814334636939,0.004087972417932284,1.5361677804564218
15.483838632471754,0.02081389862371341,0.004087972417932284,1.5367197407913316
15.486343231404193,0.02101601555552901,0.004087972417932284,1.5372720902654147
15.488847862135986,0.004572031299540313,0.004087972417932284,1.5378244546967854
15.491352524741558,0.014450138761385789,0.004087972417932284,1.5383753223279033
15.493857219295341,0.02152215692658621,0.004087972417932284,1.5389243580858034
15.496361945871758,0.014061045254615712,0.004087972417932284,1.5394881100813242
15.498866704545247,0.0004937928569406225,0.004087972417932284,1.5400395963316909
15.501371495390227,0.008007282286828454,0.004087972417932284,1.5406214452086182
15.503876318481131,0.011590802925861787,0.004087972417932284,1.5412052455619192
15.506381173892388,0.006206460906379663,0.004087972417932284,1.5417911932873172
15.508886061698428,0.0019290883986315954,0.004087972417932284,1.542379484114789
15.511390981973674,0.014593646440858477,0.004087972417932284,1.5429164174005021
15.513895934792561,0.015599151346832985,0.004087972417932284,1.5435054261354437
15.516400920229515,0.013632154764817717,0.004087972417932284,1.5441066121858358
15.518905938358962,0.047385037102543937,0.004087972417932284,1.5447176173765051
15.521410989255335,0.06084848350626193,0.004087972417932284,1.545332984179387
15.523916072993062,0.048459073639244066,0.004087972417932284,1.5459690602854865
15.526421189646568,0.03342095693423941,0.004087972417932284,1.5465867955044184
15.528926339290287,0.02845532953688279,0.004087972417932284,1.5471867565767892
15.531431521998645,0.014235617241557641,0.004087972417932284,1.5477913677591582
15.533936737846066,-0.0055365460548872925,0.004087972417932284,1.548395371783028
15.536441986906985,0.0036389093460900135,0.004087972417932284,1.5489987291692309
15.53894726925583,0.006698299710657496,0.004087972417932284,1.5496013996537221
15.541452584967029,0.004788357705576063,0.004087972417932284,1.5501992673087956
15.543957934115008,-0.009600278037344534,0.004087972417932284,1.5507909312314134
15.5464633167742,0.011170553422653606,0.004087972417932284,1.5513762494717234
15.54896873301903,0.04468637027769362,0.004087972417932284,1.5519652452956965
15.551474182923927,0.05058918986080507,0.004087972417932284,1.5525614932578464
15.553979666563322,0.09288101006707694,0.004087972417932284,1.5531893941754982
15.556485184011642,0.14137407640502464,0.004087972417932284,1.5538013791742313
15.558990735343315,0.13404437462160956,0.004087972417932284,1.5543970898435517
15.561496320632772,0.07532325444349453,0.004087972417932284,1.554976210021377
15.56400193995444,0.06206493795918133,0.004087972417932284,1.555551300372548
15.566507593382745,0.03390472410155532,0.004087972417932284,1.5561125869661372
15.569013280992122,-0.004835181008977063,0.004087972417932284,1.5566469350869367
15.570580159195998,0.08698575483803217,0.004087972417932284,1.5571955013566054
15.573084293093467,0.08532958542971092,0.004087972417932284,1.5577586984366172
15.575588407537607,0.07393756039621469,0.004087972417932284,1.5583374045894045
15.57809250256952,0.05705105337138461,0.004087972417932284,1.5589281796303962
15.580596578230317,0.0315338963165499,0.004087972417932284,1.559526790983047
15.583100634561097,0.01085256319460215,0.004087972417932284,1.5601404470013678
15.585604671602974,0.0046416823287127595,0.004087972417932284,1.5607544781865461
15.588108689397043,0.009683184972366865,0.004087972417932284,1.5613640702468998
15.590612687984418,0.003730156730277434,0.004087972417932284,1.5619607074043642
15.593116667406203,0.007059743562882526,0.004087972417932284,1.5625444797659385
15.595620627703498,0.00753046264967927,0.004087972417932284,1.5631243887515127
15.598124568917417,0.010347799028463056,0.004087972417932284,1.5637273433481802
15.600628491089058,0.013215964299398753,0.004087972417932284,1.5643049325548801
15.60313239425953,0.009036424603349413,0.004087972417932284,1.5648823500137126
15.60563627846994,0.010059712063559045,0.004087972417932284,1.5654524704616641
15.60814014376139,0.0022217775452315625,0.004087972417932284,1.5660090202157455
15.610643990174985,0.0021183620093552236,0.004087972417932284,1.5665525017116968
15.613147817751836,0.001699358290377484,0.004087972417932284,1.5670947085597886
15.615651626533044,0.005625539407072555,0.004087972417932284,1.5676357339488574
15.618155416559718,0.022160568420917848,0.004087972417932284,1.568175669581319
15.620659187872956,0.04230504720793782,0.004087972417932284,1.5687189276083413
15.623162940513874,0.10524298212185901,0.004087972417932284,1.569264496952741
15.62566667452357,0.11613888107581039,0.004087972417932284,1.569812346229022
15.628170389943152,0.0950285891437388,0.004087972417932284,1.5703624434119239
15.630674086813725,0.049751712683852256,0.004087972417932284,1.5709147558364256
15.633177765176395,0.009906984147433295,0.004087972417932284,1.5715051300903995
15.635681425072267,0.009584159951229854,0.004087972417932284,1.5720494098674596
15.638185066542448,0.010806709647739776,0.004087972417932284,1.5725678363101616
15.64068868962804,0.024025271800737658,0.004087972417932284,1.5730965964276082
15.643192294370152,0.025369605702720177,0.004087972417932284,1.5736374099882044
15.645695880809889,0.028737103273680953,0.004087972417932284,1.5741902958192835
15.648199448988358,0.0209697556262467,0.004087972417932284,1.5747552750040872
15.650702998946658,0.011071504326665815,0.004087972417932284,1.5753323708817941
15.653206530725901,0.009600676672566477,0.004087972417932284,1.575921609047549
15.655710044367188,0.0024905362247042984,0.004087972417932284,1.57652301735249
15.658213539911632,0.00713049495299134,0.004087972417932284,1.5771366259037785
15.660717017400328,0.001331404399921965,0.004087972417932284,1.5777624670646282
15.663220476874391,0.0028026257772157948,0.004087972417932284,1.5783404635486198
15.66572391837492,0.0052501525537389515,0.004087972417932284,1.5790126250661352
15.668227341943027,0.013039383885105282,0.004087972417932284,1.5797016137358175
15.67073074761981,0.018459407694272567,0.004087972417932284,1.5803993371455238
15.673234135446378,0.007355187876089353,0.004087972417932284,1.5811056859552959
15.675737505463836,0.012203776702542912,0.004087972417932284,1.5818578265619965
15.678240857713293,-0.0011008846549043216,0.004087972417932284,1.5825735099473592
15.68074419223585,0.0035175153242950064,0.004087972417932284,1.5832814666657031
15.683247509072611,0.0023279728008298584,0.004087972417932284,1.583994235041005
15.68575080826469,0.006350891078286125,0.004087972417932284,1.5847077208975524
15.688254089853183,0.008367882340517996,0.004087972417932284,1.5854218202411103
15.690757353879203,0.006532951032494294,0.004087972417932284,1.5861364281659247
15.69326060038385,0.008570299086828825,0.004087972417932284,1.5868514388547292
15.695763829408232,0.00240776201741677,0.004087972417932284,1.5875667455787452
15.698267040993453,0.006439531607759008,0.004087972417932284,1.5882869154823867
15.700770235180622,-0.000432356198520667,0.004087972417932284,1.5890161990381344
15.70327341201084,0.000994313432128191,0.004087972417932284,1.5897488972500389
15.705776571525217,0.004449686753249749,0.004087972417932284,1.590487213503999
15.708279713764854,0.0002716067605885719,0.004087972417932284,1.591249789752095
15.71078283877086,0.0060739705221275475,0.004087972417932284,1.5920037490060652
15.713285946584339,0.0008445030987513924,0.004087972417932284,1.5927429505741322
15.715789037246397,0.010260754931422644,0.004087972417932284,1.5934854618385437
15.71829211079814,0.02245792940105784,0.004087972417932284,1.5942183115533244
15.720795167280672,0.044969590548312066,0.004087972417932284,1.5949723310399886
15.723298206735098,0.06575592612359316,0.004087972417932284,1.5956635300431756
15.725801229202526,0.06430091437634666,0.004087972417932284,1.5963831623938234
15.728304234724062,0.051649613401148375,0.004087972417932284,1.5970993862932534
15.73080722334081,0.02846829704021525,0.004087972417932284,1.5978357017416258
15.733310195093873,0.055428509531495695,0.004087972417932284,1.5985928991973364
15.735813150024358,0.0885152519550989,0.004087972417932284,1.599334873139536
15.738316088173375,0.11642659050036608,0.004087972417932284,1.6001006877580446
15.740819009582022,0.0976577542021404,0.004087972417932284,1.600860532809037
15.74332191429141,0.06276578367475438,0.004087972417932284,1.6016150764323647
15.745824802342645,0.03503241796068113,0.004087972417932284,1.602366582943026
15.748327673776828,0.013342552786668405,0.004087972417932284,1.6031148131063677
15.75083052863507,0.02036809953287988,0.004087972417932284,1.6038251566719746
15.75333336695847,0.03818353590372281,0.004087972417932284,1.6045457569384407
15.75583618878814,0.06103894700859569,0.004087972417932284,1.6052517751581532
15.758338994165179,0.06724951006870783,0.004087972417932284,1.6059426183511656
15.760841783130699,0.04977541090027349,0.004087972417932284,1.6066619815357845
15.763344555725801,0.02618526224142359,0.004087972417932284,1.6074028700755199
15.765847311991594,0.005563199153573395,0.004087972417932284,1.60816595365523
15.76835005196918,0.001965946221357706,0.004087972417932284,1.6089318222589788
15.770852775699666,0.005064630873926168,0.004087972417932284,1.609700458264999
15.77335548322416,0.013109166097429625,0.004087972417932284,1.6104694255406098
15.775858174583762,0.013064053681631105,0.004087972417932284,1.6112394269875503
15.778360849819581,0.015841817033210415,0.004087972417932284,1.61201033274723
15.780863508972722,0.012210553888212683,0.004087972417932284,1.6127820128686023
15.783366152084293,0.002752744503327964,0.004087972417932284,1.613554337308173
15.785868779195397,0.009044693200854548,0.004087972417932284,1.6143310902941406
15.788371390347137,0.011729147765852321,0.004087972417932284,1.6151120027750525
15.790873985580623,0.028355089450140314,0.004087972417932284,1.6158976791327915
15.79337656493696,0.046841867872869924,0.004087972417932284,1.6166652455629111
15.79587912845725,0.06589316568349246,0.004087972417932284,1.6174391505172598
15.798381676182602,0.061586530851730936,0.004087972417932284,1.6182092983682208
15.80088420815412,0.0644145469742774,0.004087972417932284,1.6189759657932092
15.80338672441291,0.07112435478885804,0.004087972417932284,1.6197353622777824
15.805889225000076,0.04750780714981451,0.004087972417932284,1.6205100686476093
15.808391709956727,0.03550590072374815,0.004087972417932284,1.621300186084347
15.810894179323967,0.013114498812754283,0.004087972417932284,1.6220860558980466
15.813396633142897,0.011422613780619706,0.004087972417932284,1.6228930791744374
15.815899071454629,0.006249269015782932,0.004087972417932284,1.6236796398378666
15.818401494300266,0.007856083467594255,0.004087972417932284,1.624460001510883
15.820903901720913,0.005244224322133784,0.004087972417932284,1.6252209699380342
15.823406293757674,0.000918684314599183,0.004087972417932284,1.6259847101873506
15.825908670451659,0.0065350750517352285,0.004087972417932284,1.6267512637112433
15.82841103184397,0.013680512284435675,0.004087972417932284,1.6275206732662693
15.830913377975714,0.01918240411050043,0.004087972417932284,1.6282877193037613
15.833415708887996,0.025369043212657427,0.004087972417932284,1.6290449603738504
15.835918024621922,0.02772819845223151,0.004087972417932284,1.6298175675178206
15.838420325218594,0.016829479729904673,0.004087972417932284,1.6305864921072417
15.840922610719124,0.010027838083885632,0.004087972417932284,1.6313516183384515
15.843424881164612,0.00436166763639223,0.004087972417932284,1.6321128303019057
15.845927136596167,0.007972969933186302,0.004087972417932284,1.6328700119821862
15.848429377054892,0.0028656793566288474,0.004087972417932284,1.6336193149252862
15.850931602581895,0.004194742919992445,0.004087972417932284,1.634360493261572
15.85343381321828,0.007377344281221054,0.004087972417932284,1.6350933001106898
15.85593600900515,0.0024609663027477247,0.004087972417932284,1.6358174875815656
15.858438189983614,0.009103217009152953,0.004087972417932284,1.6365403566182237
15.860940356194778,0.010256859729057766,0.004087972417932284,1.6372619195527363
15.863442507679746,0.014441313367280273,0.004087972417932284,1.6379821895368416
15.865944644479622,0.013533137140979035,0.004087972417932284,1.638701180541963
15.868446766635516,0.01176771302590729,0.004087972417932284,1.6394130756270586
15.87094887418853,0.01212282897427075,0.004087972417932284,1.640117687836528
15.87345096717977,0.0008767357315795365,0.004087972417932284,1.6408148296206422
15.875953045650341,1.8528348726398747e-06,0.004087972417932284,1.641504312835542
15.878455109641347,-0.00406651907884803,0.004087972417932284,1.642185948743228
15.8809571591939,0.007216617808571746,0.004087972417932284,1.6428595480115726
15.8834591943491,0.002615908500285258,0.004087972417932284,1.6435249207143088
15.885961215148052,0.0017420888136470136,0.004087972417932284,1.644181876331036
15.888463221631865,0.007527424780771286,0.004087972417932284,1.6448302237472106
15.890965213841644,0.005505266191443869,0.004087972417932284,1.645470663256665
15.893467191818491,0.006906054207097556,0.004087972417932284,1.6461561242385347
15.895969155603513,0.002111581246753813,0.004087972417932284,1.6468421446365749
15.898471105237821,0.012166876298759455,0.004087972417932284,1.6475287582131417
15.900973040762512,0.006735726592391522,0.004087972417932284,1.6481358079093367
15.903474962218697,0.001117433864419981,0.004087972417932284,1.6488488309111433
15.905976869647478,0.004344192928827706,0.004087972417932284,1.6495603057307455
15.908478763089965,-0.0038286261022217882,0.004087972417932284,1.6502701670994415
15.91098064258726,0.005886098246406624,0.004087972417932284,1.6509783503164224
15.913482508180468,-0.002856797097356978,0.004087972417932284,1.6516862665633956
15.915984359910698,0.0035013410649040733,0.004087972417932284,1.6523937999545504
15.918486197819051,0.002853068545782156,0.004087972417932284,1.653100835541945
15.920988021946638,0.004016743523881594,0.004087972417932284,1.653807259315506
15.92348983233456,0.0047087188677417124,0.004087972417932284,1.6545129582030524
15.925991629023924,0.0015591562938215286,0.004087972417932284,1.6552160319085119
15.928493412055836,0.009912815423947174,0.004087972417932284,1.655915851785099
15.9309951814714,0.0039165880424445465,0.004087972417932284,1.6566231830122535
15.933496937311725,0.006360390682454309,0.004087972417932284,1.6573427644375691
15.935998679617912,-0.00014506035225370084,0.004087972417932284,1.6580672230464066
15.93850040843107,-0.0019275110448644384,0.004087972417932284,1.658764965233359
15.941002123792302,-0.002998310702452711,0.004087972417932284,1.6594655680190673
15.943503825742715,-0.0031157833566515247,0.004087972417932284,1.6601136990734844
15.946005514323415,0.0032078484537978458,0.004087972417932284,1.6607690530132602
15.948507189575505,0.004220532131398391,0.004087972417932284,1.6614116719183973
15.951008851540093,0.005478190347639078,0.004087972417932284,1.6620902332893392
15.953510500258284,-0.0015673665438711293,0.004087972417932284,1.6627590007235296
15.956012135771182,0.007198778430975272,0.004087972417932284,1.663419078511816
15.958513758119896,0.006338451882404339,0.004087972417932284,1.6640663284426698
15.961015367345528,0.02253073312011522,0.004087972417932284,1.6647005811907403
15.963516963489184,0.05095687794157566,0.004087972417932284,1.6653216660692107
15.96601854659197,0.06573393694964302,0.004087972417932284,1.6659294110298093
15.968520116694993,0.045665177922533884,0.004087972417932284,1.666528596378996
15.971021673839358,0.021535220899912888,0.004087972417932284,1.6671175221663503
15.97352321806617,0.018030330927193194,0.004087972417932284,1.6677193936311783
15.976024749416533,0.0180597186695286,0.004087972417932284,1.6683196332597077
15.978526267931555,0.025808352832516368,0.004087972417932284,1.6689261207024297
15.981027773652338,0.03400317731049185,0.004087972417932284,1.669538803985036
15.98352926661999,0.03637518006181528,0.004087972417932284,1.6701711366574388
15.986030746875619,0.041059801408311225,0.004087972417932284,1.670813050816093
15.988532214460328,0.06600904938186125,0.004087972417932284,1.6714295166925148
15.99103366941522,0.08935753267308155,0.004087972417932284,1.6720376642775876
15.993535111781405,0.08849922225988527,0.004087972417932284,1.6726544565162913
15.996036541599985,0.07329368661486968,0.004087972417932284,1.673250085280881
15.998537958912067,0.05228311437179145,0.004087972417932284,1.6738405366033104
16.001039363758757,0.058427402883143076,0.004087972417932284,1.6744411483219148
16.00354075618116,0.07538617541628945,0.004087972417932284,1.6750194376449719
16.006042136220383,0.09650527655040797,0.004087972417932284,1.6755909629997559
16.00854350391753,0.08806884065562781,0.004087972417932284,1.6761557284823985
16.011044859313703,0.08047402282055383,0.004087972417932284,1.6767137384257427
16.013546202450012,0.07243737833436148,0.004087972417932284,1.6772586605457085
16.016047533367562,0.0680689722113148,0.004087972417932284,1.6777965661972147
16.01854885210746,0.07529387370794494,0.004087972417932284,1.678302668670114
16.02105015871081,0.06828149062059219,0.004087972417932284,1.6788152355906325
16.023551453218715,0.048018383015360655,0.004087972417932284,1.6793234931529957
16.02605273567228,0.0228014354231878,0.004087972417932284,1.6798301910134446
16.028554006112618,0.00879975173874592,0.004087972417932284,1.680335426423769
16.03105526458083,0.0009548810099371252,0.004087972417932284,1.680831224148507
16.03355651111802,0.008754820887735937,0.004087972417932284,1.6813103105216696
16.036057745765294,0.01130919899973315,0.004087972417932284,1.6817592868587796
16.03855896856376,0.028636634532646976,0.004087972417932284,1.6822246463565382
16.041060179554517,0.046144803588825,0.004087972417932284,1.6826761914828707
16.043561378778676,0.06013124373486134,0.004087972417932284,1.6831249992624806
16.046062566277346,0.06282881650712469,0.004087972417932284,1.683571130261166
16.048563742091627,0.059352952840429296,0.004087972417932284,1.684014646702811
16.051064906262624,0.0507164436559564,0.004087972417932284,1.6844556124693835
16.053566058831446,0.03346056700783384,0.004087972417932284,1.6848801813568661
16.056067199839198,0.021791265769550483,0.004087972417932284,1.685291430286697
16.058568329326977,0.011784372978699276,0.004087972417932284,1.685689063051347
16.061069447335903,0.010759146973254419,0.004087972417932284,1.6860907612290084
16.063570553907077,0.00604122559171838,0.004087972417932284,1.6865075585559133
16.066071649081596,0.007502693913309155,0.004087972417932284,1.686899218538346
16.068572732900574,0.010169910990251996,0.004087972417932284,1.6872886786586452
16.07107380540511,0.005540578012728448,0.004087972417932284,1.6876717502156442
16.073574866636317,0.016663353824423632,0.004087972417932284,1.688097394342888
16.076075916635297,0.01425278514167494,0.004087972417932284,1.6885223774809501
16.078576955443154,0.007121363644356782,0.004087972417932284,1.6889565931991304
16.081077983100993,0.00727621074080953,0.004087972417932284,1.689400500951593
16.083578999649927,0.009318844719069519,0.004087972417932284,1.6898397032456032
16.086080005131052,0.006927739766295904,0.004087972417932284,1.690274151957667
16.08858099958548,0.004333642346200817,0.004087972417932284,1.6907068371344394
16.091081983054313,0.008664902808915187,0.004087972417932284,1.6911376040772421
16.093582955578658,0.005632687038690687,0.004087972417932284,1.6915662994225413
16.096083917199618,0.015209564891867533,0.004087972417932284,1.691992771141929
16.098584867958305,0.010948819352896377,0.004087972417932284,1.692424453776204
16.101085807895814,0.02073113889485345,0.004087972417932284,1.6928502142885087
16.103586737053263,0.028180482281944697,0.004087972417932284,1.6932702054136528
16.106087655471743,0.05608783577705401,0.004087972417932284,1.6936842059378132
16.108588563192374,0.10045698134808623,0.004087972417932284,1.6940743058983745
16.111089460256252,0.14497957832072483,0.004087972417932284,1.6944535569372001
16.113590346704488,0.1593668892911877,0.004087972417932284,1.6948217697323673
16.116091222578184,0.1247919788048566,0.004087972417932284,1.6951787544133499
16.118592087918447,0.07452397670588451,0.004087972417932284,1.6955243205610184
16.121092942766385,0.045076987859264506,0.004087972417932284,1.6958582772076534
16.123593787163095,0.02627294800720814,0.004087972417932284,1.696180432836935
16.12609462114969,0.015421007771733386,0.004087972417932284,1.6964954571816129
16.128595444767278,0.011903389489477556,0.004087972417932284,1.6968033264090405
16.131096258056957,0.014550699777890364,0.004087972417932284,1.697126787620878
16.133597061059838,0.013331910675927539,0.004087972417932284,1.697466608726657
16.13609785381702,0.019329765921938247,0.004087972417932284,1.6977998649322128
16.138598636369615,0.01880766944515222,0.004087972417932284,1.6981384997166673
16.141099408758727,0.019993577825248465,0.004087972417932284,1.6984058544142508
16.14360017102546,0.01023470337197363,0.004087972417932284,1.6986920572268107
16.14610092321092,0.009303600895422148,0.004087972417932284,1.698986501925735
16.148601665356214,0.009468459526778439,0.004087972417932284,1.6992761980886466
16.151102397502445,0.007107450957912542,0.004087972417932284,1.699568453808947
16.15360311969072,0.0168092898207568,0.004087972417932284,1.6998631429684994
16.156103831962152,0.014524742544519853,0.004087972417932284,1.7001601419677792
16.158604534357828,0.01675100722514422,0.004087972417932284,1.7004593297258577
16.16110522691887,0.012301227174952523,0.004087972417932284,1.7007834608681367
16.163605909686375,0.006659230226310209,0.004087972417932284,1.7010836280249302
16.166106582701456,0.0069428307573027315,0.004087972417932284,1.7013708241544472
16.16860724600521,0.0022709031812448988,0.004087972417932284,1.7016802667485633
16.17110789963875,0.005467804771209117,0.004087972417932284,1.7019715469541024
16.17360854364317,0.009854927996673757,0.004087972417932284,1.70224918979783
16.17610917805959,0.006554671749685825,0.004087972417932284,1.7025105713573727
16.17860980292911,0.010064533703112222,0.004087972417932284,1.7027779446588427
16.181110418292832,0.013006136467572427,0.004087972417932284,1.7029703854474914
16.183611024191865,0.010233540511933592,0.004087972417932284,1.7031770151868408
16.18611162066731,0.006531477809985864,0.004087972417932284,1.7033723068158486
16.188612207760283,0.007954496918340048,0.004087972417932284,1.703571283794963
16.19111278551188,0.004530053684737245,0.004087972417932284,1.7037739361494826
16.193613353963208,0.01076179953945755,0.004087972417932284,1.7039718826453425
16.196113913155372,0.015044194320447124,0.004087972417932284,1.7041648283122361
16.198614463129484,0.023376477190844458,0.004087972417932284,1.7043524790161058
16.201115003926642,0.027461937239592782,0.004087972417932284,1.7045345414591333
16.203615535587954,0.028320248988104035,0.004087972417932284,1.704681404125435
16.206116058154528,0.03460379280575987,0.004087972417932284,1.7048363304645382
16.208616571667463,0.03934821628218432,0.004087972417932284,1.7050056270117109
16.21111707616787,0.04672889439349692,0.004087972417932284,1.7051935892367263
16.213617571696858,0.04139682585239912,0.004087972417932284,1.7053571855350507
16.21611805829552,0.05555600085941115,0.004087972417932284,1.7055190352432903
16.218618536004975,0.06978471722862123,0.004087972417932284,1.7056890237599418
16.22111900486632,0.07076052484467477,0.004087972417932284,1.705868221211646
16.223619464920663,0.0630718480528305,0.004087972417932284,1.7060147626395268
16.226119916209115,0.04562181664234766,0.004087972417932284,1.7061218605894326
16.228620358772773,0.03696181228861839,0.004087972417932284,1.7062164921341434
16.231120792652742,0.03637312580574448,0.004087972417932284,1.7062970393008046
16.233621217890136,0.04369950454015026,0.004087972417932284,1.7063684288852103
16.236121634526057,0.036453775201809924,0.004087972417932284,1.7064133725331758
16.238622042601605,0.02185023162678079,0.004087972417932284,1.7064707550180764
16.241122442157895,0.010570169578005828,0.004087972417932284,1.7065412106511602
16.24362283323602,0.008274278024765769,0.004087972417932284,1.7066027357765192
16.246123215877102,0.010543522134357275,0.004087972417932284,1.706660407753362
16.24862359012223,0.01044073899384168,0.004087972417932284,1.7067142663906594
16.25112395601252,0.02034179305492967,0.004087972417932284,1.706764352583614
16.253624313589075,0.02044343977453611,0.004087972417932284,1.706810708313651
16.256124662892997,0.02818448202571333,0.004087972417932284,1.706854637672105
16.2586250039654,0.024251559023982683,0.004087972417932284,1.7068962285912717
16.261125336847382,0.020008018439326536,0.004087972417932284,1.7069250400107707
16.263625661580047,0.02321905880815356,0.004087972417932284,1.706936570058569
16.266125978204506,0.04336594971512597,0.004087972417932284,1.7069303959674167
16.268626286761865,0.07178581039109333,0.004087972417932284,1.7069219272477496
16.271126587293224,0.08945645602976571,0.004087972417932284,1.706911286497665
16.273626879839696,0.07854977509038319,0.004087972417932284,1.706930047744931
16.27612716444238,0.03966154220801399,0.004087972417932284,1.7069196759465228
16.278627441142383,0.021704665701603343,0.004087972417932284,1.7069236848861258
16.281127709980808,0.00834652576897943,0.004087972417932284,1.7069263298231383
16.28362797099877,0.008203648530459517,0.004087972417932284,1.706917867891263
16.286128224237363,0.006043538494549194,0.004087972417932284,1.7069025026648965
16.2886284697377,0.0028686174780161444,0.004087972417932284,1.7068802430466963
16.291128707540885,0.0009853080937365366,0.004087972417932284,1.7068510981192246
16.29362893768802,0.0038704217241423144,0.004087972417932284,1.7068150771449597
16.296129160220215,0.001081798603385531,0.004087972417932284,1.7067648438884755
16.298629375178574,0.008832019674516411,0.004087972417932284,1.7067039799510955
16.3011295826042,0.006400917576445231,0.004087972417932284,1.706637196303693
16.303629782538206,0.007705409732720714,0.004087972417932284,1.706573154885385
16.306129975021687,0.0035069228453534773,0.004087972417932284,1.7065122077879211
16.308630160095756,0.004353004707391417,0.004087972417932284,1.7064430379219555
16.31113033780152,0.011070845038551269,0.004087972417932284,1.7063655973266496
16.313630508180072,0.013557682004192939,0.004087972417932284,1.7063305464072194
16.316130671272536,0.02700984106463289,0.004087972417932284,1.7062879679277323
16.31863082712,0.04950066106144746,0.004087972417932284,1.7062584827123601
16.321130975763584,0.06499486607557037,0.004087972417932284,1.7062591833284582
16.323631117244382,0.08135010638929185,0.004087972417932284,1.7062566612199717
16.326131251603506,0.05645103402725127,0.004087972417932284,1.7062404842391703
16.328631378882058,0.03057329058184166,0.004087972417932284,1.7062365665979113
16.331131499121145,0.015732032125709283,0.004087972417932284,1.7062448781445987
16.33363161236188,0.010213023056676152,0.004087972417932284,1.7062420723596794
16.33613171864536,0.007813576649148057,0.004087972417932284,1.706244517035977
16.338631818012686,0.004279424484106453,0.004087972417932284,1.7062522059415781
16.341131910504973,0.0015042077095139827,0.004087972417932284,1.706278358365481
16.34363199616332,0.005378146843416642,0.004087972417932284,1.706319425186884
16.346132075028837,0.006087975786184918,0.004087972417932284,1.7063397501963544
16.34863214714263,0.0031766062324660727,0.004087972417932284,1.7063486665175835
16.351132212545803,0.006258478726528294,0.004087972417932284,1.7063465307081738
16.35363227127946,0.006350024742003413,0.004087972417932284,1.7063406591595887
16.35613232338471,0.0034713776329937662,0.004087972417932284,1.7063294537972487
16.358632368902654,0.006759044377120604,0.004087972417932284,1.7063180276947927
16.361132407874397,0.010475307266617495,0.004087972417932284,1.7063062456516258
16.36363244034105,0.01197189457059733,0.004087972417932284,1.706288151498947
16.366132466343714,0.010374013186911668,0.004087972417932284,1.706263817114793
16.3686324859235,0.008327022553785035,0.004087972417932284,1.706238764725709
16.371132499121508,0.00924664536109554,0.004087972417932284,1.7062128706238724
16.373632505978843,0.0066928924830114145,0.004087972417932284,1.7061860113329619
16.376132506536614,0.0057096380238728095,0.004087972417932284,1.7061580636081433
16.378632500835927,0.007923923391323084,0.004087972417932284,1.7061289044360757
16.38113248891788,0.008955836769440229,0.004087972417932284,1.706098411034914
16.383632470823592,0.012430555108110752,0.004087972417932284,1.706072117554062
16.386132446594157,0.0071266281497701645,0.004087972417932284,1.7060391850069483
16.388632416270685,0.013630583348854364,0.004087972417932284,1.7059610593125933
16.391132379894277,0.013414541315951656,0.004087972417932284,1.7059285866063842
16.393632337506048,0.01602635171471456,0.004087972417932284,1.7059032811779646
16.396132289147094,0.03546058627943127,0.004087972417932284,1.7058728497751006
16.39863223485853,0.058574928422756134,0.004087972417932284,1.7058376272705695
16.40113217468145,0.07676505410544254,0.004087972417932284,1.7058000248049927
16.403632108656964,0.07503628180133926,0.004087972417932284,1.705764956425642
16.406132036826186,0.04560419961141582,0.004087972417932284,1.7057325162646597
16.40863195923021,0.01864756172961357,0.004087972417932284,1.7057027992912073
16.411131875910144,0.019441833492798155,0.004087972417932284,1.7056759013114609
16.4136317869071,0.01675695975409841,0.004087972417932284,1.705647572445372
16.416131692262177,0.01963486473047138,0.004087972417932284,1.705617759272216
16.418631592016485,0.016790143760294196,0.004087972417932284,1.7055911907578007
16.421131486211124,0.018559052416585953,0.004087972417932284,1.7055477646000003
16.4236313748872,0.006675788773736535,0.004087972417932284,1.7055111346693443
16.426131258085825,0.009179602069850024,0.004087972417932284,1.7054882491492538
16.4286311358481,0.0072398502007584575,0.004087972417932284,1.7054405576932188
16.431131008215132,0.011375269319280568,0.004087972417932284,1.7054179809836383
16.433630875228022,0.015219343144811326,0.004087972417932284,1.7053758466817126
16.436130736927883,0.02111177311365875,0.004087972417932284,1.7053459263362278
16.438630593355814,0.02936965775658673,0.004087972417932284,1.705298183704462
16.441130444552925,0.040437378749278,0.004087972417932284,1.705252860790356
16.44363029056032,0.04407734579694611,0.004087972417932284,1.7052601062681823
16.4461301314191,0.026365462921360328,0.004087972417932284,1.7052384291940572
16.448629967170376,0.023320995384000343,0.004087972417932284,1.705225002908074
16.45112979785526,0.006921960935030613,0.004087972417932284,1.7051817480274203
16.453629623514843,0.004911625212252524,0.004087972417932284,1.705139148921324
16.456129444190235,0.004492532992640852,0.004087972417932284,1.7050982611702505
16.45862925992255,0.012699324948767243,0.004087972417932284,1.7050649000731675
16.461129070752882,0.0034919963135660037,0.004087972417932284,1.7050389598724702
16.463628876722343,0.006016501573895772,0.004087972417932284,1.7050203365129022
16.466128677872035,0.0115344001672395,0.004087972417932284,1.7049855083295797
16.46862847424307,0.0253647038185989,0.004087972417932284,1.7049435158364954
16.471128265876548,0.051635755101009595,0.004087972417932284,1.7048947899764066
16.473628052813577,0.06877022924309917,0.004087972417932284,1.7048397596080758
16.47612783509526,0.07921470504158523,0.004087972417932284,1.7047888025780231
16.4786276127627,0.07543577733872464,0.004087972417932284,1.7047419907070043
16.481127385857015,0.08551992917846651,0.004087972417932284,1.7046993962255852
16.483627154419295,0.061206102247171046,0.004087972417932284,1.7046610917741478
16.486126918490655,0.03549289865067373,0.004087972417932284,1.7046271504028883
16.488626678112198,0.013390841391687447,0.004087972417932284,1.7045968129073885
16.491126433325025,0.006839367604656532,0.004087972417932284,1.7045701242489377
16.493626184170253,0.0045785153090496244,0.004087972417932284,1.7045471295972734
16.49612593068898,0.007694476976305431,0.004087972417932284,1.7045278743305652
16.498625672922305,0.023793784286357145,0.004087972417932284,1.7045046319948165
16.501125410911346,0.042991557050771956,0.004087972417932284,1.704477439469953
16.503625144697203,0.06572775210447968,0.004087972417932284,1.7044517693569805
16.506124874320978,0.060415959578731915,0.004087972417932284,1.7044267926922945
16.508624599823783,0.05131086449981059,0.004087972417932284,1.7043901441387939
16.511124321246722,0.018432518384822405,0.004087972417932284,1.7043611912769792
16.513624038630898,0.0063308529504106925,0.004087972417932284,1.7043403186079709
16.516123752017414,0.0005654972869206798,0.004087972417932284,1.704315514058951
16.518623461447383,0.004057279007988912,0.004087972417932284,1.7042867340744707
16.521123166961907,0.005553114086149558,0.004087972417932284,1.7042539332869513
16.52362286860209,0.0002902661614365698,0.004087972417932284,1.7042239379239965
16.526122566409036,4.364503157194832e-05,0.004087972417932284,1.704170514259479
16.52862226042385,-0.0011945351423650052,0.004087972417932284,1.7041349836406072
16.53112195068765,0.002434719484826875,0.004087972417932284,1.7041037426474144
16.533621637241527,-0.0024403487451458705,0.004087972417932284,1.7040795119320367
16.536121320126593,0.006297984267090495,0.004087972417932284,1.704059203619751
16.53862099938395,0.014710875996687856,0.004087972417932284,1.7040428498218851
16.54112067505471,0.03017549658738794,0.004087972417932284,1.70403048265588
16.54362034717997,0.034148810903478655,0.004087972417932284,1.7040221342452802
16.54612001580084,0.03493855085011899,0.004087972417932284,1.704025401541251
16.54861968095843,0.022822649273534168,0.004087972417932284,1.7040146353183139
16.551119342693838,0.013736822713087404,0.004087972417932284,1.7040081643104554
16.553619001048173,0.012501771992963429,0.004087972417932284,1.7040060372733252
16.556118656062537,0.00508772707918137,0.004087972417932284,1.7040083031025959
16.55861830777804,0.010096930409279281,0.004087972417932284,1.704036731070254
16.561117956235787,0.00691628965910418,0.004087972417932284,1.7040498338668455
16.56361760147688,0.004517684865796845,0.004087972417932284,1.704068558809055
16.56611724354243,-0.004695373503990519,0.004087972417932284,1.7040929144943453
16.56861688247354,0.0018055694178655823,0.004087972417932284,1.704124607398844
16.571116518311307,0.0013823317417303027,0.004087972417932284,1.7041635867957798
16.573616151096854,-0.0009489404703244553,0.004087972417932284,1.7042098028172452
16.57611578087127,-0.003550619925599241,0.004087972417932284,1.7042632064541694
16.578615407675674,0.001871173543743554,0.004087972417932284,1.7043237495563495
16.58111503155116,0.008819292211927898,0.004087972417932284,1.7043913848324188
16.583614652538838,0.008421211624784375,0.004087972417932284,1.704466065849864
16.586114270679815,0.02733245357801639,0.004087972417932284,1.7045477470350165
16.5886138860152,0.04126896495721444,0.004087972417932284,1.7046363836730583
16.591113498586086,0.04850401784726932,0.004087972417932284,1.7047319319080119
16.593613108433594,0.03606329419479182,0.004087972417932284,1.7048269608377882
16.596112715598817,0.01946447152585873,0.004087972417932284,1.7049216902972157
16.598612320122868,0.011665620604800697,0.004087972417932284,1.7050163391287168
16.60111192204685,0.024285475393914124,0.004087972417932284,1.7051215648013316
16.60361152141187,0.04436243457263811,0.004087972417932284,1.7052210259928626
16.606111118259033,0.06830944275603756,0.004087972417932284,1.7053150801847614
16.60861071262944,0.07576448764836541,0.004087972417932284,1.7054365616111222
16.611110304564196,0.057133795984634306,0.004087972417932284,1.7055849426264909
16.613609894104417,0.03030758873227457,0.004087972417932284,1.705682297682948
16.616109481291204,0.029691766073208337,0.004087972417932284,1.705781520474751
16.618609066165657,0.03075995827665312,0.004087972417932284,1.7058993306887666
16.621108648768885,0.02802172447847262,0.004087972417932284,1.7060128601708127
16.623608229141993,0.01682118962821466,0.004087972417932284,1.706122434066342
16.626107807326093,0.010455554352389429,0.004087972417932284,1.7062340437583543
16.628607383362276,0.005077220078329336,0.004087972417932284,1.706347701705411
16.631106957291664,0.009177487362301395,0.004087972417932284,1.7064634195731818
16.63360652915535,0.006875200618179367,0.004087972417932284,1.7065812082344647
16.636106098994446,0.0051101888870837,0.004087972417932284,1.7067010777691711
16.638605666850058,0.01599497390094573,0.004087972417932284,1.7068230374643412
16.641105232763287,0.019214337528026038,0.004087972417932284,1.7069544287484377
16.64360479677524,0.04367880746811581,0.004087972417932284,1.7070750054001989
16.646104358927023,0.06518813598994888,0.004087972417932284,1.7071789892766727
16.648603919259745,0.09078731540925089,0.004087972417932284,1.7072727619358499
16.651103477814505,0.09707991449639852,0.004087972417932284,1.7073815610312288
16.653603034632415,0.09082117836530856,0.004087972417932284,1.7074755371937274
16.656102589754575,0.07918053481194276,0.004087972417932284,1.7076106420085422
16.658602143222094,0.08101553401212169,0.004087972417932284,1.7077467599008536
16.661101695076077,0.09226988730790842,0.004087972417932284,1.7079212749174788
16.66360124535763,0.10792786969305901,0.004087972417932284,1.7080974889685296
16.666100794107855,0.08884614540605007,0.004087972417932284,1.70825077733791
16.66860034136786,0.0470473608661679,0.004087972417932284,1.7083917813535354
16.67109988717875,0.014519850606961038,0.004087972417932284,1.7085596874934246
16.673599431581636,0.005293880958659569,0.004087972417932284,1.708732741205003
16.676098974617613,0.0020930676206787346,0.004087972417932284,1.7089016495649927
16.678598516327796,0.010214372835812169,0.004087972417932284,1.7090668538750686
16.68109805675328,0.02060753880161692,0.004087972417932284,1.7092287934187766
16.683597595935183,0.013239230632522414,0.004087972417932284,1.7093954608708215
16.686097133914604,0.0055064738139540825,0.004087972417932284,1.7095670235701688
16.688596670732647,0.0075710774830546335,0.004087972417932284,1.7097436487307234
16.69109620643042,0.009314741002383276,0.004087972417932284,1.7099175685718193
16.69359574104903,-0.0017373207108535293,0.004087972417932284,1.7100872942868799
16.696095274629577,0.002591656532107134,0.004087972417932284,1.7102476604401076
16.698594807213176,-0.0001640082106175722,0.004087972417932284,1.7104019663886265
16.701094338840925,0.0038741853758836875,0.004087972417932284,1.7105881685988844
16.70359386955393,0.013989355572803452,0.004087972417932284,1.7107896159968758
16.706093399393293,0.007351263835789101,0.004087972417932284,1.7109807471125944
16.70859292840013,0.014898171327019982,0.004087972417932284,1.711168555515978
16.711092456615543,0.012827926541459256,0.004087972417932284,1.7113603712401066
16.71359198408063,0.008557475961464611,0.004087972417932284,1.711540250805818
16.716091510836502,0.006960511333597985,0.004087972417932284,1.7117659466635784
16.71859103692427,0.0315669633593445,0.004087972417932284,1.7119694138480956
16.721090562385026,0.06250340977759605,0.004087972417932284,1.7121621114533632
16.723590087259886,0.08379881634592556,0.004087972417932284,1.7123402414205806
16.726089611589956,0.08574026099507104,0.004087972417932284,1.712524161509285
16.728589135416335,0.06740266236461534,0.004087972417932284,1.7127074440697876
16.73108865878013,0.023653348124084372,0.004087972417932284,1.7128899462740446
16.733588181722457,0.010795985166721866,0.004087972417932284,1.7130706250004184
16.736087704284405,0.00500961685630541,0.004087972417932284,1.713266422758724
16.73858722650709,0.003393120026023988,0.004087972417932284,1.713469251542845
16.741086748431613,0.01242180254094416,0.004087972417932284,1.71367901942585
16.743586270099083,0.0042115730790808215,0.004087972417932284,1.7138904240979267
16.746085791550605,0.0029816205225945414,0.004087972417932284,1.7141101748998233
16.748585312827284,0.003974025358084887,0.004087972417932284,1.7143382406427743
16.75108483397022,0.009290565094757008,0.004087972417932284,1.7145745907330041
16.75358435502053,0.006143497164202705,0.004087972417932284,1.7148191951717189
16.756083876019307,0.006816319496646184,0.004087972417932284,1.7150699361612154
16.75858339700767,0.006681408197726002,0.004087972417932284,1.7153267123839115
16.761082918026712,0.013273686582143007,0.004087972417932284,1.715589422612022
16.763582439117542,0.016228217646024,0.004087972417932284,1.7158579657075579
16.76608196032127,0.011664753243285197,0.004087972417932284,1.7161322406223314
16.768581481678996,0.00701552144431461,0.004087972417932284,1.7164121463979503
16.771081003231835,0.012265244180725832,0.004087972417932284,1.7166967465284837
16.773580525020876,0.01125720557859955,0.004087972417932284,1.716983185362871
16.77608004708724,0.001955535559808652,0.004087972417932284,1.717271294955371
16.778579569472026,0.0018554659934830742,0.004087972417932284,1.7175609065670978
16.78107909221634,0.009846965825782705,0.004087972417932284,1.7178539721402157
16.783578615361286,0.0015802386470695762,0.004087972417932284,1.7181545161045508
16.78607813894797,0.0009758859582775781,0.004087972417932284,1.7184624409028795
16.788577663017502,0.003204867563642466,0.004087972417932284,1.7187857727910805
16.791077187610984,-0.0006652390665891073,0.004087972417932284,1.71911525952594
16.793576712769518,0.0027127006051148594,0.004087972417932284,1.7194507621644797
16.79607623853422,0.004268531646919316,0.004087972417932284,1.7197921422168552
16.798575764946186,-0.008325418309807597,0.004087972417932284,1.7201392616463558
16.801075292046523,0.021576811716836453,0.004087972417932284,1.7204763206296498
16.80357481987634,0.03974550068686766,0.004087972417932284,1.7208035166068796
16.806074348476734,0.05444005902090199,0.004087972417932284,1.721132645142418
16.808573877888822,0.05166435641808231,0.004087972417932284,1.7214634854168898
16.811073408153707,0.03815178426966903,0.004087972417932284,1.721790699637646
16.813572939312486,0.02245121859996213,0.004087972417932284,1.722091035892076
16.816072471406272,0.008938868817271128,0.004087972417932284,1.7223911253378361
16.81857200447617,0.0004547588397318947,0.004087972417932284,1.7226912384666748
16.821071538563285,0.0037714032912743445,0.004087972417932284,1.7230338411178563
16.82357107370872,0.0140708754226202,0.004087972417932284,1.7233699446356279
16.826070609953586,0.01364115719015313,0.004087972417932284,1.7236963040108428
16.82857014733898,0.008936145382102856,0.004087972417932284,1.7240257562221397
16.83106968590602,0.02506219583453917,0.004087972417932284,1.7243582503558637
16.833569225695793,0.0469775884729573,0.004087972417932284,1.7246720401859237
16.836068766749424,0.07662548533428004,0.004087972417932284,1.7249551244038297
16.83856830910801,0.10623498379796725,0.004087972417932284,1.725238250027775
16.841067852812653,0.10714175431030748,0.004087972417932284,1.7255319826809503
16.84356739790446,0.07921676258326071,0.004087972417932284,1.7258360556896055
16.846066944424543,0.04803795128211363,0.004087972417932284,1.7261418708396814
16.848566492414,0.021187633393320304,0.004087972417932284,1.7264510071782593
16.851066041913942,0.007362825783041149,0.004087972417932284,1.7267510261505685
16.85356559296547,0.0040463926393765615,0.004087972417932284,1.727070290792542
16.856065145609698,0.00840549643972266,0.004087972417932284,1.7274021928803802
16.858564699887715,0.007688840264036045,0.004087972417932284,1.7277395921180714
16.861064255840645,0.008214046225314187,0.004087972417932284,1.7280825285033992
16.863563813509582,0.025449112956621,0.004087972417932284,1.728423605288182
16.86606337293563,0.053643206903126295,0.004087972417932284,1.7287626042067015
16.868562934159907,0.06308438434004415,0.004087972417932284,1.7290993051659147
16.87106249722351,0.056216297457138964,0.004087972417932284,1.729433486245445
16.87356206216754,0.053019266257772646,0.004087972417932284,1.729740919942127
16.87606162903311,0.04012769378489889,0.004087972417932284,1.7300699981240604
16.878561197861327,0.032376576084127695,0.004087972417932284,1.730410552505127
16.88106076869329,0.03469012153554396,0.004087972417932284,1.7307265738689561
16.883560341570107,0.04843733116984961,0.004087972417932284,1.7310484442561003
16.886059916532883,0.06610542480460246,0.004087972417932284,1.7313706244301736
16.888559493622722,0.08132043615876916,0.004087972417932284,1.7317187035177777
16.891059072880736,0.08571796007912402,0.004087972417932284,1.732034863997976
16.893558654348027,0.05505902824151332,0.004087972417932284,1.7324025806690537
16.896058238065695,0.04973243061422816,0.004087972417932284,1.7327743376498206
16.898557824074857,0.05408857261806532,0.004087972417932284,1.733182378785772
16.901057412416606,0.05423615531544623,0.004087972417932284,1.733584612156934
16.903557003132054,0.03981732343120448,0.004087972417932284,1.7339809459388176
16.90605659626231,0.023644033176448698,0.004087972417932284,1.7343712860036176
16.908556191848472,0.014580841512155551,0.004087972417932284,1.7347522523524146
16.911055789931652,0.010076445776628473,0.004087972417932284,1.7351297367556908
16.913555390552947,0.005707453023207298,0.004087972417932284,1.7355035454998093
16.916054993753473,0.009181465308199632,0.004087972417932284,1.735917272744051
16.91855459957433,0.012614848481277585,0.004087972417932284,1.7363195793018822
16.921054208056624,0.008347946412686547,0.004087972417932284,1.736707532839398
16.92355381924146,0.014489652942360154,0.004087972417932284,1.7370852540364263
16.92605343316994,0.02285514022383528,0.004087972417932284,1.737454809997197
16.928553049883178,0.028437249891422045,0.004087972417932284,1.7378210019955627
16.93105266942227,0.0269503659065502,0.004087972417932284,1.738199379960899
16.933552291828335,0.024859681253801558,0.004087972417932284,1.7385557059364662
16.936051917142464,0.015145841722837838,0.004087972417932284,1.7389332257936954
16.938551545405772,0.016850652601619442,0.004087972417932284,1.7393413417767705
16.941051176659357,0.014328463553407333,0.004087972417932284,1.739767172296667
16.943550810944334,0.01128034345510076,0.004087972417932284,1.7401872180874178
16.9460504483018,0.0009805519847170263,0.004087972417932284,1.7405762857087073
16.948550088772862,0.008546886423633993,0.004087972417932284,1.7409354091257918
16.95104973239863,0.008916044737740325,0.004087972417932284,1.7412935073650093
16.953549379220206,0.003140311002465257,0.004087972417932284,1.7416527022442612
16.956049029278695,0.0018400980307815562,0.004087972417932284,1.7420129466242855
16.958548682615206,0.01008174250342364,0.004087972417932284,1.742374192597668
16.96104833927084,0.0051399316794811245,0.004087972417932284,1.7427363914888399
16.963547999286707,0.0005080132342338839,0.004087972417932284,1.7430994938540716
16.966047662703907,-0.004177248887411,0.004087972417932284,1.7434634494814807
16.968547329563552,0.006049779008461931,0.004087972417932284,1.7438282073910216
16.971046999906743,0.006422740744149724,0.004087972417932284,1.7441937158344936
16.97354667377459,0.0035845854881242367,0.004087972417932284,1.7445599222955277
16.976046351208186,0.016208981568284875,0.004087972417932284,1.7449267734895988
16.978546032248655,0.03821062662576158,0.004087972417932284,1.7452942153640172
16.98104571693709,0.06485242363689525,0.004087972417932284,1.7456958828317988
16.983545405314604,0.077177727172975,0.004087972417932284,1.7461278252488313
16.98604509742229,0.07475784100397354,0.004087972417932284,1.7465362813849596
16.988544793301266,0.041120565356692174,0.004087972417932284,1.746958781489246
16.991044492992636,0.019054748866679017,0.004087972417932284,1.747349035788882
16.9935441965375,0.00693563670605557,0.004087972417932284,1.7477290130661753
16.99604390397697,0.005601633596993283,0.004087972417932284,1.7481053883121207
16.998543615352144,0.010157851669424511,0.004087972417932284,1.7484783165067752
17.001043330704135,0.027297877348128274,0.004087972417932284,1.7488479509667902
17.003543050074043,0.02483139370883647,0.004087972417932284,1.749218315794214
17.006042773502976,0.01620140063088993,0.004087972417932284,1.7495894236733476
17.008542501032036,0.010301358808547878,0.004087972417932284,1.749965159059251
17.011042232702337,0.010356307743945692,0.004087972417932284,1.750345395943418
17.013541968554975,0.006157575801273074,0.004087972417932284,1.7507300085939073
17.01604170863106,0.0005616519685518462,0.004087972417932284,1.751118871555346
17.018541452971697,-0.003789450224937596,0.004087972417932284,1.7515118596489256
17.021041201617994,0.0015303934425816568,0.004087972417932284,1.751908847972401
17.02354095461105,0.0047913445410361355,0.004087972417932284,1.7523097119001008
17.02604071199198,0.0006106200049449395,0.004087972417932284,1.7527143270829162
17.02854047380188,0.0005079054251060366,0.004087972417932284,1.7531225694483077
17.031040240081865,0.027277806400193505,0.004087972417932284,1.7535343152003058
17.033540010873025,0.05227065861049729,0.004087972417932284,1.753932410444818
17.036039786216485,0.03097726931846112,0.004087972417932284,1.7543508156144685
17.03853956615334,0.007333688493838197,0.004087972417932284,1.7547900162740198
17.04103935072469,0.007885091977318126,0.004087972417932284,1.7552217553680665
17.043539139971656,0.014166369232932574,0.004087972417932284,1.7556457258383429
17.04603893393533,0.006568595567810975,0.004087972417932284,1.7560811349407828
17.048538732656823,0.008876726926691836,0.004087972417932284,1.7565129190360793
17.051038536177238,0.007567302313860935,0.004087972417932284,1.7569409104080689
17.053538344537685,0.004651731770364043,0.004087972417932284,1.7573512440190022
17.056038157779266,0.007510561774467961,0.004087972417932284,1.757750002527511
17.05853797594309,0.001099015816173221,0.004087972417932284,1.7581730798822135
17.061037799070256,0.00042089167991776755,0.004087972417932284,1.758631796147869
17.063537627201875,0.00445292242792239,0.004087972417932284,1.7590999472021163
17.066037460379047,0.006761696777459747,0.004087972417932284,1.7595516575137893
17.068537298642887,0.004019797310805817,0.004087972417932284,1.7600125192851293
17.07103714203449,-0.0010945167808915635,0.004087972417932284,1.7604771013566596
17.073536990594974,0.003881606678447058,0.004087972417932284,1.760940598612854
17.07603684436543,0.006829503648055457,0.004087972417932284,1.7614111673900308
17.078536703386973,0.010648493368286216,0.004087972417932284,1.7618668035567124
17.081036567700707,0.015346130310132322,0.004087972417932284,1.7623025612160597
17.083536437347735,0.02471460859042396,0.004087972417932284,1.762755704962525
17.086036312369163,0.029062645208031146,0.004087972417932284,1.7631895113182607
17.0885361928061,0.025511490821331195,0.004087972417932284,1.763622122532193
17.09103607869965,0.010908938860145767,0.004087972417932284,1.7640533755597816
17.093535970090908,0.01662112994520437,0.004087972417932284,1.76448310667265
17.096035867020998,0.03901221797117338,0.004087972417932284,1.7649052927489945
17.098535769531015,0.07667195594256615,0.004087972417932284,1.7653304568867256
17.10103567766207,0.10027159083347281,0.004087972417932284,1.7657586066416673
17.103535591455255,0.10645255772801931,0.004087972417932284,1.7661810195072492
17.106035510951692,0.06998675540604271,0.004087972417932284,1.7666093487697545
17.108535436192476,0.03680207561110427,0.004087972417932284,1.7670549883634887
17.11103536721872,0.028854111596669174,0.004087972417932284,1.767496018453159
17.113535304071526,0.042192108265213024,0.004087972417932284,1.767950873760033
17.116035246791995,0.07195875549298747,0.004087972417932284,1.7684144789794776
17.11853519542124,0.07702170947333165,0.004087972417932284,1.768865912838577
17.12103515000036,0.0427227250902531,0.004087972417932284,1.7693135451669673
17.12353511057047,0.0039060121958034433,0.004087972417932284,1.7697573973495104
17.12603507717266,0.007749045857522896,0.004087972417932284,1.7701974896920238
17.128535049848054,0.007006680405759136,0.004087972417932284,1.7706522759777075
17.13103502863774,0.00721740739132537,0.004087972417932284,1.771071102475803
17.13353501358284,0.0024257545530668168,0.004087972417932284,1.7714843310308064
17.136035004724445,0.026206423686395253,0.004087972417932284,1.7719000193538073
17.13853500210367,0.038732993515120384,0.004087972417932284,1.7723205359954142
17.141035005761616,0.04443506953924681,0.004087972417932284,1.7727264505607707
17.14353501573939,0.03007335687398438,0.004087972417932284,1.773115739477656
17.146035032078096,0.015625624961798534,0.004087972417932284,1.7735174932551252
17.148535054818844,0.009333962860475609,0.004087972417932284,1.7738994525713703
17.151035084002736,0.003763792673362465,0.004087972417932284,1.7742997163285996
17.153535119670874,-0.003587544947012189,0.004087972417932284,1.7747091457096569
17.15603516186437,-0.004514621997163237,0.004087972417932284,1.7750522389722245
17.15853521062433,-0.0001422036688762951,0.004087972417932284,1.7754071523775983
17.16103526599185,0.006265900338741526,0.004087972417932284,1.775774293202685
17.16353532800805,-0.0012613453351459913,0.004087972417932284,1.776182895546347
17.16603539671402,-0.002326005460632663,0.004087972417932284,1.776546087360814
17.168535472150875,0.002625881160178034,0.004087972417932284,1.776924326004846
17.17103555435972,0.0025220145411262163,0.004087972417932284,1.7772926370759494
17.17353564338166,0.0023249682933406124,0.004087972417932284,1.777674615114792
17.176035739257795,-0.0029565101840614005,0.004087972417932284,1.7780434431951133
17.178535842029238,-0.0014384986842075342,0.004087972417932284,1.7784233773098914
17.181035951737094,0.0007395371385261473,0.004087972417932284,1.7788232433567948
17.183536068422463,0.007205307424490437,0.004087972417932284,1.7792429957441545
17.18603619212645,0.00022368416323792495,0.004087972417932284,1.7796825934308718
17.18853632289017,0.004141495251396732,0.004087972417932284,1.7801316934859732
17.19103646075472,0.01050972323302135,0.004087972417932284,1.780589906101999
17.19353660576121,0.022025099582664742,0.004087972417932284,1.7810568435279424
17.196036757950743,0.011822179374570752,0.004087972417932284,1.7814892713822794
17.19853691736442,0.008451860258087196,0.004087972417932284,1.7819202188869891
17.201037084043364,0.008716961400704548,0.004087972417932284,1.782349682150125
17.20353725802866,0.019673095736205237,0.004087972417932284,1.782760008003968
17.20603743936142,0.028554110327760673,0.004087972417932284,1.7831657630849942
17.208537628082755,0.032670911075069364,0.004087972417932284,1.7835713477334063
17.211037824233767,0.029293794675076867,0.004087972417932284,1.7839805801635755
17.213538027855556,0.04202863142943669,0.004087972417932284,1.7843935610931083
17.21603823898924,0.051989897334449475,0.004087972417932284,1.7848038240480173
17.218538457675912,0.07370611862321774,0.004087972417932284,1.785217923733648
17.221038683956685,0.0965084718817133,0.004087972417932284,1.7856349894925378
17.223538917872663,0.11553904645729363,0.004087972417932284,1.7860703366306827
17.226039159464946,0.12409474139302579,0.004087972417932284,1.7865234956345115
17.22853940877465,0.12446918911534599,0.004087972417932284,1.7870085056856273
17.231039665842875,0.09815454660315615,0.004087972417932284,1.787446406316207
17.233539930710723,0.07233261805547708,0.004087972417932284,1.7878492875029965
17.236040203419304,0.04987655043364625,0.004087972417932284,1.7882534264709666
17.23854048400972,0.02812149115626905,0.004087972417932284,1.7886589980014571
17.241040772523085,0.00831764392820622,0.004087972417932284,1.78907348566452
17.243541069000493,0.0034236295550336138,0.004087972417932284,1.789496803900226
17.24604137348306,0.00462978928976665,0.004087972417932284,1.7899262904576654
17.24854168601188,0.0036523191707105163,0.004087972417932284,1.7903617727404744
17.25104200662807,0.005116159459130021,0.004087972417932284,1.790803078767026
17.253542335372728,0.0004622991547422739,0.004087972417932284,1.7912437733179163
17.256042672286963,0.013629651110453223,0.004087972417932284,1.7916839077283602
17.25854301741188,0.010280919727939875,0.004087972417932284,1.792123532379688
17.261043370788585,0.0018981120656498263,0.004087972417932284,1.7925626966993387
17.26354373245818,-0.003187592594400046,0.004087972417932284,1.7930014491608643
17.266044102461773,0.004124464247050819,0.004087972417932284,1.7934427317872679
17.268544480840472,0.002962178644421165,0.004087972417932284,1.7938864885187789
17.27104486763538,0.0005959980013288124,0.004087972417932284,1.7943101671659016
17.2735452628876,-0.00027198874977818477,0.004087972417932284,1.794755152195678
17.27604566663824,9.269193770711226e-05,0.004087972417932284,1.7952011272011537
17.278546078928407,0.0006713139489014086,0.004087972417932284,1.7956479924181414
17.281046499799206,0.002283385093547974,0.004087972417932284,1.7960938894961962
17.28354692929174,0.0009587244306135112,0.004087972417932284,1.7965458929835743
17.286047367447118,-0.00391365681340794,0.004087972417932284,1.7970197807414694
17.288547814306444,-0.0026915012389350235,0.004087972417932284,1.7974858711345414
17.291048269910824,0.003263419603892981,0.004087972417932284,1.7979441934676148
17.293548734301364,0.0103008284159114,0.004087972417932284,1.7983947747814446
17.296049207519165,-0.004143064009400899,0.004087972417932284,1.7988800085980339
17.298549689605334,-0.0031870951419465943,0.004087972417932284,1.7993359315722617
17.301050180600978,0.008081980412264711,0.004087972417932284,1.7997706915016787
17.303550680547207,0.014235228217010398,0.004087972417932284,1.8002061303145216
17.30605118948512,0.015505688463107736,0.004087972417932284,1.8006496109414727
17.308551707455823,0.02230027445975047,0.004087972417932284,1.8011187261938497
17.311052234500426,0.027019439371842147,0.004087972417932284,1.80159980866134
17.313552770660035,0.018647946954175376,0.004087972417932284,1.8020467491195291
17.316053315975747,0.01085238381424336,0.004087972417932284,1.8024992988711868
17.318553870488675,0.02538188457463364,0.004087972417932284,1.8029578685186936
17.321054434239922,0.05894082021519376,0.004087972417932284,1.8033892307464785
17.323555007270595,0.07339260072033582,0.004087972417932284,1.803803973193672
17.326055589621795,0.06203247906755305,0.004087972417932284,1.8042807885333931
17.328556181334633,0.021343144842502326,0.004087972417932284,1.8047684862705509
17.331056782450215,0.012246096319840305,0.004087972417932284,1.805249638917755
17.33355739300964,0.009618602566133116,0.004087972417932284,1.8056958054369052
17.33605801305402,0.0031618215587378984,0.004087972417932284,1.8061497588640734
17.33855864262446,-0.0027670664920211863,0.004087972417932284,1.8065979912201011
17.34105928176206,0.0014834675384636231,0.004087972417932284,1.8070407870759757
17.343559930507933,0.0030730378240646505,0.004087972417932284,1.8074784290009345
17.34606058890317,0.007188596340775177,0.004087972417932284,1.807911197562471
17.348561256988898,0.007669452838155566,0.004087972417932284,1.808348154638286
17.35106193480621,0.02435873168033642,0.004087972417932284,1.8087892653820306
17.35356262239621,0.054506795954104126,0.004087972417932284,1.80922686393955
17.356063319800008,0.09151844601928305,0.004087972417932284,1.8096679115561038
17.35856402705871,0.10671509975693327,0.004087972417932284,1.810112514776478
17.361064744213415,0.0656924477796128,0.004087972417932284,1.8105607802348456
17.363565471305236,0.013591440137024957,0.004087972417932284,1.811017355705001
17.366066208375276,0.023492981775995014,0.004087972417932284,1.8114821869984397
17.36856695546464,0.033653604281376426,0.004087972417932284,1.8119552211531134
17.371067712614433,0.05691873541378256,0.004087972417932284,1.8124230099364367
17.37356847986576,0.06913067289748698,0.004087972417932284,1.8128661969337032
17.376069257259733,0.0672424726169556,0.004087972417932284,1.813290299806471
17.378570044837446,0.03656407480354118,0.004087972417932284,1.8137461928050673
17.381070842640014,0.017481715357465122,0.004087972417932284,1.8142237171435847
17.38357165070854,0.01629891980797482,0.004087972417932284,1.8146835077918868
17.386072469084127,0.021616157357849497,0.004087972417932284,1.8151465218143155
17.388573297807884,0.02073806713320403,0.004087972417932284,1.8156223450642024
17.391074136920913,0.015309449082506754,0.004087972417932284,1.8161231503834268
17.39357498646432,0.0042038738332714765,0.004087972417932284,1.8166206277926495
17.396075846479214,0.007611338782763877,0.004087972417932284,1.8171123878709905
17.398576717006698,0.032157504736641584,0.004087972417932284,1.817634146868928
17.401077598087877,0.054435532135409526,0.004087972417932284,1.8181480873693414
17.40357848976386,0.0749103794198327,0.004087972417932284,1.81863348983515
17.40607939207575,0.07624470034379183,0.004087972417932284,1.8191227016165221
17.408580305064646,0.048345170665438086,0.004087972417932284,1.8196066450488677
17.411081228771668,0.018638159040780478,0.004087972417932284,1.8200851211791653
17.41358216323791,0.002704240663100599,0.004087972417932284,1.8205548362951895
17.41608310850448,-0.002409794820304567,0.004087972417932284,1.8210154802239522
17.418584064612485,-0.002576221496683573,0.004087972417932284,1.8214728784701615
17.42108503160303,0.0008988956551312377,0.004087972417932284,1.8219522075055248
17.423586009517223,0.005253538731681662,0.004087972417932284,1.822431421909536
17.426086998396165,-0.0017755928849176872,0.004087972417932284,1.8229105084983086
17.428587998280967,-0.0022274685857976984,0.004087972417932284,1.8233632648644995
17.431089009212723,-0.0031570620420093842,0.004087972417932284,1.8238428073869164
17.43359003123255,0.007847235675795927,0.004087972417932284,1.8243660352307707
17.436091064381554,0.0033567531698692754,0.004087972417932284,1.824908304027897
17.43859210870083,-0.0005043043710484252,0.004087972417932284,1.8254499687147006
17.4410931642315,0.002579919096967309,0.004087972417932284,1.8259911554077635
17.44359423101465,0.013609198179900028,0.004087972417932284,1.826531989400285
17.4460953090914,0.021236390987802833,0.004087972417932284,1.8270725951620799
17.448596398502854,0.02048249532474755,0.004087972417932284,1.8276130963395727
17.451097499290107,0.03287945009855586,0.004087972417932284,1.8281504592656697
17.453598611494275,0.04674447955612071,0.004087972417932284,1.8286846963326586
17.45609973515646,0.0442877506005146,0.004087972417932284,1.829215818345369
17.458600870317767,0.015385851555969055,0.004087972417932284,1.8297438345211605
17.461102017019304,-5.806436387212344e-05,0.004087972417932284,1.8302924858219645
17.463603175302172,-0.002473444744376385,0.004087972417932284,1.8308440040372946
17.46610434520748,0.011177652071254318,0.004087972417932284,1.8314140994758334
17.468605526776336,0.0010383588953850609,0.004087972417932284,1.831988745752479
17.47110672004984,-0.004939355130385348,0.004087972417932284,1.832539269748241
17.473607925069096,-0.0030694583144643683,0.004087972417932284,1.8330844569386449
17.476109141875217,0.003274757105803383,0.004087972417932284,1.833624342578396
17.47861037050931,0.0042907007510895045,0.004087972417932284,1.8341589601500974
17.481111611012466,-0.0021034607737830946,0.004087972417932284,1.8346883413642463
17.483612863425805,-0.005344978963200742,0.004087972417932284,1.8352218270639096
17.48611412779043,-0.0003930504913827182,0.004087972417932284,1.835759176045653
17.48861540414744,0.0025088442588363513,0.004087972417932284,1.8363001476579064
17.491116692537943,-0.0020073436881777873,0.004087972417932284,1.8368445018009747
17.49361799300305,-0.0033381655150115375,0.004087972417932284,1.8373898016916002
17.496119305583857,0.010998732673750178,0.004087972417932284,1.8379289192424308
17.49862063032148,0.03825810630267967,0.004087972417932284,1.8384608864820118
17.501121967257017,0.06956414524106869,0.004087972417932284,1.8389908180171912
17.503623316431575,0.08741815454624069,0.004087972417932284,1.8395209292184196
17.506124677886266,0.08340650900158719,0.004087972417932284,1.8400646287389852
17.508626051662187,0.04507064984156672,0.004087972417932284,1.8405825296118263
17.511127437800443,0.016764387354773147,0.004087972417932284,1.8410879057910923
17.513628836342146,0.006856785537819654,0.004087972417932284,1.841593832786554
17.516130247328398,-6.694788826822062e-05,0.004087972417932284,1.8421263091564914
17.518631670800307,-0.005851644152319979,0.004087972417932284,1.8426469103043863
17.521133106798974,0.005056060752510305,0.004087972417932284,1.8431558072299503
17.52363455536551,0.004748077121939032,0.004087972417932284,1.8436657120057702
17.526136016541013,0.005531860927982413,0.004087972417932284,1.844201210457598
17.528637490366595,0.0017299602781992718,0.004087972417932284,1.844744728842402
17.531138976883366,0.013045964625703954,0.004087972417932284,1.8452777425667226
17.53364047613242,0.01817857706497117,0.004087972417932284,1.8457796919339522
17.536141988154867,0.014277017285571736,0.004087972417932284,1.846304771716166
17.53864351299181,0.006626894200562061,0.004087972417932284,1.8468441714717685
17.541145050684364,0.007803425526057506,0.004087972417932284,1.847359389987667
17.543646601273625,0.009206026787087485,0.004087972417932284,1.8478639926436022
17.5461481648007,0.005999540605474696,0.004087972417932284,1.8483953014387149
17.5486497413067,-0.007748495054817894,0.004087972417932284,1.8489630071661158
17.551151330832727,-0.001505325096878396,0.004087972417932284,1.8495456851255003
17.553652933419887,0.004123707541804134,0.004087972417932284,1.8501099224355877
17.55615454910928,-0.0013030109959617509,0.004087972417932284,1.850660677268234
17.55865617794202,0.002222393357313779,0.004087972417932284,1.8512066175243904
17.561157819959206,0.011011848861366191,0.004087972417932284,1.851692928868699
17.56365947520195,0.02589272700448375,0.004087972417932284,1.852184360978521
17.56616114371135,0.04099765792046428,0.004087972417932284,1.8526808538037107
17.56866282552852,0.030077066135532293,0.004087972417932284,1.8531823473118485
17.57116452069456,0.013429367828689198,0.004087972417932284,1.8536887814882375
17.57366622925057,0.007476708410708355,0.004087972417932284,1.8542000963359087
17.576167951237668,0.00336743328500555,0.004087972417932284,1.854718901379435
17.578669686696955,0.0067679136860481215,0.004087972417932284,1.855245042014627
17.58117143566953,-0.0024934058016359284,0.004087972417932284,1.855778364323333
17.583673198196507,-0.008239219819474508,0.004087972417932284,1.8563187150734417
17.586174974318986,0.0010894942797021745,0.004087972417932284,1.8568643128005233
17.588676764078073,0.00842285053712799,0.004087972417932284,1.8574149490798453
17.59117856751488,0.012876704942057948,0.004087972417932284,1.8579704157783712
17.593680384670506,0.012195818588608187,0.004087972417932284,1.8585305050547807
17.596182215586055,0.01853800239688419,0.004087972417932284,1.8590901225737837
17.598684060302638,0.018847882502837976,0.004087972417932284,1.859648891381933
17.601185918861358,0.013685524639677205,0.004087972417932284,1.8602064336344337
17.60368779130332,0.011925587436402374,0.004087972417932284,1.8607747041611773
17.60618967766963,0.005431280632984814,0.004087972417932284,1.861345673060904
17.608691578001395,0.012991314579060997,0.004087972417932284,1.8619265208312947
17.611193492339716,0.02065715591974926,0.004087972417932284,1.8624793198090301
17.6136954207257,0.03023051522219289,0.004087972417932284,1.8630460623571385
17.61619736320046,0.02422143258819265,0.004087972417932284,1.8636207800244091
17.618699319805096,0.02079964166036463,0.004087972417932284,1.8641909438732804
17.621201290580707,0.011445321104037287,0.004087972417932284,1.8647699908677753
17.62370327556841,0.013893011948596712,0.004087972417932284,1.8653519473363454
17.626205274809305,0.013998200913039938,0.004087972417932284,1.8659579204186805
17.628707288344494,0.014378022965051862,0.004087972417932284,1.8665533687618958
17.631209316215088,0.018814024891341763,0.004087972417932284,1.8671381692509368
17.633711358462193,0.023333251106879116,0.004087972417932284,1.8677189457465757
17.63621341512691,0.014474579818566813,0.004087972417932284,1.8682944521820453
17.638715486250348,0.0042967758783099,0.004087972417932284,1.8688439078021748
17.64121757187361,-0.00039593931395209836,0.004087972417932284,1.8693871838398914
17.643719672037804,0.007946377793475845,0.004087972417932284,1.869897831434407
17.646221786784036,0.007662864008162851,0.004087972417932284,1.8704148054742349
17.648723916153408,0.002247661497531528,0.004087972417932284,1.8709378039029354
17.651226060187025,-0.005076277104773208,0.004087972417932284,1.8714670392854211
17.653728218926,-0.0003124733071424579,0.004087972417932284,1.8719908840622397
17.656230392411427,0.0030333876447994346,0.004087972417932284,1.872501046056752
17.658732580684422,0.006084357821205755,0.004087972417932284,1.8730783274230522
17.661234783786085,0.001304887587552983,0.004087972417932284,1.8736779446513214
17.66373700175752,-0.0029717859573763494,0.004087972417932284,1.874272426293996
17.666239234639846,-0.004723668983499962,0.004087972417932284,1.8748600239678876
17.66874148247415,0.0061317209783557924,0.004087972417932284,1.8754640499394983
17.67124374530155,0.005335604734233224,0.004087972417932284,1.8760538817623875
17.67374602316314,0.007352641525445458,0.004087972417932284,1.8766530274910054
17.67624831610004,0.01732998295802468,0.004087972417932284,1.8772503168046089
17.67875062415334,0.036792579892455324,0.004087972417932284,1.877845920649772
17.68125294736416,0.028037190725157313,0.004087972417932284,1.8784325258406158
17.6837552857736,0.010167613372036532,0.004087972417932284,1.8790620601013472
17.68625763942276,-0.004976499390995537,0.004087972417932284,1.8796671147031212
17.688760008352748,0.0031386290079200574,0.004087972417932284,1.8802605337756841
17.691262392604678,0.0033210370163994085,0.004087972417932284,1.8808596510717268
17.693764792219646,0.01614272481338519,0.004087972417932284,1.8814295006263415
17.696267207238762,0.017640126873499584,0.004087972417932284,1.8819560500483083
17.69876963770313,0.021792070513702466,0.004087972417932284,1.8824931485084326
17.701272083653855,0.020737248307665768,0.007652956107423631,1.8830395688354575
17.703774545132042,0.023961431259707178,0.007652956107423631,1.8836091382924542
17.7062770221788,0.012078139461567439,0.007652956107423631,1.8841832053869672
17.708779514835232,0.00841489742712831,0.007652956107423631,1.884764646918514
17.711282023142438,0.020799645563646996,0.007652956107423631,1.8853536820174177
17.71378454714154,0.04624607339421005,0.007652956107423631,1.885950530440918
17.716287086873624,0.06726317427195161,0.007652956107423631,1.8865625173136173
17.718789642379807,0.07123995566906416,0.007652956107423631,1.887189330302043
17.721292213701194,0.050442795781278305,0.007652956107423631,1.887810010100016
17.723794800878885,0.023914421849951184,0.007652956107423631,1.8884246998467442
17.72629740395399,0.018624232617378444,0.007652956107423631,1.8890600032253064
17.728800022967615,0.02349616934007992,0.007652956107423631,1.8897151197995659
17.73130265796086,0.034486906293601294,0.007652956107423631,1.890353232589753
17.733805308974837,0.04234325798651861,0.007652956107423631,1.8909748260177863
17.73630797605065,0.03836301240258955,0.007652956107423631,1.8915803794162427
17.738810659229404,0.023219805371115898,0.007652956107423631,1.8921990003611273
17.7413133585522,0.010015816624290741,0.007652956107423631,1.8928301428864298
17.743816074060152,0.000456921018082701,0.007652956107423631,1.8934732631025988
17.746318805794356,-0.0026272195561909406,0.007652956107423631,1.8941054059821651
17.748821553795924,-0.0002715841878040415,0.007652956107423631,1.8947268263925898
17.75132431810596,0.0011918607244638668,0.007652956107423631,1.8953377756684837
17.753827098765573,-0.004180091019985843,0.007652956107423631,1.8959414006716382
17.75632989581586,-0.002408792519003722,0.007652956107423631,1.896535167649151
17.758832709297938,0.0034412440198148264,0.007652956107423631,1.8971317105478818
17.7613355392529,0.012482368547895861,0.007652956107423631,1.8977310378254275
17.763838385721858,0.023252007030999167,0.007652956107423631,1.8983331574386213
17.76634124874592,0.04390924089098691,0.007652956107423631,1.898938076843515
17.768844128366187,0.054804980473194265,0.007652956107423631,1.8995532093469105
17.77134702462377,0.05752797789918618,0.007652956107423631,1.9001865596859793
17.773849937559763,0.04936658382084169,0.007652956107423631,1.9007958877523539
17.776352867215284,0.045542827097628136,0.007652956107423631,1.9014066639269724
17.77885581363143,0.03868912375379985,0.007652956107423631,1.9020329094614792
17.781358776849316,0.029728660575504717,0.007652956107423631,1.9026291855260653
17.78386175691004,0.013611141005043237,0.007652956107423631,1.9032251741765593
17.786364753854706,0.004309065432418491,0.007652956107423631,1.9038250466364302
17.788867767724426,-0.0007828155433562412,0.007652956107423631,1.904426116867849
17.7913707985603,-0.0003182871520506225,0.007652956107423631,1.9050507388323998
17.793873846403436,0.006364237248686733,0.007652956107423631,1.9056993461998157
17.79637691129494,0.016769941073694117,0.007652956107423631,1.9063343004712707
17.798879993275914,0.02550858315410287,0.007652956107423631,1.9069743596729436
17.801383092387468,0.03860664842280692,0.007652956107423631,1.9076022508264185
17.80388620867071,0.04889585974711985,0.007652956107423631,1.9082213483572588
17.80638934216674,0.05446878135825206,0.007652956107423631,1.90885091482438
17.80889249291666,0.042306004707875156,0.007652956107423631,1.9094827888657249
17.81139566096158,0.02301952625889725,0.007652956107423631,1.9101168585725827
17.81389884634261,0.004112894603619299,0.007652956107423631,1.9107530116193385
17.81640204910085,1.1463385845011942e-05,0.007652956107423631,1.911391135263454
17.81890526927741,-0.000822584235599999,0.007652956107423631,1.9120361283656586
17.82140850691339,-0.0047346099498366545,0.007652956107423631,1.9126766028729705
17.823911762049892,-0.006103260052978232,0.007652956107423631,1.9133320676375418
17.826415034728036,-0.0019842091150090724,0.007652956107423631,1.9139819355223102
17.828918324988916,0.006586784067611484,0.007652956107423631,1.9146256708353477
17.83142163287364,0.03141051652667315,0.007652956107423631,1.9152839705905753
17.833924958423314,0.04962402703157265,0.007652956107423631,1.9159486850883498
17.836428301679046,0.06501580462480328,0.007652956107423631,1.9166197252864507
17.838931662681933,0.056697702286053975,0.007652956107423631,1.9172970032536711
17.84143504147309,0.029898962450630284,0.007652956107423631,1.9179613392858688
17.843938438093623,0.007114044205175585,0.007652956107423631,1.918655890697961
17.84644185258463,0.0027958963358620803,0.007652956107423631,1.9193506118308492
17.84894528498722,-0.004795590481969203,0.007652956107423631,1.9200452120485059
17.8514487353425,-0.004534099055778729,0.007652956107423631,1.92073660962506
17.85395220369157,-0.00411594331400944,0.007652956107423631,1.9214442671815202
17.856455690075542,-0.00471179832064017,0.007652956107423631,1.9221684848248501
17.85895919453552,-0.005783100249780571,0.007652956107423631,1.9228955804552763
17.86146271711261,-0.009510980021571136,0.007652956107423631,1.9236253760626993
17.863966257847913,-0.005780344851782582,0.007652956107423631,1.9243576940384013
17.866469816782537,0.005642313167689705,0.007652956107423631,1.9250923571750584
17.86897339395759,-0.0032393221508708603,0.007652956107423631,1.925829188666736
17.871476989414173,-0.006890991744022301,0.007652956107423631,1.9265680121088928
17.8739806031934,-0.0025297842991229835,0.007652956107423631,1.9273086514983861
17.876484235336367,-0.00017897546330036818,0.007652956107423631,1.9280210782871394
17.878987885884186,-0.005708012078343705,0.007652956107423631,1.9287934249632763
17.881491554877957,-0.005928558199987721,0.007652956107423631,1.9295675076930903
17.883995242358786,-0.007831001161084927,0.007652956107423631,1.9303491239858526
17.886498948367784,-0.00628309675241856,0.007652956107423631,1.931113776024417
17.889002672946056,-0.005995345370686911,0.007652956107423631,1.9318874557075199
17.8915064161347,-0.009317808147515372,0.007652956107423631,1.932670261327386
17.894010177974828,-0.010284002571474327,0.007652956107423631,1.933445106618335
17.896513958507544,-0.006239647513409663,0.007652956107423631,1.9342114975569997
17.899017757773958,-0.0046686770234365405,0.007652956107423631,1.934968938226699
17.901521575815163,-0.005908592937339474,0.007652956107423631,1.9357169308173998
17.904025412672276,-0.006363182720950489,0.007652956107423631,1.9364549756257299
17.906529268386397,-0.008370199873921624,0.007652956107423631,1.937182571054941
17.909033142998638,-0.006084932335063353,0.007652956107423631,1.937943592497081
17.911537036550097,0.0005937743330677314,0.007652956107423631,1.9387060431344905
17.914040949081883,-0.0033544341667259836,0.007652956107423631,1.9394698204640806
17.9165448806351,0.00834452004452757,0.007652956107423631,1.940253101685025
17.91904883125085,0.023018913930217932,0.007652956107423631,1.941041976582494
17.921552800970254,0.04233953306265881,0.007652956107423631,1.941832050543738
17.9240567898344,0.03365181390972527,0.007652956107423631,1.9426232090839477
17.9265607978844,0.037298427793247324,0.007652956107423631,1.9434153384279473
17.92906482516136,0.06648212163394684,0.007652956107423631,1.944208325510204
17.931568871706382,0.126243720081888,0.007652956107423631,1.9450020579748237
17.93407293756058,0.14140142934105882,0.007652956107423631,1.9457964241755716
17.936577022765054,0.10494569681000732,0.007652956107423631,1.946575524272789
17.939081127360904,0.0728813621551585,0.007652956107423631,1.9473386997284696
17.941585251389245,0.048146665498571606,0.007652956107423631,1.9480702662080707
17.94408939489118,0.05210271649003784,0.007652956107423631,1.9488498068799769
17.94659355790781,0.05011995164195415,0.007652956107423631,1.9496682727351158
17.949097740480244,0.0345542393212217,0.007652956107423631,1.9504908160308705
17.95160194264959,0.017771151615386893,0.007652956107423631,1.9513174475588688
17.95410616445695,0.00218985493675361,0.007652956107423631,1.952140609184028
17.956610405943426,-0.003925780768312848,0.007652956107423631,1.9529600517618355
17.959114667150132,-0.004715609215348859,0.007652956107423631,1.9537755257979839
17.961618948118165,-0.006183278040901685,0.007652956107423631,1.9545867814483682
17.96412324888864,-0.006581922933687645,0.007652956107423631,1.9553935685190775
17.966627569502656,-0.005940818990910479,0.007652956107423631,1.9562021240111154
17.969131910001316,-0.008245233624753823,0.007652956107423631,1.9570124223292455
17.971636270425737,-0.009456945068210487,0.007652956107423631,1.9578244390995643
17.97414065081701,-0.013985846827623716,0.007652956107423631,1.958638151169502
17.97664505121625,-0.007080558056839603,0.007652956107423631,1.9594535366078352
17.97914947166456,0.009575245115636788,0.007652956107423631,1.9602675768339997
17.984841768733506,-0.014454702536755848,0.007652956107423631,1.9611061981633622
17.990835560997386,-0.015197090721170703,0.007652956107423631,1.9619458216783752
17.99682941377564,-0.006733919558071788,0.007652956107423631,1.962783867573191
18.002823326867194,-0.013689751013918006,0.007652956107423631,1.96362021385036
18.008817300070977,-0.012422936680871688,0.007652956107423631,1.9644547390072609
18.01481133318592,-0.0075114770175419565,0.007652956107423631,1.9652873220360978
18.020805426010952,0.010024785436749672,0.007652956107423631,1.9661103475968715
18.026799578345003,0.035671591899703925,0.007652956107423631,1.966906659729221
18.032793789986993,0.03497964615047744,0.007652956107423631,1.9677050076054066
18.038788060735865,-0.00237928205778859,0.007652956107423631,1.9685054535253164
18.044782390390534,0.0024207943061784754,0.007652956107423631,1.9693080616018122
18.050776778749935,-0.007888150265464189,0.007652956107423631,1.9700690159597174
18.056771225612998,-0.004454678828734959,0.007652956107423631,1.970851575467141
18.062765730778654,-0.011429036900426182,0.007652956107423631,1.971648854385378
18.06876029404582,0.014539119482268603,0.007652956107423631,1.9724392449260262
18.07475491521344,0.009659468337924526,0.007652956107423631,1.9732225065122644
18.08074959408043,0.0048486849425402045,0.007652956107423631,1.973980153091781
18.08674433044573,-0.009154881095837064,0.007652956107423631,1.974724796145356
18.092739124108256,-0.006086446245278765,0.007652956107423631,1.9754923970815124
18.09873397486695,-0.007445570524159395,0.007652956107423631,1.9762574592988897
18.10472888252073,-0.003108083110542559,0.007652956107423631,1.977020084710949
18.11072384686853,-0.005926230946350142,0.007652956107423631,1.9777853881110554
18.11671886770928,-0.0037114987644131237,0.007652956107423631,1.978541256395743
18.12271394484191,-0.011444168678899524,0.007652956107423631,1.979287199565489
18.128709078065338,-0.0064015167361859415,0.007652956107423631,1.980022726859943
18.134704267178506,-0.0036391421306867233,0.007652956107423631,1.9807395744492253
18.140699511980333,0.0028506482268739752,0.007652956107423631,1.981509125569221
18.146694812269754,-0.0047338620247825425,0.007652956107423631,1.9822928347315194
18.152690167845698,0.02573092255284193,0.007652956107423631,1.983096669934894
18.158685578507086,0.05066412691161881,0.007652956107423631,1.9839026746212016
18.164681044052855,0.03477416139699385,0.007652956107423631,1.9847110827712047
18.170676564281933,0.042621280224576896,0.007652956107423631,1.9855221308171305
18.176672138993244,0.07368013544975272,0.007652956107423631,1.9863269606646012
18.182667767985723,0.04928760781623254,0.007652956107423631,1.9871254977249495
18.188663451058293,0.012288132906760563,0.007652956107423631,1.9879176676577583
18.194659188009883,0.0009966910112517713,0.007652956107423631,1.988734763920949
18.200654978639427,0.004671816345200863,0.007652956107423631,1.9895553225482852
18.206650822745846,-0.0030401174071876813,0.007652956107423631,1.9903735499223059
18.212646720128078,0.00027667899066985413,0.007652956107423631,1.9911846486471483
18.218642670585048,-0.0006005515299696285,0.007652956107423631,1.9919707404928495
18.22463867391568,0.012622343122062674,0.007652956107423631,1.992740713216664
18.230634729918908,-0.008333062686823434,0.007652956107423631,1.993505704189621
18.23663083839366,0.006171536884707729,0.007652956107423631,1.9942653822685232
18.24262699913886,0.0034228434583083445,0.007652956107423631,1.9950194172551303
18.248623211953444,0.036692662495969364,0.007652956107423631,1.9957674798961553
18.25461947663634,0.030336053974584054,0.007652956107423631,1.996521431558922
18.260615792986467,0.012829388701454558,0.007652956107423631,1.9972776338479936
18.26661216080277,-0.006274289708499081,0.007652956107423631,1.9980354331472348
18.272608579884164,0.00776885737927735,0.007652956107423631,1.9987941791212966
18.278605050029583,0.008551183789369698,0.007652956107423631,1.9995408121299092
18.284601571037957,0.009054660469015818,0.007652956107423631,2.0002809231945866
18.290598142708212,0.0014056758479834564,0.007652956107423631,2.001010407704524
18.296594764839277,0.013803383752994058,0.007652956107423631,2.0016931790366126
18.30259143723008,0.022179258998307638,0.007652956107423631,2.0023967849788624
18.30858815967956,0.01980998373816467,0.007652956107423631,2.0031528285411597
18.31458493198663,0.006437890965426352,0.007652956107423631,2.0039300383313954
18.32058175395023,0.010186748269141344,0.007652956107423631,2.00468850548958
18.32657862536928,0.002384173542710144,0.007652956107423631,2.0054277867835966
18.332575546042715,-0.0012837030178802777,0.007652956107423631,2.0061704992226685
18.338572515769464,0.013388705219647079,0.007652956107423631,2.006916023833719
18.34456953434845,-0.0017956261872762447,0.007652956107423631,2.0076473142926123
18.35056660157861,-0.0009659002845698872,0.007652956107423631,2.00836383675219
18.35656371725887,0.0038199452154286107,0.007652956107423631,2.009076481713661
18.362560881188156,0.01688407803116121,0.007652956107423631,2.0097858698929216
18.368558093165394,0.034608760006684225,0.007652956107423631,2.010492374495505
18.37455535298952,0.05354784499079379,0.007652956107423631,2.0111964896864944
18.380552660459458,0.02126607277805359,0.007652956107423631,2.011874507090215
18.38655001537414,0.013365554871243912,0.007652956107423631,2.0125545288750204
18.392547417532494,-0.0010916265343730025,0.007652956107423631,2.0132487159763985
18.398544866733445,0.013516623983566234,0.007652956107423631,2.013958172671196
18.404542362775928,0.0040323807620366026,0.007652956107423631,2.0146697639772024
18.41053990545887,0.0060167807818078956,0.007652956107423631,2.0153820952947776
18.416537494581195,0.004316233360938337,0.007652956107423631,2.0161101090268345
18.42253512994183,0.0217291998602116,0.007652956107423631,2.0168664569576062
18.428532811339714,0.020311356600322572,0.007652956107423631,2.017600788845589
18.43453053857377,0.02421701979300117,0.007652956107423631,2.0183562618783824
18.44052831144293,0.0034191449352785064,0.007652956107423631,2.019128791239098
18.44652612974612,0.009822608381600872,0.007652956107423631,2.0198540952619886
18.452523993282263,0.0010743929455587775,0.007652956107423631,2.0205960203947324
18.458521901850297,0.016070452054150586,0.007652956107423631,2.0213655622093345
18.464519855249147,0.01166431408571178,0.007652956107423631,2.0221156457535714
18.47051785327774,0.036209976968525126,0.007652956107423631,2.022877755179931
18.476515895735012,0.031282220205197664,0.007652956107423631,2.0236779188002183
18.48251398241988,0.028406561288712773,0.007652956107423631,2.0244998651947848
18.488512113131282,0.015006492151189654,0.007652956107423631,2.0253198947057345
18.49451028766815,0.008654521688029604,0.007652956107423631,2.0261908707930667
18.500508505829398,0.006028161278666566,0.007652956107423631,2.027065804049696
18.506506767413967,0.023278139836756306,0.007652956107423631,2.0279448611996598
18.512505072220783,0.031739869326956605,0.007652956107423631,2.0288392453766817
18.518503420048773,0.021304313468520686,0.007652956107423631,2.029774413549929
18.52450181069687,0.038887535673693296,0.007652956107423631,2.0307505266540415
18.530500243963996,0.0650929633421291,0.007652956107423631,2.0317926196363585
18.53649871964908,0.04328136169700647,0.007652956107423631,2.0329016949878636
18.542497237551064,0.0031216920651946367,0.007652956107423631,2.0339947859466716
18.548495797468863,0.02286689267394193,0.007652956107423631,2.035133564026851
18.554494399201406,0.0074122588533618305,0.007652956107423631,2.036237563590694
18.560493042547627,0.011418503494291965,0.007652956107423631,2.037309069017522
18.566491727306456,-0.002051785052262556,0.007652956107423631,2.0384047946994874
18.572490453276817,0.012086187674524407,0.007652956107423631,2.039531666867854
18.578489220257644,0.01235148552759835,0.007652956107423631,2.0406692223719167
18.584488028047858,0.05630096037152521,0.007652956107423631,2.041824811577114
18.59048687644639,0.04322295346174432,0.007652956107423631,2.0429929016957793
18.59648576525218,0.030398568207314014,0.007652956107423631,2.044175720034425
18.60248469426414,0.020218323991968656,0.007652956107423631,2.0453905126330736
18.60848366328121,0.020348595393377078,0.007652956107423631,2.046598240300407
18.614482672102316,0.014696391979066359,0.007652956107423631,2.047789853674123
18.620481720526385,0.057812647211802126,0.007652956107423631,2.048958779370472
18.626480808352344,0.05154800068346432,0.007652956107423631,2.0501378456828983
18.63247993537913,0.023740479746820586,0.007652956107423631,2.051331539928923
18.63847910140566,0.014220158105144431,0.007652956107423631,2.052538551656526
18.644478306230877,0.018618672168751793,0.007652956107423631,2.0537321408997777
18.650477549653694,0.003514343975751011,0.007652956107423631,2.054908482006151
18.656476831473054,0.0017193243025559468,0.007652956107423631,2.0560798293131857
18.662476151487876,0.007288764346419008,0.007652956107423631,2.0571787616211603
18.668475509497092,-0.00017064439979730395,0.007652956107423631,2.0582403018588282
18.674474905299633,0.0057812903835294804,0.007652956107423631,2.0593006809101233
18.680474338694424,-0.006643932728041424,0.007652956107423631,2.060352895786307
18.686473809480397,0.0029819010220784037,0.007652956107423631,2.0614126098348176
18.69247331745648,-0.006385636178863674,0.007652956107423631,2.062441719974254
18.698472862421596,0.01269305221437067,0.007652956107423631,2.063392874376217
18.70447244417468,-0.005778940971902902,0.007652956107423631,2.064274907021629
18.71047206251466,0.03300439365238539,0.007652956107423631,2.0651137509088007
18.71647171724047,0.05126619825680523,0.007652956107423631,2.0659119822371204
18.72247140815103,0.02138288967573443,0.007652956107423631,2.0666786868618168
18.728471135045268,0.007234674196466173,0.007652956107423631,2.067441109831976
18.73447089772212,0.006208493928936409,0.007652956107423631,2.068197678197886
18.740470695980513,0.0019878661858379054,0.007652956107423631,2.068913101485993
18.74647052961937,0.012198023109659228,0.007652956107423631,2.06962266105357
18.752470398437627,0.03588270405781335,0.007652956107423631,2.0703040795049166
18.758470302234205,0.02347731313636281,0.007652956107423631,2.071002227936079
18.76447024080804,0.010790237778160794,0.007652956107423631,2.071739983114032
18.77047021395806,-0.002217700141077028,0.007652956107423631,2.0724563666014797
18.77647022148319,0.012936593329808677,0.007652956107423631,2.0731345836304103
18.78247026318236,0.013658335496665952,0.007652956107423631,2.073788052486485
18.788470338854506,0.038812168052897,0.007652956107423631,2.0744668409427245
18.794470448298544,0.01978928576864769,0.007652956107423631,2.07509063686546
18.800470591313406,0.007907989210659938,0.007652956107423631,2.0756607748471323
18.806470767698027,-0.00411134961055426,0.007652956107423631,2.076258280685381
18.812470977251337,0.0070202636377847405,0.007652956107423631,2.076884173316471
18.818471219772256,-0.0011183913320049754,0.007652956107423631,2.0775035611317803
18.82447149505972,0.03459850291539368,0.007652956107423631,2.078076997242208
18.83047180291265,0.048133185921647836,0.007652956107423631,2.0786591125491745
18.83647214312998,0.018062915535516755,0.007652956107423631,2.0792241507593126
18.84247251551064,0.028057201580555358,0.007652956107423631,2.0797721245152188
18.848472919853556,0.04226498949693669,0.007652956107423631,2.080303043416991
18.85447335595766,0.020342569588752468,0.007652956107423631,2.0808057406533518
18.860473823621877,-0.00645962832410385,0.007652956107423631,2.0812827872050317
18.86647432264514,0.014187938731331506,0.007652956107423631,2.081807968732538
18.87247485282637,0.017303672023079475,0.007652956107423631,2.0823869735481884
18.8784754139645,0.04876742104168352,0.007652956107423631,2.082973167704529
18.884476005858467,0.019581581649513513,0.007652956107423631,2.0835535565998917
18.89047662830719,0.01597471183085508,0.007652956107423631,2.084127846511409
18.896477281109597,-0.0031283615570929513,0.007652956107423631,2.084682068814648
18.902477964064623,0.010167429887191215,0.007652956107423631,2.0852159761039184
18.908478676971193,0.00029100492564415603,0.007652956107423631,2.0857164872691785
18.914479419628236,0.006022372249808061,0.007652956107423631,2.0862269318892737
18.920480191834677,0.010019093618359065,0.007652956107423631,2.086748353675863
18.926480993389458,0.020150536787333806,0.007652956107423631,2.0873170301989576
18.932481824091493,0.012390299485131262,0.007652956107423631,2.0878353683936544
18.938482683739718,-0.007594030422141795,0.007652956107423631,2.0883441033774557
18.94448357213306,-0.0004925266445598986,0.007652956107423631,2.088851656972479
18.950484489070444,-0.0034774914975326254,0.007652956107423631,2.0893084601601397
18.95648543435081,0.010807326901534964,0.007652956107423631,2.089788503094702
18.962486407773074,0.0011217917421322277,0.007652956107423631,2.0902934768878474
18.96848740913617,0.013069341336652496,0.007652956107423631,2.0908092595429157
18.97448843823903,0.0010296844692030405,0.007652956107423631,2.091236726636084
18.98048949488058,0.002675726098837039,0.007652956107423631,2.0918293944047477
18.986490578859748,0.0021931062675917268,0.007652956107423631,2.0923740434617866
18.992491689975463,0.027839058203157574,0.007652956107423631,2.093000043096527
18.998492828026652,0.05860821388509896,0.007652956107423631,2.093572127081986
19.00449399281225,0.03108266877968946,0.007652956107423631,2.0941545733559344
19.01049518413118,0.06181746155609291,0.007652956107423631,2.0947368233369175
19.016496401782373,0.04279463874307021,0.007652956107423631,2.0953187410421132
19.022497645564755,0.006301152506523966,0.007652956107423631,2.0959001972550975
19.028498915277257,0.0014687667778092717,0.007652956107423631,2.096471899185328
19.034500210718807,0.003858830691169768,0.007652956107423631,2.0970330665716155
19.040501531688335,-0.000981719614612242,0.007652956107423631,2.0975829162142143
19.04650287798477,0.0133621666609125,0.007652956107423631,2.0981206619748214
19.052504249407043,0.024730049147108524,0.007652956107423631,2.098645514776546
19.058505645754078,0.021267533849608,0.007652956107423631,2.099181523974668
19.064507066824802,0.012311874042532533,0.007652956107423631,2.0996245782196485
19.070508512418154,0.0039313047879110385,0.007652956107423631,2.1000559638041683
19.076509982333047,-0.0037289898226751106,0.007652956107423631,2.1004753481685086
19.082511476368428,-0.007032227617270959,0.007652956107423631,2.1008556999002215
19.08851299432321,0.0010766732643867627,0.007652956107423631,2.10119474620174
19.094514535996332,-0.010729588610705498,0.007652956107423631,2.101675475407896
19.100516101186713,0.001326478982820678,0.007652956107423631,2.102022595276946
19.106517689693295,-0.0066804450361614975,0.007652956107423631,2.102340856177264
19.112519301314997,0.001664826114710305,0.007652956107423631,2.1026691654941594
19.11852093585075,-0.0019025717646705687,0.007652956107423631,2.103039713738176
19.12452259309948,0.006932682432817305,0.007652956107423631,2.1034228193324904
19.130524272860125,0.024355774486819026,0.007652956107423631,2.1038730058169395
19.136525974931605,0.007439438916549079,0.007652956107423631,2.1042794789634587
19.14252769911285,0.004443954644941961,0.007652956107423631,2.1046689725096206
19.148529445202794,-0.003955437283063468,0.007652956107423631,2.1050615018494314
19.154531213000357,-0.0028837526226426213,0.007652956107423631,2.105453592553558
19.160533002304476,-0.004816817967332909,0.007652956107423631,2.105844155503417
19.166534812914076,0.001259859606857372,0.007652956107423631,2.106227767629683
19.172536644628085,-0.004635551120493631,0.007652956107423631,2.1066036746497723
19.178538497245434,-0.0030341271421368,0.007652956107423631,2.1069665235295596
19.18454037056505,-0.0026402276271606517,0.007652956107423631,2.1073210983873434
19.19054226438586,-0.006971691669239277,0.007652956107423631,2.107667358931791
19.1965441785068,0.0018883854606612793,0.007652956107423631,2.108005263328314
19.202546112726793,-0.0014438893971626676,0.007652956107423631,2.1083399313162983
19.208548066844767,0.015560249680599103,0.007652956107423631,2.1086709268349226
19.214550040659653,-0.0034879191341752325,0.007652956107423631,2.109002981283971
19.220552033970378,0.00804757430875025,0.007652956107423631,2.1093560402756095
19.226554046575878,-0.00011917126444149773,0.007652956107423631,2.1097308002657114
19.23255607827507,-0.0019444643467241285,0.007652956107423631,2.110100986201382
19.23855812886689,0.015576370743199508,0.007652956107423631,2.110457950097252
19.244560198150268,0.04139956447589288,0.007652956107423631,2.11080106400555
19.250562285924122,0.03489876063121233,0.007652956107423631,2.111129695106821
19.256564391987396,0.010816842735146714,0.007652956107423631,2.1114432057099144
19.262566516139014,0.017167547853599974,0.007652956107423631,2.111740953251976
19.268568658177895,0.009325564468999126,0.007652956107423631,2.1120222902984134
19.27457081790298,0.004760858854834904,0.007652956107423631,2.112325186016797
19.280572995113193,0.0017304823515087442,0.007652956107423631,2.112668780563848
19.286575189607458,0.029384460023913483,0.007652956107423631,2.1130308472994437
19.292577401184715,0.022824262025035402,0.007652956107423631,2.113410656278204
19.29857962964388,9.363259601835594e-05,0.007652956107423631,2.113807508454254
19.304581874783892,0.00619389711537055,0.007652956107423631,2.114164483672564
19.310584136403676,0.021617140079271735,0.007652956107423631,2.114518443870113
19.31658641430216,0.02537918215319035,0.007652956107423631,2.1149121447115897
19.32258870827827,-0.00045847892724371064,0.007652956107423631,2.115327829028173
19.32859101813094,-0.005472494346561607,0.007652956107423631,2.1157627330304303
19.334593343659098,-0.0017612502877208946,0.007652956107423631,2.1162141326820922
19.340595684661672,-0.0015397800049323784,0.007652956107423631,2.116644308864431
19.34659804093759,0.036368313644166594,0.007652956107423631,2.1170122896720223
19.35260041228578,0.03353031906534554,0.007652956107423631,2.1174544895047576
19.35860279850517,0.0003860690512822451,0.007652956107423631,2.117981250575088
19.364605199394692,-0.003833202689917936,0.007652956107423631,2.118494388444606
19.370607614753276,-0.010412416546673242,0.007652956107423631,2.11899685421871
19.376610044379845,-0.008561403457360228,0.007652956107423631,2.119502237856162
19.38261248807333,-0.010208857825855677,0.007652956107423631,2.1200086894991763
19.388614945632664,-0.005779383958125717,0.007652956107423631,2.1204467167706245
19.39461741685677,-0.012826409114456538,0.007652956107423631,2.120877073712888
19.400619901544584,-0.007680733109897364,0.007652956107423631,2.1213014641574226
19.406622399495024,0.014018952717254063,0.007652956107423631,2.121710743464455
19.412624910507027,0.05049027866267064,0.007652956107423631,2.122104667657296
19.41862743437952,0.07662860819846529,0.007652956107423631,2.1225014936401028
19.42462997091143,0.052211671316749086,0.007652956107423631,2.1228996081901235
19.430632519901685,0.03976690361903934,0.007652956107423631,2.1232974347219464
19.43663508114922,0.02012337888447524,0.007652956107423631,2.123687054310315
19.44263765445296,0.041785722106109535,0.007652956107423631,2.1240600585775606
19.44864023961183,0.02238641991840007,0.007652956107423631,2.1243906323789394
19.454642836424764,-0.010630968816788933,0.007652956107423631,2.124702921580134
19.460645444690684,-0.013204960182881642,0.007652956107423631,2.1250066393343436
19.466648064208528,-0.00673144291950134,0.007652956107423631,2.1252715568714953
19.47265069477722,0.01474389071761495,0.007652956107423631,2.125498116761148
19.478653336195688,0.016262340881033843,0.007652956107423631,2.1256867601610914
19.484655988262862,0.0019822827993762893,0.007652956107423631,2.1258044235124314
19.49065865077767,-0.005875512618645384,0.007652956107423631,2.1258710716715776
19.496661323539044,-0.00899334323039458,0.007652956107423631,2.1259000548790707
19.50266400634591,-0.001932004122610298,0.007652956107423631,2.125871160346677
19.508666698997192,-0.002739951095373172,0.007652956107423631,2.1258269662782623
19.51466940129183,-0.0008723834064463531,0.007652956107423631,2.1257694444201833
19.520672113028745,-0.004963812927091027,0.007652956107423631,2.1257049924283447
19.52667483400686,-0.0026694550195562883,0.007652956107423631,2.1256243459861324
19.532677564025118,-0.005029493417251452,0.007652956107423631,2.1255221949182177
19.53868030288244,-0.0012418288049413917,0.007652956107423631,2.1254274203403476
19.544683050377756,0.00027485648596847767,0.007652956107423631,2.1253364534679227
19.550685806309993,0.003236916267825407,0.007652956107423631,2.1252290573751473
19.55668857047808,0.014940547021197847,0.007652956107423631,2.1252013540697705
19.56269134268095,-0.000654715106301218,0.007652956107423631,2.125096747722671
19.568694122717524,0.009404690884476263,0.007652956107423631,2.1248855898968015
19.574696910386738,-0.00020766462783017303,0.007652956107423631,2.124680423836833
19.58069970548752,0.030174930425856505,0.007652956107423631,2.124497107032001
19.586702507818792,0.07216413476595562,0.007652956107423631,2.1243490335323614
19.59270531717949,0.06882931865141817,0.007652956107423631,2.124120467789992
19.59870813336854,0.02133507978714544,0.007652956107423631,2.123760931400047
19.60471095618487,0.003344344870147342,0.007652956107423631,2.123352220018689
19.61071378542741,0.013843993363204188,0.007652956107423631,2.1229529785649577
19.61671662089509,0.009465597040335894,0.007652956107423631,2.1225214494354883
19.62271946238684,0.008554761256312382,0.007652956107423631,2.1220809170997303
19.62872230970158,0.0073002150983643155,0.007652956107423631,2.1216599505985316
19.63472516263825,0.002899324884455101,0.007652956107423631,2.1211982244591105
19.64072802099577,0.022577892423143897,0.007652956107423631,2.1206592614368214
19.646730884573074,0.012943327436309549,0.007652956107423631,2.1200698240828766
19.65273375316909,0.02022334501713985,0.007652956107423631,2.119432732375791
19.658736626582744,0.017746156764632204,0.007652956107423631,2.1188387226523817
19.664739504612967,0.01690787571272967,0.007652956107423631,2.1181906807664843
19.67074238705869,0.013017452546626895,0.007652956107423631,2.117488260698674
19.67674527371884,0.008596967350655405,0.007652956107423631,2.1167344728544197
19.68274816439234,0.041735089359312916,0.007652956107423631,2.1159739505349955
19.68875105887813,0.049199405925358874,0.007652956107423631,2.1152062920619805
19.694753956975127,0.025433350916423958,0.007652956107423631,2.1144173494022844
19.70075685848227,0.006077450660760153,0.007652956107423631,2.1136078178871616
19.706759763198477,0.006421904188273153,0.007652956107423631,2.1127876408259176
19.712762670922682,0.008541990755272622,0.007652956107423631,2.111955721666191
19.71876558145382,0.006908586584226217,0.007652956107423631,2.11111201900942
19.724768494590815,0.02746387430775199,0.007652956107423631,2.1102565118935286
19.730771410132594,0.016843216845589204,0.007652956107423631,2.1093891997929255
19.736774327878084,0.014121463498729891,0.007652956107423631,2.1083943033847348
19.74277724762622,-0.0017348634337523983,0.007652956107423631,2.1073731794410557
19.748780169175923,-0.0004875593997253347,0.007652956107423631,2.106373267064129
19.75478309232613,-0.0009343860297192919,0.007652956107423631,2.1053845411061367
19.760786016875763,-0.012816965355286758,0.007652956107423631,2.1044051780769135
19.766788942623755,0.012562563151837125,0.007652956107423631,2.1034101498129676
19.772791869369037,-0.009113654746022881,0.007652956107423631,2.1023994714209757
19.778794796910528,0.007273768466113939,0.007652956107423631,2.1011664977385203
19.78479772504717,-0.012040490907596624,0.007652956107423631,2.09994364379618
19.79080065357788,0.0013501641943243214,0.007652956107423631,2.098693093746322
19.79680358230159,-0.0007582386160658316,0.007652956107423631,2.0974837349042845
19.80280651101723,-0.0021156867553751013,0.007652956107423631,2.0962136658330417
19.80880943952373,0.010685752812366722,0.007652956107423631,2.09506307006823
19.814812367620025,0.00722662587502354,0.007652956107423631,2.0938372367713285
19.820815295105028,0.03928848497850801,0.007652956107423631,2.0925797635661967
19.82681822177768,0.05428988229453413,0.007652956107423631,2.0912928773802983
19.832821147436903,0.017550801034465824,0.007652956107423631,2.0900171871928084
19.838824071881632,0.004513869586004748,0.007652956107423631,2.088751975134941
19.84482699491079,-0.011329509378894098,0.007652956107423631,2.0874965492784243
19.85082991632331,-0.0006883799813994784,0.007652956107423631,2.0862502436354893
19.856832835918116,-0.009515705837496835,0.007652956107423631,2.084933515144076
19.862835753494146,-0.009352360913088553,0.007652956107423631,2.0835988797142138
19.868838668850316,0.00607921047558202,0.007652956107423631,2.0822213131238527
19.874841581785564,0.0024355929752353234,0.007652956107423631,2.080904453781983
19.88084449209882,0.016599080232631014,0.007652956107423631,2.0795820765035247
19.886847399589005,-0.0034575636179501323,0.007652956107423631,2.0782640091965936
19.892850304055052,4.7638970724239726e-05,0.007652956107423631,2.076951665352488
19.898853205295886,-0.004749901701980086,0.007652956107423631,2.0756464609590335
19.904856103110443,0.02972269523589599,0.007652956107423631,2.074334365343826
19.910858997297648,0.0626800217120822,0.007652956107423631,2.0730783869110327
19.91686188765643,0.017112522368073257,0.007652956107423631,2.071861769860712
19.92286477398572,-0.0009650246304513388,0.007652956107423631,2.0706481299999813
19.92886765608444,0.0061679214384664505,0.007652956107423631,2.0694375815225126
19.93487053375152,0.04819539217291169,0.007652956107423631,2.068264359017709
19.940873406785897,0.030715593796498908,0.007652956107423631,2.067077133700372
19.946876274986494,-0.00341530821317626,0.007652956107423631,2.065945570906236
19.95287913815224,-0.005114153678804634,0.007652956107423631,2.0648473544225983
19.958881996082063,-0.01597172480712139,0.007652956107423631,2.063722901670322
19.964884848574894,0.0020999348071115698,0.007652956107423631,2.062575774144216
19.97088769542966,-0.006035103401297981,0.007652956107423631,2.0615211948061116
19.97689053644529,-0.009157430566273828,0.007652956107423631,2.0603967721726786
19.98289337142071,-0.0012589268363334405,0.007652956107423631,2.059297809935908
19.98889620015486,-0.018913083819836807,0.007652956107423631,2.0582302280472566
19.994899022446656,0.006680238687648998,0.007652956107423631,2.057195356102269
20.00090183809503,0.00938461564873938,0.007652956107423631,2.0562383296291564
20.006904646898914,0.0440078549492533,0.007652956107423631,2.0552247681502376
20.01290744865723,0.01785173450542432,0.007652956107423631,2.0542195924511386
20.018910243168918,-0.0072215726981412764,0.007652956107423631,2.053225692231022
20.0249130302329,-0.002018686036978856,0.007652956107423631,2.052240367848447
20.030915809648103,-0.013062453788221351,0.007652956107423631,2.051266047706674
20.03691858121346,0.01410681961591953,0.007652956107423631,2.0504077637518057
20.042921344727894,0.02619974220116328,0.007652956107423631,2.049660098221385
20.04892409999034,0.06358330821612546,0.007652956107423631,2.0489215512732093
20.054926846799727,0.032038905600124234,0.007652956107423631,2.0481953439028877
20.060929584954977,-0.009137733161335593,0.007652956107423631,2.047484668755941
20.066932314255023,0.0017744503684364865,0.007652956107423631,2.0467926901278344
20.072935034498794,0.0185631853821957,0.007652956107423631,2.046122543964023
20.078937745485216,0.04816744877680623,0.007652956107423631,2.045477337859992
20.084940447013224,0.031180781020743176,0.007652956107423631,2.0448601510612834
20.09094313888174,-0.003117327754858401,0.007652956107423631,2.044255728858581
20.096945820889697,0.004406010642441949,0.007652956107423631,2.0436246916380014
20.102948492836024,-0.0030393846693490545,0.007652956107423631,2.0430365046072385
20.108951154519644,0.05532005978578525,0.007652956107423631,2.042490931381686
20.114953805739493,0.05576190659125135,0.007652956107423631,2.0419985037054644
20.120956446294496,0.013681891771917254,0.007652956107423631,2.0416453527208915
20.12695907598358,0.005195743830197053,0.007652956107423631,2.041258213356077
20.13296169460568,-0.008003626308628053,0.007652956107423631,2.040833530294972
20.138964301959717,0.004100169075708315,0.007652956107423631,2.0404074873155484
20.144966897844625,0.018462715274616404,0.007652956107423631,2.0399804095722267
20.150969482059335,0.01767361975663606,0.007652956107423631,2.0395857780301534
20.15697205440277,0.029208611760783043,0.007652956107423631,2.0392424500936217
20.16297461467386,-0.007621342935317799,0.007652956107423631,2.038948943928884
20.168977162671535,0.013716459348927401,0.007652956107423631,2.0385726108111593
20.174979698194726,-0.009181121526912861,0.007652956107423631,2.0382610408611685
20.180982221042356,0.002789081325985432,0.007652956107423631,2.038047431684652
20.186984731013354,0.030420752298986997,0.007652956107423631,2.0378354030550536
20.192987227906656,0.017289125560252305,0.007652956107423631,2.0376245097173604
20.198989711521186,0.016680363915286378,0.007652956107423631,2.037583234690943
20.204992181655875,-0.0005241804456224131,0.007652956107423631,2.0375141037503672
20.210994638109646,-0.007596120642729076,0.007652956107423631,2.0374638764433737
20.216997080681438,0.007644978381514456,0.007652956107423631,2.037434093462302
20.22299950917017,0.0025940894178839713,0.007652956107423631,2.0374682045676415
20.22900192337477,0.044224083696870586,0.007652956107423631,2.0375445819112095
20.235004323094177,0.06700714719222667,0.007652956107423631,2.0375804281682273
20.241006708127312,0.04759507003401353,0.007652956107423631,2.0375786044851454
20.247009078273106,0.01700388791612717,0.007652956107423631,2.037589518823957
20.25301143333049,-0.007932617310499879,0.007652956107423631,2.037612210557822
20.25901377309838,0.016560368206576026,0.007652956107423631,2.0377016444854723
20.265016097375725,-0.01411133744231119,0.007652956107423631,2.0378562533433398
20.271018405961442,0.007495459637813617,0.007652956107423631,2.0380652954172285
20.27702069865446,0.007512059271641114,0.007652956107423631,2.038341675863177
20.28302297525371,-9.482077281752765e-05,0.007652956107423631,2.038625198509831
20.289025235558118,0.018857298442974013,0.007652956107423631,2.0389192397139366
20.295027479366617,0.001872602478684815,0.007652956107423631,2.039251267763495
20.30102970647813,0.01838287249609305,0.007652956107423631,2.0396496742944157
20.307031916691596,0.011153605749386841,0.007652956107423631,2.0401102602994614
20.313034109805933,-0.005763957615160464,0.007652956107423631,2.0405400096920974
20.319036285620072,0.04763780753986735,0.007652956107423631,2.0410123024325957
20.325038443932943,0.025552180635152855,0.007652956107423631,2.041527264591667
20.33104058454348,0.03154188755964249,0.007652956107423631,2.042085006381991
20.337042707250603,0.08311505514384532,0.007652956107423631,2.042788258989813
20.343044811853247,0.06168362147683615,0.007652956107423631,2.043470646955295
20.349046898150338,0.024129116379144833,0.007652956107423631,2.0441540739787403
20.355048965940806,-0.012943321247217199,0.007652956107423631,2.04483491946786
20.361051015023577,0.00016265014895955332,0.007652956107423631,2.0455466178428017
20.367053045197583,0.00327671096880211,0.007652956107423631,2.046179392124253
20.373055056261748,-0.015275590201270894,0.007652956107423631,2.046882086138231
20.37905704801501,0.01771937739309859,0.007652956107423631,2.0476579210522465
20.385059020256293,-0.0006355024206405879,0.007652956107423631,2.048416607162366
20.39106097278452,0.003676999848820639,0.007652956107423631,2.0491348950676147
20.397062905398627,0.005633936931492833,0.007652956107423631,2.0498078050481965
20.40306481789754,-0.015338917176390687,0.007652956107423631,2.050560419849477
20.40906671008019,0.007684399728257851,0.007652956107423631,2.051393569745163
20.4150685817455,-0.0007240230074452292,0.007652956107423631,2.0523081410360664
20.421070432692407,0.037478672483465925,0.007652956107423631,2.0532061378867317
20.427072262719832,0.046616745148066574,0.007652956107423631,2.0541131340431167
20.43307407162671,0.009291997969298027,0.007652956107423631,2.055000897922982
20.439075859211965,0.009262973630782767,0.007652956107423631,2.0558655964002517
20.44507762527453,-0.018406727850083016,0.007652956107423631,2.0567675790956663
20.45107936961333,0.0054513490341308035,0.007652956107423631,2.0577075656560817
20.457081092027295,0.01601347673762099,0.007652956107423631,2.058686292795131
20.463082792315355,0.019873932991142595,0.007652956107423631,2.0597367168240917
20.46908447027644,0.05583104333266853,0.007652956107423631,2.0607160155419755
20.47508612570947,0.02326355757623455,0.007652956107423631,2.061719654589335
20.481087758413384,0.009605166644123475,0.007652956107423631,2.062815444323956
20.48708936818711,0.005829307597480238,0.007652956107423631,2.063914561587668
20.49309095482957,-0.00664877463620428,0.007652956107423631,2.0650118195044227
20.499092518139697,0.015322969564207867,0.007652956107423631,2.0661048700528175
20.50509405791642,0.003830987409182196,0.007652956107423631,2.0672061744711816
20.51109557395867,0.0030705997423372544,0.007652956107423631,2.0683144135369305
20.517097066065368,0.005151278960556116,0.007652956107423631,2.0694183135541704
20.523098534035448,-0.010742479949470862,0.007652956107423631,2.0705158199078353
20.529099977667844,0.012938423544824218,0.007652956107423631,2.07160486016165
20.535101396761473,0.00538926951536256,0.007652956107423631,2.0726833440581727
20.54110279111527,0.014555410022986326,0.007652956107423631,2.0737491635189067
20.54710416052817,0.018903394788113204,0.007652956107423631,2.074865040005659
20.553105504799092,0.0015408459417947107,0.007652956107423631,2.076044999223406
20.559106823726967,0.010881101932935788,0.007652956107423631,2.0772358427602726
20.56510811711073,0.05123165274170871,0.007652956107423631,2.0783423430734356
20.571109384749295,0.06493568785916004,0.007652956107423631,2.079364376046188
20.57711062644161,0.03882187031821305,0.007652956107423631,2.080459361171094
20.58311184198659,-0.005716335779546888,0.007652956107423631,2.0815177658912694
20.589113031183167,0.003210280867462778,0.007652956107423631,2.082687280603158
20.59511419383027,0.006288583734181508,0.007652956107423631,2.0838381688991814
20.601115329726834,-0.011424962496068503,0.007652956107423631,2.0849703623758957
20.60711643867178,0.01642940386744307,0.007652956107423631,2.0860837720320076
20.613117520464037,-0.0005929354161771094,0.007652956107423631,2.0871504277818977
20.619118574902537,0.007806183688007895,0.007652956107423631,2.088118052356121
20.62511960178621,0.012655273857445248,0.007652956107423631,2.089232765306069
20.63112060091398,-0.0077558203723251395,0.007652956107423631,2.090319757744902
20.63712157208478,0.02239569517169926,0.007652956107423631,2.09138186126755
20.643122515097534,0.0023991862474370684,0.007652956107423631,2.0923805361563925
20.649123429751175,0.008479293262359189,0.007652956107423631,2.0933833630156586
20.65512431584463,0.02301678539842511,0.007652956107423631,2.094384941129035
20.661125173176828,0.013193008869391676,0.007652956107423631,2.0953789440889197
20.6671260015467,0.023006042213042477,0.007652956107423631,2.096402336966989
20.673126800753174,0.005654525579648961,0.007652956107423631,2.0974084490176965
20.679127570595174,-0.005152605359350471,0.007652956107423631,2.098377751417499
20.685128310871633,0.020243802211312723,0.007652956107423631,2.0993122449110073
20.691129021381478,0.0016145001311920204,0.007652956107423631,2.100213908751118
20.69712970192364,0.012319822438521033,0.007652956107423631,2.1011010890680155
20.703130352297045,0.018447384231458308,0.007652956107423631,2.101973232631859
20.709130972300628,-0.004408054939307515,0.007652956107423631,2.102829784112826
20.71513156173331,0.026346382150791214,0.007652956107423631,2.1036439566171556
20.72113212039402,0.008706875148744242,0.007652956107423631,2.104413290004203
20.727132648081696,0.01102772350330472,0.007652956107423631,2.105154937777245
20.733133144595254,0.016776786300937818,0.007652956107423631,2.1058678034980796
20.73913360973363,-0.005211731721232127,0.007652956107423631,2.106550781663595
20.745134043295756,0.013259467059295371,0.007652956107423631,2.107202757705866
20.751134445080552,0.008663320896348026,0.007652956107423631,2.1078226079922704
20.757134814886957,0.0016860783955379155,0.007652956107423631,2.1084091998255943
20.763135152513886,0.017165184400167455,0.007652956107423631,2.108961391444149
20.76913545776028,-0.001814756195420486,0.007652956107423631,2.109521786223457
20.77513573042507,0.006372773958200462,0.007652956107423631,2.1100923947296826
20.781135970307172,0.038248826666691826,0.007652956107423631,2.1105549673037833
20.787136177205518,0.056377295775564384,0.007652956107423631,2.1110774031429314
20.79313635091905,0.05960414693751437,0.007652956107423631,2.1115712917855447
20.79913649124668,0.005454334847429632,0.007652956107423631,2.1120358169842772
20.805136597987342,0.006904333930726203,0.007652956107423631,2.1126675768408734
20.81113667093997,0.024507706817790798,0.007652956107423631,2.113091866813976
20.817136709903487,-0.005261787486487091,0.007652956107423631,2.113553700464494
20.823136714676824,0.024178199481294627,0.007652956107423631,2.1139932884885093
20.82913668505891,0.009486580055531046,0.007652956107423631,2.1144132164233467
20.835136620848672,0.0014313130968868215,0.007652956107423631,2.114819217115942
20.84113652184504,0.016629046994753427,0.007652956107423631,2.115260556884282
20.847136387846945,0.0024219162906762293,0.007652956107423631,2.115625518757504
20.853136218653315,0.010719954588038316,0.007652956107423631,2.115904970739515
20.859136014063075,0.023376188822209265,0.007652956107423631,2.116201927494087
20.865135773875156,-0.006677019572265408,0.007652956107423631,2.1165152790873774
20.871135497888485,0.0245069137864653,0.007652956107423631,2.11686743901667
20.877135185901995,0.008155247963122836,0.007652956107423631,2.117144010144465
20.883134837714614,-0.008789576511940567,0.007652956107423631,2.117312795281994
20.889134453125266,0.01597817402815549,0.007652956107423631,2.117465308241491
20.895134031932884,-0.002067168936841224,0.007652956107423631,2.117626574738214
20.9011335739364,0.012775158319067614,0.007652956107423631,2.117797162164373
20.90713307893473,0.02115924751647702,0.007652956107423631,2.1180219133809706
20.913132546726814,0.0029962533028125016,0.007652956107423631,2.118280501522757
20.919131977111583,0.02927203413203694,0.007652956107423631,2.1185683730890346
20.925131369887954,0.006593791595201459,0.007652956107423631,2.1187839662644947
20.931130724854867,0.00041729993492323203,0.007652956107423631,2.118859903043501
20.937130041811244,0.02784033643976791,0.007652956107423631,2.1189306123476532
20.943129320556018,-0.002775400158030905,0.007652956107423631,2.1190631306535135
20.949128560888113,0.0456823704646796,0.007652956107423631,2.1192247700791844
20.950706810712102,0.005647584218301915,0.007652956107423631,2.11941831189622
20.956717702902797,-0.012272359495964391,0.007652956107423631,2.119576327476
20.962728484536257,-4.229978952574598e-05,0.007652956107423631,2.1197198782269853
20.968739156012074,-0.003962979914904796,0.007652956107423631,2.1198331037678493
20.974749717729843,-0.012149769666304877,0.007652956107423631,2.1199163201521003
20.98076017008916,0.007629542533748701,0.007652956107423631,2.119999971382225
20.986770513489624,0.037993846609867266,0.007652956107423631,2.1200471961383984
20.99278074833083,0.043109373070879364,0.007652956107423631,2.120141728645376
20.998790875012386,0.0229698000847125,0.007652956107423631,2.1202809807943495
21.004800893933872,0.005941541375980464,0.007652956107423631,2.120246398581534
21.010810805494895,0.007637114054603877,0.007652956107423631,2.120184230685251
21.016820610095046,-0.0030930202094494597,0.007652956107423631,2.120168115908009
21.022830308133926,-0.012167702722901463,0.007652956107423631,2.120197043346056
21.028839900011132,0.012080337523672213,0.007652956107423631,2.120224897670724
21.03484938612626,0.012869157217535232,0.007652956107423631,2.1201784237070602
21.040858766878905,-0.0030151226108743323,0.007652956107423631,2.1201445068665015
21.046868042668663,0.007671532094807976,0.007652956107423631,2.120130428789583
21.052877213895137,-0.009598119215947332,0.007652956107423631,2.120130998382488
21.058886280957918,-0.012824333844017044,0.007652956107423631,2.1201469111922604
21.064895244256604,0.00042142994177618576,0.007652956107423631,2.1201457595086683
21.070904104190795,-0.011245599891194669,0.007652956107423631,2.120125891070958
21.076912861160082,0.022611347222509792,0.007652956107423631,2.1200856449487953
21.082921515564063,0.031950481612462056,0.007652956107423631,2.1200153625756606
21.08893006780234,-0.0031530629799507714,0.007652956107423631,2.1199775939930006
21.094938518274503,0.010086432987568728,0.007652956107423631,2.120010070947327
21.10094686738016,0.006679213034654019,0.007652956107423631,2.120030798218303
21.106955115518893,0.024190413239992825,0.007652956107423631,2.1199882465789996
21.112963263090304,0.01585927707011514,0.007652956107423631,2.1199080941189044
21.118971310494,0.006971329447123864,0.007652956107423631,2.119903964457629
21.12497925812956,0.012942275939996861,0.007652956107423631,2.1199084663058274
21.130987106396596,0.0029204900244290677,0.007652956107423631,2.1199353152573224
21.136994855694702,0.011599790822746758,0.007652956107423631,2.1199841631476
21.143002506423464,0.021261901444240117,0.007652956107423631,2.119957635602054
21.14901005898249,0.03245376790813381,0.007652956107423631,2.120021285156275
21.155017513771377,0.051219652864346266,0.007652956107423631,2.120099744449219
21.161024871189714,0.023686406519512815,0.007652956107423631,2.1201924164221784
21.1670321316371,0.028338181745302116,0.007652956107423631,2.120221311253969
21.17303929551314,0.032952319227770754,0.007652956107423631,2.1201886925400255
21.17904636321742,0.022229974909846018,0.007652956107423631,2.120166073478183
21.185053335149544,0.017482843014843485,0.007652956107423631,2.1201538991872346
21.191060211709104,0.015106924466819383,0.007652956107423631,2.1201526283399112
21.1970669932957,0.0025954749062715443,0.007652956107423631,2.120185379772422
21.203073680308925,-0.015559401011417062,0.007652956107423631,2.120230331172815
21.209080273148384,0.007414231319770703,0.007652956107423631,2.1202627604486928
21.215086772213663,0.006411071025952619,0.007652956107423631,2.120281234897223
21.221093177904365,0.01155264164548564,0.007652956107423631,2.1202843111784344
21.227099490620088,0.001010221994584004,0.007652956107423631,2.1203002604403873
21.233105710760423,0.0025885933791958138,0.007652956107423631,2.1203046461014905
21.239111838724977,0.023156087897982403,0.007652956107423631,2.120283230785015
21.245117874913333,0.028863672104852967,0.007652956107423631,2.1202622951606385
21.251123819725105,0.036932178780431535,0.007652956107423631,2.1202421823568782
21.257129673559874,0.04154118314631683,0.007652956107423631,2.120223236005242
21.26313543681724,-0.011306264201923266,0.007652956107423631,2.120205800240287
21.269141109896808,-0.016269966916337086,0.007652956107423631,2.120179626039101
21.275146693198163,-0.010842806171687869,0.007652956107423631,2.1201907586210087
21.281152187120913,-0.0019040838979003105,0.007652956107423631,2.120238822405664
21.28715759206465,0.012213525565105687,0.007652956107423631,2.1201794535115117
21.293162908428968,0.010322944643540666,0.007652956107423631,2.120153601404425
21.299168136613467,0.0019456106511870352,0.007652956107423631,2.1201241449157058
21.305173277017747,0.009565207327459913,0.007652956107423631,2.1201394137657736
21.311178330041397,0.007293117612903188,0.007652956107423631,2.120195998836706
21.317183296084018,-0.013610720785747432,0.007652956107423631,2.120290541975569
21.32318817554521,0.009277268979244635,0.007652956107423631,2.1203318215611597
21.32919296882456,0.05404931102343946,0.007652956107423631,2.1203232424230856
21.335197676321677,0.056444383565495304,0.007652956107423631,2.1202308437672546
21.34120229843615,0.05440939515255838,0.007652956107423631,2.1201404831072423
21.34720683556758,-1.4146276363202759e-05,0.007652956107423631,2.120052161849774
21.35321128811556,-0.006322045297967982,0.007652956107423631,2.1199658804870354
21.359215656479687,0.01859093879225293,0.007652956107423631,2.1198692860895987
21.36521994105956,0.04484285120367737,0.007652956107423631,2.119727696108008
21.37122414225478,0.08484511003264883,0.007652956107423631,2.119632946849578
21.377228260464936,0.0574042917900095,0.007652956107423631,2.1195970748981257
21.383232296089624,-0.0008583443974981009,0.007652956107423631,2.1194801702603536
21.389236249528448,0.006910337090776153,0.007652956107423631,2.1193760090932185
21.395240121180997,0.002774680736407742,0.007652956107423631,2.119285562172765
21.401243911446876,-0.014493544541918535,0.007652956107423631,2.1192098163151654
21.407247620725677,0.0024206818925494034,0.007652956107423631,2.119199645903281
21.413251249416998,0.02981324154154219,0.007652956107423631,2.1191831389805644
21.419254797920434,0.05703520493868286,0.007652956107423631,2.1191628481636093
21.425258266635588,0.0456511539931701,0.007652956107423631,2.1191413201286338
21.431261655962047,-0.010744582018877402,0.007652956107423631,2.119019997250446
21.437264966299413,-0.00028516231461539476,0.007652956107423631,2.118930602090026
21.443268198047285,0.0038400868032275604,0.007652956107423631,2.1188755779910924
21.449271351605255,0.005302353002114568,0.007652956107423631,2.1188574042216493
21.455274427372924,0.03516922283989388,0.007652956107423631,2.1188241190367565
21.461277425749884,0.06449003196013914,0.007652956107423631,2.1187715822890247
21.467280347135738,0.058970433869065975,0.007652956107423631,2.118696646709652
21.47328319193008,0.012919779686584754,0.007652956107423631,2.1186084444823132
21.479285960532504,-0.003400139332027763,0.007652956107423631,2.1185089629434977
21.485288653342607,0.00012424251438192258,0.007652956107423631,2.118421409464407
21.491291270759994,0.005087399539640547,0.007652956107423631,2.1184296493753494
21.497293813184253,-0.005802122073244487,0.007652956107423631,2.118438296228165
21.503296281014983,0.0039123631044950535,0.007652956107423631,2.1184248680562017
21.509298674651777,0.04959168244433476,0.007652956107423631,2.1184434647389714
21.515300994494247,0.05873186983339229,0.007652956107423631,2.1184924323826593
21.52130324094197,0.04927394475347491,0.007652956107423631,2.1186219519069347
21.527305414394554,0.015475383218810368,0.007652956107423631,2.118658376664432
21.533307515251593,0.028075138973103098,0.007652956107423631,2.118706125808747
21.539309543912687,0.0351129156333676,0.007652956107423631,2.118717069067727
21.54531150077743,0.051364103989860244,0.007652956107423631,2.118731793955628
21.551313386245415,0.061621303592084065,0.007652956107423631,2.118750953950034
21.557315200716246,0.0430003724823802,0.007652956107423631,2.118775200840621
21.56331694458952,-0.009494288747462054,0.007652956107423631,2.1188325086863085
21.569318618264823,0.007118242845186362,0.007652956107423631,2.118921455706469
21.575320222141762,0.02115488107502106,0.007652956107423631,2.1190406495772094
21.581321756619932,0.036676607958137986,0.007652956107423631,2.1191406183375534
21.587323222098927,0.041557150087803585,0.007652956107423631,2.1192236735430505
21.59332461897835,0.027320773457442993,0.007652956107423631,2.119386180422457
21.599325947657785,-0.005161564835740595,0.007652956107423631,2.1195128213632515
21.605327208536842,0.007435352144012697,0.007652956107423631,2.119639675664498
21.61132840201512,0.007431959837749247,0.007652956107423631,2.119555219768115
21.617329528492196,0.01027883532072238,0.007652956107423631,2.119579310073736
21.623330588367686,-0.0069216744577036415,0.007652956107423631,2.1196165133514704
21.62933158204118,0.0008819298035191991,0.007652956107423631,2.1196858938414906
21.63533250991227,-0.004989101578752653,0.007652956107423631,2.119788563191217
21.641333372380565,0.004949777110747178,0.007652956107423631,2.1199996910102206
21.647334169845653,0.004084016587965866,0.007652956107423631,2.120174952516825
21.65333490270713,0.017912147275169765,0.007652956107423631,2.1203125946971593
21.659335571364597,0.053059371178304726,0.007652956107423631,2.1204108236271253
21.665336176217647,0.0792743579895876,0.007652956107423631,2.1204851828114606
21.671336717665884,0.07281922613779779,0.007652956107423631,2.1205294967569968
21.677337196108894,0.04811397705432352,0.007652956107423631,2.1205155153004585
21.683337611946282,-0.008417787400425869,0.007652956107423631,2.1205586198660518
21.68933796557764,0.012633646832988177,0.007652956107423631,2.1207035379629415
21.69533825740257,0.014717441494733752,0.007652956107423631,2.1208678741729585
21.701338487820664,0.005738312454317107,0.007652956107423631,2.120912157552361
21.707338657231524,0.006220493932830973,0.007652956107423631,2.1209637764592766
21.713338766034738,0.0029749240802092736,0.007652956107423631,2.121021024038015
21.71933881462991,-0.01578823306767152,0.007652956107423631,2.1210110070761674
21.725338803416637,0.0019245174463891068,0.007652956107423631,2.120930158080529
21.731338732794516,-0.007528019170604416,0.007652956107423631,2.1208793756031605
21.737338603163135,3.875537805830831e-05,0.007652956107423631,2.120862519579674
21.743338414922103,0.02880020302643116,0.007652956107423631,2.120883487244589
21.749338168471006,0.01452698262019636,0.007652956107423631,2.1208821810760643
21.75533786420945,0.011312990378125498,0.007652956107423631,2.1208579338075912
21.761337502537028,0.02389144918261632,0.007652956107423631,2.1208312444279542
21.767337083853334,0.019865688048890107,0.007652956107423631,2.1208298922676425
21.773336608557972,0.03228644522247048,0.007652956107423631,2.120837478806618
21.77933607705053,0.01194462133229246,0.007652956107423631,2.1208551015846
21.78533548973061,-0.0007561770250905653,0.007652956107423631,2.120883865239948
21.791334846997806,0.01136189377418484,0.007652956107423631,2.120880150433295
21.79733414925172,0.03527837018737223,0.007652956107423631,2.120843654178312
21.803333396891944,-0.0006564943596161221,0.007652956107423631,2.120823440753659
21.809332590318075,-0.005094930287933952,0.007652956107423631,2.120616508525819
21.81533172992971,0.021843245623268892,0.007652956107423631,2.120446192388716
21.82133081612645,-0.02502922403631125,0.007652956107423631,2.1203415232331517
21.827329849307887,0.026128426759794987,0.007652956107423631,2.1201929228898235
21.833328829873622,0.06344698309332752,0.007652956107423631,2.120019512551095
21.839327758223245,0.0639139131607509,0.007652956107423631,2.119818376020714
21.845326634756358,0.12322929403984473,0.007652956107423631,2.119660984119955
21.85132545987256,0.10266499042582833,0.007652956107423631,2.1195497270019437
21.85732423397144,0.010536408185232382,0.007652956107423631,2.119497709848032
21.863322957452603,0.005456497731421095,0.007652956107423631,2.119513340603193
21.86932163071564,-0.003089731366375581,0.007652956107423631,2.119454421943465
21.875320254160147,-0.0016669391406507472,0.007652956107423631,2.119445405897035
21.88131882818573,0.010474362140706628,0.007652956107423631,2.119423472491941
21.887317353191975,0.0011316244740822157,0.007652956107423631,2.119418286370673
21.893315829578484,-0.005035367102789401,0.007652956107423631,2.1194370919225616
21.899314257744855,0.015275121947664339,0.007652956107423631,2.119434316325365
21.90531263809068,0.014288174343147109,0.007652956107423631,2.1194111389418797
21.911310971015563,0.014790973050835099,0.007652956107423631,2.1194262057784563
21.917309256919093,0.004905756625811275,0.007652956107423631,2.1194652171237633
21.923307496200874,-0.011994857791195024,0.007652956107423631,2.1195029297547725
21.929305689260495,-0.003512229012378576,0.007652956107423631,2.119540251774569
21.935303836497557,-0.004100386294668024,0.007652956107423631,2.119578071051601
21.94130193831166,-0.00019307501084231404,0.007652956107423631,2.1196031636143178
21.947299995102394,0.027475138820978184,0.007652956107423631,2.119615355901053
21.95329800726936,0.06050573294054473,0.007652956107423631,2.1196144392202982
21.959295975212154,0.022724490727070723,0.007652956107423631,2.119600169750967
21.965293899330376,0.0016945494159235075,0.007652956107423631,2.119590330875508
21.97129178002362,0.0006915333183057371,0.007652956107423631,2.1195832401057455
21.97728961769148,-0.005073008638960541,0.007652956107423631,2.1196384015778857
21.983287412733556,0.0019434292292102029,0.007652956107423631,2.119758537865633
21.989285165549436,-0.0005117521873088116,0.007652956107423631,2.1198976447355844
21.995282876538738,-0.007046732790105814,0.007652956107423631,2.1200550110565235
22.001280546101036,0.002788786259919629,0.007652956107423631,2.1202299242827882
22.00727817463594,0.007243276783335695,0.007652956107423631,2.1203972823930997
22.013275762543046,-0.0018209080845279502,0.007652956107423631,2.120576778694545
22.019273310221944,0.02170255138072008,0.007652956107423631,2.120767510324553
22.025270818072237,0.020733720488876894,0.007652956107423631,2.120968570667662
22.031268286493518,0.0053981852859865675,0.007652956107423631,2.1211790493555487
22.037265715885386,-0.001588828279794896,0.007652956107423631,2.1214149382475433
22.043263106647437,-0.009469055240282742,0.007652956107423631,2.121551895048995
22.04926045917927,-0.025263981705578864,0.007652956107423631,2.121756846387823
22.055257773880474,0.010478990300462954,0.007652956107423631,2.122004024030594
22.06125505115066,-0.008629646233850874,0.007652956107423631,2.1223866978256996
22.067252291389412,-0.010072905553953682,0.007652956107423631,2.122764725986838
22.07324949499633,0.025527233252195636,0.007652956107423631,2.123139357845701
22.079246662371013,0.05511481728917955,0.007652956107423631,2.1234858864577375
22.085243793913058,0.03146469559070075,0.007652956107423631,2.123803643789775
22.09124089002206,0.00902968576417651,0.007652956107423631,2.1240919153241933
22.09723795109762,-0.015591858690574334,0.007652956107423631,2.124350847551079
22.103234977539323,-0.0059014240739663215,0.007652956107423631,2.124660843415491
22.10923196974678,0.010912671023254106,0.007652956107423631,2.1250197440711966
22.115228928119578,-0.009005040549223242,0.007652956107423631,2.1253694535324223
22.12122585305732,-0.0023034678350475346,0.007652956107423631,2.1256316352345306
22.1272227449596,0.01749189131820339,0.007652956107423631,2.125806245448668
22.133219604226014,0.0223817548550449,0.007652956107423631,2.125987804320361
22.139216431256163,0.05457531762157508,0.007652956107423631,2.1262390372807305
22.145213226449638,0.019857428960166512,0.007652956107423631,2.1266024610045102
22.15120999020604,-0.0020781174571853356,0.007652956107423631,2.126997516720044
22.157206722924965,-0.004919164665845077,0.007652956107423631,2.127412181607939
22.163203425006007,0.011803298539615703,0.007652956107423631,2.1278464792580998
22.169200096848765,-0.008117780343185999,0.007652956107423631,2.1284018793347705
22.175196738852836,-0.0002625143363874649,0.007652956107423631,2.1288995612594186
22.18119335141782,0.005150994298138478,0.007652956107423631,2.1294604869351845
22.18718993494331,-0.00855035388924641,0.007652956107423631,2.130072003930417
22.193186489828896,0.00014130550629021243,0.007652956107423631,2.1305863402335596
22.19918301647419,0.00437913358638875,0.007652956107423631,2.131018516398964
22.205179515278775,-0.012926057149650116,0.007652956107423631,2.131477259890336
22.211175986642257,-0.0013718768592592134,0.007652956107423631,2.1319620814912614
22.217172430964226,0.006001472230096727,0.007652956107423631,2.1324187806076336
22.223168848644285,0.020460181465390193,0.007652956107423631,2.132917436794512
22.229165240082025,0.03797970485595581,0.007652956107423631,2.1334589937903603
22.23516160567705,0.05071503859824311,0.007652956107423631,2.1340444123963103
22.24115794582895,0.019739012155681745,0.007652956107423631,2.1346547280906596
22.247154260937325,0.012840621538614982,0.007652956107423631,2.1352828076880552
22.253150551401767,0.0036852085848662064,0.007652956107423631,2.135928703464752
22.259146817621883,0.0022228397839341163,0.007652956107423631,2.1365924560605425
22.26514305999726,-0.003772263905642337,0.007652956107423631,2.1372541524352213
22.2711392789275,0.0030510627935815826,0.007652956107423631,2.1379123650484173
22.277135474812198,-0.0012368633634372017,0.007652956107423631,2.1385656336383
22.28313164805095,-8.573584931204081e-05,0.007652956107423631,2.139305324682007
22.289127799043353,0.011810383879376385,0.007652956107423631,2.140127781809155
22.29512392818901,-0.0034110205827735385,0.007652956107423631,2.1410297186393126
22.301120035887507,-0.0008065258163076905,0.007652956107423631,2.141813325520126
22.30711612253845,0.01462021157650506,0.007652956107423631,2.1425769387346794
22.31311218854143,-0.002146405574114052,0.007652956107423631,2.143326352941959
22.319108234296046,0.018662568450734884,0.007652956107423631,2.1440447394124913
22.325104260201893,0.024314426049728777,0.007652956107423631,2.1447570888297687
22.331100266658574,0.025453165433119374,0.007652956107423631,2.1454047566612147
22.337096254065678,0.047171859536581984,0.007652956107423631,2.146161872986375
22.343092222822804,0.05345868626221506,0.007652956107423631,2.1469299656354712
22.34908817332955,0.05083701871754398,0.007652956107423631,2.1477538521636412
22.355084105985515,0.03869809095059118,0.007652956107423631,2.1485963728339206
22.36108002119029,0.018942179614469534,0.007652956107423631,2.1494574457807376
22.367075919343478,0.033021110472639226,0.007652956107423631,2.1503369860666
22.373071800844674,0.07038037759051674,0.007652956107423631,2.151251811808738
22.37906766609347,0.07171927013257973,0.007652956107423631,2.1520942544275594
22.38506351548947,0.016094293789658654,0.007652956107423631,2.1529728808246427
22.391059349432265,0.007801056358273328,0.007652956107423631,2.1539333373652982
22.397055168321454,0.03158453774142522,0.007652956107423631,2.154884995860516
22.40305097255664,0.03137817567505685,0.007652956107423631,2.155730922049018
22.409046762537407,0.0533302496394632,0.007652956107423631,2.1566811248229567
22.41504253866336,0.043862602484487034,0.007652956107423631,2.1575818270886504
22.421038301334097,0.01678518975967247,0.007652956107423631,2.1585004822949894
22.427034050949207,0.0058390734511490905,0.007652956107423631,2.1594387575977407
22.433029787908296,0.004526445074674701,0.007652956107423631,2.1603967915618947
22.439025512610954,-0.00890689793820254,0.007652956107423631,2.1613567476849633
22.445021225456784,0.001669672073774553,0.007652956107423631,2.1623174746721983
22.45101692684538,0.01504296671146399,0.007652956107423631,2.1630736245193027
22.457012617176336,-0.0030841289381360326,0.007652956107423631,2.1638599576412516
22.46300829684925,-0.01437184883814524,0.007652956107423631,2.164674718720985
22.46900396626372,0.009962216857487327,0.007652956107423631,2.1656098311292067
22.474999625819343,0.007400786152401029,0.007652956107423631,2.1664457373086625
22.480995275915717,0.007417347666431873,0.007652956107423631,2.167251389622911
22.486990916952433,0.009379152314999306,0.007652956107423631,2.168026774049739
22.492986549329096,-0.009525792397781618,0.007652956107423631,2.168792805976431
22.498982173445295,-0.0011893057729244205,0.007652956107423631,2.169547803739906
22.504977789700636,0.007475430617161827,0.007652956107423631,2.1702900699886105
22.510973398494706,-0.007271881557472604,0.007652956107423631,2.1711422528895805
22.51696900022711,-0.009965827390443938,0.007652956107423631,2.1719825363207965
22.522964595297434,0.004641128726593724,0.007652956107423631,2.1728089641257466
22.528960184105287,0.02244639414171301,0.007652956107423631,2.173643458952659
22.53495576705026,0.05887507581517726,0.007652956107423631,2.174525533726054
22.540951344531948,0.0742780157630496,0.007652956107423631,2.1754480547664583
22.546946916949953,0.013011697077701445,0.007652956107423631,2.1763632797717443
22.55294248470387,-0.0013025919350115878,0.007652956107423631,2.177271716308345
22.558938048193287,0.005893269606101814,0.007652956107423631,2.1781738663929153
22.564933607817817,-0.0016002890960526983,0.007652956107423631,2.1790681837308608
22.570929163977045,-0.01119193051912637,0.007652956107423631,2.1799324873996206
22.57692471707057,0.00885570987127915,0.007652956107423631,2.180765761201204
22.582920267497993,0.0017064655158018915,0.007652956107423631,2.181551940725357
22.588915815658904,-0.013405211740394218,0.007652956107423631,2.182332538883883
22.594911361952907,0.005180051953099785,0.007652956107423631,2.183107210450675
22.600906906779592,0.0304953429980932,0.007652956107423631,2.1838888202237445
22.60690245053856,0.03093738642142929,0.007652956107423631,2.184697399957421
22.612897993629407,0.0516694705849976,0.007652956107423631,2.185443923393044
22.618893536451733,0.04466627376771504,0.007652956107423631,2.1863429948863304
22.624889079405122,0.02801676783876994,0.007652956107423631,2.1872749552588955
22.63088462288919,0.04927233603605785,0.007652956107423631,2.188220740877121
22.63688016730352,0.04076038576732355,0.007652956107423631,2.1891817243599574
22.642875713047715,0.0014624578253181753,0.007652956107423631,2.1901372964918426
22.648871260521368,0.011378391180330905,0.007652956107423631,2.191071438744035
22.654866810124076,0.020342010769220042,0.007652956107423631,2.1920035928946775
22.660862362255436,0.01855303942054798,0.007652956107423631,2.192933323749734
22.666857917315053,0.029619550091593894,0.007652956107423631,2.1938486875731398
22.67285347570251,0.011405908525147002,0.007652956107423631,2.1946961192186687
22.67884903781741,0.0021886627819371895,0.007652956107423631,2.19564109016241
22.684844604059357,0.005393782288706905,0.007652956107423631,2.19655925250163
22.69084017482794,0.005877584514162315,0.007652956107423631,2.1975089374272603
22.69683575052275,-0.013565702384397138,0.007652956107423631,2.1983720363671173
22.7028313315434,0.01355734618657678,0.007652956107423631,2.199152093417132
22.708826918289468,0.011759358009978627,0.007652956107423631,2.1999564027845855
22.71482251116057,0.0012112097801080246,0.007652956107423631,2.200762326435511
22.720818110556287,0.007472040130104052,0.007652956107423631,2.201568810727494
22.726813716876222,0.027341345360230918,0.007652956107423631,2.2023920288806047
22.732809330519977,0.02492960790291754,0.007652956107423631,2.2032577174454904
22.738804951887136,0.006094751959462297,0.007652956107423631,2.2041398320628365
22.74480058137731,0.0003884131727640572,0.007652956107423631,2.2050385244364086
22.750796219390086,0.0032035175464590893,0.007652956107423631,2.205938193537982
22.756791866325063,0.0028655196091298407,0.007652956107423631,2.206840217372976
22.762787522581842,0.015819810793036737,0.007652956107423631,2.2077928843002605
22.768783188560015,0.005238221948851152,0.007652956107423631,2.2088878396326495
22.77477886465918,-0.005177299650798606,0.007652956107423631,2.209878505539944
22.78077455127893,0.021664724253970924,0.007652956107423631,2.21082813979831
22.786770248818872,0.004791615384124981,0.007652956107423631,2.2117383144331004
22.792765957678597,-0.01010766426955323,0.007652956107423631,2.2126447800783415
22.7987616782577,0.001979200912553214,0.007652956107423631,2.213546425641616
22.804757410955776,0.005023302598023527,0.007652956107423631,2.2144421336960667
22.810753156172428,-0.00896803025189774,0.007652956107423631,2.2153307804803823
22.81674891430725,0.009697731332444004,0.007652956107423631,2.216211235898806
22.822744685759837,0.01526913590870338,0.007652956107423631,2.217082363521097
22.82874047092979,0.007502836989642159,0.007652956107423631,2.21794786412803
22.834736270216702,0.0051674963061030255,0.007652956107423631,2.218806221718137
22.84073208402017,0.006670709683031184,0.007652956107423631,2.219655919471063
22.846727912739798,-0.005207114713202454,0.007652956107423631,2.2204954397476024
22.85272375677517,0.00562906381519479,0.007652956107423631,2.2214574985272004
22.85871961652589,0.013280927170763679,0.007652956107423631,2.2223987808454018
22.864715492391557,0.0017498834486682213,0.007652956107423631,2.2233166558587825
22.870711384771766,-0.008810484614139913,0.007652956107423631,2.224118353207115
22.876707294066108,0.024471946283387336,0.007652956107423631,2.2249256974605713
22.882703220674188,0.005926833135914578,0.007652956107423631,2.225738478724061
22.8886991649956,0.0078853320742156,0.007652956107423631,2.226563850811239
22.894695127429937,0.015037055564100399,0.007652956107423631,2.227374382063508
22.9006911083768,0.005150478482396359,0.007652956107423631,2.2281714181084107
22.906687108235786,0.04211096239377943,0.007652956107423631,2.229110623395734
22.912683127406492,0.07632048178921247,0.007652956107423631,2.230009322464655
22.918679166288513,0.05598002208166841,0.007652956107423631,2.2308644549621226
22.924675225281444,0.0034433342608082285,0.007652956107423631,2.231677434663464
22.930671304784887,0.01200265219382457,0.007652956107423631,2.232486426505452
22.936667405198435,-0.004607452961979064,0.007652956107423631,2.233297139223777
22.942663526921685,-0.008336539537118437,0.007652956107423631,2.2341711346422892
22.948659670354232,0.007123790317444811,0.007652956107423631,2.2350494810599733
22.95465583589568,0.00586977874852046,0.007652956107423631,2.2358977808900873
22.960652023945613,-0.006889414745280487,0.007652956107423631,2.236715664721215
22.966648234903644,0.020730042562207895,0.007652956107423631,2.2375147994297433
22.97264446916936,0.031226616908521798,0.007652956107423631,2.2382956530974236
22.978640727142356,-0.004559042804683333,0.007652956107423631,2.2389494331148727
22.984637009222237,0.004726479591747879,0.007652956107423631,2.239666873511863
22.99063331580859,0.03257260095968162,0.007652956107423631,2.2403282433702074
22.99662964730102,0.059325227572526895,0.007652956107423631,2.2409432278791996
23.00262600409912,0.04660683768862883,0.009283727493258447,2.241661279743492
23.00862238660249,0.021665970733245388,0.009283727493258447,2.2424214755656875
23.01461879521072,-0.003245973008047187,0.009283727493258447,2.243201179585315
23.020615230323415,-0.0061299102874552425,0.009283727493258447,2.2439979087127924
23.026611692340165,0.0018931511928808042,0.009283727493258447,2.244752261903826
23.032608181660567,0.001200176951315246,0.009283727493258447,2.245497648165725
23.038604698684225,0.0049551981506774645,0.009283727493258447,2.2462335428549656
23.044601243810728,-0.004725157686364945,0.009283727493258447,2.2469594245415374
23.050597817439677,0.0020463409950450817,0.009283727493258447,2.2476823785449263
23.05659441997067,-0.0010351948358455765,0.009283727493258447,2.248408511007563
23.062591051803295,0.027479275641827172,0.009283727493258447,2.2491372643739678
23.068587713337163,0.069245313465228,0.009283727493258447,2.2498570088117718
23.074584404971862,0.0715316281641134,0.009283727493258447,2.250568065915555
23.08058112710699,0.033479867230977955,0.009283727493258447,2.251381730846619
23.08657788014214,0.012345247189341269,0.009283727493258447,2.2519602533577827
23.092574664476913,-0.00813107400383517,0.009283727493258447,2.2524619288142365
23.098571480510905,0.003392227092452238,0.009283727493258447,2.2529030149784157
23.104568328643715,0.013810392170571006,0.009283727493258447,2.2532788706270592
23.110565209274938,0.012926056936020558,0.009283727493258447,2.2537008210284126
23.11656212280417,0.05051875594662958,0.009283727493258447,2.2541725237831045
23.122559069631013,0.11779466253702386,0.009283727493258447,2.2546977049462886
23.128556050155055,0.057101184580458764,0.009283727493258447,2.2552444038810355
23.134553064775897,0.002866178150668919,0.009283727493258447,2.2557860740185154
23.140550113893138,0.014950674654636842,0.009283727493258447,2.2563220020860797
23.146547197906365,0.0023551233117320436,0.009283727493258447,2.2568514760048313
23.152544317215188,-0.008976777145416115,0.009283727493258447,2.2573781784804674
23.158541472219206,0.01356392022948949,0.009283727493258447,2.2579069733752766
23.164538663317995,0.017172849224450726,0.009283727493258447,2.2584372523972904
23.170535890911175,-0.01028955433242551,0.009283727493258447,2.2589684196996
23.176533155398328,-0.0018641683785203256,0.009283727493258447,2.259499891880396
23.182530457179052,0.012965332480594505,0.009283727493258447,2.2599750459693833
23.188527796652956,0.0043562821207019375,0.009283727493258447,2.260499948441386
23.19452517421962,0.027298436723550257,0.009283727493258447,2.2609640460091907
23.200522590278652,0.07009164626810804,0.009283727493258447,2.2613632916479873
23.20652004522965,0.06851415676569639,0.009283727493258447,2.2617886151307767
23.2125175394722,0.025374840918763297,0.009283727493258447,2.262242750565196
23.218515073405907,0.018145430901160164,0.009283727493258447,2.262638871732273
23.224512647430366,0.012074674012922504,0.009283727493258447,2.2630977575022166
23.230510261945174,0.016789279400401647,0.009283727493258447,2.2635556671961394
23.23650791734993,0.06758576437631136,0.009283727493258447,2.2640115046150058
23.242505614044223,0.11430156924968626,0.009283727493258447,2.264464189747815
23.24850335242766,0.04368992257268456,0.009283727493258447,2.264912658771683
23.254501132899833,0.01789279353242268,0.009283727493258447,2.26535586405197
23.26049895586034,0.012030949739512131,0.009283727493258447,2.2659228843441266
23.266496821708774,0.00377543073402542,0.009283727493258447,2.266456031672267
23.272494730844734,-0.001060250416168973,0.009283727493258447,2.2669545690681954
23.278492683667817,0.004487891267043853,0.009283727493258447,2.2673537965126673
23.28449068057762,-0.0026526518433316326,0.009283727493258447,2.2678118381156835
23.29048872197374,-0.004174687981953085,0.009283727493258447,2.268280927509779
23.296486808255775,0.0020950547618943105,0.009283727493258447,2.268762387493545
23.302484939823323,-0.002294624600108097,0.009283727493258447,2.269286494939747
23.308483117075973,-0.007974829092536329,0.009283727493258447,2.2698550570838103
23.314481340413327,0.007326909964417094,0.009283727493258447,2.2704103496892096
23.320479610234987,0.0066896765432136185,0.009283727493258447,2.2709519345510607
23.32647792694054,-0.009753721729323761,0.009283727493258447,2.2714665593322634
23.332476290929584,0.002824260596697492,0.009283727493258447,2.271956154996769
23.33847470260173,0.0066075469625310745,0.009283727493258447,2.2724211716072915
23.344473162356557,-0.0006595881950772764,0.009283727493258447,2.2728192203826896
23.350471670593667,-0.008131227027529775,0.009283727493258447,2.273183156527565
23.356470227712663,0.014952381522043368,0.009283727493258447,2.273556458457961
23.362468834113137,0.017802324592515184,0.009283727493258447,2.273969196044445
23.368467490194682,0.008840860287818497,0.009283727493258447,2.2743070576443802
23.374466196356902,0.00914860785850724,0.009283727493258447,2.2746408112717758
23.38046495299939,0.006536754515509724,0.009283727493258447,2.274970591792002
23.386463760521742,-0.0031357996255603204,0.009283727493258447,2.2752690330635557
23.39246261932356,0.004328905919185999,0.009283727493258447,2.2755713424064874
23.398461529804433,0.00011362771285128304,0.009283727493258447,2.275864832751506
23.404460492363967,-0.008260830204577019,0.009283727493258447,2.2761496412239945
23.41045950740175,-0.0037111066004755777,0.009283727493258447,2.2764259206967177
23.41645857531738,0.007117702795074621,0.009283727493258447,2.276672913641259
23.422457696510463,-0.0086250822988716,0.009283727493258447,2.276889287946848
23.42845687138059,-0.01789318854866817,0.009283727493258447,2.277086462456432
23.43445610032735,0.013511996425628947,0.009283727493258447,2.277296723808565
23.44045538375035,2.303649503598848e-06,0.009283727493258447,2.277544963412171
23.446454722049182,-0.005964915343226185,0.009283727493258447,2.2777754702444692
23.452454115623446,0.013297426763157816,0.009283727493258447,2.2779886032843537
23.458453564872737,0.009052441452368498,0.009283727493258447,2.2782017794338003
23.46445307019665,-0.008264908501036228,0.009283727493258447,2.2783967613434086
23.47045263199479,0.002399768956619752,0.009283727493258447,2.278573778013249
23.47645225066674,0.007991182977744593,0.009283727493258447,2.278733074481078
23.482451926612104,-0.017678864227420377,0.009283727493258447,2.27887491182247
23.488451660230485,0.003046575933767226,0.009283727493258447,2.279055693732391
23.49445145192147,0.016967684818099293,0.009283727493258447,2.279267819359581
23.50045130208466,0.07083627063305276,0.009283727493258447,2.2795037697386356
23.506451211119654,0.08610693038789075,0.009283727493258447,2.2798490416838053
23.51245117942604,0.11050014714933765,0.009283727493258447,2.2801681238251907
23.51845120740343,0.036981799707834107,0.009283727493258447,2.2804109677251203
23.524451295451406,0.012982183547320059,0.009283727493258447,2.280630410219301
23.53045144396957,0.03701168537021049,0.009283727493258447,2.280826256108586
23.536451653357524,0.04106864798432763,0.009283727493258447,2.2809983286035784
23.542451924014856,0.01922421362383453,0.009283727493258447,2.281118955555188
23.54845225634117,0.003801084033854707,0.009283727493258447,2.281212183397095
23.554452650736057,0.027241052187785275,0.009283727493258447,2.2812777648179625
23.56045310759912,0.03832729121785272,0.009283727493258447,2.281332450695765
23.566453627329945,0.014798160029499297,0.009283727493258447,2.2813719461106743
23.572454210328146,0.01624158863044345,0.009283727493258447,2.2813589175945177
23.578454856993307,0.002341162661950058,0.009283727493258447,2.2811715711722798
23.584455567725026,-0.013355985188999497,0.009283727493258447,2.2810908515212045
23.590456342922902,0.029052463934616135,0.009283727493258447,2.280993391771834
23.59645718298653,0.05432503214442308,0.009283727493258447,2.2808834603664785
23.60245808831551,0.03774773399131348,0.009283727493258447,2.2808006258999285
23.608459059309435,0.015050148164263089,0.009283727493258447,2.2807410901542626
23.614460096367907,0.015296114545465755,0.009283727493258447,2.2806523215188594
23.620461199890517,0.014156371164203652,0.009283727493258447,2.2805343718685744
23.626462370276865,0.04576372779343929,0.009283727493258447,2.280387314092072
23.63246360792655,0.09018540629848726,0.009283727493258447,2.2801839926256875
23.63846491323916,0.09901065947377097,0.009283727493258447,2.2799585238214357
23.644466286614307,0.07580737465313003,0.009283727493258447,2.279697422392895
23.650467728451574,0.04150934383199667,0.009283727493258447,2.2794006357671597
23.65646923915056,0.013561215242637648,0.009283727493258447,2.279045603533403
23.662470819110865,7.669609073612804e-06,0.009283727493258447,2.278634004016638
23.668472468732084,0.00472862124354867,0.009283727493258447,2.2782687853914956
23.674474188413818,0.012931222941226395,0.009283727493258447,2.2778452807507272
23.68047597855566,0.0005872347914217535,0.009283727493258447,2.277326385468493
23.686477839557206,0.0021338212549624203,0.009283727493258447,2.2767671898898745
23.692479771818054,0.0074755888170865425,0.009283727493258447,2.2761675722410537
23.6984817757378,0.010680783672264216,0.009283727493258447,2.275519515227038
23.70448385171604,-0.0009772978145745626,0.009283727493258447,2.274860911752384
23.710486000152375,-0.005745425409176885,0.009283727493258447,2.274192420051401
23.7164882214464,0.00106544051805324,0.009283727493258447,2.2735431261533074
23.722490515997716,-0.005341459314591734,0.009283727493258447,2.2728510300568456
23.72849288420591,-0.0038770659279139252,0.009283727493258447,2.272115976023218
23.734495326470583,0.012679073800678786,0.009283727493258447,2.27132810365704
23.74049784319133,0.01062821250217727,0.009283727493258447,2.2705283580997593
23.746500434767754,0.037403670626952934,0.009283727493258447,2.2697202820846964
23.75250310159945,0.058222283993400126,0.009283727493258447,2.2688473385324404
23.758505844086013,0.017499465464470454,0.009283727493258447,2.2679088094083117
23.764508662627033,-0.006808927644393226,0.009283727493258447,2.2669380079015555
23.770511557622118,-0.0007832106853098431,0.009283727493258447,2.265995121476182
23.776514529470862,0.016909599765943195,0.009283727493258447,2.2650824566714682
23.782517578572858,-0.0006109575671211509,0.009283727493258447,2.2640844962525755
23.788520705327706,0.0021690257835746962,0.009283727493258447,2.263006877182268
23.794523910135,0.005231937550236321,0.009283727493258447,2.261840242537247
23.800527193394338,0.020378236832856444,0.009283727493258447,2.2606360558100613
23.80653055550532,0.01084358545629982,0.009283727493258447,2.2593802316318943
23.812533996867536,0.05661696651218495,0.009283727493258447,2.2580725620998345
23.81853751788059,0.0798919346849365,0.009283727493258447,2.256784775549498
23.824541118944076,0.029143319116923472,0.009283727493258447,2.255443768049318
23.83054480045759,-0.0017510659607058443,0.009283727493258447,2.2540484478349976
23.836548562820727,0.010863267567674306,0.009283727493258447,2.2526930389832827
23.84255240643309,0.0029063144925403073,0.009283727493258447,2.251322060661929
23.84855633169427,0.023870405397968586,0.009283727493258447,2.2499355635168374
23.85456033900386,0.06404008162690511,0.009283727493258447,2.2485336210535785
23.86056442876147,0.1055308957081671,0.009283727493258447,2.2471081414143352
23.866568601366687,0.07566876743503848,0.009283727493258447,2.2455949402831368
23.87257285721911,0.046635859979914596,0.009283727493258447,2.2439983830107595
23.878577196718336,0.032101992903925236,0.009283727493258447,2.2423732537431365
23.884581620263962,0.01022373801523857,0.009283727493258447,2.240721748483351
23.890586128255585,0.03480938296894198,0.009283727493258447,2.238963575464944
23.8965907210928,0.06296369347199837,0.009283727493258447,2.237444494522271
23.902595399175205,0.03178663945740512,0.009283727493258447,2.236046606108757
23.908600162902395,-0.015633516687735938,0.009283727493258447,2.2345480676793987
23.91460501267397,-0.0013869939819515231,0.009283727493258447,2.2329567075565837
23.920609948889528,0.008091696548948146,0.009283727493258447,2.2314262350258733
23.92661497194866,0.0379839141732532,0.009283727493258447,2.2299532423943482
23.932620082250967,0.03999369466481806,0.009283727493258447,2.228400174204279
23.938625280196046,0.07033678943099186,0.009283727493258447,2.226773940496998
23.94463056618349,0.07382196523877882,0.009283727493258447,2.2251368836178687
23.9506359406129,0.005582661763316121,0.009283727493258447,2.223509595874992
23.956641403883875,0.01598314969215142,0.009283727493258447,2.2218932495434935
23.962646956396,-8.073670803288024e-05,0.009283727493258447,2.220356491194859
23.968652598548886,0.0008670531669139336,0.009283727493258447,2.2187872859273816
23.97465833074212,0.0007478380776513305,0.009283727493258447,2.217189227679709
23.980664153375304,0.0023060989672032406,0.009283727493258447,2.2155658721948166
23.98667006684803,-0.0013538050062371632,0.009283727493258447,2.2139896617362447
23.992676071559902,0.007830440000244465,0.009283727493258447,2.2124093044704134
23.998682167910513,0.01516146868569912,0.009283727493258447,2.2108278355288205
24.004688356299457,0.02364012748587685,0.009283727493258447,2.209270260442076
24.010694637126335,-0.005107385472822301,0.009283727493258447,2.207737915734324
24.016701010790744,0.018647468674665824,0.009283727493258447,2.2062321462679115
24.022707477692276,0.0123803122116799,0.009283727493258447,2.2047982807105297
24.02871403823053,-0.004723187202566148,0.009283727493258447,2.203421780047444
24.034720692805106,-0.0020010664531255884,0.009283727493258447,2.2019343204527955
24.040727441815598,-0.002777938703991456,0.009283727493258447,2.200475397818357
24.0467342856616,0.013153763725202161,0.009283727493258447,2.199044800990666
24.052741224742714,-0.0020884036960224783,0.009283727493258447,2.197642323187917
24.058748259458536,0.009794899242677069,0.009283727493258447,2.1962514282988037
24.064755390208656,0.012205448119946283,0.009283727493258447,2.194873155353127
24.070762617392685,-0.004319853475788449,0.009283727493258447,2.193508529169183
24.076769941410205,-0.0021993947399114866,0.009283727493258447,2.1921736445874553
24.08277736266082,0.0022747067781927477,0.009283727493258447,2.190878193152977
24.08878488154413,0.004540480644054767,0.009283727493258447,2.1895778129923573
24.09479249845972,0.01740864152859034,0.009283727493258447,2.1883131175135464
24.100800213807197,0.03282229338432607,0.009283727493258447,2.1870849770375145
24.10680802798616,0.018243797383526328,0.009283727493258447,2.1858945701950825
24.112815941396196,0.0023052132080323418,0.009283727493258447,2.184687611520139
24.11882395443691,-0.007953694101133113,0.009283727493258447,2.183454843231212
24.12483206750789,0.005649100882266556,0.009283727493258447,2.1822501784037485
24.13084028100874,-0.008441234862152758,0.009283727493258447,2.1810743418475704
24.13684859533906,0.0018392003777676358,0.009283727493258447,2.179941866827463
24.14285701089844,0.0036577632927832227,0.009283727493258447,2.1788529919829753
24.148865528086475,0.03172542028801484,0.009283727493258447,2.177809339267559
24.154874147302767,0.017996783156631224,0.009283727493258447,2.1768125399279388
24.160882868946914,-0.0003761922389293737,0.009283727493258447,2.175840681311464
24.166891693418503,0.007086806805456369,0.009283727493258447,2.174892192069219
24.172900621117144,-0.010445521471266872,0.009283727493258447,2.1739350482223716
24.178909652442428,-0.01604886477602463,0.009283727493258447,2.173084155642248
24.184918787793947,0.011039146876349104,0.009283727493258447,2.172275186154819
24.190928027571307,0.011416006466089534,0.009283727493258447,2.1714486309790777
24.196937372174098,-0.0014741711389767431,0.009283727493258447,2.1706827214302344
24.20294682200192,0.0023993764767977765,0.009283727493258447,2.1699822614520023
24.208956377454367,0.011079774535970088,0.009283727493258447,2.1693239483856432
24.214966038931035,0.004509491778486918,0.009283727493258447,2.16870867081665
24.220975806831525,-0.00025091455775205773,0.009283727493258447,2.168137314109872
24.226985681555433,0.0028216729047492173,0.009283727493258447,2.1676107604094215
24.232995663502358,0.010887190395830082,0.009283727493258447,2.167129888638584
24.23900575307189,-0.0038542153916605315,0.009283727493258447,2.1666730093723765
24.245015950663632,0.01643840345649128,0.009283727493258447,2.166238460375536
24.25102625667717,0.01473333204700733,0.009283727493258447,2.165795920999157
24.257036671512118,0.017220727199874553,0.009283727493258447,2.165397652330293
24.263047195568063,-0.009126223414009704,0.009283727493258447,2.165042529090604
24.2690578292446,0.013495253429249843,0.009283727493258447,2.164730870115593
24.275068572941326,0.01139711809583055,0.009283727493258447,2.1645021970822476
24.281079427057843,0.004297700199905385,0.009283727493258447,2.164295048527567
24.287090391993743,0.0015084868538104423,0.009283727493258447,2.1641112762874446
24.293101468148627,0.006741757963210748,0.009283727493258447,2.1639527107300123
24.299112655922087,0.02110030138166641,0.009283727493258447,2.163734250115037
24.30512395571373,-0.014252883640792025,0.009283727493258447,2.16347317290211
24.311135367923136,0.01767752648958698,0.009283727493258447,2.163163203071185
24.317146892949914,0.026554534048045753,0.009283727493258447,2.1627979759289624
24.32315853119366,0.009244247640252556,0.009283727493258447,2.1625163018088838
24.329170283053966,-0.010366005946291335,0.009283727493258447,2.162369938182415
24.335182148930436,0.0073007235800548465,0.009283727493258447,2.162165612593763
24.341194129222654,0.0028481737513481598,0.009283727493258447,2.1619879004397027
24.34720622433023,0.004231091005464815,0.009283727493258447,2.1618361819832117
24.353218434652753,0.016667571448212293,0.009283727493258447,2.161709831790647
24.359230760589828,0.0035512795620538107,0.009283727493258447,2.161608218731458
24.36524320254104,-0.0035737575486138873,0.009283727493258447,2.161535324993137
24.371255760905996,0.011948358506720602,0.009283727493258447,2.161490158109404
24.37726843608429,0.02326989451373107,0.009283727493258447,2.1614774459017863
24.38328122847551,0.004982703401777755,0.009283727493258447,2.1614839758217808
24.38929413847927,0.0013422788534063201,0.009283727493258447,2.1615213531500608
24.39530716649515,0.010044269026764141,0.009283727493258447,2.1615302972560793
24.40132031292276,0.02622744443351488,0.009283727493258447,2.1617008960432416
24.407333578161687,0.01300192553825763,0.009283727493258447,2.1618754653634755
24.413346962611534,0.00746164183401854,0.009283727493258447,2.161981571084337
24.419360466671893,0.024445836106694596,0.009283727493258447,2.162016579930082
24.425374090742366,0.01741438400725004,0.009283727493258447,2.1620372127233054
24.431387835222544,-0.006256897422969754,0.009283727493258447,2.162150267353712
24.43740170051203,0.004601289518495477,0.009283727493258447,2.1622346890952757
24.443415687010415,0.019278982679684198,0.009283727493258447,2.162320896437558
24.449429795117304,0.007157594680271551,0.009283727493258447,2.1625028418416843
24.455444025232282,0.0006240680338800431,0.009283727493258447,2.1626842536969395
24.461458377754955,0.012098922774034904,0.009283727493258447,2.162820305876691
24.467472853084914,0.008344953006902855,0.009283727493258447,2.1629592853083928
24.47348745162176,0.0012952382201927293,0.009283727493258447,2.1630624533342893
24.479502173765088,0.07359783908562711,0.009283727493258447,2.163026243645203
24.48064690366251,0.017402179621216707,0.009283727493258447,2.163040139102191
24.486648827453575,0.054798107146445396,0.009283727493258447,2.1632127648026342
24.492650719281176,0.04834798420576103,0.009283727493258447,2.163268074279846
24.498652579401906,0.028302592395832882,0.009283727493258447,2.163278054449936
24.504654408072334,0.02876417692457167,0.009283727493258447,2.1632861071097893
24.51065620554904,0.03442990906967536,0.009283727493258447,2.1632817582845862
24.516657972088606,0.0575427911622417,0.009283727493258447,2.1632643114007273
24.52265970794761,0.0724908551180512,0.009283727493258447,2.1631210979117244
24.528661413382633,0.08608673542071665,0.009283727493258447,2.163030484034281
24.534663088650248,0.08058816496740073,0.009283727493258447,2.1628850433284788
24.540664734007034,0.054259370898553705,0.009283727493258447,2.1626969927839292
24.54666634970958,0.03963387359942416,0.009283727493258447,2.162505407320051
24.552667936014455,0.036997052914133466,0.009283727493258447,2.1623099212494292
24.55866949317824,0.013512335115453133,0.009283727493258447,2.1621101671747986
24.564671021457517,0.0011531110446916237,0.009283727493258447,2.1619057759888793
24.57067252110886,0.006045503122246387,0.009283727493258447,2.161696376874194
24.576673992388855,0.005309802227925431,0.009283727493258447,2.1614186327193847
24.582675435554073,-0.002279915785428077,0.009283727493258447,2.1610622262005155
24.588676850861095,0.0020888371905187775,0.009283727493258447,2.1607704191726738
24.5946782385665,0.011201936830902426,0.009283727493258447,2.160544444476896
24.60067959892687,0.01720113826836478,0.009283727493258447,2.160332340516019
24.606680932198785,0.05006421601909228,0.009283727493258447,2.16008895434042
24.612682238638815,0.07672754196442799,0.009283727493258447,2.159845454940972
24.61868351850355,0.05524585071647792,0.009283727493258447,2.1596013866627404
24.624684772049562,0.014234123545341149,0.009283727493258447,2.1593562985806587
24.630685999533426,0.003053203356221168,0.009283727493258447,2.1591062879513867
24.63668720121173,0.030149452761493833,0.009283727493258447,2.1588506627730375
24.642688377341052,0.03875237330566916,0.009283727493258447,2.158552111259095
24.648689528177965,0.021535302020194713,0.009283727493258447,2.1582312846788083
24.65469065397905,0.0016065290853397585,0.009283727493258447,2.157886540336682
24.660691755000887,0.005044537776252245,0.009283727493258447,2.157568951903519
24.666692831500054,0.01142070574381604,0.009283727493258447,2.1572728574096622
24.672693883733135,-0.002854237961324113,0.009283727493258447,2.1570612518739165
24.6786949119567,0.01170893168363607,0.009283727493258447,2.156933541801939
24.684695916427334,0.018317573795867848,0.009283727493258447,2.156847758707834
24.69069689740161,0.009937111846222813,0.009283727493258447,2.1568005423019967
24.696697855136115,0.0026197068409512525,0.009283727493258447,2.156748748808531
24.70269878988742,0.006191517111618694,0.009283727493258447,2.1566862817720094
24.708699701912114,0.01030917945222587,0.009283727493258447,2.1564937366094017
24.714700591466762,0.013431705347645373,0.009283727493258447,2.156281305448246
24.720701458807955,0.010154220885214116,0.009283727493258447,2.15605996122423
24.726702304192266,-0.0046054033228433156,0.009283727493258447,2.15578639426354
24.732703127876274,0.0025190246325932364,0.009283727493258447,2.155399760277761
24.73870393011656,0.0035212734184955075,0.009283727493258447,2.1550404330035673
24.744704711169703,0.01849411880292262,0.009283727493258447,2.1547146424256858
24.750705471292278,0.02086300750629988,0.009283727493258447,2.1543689183262273
24.75670621074087,0.011261382760466176,0.009283727493258447,2.1539858853224754
24.76270692977205,0.017412444774868252,0.009283727493258447,2.1535931702407103
24.768707628642403,0.02565477496157831,0.009283727493258447,2.1531116305302023
24.77470830760851,0.017637233283664955,0.009283727493258447,2.1526499322342145
24.78070896692694,-0.0012280651999341252,0.009283727493258447,2.152209398044237
24.786709606854284,0.007027524829688048,0.009283727493258447,2.1518048841825532
24.792710227647113,-0.0013411069596198644,0.009283727493258447,2.151268950545357
24.798710829562005,-0.012818310445182224,0.009283727493258447,2.1506643251316193
24.80471141285554,-0.010346290400327973,0.009283727493258447,2.1500634514520063
24.810711977784305,-0.002271861513084783,0.009283727493258447,2.1494441198464616
24.816712524604867,-0.005733220960549179,0.009283727493258447,2.148806115833395
24.822713053573807,-0.0040414092376370725,0.009283727493258447,2.1481492334671346
24.828713564947716,-0.01221508954322248,0.009283727493258447,2.1474259182985964
24.83471405898316,0.0011188692741503914,0.009283727493258447,2.146632548835747
24.840714535936723,-0.0073338806345724095,0.009283727493258447,2.1459436906715412
24.84671499606498,-0.017137380886864673,0.009283727493258447,2.145228843529024
24.85271543962451,-0.017612963186843356,0.009283727493258447,2.1445308237447196
24.8587158668719,-0.014007389986470997,0.009283727493258447,2.1438455628958915
24.86471627806372,-0.012456204479521116,0.009283727493258447,2.1431866310885233
24.87071667345655,0.0008160388330820112,0.009283727493258447,2.142551332511925
24.876717053306976,0.008851325378225194,0.009283727493258447,2.1419602695616256
24.88271741787157,-0.0043325669439555625,0.009283727493258447,2.14136125813604
24.888717767406913,-0.014803703566339088,0.009283727493258447,2.1407635397208824
24.894718102169584,-0.004276805933293382,0.009283727493258447,2.1401729306466972
24.90071842241616,0.0003327476290415632,0.009283727493258447,2.1395371685345235
24.906718728403224,0.00929384345244122,0.009283727493258447,2.1388184383080935
24.91271902038735,0.028357876886232702,0.009283727493258447,2.1380943133231884
24.918719298625117,0.02720100381498769,0.009283727493258447,2.137363598484091
24.92471956337311,0.004114349376344251,0.009283727493258447,2.136625135881646
24.9307198148879,-0.001578227201946003,0.009283727493258447,2.1358778047931803
24.93672005342607,0.011738907969812029,0.009283727493258447,2.1351205216824107
24.9427202792442,0.04178006233754683,0.009283727493258447,2.1342503965253368
24.94872049259887,0.04375524947095544,0.009283727493258447,2.133372277599972
24.95472069374665,0.022606660110085386,0.009283727493258447,2.1324426351811825
24.96072088294413,0.01800813785675004,0.009283727493258447,2.1314639311542942
24.96672106044788,0.04432894272961585,0.009283727493258447,2.13042761212274
24.97272122651449,0.04624536992580763,0.009283727493258447,2.1293353115546996
24.978721381400526,0.04212010667548638,0.009283727493258447,2.1281850495646273
24.98472152536257,0.048147080076929694,0.009283727493258447,2.126988869693295
24.99072165865721,0.044264506180204055,0.009283727493258447,2.1257580404582157
24.996721781541016,0.007182466087952921,0.009283727493258447,2.1245773456967436
25.00272189427057,-0.007705577774748118,0.009283727493258447,2.1233408069329904
25.008721997102448,0.013693799734432854,0.009283727493258447,2.1221156313102587
25.014722090293233,0.018480697143789637,0.009283727493258447,2.120900734024059
25.0207221740995,0.02441538760150941,0.009283727493258447,2.119767455604173
25.026722248777833,0.07161689376074198,0.009283727493258447,2.11853119488556
25.032722314584806,0.1174094561874588,0.009283727493258447,2.117199071733533
25.038722371777,0.08894168926434398,0.009283727493258447,2.1159806519865896
25.044722420610988,0.02653453005334594,0.009283727493258447,2.1148134382742585
25.050722461343362,0.0061515891001415746,0.009283727493258447,2.113552848152898
25.056722494230687,0.036714391764092635,0.009283727493258447,2.112156677498858
25.06272251952955,0.08163675982935992,0.009283727493258447,2.110695450746211
25.06872253749653,0.07233554870763781,0.009283727493258447,2.1091749192464544
25.074722548388202,0.0392709549871908,0.009283727493258447,2.1076479764315015
25.080722552461143,0.04843800358519479,0.009283727493258447,2.106073030353473
25.08672254997194,0.129871953006218,0.009283727493258447,2.104510981496685
25.092722541177167,0.10621431350634802,0.009283727493258447,2.1029639408375456
25.0987225263334,0.040126010594189854,0.009283727493258447,2.101460633659304
25.104722505697225,-0.015069261021408487,0.009283727493258447,2.099977140406989
25.110722479525215,-0.017154812475119297,0.009283727493258447,2.0984920133225877
25.11672244807395,0.0024834224382255243,0.009283727493258447,2.0970309236689877
25.122722411600012,-0.0046681057568993545,0.009283727493258447,2.095540028612685
25.128722370359977,-0.008048654792117915,0.009283727493258447,2.0940780396918965
25.134722324610422,0.0037023579495083503,0.009283727493258447,2.0924834414420035
25.140722274607928,0.05380584224492013,0.009283727493258447,2.0909069639671505
25.146722220609075,0.07977458461511144,0.009283727493258447,2.089327537901023
25.152722162870443,0.048710648660755584,0.009283727493258447,2.0877467018406444
25.158722101648607,0.02674799171808484,0.009283727493258447,2.0861659781553366
25.16472203720015,0.06220693030465796,0.009283727493258447,2.0845868729867614
25.170721969781646,0.07125800542193783,0.009283727493258447,2.0830059020461507
25.176721899649678,0.01800284230185234,0.009283727493258447,2.0814241785870795
25.182721827060824,-0.0031778075327442146,0.009283727493258447,2.07984875441849
25.188721752271658,-0.0053067944348104135,0.009283727493258447,2.078280248312982
25.19472167553877,-0.005517016610060654,0.009283727493258447,2.076725676105503
25.200721597118726,0.007887217098533128,0.009283727493258447,2.075186091769059
25.20672151726811,0.04450831629314811,0.009283727493258447,2.0735352848941524
25.212721436243505,0.0965707843877821,0.009283727493258447,2.0719250500901643
25.218721354301486,0.10166987016754314,0.009283727493258447,2.07035560690757
25.224721271698634,0.06135255893012692,0.009283727493258447,2.068829269739987
25.230721188691525,0.030305837655979495,0.009283727493258447,2.0674855539816974
25.236721105536738,0.00245695192452855,0.009283727493258447,2.065871113410482
25.242721022490855,0.015082782948249829,0.009283727493258447,2.064296197537483
25.248720939810454,0.07035130237224774,0.009283727493258447,2.062811467544889
25.25472085775211,0.11841745830117345,0.009283727493258447,2.061211134194953
25.260720776572402,0.10084866446108798,0.009283727493258447,2.0595966383700213
25.266720696527916,0.028249381956373387,0.009283727493258447,2.0580710784812046
25.272720617875223,-0.003095340643216371,0.009283727493258447,2.0565727780598717
25.27872054087091,-0.00902082109243052,0.009283727493258447,2.0551479828836055
25.28472046577155,-0.010017661877930628,0.009283727493258447,2.0537452848453457
25.29072039283372,-0.029386014114269887,0.009283727493258447,2.0523496692441636
25.296720322314002,-0.015022988307066054,0.009283727493258447,2.0508679314597433
25.302720254468976,-0.012841741134827611,0.009283727493258447,2.0495334764200464
25.30872018955522,-0.007947807021893016,0.009283727493258447,2.048265602300283
25.314720127829315,0.02435229595441646,0.009283727493258447,2.047026380084959
25.320720069547832,0.05094776338123319,0.009283727493258447,2.0458180853165775
25.32672001496736,0.037983848409735455,0.009283727493258447,2.044642983616826
25.33271996434447,-0.005548912735916733,0.009283727493258447,2.0435033306865424
25.338719917935745,-0.018067991809837203,0.009283727493258447,2.0423383961003703
25.34471987599776,-0.01067899499936198,0.009283727493258447,2.0412530394743422
25.3507198387871,-0.01254040515963828,0.009283727493258447,2.040250731177743
25.356719806560342,0.022411848309170423,0.009283727493258447,2.039295542886675
25.36271977957406,0.07677359822892305,0.009283727493258447,2.038388167409527
25.368719758084836,0.08808218451484562,0.009283727493258447,2.037529295959914
25.374719742349253,0.031212679984698344,0.009283727493258447,2.036760119236348
25.380719732623884,-0.002630150652526364,0.009283727493258447,2.0359750696901138
25.38671972916531,-0.001764380020933043,0.009283727493258447,2.0352344480615723
25.39271973223011,-0.0019524695137387305,0.009283727493258447,2.034539509866539
25.39871974207486,-0.004185647979940033,0.009283727493258447,2.033861921148863
25.404719758956148,-0.0007926081774773941,0.009283727493258447,2.0332007729659782
25.410719783130542,0.00336235295424947,0.009283727493258447,2.0326124915883366
25.416719814854623,0.009284471209160206,0.009283727493258447,2.032100242050312
25.422719854384972,-0.015573996392491019,0.009283727493258447,2.0316355789109286
25.428719901978177,-0.022071193763000707,0.009283727493258447,2.0312194129732797
25.434719957890795,-0.00143053038819696,0.009283727493258447,2.030852640432822
25.440720022379427,-0.013351772894415692,0.009283727493258447,2.0305361428773665
25.44672009570064,-0.020886005439355593,0.009283727493258447,2.0302766791487503
25.452720178111015,-0.01546075231367583,0.009283727493258447,2.030085765168125
25.458720269867133,0.00583377653442918,0.009283727493258447,2.0299629574750933
25.464720371225567,0.012741557024206429,0.009283727493258447,2.029907817365142
25.470720482442903,0.002326362003419291,0.009283727493258447,2.029904560075905
25.476720603775718,0.005057795679835664,0.009283727493258447,2.0298816208628123
25.48272073548059,0.004634388837288395,0.009283727493258447,2.0298361483769236
25.488720877814096,0.005072271342215551,0.009283727493258447,2.0297652103907105
25.494721031032817,0.00020956161004193063,0.009283727493258447,2.029709185274746
25.500721195393332,-0.0027034800763390265,0.009283727493258447,2.0295602904315904
25.50672137115222,0.02545326830653938,0.009283727493258447,2.029319794842304
25.512721558566057,-0.003849434266637086,0.009283727493258447,2.029077509726224
25.518721757891424,-0.0067793553134269935,0.009283727493258447,2.028827198856283
25.524721969384903,-0.0049128463395407,0.009283727493258447,2.0286627807796798
25.530722193303067,-0.008395569641813871,0.009283727493258447,2.028588963543581
25.5367224299025,-0.0017568455984711129,0.009283727493258447,2.0284997176967305
25.542722679439773,0.011882860219235347,0.009283727493258447,2.0284485782209374
25.548722942171477,0.009463545513270333,0.009283727493258447,2.0284363796634715
25.55472321835418,0.008843971991080224,0.009283727493258447,2.028463952653281
25.560723508244468,0.011394378950907669,0.009283727493258447,2.028532123900963
25.566723812098918,0.05802648972183455,0.009283727493258447,2.028641716198755
25.572724130174105,0.10764084610035374,0.009283727493258447,2.028764505576298
25.578724462726612,0.06788864493079716,0.009283727493258447,2.028899202449562
25.584724810013014,0.038478136496216564,0.009283727493258447,2.029044482592472
25.590725172289897,0.030442157798695302,0.009283727493258447,2.029198987136895
25.596725549813833,0.05472375017377562,0.009283727493258447,2.029346817682293
25.602725942841403,0.1058216117793993,0.009283727493258447,2.0295863424505844
25.608726351629183,0.11784562356198602,0.009283727493258447,2.0299223399858217
25.614726776433763,0.07824600731595233,0.009283727493258447,2.0303142771036375
25.620727217511707,0.029729337100877107,0.009283727493258447,2.030759957860223
25.626727675119607,0.003893864413381465,0.009283727493258447,2.0312571970906728
25.63272814951403,-0.010570035337450712,0.009283727493258447,2.031781174466805
25.638728640951562,0.005738438945271707,0.009283727493258447,2.0323314418541414
25.64472914968878,0.005175193478029083,0.009283727493258447,2.03290753610752
25.650729675982266,9.864886625488012e-05,0.009283727493258447,2.0335089790710112
25.65673022008859,0.006062557020634962,0.009283727493258447,2.034135277577909
25.662730782264344,0.010358113073060338,0.009283727493258447,2.034738989867641
25.668731362766096,-0.0023134501146411246,0.009283727493258447,2.035316191760624
25.67473196185043,-0.015372761461644124,0.009283727493258447,2.0358628944144357
25.68073257977392,-0.003586744429445954,0.009283727493258447,2.0366651463108596
25.68673321679315,0.0216128389655057,0.009283727493258447,2.0373329282469266
25.6927338731647,0.048881413435447385,0.009283727493258447,2.0377893582242614
25.698734549145144,0.010831295513207717,0.009283727493258447,2.038217281991864
25.704735244991063,-0.002898028301219213,0.009283727493258447,2.038612907566142
25.71073596095904,0.015271068198497328,0.009283727493258447,2.0390164617023108
25.716736697305645,0.028772512825947505,0.009283727493258447,2.039497778404054
25.72273745428746,0.038483719449596165,0.009283727493258447,2.0399785605044656
25.72873823216107,0.028581395385361752,0.009283727493258447,2.0404536867922607
25.734739031183047,0.006121136956768858,0.009283727493258447,2.0408829552180756
25.740739851609977,0.006083631174948589,0.009283727493258447,2.0412464845832226
25.746740693698428,0.0013523296507260696,0.009283727493258447,2.0415795540736292
25.752741557704987,0.010403056986012071,0.009283727493258447,2.0419878213603235
25.75874244388623,0.03163176922143007,0.009283727493258447,2.0423695069072356
25.764743352498737,0.026453688828194988,0.009283727493258447,2.0427669640213564
25.77074428379909,-0.0038804718300768926,0.009283727493258447,2.043216328136845
25.77674523804386,-0.008291670712275323,0.009283727493258447,2.0435886866343926
25.782746215489635,0.012498090611500867,0.009283727493258447,2.0439986398838066
25.788747216392988,0.03689806405876128,0.009283727493258447,2.0444065905599818
25.794748241010495,0.007294259619840648,0.009283727493258447,2.0448021963218306
25.80074928959874,0.005025481399465459,0.009283727493258447,2.0452298935762827
25.806750362414306,0.02350822339902292,0.009283727493258447,2.045604471027623
25.812751459713763,0.02944110333848382,0.009283727493258447,2.045988984764528
25.818752581753692,0.006399167356395896,0.009283727493258447,2.0463177813061444
25.824753728790675,-0.0008323976013371315,0.009283727493258447,2.0467007650943514
25.83075490108129,0.006790956068177589,0.009283727493258447,2.0469210088752727
25.836756098882113,0.0226438836552032,0.009283727493258447,2.047163674841335
25.842757322449724,-0.0017472071526940525,0.009283727493258447,2.047435875485357
25.84875857204071,-0.0019091668555279995,0.009283727493258447,2.0475266789371744
25.854759847911637,0.03441705920243088,0.009283727493258447,2.047478743840652
25.86076115031909,0.03705290152844842,0.009283727493258447,2.0474372321693646
25.866762479519647,-0.0051900007708653995,0.009283727493258447,2.0474807381344236
25.87276383576989,-0.010239345325115501,0.009283727493258447,2.0475509734026747
25.878765219326397,0.014878266519919858,0.009283727493258447,2.047651134660125
25.88476663044574,0.013381005614589547,0.009283727493258447,2.047732198432101
25.890768069384507,-0.007517878335690842,0.009283727493258447,2.0477936722491337
25.896769536399272,-0.010656526376469522,0.009283727493258447,2.0478672263486106
25.902771031746614,0.024690840179154794,0.009283727493258447,2.047907490345735
25.908772555683107,0.018646699056919847,0.009283727493258447,2.047946186206225
25.914774108465345,0.0001436926357332169,0.009283727493258447,2.0480028871643103
25.920775690349892,0.007870768869743472,0.009283727493258447,2.048073152665184
25.926777301593336,0.020911399248820572,0.009283727493258447,2.0479247083364402
25.93277894245225,0.007173741223985175,0.009283727493258447,2.0478246785417418
25.938780613183212,0.01716624812210199,0.009283727493258447,2.0476104183924964
25.944782314042808,0.027753328363631535,0.009283727493258447,2.0474459778311234
25.950784045287612,0.021228333457392168,0.009283727493258447,2.0473256240893525
25.9567858071742,0.010871846686900444,0.009283727493258447,2.047197484024
25.96278759995916,0.021097542320967833,0.009283727493258447,2.0470622706293513
25.96878942389906,0.02158062908615266,0.009283727493258447,2.046941540964645
25.97479127925049,0.04814305282885378,0.009283727493258447,2.046834444761208
25.98079316627002,0.07333267792093778,0.009283727493258447,2.0467144299881106
25.986795085214226,0.07398155374854332,0.009283727493258447,2.0465826581819133
25.992797036339702,0.05004055687200504,0.009283727493258447,2.0464338744983523
25.998799019903014,0.06988788862150797,0.009283727493258447,2.0462687793028738
26.004801036160742,0.07959829120107109,0.009283727493258447,2.0460880681412505
26.01080308536947,0.09676546460992919,0.009283727493258447,2.0458924317394667
26.016805167785776,0.06663943695730623,0.009283727493258447,2.0456761376182815
26.02280728366624,0.0401197989912192,0.009283727493258447,2.0454394017466027
26.02880943326743,0.0034013923736475604,0.009283727493258447,2.0451824284822084
26.034811616845936,0.0111711267916621,0.009283727493258447,2.0449054105716833
26.040813834658337,0.041741559647420434,0.009283727493258447,2.044473349635511
26.046816086961204,0.07170139443036394,0.009283727493258447,2.044193335337593
26.05281837401112,0.0831646574453746,0.009283727493258447,2.044043381432436
26.058820696064668,0.0622108424140686,0.009283727493258447,2.0437833939492194
26.064823053378426,0.026343832879987872,0.009283727493258447,2.043449447596609
26.070825446208964,0.010566049323498916,0.009283727493258447,2.0431421508353216
26.07682787481287,0.006752666673675911,0.009283727493258447,2.0428027041430883
26.08283033944672,-0.01981764433108424,0.009283727493258447,2.0423962992200377
26.088832840367086,-0.014842584237117595,0.009283727493258447,2.0421014707351937
26.094835377830563,0.0022981107819073365,0.009283727493258447,2.0419701031011295
26.100837952093716,0.015679092883869483,0.009283727493258447,2.041803188666601
26.106840563413126,0.0015650786366969704,0.009283727493258447,2.0414878331627087
26.112843212045384,0.00995989094127303,0.009283727493258447,2.0410323733327576
26.11884589824705,0.010102601431290381,0.009283727493258447,2.0405784724227165
26.124848622274715,0.0042249170762800325,0.009283727493258447,2.0401273668239504
26.13085138438495,-0.0052133318762015435,0.009283727493258447,2.039680301847145
26.136854184834345,-0.004556946978234944,0.009283727493258447,2.039294160493701
26.14285702387947,0.011272962167918177,0.009283727493258447,2.03898803048202
26.14885990177691,0.020345661065978238,0.009283727493258447,2.0385652035942523
26.154862818783233,0.022230568954993313,0.009283727493258447,2.038071055524034
26.16086577515503,0.021821421881773606,0.009283727493258447,2.037510534637623
26.166868771148874,0.04185696384748416,0.009283727493258447,2.036888511717894
26.172871807021345,-0.010533096520255025,0.009283727493258447,2.0362097799638255
26.17887488302902,-0.0030267106639469965,0.009283727493258447,2.035541531917925
26.184877999428483,-0.0055809404291351505,0.009283727493258447,2.0348400576256394
26.19088115647631,0.034438445705829324,0.009283727493258447,2.0342132177007985
26.196884354429077,0.006619712170643499,0.009283727493258447,2.0336067157707305
26.202887593543366,-0.0081147089600897,0.009283727493258447,2.0330210772195736
26.208890874075756,0.031008138625078896,0.009283727493258447,2.0324568299426162
26.214894196282824,0.014629706373078033,0.009283727493258447,2.0319145043463065
26.220897560421143,-0.005231032548815406,0.009283727493258447,2.0313982950079175
26.226900966747305,-0.014796860261743205,0.009283727493258447,2.030908459994004
26.232904415517886,0.011809172880634655,0.009283727493258447,2.0304464223259844
26.23890790698946,0.02067615422366309,0.009283727493258447,2.0300123656939766
26.244911441418605,0.03645491099490483,0.009283727493258447,2.0296064817868897
26.250915019061903,0.05117634322354414,0.009283727493258447,2.0292289702925386
26.256918640175932,0.052147633644269664,0.009283727493258447,2.0288736939706866
26.262922305017273,0.03670766226922373,0.009283727493258447,2.0286354214124054
26.2689260138425,0.008891154184291317,0.009283727493258447,2.0283449038698906
26.27492976690819,0.018048747151317546,0.009283727493258447,2.02790886196216
26.28093356447094,0.0059395168352556205,0.009283727493258447,2.027435154058204
26.286937406787306,0.018506659815772597,0.009283727493258447,2.0269886282303773
26.292941294113874,0.008216482229611799,0.009283727493258447,2.026570256690863
26.298945226707232,-0.0020759891379484863,0.009283727493258447,2.0261810177486104
26.30494920482395,-0.0007968022761257743,0.009283727493258447,2.025775167667309
26.310953228720606,0.003039408591653192,0.009283727493258447,2.025459509671749
26.316957298653783,0.00385739592411527,0.009283727493258447,2.0252395180876066
26.322961414880062,-0.014377932222239487,0.009283727493258447,2.0251471829630825
26.328965577656014,-0.0002995278662862866,0.009283727493258447,2.025070759648713
26.334969787238226,-0.005103188603450715,0.009283727493258447,2.0250113776714658
26.34097404388327,0.00812251348723425,0.009283727493258447,2.024970159208139
26.34697834784773,0.016549515046444974,0.009283727493258447,2.024948219085296
26.352982699388182,-0.0005117962706755463,0.009283727493258447,2.024946664779205
26.358987098761208,0.01904862909312044,0.009283727493258447,2.0249665964157826
26.36499154622338,-0.00045286697685620325,0.009283727493258447,2.025009106770547
26.37099604203129,0.010393650240528629,0.009283727493258447,2.0250752812685424
26.3770005864415,-0.00438124124275463,0.009283727493258447,2.025166197984277
26.383005179710604,0.021986518973884372,0.009283727493258447,2.0252829276416926
26.38900982209517,0.011732634919086937,0.009283727493258447,2.0254265336140542
26.39501451385178,0.01828735737321674,0.009283727493258447,2.025598071923946
26.401019255237017,0.017168906301601616,0.009283727493258447,2.025798591243159
26.407024046507455,0.04845725584520455,0.009283727493258447,2.026029132892681
26.413028887919676,0.02436664358555074,0.009283727493258447,2.026392861218959
26.41903377973026,0.02671650081449073,0.009283727493258447,2.026881474433174
26.42503872219578,0.052784391093497085,0.009283727493258447,2.027162975542061
26.431043715572816,0.07742266328411196,0.009283727493258447,2.027508790967295
26.437048760117953,0.05117427032811195,0.009283727493258447,2.027913366275632
26.443053856087765,-0.003676162371864855,0.009283727493258447,2.028242398412325
26.44905900373883,-0.002141837273018421,0.009283727493258447,2.0286074776907883
26.455064203327737,-0.015275369736884592,0.009283727493258447,2.0290085092402537
26.461069455111048,-0.011836785116396076,0.009283727493258447,2.029480969342834
26.467074759345355,-0.030429004457345643,0.009283727493258447,2.0300847174377354
26.47308011628723,0.0008329666562967297,0.009283727493258447,2.0307048250563904
26.479085526193256,-0.010255375054524674,0.009283727493258447,2.031266844412234
26.485090989320007,0.007931111188856477,0.009283727493258447,2.0318519896427656
26.491096505924066,-0.0011850433389617443,0.009283727493258447,2.0321485401276416
26.497102076262014,-0.0291265069994302,0.009283727493258447,2.0324995041428577
26.503107700590423,-0.02951378797996851,0.009283727493258447,2.0330511691094824
26.50911337916588,0.027815594289849255,0.009283727493258447,2.0336149251938904
26.515119112244953,0.03925100288702543,0.009283727493258447,2.0341907439519984
26.521124900084235,0.05117047330440272,0.009283727493258447,2.0348641640975975
26.52713074294029,0.03459111212819943,0.009283727493258447,2.0355907623318013
26.533136641069706,0.020675290043582706,0.009283727493258447,2.036324092606667
26.539142594729064,-0.016133585472847933,0.009283727493258447,2.0370595692021323
26.545148604174937,-0.02388105810018004,0.009283727493258447,2.0378522669868735
26.5511546696639,-0.015137123967803756,0.009283727493258447,2.0387174135706907
26.55716079145255,0.00431405052091316,0.009283727493258447,2.0395478223886085
26.563166969797443,0.0595236990794179,0.009283727493258447,2.040343599153296
26.569173204955174,0.10327698979604305,0.009283727493258447,2.041136786662979
26.57517949718231,0.12833084875342715,0.009283727493258447,2.041861342011937
26.581185846735437,0.10510326348248933,0.009283727493258447,2.0424804085095474
26.587192253871137,0.05152852628701465,0.009283727493258447,2.0431290058314833
26.593198718845986,0.02343170832786079,0.009283727493258447,2.0436999640588267
26.59920524191656,0.024887966311764043,0.009283727493258447,2.0442348702176947
26.605211823339438,0.03701207555995678,0.009283727493258447,2.0448789649833055
26.611218463371202,0.014648580067522232,0.009283727493258447,2.045356952074255
26.617225162268426,0.004120512810515287,0.009283727493258447,2.045812007460685
26.623231920287694,-0.011538562168591504,0.009283727493258447,2.0462469528077585
26.629238737685583,0.0030538073980022062,0.009283727493258447,2.0467417945349515
26.635245614718674,0.03059574827526923,0.009283727493258447,2.047172647897275
26.641252551643543,0.05577106480630256,0.009283727493258447,2.0475329727733103
26.647259548716768,0.05490814212259387,0.009283727493258447,2.0478689254777116
26.65326660619493,0.011317518990228592,0.009283727493258447,2.0481857081122463
26.659273724334607,0.0003760455230747972,0.009283727493258447,2.0485362707817796
26.66528090339238,-0.01017907205781965,0.009283727493258447,2.0489221108870694
26.671288143624825,-0.005822293689328184,0.009283727493258447,2.0493447378088616
26.67729544528852,0.05345964684212845,0.009283727493258447,2.04978257841085
26.68330280864005,0.04657140661455683,0.009283727493258447,2.0502354923496693
26.689310233935988,0.03414350942206745,0.009283727493258447,2.0507033268181365
26.695317721432914,0.023614856086481062,0.009283727493258447,2.0511859165451085
26.701325271387407,0.09190239083378149,0.009283727493258447,2.0516830837953783
26.70733288405605,0.12002755281356103,0.009283727493258447,2.0521599959769423
26.713340559695414,0.01896160588712892,0.009283727493258447,2.0526596316130394
26.719348298562082,-0.02622648025757357,0.009283727493258447,2.0531178666866
26.725356100912634,-0.003714537467577106,0.009283727493258447,2.053530562453255
26.731363967003652,0.014852714570285919,0.009283727493258447,2.053968115105344
26.737371897091705,0.03377654509014327,0.009283727493258447,2.0546366286039106
26.743379891433378,0.01426557626815761,0.009283727493258447,2.055477107005427
26.749387950285254,0.05427428009195934,0.009283727493258447,2.056153831269964
26.755396073903903,0.08386848282413206,0.009283727493258447,2.056825191642689
26.76140426254591,0.07537811516665416,0.009283727493258447,2.057491466642639
26.76741251646785,0.0386478670619641,0.009283727493258447,2.0581530491864277
26.773420835926302,0.06901257414748985,0.009283727493258447,2.0588101968994015
26.779429221177853,0.09877300754432161,0.009283727493258447,2.0594407136230117
26.785437672479073,0.1100235847294515,0.009283727493258447,2.0600432007944725
26.791446190086543,0.09625205786306168,0.009283727493258447,2.060643932917074
26.797454774256842,0.09102654186697245,0.009283727493258447,2.0612434422462007
26.803463425246548,0.07210428700231963,0.009283727493258447,2.061842251613834
26.809472143312245,0.04395799985452209,0.009283727493258447,2.0624408744284235
26.815480928710507,-0.007705200284564118,0.009283727493258447,2.063051922420639
26.82148978169791,-0.01671472289395126,0.009283727493258447,2.063674973068777
26.82749870253104,0.0021212340328489176,0.009283727493258447,2.064279478823554
26.833507691466476,0.022314295914071636,0.009283727493258447,2.0648673079791893
26.83951674876079,-0.008214452181831255,0.009283727493258447,2.065440298894364
26.84552587467056,0.0008906730450650713,0.009283727493258447,2.0660549031198543
26.85153506945238,0.017247830373736228,0.009283727493258447,2.066686655618489
26.85754433336281,-0.0003597605076719468,0.009283727493258447,2.067369656183817
26.863553666658436,-0.0042145621863762806,0.009283727493258447,2.067934050885605
26.86956306959584,-0.013981081802334039,0.009283727493258447,2.068558380188018
26.875572542431602,-0.013835161360725046,0.009283727493258447,2.0693058355881506
26.881582085422288,0.021694041547740017,0.009283727493258447,2.0700766377091657
26.887591698824497,0.0005912028506593892,0.009283727493258447,2.0707165675961727
26.893601382894794,0.016629399356700603,0.009283727493258447,2.0713086581674816
26.89961113788976,0.015138219011433307,0.009283727493258447,2.071675734987341
26.905620964065974,0.051808971310729035,0.009283727493258447,2.0718657180686293
26.911630861680017,0.04933299861057705,0.009283727493258447,2.072003646460156
26.917640830988468,0.017425804732556394,0.009283727493258447,2.072213070713235
26.923650872247904,0.03943451228804751,0.009283727493258447,2.072504913442299
26.929660985714904,-0.015701651050780807,0.009283727493258447,2.0728213885430646
26.93567117164605,0.0013450908843144482,0.009283727493258447,2.073161026065858
26.941681430297912,-0.02101733937591499,0.009283727493258447,2.073522364940006
26.947691761927082,-0.05023970891538099,0.009283727493258447,2.0738440465287864
26.95370216679013,-0.03029646104588135,0.009283727493258447,2.074096552885071
26.959712645143632,0.0313435057327629,0.009283727493258447,2.0745573926417102
26.96572319724418,-0.027577632684154363,0.009283727493258447,2.074965680263342
26.971733823348337,-0.02925316157571478,0.009283727493258447,2.0754482427203627
26.977744523712694,0.0035578408436167663,0.009283727493258447,2.0760094080005524
26.983755298593827,0.034879521455441154,0.009283727493258447,2.0766535705669824
26.989766148248307,0.004562688383729974,0.009283727493258447,2.077317910155851
26.995777072932725,0.00042417131453698076,0.009283727493258447,2.07800531111745
27.00178807290365,0.009273197029391334,0.009283727493258447,2.07871517515034
27.007799148417668,-0.017963894269378056,0.009283727493258447,2.079446902886177
27.013810299731354,0.0066850793697397215,0.009283727493258447,2.080199893889713
27.01982152710129,0.06756006599173014,0.009283727493258447,2.0809735466587993
27.025832830784044,0.07819330101683164,0.009283727493258447,2.081767258624345
27.03184421103621,0.07590177399957643,0.009283727493258447,2.082576482920789
27.03785566811436,-0.010321974385893107,0.009283727493258447,2.0834003290648955
27.04386720227507,-0.06225405585673638,0.009283727493258447,2.0842366539895876
27.049878813774924,0.05305901939451019,0.009283727493258447,2.0850844663292367
27.055890502870497,0.05459696384687396,0.009283727493258447,2.0859427681562255
27.061902269818372,0.02206883254880676,0.009283727493258447,2.086810554980871
27.067914114875126,0.06669750979055644,0.009283727493258447,2.0876868157513497
27.073926038297333,0.06543673896172741,0.009283727493258447,2.088455329773323
27.07993804034158,0.06743099933814944,0.009283727493258447,2.0892790655454
27.085950121264442,0.03583447537892814,0.009283727493258447,2.090264715530905
27.091962281322502,0.016969949896670222,0.009283727493258447,2.0917336483297673
27.09797452077233,0.018858807832690783,0.009283727493258447,2.0930473359942727
27.103986839870508,0.017452332460604403,0.009283727493258447,2.0942482567446143
27.10999923887362,0.014163918460952551,0.009283727493258447,2.095344525804883
27.11601171803824,0.019767678922443466,0.009283727493258447,2.096377327495092
27.12202427762095,0.039814234177770746,0.009283727493258447,2.0974001333060226
27.128036917878322,0.03345046958515985,0.009283727493258447,2.098414577030963
27.134049639066948,0.037526699850444434,0.009283727493258447,2.0993390459387022
27.140062441443398,-0.008277974062361526,0.009283727493258447,2.1002992342143294
27.14607532526425,-0.029571790183311908,0.009283727493258447,2.1012933945747374
27.15208829078608,0.0188320603801424,0.009283727493258447,2.1023301556923935
27.158101338265475,0.006456529170184577,0.009283727493258447,2.1034070531132882
27.164114467959013,0.015628517617301885,0.009283727493258447,2.104434438244334
27.17012768012327,0.020071142637999362,0.009283727493258447,2.1054165431964114
27.176140975014818,0.014812594854113126,0.009283727493258447,2.1064162078144917
27.18215435289025,0.01919947257962651,0.009283727493258447,2.107433112303722
27.18816781400614,0.052573189110702856,0.009283727493258447,2.10846694923442
27.194181358619055,0.05803357165586842,0.009283727493258447,2.1095174235422505
27.200194986985593,0.005170387913343788,0.009283727493258447,2.110587838349521
27.206208699362325,0.0019292352927986478,0.009283727493258447,2.111677651730291
27.21222249600582,-0.009072859410290679,0.009283727493258447,2.112786338205039
27.21823637717267,0.031459339477697856,0.009283727493258447,2.113913388740963
27.224250343119447,-0.010912391836047863,0.009283727493258447,2.114948326877919
27.230264394102733,0.0027296952521411733,0.009283727493258447,2.1158844202520832
27.236278530379106,0.01747781431797124,0.009283727493258447,2.1170340588004715
27.242292752205145,-0.005172125117424375,0.009283727493258447,2.1181349567811747
27.24830705983743,0.058604612486734986,0.009283727493258447,2.119182008754042
27.254321453532537,0.015835611536655136,0.009283727493258447,2.120335003104273
27.260335933547047,0.04965231491445321,0.009283727493258447,2.1214889976895925
27.266350500137538,0.020893349678481332,0.009283727493258447,2.122642766158074
27.27236515356059,-0.02143649507135903,0.009283727493258447,2.123756781446798
27.278379894072778,-0.0008357044212767839,0.009283727493258447,2.1247595864374746
27.28439472193069,-0.03288066446995952,0.009283727493258447,2.125757961783161
27.290409637390894,0.04098847686492091,0.009283727493258447,2.1270048668979706
27.296424640709972,0.03901366076257595,0.009283727493258447,2.128411956569673
27.302439732144506,0.07715783623955552,0.009283727493258447,2.1299658633037746
27.308454911951074,0.054969642607567426,0.009283727493258447,2.1316534316192812
27.314470180386255,0.052401703927993815,0.009283727493258447,2.1329546078035757
27.320485537706627,0.040208415432758216,0.009283727493258447,2.1342083012773605
27.326500984168767,0.02118767159695034,0.009283727493258447,2.1354160998852345
27.33251652002926,0.01914573731881397,0.009283727493258447,2.1365635945644934
27.338532145544676,0.03144944438519026,0.009283727493258447,2.1376418214700417
27.344547860971602,0.015119590066825506,0.009283727493258447,2.1387152070037176
27.35056366656661,0.046050502433936824,0.009283727493258447,2.139502238225008
27.356579562586287,0.03704841883245358,0.009283727493258447,2.1399917271696984
27.362595549287203,-0.014176314298095516,0.009283727493258447,2.1403558882813813
27.368611626925944,-0.003189196743302869,0.009283727493258447,2.1406634830495923
27.374627795759082,0.05450513547364588,0.009283727493258447,2.141287279011115
27.380644056043202,0.06295287638230507,0.009283727493258447,2.1413931183634958
27.38666040803488,0.09113738645753511,0.009283727493258447,2.1415124269191
27.3926768519907,0.13930632418614275,0.009283727493258447,2.141648479431722
27.39869338816723,0.10448302423686195,0.009283727493258447,2.1418046000324527
27.40471001682106,-0.0004890824501715407,0.009283727493258447,2.1419445278950464
27.410726738208766,-0.04009520025645763,0.009283727493258447,2.142074687785359
27.41674355258692,0.016856277492690364,0.009283727493258447,2.1420490318694014
27.422760460212107,0.005481690419437246,0.009283727493258447,2.1420871609771197
27.428777461340903,0.057221206881584497,0.009283727493258447,2.142117388052732
27.43479455622989,0.016570845219337382,0.009283727493258447,2.1421452417345015
27.440811745135647,0.035939426384660855,0.009283727493258447,2.142164941446931
27.446829028314752,0.13599847910923746,0.009283727493258447,2.1421705299767035
27.45284640602378,0.2316180302152122,0.009283727493258447,2.142230334533947
27.458863878519313,0.2108927014805615,0.009283727493258447,2.1423612668758434
27.464881446057934,0.08314237825739701,0.009283727493258447,2.1425663458911455
27.470899108896216,0.05109460265329302,0.009283727493258447,2.142797195837204
27.476916867290736,0.04596278767542383,0.009283727493258447,2.143053247000073
27.48293472149808,0.08025535136944573,0.009283727493258447,2.143333945893028
27.488952671774825,0.0022750312901340664,0.009283727493258447,2.1436387552568372
27.494970718377544,-0.04103191527423444,0.009283727493258447,2.1439671540599905
27.500988861562828,-0.02803638700736677,0.009283727493258447,2.1443186374989636
27.50700710158724,-0.045824373173202204,0.009283727493258447,2.14469271699852
27.513025438707366,-0.008052480643632176,0.009283727493258447,2.1450889202118892
27.519043873179797,0.04833328322865604,0.009283727493258447,2.1455067910211127
27.52506240526109,0.0056449475867239585,0.009283727493258447,2.1459458895372583
27.531081035207837,0.06695047109822738,0.009283727493258447,2.1464057921006754
27.537099763276615,0.05209464028172617,0.009283727493258447,2.146886091281306
27.543118589724006,0.04975856961450997,0.009283727493258447,2.1473060548983636
27.549137514806578,-0.0029116508900814964,0.009283727493258447,2.1476594850866846
27.555156538780924,0.015033241499732952,0.009283727493258447,2.1477756159620665
27.561175661903608,-0.008696172641152522,0.009283727493258447,2.148090088348132
27.567194884431224,0.047581954873755716,0.009283727493258447,2.1484123265543085
27.57321420662034,0.03138622121640866,0.009283727493258447,2.1489753817764212
27.57923362872754,0.015081289997517011,0.009283727493258447,2.149761385007815
27.5852531510094,0.011278798210502039,0.009283727493258447,2.1499994915256937
27.591272773722505,0.0013239079836102619,0.009283727493258447,2.1501793053178795
27.597292497123423,-0.00011730650166974499,0.009283727493258447,2.1504194790393534
27.603312321468742,0.019283317324625848,0.009283727493258447,2.1507164657518105
27.609332247015033,0.015676817470713367,0.009283727493258447,2.151066788454279
27.615352274018885,0.0678326156863518,0.009283727493258447,2.151467040084256
27.62137240273687,0.06534095524338834,0.009283727493258447,2.1519138835188896
27.62739263342557,0.004076267598908778,0.009283727493258447,2.1523910127835544
27.633412966341563,0.053552784920603,0.009283727493258447,2.152894285614402
27.639433401741424,0.08597400547958411,0.009283727493258447,2.153452062121108
27.64545393988174,0.10903050006174775,0.009283727493258447,2.154062663949669
27.65147458101908,0.14596621080395566,0.009283727493258447,2.155082125153349
27.65749532541003,0.04914778210795756,0.009283727493258447,2.156423017940005
27.663516173311166,-0.004501097516633301,0.009283727493258447,2.158052991933791
27.669537124979065,0.05170587995309672,0.009283727493258447,2.1599401318342855
27.67555818067031,-0.00601419664746361,0.009283727493258447,2.1620529574239313
27.68157934064148,0.04997379945482727,0.009283727493258447,2.164360423575599
27.687600605149154,0.1314835586862353,0.009283727493258447,2.169608849395343
27.693621974449904,0.15371836185450682,0.009283727493258447,2.1733223341504617
27.699643448800316,0.12063489307218145,0.009283727493258447,2.1757393805441687
27.70566502845697,0.006982525123783834,0.009283727493258447,2.176949440818829
27.711686713676436,-0.09775875758111807,0.009283727493258447,2.1770409192207376
27.7177085047153,-0.06846959827070931,0.009283727493258447,2.178652592638331
27.723730401830142,-0.10110319490508912,0.009283727493258447,2.17956890363324
27.729752405277537,-0.06636744434902742,0.009283727493258447,2.1798357227449614
27.735774515314066,0.004317830959069013,0.009283727493258447,2.17949838985986
27.741796732196306,-0.07361080907882789,0.009283727493258447,2.1785467656732433
27.747819056180838,-0.08023292575627616,0.009283727493258447,2.177956356708929
27.753841487524234,-0.016636971831634817,0.009283727493258447,2.1763465276358938
27.759864026483086,-0.040467018763588936,0.009283727493258447,2.174795533376563
27.76588667331396,0.027315955016194327,0.009283727493258447,2.17329762990541
27.771909428273442,-0.03204234086553148,0.009283727493258447,2.1727525320127214
27.777932291618114,-0.06209490212797286,0.009283727493258447,2.1714510654264307
27.78395526360455,-0.019599556281333808,0.009283727493258447,2.1699593022458403
27.78997834448932,0.06773375168451379,0.009283727493258447,2.168290449486585
27.79600153452902,0.06538582513223279,0.009283727493258447,2.1664575499312573
27.802024833980216,-0.01198828281251263,0.009283727493258447,2.164473482126459
27.808048243099492,0.01595719457492706,0.009283727493258447,2.1623474787415673
27.814071762143428,0.028064068185948532,0.009283727493258447,2.1600918374960814
27.820095391368604,0.05508867157372421,0.009283727493258447,2.1577186881773835
27.826119131031593,0.1573542005403321,0.009283727493258447,2.1552399926377324
27.83214298138898,0.09964936343697284,0.009283727493258447,2.1528738736287605
27.838166942697335,0.0743389873392788,0.009283727493258447,2.150616330533869
27.844191015213244,0.20634814421736536,0.009283727493258447,2.1484634295209686
27.85021519919329,0.027936561874083665,0.009283727493258447,2.1464113035437338
27.856239494894044,0.017181757912567708,0.009283727493258447,2.1450069882233183
27.862263902572085,-0.012511607654215773,0.009283727493258447,2.1434052694188
27.868288422483996,0.0450677330914524,0.009283727493258447,2.1416219598084574
27.874313054886354,0.112945383496168,0.009283727493258447,2.139874394485112
27.880337800035736,0.0838638827891307,0.009283727493258447,2.1381626744621327
27.886362658188727,0.07944253249338118,0.009283727493258447,2.136486913865403
27.8923876296019,0.13106374972717028,0.009283727493258447,2.1348472399336336
27.898412714531833,0.08170852488241609,0.009283727493258447,2.133243793018539
27.904437913235114,0.055203558210909165,0.009283727493258447,2.13117706529314
27.910463225968307,0.07137803687995348,0.009283727493258447,2.12926038328131
27.916488652988004,0.07756943182365861,0.009283727493258447,2.1274700056827363
27.922514194550782,0.1960020131472895,0.009283727493258447,2.1258141240128823
27.92853985091321,0.1629179413100048,0.009283727493258447,2.1242653234608504
27.934565622331878,0.05264731209112172,0.009283727493258447,2.1227776651918755
27.94059150906336,0.09902239021962211,0.009283727493258447,2.1213533632851473
27.946617511364238,0.24498317813304338,0.009283727493258447,2.1199428630630583
27.952643629491085,0.06881690929019069,0.009283727493258447,2.1185447086718048
27.958669863700486,0.12725143031709685,0.009283727493258447,2.1171574320687547
27.964696214249013,0.07741497853437274,0.009283727493258447,2.1157684148383717
27.970722681393255,0.1824617479099815,0.009283727493258447,2.1143753572613644
27.97674926538978,-0.1428456780072156,0.009283727493258447,2.113069872277366
27.982775966495172,0.014779296701485034,0.009283727493258447,2.1118564207531323
27.988802784966012,0.3506171457170484,0.009283727493258447,2.1106763660039904
27.994829721058874,0.11346305256012945,0.009283727493258447,2.109529741093472
28.000856775030343,0.04733388333138544,0.009283727493258447,2.1084165876826235
28.00688394713699,0.08610574915735247,0.009283727493258447,2.1071850519779214
28.012911237635404,0.4032551947160128,0.009283727493258447,2.106058872246808
28.018938646782154,0.2132589318291438,0.009283727493258447,2.1050328061880954
28.02496617483382,-0.09361271038529484,0.009283727493258447,2.1041016889588793
28.030993822046987,0.21532429788139185,0.009283727493258447,2.1032604331760365
28.037021588678233,-0.263495061858813,0.009283727493258447,2.102720075177827
28.043049474984134,0.07634133081671379,0.009283727493258447,2.1024593202629362
28.049077481221268,0.11847101595617149,0.009283727493258447,2.102480697218949
28.055105607646208,0.329419260170277,0.009283727493258447,2.1020480419748457
28.061133854515553,0.3250310335675919,0.009283727493258447,2.1015148424311234
28.067162222085862,0.5076776727139638,0.009283727493258447,2.1008882636718957
28.073190710613723,0.40902467557399325,0.009283727493258447,2.100175374581829
28.07921932035571,0.11412822839117398,0.009283727493258447,2.0997268695068034
28.085248051568406,-0.4125524771963409,0.009283727493258447,2.099142886254027
28.09127690450839,-0.48465206817702766,0.009283727493258447,2.098433397144186
28.097305879432234,-0.5598775468132997,0.009283727493258447,2.097750192824229
28.10333497659653,-0.17167114927044191,0.009283727493258447,2.096906336014657
28.109364196257843,-0.33700029222182337,0.009283727493258447,2.095887321729669
28.11539353867276,-0.10022224263606683,0.009283727493258447,2.0946784713040776
28.12142300409786,-0.24709355874547145,0.009283727493258447,2.093264932389777
28.127452592789716,-0.212695506948249,0.009283727493258447,2.0921777843493827
28.133482305004915,-0.4254851278879992,0.009283727493258447,2.0911040910159513
28.13951214100003,-0.07991117258899605,0.009283727493258447,2.0899564520051435
28.145542101031634,-0.05096714175460715,0.009283727493258447,2.0888102072473145
28.151572185356322,-0.08925078101344996,0.009283727493258447,2.087657064735226
28.15760239423066,0.1867537039491336,0.009283727493258447,2.086338665387882
28.163632727911235,0.3378792905437322,0.009283727493258447,2.0851472699488474
28.169663186654617,-0.2488302948219958,0.009283727493258447,2.0841522402789368
28.175693770717395,-0.11444703662128575,0.009283727493258447,2.0831950181621703
28.181724480356138,0.18615833751287925,0.009283727493258447,2.082278874459314
28.187755315827427,0.8008521559156634,0.009283727493258447,2.081008864038299
28.193786277387847,0.10444513143701029,0.009283727493258447,2.080193688731619
28.19981736529397,0.19713819025173374,0.009283727493258447,2.079403371580148
28.205848579802385,0.08317283327619984,0.009283727493258447,2.078639335247321
28.211879921169658,0.056219614547087016,0.009283727493258447,2.0779030186981906
28.217911389652375,0.05891175456442488,0.009283727493258447,2.0772318326722634
28.22394298550711,-0.12412650214550958,0.009283727493258447,2.0766308518538974
28.229974708990454,0.07278540408126366,0.009283727493258447,2.0761052047891266
28.236006560358973,0.1624821883940264,0.009283727493258447,2.0756600738868176
28.24203853986925,0.06252701222516999,0.009283727493258447,2.075300695419764
28.248070647777865,0.1789742011914499,0.009283727493258447,2.0750323595258924
28.254102884341393,0.058646609855455445,0.009283727493258447,2.0747830217597505
28.26013524981642,0.0023025648528767206,0.009283727493258447,2.074552470702283
28.266167744459516,-0.07483214953484918,0.009283727493258447,2.07441442831358
28.272200368527265,0.03879194792761442,0.009283727493258447,2.0743220328623746
28.27823312227625,0.1303364808283014,0.009283727493258447,2.07427666203599
28.284266005963044,0.005915167409015432,0.009283727493258447,2.074279688726848
28.290299019844223,0.11846316935810952,0.009283727493258447,2.0743324810323935
28.296332164176373,0.4568250367064466,0.009283727493258447,2.0744364022549715
28.302365439216075,0.29159299689069096,0.009283727493258447,2.0745928109017138
28.308398845219898,-0.061886685189665336,0.009283727493258447,2.074803060684493
28.31443238244442,0.22059523180745622,0.009283727493258447,2.0750685005197225
28.320466051146234,0.24206150987292752,0.009283727493258447,2.0753904745283327
28.326499851581907,0.17296846002169808,0.009283727493258447,2.075770322035632
28.33253378400802,0.16859285456987072,0.009283727493258447,2.076209377571203
28.338567848681155,0.06028743665651959,0.009283727493258447,2.0767089708688005
28.34460204585789,0.3302676717309887,0.009283727493258447,2.0772704268662423
28.350636375794803,0.19931806055780488,0.009283727493258447,2.077895065705313
28.35667083874847,0.23137688208756746,0.009283727493258447,2.078584202731642
28.36270543497547,0.3154147417952986,0.009283727493258447,2.0793391484946158
28.368740164732394,0.17653614670766515,0.009283727493258447,2.0801612087472474
28.374775028275806,0.23246162681844984,0.009283727493258447,2.081051684446102
28.38081002586229,0.17994324885182378,0.009283727493258447,2.082011871751156
28.38684515774842,0.11948611714657797,0.009283727493258447,2.08279185098691
28.39288042419079,0.1292232305980403,0.009283727493258447,2.083374700139858
28.39891582544596,-0.02755839644505187,0.009283727493258447,2.0845476849226
28.404951361770525,0.011530197857999358,0.009283727493258447,2.085868206071118
28.410987033421055,0.15475150157964856,0.009283727493258447,2.087221301631761
28.417022840654123,0.06118921020461077,0.009283727493258447,2.0886054864322787
28.423058783726326,0.03898004662664256,0.009283727493258447,2.090019213317592
28.429094862894228,0.1192707289879551,0.009283727493258447,2.0914608731487467
28.43513107841441,0.07184610794930402,0.009283727493258447,2.0929287948019413
28.441167430543455,0.17091044232806096,0.009283727493258447,2.094421245167423
28.447203919537937,-0.06570616529320761,0.009283727493258447,2.09598650366563
28.453240545654438,-0.09642100591955227,0.009283727493258447,2.0976189185105545
28.45927730914954,-0.060412445433783546,0.009283727493258447,2.0991967048300806
28.465314210279818,-0.08219110474861013,0.009283727493258447,2.100337879558542
28.47135124930185,-0.12609343248698957,0.009283727493258447,2.1011539570305744
28.477388426472217,-0.040071256157990565,0.009283727493258447,2.1015214031845653
28.483425742047494,-0.06451161861183641,0.009283727493258447,2.1014106794839456
28.489463196284266,0.16276680555963452,0.009283727493258447,2.1007917575865864
28.495500789439106,-0.021586580667677602,0.009283727493258447,2.0996341193348864
28.501538521768598,0.20392634213329996,0.009283727493258447,2.0948840994243056
28.50757639352932,-0.00990745300568241,0.009283727493258447,2.0908474323804724
28.513614404977844,-0.06989101442191847,0.009283727493258447,2.0876000950965903
28.519652556370758,0.060974672329176194,0.009283727493258447,2.085361152603419
28.52569084796464,0.005697322042545139,0.009283727493258447,2.0841980941439733
28.531729280016062,-0.0683909424804412,0.009283727493258447,2.0809922186467293
28.537767852781606,-0.035074573021351085,0.009283727493258447,2.078244729331231
28.543806566517855,-0.0013837079371383787,0.009283727493258447,2.0759869127463797
28.54984542148138,0.3152093930827671,0.009283727493258447,2.074250732959848
28.555884417928766,-0.03787129302868042,0.009283727493258447,2.0733903355639516
28.561923556116597,-0.0769370384276804,0.009283727493258447,2.071693830966441
28.567962836301437,0.07718777107796582,0.009283727493258447,2.0706290893576824
28.574002258739874,0.11613602516332255,0.009283727493258447,2.069205812040601
28.58004182368849,-0.03946973607907678,0.009283727493258447,2.067655996742256
28.586081531403856,0.09004235086360213,0.009283727493258447,2.0648946802366956
28.592121382142555,0.07971211255599053,0.009283727493258447,2.06284153761565
28.59816137616117,-0.07620246276136933,0.009283727493258447,2.060894046165294
28.60420151371627,0.008630006526892053,0.009283727493258447,2.0592847270863666
28.61024179506444,0.12305376516274613,0.009283727493258447,2.0578618893328255
28.61628222046226,-0.01804627785090407,0.009283727493258447,2.056637590941242
28.622322790166308,-0.1282306113545304,0.009283727493258447,2.0556240540492388
28.62836350443316,0.05341254642178406,0.009283727493258447,2.0548336648997747
28.634404363519398,0.05336287396410766,0.009283727493258447,2.054278973845551
28.6404453676816,0.05353456296670389,0.009283727493258447,2.053972695353323
28.646486517176342,0.053666999662894455,0.009283727493258447,2.053705513145903
28.652527812260207,0.05376324731578075,0.009283727493258447,2.05347436413399
28.65856925318977,0.053826440464845415,0.009283727493258447,2.053276113951739
28.664610840221616,0.05385978492720511,0.009283727493258447,2.053107556955493
28.67065257361232,0.05445975118907764,0.009283727493258447,2.052372222832328
28.676694453618456,0.054811423718285734,0.009283727493258447,2.051885027287546
28.68273648049661,0.05489941962532985,0.009283727493258447,2.0516613533835972
28.688778654503363,0.054925395170675184,0.009283727493258447,2.0514995450327986
28.694820975895283,0.054889289603237135,0.009283727493258447,2.0513996631588474
28.70086344492896,0.05479105962032005,0.009283727493258447,2.0513617512368842
28.706906061860966,0.05463067936755861,0.009283727493258447,2.0513858352935515
