wave,flux,err,cont
4.90031505003455,0.003430741785720781,0.0010355764047806598,0.21118146263261503
4.901117210647858,0.0027401182798717783,0.0010355764047806598,0.21118172660747192
4.901919360867342,0.0009763392337305554,0.0010355764047806598,0.2111822218021328
4.902721500713515,-3.294372245304933e-06,0.0010355764047806598,0.21118294899908957
4.903523630206892,0.000915957177971688,0.0010355764047806598,0.21118390950236005
4.904325749367991,0.004516025081969383,0.0010355764047806598,0.21117560316191328
4.905127858217325,0.008098284528988725,0.0010355764047806598,0.2111717284889146
4.905929956775411,0.006712277071887207,0.0010355764047806598,0.2111665621367321
4.906732045062765,0.0043454966099132075,0.0010355764047806598,0.2111639839285949
4.907534123099902,0.009992764227830186,0.0010355764047806598,0.21116411041034322
4.908336190907337,0.025134453208100344,0.0010355764047806598,0.2111675747563176
4.909138248505588,0.048307288893658484,0.0010355764047806598,0.2111744733769973
4.909940295915168,0.02825530123685066,0.0010355764047806598,0.21119250892117591
4.910742333156593,0.009767468303577193,0.0010355764047806598,0.21120435557804268
4.91154436025038,0.0021991392715179914,0.0010355764047806598,0.21121342972214627
4.912346377217044,0.0012544424521221398,0.0010355764047806598,0.21121980326678935
4.9131483840770995,0.00042018401730001265,0.0010355764047806598,0.2112235475103684
4.913950380851063,-0.0003021894149485005,0.0010355764047806598,0.21122473313638113
4.914752367559451,0.0023586941964422736,0.0010355764047806598,0.21122343021343332
4.9155543442227785,0.006309830094276908,0.0010355764047806598,0.2112151682288132
4.91635631086156,0.00839158047819899,0.0010355764047806598,0.21120700812692955
4.917158267496313,0.007335595556563129,0.0010355764047806598,0.21120138789443563
4.917960214147551,0.003888012836711058,0.0010355764047806598,0.21119267415322293
4.918762150835792,0.0052480751521055136,0.0010355764047806598,0.21118480144622087
4.9195640775815495,0.026324623351223736,0.0010355764047806598,0.21117601402121003
4.920365994405341,0.04166430664006299,0.0010355764047806598,0.21116641742382913
4.921167901327681,0.03174276455098299,0.0010355764047806598,0.21115697520688778
4.9219697983690835,0.010659700388260196,0.0010355764047806598,0.21114775451146006
4.922771685550067,0.0020512732624508034,0.0010355764047806598,0.21113774879223607
4.923573562891146,0.002032519421982598,0.0010355764047806598,0.21112697900746463
4.924375430412836,0.00208670233661587,0.0010355764047806598,0.21111605250760657
4.925177288135655,0.0008991139316963659,0.0010355764047806598,0.21110496394354478
4.925979136080113,0.00270251248954248,0.0010355764047806598,0.2110937082581612
4.926780974266731,0.006486550589490742,0.0010355764047806598,0.21108120463342142
4.927582802716021,0.005079810448918282,0.0010355764047806598,0.21106740138911828
4.928384621448503,0.0015704105418963554,0.0010355764047806598,0.21104136124667625
4.9291864304846875,0.0003703065946964179,0.0010355764047806598,0.2110160288442195
4.929988229845093,0.004709753612445605,0.0010355764047806598,0.21099146148234274
4.930790019550234,0.01953058775639413,0.0010355764047806598,0.21096771733885059
4.931591799620627,0.03763379290592783,0.0010355764047806598,0.21094485546876404
4.932393570076788,0.036997009326861424,0.0010355764047806598,0.210923594251826
4.933195330939232,0.008617826885980034,0.0010355764047806598,0.2109016288570186
4.9339970822284736,0.0001637937262788658,0.0010355764047806598,0.21088048109985683
4.93479882396503,-0.0031712802128493756,0.0010355764047806598,0.21085666589697571
4.935600556169416,-0.002015684232929693,0.0010355764047806598,0.21083385080191785
4.936402278862148,0.0016729099212233478,0.0010355764047806598,0.21081031748046447
4.937203992063741,0.0036533491945034136,0.0010355764047806598,0.21078606896105279
4.938005695794709,0.003433549779297468,0.0010355764047806598,0.21076110828212002
4.938807390075572,0.005081712675410632,0.0010355764047806598,0.21073651593461093
4.939609074926841,0.002309304233396675,0.0010355764047806598,0.21070823042747164
4.9404107503690335,0.0011052239172044676,0.0010355764047806598,0.21067907576695558
4.941212416422665,0.0013076261874304385,0.0010355764047806598,0.21065056181799205
4.942014073108252,0.00875130703484761,0.0010355764047806598,0.2106226700470033
4.942815720446309,0.03004667008539283,0.0010355764047806598,0.21059538260904673
4.943617358457353,0.0395694807692831,0.0010355764047806598,0.2105726804799782
4.944418987161898,0.017152682720772555,0.0010355764047806598,0.21053781666035662
4.94522060658046,0.0037116425351979287,0.0010355764047806598,0.2105031686482814
4.946022216733555,0.0010217451356017704,0.0010355764047806598,0.2104687804732797
4.946823817641698,-0.0003573123326625627,0.0010355764047806598,0.21043469657524383
4.947625409325406,-0.0003162611786037828,0.0010355764047806598,0.21040071063498533
4.948426991805193,0.002083291407847021,0.0010355764047806598,0.21036687922924674
4.949228565101576,0.00468675666734264,0.0010355764047806598,0.21033325924357518
4.95003012923507,0.0025050512807116843,0.0010355764047806598,0.21029990787232813
4.950831684226189,-0.0005083516337734961,0.0010355764047806598,0.21026688261867918
4.951633230095451,-0.0003226586975984269,0.0010355764047806598,0.21023424129462337
4.952434766863372,0.000313640807508897,0.0010355764047806598,0.2101977540864544
4.953236294550465,0.0023600990128799515,0.0010355764047806598,0.21015932494183212
4.954037813177248,0.0156922952839878,0.0010355764047806598,0.21011873119981866
4.9548393227642356,0.035312429284242525,0.0010355764047806598,0.210070909472043
4.955640823331943,0.029029454426886453,0.0010355764047806598,0.21001887885332998
4.956442314900887,0.009939998284750867,0.0010355764047806598,0.20995814347413705
4.957243797491582,0.001522572678629569,0.0010355764047806598,0.20991898271612067
4.958045271124544,0.000705850821899251,0.0010355764047806598,0.20987989385969644
4.9588467358202895,0.004751430434487336,0.0010355764047806598,0.20984090206239
4.9596481915993325,0.0056823857490962415,0.0010355764047806598,0.20980203267377234
4.96044963848219,0.005811404262548364,0.0010355764047806598,0.2097633112354616
4.961251076489377,0.0031590579051801737,0.0010355764047806598,0.2097250480894588
4.9620525056414095,0.0007691998595347749,0.0010355764047806598,0.20968648977175353
4.962853925958803,-0.001373865061332552,0.0010355764047806598,0.20964727490387872
4.963655337462073,0.00038937815959694255,0.0010355764047806598,0.20960743347183364
4.964456740171734,0.0021339548024375266,0.0010355764047806598,0.20956792638379557
4.9652581341083035,0.00832696236922692,0.0010355764047806598,0.2095287413550545
4.966059519292298,0.02052661241557477,0.0010355764047806598,0.2094898663161747
4.966860895744229,0.036666146909012126,0.0010355764047806598,0.209451289412991
4.967662263484616,0.025003852673595922,0.0010355764047806598,0.20941299900660737
4.968463622533972,0.004341153311215318,0.0010355764047806598,0.20937498367339336
4.969264972912814,0.0007561031146593178,0.0010355764047806598,0.20933607138586172
4.970066314641659,0.0019211440839101146,0.0010355764047806598,0.20929630344926764
4.97086764774102,0.0038254100047920014,0.0010355764047806598,0.20925924828951417
4.971668972231415,0.0053818860467457486,0.0010355764047806598,0.20922428498090379
4.972470288133356,0.0031925463062282278,0.0010355764047806598,0.2091862446543686
4.973271595467362,-9.165983609338291e-07,0.0010355764047806598,0.20914776513394515
4.974072894253948,0.0004487678716516563,0.0010355764047806598,0.20910886788691185
4.974874184513629,5.83342951706034e-05,0.0010355764047806598,0.2090695743093861
4.97567546626692,2.776012120003779e-05,0.0010355764047806598,0.20902990572632368
4.9764767395343386,0.001083889123237064,0.0010355764047806598,0.20898849962378732
4.977278004336399,0.005751291712535883,0.0010355764047806598,0.20894698479498836
4.978079260693616,0.023763572675276012,0.0010355764047806598,0.20890698036474792
4.978880508626508,0.03634045425759791,0.0010355764047806598,0.20886844719856745
4.9796817481555875,0.021313126473031935,0.0010355764047806598,0.20883134690108096
4.980482979301372,0.005577117237429791,0.0010355764047806598,0.2087956418160499
4.981284202084376,0.0034970904391347646,0.0010355764047806598,0.20876129502635937
4.982085416525117,0.004325518902263181,0.0010355764047806598,0.20872827035401303
4.982886622644109,0.005896168744971786,0.0010355764047806598,0.20869653236012936
4.983687820461868,0.005367089932626912,0.0010355764047806598,0.2086577022286027
4.984489009998909,0.001562704916775487,0.0010355764047806598,0.2086293376306297
4.985290191275748,-0.0003812668692590726,0.0010355764047806598,0.20860306433080048
4.986091364312902,-0.0002603266498194534,0.0010355764047806598,0.20857598998821547
4.986892529130885,-0.0009974070806523794,0.0010355764047806598,0.20853771005821892
4.987693685750213,0.00210451727194666,0.0010355764047806598,0.2084995871700198
4.988494834191402,0.0016690025316326296,0.0010355764047806598,0.20846159560971605
4.989295974474967,0.005351671395432689,0.0010355764047806598,0.2084239532145996
4.990097106621424,0.021126942876077304,0.0010355764047806598,0.20838664535732526
4.990898230651289,0.03392220258450182,0.0010355764047806598,0.20834965770989072
4.991699346585077,0.020227751429021057,0.0010355764047806598,0.2083129762436336
4.992500454443304,0.004587416903504837,0.0010355764047806598,0.20827658722922807
4.993301554246485,0.002425927322337512,0.0010355764047806598,0.20824047723668185
4.994102646015135,0.005874783734865191,0.0010355764047806598,0.20820487647821578
4.9949037297697725,0.0057448641176052195,0.0010355764047806598,0.20816978279229476
4.995704805530911,0.0035348127537043195,0.0010355764047806598,0.20813519441061248
4.996505873319066,0.0013575342939443902,0.0010355764047806598,0.2081011099580864
4.9973069331547535,-0.00041862101600534385,0.0010355764047806598,0.2080675284528543
4.998107985058489,0.001833031137357638,0.0010355764047806598,0.20803387605247398
4.998909029050789,-0.000706971766498532,0.0010355764047806598,0.20800012742611293
4.999710065152168,-0.002537685249231758,0.0010355764047806598,0.2079685144595792
5.000511093383142,-0.0017925046662360111,0.0010355764047806598,0.2079351314995393
5.001312113764226,0.003189651538689997,0.0010355764047806598,0.2079000232099688
5.002113126315937,0.016304043207759966,0.0010355764047806598,0.20786323381146057
5.00291413105879,0.032231034167345185,0.0010355764047806598,0.2078248070812286
5.0037151280133,0.024724391976934462,0.0010355764047806598,0.2077847863531127
5.004516117199984,0.008535225887944697,0.0010355764047806598,0.20774460874161615
5.005317098639355,0.0042325799119573015,0.0010355764047806598,0.20770598827980202
5.006118072351932,0.004126389922426255,0.0010355764047806598,0.20766898077113155
5.0069190383582285,0.0028041776417599695,0.0010355764047806598,0.20763225905829838
5.007719996678761,0.0005363029048955636,0.0010355764047806598,0.20759720855924607
5.008520947334044,-0.000970794194314395,0.0010355764047806598,0.20756554590977452
5.009321890344594,-0.0003074027203684715,0.0010355764047806598,0.20753323147478184
5.010122825730927,-0.0006181847393497142,0.0010355764047806598,0.2074974677341146
5.010923753513557,-0.00019053852630782075,0.0010355764047806598,0.20745841404166537
5.011724673713001,-0.00033861359243511635,0.0010355764047806598,0.20741912757165132
5.012525586349775,0.0017441349280427065,0.0010355764047806598,0.2073796347114142
5.013326491444394,0.0016578703136539419,0.0010355764047806598,0.2073399618395002
5.014127389017373,0.007444678815439282,0.0010355764047806598,0.2073003310409986
5.0149282790892284,0.023893417188211447,0.0010355764047806598,0.20726075985958584
5.0157291616804764,0.028654532842138952,0.0010355764047806598,0.20722126590927253
5.016530036811631,0.013329904178474156,0.0010355764047806598,0.20718186687440276
5.017330904503208,0.00515260644047702,0.0010355764047806598,0.20714392513671717
5.018131764775723,0.005390321147315774,0.0010355764047806598,0.2071073979438327
5.0189326176496944,0.006472224386068537,0.0010355764047806598,0.20707224315733752
5.019733463145634,0.004817841448274213,0.0010355764047806598,0.20703841925278646
5.020534301284061,0.002228904778259516,0.0010355764047806598,0.20700681583863786
5.021335132085488,-0.0008444526674337427,0.0010355764047806598,0.20697400869082605
5.022135955570432,-0.0009907064519143471,0.0010355764047806598,0.20694002912369622
5.022936771759408,-0.0007775291397373874,0.0010355764047806598,0.20690490811280363
5.023737580672932,-0.0007755617194562525,0.0010355764047806598,0.20686867629491693
5.024538382331521,-0.00022641788374688776,0.0010355764047806598,0.2068313639680218
5.025339176755687,0.00031581194495222675,0.0010355764047806598,0.20677049499371253
5.026139963965949,0.002513344154509989,0.0010355764047806598,0.20671572774570052
5.026940743982822,0.011149199395790593,0.0010355764047806598,0.20666308699602295
5.027741516826819,0.0264140573332223,0.0010355764047806598,0.20661276091593028
5.028542282518461,0.021038020314588124,0.0010355764047806598,0.20656754477333644
5.029343041078258,0.009049789069084463,0.0010355764047806598,0.20652751156037785
5.0301437925267285,0.005535410757941284,0.0010355764047806598,0.20649273643441945
5.0309445368843875,0.0035848741967426656,0.0010355764047806598,0.20645900883383175
5.031745274171751,0.001427709471071903,0.0010355764047806598,0.20642622023149776
5.032546004409334,-0.0009168837196196211,0.0010355764047806598,0.20638614755876653
5.033346727617652,-0.0016664037857228586,0.0010355764047806598,0.20634277708871918
5.034147443817223,2.9617579245716508e-05,0.0010355764047806598,0.20629977420341453
5.034948153028558,0.0014560283770725657,0.0010355764047806598,0.20625706380176329
5.035748855272177,0.0007261970767968307,0.0010355764047806598,0.20621069404597017
5.036549550568594,0.00010100575541890922,0.0010355764047806598,0.20616578475386782
5.037350238938324,0.0004596448195541003,0.0010355764047806598,0.20611909155920585
5.038150920401883,0.001790129029609483,0.0010355764047806598,0.20607159435619127
5.038951594979787,0.005073263198372674,0.0010355764047806598,0.20602274481129756
5.039752262692551,0.016605286801174873,0.0010355764047806598,0.2059725714283416
5.040552923560691,0.02390885056233974,0.0010355764047806598,0.20592226762732482
5.041353577604724,0.019887751979937113,0.0010355764047806598,0.20587180846126052
5.042154224845163,0.008035942195855877,0.0010355764047806598,0.20582276756241938
5.042954865302525,0.004303460357407779,0.0010355764047806598,0.20578056603071432
5.043755498997326,6.060911279148762e-05,0.0010355764047806598,0.20574126218452504
5.0445561259500815,0.0005452416711514418,0.0010355764047806598,0.20570475694106033
5.045356746181306,0.0007587144018501579,0.0010355764047806598,0.20567095239863373
5.046157359711516,0.0023310040272049026,0.0010355764047806598,0.2056389035579588
5.046957966561226,0.0029335846440628754,0.0010355764047806598,0.20560063214827276
5.047758566750954,0.002401476014595505,0.0010355764047806598,0.2055540735503148
5.048559160301213,0.0010094370769460348,0.0010355764047806598,0.2055051091627053
5.04935974723252,0.0011737676816996057,0.0010355764047806598,0.20545371887771888
5.050160327565392,0.0007394719383808368,0.0010355764047806598,0.2053998816468636
5.050960901320342,0.0007363194298742881,0.0010355764047806598,0.20534357548088936
5.051761468517887,0.005495605648429491,0.0010355764047806598,0.205284777449795
5.052562029178541,0.016229330556924076,0.0010355764047806598,0.20522535748059426
5.053362583322822,0.02612477252543105,0.0010355764047806598,0.20516520544561515
5.054163130971245,0.016874920581338715,0.0010355764047806598,0.20511583950231704
5.054963672144325,0.007712489583088289,0.0010355764047806598,0.20506693777477525
5.055764206862578,0.004198646587922211,0.0010355764047806598,0.20501859071234388
5.056564735146519,0.0015161161316345761,0.0010355764047806598,0.20497058539372395
5.057365257016663,0.0015502790127359112,0.0010355764047806598,0.20492293043553905
5.0581657724935285,0.0008704622070059287,0.0010355764047806598,0.20487563442929357
5.058966281597628,0.0012488221160676383,0.0010355764047806598,0.2048287059413731
5.0597667843494785,0.0011506539715258057,0.0010355764047806598,0.20478215351304432
5.060567280769597,0.0007502272586855652,0.0010355764047806598,0.2047349115152007
5.061367770878496,0.00042765153049170723,0.0010355764047806598,0.20468694133880527
5.062168254696693,0.0020262255434812804,0.0010355764047806598,0.20463923404035184
5.062968732244703,0.0023607463965900632,0.0010355764047806598,0.20459027333160873
5.0637692035430435,0.0017979056787192083,0.0010355764047806598,0.2045400377337577
5.0645696686122275,0.0034064668469060977,0.0010355764047806598,0.20449259380523263
5.0653701274727725,0.014846763584405287,0.0010355764047806598,0.20444236911011796
5.066170580145193,0.023938995904490057,0.0010355764047806598,0.20439585620049588
5.066971026650004,0.01802459070364343,0.0010355764047806598,0.20435498707874913
5.067771467007723,0.007522532423745898,0.0010355764047806598,0.2043133170832141
5.068571901238864,0.003906897444918761,0.0010355764047806598,0.2042732056843936
5.0693723293639446,0.0026309972466948828,0.0010355764047806598,0.20423464281833978
5.0701727514034785,0.0024554106766786765,0.0010355764047806598,0.20419761879849724
5.070973167377982,0.0021415049672133257,0.0010355764047806598,0.20416212431570033
5.071773577307971,0.0023297146180994432,0.0010355764047806598,0.20412815043816998
5.07257398121396,-0.00030899342676099506,0.0010355764047806598,0.204095688611511
5.073374379116466,0.0007732282665283974,0.0010355764047806598,0.20406135284972018
5.074174771036004,-0.0007777306784504945,0.0010355764047806598,0.20401967245715852
5.074975156993089,-0.0011961929832830787,0.0010355764047806598,0.2039750917450381
5.075775537008239,-0.0011872317059135884,0.0010355764047806598,0.20392749373297944
5.076575911101966,0.00041299522722856863,0.0010355764047806598,0.20388453599905218
5.077376279294788,0.00182909654692201,0.0010355764047806598,0.20384017377503397
5.078176641607222,0.009842531116461689,0.0010355764047806598,0.20381007687685657
5.07897699805978,0.02318103524640469,0.0010355764047806598,0.20378029852827478
5.07977734867298,0.02191160356794275,0.0010355764047806598,0.20373892956308187
5.080577693467336,0.009625445078736528,0.0010355764047806598,0.20369689574828578
5.081378032463365,0.003765509370721065,0.0010355764047806598,0.20365420574016502
5.0821783656815835,0.0037214388176567414,0.0010355764047806598,0.2036108677986923
5.082978693142505,0.004034756142046236,0.0010355764047806598,0.20356688978753545
5.0837790148666455,0.0022303132225300892,0.0010355764047806598,0.2035222791740624
5.084579330874522,0.0010683544910022602,0.0010355764047806598,0.20347856256546484
5.085379641186649,0.001185306263788738,0.0010355764047806598,0.2034356781824881
5.086179945823543,0.00041268925188703287,0.0010355764047806598,0.20339356446379436
5.0869802448057175,0.0006305637353568871,0.0010355764047806598,0.20335216006596127
5.08778053815369,0.001162650686199057,0.0010355764047806598,0.20331140386347982
5.088580825887976,-0.00067632709917817,0.0010355764047806598,0.20327069644583526
5.089381108029091,-0.0010953036799302984,0.0010355764047806598,0.2032299535101114
5.090181384597551,0.0019266630688425934,0.0010355764047806598,0.2031776092887608
5.090981655613869,0.0054986181208012685,0.0010355764047806598,0.20313241267576865
5.091781921098565,0.01889516219594689,0.0010355764047806598,0.20309346802412562
5.092582181072151,0.0245859331119892,0.0010355764047806598,0.20305420579935235
5.093382435555145,0.014264316602520088,0.0010355764047806598,0.20301236376889223
5.094182684568061,0.004626444874413327,0.0010355764047806598,0.20297088457699342
5.094982928131414,0.0012003936756239952,0.0010355764047806598,0.20292989308343523
5.095783166265723,0.00020669421262664578,0.0010355764047806598,0.20288711513599553
5.0965833989915,-0.0004842368664598473,0.0010355764047806598,0.20284257090654886
5.097383626329262,-0.0007448913246615452,0.0010355764047806598,0.20279627990086393
5.098183848299525,-0.001277172050059311,0.0010355764047806598,0.2027482609586094
5.098984064922805,-0.001212729759590525,0.0010355764047806598,0.20270086427066158
5.099784276219616,0.0012053259875202116,0.0010355764047806598,0.20265586344647285
5.100584482210474,0.0007702645388398266,0.0010355764047806598,0.20261325282731224
5.101384682915897,0.000269055885517816,0.0010355764047806598,0.20257213087572754
5.102184878356397,0.0012421054324614489,0.0010355764047806598,0.20253245459482477
5.102985068552492,-8.471761009770651e-05,0.0010355764047806598,0.20249400078268445
5.103785253524697,0.0005476266797255214,0.0010355764047806598,0.20245672631819678
5.1045854332935265,0.00793824054537498,0.0010355764047806598,0.20241998566997854
5.1053856078795,0.019566970239919212,0.0010355764047806598,0.2023837199846053
5.106185777303127,0.01988878561983845,0.0010355764047806598,0.20234787074374905
5.106985941584929,0.008179995796267575,0.0010355764047806598,0.20230922605583856
5.107786100745417,0.0041219820263525275,0.0010355764047806598,0.2022678701428012
5.108586254805111,0.0021345254076365894,0.0010355764047806598,0.20222388628700044
5.109386403784523,-0.0007821947857397649,0.0010355764047806598,0.20217735683124238
5.11018654770417,-0.00116858204473555,0.0010355764047806598,0.20212836317878133
5.110986686584568,0.00011479858045918001,0.0010355764047806598,0.2020769857933259
5.111786820446231,0.000478123215935794,0.0010355764047806598,0.20202649954236526
5.112586949309678,0.000624202010893582,0.0010355764047806598,0.20197615069205793
5.113387073195421,0.0011236001478110158,0.0010355764047806598,0.20192828619075184
5.1141871921239765,0.0010352982010753409,0.0010355764047806598,0.20188147082247956
5.114987306115862,0.0022518227227712184,0.0010355764047806598,0.20183937640307056
5.1157874151915905,0.0031636286016711312,0.0010355764047806598,0.20179852922132188
5.116587519371681,0.0019524675593721452,0.0010355764047806598,0.20175321637644908
5.117387618676645,0.003586436049932029,0.0010355764047806598,0.20170677038032955
5.118187713127002,0.011362872959372078,0.0010355764047806598,0.20165926281422003
5.118987802743264,0.01809645805161514,0.0010355764047806598,0.20161090273268764
5.119787887545949,0.013535586757882773,0.0010355764047806598,0.20156165434646156
5.120587967555572,0.0030673715719790606,0.0010355764047806598,0.2015114814334658
5.121388042792648,-0.001498769096510838,0.0010355764047806598,0.2014628761140254
5.122188113277694,-0.0005323342038998091,0.0010355764047806598,0.20141305101100157
5.122988179031225,-0.0001365140811602772,0.0010355764047806598,0.20136201171519982
5.123788240073757,0.0002560052316419592,0.0010355764047806598,0.20130554457777416
5.124588296425804,-0.0004426310672974443,0.0010355764047806598,0.2012601036617186
5.125388348107883,-6.693484704584085e-06,0.0010355764047806598,0.20121479105428772
5.12618839514051,-0.00034084512489965246,0.0010355764047806598,0.20116962224071674
5.126988437544199,0.0017187481846472341,0.0010355764047806598,0.20112461266288786
5.127788475339467,0.0024074080150372767,0.0010355764047806598,0.20108004030419077
5.128588508546829,0.0026788236676884014,0.0010355764047806598,0.2010359320344172
5.129388537186801,0.0008518068603640405,0.0010355764047806598,0.20099231478138369
5.130188561279899,0.0009094167042308365,0.0010355764047806598,0.2009492155309326
5.130988580846638,0.003986918717008708,0.0010355764047806598,0.2009066613269302
5.1317885959075324,0.008547732987267548,0.0010355764047806598,0.20086467927126733
5.1325886064831,0.015569513249801159,0.0010355764047806598,0.20082428088939586
5.133388612593857,0.012698064595836861,0.0010355764047806598,0.20078332299326776
5.1341886142603155,0.0031899772371642987,0.0010355764047806598,0.20074169568280892
5.134988611502994,-0.0014697115196731503,0.0010355764047806598,0.20070328852325028
5.135788604342407,-0.0017439101094207654,0.0010355764047806598,0.2006700940121974
5.136588592799071,-0.0010787381753507574,0.0010355764047806598,0.20063641495971368
5.1373885768935,-7.493257004403953e-05,0.0010355764047806598,0.20060229728160428
5.138188556646211,0.0015482561321242816,0.0010355764047806598,0.20056778663166494
5.13898853207772,0.002070354437884697,0.0010355764047806598,0.20053292840168355
5.139788503208541,0.001453814649637175,0.0010355764047806598,0.20049776772144148
5.140588470059191,0.002264855232386037,0.0010355764047806598,0.20046735760108025
5.141388432650185,0.001193555833797516,0.0010355764047806598,0.20043653908831535
5.142188391002039,0.0007452978835057189,0.0010355764047806598,0.20040613214643982
5.142988345135268,0.0002983150244579291,0.0010355764047806598,0.20037619023024755
5.143788295070388,0.002083342450339698,0.0010355764047806598,0.20034676685951294
5.144588240827915,0.0031010172326801366,0.0010355764047806598,0.20031694221872606
5.145388182428364,0.006544879800952502,0.0010355764047806598,0.2002867272725011
5.14618811989225,0.01595529303801324,0.0010355764047806598,0.20025613267460282
5.146988053240091,0.017132444496564564,0.0010355764047806598,0.20022516876794805
5.1477879824924,0.011512019058346867,0.0010355764047806598,0.20019180321380436
5.148587907669695,0.006537492343353435,0.0010355764047806598,0.20016462476367142
5.149387828792489,0.0023454952271111384,0.0010355764047806598,0.20013699503801857
5.1501877458813,0.0022947522127585163,0.0010355764047806598,0.2001090288366161
5.150987658956641,0.0032552998488296903,0.0010355764047806598,0.20007715297151915
5.151787568039031,0.0005893204734448987,0.0010355764047806598,0.200041845592546
5.152587473148983,0.0012665255505937834,0.0010355764047806598,0.20001018012627036
5.153387374307013,0.0016478597457741662,0.0010355764047806598,0.1999796644239217
5.154187271533638,0.0014337266181689012,0.0010355764047806598,0.19995030912931627
5.154987164849371,0.003209338928518518,0.0010355764047806598,0.1999270994415506
5.1557870542747315,0.0002854739065834555,0.0010355764047806598,0.19990883985245195
5.156586939830231,0.0016278467210910919,0.0010355764047806598,0.19988735529364518
5.157386821536388,0.0033773854509744072,0.0010355764047806598,0.1998610978194567
5.158186699413718,0.004210687153064857,0.0010355764047806598,0.19983431571356602
5.158986573482735,0.005689214006109555,0.0010355764047806598,0.19980693921841766
5.159786443763955,0.010971215602149476,0.0010355764047806598,0.19977889819404238
5.160586310277894,0.015633446636836662,0.0010355764047806598,0.1997501221180591
5.161386173045067,0.00829744941354088,0.0010355764047806598,0.1997205400856767
5.162186032085992,0.0014074177472546967,0.0010355764047806598,0.1996900808096958
5.162985887421182,5.053035948057727e-05,0.0010355764047806598,0.19965793199579743
5.1637857390711535,0.0020922603062337175,0.0010355764047806598,0.19963812035759734
5.164585587056422,0.0024274708011507162,0.0010355764047806598,0.1996078361523713
5.165385431397503,0.0008488189945228819,0.0010355764047806598,0.19957343091959576
5.166185272114912,0.001545818311214947,0.0010355764047806598,0.19953771044501714
5.1669851092291665,-0.0002378179266178948,0.0010355764047806598,0.1995120000155938
5.16778494276078,-0.001082040965493719,0.0010355764047806598,0.1994854077811848
5.168584772730268,-0.0012201457380034697,0.0010355764047806598,0.1994579349525399
5.169384599158148,0.0004614608089826,0.0010355764047806598,0.1994295823498848
5.170184422064933,0.0021818137095372114,0.0010355764047806598,0.199400350402923
5.170984241471141,0.004417167373220093,0.0010355764047806598,0.19937023915083715
5.171784057397287,0.004406814230646844,0.0010355764047806598,0.19933924824229104
5.172583869863886,0.005647639740479604,0.0010355764047806598,0.19930737693543102
5.173383678891453,0.008632099210094585,0.0010355764047806598,0.19927529894426405
5.174183484500506,0.012914700981840221,0.0010355764047806598,0.19924298234647553
5.174983286711559,0.012907918675183622,0.0010355764047806598,0.19921039510193134
5.175783085545126,0.0036728558111251697,0.0010355764047806598,0.19917750505267712
5.1765828810217265,0.0019159051284549644,0.0010355764047806598,0.19914427992293976
5.1773826731618735,0.0012942144366963892,0.0010355764047806598,0.19911338669551787
5.178182461986082,0.0020918425551155195,0.0010355764047806598,0.19908096470994505
5.1789822475148695,0.0007286429410315043,0.0010355764047806598,0.19904702779720468
5.179782029768751,-0.0003103850207748782,0.0010355764047806598,0.19900846480780346
5.180581808768243,-0.0007272184124625658,0.0010355764047806598,0.19896917023317034
5.181381584533859,-0.001505747742468172,0.0010355764047806598,0.19893088026000055
5.182181357086116,-0.001301159731951912,0.0010355764047806598,0.1988936369160739
5.1829811264455286,-0.0007310137742794487,0.0010355764047806598,0.19885910358599235
5.1837808926326145,0.0017391710714164677,0.0010355764047806598,0.19882833395392782
5.1845806556678875,0.002400937916262308,0.0010355764047806598,0.19879979258179525
5.1853804155718635,0.0033563541429961763,0.0010355764047806598,0.19876838066054967
5.1861801723650585,0.0029130104799137413,0.0010355764047806598,0.19873418228085682
5.186979926067988,0.0029951339654614995,0.0010355764047806598,0.19869728049536908
5.187779676701168,0.00564545691618612,0.0010355764047806598,0.1986587331608325
5.188579424285113,0.009910363881862116,0.0010355764047806598,0.19861658499499252
5.189379168840339,0.008739564655697418,0.0010355764047806598,0.19857473318963323
5.190178910387363,0.001862969438921086,0.0010355764047806598,0.19853613862025182
5.190978648946699,0.0008488878600244609,0.0010355764047806598,0.1985009340808967
5.191778384538863,-0.0007826220845587317,0.0010355764047806598,0.19846622298490552
5.192578117184372,-0.0009561721522231004,0.0010355764047806598,0.19843200797297808
5.193377846903739,0.000944053422108071,0.0010355764047806598,0.19839829189277938
5.194177573717481,0.0013544794000928118,0.0010355764047806598,0.1983641115215768
5.194977297646115,0.0006594225135103937,0.0010355764047806598,0.19832949545803488
5.195777018710155,-0.0016438184695079516,0.0010355764047806598,0.1982944721210155
5.1965767369301155,0.0004641814470508765,0.0010355764047806598,0.1982590697495784
5.197376452326515,0.0003649653698565014,0.0010355764047806598,0.1982259359514884
5.198176164919867,0.0007639174745246446,0.0010355764047806598,0.198189283959074
5.198975874730689,0.002375461847252125,0.0010355764047806598,0.19814990503312713
5.199775581779494,0.004477700742960583,0.0010355764047806598,0.19810780063588168
5.200575286086798,0.003926653840089139,0.0010355764047806598,0.19806312585355967
5.20137498767312,0.005628603103918606,0.0010355764047806598,0.19801920442783102
5.202174686558973,0.010194071513826813,0.0010355764047806598,0.1979760548407504
5.202974382764872,0.012164312688260237,0.0010355764047806598,0.19793369595384724
5.203774076311333,0.008505764821832185,0.0010355764047806598,0.1978921470081256
5.204573767218872,0.001954339604466976,0.0010355764047806598,0.19785142762406135
5.205373455508005,-0.0007725184084598768,0.0010355764047806598,0.19781155780160214
5.2061731411992485,-8.421944722447616e-05,0.0010355764047806598,0.19778034991532806
5.206972824313117,0.0014616973473225714,0.0010355764047806598,0.19774871637213642
5.207772504870125,0.0018684209652747585,0.0010355764047806598,0.19771624151981632
5.20857218289079,0.0011338871170824272,0.0010355764047806598,0.1976802904708136
5.209371858395626,0.0033889533575403585,0.0010355764047806598,0.19764083308033661
5.21017153140515,0.003667660100528297,0.0010355764047806598,0.1975978379455607
5.210971201939877,5.378521001295211e-05,0.0010355764047806598,0.19755127240563258
5.211770870020323,0.00010142240702123995,0.0010355764047806598,0.19750496030684653
5.212570535667003,0.0031250991219883284,0.0010355764047806598,0.19746717657156299
5.2133701989004315,0.006481763652355033,0.0010355764047806598,0.19743418696784404
5.214169859741127,0.0049885398183514285,0.0010355764047806598,0.19739273344154457
5.214969518209604,0.0028334901902467013,0.0010355764047806598,0.19734859690716608
5.215769174326377,0.0019299295858899723,0.0010355764047806598,0.19730742694529035
5.2165688281119635,0.00446772968824552,0.0010355764047806598,0.19726409167322928
5.217368479586877,0.008440580722325702,0.0010355764047806598,0.19722173673283971
5.218168128771635,0.007589512995089115,0.0010355764047806598,0.1971803914425816
5.2189677756867505,0.00360440886915242,0.0010355764047806598,0.1971400855714844
5.219767420352744,0.0007636253524588299,0.0010355764047806598,0.19710084933914518
5.220567062790125,0.0035601090020585258,0.0010355764047806598,0.1970614950590885
5.221366703019413,0.0038592727115374093,0.0010355764047806598,0.1970220004222413
5.222166341061124,0.0032172725390818557,0.0010355764047806598,0.19698234309955825
5.222965976935771,0.003073476504263345,0.0010355764047806598,0.19694006404929756
5.223765610663871,0.00019141622257148883,0.0010355764047806598,0.19689622194389492
5.22456524226594,0.00024755341358342897,0.0010355764047806598,0.19684735368790093
5.225364871762494,-0.0004595468876213704,0.0010355764047806598,0.19679549329633392
5.226164499174046,0.0017828443592066145,0.0010355764047806598,0.1967413960722887
5.226964124521116,0.0022825675854880045,0.0010355764047806598,0.19669136797857537
5.2277637478242145,0.0030264657835807063,0.0010355764047806598,0.19664790063831147
5.2285633691038615,0.0015025689334244585,0.0010355764047806598,0.19661297044347764
5.2293629883805695,0.00017976019098553397,0.0010355764047806598,0.19657444205405214
5.230162605674856,-0.0004662428884183445,0.0010355764047806598,0.19653595491534756
5.230962221007236,0.0008877191267500917,0.0010355764047806598,0.19649758189675726
5.231761834398227,0.004838211073485088,0.0010355764047806598,0.19645939598929588
5.23256144586834,0.006771712089146231,0.0010355764047806598,0.1964194904365578
5.2333610554380945,0.005070541275865564,0.0010355764047806598,0.1963778516468785
5.234160663128005,0.0015590474560372714,0.0010355764047806598,0.19633639477364875
5.234960268958589,0.001640551462218448,0.0010355764047806598,0.19629518955131375
5.235759872950357,0.0011566843345989508,0.0010355764047806598,0.19625541736438362
5.236559475123831,0.00012050100914018369,0.0010355764047806598,0.19621629037629493
5.237359075499521,0.0005056378939316819,0.0010355764047806598,0.19617779358632287
5.238158674097947,-0.00041379097250915375,0.0010355764047806598,0.19614213533095048
5.238958270939621,0.000649475616235573,0.0010355764047806598,0.19611056108810612
5.239757866045062,0.0012165210463624676,0.0010355764047806598,0.1960746725642494
5.2405574594347835,0.0042259403233425585,0.0010355764047806598,0.19603945758391744
5.241357051129301,0.004867896853166187,0.0010355764047806598,0.19600489604621896
5.242156641149132,0.0037831712554420027,0.0010355764047806598,0.1959698912276374
5.242956229514789,0.0015028274807985242,0.0010355764047806598,0.19593587180252928
5.243755816246791,0.0004420054692625963,0.0010355764047806598,0.19590283650618817
5.244555401365653,-0.0003580927731041128,0.0010355764047806598,0.19587078453545653
5.245354984891888,-0.0010084681514382077,0.0010355764047806598,0.19583971554872423
5.246154566846014,0.002049210316554112,0.0010355764047806598,0.195805305771174
5.2469541472485455,0.0063098394086639475,0.0010355764047806598,0.19577289608781165
5.247753726119999,0.006403413294019528,0.0010355764047806598,0.19574183229713632
5.2485533034808896,0.0013222700512842134,0.0010355764047806598,0.19569660907193429
5.249352879351733,0.0011163715966611976,0.0010355764047806598,0.19565139901838696
5.250152453753044,0.001107818864304555,0.0010355764047806598,0.19560616135699385
5.250952026705341,0.0004484627101845329,0.0010355764047806598,0.1955608551863295
5.251751598229136,-0.00010959602481300235,0.0010355764047806598,0.195515439483044
5.252551168344947,-4.065463253219437e-05,0.0010355764047806598,0.1954735574717729
5.25335073707329,-0.0007902418160284086,0.0010355764047806598,0.19543084833511204
5.254150304434678,-0.0007908180840976164,0.0010355764047806598,0.1953928496409597
5.254949870449628,0.000816314556418174,0.0010355764047806598,0.19535522602692082
5.2557494351386564,-0.0005209226414408519,0.0010355764047806598,0.19531800394686294
5.256548998522278,0.0009805532569658604,0.0010355764047806598,0.19527719545644373
5.257348560621009,0.0022802263006924395,0.0010355764047806598,0.19523265110104845
5.258148121455364,0.0026014875387420366,0.0010355764047806598,0.19518219701813858
5.25894768104586,0.0036172316009030203,0.0010355764047806598,0.19513039905733467
5.259747239413012,0.0009754131260306387,0.0010355764047806598,0.19508962205766062
5.2605467965773345,0.0016584779276280215,0.0010355764047806598,0.19504946006965249
5.261346352559346,0.004236757706465671,0.0010355764047806598,0.19500994944360248
5.2621459073795585,0.006541386847479791,0.0010355764047806598,0.1949711266998715
5.262945461058489,0.0059973621642221975,0.0010355764047806598,0.19493302852888958
5.263745013616655,0.0020974997438322762,0.0010355764047806598,0.1948956917911553
5.26454456507457,0.0011506570015826778,0.0010355764047806598,0.19485756491966041
5.26534411545275,0.0003959948586825801,0.0010355764047806598,0.19481861544645726
5.266143664771711,0.0009917300654358474,0.0010355764047806598,0.19477881046004136
5.266943213051969,-0.0004889837276087494,0.0010355764047806598,0.194738116605353
5.2677427603140385,0.0003379945275545915,0.0010355764047806598,0.19469650008377673
5.2685423065784365,-0.00023325955591535497,0.0010355764047806598,0.19465392665314307
5.2693418518656765,0.001007840258995002,0.0010355764047806598,0.19461036162772793
5.270141396196276,0.004847938943438906,0.0010355764047806598,0.19456576987825402
5.2709409395907505,0.004079589755823371,0.0010355764047806598,0.19451824326211736
5.271740482069615,0.0023782381654754714,0.0010355764047806598,0.19446520510377197
5.272540023653385,2.6749950878035555e-05,0.0010355764047806598,0.19441483476718577
5.273339564362576,0.0010380313901789118,0.0010355764047806598,0.19436685254624128
5.2741391042177055,-0.0007978504234849026,0.0010355764047806598,0.19431866524952604
5.274938643239286,0.003393106722089839,0.0010355764047806598,0.19427037514020845
5.275738181447836,0.0048290040598792106,0.0010355764047806598,0.19422474035632425
5.276537718863869,0.007097876451959306,0.0010355764047806598,0.19418174336739258
5.277337255507903,0.007881282103729653,0.0010355764047806598,0.19414136763524964
5.278136791400451,0.006147547669987707,0.0010355764047806598,0.1941004278006958
5.27893632656203,0.001264373524916429,0.0010355764047806598,0.19405735619409917
5.2797358610131555,0.0027930064450650827,0.0010355764047806598,0.19401214818096882
5.2805353947743425,0.004011493015226242,0.0010355764047806598,0.1939647900697449
5.281334927866108,0.002888834628334197,0.0010355764047806598,0.1939152672419308
5.282134460308966,0.0006878348737853479,0.0010355764047806598,0.19386448224531722
5.282933992123433,3.1115527146158284e-05,0.0010355764047806598,0.19381256632727475
5.283733523330025,0.001662425399183265,0.0010355764047806598,0.19375947940147598
5.284533053949256,0.0014042723530797163,0.0010355764047806598,0.1937051713334941
5.285332584001644,0.0016349686298333388,0.0010355764047806598,0.19364959150971
5.286132113507702,0.0004294909963012683,0.0010355764047806598,0.19359268883731356
5.286931642487949,-8.833432752733406e-05,0.0010355764047806598,0.19353774649904576
5.287731170962897,0.00024636463611285575,0.0010355764047806598,0.19348485534043236
5.288530698953064,0.000975298060162777,0.0010355764047806598,0.19343410701668673
5.289330226478964,0.001745050239001622,0.0010355764047806598,0.19338559399270908
5.290129753561113,0.0025218481822628924,0.0010355764047806598,0.19333940954308643
5.290929280220029,0.0021265876397944805,0.0010355764047806598,0.19329564775209196
5.2917288064762245,0.007200175196891562,0.0010355764047806598,0.19325168525271436
5.292528332350217,0.009781221244850369,0.0010355764047806598,0.19320744321332806
5.29332785786252,0.0067718945641508654,0.0010355764047806598,0.19316225277169652
5.2941273830336515,0.0006636293420827222,0.0010355764047806598,0.19311606120348745
5.294926907884126,0.00048725089725923376,0.0010355764047806598,0.1930688153167028
5.295726432434459,-0.0007373544461763415,0.0010355764047806598,0.19302582127576456
5.2965259567051675,-0.0006211463306253218,0.0010355764047806598,0.19298520366337507
5.297325480716765,0.0010648693443742752,0.0010355764047806598,0.19294360593889728
5.298125004489768,0.0024978081785230477,0.0010355764047806598,0.19290433926802691
5.298924528044693,0.0015841195730884328,0.0010355764047806598,0.19286612065667535
5.2997240514020545,0.0016903198326992108,0.0010355764047806598,0.19282893179564498
5.3005235745823684,0.0017660804585561962,0.0010355764047806598,0.19279103257995478
5.30132309760615,0.001229629532718296,0.0010355764047806598,0.19275148833239092
5.302122620493917,0.0006992926761246188,0.0010355764047806598,0.19271292444302207
5.302922143266182,-0.0008879453406544779,0.0010355764047806598,0.1926748064425746
5.3037216659434625,0.0026564703973726567,0.0010355764047806598,0.19263689970083137
5.304521188546273,0.0012217300416000054,0.0010355764047806598,0.19259952813822545
5.30532071109513,0.0012008238852714292,0.0010355764047806598,0.1925623805892294
5.3061202336105495,0.0007910134760854837,0.0010355764047806598,0.1925254786880208
5.306919756113046,0.0012678628719725304,0.0010355764047806598,0.1924912552337681
5.307719278623136,0.00319160459619261,0.0010355764047806598,0.19245612624092176
5.308518801161334,0.00467179070393603,0.0010355764047806598,0.19242016318150057
5.309318323748156,0.00166917212894932,0.0010355764047806598,0.19238604447824398
5.310117846404119,0.001084660412554339,0.0010355764047806598,0.19235372325452427
5.310917369149737,0.00043675162581363614,0.0010355764047806598,0.19232315323392596
5.311716892005527,0.0005952317006815977,0.0010355764047806598,0.19229428874024582
5.312516414992002,-1.0819330595851495e-05,0.0010355764047806598,0.192261782866758
5.31331593812968,-0.0002335016060956152,0.0010355764047806598,0.19222987617478648
5.314115461439077,5.1743959489203295e-05,0.0010355764047806598,0.19219303029666535
5.314914984940708,0.0004933363339033325,0.0010355764047806598,0.1921564905206566
5.315714508655087,0.0012441514243547447,0.0010355764047806598,0.19211506231632558
5.316514032602731,0.0018240377776972128,0.0010355764047806598,0.19207428816317332
5.317313556804156,-6.610769087850299e-05,0.0010355764047806598,0.19203421703650686
5.318113081279877,-0.0012597248388843962,0.0010355764047806598,0.19199489809249926
5.31891260605041,-0.0006401558133958818,0.0010355764047806598,0.1919563806681901
5.31971213113627,0.0017617287563512218,0.0010355764047806598,0.19191871428148505
5.320511656557974,0.006861341753713834,0.0010355764047806598,0.1918767128735462
5.321311182336036,0.011025506181469774,0.0010355764047806598,0.1918354014867373
5.322110708490972,0.010184078371731048,0.0010355764047806598,0.19179479909459804
5.322910235043298,0.006636898063153179,0.0010355764047806598,0.19175492484503398
5.32370976201353,0.005583382191222425,0.0010355764047806598,0.19171579806031752
5.324509289422182,0.006178093833594717,0.0010355764047806598,0.19167837321733705
5.325308817289772,0.0027934099628625086,0.0010355764047806598,0.19164131276711038
5.326108345636813,0.00023158775484069527,0.0010355764047806598,0.19160465405409466
5.3269078744838225,0.0009326917070664187,0.0010355764047806598,0.1915684344435972
5.327707403851316,-0.0006058361654557032,0.0010355764047806598,0.19153471218338666
5.328506933759808,-0.0012287845044931522,0.0010355764047806598,0.19149536137309708
5.329306464229815,-0.000592431695703971,0.0010355764047806598,0.19145801665953432
5.330105995281854,0.0008097586834753812,0.0010355764047806598,0.19142274312095678
5.330905526936437,0.0007588607305809014,0.0010355764047806598,0.19138960651155817
5.331705059214083,0.001876256803409998,0.0010355764047806598,0.19135867326146802
5.332504592135305,0.00211014513271382,0.0010355764047806598,0.1913281345272622
5.3333041257206215,0.0008888118472262785,0.0010355764047806598,0.19129797581633753
5.334103659990546,0.0023973925099115556,0.0010355764047806598,0.19126818258723005
5.334903194965594,0.000856693377985801,0.0010355764047806598,0.1912339062592999
5.335702730666282,0.000848211020548939,0.0010355764047806598,0.1911959148349415
5.336502267113126,-0.0015185462934368676,0.0010355764047806598,0.1911623648637014
5.33730180432664,-0.0015169833707858738,0.0010355764047806598,0.19113340595895925
5.338101342327342,0.0005112879058705444,0.0010355764047806598,0.1911054682533564
5.338900881135745,0.002537490795298747,0.0010355764047806598,0.19107848857638804
5.339700420772367,0.0032534112933379766,0.0010355764047806598,0.1910524040518635
5.340499961257722,0.001876132508961209,0.0010355764047806598,0.19102715209790616
5.341299502612325,0.0002710129778240311,0.0010355764047806598,0.19100613496042257
5.3420990448566945,-0.00035393971027486426,0.0010355764047806598,0.19098108268045433
5.3428985880113435,0.000625963266212004,0.0010355764047806598,0.19095536206613717
5.3436981320967885,0.001057799036190743,0.0010355764047806598,0.19092345681335648
5.344497677133545,0.0031155520845768947,0.0010355764047806598,0.1908950185189892
5.34529722314213,0.004216587052433107,0.0010355764047806598,0.1908632193909698
5.346096770143056,0.0024459488871432233,0.0010355764047806598,0.1908339384510593
5.346896318156841,0.0012982070082820651,0.0010355764047806598,0.19080198653258817
5.347695867204002,0.0026355706268119117,0.0010355764047806598,0.19077325118196736
5.34849541730505,0.0037067889815112776,0.0010355764047806598,0.19074372079660568
5.349294968480504,0.00643055254892147,0.0010355764047806598,0.19071347148711754
5.350094520750879,0.007418630276022409,0.0010355764047806598,0.19068409329690603
5.350894074136692,0.004406608332845147,0.0010355764047806598,0.1906549061771097
5.351693628658456,0.0034147757766342934,0.0010355764047806598,0.1906259486779021
5.352493184336687,0.001083552683794814,0.0010355764047806598,0.19059841694784121
5.353292741191903,0.0017836261957533683,0.0010355764047806598,0.19057159193117218
5.354092299244618,0.0020132231608361306,0.0010355764047806598,0.190545429639072
5.354891858515347,0.002913696350072742,0.0010355764047806598,0.19051988630231098
5.355691419024605,0.003460473677992071,0.0010355764047806598,0.19049491837125332
5.356490980792912,0.0041244846703561155,0.0010355764047806598,0.19047048251585658
5.3572905438407785,0.0021272623688536885,0.0010355764047806598,0.19044450724256742
5.358090108188722,0.0006625935371317171,0.0010355764047806598,0.190418236287384
5.3588896738572585,0.0007235614729766415,0.0010355764047806598,0.19039174603964112
5.359689240866904,0.0009140546178809938,0.0010355764047806598,0.19036591244616533
5.3604888092381735,0.00032887090470754,0.0010355764047806598,0.19034084689742428
5.361288378991581,1.7428444753220251e-06,0.0010355764047806598,0.1903149664665153
5.362087950147645,-0.0002450184992189852,0.0010355764047806598,0.19028830877183656
5.36288752272688,0.0007474607562214519,0.0010355764047806598,0.19026327558550452
5.363687096749802,0.004687857944183832,0.0010355764047806598,0.1902345679381329
5.364486672236924,0.006776369169363028,0.0010355764047806598,0.1902015051442707
5.365286249208766,0.005927347787189952,0.0010355764047806598,0.19016920457414174
5.366085827685841,0.0017938767466613437,0.0010355764047806598,0.1901399066938199
5.366885407688664,-0.00037618702042482854,0.0010355764047806598,0.1901136772320987
5.367684989237752,-0.00011902472966987543,0.0010355764047806598,0.19008804509564353
5.36848457235362,2.376013826307921e-05,0.0010355764047806598,0.19006296705826933
5.369284157056784,0.00102461110242974,0.0010355764047806598,0.19003840009232004
5.37008374336776,0.0014319774071897273,0.0010355764047806598,0.1900143013686693
5.370883331307062,0.005034434002697041,0.0010355764047806598,0.1899885374083461
5.371682920895207,0.007579133909848962,0.0010355764047806598,0.18996115995132726
5.372482512152712,0.011208329083628066,0.0010355764047806598,0.18993133290785452
5.373282105100089,0.006598753077500019,0.0010355764047806598,0.1899041241974571
5.374081699757856,0.004449237001660694,0.0010355764047806598,0.18987597053584515
5.374881296146528,0.0019133785177860296,0.0010355764047806598,0.1898469633533849
5.375680894286621,0.0004719180170365822,0.0010355764047806598,0.18981854805764414
5.37648049419865,0.0014484442073819381,0.0010355764047806598,0.18979075429357742
5.377280095903132,0.0022186073476066215,0.0010355764047806598,0.18975940362766705
5.378079699420581,0.0016268602702202983,0.0010355764047806598,0.18973016635153822
5.378879304771512,0.0010336514302496935,0.0010355764047806598,0.18970235309801778
5.379678911976444,0.0010527550164650679,0.0010355764047806598,0.18967636803733107
5.38047852105589,0.0006502136971609229,0.0010355764047806598,0.1896506358755158
5.381278132030366,0.0018391910562400582,0.0010355764047806598,0.18962606787045777
5.382077744920387,0.0002578646080790281,0.0010355764047806598,0.1896010191503426
5.3828773597464705,0.0014081036086387166,0.0010355764047806598,0.18957549950521912
5.38367697652913,0.0016372622299175021,0.0010355764047806598,0.18954951844476747
5.384476595288883,0.0002291755970711129,0.0010355764047806598,0.18952449131967558
5.385276216046244,-0.0006076422212147881,0.0010355764047806598,0.18950415555663186
5.3860758388217285,-0.0002830399222225055,0.0010355764047806598,0.18947401793624138
5.386875463635852,0.00010393875762040872,0.0010355764047806598,0.18944292923051256
5.387675090509131,0.002316068230812929,0.0010355764047806598,0.18941148798123103
5.3884747194620815,0.0032600334455943902,0.0010355764047806598,0.18938105831696764
5.389274350515218,-0.00017775714858275782,0.0010355764047806598,0.1893516989611823
5.390073983689056,0.00262895257471904,0.0010355764047806598,0.1893234690734327
5.390873619004111,0.00015465764403951865,0.0010355764047806598,0.18929892642794
5.3916732564809005,-0.0001864824144451327,0.0010355764047806598,0.18927398544293642
5.392472896139938,-0.00019552630576039065,0.0010355764047806598,0.18924426372766287
5.39327253800174,-0.00016521424792251271,0.0010355764047806598,0.1892126674987436
5.3940721820868225,-0.00018381800921110636,0.0010355764047806598,0.18918350117353933
5.3948718284157,0.0004710553710875476,0.0010355764047806598,0.18915566650039092
5.395671477008889,-0.00012577491928927875,0.0010355764047806598,0.18912757256593524
5.3964711278869055,-0.0004661818174454546,0.0010355764047806598,0.18909921393465312
5.397270781070263,0.000129960760514497,0.0010355764047806598,0.1890705850177459
5.398070436579481,0.0008827649878858923,0.0010355764047806598,0.18904168007313515
5.398870094435071,0.0023864217800361187,0.0010355764047806598,0.18901249320546212
5.399669754657551,0.0024950687546629324,0.0010355764047806598,0.18898349369273526
5.400469417267436,0.0008019962435597827,0.0010355764047806598,0.18895465392470737
5.40126908228524,-0.0008870183049513869,0.0010355764047806598,0.1889259463297645
5.402068749731483,-0.0004343074309419992,0.0010355764047806598,0.18889625370984053
5.402868419626675,-0.0006161985631180367,0.0010355764047806598,0.18886652785766309
5.403668091991337,3.962635186000041e-05,0.0010355764047806598,0.18883550617008688
5.404467766845981,0.0022294022892715426,0.0010355764047806598,0.1888082354834425
5.405267444211124,0.0028693534960107236,0.0010355764047806598,0.18878254960118201
5.406067124107281,0.001691324045834386,0.0010355764047806598,0.18875835346679526
5.4068668065549685,0.0017565351972488041,0.0010355764047806598,0.18872998609599767
5.407666491574702,0.0041246626029245725,0.0010355764047806598,0.18871333261775164
5.408466179186996,0.008005981527476141,0.0010355764047806598,0.18867305521189037
5.409265869412366,0.008558033585083807,0.0010355764047806598,0.18863839843845348
5.4100655622713285,0.004233364216301938,0.0010355764047806598,0.18860352106251516
5.4108652577844,0.0022135401437261004,0.0010355764047806598,0.18856847623741715
5.411664955972095,0.0033440748474094784,0.0010355764047806598,0.18853331710854257
5.41246465685493,0.004368555545722658,0.0010355764047806598,0.1884987407771519
5.41326436045342,0.002676387817129644,0.0010355764047806598,0.1884647713693655
5.414064066788079,0.00025589371501252844,0.0010355764047806598,0.1884314332633351
5.414863775879425,0.0006158713954223516,0.0010355764047806598,0.18839875108924492
5.415663487747972,0.001243737165978226,0.0010355764047806598,0.18836623163456762
5.416463202414238,0.00043103996363727526,0.0010355764047806598,0.1883326992498486
5.417262919898736,0.0022128212170420547,0.0010355764047806598,0.1882981496399086
5.418062640221983,0.002072894970590572,0.0010355764047806598,0.18826102940208778
5.418862363404493,0.0022543051991436303,0.0010355764047806598,0.18821977464571754
5.419662089466784,0.0007529913072022165,0.0010355764047806598,0.18818277734745897
5.420461818429371,0.0016240845178515095,0.0010355764047806598,0.1881451995551074
5.421261550312768,0.0058353340272740695,0.0010355764047806598,0.1881069936808735
5.4220612851374925,0.009316190148276116,0.0010355764047806598,0.18806811199972318
5.422861022924059,0.009438752350886898,0.0010355764047806598,0.18802850664937676
5.423660763692984,0.0048582184726997935,0.0010355764047806598,0.18798758168813884
5.424460507464782,0.003736709490359008,0.0010355764047806598,0.18794531365768774
5.425260254259969,0.0027097262894618945,0.0010355764047806598,0.1879016787412403
5.426060004099061,0.0015841316836736619,0.0010355764047806598,0.18785665276355049
5.426859757002575,0.000163887765888715,0.0010355764047806598,0.18781021119090852
5.427659512991023,0.004099968961410599,0.0010355764047806598,0.18776306770420878
5.428459272084924,0.0070373283943973575,0.0010355764047806598,0.18772905074288468
5.429259034304791,0.005195694487047708,0.0010355764047806598,0.18769580600680943
5.4300587996711425,-0.0004825240793029373,0.0010355764047806598,0.18766327253857634
5.430858568204492,-0.001180365300184505,0.0010355764047806598,0.18763138965917173
5.431658339925356,-0.0006406843647236149,0.0010355764047806598,0.18759697206377635
5.432458114854248,0.0002495747878199228,0.0010355764047806598,0.18755624854914496
5.433257893011687,0.0011376813191973922,0.0010355764047806598,0.18751867788423515
5.434057674418187,-0.0008570901209301318,0.0010355764047806598,0.18748412429229008
5.434857459094264,-0.00024143553662608896,0.0010355764047806598,0.18744327631881824
5.435657247060433,-0.0004977014585587636,0.0010355764047806598,0.18740621971608815
5.436457038337209,-3.111224434521054e-05,0.0010355764047806598,0.1873709206067132
5.43725683294511,-0.000445014973103508,0.0010355764047806598,0.18733730090516448
5.438056630904649,0.0006865715549688178,0.0010355764047806598,0.18729704541093686
5.438856432236342,-6.023183488465533e-05,0.0010355764047806598,0.18725698665488574
5.439656236960707,-0.00010038395507500075,0.0010355764047806598,0.18721712220835168
5.440456045098258,0.0007533232241987153,0.0010355764047806598,0.18717744976325795
5.4412558566695095,0.002143049135935826,0.0010355764047806598,0.18713796713211164
5.442055671694979,0.0018366532745127118,0.0010355764047806598,0.18709867224800314
5.442855490195182,0.0007743430923442818,0.0010355764047806598,0.187063657276266
5.443655312190633,0.0016686805839351282,0.0010355764047806598,0.1870327360013504
5.444455137701848,0.000570269104005372,0.0010355764047806598,0.18699425951204568
5.445254966749342,0.0003385676130529536,0.0010355764047806598,0.18695601462979916
5.4460547993536315,-0.0006621686286566175,0.0010355764047806598,0.18691686533614074
5.4468546355352325,-0.00089603872220273,0.0010355764047806598,0.1868768578668676
5.447654475314659,0.00042350485440234564,0.0010355764047806598,0.18683603815515995
5.44845431871243,0.0016781412816404273,0.0010355764047806598,0.18679445183157958
5.449254165749057,0.0004614591929507639,0.0010355764047806598,0.18675214422406808
5.4500540164450575,0.0012350847828830613,0.0010355764047806598,0.18671358626232326
5.450853870820947,0.00041806277640327183,0.0010355764047806598,0.18667862333703558
5.4516537288972415,0.001158400868000009,0.0010355764047806598,0.18664219584131203
5.452453590694457,-0.0005588595618602754,0.0010355764047806598,0.18660770324285061
5.453253456233108,-0.00044558570835809275,0.0010355764047806598,0.186575677669698
5.454053325533709,0.00539511424596012,0.0010355764047806598,0.18654385164867643
5.45485319861678,0.009767527329467257,0.0010355764047806598,0.18651231316481937
5.455653075502832,0.007751777917974323,0.0010355764047806598,0.18647837376738335
5.456452956212383,0.0022874243095136193,0.0010355764047806598,0.18644200011300616
5.457252840765947,0.000921377176574506,0.0010355764047806598,0.18640315801525728
5.458052729184042,0.0007945276222383613,0.0010355764047806598,0.1863651263229472
5.458852621487181,9.282365061180631e-05,0.0010355764047806598,0.18632723867632978
5.459652517695882,-0.0007021262453595079,0.0010355764047806598,0.1862895628330023
5.460452417830659,0.00039029167139528753,0.0010355764047806598,0.1862521744620836
5.461252321912028,-0.00028161489712674737,0.0010355764047806598,0.18621514936752537
5.462052229960506,6.505587057434314e-05,0.0010355764047806598,0.18617760366843822
5.462852141996605,-0.0003512279430247234,0.0010355764047806598,0.1861395713390839
5.463652058040845,0.003240871750053609,0.0010355764047806598,0.1861010861175447
5.464451978113739,0.0033424218693026697,0.0010355764047806598,0.1860621815057225
5.465251902235802,0.0015665170698775377,0.0010355764047806598,0.1860228907693374
5.466051830427553,0.0005781445546166053,0.0010355764047806598,0.18598489327950984
5.466851762709504,0.0006338687415190225,0.0010355764047806598,0.185948108255762
5.467651699102173,0.0005380279257874709,0.0010355764047806598,0.18591249304406474
5.468451639626074,0.001780556133150174,0.0010355764047806598,0.18587800540352342
5.469251584301723,0.0007576110625465426,0.0010355764047806598,0.18584528292017855
5.470051533149636,0.00016098086079466278,0.0010355764047806598,0.18581244082661827
5.4708514861903295,-1.4880170139092153e-05,0.0010355764047806598,0.18577948943776876
5.471651443444318,0.00030751228456699087,0.0010355764047806598,0.18574578843331824
5.472451404932117,0.0004934961074642141,0.0010355764047806598,0.18571131950328582
5.473251370674242,0.00018988477429138229,0.0010355764047806598,0.18567668064893195
5.47405134069121,4.300253946540322e-05,0.0010355764047806598,0.18564188001430754
5.4748513150035345,-0.0006853084925934894,0.0010355764047806598,0.18560692568599543
5.475651293631732,0.0011830313502335932,0.0010355764047806598,0.18556622227018263
5.47645127659632,0.0011608627820990924,0.0010355764047806598,0.1855273815702675
5.477251263917812,0.004018406177295958,0.0010355764047806598,0.1854909265356992
5.478051255616724,0.011462161256491077,0.0010355764047806598,0.18545370750513296
5.4788512517135715,0.012583675983520448,0.0010355764047806598,0.18541570533132806
5.47965125222887,0.0068060568362251495,0.0010355764047806598,0.18537690057444633
5.4804512571831365,0.0008127784533306925,0.0010355764047806598,0.18533907385223158
5.481251266596885,-0.0006972102619735576,0.0010355764047806598,0.18530055995669242
5.482051280490632,-0.00041979353607346503,0.0010355764047806598,0.18526134260840232
5.482851298884893,-0.0005941907581556716,0.0010355764047806598,0.18522191214537959
5.483651321800183,6.736727603109949e-05,0.0010355764047806598,0.1851848857297136
5.484451349257019,0.0010990303219614028,0.0010355764047806598,0.18514598566635693
5.485251381275915,0.001971036262048642,0.0010355764047806598,0.18510926970049935
5.486051417877388,0.0029911375205703694,0.0010355764047806598,0.18507688756677484
5.486851459081952,0.0014563049615430312,0.0010355764047806598,0.18504103485487883
5.487651504910124,0.0011221847797848183,0.0010355764047806598,0.18500531044527924
5.488451555382419,0.00019717753235784508,0.0010355764047806598,0.18496981642052185
5.489251610519352,0.002396508306501427,0.0010355764047806598,0.1849319291338971
5.490051670341441,0.0016689246412594227,0.0010355764047806598,0.18489163145917756
5.490851734869199,5.6742144460358857e-05,0.0010355764047806598,0.18484890539466756
5.491651804123144,0.00046727724974485185,0.0010355764047806598,0.18480373206319758
5.49245187812379,0.0017864557135264247,0.0010355764047806598,0.18476055863016552
5.493251956891652,0.00014510913171353335,0.0010355764047806598,0.18471523462489292
5.494052040447246,0.0008006362273242085,0.0010355764047806598,0.18467462567569576
5.49485212881109,0.0008874670712015476,0.0010355764047806598,0.18463475766360626
5.495652222003697,-0.0007025597201934797,0.0010355764047806598,0.1845956327287644
5.496452320045583,-0.0001311330549554901,0.0010355764047806598,0.18455557379150314
5.497252422957265,-0.001972436968108837,0.0010355764047806598,0.18451589224365228
5.498052530759256,0.0003044298964242076,0.0010355764047806598,0.1844766104047059
5.498852643472074,3.988891862552468e-05,0.0010355764047806598,0.1844377506656247
5.499652761116235,0.000929303580615437,0.0010355764047806598,0.18439933548883614
5.500452883712252,0.0015034747711657748,0.0010355764047806598,0.18436152265030292
5.501253011280643,0.00837144421203495,0.0010355764047806598,0.18432400284210448
5.502053143841922,0.014931124921807093,0.0010355764047806598,0.18428677841334765
5.502853281416606,0.013116623929436855,0.0010355764047806598,0.18424985171323027
5.5036534240252095,0.007170353995857748,0.0010355764047806598,0.1842131547709338
5.504453571688249,0.002545359336410785,0.0010355764047806598,0.18417571562856308
5.50525372442624,0.00023243710996101452,0.0010355764047806598,0.18413935190808153
5.506053882259697,0.0009575338649126242,0.0010355764047806598,0.18410748911360125
5.5068540452091375,0.00036992318183065587,0.0010355764047806598,0.18407228993304137
5.5076542132950745,0.0022703984863532145,0.0010355764047806598,0.1840398417425241
5.508454386538026,0.004248870494178908,0.0010355764047806598,0.18400535050651792
5.509254564958508,0.001745361313645194,0.0010355764047806598,0.18397113664970982
5.5100547485770335,0.002003967887674346,0.0010355764047806598,0.1839371950237641
5.510854937414121,0.0032655652660787127,0.0010355764047806598,0.18390352045505656
5.511655131490282,0.0022864173234180274,0.0010355764047806598,0.1838701077446744
5.512455330826038,1.9210520561474542e-05,0.0010355764047806598,0.18383695166841632
5.513255535441899,0.0007190307639721172,0.0010355764047806598,0.18380599342928947
5.514055745358384,0.0005291116591848999,0.0010355764047806598,0.1837771400929399
5.514855960596007,0.002944568331020553,0.0010355764047806598,0.1837499164356827
5.515656181175286,0.0019237060977103648,0.0010355764047806598,0.1837293254142495
5.516456407116734,0.0014244935294283612,0.0010355764047806598,0.18370205786948057
5.517256638440867,0.0041447850160249156,0.0010355764047806598,0.18367327825937976
5.5180568751682015,0.005451892639669248,0.0010355764047806598,0.1836423881597065
5.518857117319253,0.0029405682655510024,0.0010355764047806598,0.18361477961436148
5.519657364914536,0.0011656055996003,0.0010355764047806598,0.18357593519676238
5.520457617974568,-0.0002496242123852521,0.0010355764047806598,0.18353578127754638
5.521257876519862,0.0008824797709909016,0.0010355764047806598,0.1834906598084572
5.522058140570937,0.002134162127993694,0.0010355764047806598,0.1834487931781559
5.522858410148306,0.0026554634181503167,0.0010355764047806598,0.18340779580866867
5.523658685272486,-0.000524272957305838,0.0010355764047806598,0.18336772862581072
5.5244589659639916,0.00041735627452832436,0.0010355764047806598,0.183323748871888
5.525259252243339,-0.00014884440915685637,0.0010355764047806598,0.1832836383752588
5.526059544131044,0.0005554964597922762,0.0010355764047806598,0.18324167275986655
5.526859841647623,-0.0007075592301034883,0.0010355764047806598,0.1832033578684361
5.527660144813589,0.0002769908658803999,0.0010355764047806598,0.1831628258213633
5.52846045364946,0.0006146768157680171,0.0010355764047806598,0.1831240255136894
5.5292607681757495,0.0017782745540469436,0.0010355764047806598,0.18308699616256077
5.530061088412976,0.001469222030234113,0.0010355764047806598,0.1830501945473121
5.530861414381652,0.0044717364254337755,0.0010355764047806598,0.1830143102731025
5.531661746102297,0.004323984358296784,0.0010355764047806598,0.1829793459002961
5.532462083595423,0.0022218058119603534,0.0010355764047806598,0.18294409409577092
5.533262426881547,-0.0011359219775681495,0.0010355764047806598,0.1829085049178952
5.534062775981183,-2.82644787319708e-05,0.0010355764047806598,0.1828725282478885
5.53486313091485,-6.331441504409119e-05,0.0010355764047806598,0.18283611378981923
5.535663491703062,0.0009136504746046215,0.0010355764047806598,0.18279921107060404
5.536463858366334,0.001367681003926785,0.0010355764047806598,0.18276455969082925
5.537264230925181,0.002195939372253236,0.0010355764047806598,0.18272651502555776
5.53806460940012,0.0025228174717443763,0.0010355764047806598,0.18268761328593341
5.538864993811668,0.0011348147882117576,0.0010355764047806598,0.1826479615662229
5.539665384180337,0.000776168219603468,0.0010355764047806598,0.18260882180997184
5.540465780526645,-0.0004409052524589896,0.0010355764047806598,0.182570248567347
5.541266182871107,-0.00022721808579170832,0.0010355764047806598,0.1825322965926635
5.5420665912342395,-0.0007981946106054016,0.0010355764047806598,0.18249591640809965
5.542867005636556,-0.0010392873971433736,0.0010355764047806598,0.18245687923762005
5.543667426098574,0.0008838627841514235,0.0010355764047806598,0.18241913928217307
5.544467852640809,0.0020937293580093053,0.0010355764047806598,0.18238254519308147
5.545268285283776,0.001489066416441781,0.0010355764047806598,0.18234716857631045
5.546068724047992,0.0014195603803268675,0.0010355764047806598,0.18231397542359248
5.54686916895397,0.0038317941482089446,0.0010355764047806598,0.1822768234239026
5.547669620022227,0.008790733074453216,0.0010355764047806598,0.18223757833585585
5.548470077273279,0.00830697180015666,0.0010355764047806598,0.1821984405005403
5.549270540727641,0.004361487545605364,0.0010355764047806598,0.18215933955015817
5.550071010405831,0.005330766608548282,0.0010355764047806598,0.18212020513070226
5.550871486328361,0.012149480436906002,0.0010355764047806598,0.18208315277737408
5.551671968515747,0.01522919344535581,0.0010355764047806598,0.18204820804626043
5.552472456988507,0.009017872938224175,0.0010355764047806598,0.18201632485810307
5.5532729517671555,0.0029741867748211137,0.0010355764047806598,0.18198236743634644
5.554073452872209,0.0009159945628985366,0.0010355764047806598,0.1819505934940152
5.55487396032418,0.00047801948002818007,0.0010355764047806598,0.18192073445499785
5.555674474143587,0.0015166200956438503,0.0010355764047806598,0.1818914227917669
5.556474994350945,0.002512234447249573,0.0010355764047806598,0.18186264558331408
5.55727552096677,0.001682788258418555,0.0010355764047806598,0.1818343901524737
5.558076054011577,-0.00015629229201122308,0.0010355764047806598,0.18180664406592542
5.5588765935058815,-0.00042035504369766774,0.0010355764047806598,0.18177939513419558
5.5596771394702005,0.00094188164936862,0.0010355764047806598,0.18175227742600827
5.560477691925047,0.0026924725111520387,0.0010355764047806598,0.18172319894972797
5.561278250890939,0.00130920763570333,0.0010355764047806598,0.1816887669689664
5.56207881638839,0.001597619634785108,0.0010355764047806598,0.18165479785448813
5.562879388437918,0.001829366028548829,0.0010355764047806598,0.1816213150886377
5.563679967060037,0.001561611544652286,0.0010355764047806598,0.1815883423132551
5.564480552275263,0.0042488440608584865,0.0010355764047806598,0.18155443330143767
5.565281144104112,0.004988765720239763,0.0010355764047806598,0.18151558338813983
5.5660817425671,0.0030230083084254733,0.0010355764047806598,0.18147797821250444
5.566882347684741,0.0028609085178050997,0.0010355764047806598,0.18144168177095704
5.567682959477552,0.0032016219840356464,0.0010355764047806598,0.1814067585930658
5.568483577966048,0.0029344130587344863,0.0010355764047806598,0.18137196789319454
5.569284203170745,0.0010225408110038081,0.0010355764047806598,0.18133814198744547
5.570084835112159,0.0005890124644731543,0.0010355764047806598,0.1813045237652703
5.5708854738108045,0.0017945516190423783,0.0010355764047806598,0.18127210232640423
5.571686119287197,0.0010956490211128656,0.0010355764047806598,0.18124060560948724
5.572486771561853,-7.609288301271833e-05,0.0010355764047806598,0.1812094131831462
5.573287430655288,-0.0004116091770632879,0.0010355764047806598,0.18117025223362138
5.574088096588018,-0.00015884195199228346,0.0010355764047806598,0.18113657658425736
5.574888769380558,-0.0004676482366932355,0.0010355764047806598,0.18110417776465187
5.575689449053424,-0.0011194909810170461,0.0010355764047806598,0.18107301229343425
5.576490135627131,0.0010817829936007883,0.0010355764047806598,0.18104303719835296
5.577290829122195,0.006071280633840381,0.0010355764047806598,0.18101421001628093
5.578091529559132,0.008664827457014163,0.0010355764047806598,0.1809864887932198
5.578892236958457,0.005904658539612417,0.0010355764047806598,0.18095983208430425
5.579692951340687,0.0029177563587519106,0.0010355764047806598,0.1809335084690325
5.580493672726335,0.001903414532433756,0.0010355764047806598,0.18090156781853972
5.581294401135918,0.0016113075151371892,0.0010355764047806598,0.18086604345744275
5.5820951365899525,0.0015519157441306053,0.0010355764047806598,0.1808282027023198
5.582895879108953,0.006737588119517135,0.0010355764047806598,0.18079032584249463
5.583696628713436,0.009634886478475047,0.0010355764047806598,0.18075240742073723
5.584497385423916,0.004989870406680058,0.0010355764047806598,0.18071267130539725
5.585298149260909,-5.892019524400549e-05,0.0010355764047806598,0.1806710341718458
5.5860989202449325,0.0011081011966216636,0.0010355764047806598,0.18062799089114034
5.586899698396498,0.001937903320480494,0.0010355764047806598,0.1805892500865248
5.587700483736126,0.0006044956233851317,0.0010355764047806598,0.18053851255255382
5.588501276284328,0.00033581551210465355,0.0010355764047806598,0.1805032753132917
5.589302076061623,0.0002735352520806811,0.0010355764047806598,0.1804668695080053
5.590102883088522,0.0008887949065037037,0.0010355764047806598,0.18043167531197118
5.590903697385547,0.000666854502291564,0.0010355764047806598,0.18039769853846654
5.5917045189732075,0.0005651719420693424,0.0010355764047806598,0.18036214782824864
5.592505347872022,0.00028221654939653007,0.0010355764047806598,0.18032654011579036
5.593306184102508,0.0008680515710323966,0.0010355764047806598,0.18029215957571465
5.594107027685177,0.00030554349502792677,0.0010355764047806598,0.180258958585044
5.594907878640548,0.0002418427308941984,0.0010355764047806598,0.18022688993513283
5.595708736989135,-0.00034753297174849873,0.0010355764047806598,0.18019523359179304
5.5965096027514525,0.00024018153752586313,0.0010355764047806598,0.18016508539403162
5.597310475948019,-5.905106643686042e-05,0.0010355764047806598,0.18013642098359872
5.598111356599348,0.0008158184723087991,0.0010355764047806598,0.18010840594963293
5.598912244725956,0.0005965219596568427,0.0010355764047806598,0.18008098158768748
5.599713140348358,0.0011401649577044426,0.0010355764047806598,0.18005064965306883
5.60051404348707,0.003000209070620985,0.0010355764047806598,0.180017506933978
5.601314954162609,0.009295700934433215,0.0010355764047806598,0.17998363520958793
5.602115872395488,0.017790850912725004,0.0010355764047806598,0.17994903964077522
5.602916798206224,0.01559808463375359,0.0010355764047806598,0.1799137250954958
5.603717731615332,0.005105161345388298,0.0010355764047806598,0.17987826899439469
5.60451867264333,-0.0006898543472142471,0.0010355764047806598,0.1798427007481797
5.60531962131073,-0.001782606705725498,0.0010355764047806598,0.17981183711675394
5.606120577638049,-0.0008886040614940194,0.0010355764047806598,0.17978373567565809
5.606921541645804,0.0005140425468126708,0.0010355764047806598,0.17975025330766148
5.607722513354509,-0.0006066673447059912,0.0010355764047806598,0.17972578720849774
5.6085234927846805,-0.001295631656507229,0.0010355764047806598,0.17969929550694808
5.609324479956833,0.0002050184430353319,0.0010355764047806598,0.17967202304982838
5.610125474891485,0.0010207519956474675,0.0010355764047806598,0.17964092174617727
5.610926477609148,0.0018774397831264056,0.0010355764047806598,0.17960606041228774
5.611727488130341,0.0015954099183984327,0.0010355764047806598,0.17957077338401356
5.612528506475578,0.0010552302330589791,0.0010355764047806598,0.17953780381302567
5.613329532665374,0.001095582594915323,0.0010355764047806598,0.17950180445300878
5.614130566720246,0.003139251204870658,0.0010355764047806598,0.17946263250383393
5.61493160866071,0.005578551648105806,0.0010355764047806598,0.17942973800865414
5.61573265850728,0.0058189832528686425,0.0010355764047806598,0.1793931453172717
5.616533716280472,0.005049670399112194,0.0010355764047806598,0.17935669158855067
5.617334782000803,0.0025516462647420524,0.0010355764047806598,0.17931890364389083
5.618135855688786,0.001563786650690957,0.0010355764047806598,0.17928827234778744
5.61893693736494,0.0007612262916268375,0.0010355764047806598,0.17925821848452325
5.619738027049779,0.0019447149287130372,0.0010355764047806598,0.1792287010439817
5.620539124763817,0.0031488189383999665,0.0010355764047806598,0.17919967928449768
5.621340230527572,0.0034058938573208464,0.0010355764047806598,0.1791711127328589
5.622141344361558,0.002152954249282163,0.0010355764047806598,0.17914296118430995
5.622942466286292,0.0022515653828805993,0.0010355764047806598,0.17911090451746545
5.62374359632229,0.0020683222872954765,0.0010355764047806598,0.17907471530609326
5.624544734490065,0.0003768831208575685,0.0010355764047806598,0.17904615025504295
5.625345880810135,-5.693766748091078e-05,0.0010355764047806598,0.1790082075321726
5.626147035303014,-0.0005319084757824388,0.0010355764047806598,0.17897014983229584
5.626948197989219,0.0013619470062244399,0.0010355764047806598,0.1789320639686161
5.6277493688892655,0.0017561472221939711,0.0010355764047806598,0.17889403671628726
5.628550548023669,0.0014243439369426014,0.0010355764047806598,0.17885710245911507
5.629351735412944,0.00041052822168780034,0.0010355764047806598,0.17882130522182915
5.630152931077607,0.0004311929261618108,0.0010355764047806598,0.17878206231594415
5.6309541350381735,0.002229101937477884,0.0010355764047806598,0.17873921547902458
5.631755347315159,0.0025563867741974222,0.0010355764047806598,0.17869773447970538
5.63255656792908,0.0012680480539394579,0.0010355764047806598,0.17865234550456294
5.633357796900451,0.00014363371215708742,0.0010355764047806598,0.1786051092613955
5.634159034249787,0.0006642116300806244,0.0010355764047806598,0.17855830756602684
5.634960279997606,0.001232998755397452,0.0010355764047806598,0.17851253826152064
5.635761534164422,-0.00018112420536953167,0.0010355764047806598,0.17846780521461988
5.636562796770751,0.00031201475060962935,0.0010355764047806598,0.17842411276916542
5.637364067837108,0.0005357417400580211,0.0010355764047806598,0.17838038785812022
5.63816534738401,0.0013058452273339571,0.0010355764047806598,0.17833668431856806
5.638966635431971,0.0015711973943700608,0.0010355764047806598,0.1782953065445378
5.639767932001508,0.0014757219682272615,0.0010355764047806598,0.17825620711348564
5.6405692371131355,0.007562377570324658,0.0010355764047806598,0.17821649210114393
5.641370550787369,0.007225673150788009,0.0010355764047806598,0.17817624421035733
5.642171873044727,0.001770839044755057,0.0010355764047806598,0.1781355459454679
5.64297320390572,0.0007619207668059513,0.0010355764047806598,0.17809729912205033
5.643774543390869,-0.00037048268356865144,0.0010355764047806598,0.17806145888086902
5.644575891520685,0.001202682613058642,0.0010355764047806598,0.17802491255712014
5.645377248315687,0.003730032827369445,0.0010355764047806598,0.17798775535916983
5.64617861379639,0.003490368640401059,0.0010355764047806598,0.1779499227930817
5.646979987983307,0.0020584990760919852,0.0010355764047806598,0.17791136363742344
5.647781370896957,0.0018633324434590703,0.0010355764047806598,0.1778720263359919
5.648582762557853,0.0011148421422838561,0.0010355764047806598,0.17783185899780965
5.649384162986513,-0.000848056376290679,0.0010355764047806598,0.17779166091055387
5.65018557220345,-0.0005996507767838666,0.0010355764047806598,0.17775317316670677
5.650986990229183,2.9284892322289924e-05,0.0010355764047806598,0.1777153197958097
5.651788417084224,0.0005831038891327966,0.0010355764047806598,0.17767451018390762
5.652589852789091,0.000741989723169495,0.0010355764047806598,0.17763209922873338
5.6533912973642995,0.001590378159831457,0.0010355764047806598,0.17758973041167822
5.654192750830362,0.00660787220236167,0.0010355764047806598,0.17754741279043065
5.6549942132078,0.017644466848686924,0.0010355764047806598,0.17750519453539135
5.655795684517124,0.021727404531813294,0.0010355764047806598,0.17746308300831212
5.6565971647788515,0.014807367683082717,0.0010355764047806598,0.17742097855365802
5.657398654013499,0.004562217584387129,0.0010355764047806598,0.17737889345115668
5.658200152241579,0.0013806709067624712,0.0010355764047806598,0.17733683998520772
5.659001659483612,5.760850523306438e-05,0.0010355764047806598,0.17729483044488242
5.659803175760109,5.830903253359332e-05,0.0010355764047806598,0.17725287712392357
5.6606047010915885,0.00039475081609341434,0.0010355764047806598,0.17721309081955758
5.661406235498564,-0.0010499432560011623,0.0010355764047806598,0.17717538931909443
5.662207779001553,-0.0008874501402694468,0.0010355764047806598,0.17713969126176654
5.663009331621071,8.947821510665865e-05,0.0010355764047806598,0.1771059161387345
5.663810893377631,0.0016093253692860687,0.0010355764047806598,0.17706469669181207
5.664612464291753,0.0019535682148473232,0.0010355764047806598,0.177024474098575
5.665414044383948,0.0017038442845757062,0.0010355764047806598,0.17698153199278152
5.666215633674735,0.0012633716940216033,0.0010355764047806598,0.17693347622311326
5.667017232184628,0.0010922031186985093,0.0010355764047806598,0.17688715179664896
5.667818839934144,0.0005252739686907315,0.0010355764047806598,0.1768425478291902
5.668620456943796,-0.0010603546416181886,0.0010355764047806598,0.17680137413729094
5.669422083234102,-0.0011942040731719172,0.0010355764047806598,0.17675713330276782
5.670223718825579,-0.000430871845262526,0.0010355764047806598,0.17672012285563082
5.671025363738738,0.000629682799953929,0.0010355764047806598,0.17668174018434318
5.671827017994098,0.0005411854873502153,0.0010355764047806598,0.1766421121078855
5.672628681612174,0.001085242871061487,0.0010355764047806598,0.1766027302051007
5.673430354613481,0.0012643794451522306,0.0010355764047806598,0.17656365902347748
5.674232037018536,0.0022119152709565715,0.0010355764047806598,0.17652373167827481
5.675033728847852,0.005344120944604014,0.0010355764047806598,0.17648295900603478
5.675835430121948,0.009646794144085646,0.0010355764047806598,0.17644135152543167
5.676637140861336,0.005949823223206502,0.0010355764047806598,0.17640067523905775
5.677438861086535,0.0016901042398511368,0.0010355764047806598,0.17636029699515918
5.678240590818059,0.0019415456891749838,0.0010355764047806598,0.17632022187707438
5.679042330076423,0.002407784235030491,0.0010355764047806598,0.17628045506056209
5.6798440788821445,0.0005953587037066665,0.0010355764047806598,0.17624100181380048
5.680645837255736,8.740307873261743e-05,0.0010355764047806598,0.17620172610869964
5.681447605217717,0.0004420109988300669,0.0010355764047806598,0.17616262719573722
5.682249382788601,0.0011737516808037196,0.0010355764047806598,0.17612370436311608
5.683051169988904,0.0005195706737817496,0.0010355764047806598,0.1760849569367634
5.683852966839141,0.0010938867902782479,0.0010355764047806598,0.17604546942466529
5.684654773359828,0.0009654420818709653,0.0010355764047806598,0.17600528896950313
5.685456589571481,0.0024301829240802875,0.0010355764047806598,0.17596827879054514
5.686258415494615,0.002471277801819355,0.0010355764047806598,0.17592379674853886
5.687060251149746,0.002287112645135536,0.0010355764047806598,0.1758830789004809
5.68786209655739,0.0005098371380755917,0.0010355764047806598,0.17584292007089994
5.688663951738061,-0.0007619707408310916,0.0010355764047806598,0.17580243025510403
5.689465816712277,0.0011337924676486366,0.0010355764047806598,0.17576183094023015
5.6902676915005515,0.0022356558754466627,0.0010355764047806598,0.1757211339843911
5.691069576123403,0.005409560480662268,0.0010355764047806598,0.1756809630138217
5.691871470601344,0.011201108113058689,0.0010355764047806598,0.17564130207520354
5.69267337495489,0.009451743238259952,0.0010355764047806598,0.17560213533642757
5.693475289204559,0.004390699654338859,0.0010355764047806598,0.17556141216970572
5.694277213370866,0.00032285748375640577,0.0010355764047806598,0.17551902771530228
5.695079147474326,-0.0003407385741385771,0.0010355764047806598,0.1754757942997797
5.695881091535454,-0.0007286553273243845,0.0010355764047806598,0.17542622092089347
5.696683045574768,0.0001122748192671219,0.0010355764047806598,0.17538061027034918
5.69748500961278,-0.001220628211150987,0.0010355764047806598,0.17534015461067165
5.698286983670008,-0.0009221218537130704,0.0010355764047806598,0.17530340483360923
5.6990889677669685,-0.0009887731971391922,0.0010355764047806598,0.175256873446942
5.699890961924175,0.0016205227995906568,0.0010355764047806598,0.17522278598511729
5.700692966162144,0.0015751525635998576,0.0010355764047806598,0.1751869240035448
5.7014949805013915,0.0017014320817191064,0.0010355764047806598,0.17514939465068757
5.702297004962433,0.002552178103445213,0.0010355764047806598,0.1751123790247605
5.7030990395657835,0.0009138108063785344,0.0010355764047806598,0.1750758894897234
5.703901084331958,0.0007562400078471865,0.0010355764047806598,0.17504186121958032
5.704703139281475,0.0021062595237627546,0.0010355764047806598,0.17500790610150505
5.705505204434846,0.0015223608220555906,0.0010355764047806598,0.17497481366911358
5.706307279812591,-0.000222419703475224,0.0010355764047806598,0.1749425810530525
5.707109365435222,0.0007223456368919134,0.0010355764047806598,0.1749130706754978
5.707911461323257,0.004353016673218357,0.0010355764047806598,0.17487882303850655
5.70871356749721,0.009972249197478411,0.0010355764047806598,0.17484395691130242
5.709515683977597,0.01690238842523209,0.0010355764047806598,0.17480847881520623
5.710317810784934,0.01678281620745145,0.0010355764047806598,0.17477239498457697
5.711119947939737,0.011065634268455138,0.0010355764047806598,0.17473571136680993
5.711922095462522,0.00649592497390139,0.0010355764047806598,0.1746984336223325
5.7127242533738025,0.0015704118618929674,0.0010355764047806598,0.1746605671246011
5.713526421694096,0.0005044622499444096,0.0010355764047806598,0.17462211696009822
5.714328600443917,-0.0014724952732965702,0.0010355764047806598,0.1745830879283288
5.715130789643782,-0.00013592131383030615,0.0010355764047806598,0.17454348454181706
5.715932989314206,0.0028790422636332247,0.0010355764047806598,0.1745035856063599
5.716735199475705,0.003273710695930937,0.0010355764047806598,0.17446046562828627
5.717537420148795,0.0022371600105446643,0.0010355764047806598,0.17441883723180154
5.7183396513539915,0.0030044292608456258,0.0010355764047806598,0.1743787752700551
5.719141893111809,0.0029220682952580124,0.0010355764047806598,0.17434035516760713
5.7199441454427635,0.002700003044041638,0.0010355764047806598,0.17430285718566696
5.720746408367372,0.0026394061601306973,0.0010355764047806598,0.17426628636279334
5.721548681906149,0.003248251875075714,0.0010355764047806598,0.17423064800804844
5.72235096607961,0.0028377799718951047,0.0010355764047806598,0.174195011434778
5.72315326090827,0.0035031878825437512,0.0010355764047806598,0.1741605562794848
5.723955566412646,0.003397493540161195,0.0010355764047806598,0.17412936560572423
5.724757882613254,0.0017109796615654427,0.0010355764047806598,0.17409745071674154
5.725560209530608,0.0013507863205151627,0.0010355764047806598,0.1740668783041706
5.726362547185223,0.00014565756834311605,0.0010355764047806598,0.17403568822719162
5.7271648955976175,0.0007277545500890548,0.0010355764047806598,0.17400177596386934
5.727967254788305,0.000311949568897546,0.0010355764047806598,0.17396837658171077
5.728769624777803,0.0010351220663726846,0.0010355764047806598,0.17393333610357162
5.729572005586625,-0.00020772787083711552,0.0010355764047806598,0.17389667180681964
5.730374397235287,0.000836470225049929,0.0010355764047806598,0.17385840021627952
5.731176799744304,0.0029010517086870413,0.0010355764047806598,0.17382009153456549
5.731979213134195,0.0029591078413481464,0.0010355764047806598,0.1737816907690376
5.732781637425472,0.00170983834268712,0.0010355764047806598,0.17374314280213632
5.733584072638652,-0.00017513659378265434,0.0010355764047806598,0.17370439239137805
5.734386518794251,0.002197594214006171,0.0010355764047806598,0.17366538416935215
5.735188975912783,0.005879360779762366,0.0010355764047806598,0.17362637882869852
5.735991444014767,0.005983153478622966,0.0010355764047806598,0.1735873346233203
5.736793923120715,0.00551634461641029,0.0010355764047806598,0.1735463003811076
5.737596413251143,0.003992244707225562,0.0010355764047806598,0.17350409906165054
5.738398914426569,0.0026540290504436237,0.0010355764047806598,0.17346073906807977
5.739201426667506,0.0024116696534667026,0.0010355764047806598,0.17341622834435513
5.740003949994472,0.001592874030708319,0.0010355764047806598,0.17337057437526088
5.740393861538361,-0.00042456643072819045,0.0010355764047806598,0.17332595153699182
5.741193095975312,1.6988046205757e-05,0.0010355764047806598,0.1732856294600172
5.741992334758499,0.0011013506571870835,0.0010355764047806598,0.17324559583089952
5.74279157788054,0.0005253441967836281,0.0010355764047806598,0.17320585671873856
5.743590825334056,0.00029948853009115206,0.0010355764047806598,0.17316641818225012
5.744390077111668,0.0004447730297126862,0.0010355764047806598,0.173127286269765
5.745189333205997,0.0003144489562510733,0.0010355764047806598,0.17308846701922878
5.7459885936096615,0.002219820824274882,0.0010355764047806598,0.17304996645820078
5.746787858315283,0.0028957239530185974,0.0010355764047806598,0.1730117906038538
5.747587127315482,0.004278131360584858,0.0010355764047806598,0.17297394546297298
5.748386400602879,0.004227958729860842,0.0010355764047806598,0.17293643703195555
5.749185678170093,0.003962370390812708,0.0010355764047806598,0.17289840984527294
5.749984960009746,0.002043448186979241,0.0010355764047806598,0.1728605935339538
5.750784246114457,0.00047816583810514346,0.0010355764047806598,0.17281922946636763
5.751583536476848,0.0003575625921349024,0.0010355764047806598,0.17277415388866355
5.752382831089539,-0.0007512561814118357,0.0010355764047806598,0.1727310343253068
5.7531821299451495,-5.916374547249026e-06,0.0010355764047806598,0.17269544185482744
5.753981433036301,0.0015939899671648106,0.0010355764047806598,0.17265970249794216
5.754780740355612,0.0023134782848503455,0.0010355764047806598,0.17262313798077522
5.755580051895704,0.001444051005663416,0.0010355764047806598,0.17258741282273446
5.756379367649198,0.0003563352090341365,0.0010355764047806598,0.17255037892861233
5.757178687608714,-6.324592791620565e-05,0.0010355764047806598,0.17251038808092972
5.757978011766872,-0.0004867578763385616,0.0010355764047806598,0.17246746522086573
5.758777340116294,7.589324387083374e-05,0.0010355764047806598,0.17242163414170247
5.759576672649597,-0.000908545403407568,0.0010355764047806598,0.17237468541810008
5.760376009359405,0.0003425964483202426,0.0010355764047806598,0.17233274352637346
5.761175350238336,-0.00032925145257869937,0.0010355764047806598,0.1722941345247007
5.761974695279011,0.00018012042948181706,0.0010355764047806598,0.1722611796643525
5.7627740444740505,0.0009473023177526685,0.0010355764047806598,0.1722318097386603
5.763573397816076,0.004330075373637637,0.0010355764047806598,0.17220779207249373
5.764372755297706,0.008642706961788926,0.0010355764047806598,0.17218355363753401
5.765172116911563,0.011794126834618779,0.0010355764047806598,0.1721626404164285
5.765971482650265,0.009276891044090047,0.0010355764047806598,0.17212781765240534
5.766770852506434,0.003276058139535798,0.0010355764047806598,0.17209247807922362
5.76757022647269,0.004974042912723298,0.0010355764047806598,0.17205661978361464
5.768369604541652,0.011425415071281975,0.0010355764047806598,0.17202024044915476
5.769168986705942,0.013411758235802013,0.0010355764047806598,0.1719833373562599
5.769968372958181,0.006347876069010466,0.0010355764047806598,0.1719459073821807
5.770767763290989,0.0016469822407933488,0.0010355764047806598,0.1719089101883876
5.7715671576969845,0.00067502964505467,0.0010355764047806598,0.17187522324424762
5.772366556168789,-1.6343079569020036e-05,0.0010355764047806598,0.17184277658113092
5.773165958699025,0.0005197569303336258,0.0010355764047806598,0.17181022571131252
5.77396536528031,0.0002575252837028752,0.0010355764047806598,0.17177750021312982
5.774764775905266,-0.0002694296943149821,0.0010355764047806598,0.17174640851724463
5.775564190566511,0.0002632374344841426,0.0010355764047806598,0.17171275076166181
5.776363609256668,0.00030487407671314637,0.0010355764047806598,0.17167655411812235
5.777163031968358,-5.8178214116633153e-05,0.0010355764047806598,0.1716399355142279
5.777962458694198,0.00034263577296345105,0.0010355764047806598,0.17160282573777041
5.778761889426811,0.0024223381768330166,0.0010355764047806598,0.17156515531613337
5.779561324158816,0.005022212656599856,0.0010355764047806598,0.17153045068730502
5.780360762882836,0.008269752654591872,0.0010355764047806598,0.17149879962864537
5.781160205591488,0.0062982195923315665,0.0010355764047806598,0.17146821469792953
5.781959652277394,0.003605376409117317,0.0010355764047806598,0.17143869484151072
5.782759102933175,0.0014949014756909795,0.0010355764047806598,0.17141023933349547
5.78355855755145,0.0010971718052499302,0.0010355764047806598,0.17138284777574603
5.78435801612484,0.0006418854131245433,0.0010355764047806598,0.1713565200978828
5.785157478645966,-0.0002597549187649817,0.0010355764047806598,0.17132625155305395
5.785956945107448,-1.2580016869212507e-05,0.0010355764047806598,0.17129217254947263
5.786756415501906,-0.0006891773482024799,0.0010355764047806598,0.1712629425042834
5.78755588982196,-0.0011574399155694914,0.0010355764047806598,0.17122405854434444
5.788355368060231,-0.0004377876018146487,0.0010355764047806598,0.1711865897554067
5.78915485020934,-0.0008361214758272062,0.0010355764047806598,0.17114808507265739
5.789954336261907,5.571523296754588e-05,0.0010355764047806598,0.1711116559223125
5.79075382621055,-0.00023146344650937234,0.0010355764047806598,0.17107743179199972
5.791553320047894,0.0006009655593418872,0.0010355764047806598,0.1710455429833073
5.792352817766556,-0.0002698989746361957,0.0010355764047806598,0.17101347160740238
5.793152319359157,-0.0005845385886590893,0.0010355764047806598,0.17098202097747076
5.793951824818319,-0.0005448304665888748,0.0010355764047806598,0.1709511711194201
5.794751334136659,8.659489727977365e-05,0.0010355764047806598,0.170920902166011
5.795550847306801,-0.0006997386170100595,0.0010355764047806598,0.17089119435685649
5.796350364321364,-0.001163241941019938,0.0010355764047806598,0.1708598809356771
5.797149885172967,-0.0005044910098949418,0.0010355764047806598,0.17082820030903575
5.797949409854233,0.0004720511789943205,0.0010355764047806598,0.1707960973297511
5.798748938357781,0.00109435936458821,0.0010355764047806598,0.17076782728146403
5.799548470676229,0.000930271806571431,0.0010355764047806598,0.17073727460045446
5.800348006802201,0.0006425430771237195,0.0010355764047806598,0.1707044553272625
5.801147546728317,0.0017907391749521773,0.0010355764047806598,0.17066938467357534
5.801947090447197,0.0031706469467689125,0.0010355764047806598,0.1706320770222188
5.80274663795146,0.0026370000146778982,0.0010355764047806598,0.17059254592714881
5.803546189233727,0.003400302761884605,0.0010355764047806598,0.17055211970772843
5.8043457442866195,0.002312670608483419,0.0010355764047806598,0.17050941446591616
5.805145303102757,0.0012304372881750125,0.0010355764047806598,0.1704759527898867
5.80594486567476,0.0003427779521109342,0.0010355764047806598,0.17044406674010892
5.806744431995249,0.00019556245455096266,0.0010355764047806598,0.17041378387464887
5.807544002056843,0.0006966112377802536,0.0010355764047806598,0.17038513228179616
5.808343575852165,0.001512047498748531,0.0010355764047806598,0.1703571498637381
5.809143153373833,0.0007887468315657675,0.0010355764047806598,0.17032982230372704
5.809942734614469,0.0007188476067579719,0.0010355764047806598,0.17030470797443248
5.810742319566693,0.000601272455519164,0.0010355764047806598,0.17028172202313233
5.811541908223125,-0.00013713672119361475,0.0010355764047806598,0.17025757568228905
5.812341500576386,-0.0003808098937739257,0.0010355764047806598,0.17023342964036306
5.813141096619096,-0.0009578017261728244,0.0010355764047806598,0.1702092949111081
5.813940696343875,-0.0008273269591556054,0.0010355764047806598,0.1701851824400396
5.8147402997433435,-0.0010045143866291295,0.0010355764047806598,0.17016050864309523
5.815539906810122,-0.0013778965653792052,0.0010355764047806598,0.17013525824850442
5.816339517536832,0.00044928206817757,0.0010355764047806598,0.1701094156861745
5.817139131916092,0.003977244227790916,0.0010355764047806598,0.1700840919646363
5.817938749940524,0.005900574166884026,0.0010355764047806598,0.1700606526624144
5.8187383716027465,0.005069557255158896,0.0010355764047806598,0.1700367183826595
5.819537996895383,0.002739513780902869,0.0010355764047806598,0.17001215997810493
5.82033762581105,0.0013178635160966679,0.0010355764047806598,0.16998872123171477
5.821137258342371,0.005385636657861376,0.0010355764047806598,0.16996849075848144
5.821936894481965,0.011801325624038628,0.0010355764047806598,0.16994778255812362
5.822736534222453,0.014524273868383147,0.0010355764047806598,0.16992384786747602
5.823536177556454,0.007503454043808783,0.0010355764047806598,0.16989667872109734
5.82433582447659,0.0020048339672189552,0.0010355764047806598,0.16987212101842647
5.825135474975481,-0.00045714531623669563,0.0010355764047806598,0.16985018574984548
5.825935129045747,-0.0002493191903675529,0.0010355764047806598,0.16982925218434414
5.826734786680008,0.0008224458255214617,0.0010355764047806598,0.16980926172270877
5.827534447870885,0.002412054710666439,0.0010355764047806598,0.16979015615595566
5.8283341126109995,0.004397822480040142,0.0010355764047806598,0.1697718776653305
5.8291337808929695,0.00504215173540859,0.0010355764047806598,0.16975273603379964
5.829933452709418,0.006694390233316999,0.0010355764047806598,0.1697303677289181
5.830733128052962,0.005511577132421952,0.0010355764047806598,0.16970025162646266
5.8315328069162256,0.0024631414504116544,0.0010355764047806598,0.16967257709681718
5.832332489291827,0.0019108659906698355,0.0010355764047806598,0.1696462178131863
5.833132175172387,0.0036054674731891556,0.0010355764047806598,0.169619632290479
5.833931864550525,0.004422415018854403,0.0010355764047806598,0.16959284228701293
5.834731557418864,0.0027282561729412846,0.0010355764047806598,0.16956723018927447
5.835531253770022,0.0004775464792911577,0.0010355764047806598,0.16954275251629797
5.836330953596621,0.0004986560996864675,0.0010355764047806598,0.16951947811118664
5.837130656891279,0.0016368781791314957,0.0010355764047806598,0.1694973691885901
5.8379303636466195,0.0016562365902635656,0.0010355764047806598,0.1694763883993145
5.8387300738552605,0.0018074431738292762,0.0010355764047806598,0.16945649883032418
5.839529787509823,0.0008482503006887188,0.0010355764047806598,0.16943546511076601
5.840329504602929,0.0007331385143500291,0.0010355764047806598,0.1694091914317588
5.8411292251271965,0.00021843421211609204,0.0010355764047806598,0.16938123909319946
5.841928949075246,0.0007194296461029703,0.0010355764047806598,0.1693501775642076
5.842728676439701,-4.7119647065524406e-05,0.0010355764047806598,0.16931694946838247
5.843528407213178,-0.00017131716429280575,0.0010355764047806598,0.16928859727212137
5.8443281413883,-0.00020530922312481104,0.0010355764047806598,0.16926087349558588
5.845127878957687,-0.0005043866234299976,0.0010355764047806598,0.1692338043008754
5.845927619913957,-0.000495773509736952,0.0010355764047806598,0.16920741606772263
5.846727364249733,0.0010797681792044656,0.0010355764047806598,0.16917998409273485
5.8475271119576355,0.0014548316383302673,0.0010355764047806598,0.1691514583702626
5.848326863030283,0.0012244335295280295,0.0010355764047806598,0.16911999036365438
5.849126617460297,0.0005309529664794255,0.0010355764047806598,0.16909215229885657
5.849926375240298,0.0006280528702338195,0.0010355764047806598,0.16905755438539039
5.850726136362907,0.00033383410386877976,0.0010355764047806598,0.1690246280622161
5.851525900820743,1.946405537431306e-05,0.0010355764047806598,0.16899345519042772
5.852325668606426,-0.0004632724407739319,0.0010355764047806598,0.16896269116551932
5.853125439712578,-0.001238474044947313,0.0010355764047806598,0.1689323567082814
5.853925214131819,-0.0011932675156379746,0.0010355764047806598,0.1689024727194316
5.854724991856768,-0.0016908279007273042,0.0010355764047806598,0.16887484615242226
5.855524772880048,0.0003390175168802856,0.0010355764047806598,0.16884941782862317
5.856324557194277,0.0012589987787275103,0.0010355764047806598,0.16882648817646168
5.857124344792076,0.0011405098702228778,0.0010355764047806598,0.16880341897400714
5.8579241356660665,0.0011622216441106725,0.0010355764047806598,0.16878020035671193
5.858723929808868,0.0014240489233834641,0.0010355764047806598,0.16875539343247403
5.8595237272131,0.002380429764323372,0.0010355764047806598,0.1687290527449563
5.860323527871384,0.003684622958612771,0.0010355764047806598,0.16870123228121975
5.861123331776342,0.004197585189367775,0.0010355764047806598,0.16867348878879926
5.861923138920591,0.0023440363778939877,0.0010355764047806598,0.16864580742909363
5.862722949296752,0.0009243338977772408,0.0010355764047806598,0.16861817341400273
5.863522762897448,0.0002515775579517987,0.0010355764047806598,0.16859160529822403
5.864322579715298,-0.0001195543329978177,0.0010355764047806598,0.16856613371973328
5.865122399742921,0.0014996326107564184,0.0010355764047806598,0.16853727513843036
5.865922222972938,0.002908710819454069,0.0010355764047806598,0.16852024364312596
5.866722049397972,0.004040799046532484,0.0010355764047806598,0.16850570125806216
5.867521879010639,0.004035360403353089,0.0010355764047806598,0.16848884710202136
5.868321711803563,0.0010833157050356979,0.0010355764047806598,0.16848182181551102
5.869121547769364,0.0010257565864398577,0.0010355764047806598,0.16846869885986274
5.86992138690066,0.0009050986356053392,0.0010355764047806598,0.16845407730911363
5.870721229190073,0.0008675730244744884,0.0010355764047806598,0.16844551007499714
5.871521074630222,0.0021743616679724964,0.0010355764047806598,0.16842083021380097
5.872320923213731,0.0034351301663964884,0.0010355764047806598,0.1683930941712522
5.873120774933217,0.0039966411335023155,0.0010355764047806598,0.16836240008366135
5.873920629781302,0.0009261220158309769,0.0010355764047806598,0.16832884494189523
5.874720487750604,-0.00046737814777220166,0.0010355764047806598,0.16829456412223703
5.8755203488337475,-0.0003009076066211591,0.0010355764047806598,0.16825910708131903
5.876320213023349,0.0006423971034379694,0.0010355764047806598,0.1682249733704335
5.877120080312031,-6.682602339352917e-05,0.0010355764047806598,0.16818598455924044
5.877919950692413,0.0014402662413206813,0.0010355764047806598,0.16814330578221107
5.878719824157116,0.004732820737659016,0.0010355764047806598,0.16810491208711228
5.8795197006987605,0.009928690182327227,0.0010355764047806598,0.16806339865002023
5.8803195803099655,0.011837680668082606,0.0010355764047806598,0.1680244187443943
5.881119462983353,0.010485566016555342,0.0010355764047806598,0.1679880279244836
5.881919348711543,0.008981651013110548,0.0010355764047806598,0.16795211389634343
5.882719237487155,0.008512722205216622,0.0010355764047806598,0.1679166392013853
5.88351912930281,0.006285264183691741,0.0010355764047806598,0.16787955657884437
5.88431902415113,0.002656303835992857,0.0010355764047806598,0.16784316024096912
5.885118922024731,0.0016313079701915922,0.0010355764047806598,0.16780663786002045
5.8859188229162385,0.0013676878035654427,0.0010355764047806598,0.16776993543929372
5.88671872681827,0.0008185884025606049,0.0010355764047806598,0.1677303586645296
5.887518633723446,4.376190008820169e-05,0.0010355764047806598,0.167695384830725
5.888318543624387,-0.0006638503054059164,0.0010355764047806598,0.16765685183521137
5.889118456513715,0.0016558282181165507,0.0010355764047806598,0.16761871228454042
5.889918372384048,0.0024824375180636238,0.0010355764047806598,0.16758163005167992
5.8907182912280085,0.002879178195881127,0.0010355764047806598,0.16754443798101623
5.891518213038216,0.001821675773486131,0.0010355764047806598,0.1675071635555744
5.8923181378072895,0.0002909122348553894,0.0010355764047806598,0.16746983430764464
5.893118065527852,0.00028003571342080646,0.0010355764047806598,0.16743247781878234
5.893917996192522,0.002095168313101775,0.0010355764047806598,0.16739512171980825
5.89471792979392,0.004720549289303544,0.0010355764047806598,0.1673577936908086
5.895517866324667,0.010308620512758715,0.0010355764047806598,0.16732023440147126
5.896317805777384,0.015520550463031524,0.0010355764047806598,0.16728245903872938
5.897117748144691,0.013465655027597667,0.0010355764047806598,0.16724448272779796
5.897917693419206,0.007415981137549821,0.0010355764047806598,0.16720582322479352
5.898717641593553,0.0037071227403751295,0.0010355764047806598,0.16716708065141758
5.8995175926603505,0.0018387961913031714,0.0010355764047806598,0.1671278362060033
5.900317546612219,-0.0003766277418375541,0.0010355764047806598,0.16708808275838513
5.901117503441779,-0.0001704529877489258,0.0010355764047806598,0.16704781297661697
5.901917463141651,0.0005217112574934235,0.0010355764047806598,0.16700701932697246
5.902717425704456,0.0009291507735095794,0.0010355764047806598,0.16696442399922662
5.903517391122812,0.001535527869143849,0.0010355764047806598,0.16691769148291377
5.904317359389343,0.002086668357163729,0.0010355764047806598,0.1668714801479306
5.905117330496666,0.001605067494003326,0.0010355764047806598,0.16682373505885362
5.905917304437404,0.0028067005574584913,0.0010355764047806598,0.16677306910281042
5.906717281204176,0.0030967968371743704,0.0010355764047806598,0.16672787210937293
5.907517260789602,0.003172364026759439,0.0010355764047806598,0.16668419096380505
5.908317243186303,0.0020602807298692183,0.0010355764047806598,0.1666420508754439
5.9091172283869,-0.0003680559494654567,0.0010355764047806598,0.16660482859899897
5.909917216384013,-0.00037151872482310555,0.0010355764047806598,0.16657047166916167
5.910717207170262,-0.0006852742816492452,0.0010355764047806598,0.16653383530795612
5.911517200738268,-0.0004422310931644635,0.0010355764047806598,0.16649952163492968
5.912317197080649,0.000582539927858422,0.0010355764047806598,0.1664645288597152
5.913117196190029,0.0010441252828232161,0.0010355764047806598,0.16642213535777473
5.9139171980590275,0.0007148776343917085,0.0010355764047806598,0.16637878798758046
5.914717202680262,0.0005105370107512941,0.0010355764047806598,0.16633626548525185
5.915517210046357,0.0008820174310315565,0.0010355764047806598,0.16629158183063536
5.91631722014993,0.002029762390593187,0.0010355764047806598,0.16624869043133872
5.917117232983602,0.0014046808805740496,0.0010355764047806598,0.16620682346566107
5.917917248539994,0.0005829770469951423,0.0010355764047806598,0.166165992237572
5.918717266811727,-0.001134410766298083,0.0010355764047806598,0.16612620847085027
5.919517287791419,-0.0009615173178482705,0.0010355764047806598,0.16608748430908538
5.920317311471693,5.9887334092373345e-05,0.0010355764047806598,0.1660505218674359
5.921117337845168,0.001979349479558079,0.0010355764047806598,0.16601281515351218
5.921917366904464,0.004218500944487474,0.0010355764047806598,0.16597455212129344
5.922717398642202,0.007007604754155933,0.0010355764047806598,0.16593576587391554
5.9235174330510025,0.006046788090330268,0.0010355764047806598,0.16589648927835016
5.924317470123486,0.005190012114415721,0.0010355764047806598,0.16585675496540397
5.925117509852273,0.002352201488924649,0.0010355764047806598,0.1658165953297174
5.925917552229983,0.0005740397038771217,0.0010355764047806598,0.1657760425297642
5.926717597249236,0.0008484229477930816,0.0010355764047806598,0.16573512848785063
5.927517644902655,0.0005173709399148574,0.0010355764047806598,0.16569420948986557
5.928317695182859,-0.0004905246708839239,0.0010355764047806598,0.16565342522203713
5.929117748082466,-0.0002933696091388105,0.0010355764047806598,0.16561278687455344
5.9299178035941,0.0002050077140054174,0.0010355764047806598,0.16557230558215172
5.93071786171038,0.0001641358765372969,0.0010355764047806598,0.16553325667826113
5.931517922423926,0.0003189104609623572,0.0010355764047806598,0.1655018363236937
5.932317985727359,0.000940052051806084,0.0010355764047806598,0.16546735689469189
5.933118051613298,0.0013577129425559054,0.0010355764047806598,0.16542834596134548
5.933918120074364,0.004885365635336925,0.0010355764047806598,0.16538721467775114
5.93471819110318,0.011492675686297665,0.0010355764047806598,0.16534771479112406
5.935518264692363,0.011700405354861998,0.0010355764047806598,0.16530425579231423
5.936318340834534,0.007650067572058883,0.0010355764047806598,0.16525894149743614
5.937118419522315,0.004627259701229625,0.0010355764047806598,0.16521573040305995
5.937918500748324,0.0068856980982764104,0.0010355764047806598,0.16517468897403667
5.9387185845051835,0.006590678299433078,0.0010355764047806598,0.16513588443476182
5.939518670785514,0.005514687923295458,0.0010355764047806598,0.16509774803778354
5.940318759581934,0.006065823849703861,0.0010355764047806598,0.1650602767332733
5.941118850887065,0.007033158057024841,0.0010355764047806598,0.16502346759818848
5.941918944693527,0.003572254035972111,0.0010355764047806598,0.1649850461236401
5.942719040993942,0.0015773652792397674,0.0010355764047806598,0.1649427042536497
5.943519139780928,0.0026118518842304095,0.0010355764047806598,0.16489434595114932
5.944319241047106,0.0021853858228873813,0.0010355764047806598,0.16484537189820653
5.945119344785098,-4.904102691993817e-07,0.0010355764047806598,0.16479214650413912
5.945919450987523,-0.0003181097558718482,0.0010355764047806598,0.16475252186760458
5.9467195596470015,0.0005867779356482639,0.0010355764047806598,0.16471371253692985
5.9475196707561535,-0.00035231921505285424,0.0010355764047806598,0.164676468312456
5.9483197843076,0.0009685562059724151,0.0010355764047806598,0.16463998241245414
5.9491199002939625,0.00299674568757044,0.0010355764047806598,0.1646042855131802
5.949920018707858,0.004526109083287322,0.0010355764047806598,0.16457367281055102
5.950720139541911,0.006550503474488351,0.0010355764047806598,0.16454248104993802
5.951520262788739,0.00497249616553988,0.0010355764047806598,0.16451743641864333
5.952320388440963,0.0028879578955694207,0.0010355764047806598,0.1644913832229007
5.953120516491204,0.0020316921450045933,0.0010355764047806598,0.16446432788952325
5.953920646932082,0.0007521739084883627,0.0010355764047806598,0.16443627640776254
5.954720779756218,1.190853649837842e-05,0.0010355764047806598,0.16440526984415588
5.955520914956232,-0.0012787474390351383,0.0010355764047806598,0.16437545529868972
5.956321052524744,-0.0016882041386100943,0.0010355764047806598,0.16434693598128775
5.957121192454374,-0.00179993728211017,0.0010355764047806598,0.1643176296512875
5.957921334737744,-0.0029958465463889306,0.0010355764047806598,0.16428754451272243
5.958721479367473,-0.0021563998926902583,0.0010355764047806598,0.16425668836213017
5.959521626336182,-0.0019805576079232057,0.0010355764047806598,0.16422506858855138
5.9603217756364915,-0.0030497487398087886,0.0010355764047806598,0.16419269217352875
5.96112192726102,-0.0007679559873499109,0.0010355764047806598,0.16415956569110554
5.96192208120239,0.0005336191568188764,0.0010355764047806598,0.16412569530782453
5.962722237453222,0.0019562929576548704,0.0010355764047806598,0.1640910867827271
5.963522396006136,0.0013137919049064084,0.0010355764047806598,0.1640557454673514
5.964322556853752,0.00030280223177614474,0.0010355764047806598,0.16401967630573183
5.96512271998869,0.00028376883315978096,0.0010355764047806598,0.1639828838343976
5.965922885403572,0.0010572897112691992,0.0010355764047806598,0.16395283700184862
5.966723053091016,0.0029032868217388486,0.0010355764047806598,0.16392662862357613
5.967523223043644,0.005299562659419305,0.0010355764047806598,0.16389462057574938
5.968323395254076,0.009119823983185532,0.0010355764047806598,0.16386133491203794
5.969123569714933,0.008716002269102158,0.0010355764047806598,0.16382947155473634
5.969923746418835,0.005371945467637279,0.0010355764047806598,0.16379902600313714
5.970723925358401,0.002477017236621859,0.0010355764047806598,0.16376999413810184
5.971524106526253,0.001565588038071719,0.0010355764047806598,0.16374237222206176
5.9723242899150115,0.0013249216780042705,0.0010355764047806598,0.16371615689901903
5.973124475517296,0.0015357055736776593,0.0010355764047806598,0.16369052179727875
5.973924663325728,0.001602627903358772,0.0010355764047806598,0.16366542820694338
5.974724853332926,0.00069428659642784,0.0010355764047806598,0.16364083748137537
5.975525045531512,0.0009963253102842629,0.0010355764047806598,0.1636154899897454
5.976325239914107,0.0005109676819047837,0.0010355764047806598,0.1635894022120033
5.9771254364733295,-0.0006005039599957795,0.0010355764047806598,0.1635625901981711
5.9779256352018,-6.286259837476327e-05,0.0010355764047806598,0.1635350695683423
5.978725836092141,-9.922165425105267e-05,0.0010355764047806598,0.16350234896698462
5.979526039136971,-0.00023820812657687762,0.0010355764047806598,0.16347118944606698
5.980326244328911,0.0005660721035497807,0.0010355764047806598,0.16344163835852954
5.98112645166058,0.0013927849805322745,0.0010355764047806598,0.16341374358369629
5.9819266611246,0.004055874988064007,0.0010355764047806598,0.16338755352727613
5.9827268727135925,0.005811822908762421,0.0010355764047806598,0.16336311712136467
5.983527086420175,0.0039815203445786596,0.0010355764047806598,0.16333910843766675
5.98432730223697,0.001407238835207103,0.0010355764047806598,0.1633169144144487
5.985127520156597,0.0009496628398005524,0.0010355764047806598,0.1632949419964439
5.985927740171676,0.0006558928955575916,0.0010355764047806598,0.1632731705474009
5.986727962274829,2.741818375570637e-05,0.0010355764047806598,0.16325157933038914
5.9875281864586745,0.00013023918345897445,0.0010355764047806598,0.16323014750779774
5.988328412715834,0.0011669444686366048,0.0010355764047806598,0.16320885414133554
5.989128641038928,0.003371550707801013,0.0010355764047806598,0.16318708074349636
5.989928871420576,0.006136620245710073,0.0010355764047806598,0.16316318907264418
5.9907291038534,0.0058284724098076335,0.0010355764047806598,0.16313711244653548
5.991529338330017,0.003094461928884795,0.0010355764047806598,0.16311213355240609
5.992329574843051,0.0019950542076286326,0.0010355764047806598,0.16308718109940537
5.9931298133851225,0.002694002221242997,0.0010355764047806598,0.1630622832992699
5.993930053948849,0.0028447314231361265,0.0010355764047806598,0.16303816931005302
5.9947302965268525,0.0025050891700451328,0.0010355764047806598,0.16301489244890377
5.995530541111753,0.0010609611644492312,0.0010355764047806598,0.16299318953738232
5.996330787696171,0.0003359365638823941,0.0010355764047806598,0.16297033284745385
5.997131036272727,0.0009696359178054947,0.0010355764047806598,0.16294887154953538
5.997931286834042,0.00016789669327618717,0.0010355764047806598,0.16292738332634882
5.998731539372735,-0.0004299515359064421,0.0010355764047806598,0.16290577801315342
5.999531793881427,-0.0007288819477063169,0.0010355764047806598,0.16288096598798085
6.00033205035274,-0.0004934961259815129,0.0010355764047806598,0.16285621506197173
6.001132308779292,-0.0009540536181068815,0.0010355764047806598,0.16282939537984994
6.001932569153705,-0.000979567174228424,0.0010355764047806598,0.1628042251526742
6.002732831468598,1.974104272350896e-05,0.0010355764047806598,0.1627812936145388
6.003533095716592,7.030822090281497e-05,0.0010355764047806598,0.16276064463662296
6.004333361890307,-0.00015222456186836375,0.0010355764047806598,0.16273955563321432
6.005133629982366,0.002087268737138964,0.0010355764047806598,0.1627179506583984
6.005933899985385,0.0009437056384473674,0.0010355764047806598,0.1626943760154806
6.0067341718919876,0.0005223321188288499,0.0010355764047806598,0.162668817227606
6.007534445694793,0.0007853141058637714,0.0010355764047806598,0.16264272831197485
6.008334721386421,0.0010520707559900366,0.0010355764047806598,0.16261709233613164
6.009134998959494,-0.00026273536998747127,0.0010355764047806598,0.16259173001179303
6.0099352784066316,-0.0004345664837450969,0.0010355764047806598,0.16256587640457876
6.010735559720453,-0.00032653287996997626,0.0010355764047806598,0.16254751470250922
6.011535842893579,0.0011338739844403423,0.0010355764047806598,0.16252890079214993
6.012336127918631,0.001802878308494571,0.0010355764047806598,0.16251057241607383
6.013136414788228,0.003829550402304066,0.0010355764047806598,0.16249303214792232
6.013936703494991,0.004742668905612424,0.0010355764047806598,0.16247629389449844
6.014736994031542,0.0035193987289283968,0.0010355764047806598,0.162458906417825
6.015537286390499,0.0019515469349938586,0.0010355764047806598,0.16244081975190502
6.016337580564484,0.0002679206856189553,0.0010355764047806598,0.1624219835650947
6.017137876546115,0.00030476003567181387,0.0010355764047806598,0.16240234716010293
6.017938174328015,0.0007114242830073836,0.0010355764047806598,0.16238185947399023
6.018738473902804,0.0018947682704751057,0.0010355764047806598,0.16236046907816823
6.019538775263101,0.0020171969462978445,0.0010355764047806598,0.1623404230099891
6.020339078401528,0.0001820327193474136,0.0010355764047806598,0.16232460262394666
6.021139383310705,-0.0009521812170183719,0.0010355764047806598,0.16230586571988814
6.021939689983251,-0.0006473916437907679,0.0010355764047806598,0.16228857195498633
6.0227399984117875,-0.0001084905599703645,0.0010355764047806598,0.16227172429604467
6.023540308588934,9.219065599277987e-05,0.0010355764047806598,0.16225531458778178
6.024340620507313,-0.00018385602771522902,0.0010355764047806598,0.16223933473741278
6.025140934159542,0.0004435942988476327,0.0010355764047806598,0.16222377671464916
6.025941249538245,0.000570555233175063,0.0010355764047806598,0.16220863255169893
6.026741566636039,0.0007228394837580088,0.0010355764047806598,0.1621938943432669
6.027541885445546,0.0010254600949912707,0.0010355764047806598,0.16217955424655459
6.028342205959386,0.0007190405681296586,0.0010355764047806598,0.1621656044812605
6.029142528170179,0.0016687572265769446,0.0010355764047806598,0.16215203732958042
6.029942852070547,0.0013919852005143674,0.0010355764047806598,0.16213825991999992
6.030743177653108,0.0008890089810451585,0.0010355764047806598,0.16212538379127728
6.031543504910484,6.56438580933505e-05,0.0010355764047806598,0.16211840670223207
6.032343833835296,0.0010147675575674364,0.0010355764047806598,0.16210309645746857
6.033144164420163,0.0008671345633867178,0.0010355764047806598,0.16208816081336322
6.033944496657705,0.0011366493559366586,0.0010355764047806598,0.16207359602367094
6.034744830540545,0.0007529332740305317,0.0010355764047806598,0.16205753132258577
6.035545166061299,0.000655709909632346,0.0010355764047806598,0.16203988110930947
6.0363455032125914,0.0011252355764694022,0.0010355764047806598,0.16202018407202162
6.037145841987042,0.00045613642687819533,0.0010355764047806598,0.16200039600651855
6.037946182377269,0.0007639378922584261,0.0010355764047806598,0.16198050293561858
6.038746524375894,0.0005011887485112942,0.0010355764047806598,0.16196198482784213
6.039546867975539,-0.00013246952733605988,0.0010355764047806598,0.16194489313428972
6.040347213168821,-8.089995803356453e-05,0.0010355764047806598,0.16193201956651715
6.041147559948364,-0.0010608158992428118,0.0010355764047806598,0.16191881170112496
6.041947908306785,0.0007347352453342948,0.0010355764047806598,0.1619059346669939
6.042748258236707,0.00399059888386577,0.0010355764047806598,0.16189088055731948
6.04354860973075,0.008160824286655932,0.0010355764047806598,0.16187489519513082
6.044348962781533,0.007935520312003091,0.0010355764047806598,0.16185787473608698
6.045149317381677,0.004439096435959383,0.0010355764047806598,0.16183984452385597
6.045949673523803,0.0008509789129300394,0.0010355764047806598,0.16181228236101514
6.046750031200531,0.0018318616470862914,0.0010355764047806598,0.16178308846338868
6.047550390404481,0.007642095138006566,0.0010355764047806598,0.1617540957355847
6.048350751128275,0.010942171093792391,0.0010355764047806598,0.16171780615360262
6.04915111336453,0.009384753358969739,0.0010355764047806598,0.16168766082717614
6.0499514771058704,0.00550139713449721,0.0010355764047806598,0.16165931005850231
6.050751842344915,0.00900406314917046,0.0010355764047806598,0.16162424523340083
6.051552209074283,0.01062049810714738,0.0010355764047806598,0.1616049134676319
6.052352577286595,0.00862834611592958,0.0010355764047806598,0.16158372228420279
6.053152946974474,0.0032055369716226245,0.0010355764047806598,0.16156095697589884
6.053953318130537,0.0008190510436429099,0.0010355764047806598,0.16154035740682263
6.054753690747407,0.00031997686286239224,0.0010355764047806598,0.16151891667498525
6.055554064817702,-0.0005069976999056425,0.0010355764047806598,0.16149701136914846
6.056354440334044,-0.0009714278207981486,0.0010355764047806598,0.16147581878225514
6.057154817289053,2.6343539148460104e-05,0.0010355764047806598,0.1614553352733279
6.05795519567535,0.00033388530216368895,0.0010355764047806598,0.16143555742038845
6.058755575485553,0.0005694479118601159,0.0010355764047806598,0.1614164820204582
6.059555956712287,0.001434900035205855,0.0010355764047806598,0.16139810608955868
6.060356339348168,0.002719423892911854,0.0010355764047806598,0.16137941698410102
6.0611567233858175,0.0022151414515219348,0.0010355764047806598,0.16136036786236468
6.0619571088178565,0.001765524599791568,0.0010355764047806598,0.16134091171126982
6.062757495636906,0.0008692656198310555,0.0010355764047806598,0.1613212680177258
6.063557883835586,0.00046115194677390225,0.0010355764047806598,0.16130159795972435
6.064358273406516,-0.00038729970040354833,0.0010355764047806598,0.1612842603876625
6.065158664342316,0.00021453494858039712,0.0010355764047806598,0.16125851600635158
6.065959056635608,0.0011814400232237066,0.0010355764047806598,0.16123260367217268
6.0667594502790125,0.0020290178011931337,0.0010355764047806598,0.16120646041685896
6.067559845265147,0.0015543373934969462,0.0010355764047806598,0.16117875407710053
6.068360241586636,0.0015785537525058735,0.0010355764047806598,0.16115388525604257
6.069160639236096,0.0025100743429478656,0.0010355764047806598,0.16112809284225565
6.06996103820615,0.004414673870159536,0.0010355764047806598,0.16110070273887378
6.070761438489419,0.003258819285733572,0.0010355764047806598,0.16107352912135983
6.07156184007852,0.0022864709408668416,0.0010355764047806598,0.16104657929366983
6.072362242966077,0.0012268935477298681,0.0010355764047806598,0.16101986062459403
6.0731626471447075,0.0013480640826941115,0.0010355764047806598,0.16099338054775653
6.073963052607033,0.004590923239403577,0.0010355764047806598,0.16096714656161554
6.074763459345675,0.008002856512512035,0.0010355764047806598,0.1609411662294639
6.075563867353253,0.008143950344743467,0.0010355764047806598,0.16091544717942832
6.076364276622386,0.004545652579614229,0.0010355764047806598,0.1608899971044705
6.0771646871456975,0.0009697105952562735,0.0010355764047806598,0.16086482376238642
6.077965098915805,-0.00010734345506938081,0.0010355764047806598,0.16084045488532808
6.07876551192533,0.0009656963206328417,0.0010355764047806598,0.16081633287009728
6.079565926166893,0.002215668885231642,0.0010355764047806598,0.16079246287041898
6.080366341633114,0.0016101226841375715,0.0010355764047806598,0.16076885007842084
6.0811667583166145,0.0007355502057734276,0.0010355764047806598,0.1607454997246327
6.081967176210014,0.0007334187416161431,0.0010355764047806598,0.16072256366638377
6.082767595305931,0.0003054049036353701,0.0010355764047806598,0.16070004060799664
6.08356801559699,0.0002653759574799408,0.0010355764047806598,0.16067792935141226
6.084368437075809,0.00021247341891814098,0.0010355764047806598,0.16065995856483298
6.085168859735007,4.3782106502271434e-05,0.0010355764047806598,0.16064383923854253
6.0859692835672075,0.0007074195695785379,0.0010355764047806598,0.16062606644197497
6.086769708565028,0.0005359665320975315,0.0010355764047806598,0.1606067236523111
6.0875701347210915,0.00044624034804541246,0.0010355764047806598,0.16058520817597893
6.088370562028016,-0.00010034708733475117,0.0010355764047806598,0.1605629960197758
6.089170990478424,0.00023527099852085898,0.0010355764047806598,0.16053657105770472
6.089971420064934,0.00044771608776802974,0.0010355764047806598,0.1605077820109945
6.090771850780167,0.000653314710682501,0.0010355764047806598,0.16048019110568115
6.091572282616745,0.0002976664955669228,0.0010355764047806598,0.1604495939011672
6.092372715567287,0.001235233415482817,0.0010355764047806598,0.16041881609772565
6.093173149624413,0.0014828662239403934,0.0010355764047806598,0.16039483683064282
6.093973584780744,0.0014114042932209525,0.0010355764047806598,0.16037091415702964
6.0947740210289,5.329439158374694e-06,0.0010355764047806598,0.16034521491044088
6.095574458361502,0.0012530357414470839,0.0010355764047806598,0.16032117587311823
6.096374896771168,0.0007286011001422232,0.0010355764047806598,0.16029685991143253
6.0971753362505225,0.00018921942731020547,0.0010355764047806598,0.16027224131053042
6.097975776792183,-6.251672899759697e-05,0.0010355764047806598,0.16024729420526054
6.098776218388771,-0.000306884691039927,0.0010355764047806598,0.1602224473683624
6.0995766610329065,-9.606474480869376e-05,0.0010355764047806598,0.1601984282994111
6.100377104717209,-0.00020242357586117143,0.0010355764047806598,0.16017267387605194
6.1011775494343015,-7.336397644169823e-05,0.0010355764047806598,0.1601471093144449
6.101977995176801,-2.2163187163914966e-05,0.0010355764047806598,0.16012563807083147
6.102778441937331,0.0009694378695718209,0.0010355764047806598,0.16010331629224822
6.10357888970851,0.0018394063348772804,0.0010355764047806598,0.16008022693729634
6.104379338482959,0.0014654698363130714,0.0010355764047806598,0.16005645269400917
6.105179788253298,0.0017874859349486794,0.0010355764047806598,0.16003207597985175
6.105980239012148,0.003659824741368861,0.0010355764047806598,0.16000931475941857
6.106780690752128,0.0031035115478571518,0.0010355764047806598,0.1599922353176853
6.10758114346586,0.0017734563813604498,0.0010355764047806598,0.15997091633176522
6.108381597145964,0.000891819694352286,0.0010355764047806598,0.15994964763245395
6.10918205178506,-0.00020290480681098289,0.0010355764047806598,0.15992844498353506
6.1099825073757685,-0.0003438898928044276,0.0010355764047806598,0.15990804124371616
6.110782963910711,0.00048457743189816993,0.0010355764047806598,0.15988536109175885
6.111583421382505,0.0020337923800204383,0.0010355764047806598,0.15985458396047467
6.112383879783774,0.0042058249327227015,0.0010355764047806598,0.15982521330552998
6.113184339107137,0.009251611620061273,0.0010355764047806598,0.1597996617909374
6.113984799345214,0.009185232878984512,0.0010355764047806598,0.15977577877785837
6.114785260490626,0.006113759168571153,0.0010355764047806598,0.15975037000236614
6.115585722535994,0.0038935013132669616,0.0010355764047806598,0.1597272159057197
6.116386185473937,0.003641033619562778,0.0010355764047806598,0.1597074825802463
6.117186649297075,0.0015728642362287382,0.0010355764047806598,0.15969162981959792
6.117987113998032,0.00042311842958375756,0.0010355764047806598,0.1596750712699277
6.118787579569424,-0.00022344106060848135,0.0010355764047806598,0.1596548512034587
6.119588046003873,-0.0001631509344282578,0.0010355764047806598,0.15963226652558335
6.120388513294001,-0.0002701815863027923,0.0010355764047806598,0.15960939520633577
6.121188981432426,-0.0011481702366802071,0.0010355764047806598,0.1595862357780123
6.121989450411769,0.00011708502983023839,0.0010355764047806598,0.15956334574209205
6.122789920224651,0.0012626669042692107,0.0010355764047806598,0.1595418071909187
6.1235903908636935,0.0008252559705434204,0.0010355764047806598,0.15952164174762415
6.1243908623215155,0.0007029472128421421,0.0010355764047806598,0.15950287149114914
6.125191334590736,0.0003844657704398513,0.0010355764047806598,0.15948551895624333
6.125991807663977,0.0012259126452332236,0.0010355764047806598,0.15946885109478232
6.126792281533859,0.000773828547031119,0.0010355764047806598,0.15945285819200392
6.127592756193002,0.0007292126596545323,0.0010355764047806598,0.15943929232726434
6.128393231634027,0.00038681434188056474,0.0010355764047806598,0.15942817664490072
6.129193707849553,0.0007313319672253571,0.0010355764047806598,0.15941172844795334
6.129994184832202,-0.0004912426880504805,0.0010355764047806598,0.1593943879157078
6.130794662574593,-0.00048228317027582124,0.0010355764047806598,0.15937581705732357
6.131595141069348,-0.000569335289934858,0.0010355764047806598,0.15935014696361738
6.132395620309085,-0.00027728664598858366,0.0010355764047806598,0.1593242726677275
6.133196100286427,-0.00016483602178549162,0.0010355764047806598,0.15929823802708837
6.133996580993992,0.0013936224716000756,0.0010355764047806598,0.1592720869021021
6.134797062424403,0.001204669648246448,0.0010355764047806598,0.1592458631561376
6.1355975445702775,0.0014008191271384918,0.0010355764047806598,0.1592196106555311
6.136398027424239,0.0015701881893780412,0.0010355764047806598,0.15919337326958632
6.137198510978905,0.0012951326526680629,0.0010355764047806598,0.15916853483204707
6.137998995226898,0.001161010619746411,0.0010355764047806598,0.1591441306397837
6.138799480160836,0.0007512669155854967,0.0010355764047806598,0.15912018746624196
6.139599965773342,0.0005923232885212126,0.0010355764047806598,0.15909639128921524
6.140400452057035,0.0002239671177430569,0.0010355764047806598,0.15907278456308774
6.141200939004536,-0.0012626126783267244,0.0010355764047806598,0.15905029344001542
6.142001426608465,0.0009127698914764837,0.0010355764047806598,0.1590319421533427
6.142801914861442,0.002474930527840341,0.0010355764047806598,0.15901174532290702
6.143602403756089,0.0025277646440938772,0.0010355764047806598,0.15899139535132203
6.144402893285023,0.0017347993676994355,0.0010355764047806598,0.15897095338778328
6.145203383440869,8.257699225294735e-05,0.0010355764047806598,0.15895125715510255
6.146003874216243,0.0008902797840197318,0.0010355764047806598,0.15892615316566092
6.146804365603769,0.0009488408623916367,0.0010355764047806598,0.1588978724835642
6.147604857596065,0.00193367500654118,0.0010355764047806598,0.15887624795836847
6.148405350185751,0.0017602590185852307,0.0010355764047806598,0.15885687722951425
6.14920584336545,0.002086994048275004,0.0010355764047806598,0.1588371494920431
6.15000633712778,0.0019901572621618957,0.0010355764047806598,0.15881765784086482
6.150806831465364,0.000984687003603213,0.0010355764047806598,0.15879835038199952
6.1516073263708195,-0.00031760876297018403,0.0010355764047806598,0.15878067516934313
6.152407821836769,-0.0004260422572164302,0.0010355764047806598,0.1587768608452322
6.153208317855831,-0.000564976265864825,0.0010355764047806598,0.15876971999623582
6.154008814420626,-0.0010730939967662223,0.0010355764047806598,0.15875932690380737
6.154809311523777,4.173119853345675e-05,0.0010355764047806598,0.1587457547639309
6.155609809157902,0.00033384689977850046,0.0010355764047806598,0.15873035223000231
6.156410307315621,-0.00015916937363799621,0.0010355764047806598,0.15871324631795258
6.157210805989557,0.0015188406157331524,0.0010355764047806598,0.1586945634516167
6.158011305172328,0.0034724354509284017,0.0010355764047806598,0.15867442946273386
6.158811804856556,0.005057579555863417,0.0010355764047806598,0.15865296959094666
6.159612305034859,0.004538656618268383,0.0010355764047806598,0.158632203399479
6.16041280569986,0.0023921805439690302,0.0010355764047806598,0.15861209415877028
6.161213306844179,0.00042919931247248355,0.0010355764047806598,0.1585926053275654
6.162013808460435,0.00047232968442173506,0.0010355764047806598,0.1585737005529153
6.162814310541248,0.0013168086749471286,0.0010355764047806598,0.15855217275562966
6.16361481307924,0.0009506221888868072,0.0010355764047806598,0.1585312960974726
6.164415316067032,0.00041771579741084475,0.0010355764047806598,0.15851103367202526
6.165215819497243,0.0007684045137378859,0.0010355764047806598,0.15849287531876893
6.166016323362493,0.001541486667054115,0.0010355764047806598,0.15847352090753414
6.166816827655404,0.00162857636233249,0.0010355764047806598,0.15845300985749236
6.167617332368595,0.0017581364993260462,0.0010355764047806598,0.1584313811006727
6.168417837494686,0.0014679177931279097,0.0010355764047806598,0.15840961265525091
6.169218343026299,0.0010232905774002488,0.0010355764047806598,0.1583883247573497
6.170018848956054,0.0015571394459364951,0.0010355764047806598,0.15836754032933223
6.17081935527657,0.001719269477915203,0.0010355764047806598,0.15834728242741214
6.171619861980469,0.001656615824661395,0.0010355764047806598,0.15832831960242866
6.1724203690603705,0.0005599930439247891,0.0010355764047806598,0.15831064160306707
6.173220876508895,0.00017354252545417892,0.0010355764047806598,0.15829336361684346
6.174021384318664,-0.00042292834322849027,0.0010355764047806598,0.15827578274095463
6.174821892482296,-0.0006938727281536605,0.0010355764047806598,0.15825783741727628
6.175622400992412,0.0004129078281212839,0.0010355764047806598,0.15823874618825323
6.176422909841634,0.0007381339067724368,0.0010355764047806598,0.15822128052462053
6.17722341902258,0.0003651929850101987,0.0010355764047806598,0.15820294502086082
6.178023928527872,0.0013491495523473285,0.0010355764047806598,0.15818371073764692
6.17882443835013,0.0013550082490700055,0.0010355764047806598,0.15816354830020837
6.1796249484819725,0.0008515964369313067,0.0010355764047806598,0.1581455635227733
6.180425458916024,0.001228898715775778,0.0010355764047806598,0.15812822919679453
6.181225969644902,0.0013525798740229578,0.0010355764047806598,0.15811153467464847
6.182026480661226,0.0009313261754155255,0.0010355764047806598,0.15809599832593382
6.182826991957619,0.00011247959979324151,0.0010355764047806598,0.15808096582185555
6.1836275035267,0.0013220863880041844,0.0010355764047806598,0.15806637616626706
6.18442801536109,0.005834340998421839,0.0010355764047806598,0.1580521684909959
6.185228527453408,0.008800725289016681,0.0010355764047806598,0.15803828205584344
6.186029039796275,0.006340186588344954,0.0010355764047806598,0.15802678480353366
6.186829552382313,0.0020936147149833995,0.0010355764047806598,0.15801708636572845
6.187630065204141,0.00039387632138332407,0.0010355764047806598,0.15800879308163884
6.188430578254379,2.5380781048023326e-05,0.0010355764047806598,0.1579936312653894
6.189231091525648,-0.00018098167719579616,0.0010355764047806598,0.15797661695403253
6.190031605010567,0.0006394182213117494,0.0010355764047806598,0.15796078962041032
6.19083211870176,-5.5041341540607025e-05,0.0010355764047806598,0.15794404232762946
6.191632632591843,-0.0006067420372475041,0.0010355764047806598,0.1579279529992658
6.192433146673441,0.0002283930602106632,0.0010355764047806598,0.15791206091534668
6.193233660939169,0.00022150929561612354,0.0010355764047806598,0.15789589750878866
6.194034175381652,0.00016560502055990023,0.0010355764047806598,0.15788025604819064
6.194834689993508,0.00013505512972658562,0.0010355764047806598,0.15786509958824188
6.195635204767358,-8.088906797071305e-06,0.0010355764047806598,0.15785039139851345
6.196435719695822,-0.0007775230301776404,0.0010355764047806598,0.15783609496345863
6.1972362347715215,-0.00010511399256041276,0.0010355764047806598,0.15781932243354985
6.198036749987075,0.000888861239069838,0.0010355764047806598,0.1578091284010446
6.198837265335105,-5.723637399021597e-05,0.0010355764047806598,0.15779257723831916
6.1996377808082315,-0.000151843425026138,0.0010355764047806598,0.15778775871554
6.200438296399073,0.00024149661691658109,0.0010355764047806598,0.15777653668744973
6.201238812100252,0.0008550341854801913,0.0010355764047806598,0.1577753728151493
6.202039327904388,0.0004942391913405897,0.0010355764047806598,0.15777035507578707
6.202839843804101,0.002348738435724168,0.0010355764047806598,0.15776270810131854
6.203640359792012,0.0010265458789780468,0.0010355764047806598,0.15775876541200226
6.204440875860742,0.0005633312397576584,0.0010355764047806598,0.1577546606599215
6.205241392002909,-1.3163242089914151e-05,0.0010355764047806598,0.1577424087064355
6.206041908211137,-0.00020679149544963749,0.0010355764047806598,0.15772125661272587
6.206842424478044,-0.0008186273573634606,0.0010355764047806598,0.15770118582596876
6.20764294079625,-0.0007572042692839676,0.0010355764047806598,0.15768212634453196
6.208443457158376,-0.00023692115018489335,0.0010355764047806598,0.15765897771149565
6.209243973557044,0.0007300335160976557,0.0010355764047806598,0.15763423102138727
6.21004448998487,0.0004495624372509166,0.0010355764047806598,0.15761266820375233
6.21084500643448,0.00043591943439166836,0.0010355764047806598,0.15759316450729002
6.2116455228984915,0.001500858700763913,0.0010355764047806598,0.15756397298638905
6.212446039369524,0.00156764107380844,0.0010355764047806598,0.15754239763538208
6.2132465558401995,0.002045894481114169,0.0010355764047806598,0.15752013015600572
6.2140470723031385,0.0023074661287477982,0.0010355764047806598,0.157497194758683
6.21484758875096,0.0012061200375843573,0.0010355764047806598,0.15747361535837437
6.215648105176285,0.00028413777260635764,0.0010355764047806598,0.1574499027936457
6.216448621571735,0.0003699565364687074,0.0010355764047806598,0.15742605844120736
6.217249137929929,-0.000581802490621397,0.0010355764047806598,0.15740208357915844
6.2180496542434875,-0.0009136147012092366,0.0010355764047806598,0.1573779793869874
6.218850170505031,-6.520421776912144e-05,0.0010355764047806598,0.157353746945572
6.2196506867071815,-0.0005421166628295226,0.0010355764047806598,0.15732971204900215
6.220451202842556,-0.00029404107120617473,0.0010355764047806598,0.15730299669696063
6.221251718903778,0.0005253216048924647,0.0010355764047806598,0.15727650367430868
6.222052234883467,0.0010172132191633987,0.0010355764047806598,0.15724952317475588
6.222852750774242,0.001276024153923222,0.0010355764047806598,0.15722402537505903
6.223653266568726,0.0011993877571920275,0.0010355764047806598,0.15719888629607753
6.224453782259537,0.0004628937232653285,0.0010355764047806598,0.15717428371523567
6.225254297839297,0.0005151374505061035,0.0010355764047806598,0.1571502715771178
6.226054813300625,0.00027788062738901,0.0010355764047806598,0.1571271663649363
6.226855328636142,0.00015343681340512783,0.0010355764047806598,0.1571026735106605
6.227655843838469,0.0005327813898147182,0.0010355764047806598,0.15707673325915636
6.2284563589002255,0.00019982455196898563,0.0010355764047806598,0.1570492852303374
6.229256873814032,0.0004131730633269992,0.0010355764047806598,0.15702026841916442
6.23005738857251,0.0012372123197591789,0.0010355764047806598,0.15698962119564588
6.230857903168278,0.00030267734919006695,0.0010355764047806598,0.1569572813048381
6.231658417593958,-0.00021340709543254954,0.0010355764047806598,0.15692318586684476
6.23245893184217,0.000164163591342803,0.0010355764047806598,0.15689305948016136
6.233259445905534,0.0005439716352354518,0.0010355764047806598,0.1568670648894789
6.23405995977667,0.00043175220208765963,0.0010355764047806598,0.15684175427455016
6.234860473448199,0.0007928748648155792,0.0010355764047806598,0.1568169509755469
6.235660986912742,0.0011763900498411028,0.0010355764047806598,0.1567926710588514
6.236461500162919,0.0007565376876940977,0.0010355764047806598,0.15676787990409874
6.237262013191349,0.0019031355767726577,0.0010355764047806598,0.15674257539663106
6.238062525990655,0.001772764008447697,0.0010355764047806598,0.15671675515708708
6.238863038553454,0.001993006457757074,0.0010355764047806598,0.15669041654140248
6.23966355087237,0.0017845464427609925,0.0010355764047806598,0.15666600863991095
6.2404640629400205,0.0003529316772862279,0.0010355764047806598,0.15664341782543087
6.241264574749027,4.4478625458060916e-05,0.0010355764047806598,0.15661619638551372
6.242065086292011,-0.0021581148055770383,0.0010355764047806598,0.1565891807082345
6.242865597561591,0.0006751300743405297,0.0010355764047806598,0.15656205329351666
6.243666108550388,0.0014503445358650668,0.0010355764047806598,0.15653453268589007
6.244466619251024,0.000839311801447723,0.0010355764047806598,0.1565060211888031
6.245267129656116,0.001665864334234074,0.0010355764047806598,0.15648771257436747
6.246067639758287,0.0007407994462093614,0.0010355764047806598,0.15646766977710597
6.246868149550157,0.0010212455747978244,0.0010355764047806598,0.1564459081328787
6.247668659024346,0.00111117791343332,0.0010355764047806598,0.15642376915946055
6.248469168173476,0.0013961012804705741,0.0010355764047806598,0.15640132510249102
6.249269676990164,0.0013043343606403135,0.0010355764047806598,0.15637864807779867
6.250070185467033,0.0009147907185745319,0.0010355764047806598,0.15635581007140004
6.250870693596703,0.000926143020711867,0.0010355764047806598,0.15633221865948274
6.251671201371793,7.635617227827463e-05,0.0010355764047806598,0.15630791643295416
6.252471708784925,0.00046993457057359356,0.0010355764047806598,0.15628294559620218
6.253272215828719,0.0008352399275348699,0.0010355764047806598,0.15625819369137534
6.2540727224957955,0.00028483946363463963,0.0010355764047806598,0.1562336640528633
6.2548732287787745,-4.218584705090178e-05,0.0010355764047806598,0.1562093599702515
6.255673734670277,0.0014779662837529906,0.0010355764047806598,0.1561852846883214
6.256474240162921,0.0012892272970161656,0.0010355764047806598,0.1561614414070501
6.257274745249331,0.0017336983734776712,0.0010355764047806598,0.1561378332816108
6.258075249922125,0.0014404244089072649,0.0010355764047806598,0.15611499515834132
6.258875754173922,0.0007677125157782849,0.0010355764047806598,0.1560929061499073
6.259676257997345,0.0006097536539651505,0.0010355764047806598,0.15607154553901934
6.260476761385013,0.001054517291361745,0.0010355764047806598,0.156050892778433
6.261277264329547,0.0011502968395700752,0.0010355764047806598,0.15603092749094913
6.262077766823567,0.0003093564088118006,0.0010355764047806598,0.15601271197080366
6.262878268859694,0.0007801144239823754,0.0010355764047806598,0.15599436391526458
6.2636787704305465,0.0014383512612843319,0.0010355764047806598,0.1559751728372895
6.264479271528748,0.0021512134589314336,0.0010355764047806598,0.15595410657120284
6.265279772146916,0.001469430409336031,0.0010355764047806598,0.15593311340899324
6.266080272277672,0.001095398501256395,0.0010355764047806598,0.15590700040343886
6.2668807719136375,0.0015290057234632337,0.0010355764047806598,0.1558830573101833
6.26768127104743,0.0014596987801804018,0.0010355764047806598,0.15586134434628426
6.2684817696716735,0.0009200279034077274,0.0010355764047806598,0.15584220158027023
6.269282267778985,0.0013242830165906827,0.0010355764047806598,0.15582177257614566
6.2700827653619875,0.0016330705131961387,0.0010355764047806598,0.1558001451314745
6.2708832624133,0.0019344635255890419,0.0010355764047806598,0.15578096304336547
6.271683758925544,0.0019419918394234792,0.0010355764047806598,0.1557606908487001
6.272484254891339,0.0016724196587926399,0.0010355764047806598,0.1557400102029474
6.273284750303305,0.001307129807548435,0.0010355764047806598,0.1557239609645198
6.274085245154063,0.0011867006287391568,0.0010355764047806598,0.15570732240015925
6.2748857394362325,-0.00011009116240826011,0.0010355764047806598,0.15569015791951077
6.275686233142436,-0.00034535752882750015,0.0010355764047806598,0.15567205518982355
6.276486726265292,-0.0004935236834901768,0.0010355764047806598,0.155653056197589
6.277287218797421,-0.0008163785523711831,0.0010355764047806598,0.155633202460766
6.2780877107314454,-5.9667468435303794e-05,0.0010355764047806598,0.15561350460033505
6.278888202059982,0.00046977330960801256,0.0010355764047806598,0.15559348406318635
6.279688692775655,0.0009322014756247277,0.0010355764047806598,0.1555723074881972
6.280489182871082,0.0012866213824853368,0.0010355764047806598,0.15555175585745268
6.281289672338885,0.0006795145822649507,0.0010355764047806598,0.15553184955007682
6.282090161171683,0.0006928360970717418,0.0010355764047806598,0.15550842074783747
6.2828906493620975,0.0010303036485901362,0.0010355764047806598,0.1554863334894302
6.283691136902749,7.602685096366746e-05,0.0010355764047806598,0.15546564373706542
6.284491623786258,0.0006921762664124642,0.0010355764047806598,0.1554464079151506
6.285292110005243,7.313022244243017e-05,0.0010355764047806598,0.1554286829102899
6.286092595552327,-0.00036116638681565894,0.0010355764047806598,0.15541029318272886
6.2868930804201275,-2.466417501945095e-05,0.0010355764047806598,0.1553875867042316
6.287693564601267,-0.0010680112258201757,0.0010355764047806598,0.15537011730664646
6.288494048088365,-0.00017881430129759734,0.0010355764047806598,0.15535625281248205
6.289294530874044,-0.0020249111536928543,0.0010355764047806598,0.15534283127992682
6.290095012950921,-0.0013036089839854326,0.0010355764047806598,0.15533504775023
6.290895494311619,-0.0025041112742051064,0.0010355764047806598,0.15532567977565337
6.291695974948757,-0.002072367303296546,0.0010355764047806598,0.15532354669850648
6.292496454854956,-0.0018060456544958525,0.0010355764047806598,0.15531884947421623
6.293296934022836,-0.0024903187973215335,0.0010355764047806598,0.15530540602045156
6.294097412445018,-0.0026109672786016336,0.0010355764047806598,0.1552900958394545
6.294897890114122,-0.001510768273842139,0.0010355764047806598,0.1552729948003806
6.2956983670227675,-0.00024604474149317324,0.0010355764047806598,0.15525610913625154
6.296498843163577,0.0004843345175849778,0.0010355764047806598,0.15523829012827078
6.297299318529168,-0.0006603329164270588,0.0010355764047806598,0.15521663188407378
6.298099793112164,-9.449212693257714e-05,0.0010355764047806598,0.1551955424222683
6.298900266905183,0.00010975102047025564,0.0010355764047806598,0.15517813359595292
6.299700739900847,-0.0003204339504481457,0.0010355764047806598,0.155163346823403
6.300501212091775,-0.0007706117644002974,0.0010355764047806598,0.1551491995078085
6.301301683470588,-0.0002510094056739076,0.0010355764047806598,0.1551356980023034
6.302102154029907,0.0017061689410369507,0.0010355764047806598,0.1551249785504872
6.302902623762352,0.0006796611848056411,0.0010355764047806598,0.1551196199091654
6.303703092660543,0.0016404894440889273,0.0010355764047806598,0.15511017092115073
6.304503560717101,0.0013816905745643038,0.0010355764047806598,0.1550955847739361
6.305304027924645,0.0013250555998265967,0.0010355764047806598,0.15508042461239946
6.306104494275798,0.002552586302035753,0.0010355764047806598,0.15506526157990397
6.306904959763178,0.002035706173949492,0.0010355764047806598,0.15505007694437742
6.307705424379405,0.0009301811870957022,0.0010355764047806598,0.15503221974073447
6.308505888117102,0.0008437258241338896,0.0010355764047806598,0.15501224370143668
6.309306350968887,0.0006511700358033667,0.0010355764047806598,0.1549980871011778
6.310106812927382,0.0008013019984811076,0.0010355764047806598,0.15498096418260957
6.310907273985206,0.0004537761553046471,0.0010355764047806598,0.15496565085474728
6.3117077341349805,5.516250529546962e-05,0.0010355764047806598,0.15495163055603092
6.312508193369325,0.0015818768399864513,0.0010355764047806598,0.154938355040746
6.313308651680861,0.0015664774163690054,0.0010355764047806598,0.15492664208915174
6.314109109062209,0.0012953957556952889,0.0010355764047806598,0.15491647507961356
6.314909565505989,0.0014864185009610953,0.0010355764047806598,0.1549050597015514
6.3157100210048185,0.0028125337471407996,0.0010355764047806598,0.15489913854004836
6.316510475551322,0.0023390155685814873,0.0010355764047806598,0.1548917470979924
6.317310929138118,0.0018113410749742986,0.0010355764047806598,0.15488297104467544
6.318111381757828,0.0018022756398256845,0.0010355764047806598,0.15487379534578963
6.318911833403071,0.001570427621629844,0.0010355764047806598,0.15486425648262636
6.319712284066468,0.0021010303510159978,0.0010355764047806598,0.15485544805603116
6.32051273374064,0.0006000546635890613,0.0010355764047806598,0.15484739007661721
6.321313182418206,0.0003263954908848121,0.0010355764047806598,0.15483917887481494
6.322113630091787,0.0005139597988831346,0.0010355764047806598,0.15482763539150396
6.322914076754003,0.0005219774335478711,0.0010355764047806598,0.15481871901859323
6.323714522397475,0.00021441293046708942,0.0010355764047806598,0.15481090661862054
6.324514967014824,0.0005148538876079412,0.0010355764047806598,0.15480423557720252
6.32531541059867,0.0001903917787522691,0.0010355764047806598,0.15479793158550417
6.3261158531416335,0.0007586857795488511,0.0010355764047806598,0.15479199704012514
6.326916294636333,0.001012343079035416,0.0010355764047806598,0.15478643433645545
6.327716735075391,0.001220009231350766,0.0010355764047806598,0.15478124586867664
6.328517174451427,0.0015264755293994126,0.0010355764047806598,0.15477643402976096
6.3293176127570625,0.0011803483159336936,0.0010355764047806598,0.1547720012114717
6.330118049984916,-0.00035629294670386225,0.0010355764047806598,0.15476730482479362
6.33091848612761,0.0015760919459991696,0.0010355764047806598,0.15476251013062242
6.331718921177762,0.000904362514758339,0.0010355764047806598,0.1547560142396285
6.332519355127996,0.000706731528233695,0.0010355764047806598,0.15473480410996537
6.333319787970929,4.8565901580532866e-05,0.0010355764047806598,0.15471547183169318
6.334120219699185,-0.00033406762074592034,0.0010355764047806598,0.15470049960498358
6.3349206503053805,-0.0007812238569113172,0.0010355764047806598,0.15468625263223748
6.335721079782138,0.0008041540264197011,0.0010355764047806598,0.15467286872944475
6.336521508122078,0.0017690512006245385,0.0010355764047806598,0.1546604861280527
6.33732193531782,0.0016303241444841632,0.0010355764047806598,0.15465076286052143
6.338122361361986,0.0020073413739589707,0.0010355764047806598,0.15464510993695227
6.338922786247194,0.002034751384533129,0.0010355764047806598,0.15464353862323357
6.339723209966066,0.0015893655715297772,0.0010355764047806598,0.15464319376970198
6.340523632511222,0.0015775811540919837,0.0010355764047806598,0.15464187288992717
6.341324053875282,0.0012414828469120287,0.0010355764047806598,0.15463646739645348
6.342124474050868,0.0021962553953722985,0.0010355764047806598,0.15463013885257956
6.342924893030599,0.004249613663494384,0.0010355764047806598,0.15462618592111305
6.343725310807096,0.008953671508432764,0.0010355764047806598,0.15462142597296633
6.344525727372978,0.010294064221599453,0.0010355764047806598,0.154615843281285
6.345326142720866,0.005555619070308604,0.0010355764047806598,0.15460877811136453
6.34612655684338,0.0014094301961416755,0.0010355764047806598,0.15460344107051474
6.346926969733143,0.0006356350039328218,0.0010355764047806598,0.15459984858858036
6.347727381382774,0.0010683024666616747,0.0010355764047806598,0.15459992241235443
6.348527791784892,0.0006205226199411662,0.0010355764047806598,0.1546026122090032
6.349328200932117,0.0008197398170528836,0.0010355764047806598,0.15460070433873585
6.350128608817073,0.0007521073707962567,0.0010355764047806598,0.15459952319488443
6.350929015432376,1.0342270193586245e-05,0.0010355764047806598,0.1546045061613643
6.351729420770649,-0.00026650020562615784,0.0010355764047806598,0.15460776244007435
6.352529824824513,-0.00026467800016391485,0.0010355764047806598,0.15460841677448275
6.353330227586587,-0.0001501227507393621,0.0010355764047806598,0.15460519843402182
6.35413062904949,0.0006374293268383568,0.0010355764047806598,0.15460076481794996
6.354931029205845,-0.0007904666750099265,0.0010355764047806598,0.15459825443476444
6.355731428048272,0.00020753589949265572,0.0010355764047806598,0.15459725467210858
6.35653182556939,0.00036153978080599725,0.0010355764047806598,0.1545977201443339
6.357332221761821,7.765868714046387e-05,0.0010355764047806598,0.15459960603220282
6.3581326166181835,-0.00025861666516210913,0.0010355764047806598,0.15460099969295119
6.3589330101311,0.000596590297386651,0.0010355764047806598,0.15460185513621066
6.359733402293188,0.00022789663949038252,0.0010355764047806598,0.15460221654903378
6.360533793097072,-7.310154019204984e-05,0.0010355764047806598,0.15460157499498234
6.361334182535368,8.175352256398205e-05,0.0010355764047806598,0.1545999499643603
6.3621345706007,0.00013956803556894326,0.0010355764047806598,0.1545968076107188
6.362934957285686,-0.0005741200867327434,0.0010355764047806598,0.1545936328471226
6.363735342582948,0.00047490056149959714,0.0010355764047806598,0.15459035224318773
6.364535726485106,0.0012546120533941107,0.0010355764047806598,0.15458689232004444
6.3653361089847795,0.000328185368980799,0.0010355764047806598,0.15458317955033707
6.366136490074589,0.0004988419178620085,0.0010355764047806598,0.1545784205787918
6.366936869747156,0.0001653574704498506,0.0010355764047806598,0.15456901916557683
6.367737247995099,0.0003779957223968011,0.0010355764047806598,0.1545571056264569
6.36853762481104,0.0012678106599623984,0.0010355764047806598,0.15454994407337655
6.3693380001876,0.004216170941926278,0.0010355764047806598,0.154542725523439
6.370138374117398,0.005760128053618918,0.0010355764047806598,0.1545354575123865
6.370938746593055,0.004360876444648859,0.0010355764047806598,0.15452814756625818
6.37173911760719,0.0026975667310345786,0.0010355764047806598,0.15452080320138892
6.372539487152425,0.0018016573643140077,0.0010355764047806598,0.15451343192441067
6.37333985522138,0.00201200912993843,0.0010355764047806598,0.1545060412322514
6.374140221806675,0.0025951313932384423,0.0010355764047806598,0.15449760838750937
6.374940586900931,0.002173198941544996,0.0010355764047806598,0.15448862543911235
6.375740950496769,0.0008418062344861255,0.0010355764047806598,0.1544790489678747
6.376541312586808,0.0005521371392639973,0.0010355764047806598,0.15446840168814788
6.377341673163667,-4.3129866461599775e-07,0.0010355764047806598,0.15445952665224924
6.378142032219969,-0.00048790013865709914,0.0010355764047806598,0.15444316551232534
6.378942389748334,-0.0005167029223150099,0.0010355764047806598,0.15443221632397264
6.379742745741384,-0.0014446346721562198,0.0010355764047806598,0.15440881501735362
6.380543100191735,-0.0010366653716148144,0.0010355764047806598,0.15438993877427776
6.38134345309201,-0.0020583905786978884,0.0010355764047806598,0.15436268091506605
6.38214380443483,-0.0016223066965203037,0.0010355764047806598,0.15433784677079138
6.382944154212814,-0.00032837686024744794,0.0010355764047806598,0.15431440875788066
6.383744502418583,0.0014748639752484027,0.0010355764047806598,0.15428589631990003
6.384544849044758,0.0016132249760276163,0.0010355764047806598,0.15425592092168283
6.385345194083958,0.0009903227007488913,0.0010355764047806598,0.15423274047403532
6.3861455375288045,0.0008580403619043997,0.0010355764047806598,0.1542177906989231
6.386945879371917,0.0010998041260664726,0.0010355764047806598,0.1542013847239858
6.3877462196059165,0.001303227966878956,0.0010355764047806598,0.1541834501017259
6.388546558223424,0.001201764658500304,0.0010355764047806598,0.15416917345513562
6.389346895217058,0.0010647781770649623,0.0010355764047806598,0.15415627241303365
6.39014723057944,0.0014635427382943267,0.0010355764047806598,0.15414049227328297
6.390947564303191,0.0013319628677672668,0.0010355764047806598,0.15412156461238044
6.391747896380931,-0.00020515681885657777,0.0010355764047806598,0.15410596062914747
6.392548226805279,-0.0010473806482798054,0.0010355764047806598,0.15409089743828822
6.393348555568858,-0.00048088468202719947,0.0010355764047806598,0.1540763936580625
6.394148882664287,0.000269066210873109,0.0010355764047806598,0.15406246821000152
6.394949208084185,0.0009376724495833433,0.0010355764047806598,0.1540491403189072
6.395749531821175,0.0012114136053355817,0.0010355764047806598,0.1540359201501468
6.396549853867875,0.0010970589190435198,0.0010355764047806598,0.1540228051951373
6.397350174216909,0.0005923435233328167,0.0010355764047806598,0.15400979305176066
6.398150492860892,0.0005749984640854022,0.0010355764047806598,0.1539968814243637
6.398950809792449,0.001199069823255211,0.0010355764047806598,0.15398896153725122
6.399751125004198,0.0008580610352942053,0.0010355764047806598,0.15398067967292972
6.40055143848876,0.0006982476899958234,0.0010355764047806598,0.15397012657492967
6.4013517502387565,0.00020813291075499896,0.0010355764047806598,0.15395736791341177
6.402152060246806,0.0002046527534761422,0.0010355764047806598,0.1539424686112206
6.402952368505529,0.00034966204146313906,0.0010355764047806598,0.15392609368935872
6.4037526750075475,-4.295326686656886e-05,0.0010355764047806598,0.15390833292822134
6.404552979745481,0.0002613508899811656,0.0010355764047806598,0.15388927559304066
6.40535328271195,-0.0004540908844632985,0.0010355764047806598,0.15387260236845773
6.406153583899574,-0.00012869104820734112,0.0010355764047806598,0.15385417626425185
6.406953883300975,0.0016202089957111088,0.0010355764047806598,0.15383581700750662
6.407754180908772,0.004229166488578656,0.0010355764047806598,0.15381753182146238
6.408554476715586,0.010847888955477891,0.0010355764047806598,0.1537993279291715
6.409354770714038,0.01286565036547932,0.0010355764047806598,0.15378121255349794
6.410155062896747,0.009419314258680034,0.0010355764047806598,0.15376319291711743
6.410955353256334,0.009175803583739872,0.0010355764047806598,0.1537464320347311
6.41175564178542,0.007333212469816552,0.0010355764047806598,0.15373088506208735
6.412555928476624,0.0023633423501907835,0.0010355764047806598,0.1537161901966011
6.413356213322569,0.0019532223129546666,0.0010355764047806598,0.1537033413227791
6.414156496315871,0.0010044333062300959,0.0010355764047806598,0.15369086145991637
6.414956777449155,0.004167381519165597,0.0010355764047806598,0.1536778173827668
6.41575705671504,0.011495168523141669,0.0010355764047806598,0.15366422427789753
6.416557334106145,0.012289705700592513,0.0010355764047806598,0.1536504219090326
6.41735760961509,0.0064285672611917866,0.0010355764047806598,0.15363643940726093
6.418157883234498,0.0019100618983099726,0.0010355764047806598,0.15362230588042536
6.4189581549569885,0.0030939464926816596,0.0010355764047806598,0.1536080504131228
6.41975842477518,0.00591134212808625,0.0010355764047806598,0.15359113862660773
6.420558692681694,0.007225239912884124,0.0010355764047806598,0.15357148713085442
6.421358958669152,0.004049994530085671,0.0010355764047806598,0.15355563424452529
6.422159222730174,0.0010679300676099956,0.0010355764047806598,0.15353890987071991
6.422959484857379,0.0001883732389516557,0.0010355764047806598,0.1535213067831731
6.423759745043388,-0.00020132392305191593,0.0010355764047806598,0.15350281741716115
6.424560003280822,0.0007075324916822334,0.0010355764047806598,0.15348134094766822
6.425360259562302,0.001069903151126067,0.0010355764047806598,0.15345634248473056
6.426160513880447,0.00030491295962001286,0.0010355764047806598,0.15343228234251446
6.426960766227877,0.00024019831744875875,0.0010355764047806598,0.15340918931455363
6.427761016597214,0.00026284140996626904,0.0010355764047806598,0.15338709265914555
6.428561264981077,0.0003828615557986137,0.0010355764047806598,0.1533660220993519
6.429361511372088,-0.000576801949653899,0.0010355764047806598,0.1533460078229956
6.430161755762866,-0.0005305364969221404,0.0010355764047806598,0.15332708048266133
6.430961998146031,-1.1163168685213165e-05,0.0010355764047806598,0.15330927119569313
6.431762238514205,0.0030564459873499428,0.0010355764047806598,0.15329261154419396
6.4325624768600065,0.01004743550518375,0.0010355764047806598,0.15327790253503076
6.4333627131760585,0.013800426210770877,0.0010355764047806598,0.15326425787760323
6.434162947454979,0.009133134562279016,0.0010355764047806598,0.15325163744077913
6.4349631796893885,0.0033527646044221593,0.0010355764047806598,0.1532400015273507
6.435763409871909,0.0009415507388779998,0.0010355764047806598,0.15323455582882092
6.43656363799516,0.0008303191156641965,0.0010355764047806598,0.1532269875723533
6.437363864051762,0.0003695510110166278,0.0010355764047806598,0.15321165318015623
6.438164088034335,-0.0008936980611354284,0.0010355764047806598,0.15319568902597894
6.438964309935499,-0.00019031520622816989,0.0010355764047806598,0.15317908393344087
6.439764529747876,-0.0002705120327013699,0.0010355764047806598,0.1531618264681593
6.4405647474640855,-0.0011872125712565906,0.0010355764047806598,0.15314390493774951
6.441364963076746,-0.0010533410687390832,0.0010355764047806598,0.15312530739182598
6.442165176578482,-0.0007881603342227705,0.0010355764047806598,0.15311120836231837
6.442965387961911,-0.00018318110364692886,0.0010355764047806598,0.153100103277646
6.443765597219654,5.0996355971000273e-05,0.0010355764047806598,0.15308124216272284
6.444565804344331,-0.0001862972675078789,0.0010355764047806598,0.15306421634354142
6.445366009328562,0.0007437572899846867,0.0010355764047806598,0.15304960418217342
6.446166212164969,0.0005586198880138393,0.0010355764047806598,0.15304499833683452
6.446966412846171,-0.0007621684135426798,0.0010355764047806598,0.15303851116258765
6.44776661136479,-0.0006631365268736367,0.0010355764047806598,0.15302552553350152
6.448566807713444,0.0020468194024440556,0.0010355764047806598,0.15300775374120934
6.449367001884755,0.005809065347481351,0.0010355764047806598,0.15298915203076954
6.450167193871343,0.010652074460372446,0.0010355764047806598,0.15296990306688263
6.450967383665829,0.011060511661148298,0.0010355764047806598,0.1529495520510486
6.4517675712608336,0.006508903177800229,0.0010355764047806598,0.15293107973278663
6.452567756648975,0.005707431631154031,0.0010355764047806598,0.15291383016353324
6.453367939822876,0.004501274597505545,0.0010355764047806598,0.15289253157875
6.4541681207751544,0.002569004837747385,0.0010355764047806598,0.15287280171856088
6.454968299498433,0.00039960258667048887,0.0010355764047806598,0.1528565554889624
6.455768475985332,-0.0006257054267005124,0.0010355764047806598,0.15283808793033862
6.45656865022847,-0.00011103247175428543,0.0010355764047806598,0.1528196792692151
6.457368822220469,0.0005221355518698345,0.0010355764047806598,0.1528014169918489
6.45816899195395,0.0007457994218453556,0.0010355764047806598,0.15278237501716602
6.458969159421532,0.0010633713199781902,0.0010355764047806598,0.15276259651607857
6.459769324615835,0.00040663680367891697,0.0010355764047806598,0.1527421243382049
6.46056948752948,0.0006105023568910573,0.0010355764047806598,0.1527240531919182
6.461369648155088,0.000418492244875196,0.0010355764047806598,0.15270635385809567
6.462169806485279,0.00046846432541550187,0.0010355764047806598,0.15268979366960814
6.462969962512672,5.170684129041092e-05,0.0010355764047806598,0.15267250431179546
6.463770116229891,0.00010227465650441969,0.0010355764047806598,0.15265452648052247
6.464570267629552,0.0006715068257297785,0.0010355764047806598,0.15263590057725201
6.465370416704278,4.8257154338288144e-05,0.0010355764047806598,0.1526166667090455
6.466170563446688,8.779117035032091e-05,0.0010355764047806598,0.152597708640206
6.466970707849406,0.0002986132394442731,0.0010355764047806598,0.1525783439671385
6.467770849905047,0.0021331490711183065,0.0010355764047806598,0.1525585442411792
6.468570989606234,0.005691869952893475,0.0010355764047806598,0.15253556963770878
6.469371126945588,0.0089043281815894,0.0010355764047806598,0.15251243558347521
6.470171261915729,0.010900928256318027,0.0010355764047806598,0.15248291828801097
6.470971394509276,0.012222839481173392,0.0010355764047806598,0.15245587140166775
6.471771524718852,0.013513418816880868,0.0010355764047806598,0.15242112514153588
6.472571652537075,0.01036945542231077,0.0010355764047806598,0.15238771082258007
6.473371777956567,0.008934756090138413,0.0010355764047806598,0.1523640760211113
6.474171900969947,0.01025774584914596,0.0010355764047806598,0.15234373683036528
6.474972021569836,0.009370266338775662,0.0010355764047806598,0.15232671770061273
6.475772139748854,0.005036826714073239,0.0010355764047806598,0.1523090499281766
6.476572255499623,0.0011250654481387012,0.0010355764047806598,0.152291464298609
6.477372368814762,0.0023768520618037137,0.0010355764047806598,0.15227395637066465
6.478172479686891,0.005517339817424416,0.0010355764047806598,0.15225652171652246
6.478972588108632,0.006121014665006169,0.0010355764047806598,0.15223915592178552
6.4797726940726035,0.004779564043893986,0.0010355764047806598,0.15222185458548101
6.480572797571427,0.0031492067011071045,0.0010355764047806598,0.15220026151960905
6.481372898597723,0.0027359989631362824,0.0010355764047806598,0.15217825823705147
6.482172997144111,0.0037628080116368645,0.0010355764047806598,0.15215369059762685
6.482973093203212,0.00721973086051253,0.0010355764047806598,0.1521235841245285
6.483773186767646,0.012053875846925688,0.0010355764047806598,0.15209728811476075
6.484573277830035,0.018290927313013933,0.0010355764047806598,0.15207621953940906
6.485373366382997,0.015610619054784752,0.0010355764047806598,0.15205604178113646
6.486173452419154,0.007499548450574295,0.0010355764047806598,0.15203618642256492
6.486973535931125,0.0015717653734947934,0.0010355764047806598,0.15201520728763931
6.487773616911532,-0.00012374207998075426,0.0010355764047806598,0.15199499443242667
6.488573695352995,-0.0008934963913803939,0.0010355764047806598,0.1519755255784696
6.489373771248133,-0.000929039043681329,0.0010355764047806598,0.15195677862938356
6.4901738445895685,0.0007172331775032459,0.0010355764047806598,0.1519387316708567
6.490973915369921,0.004637930272237745,0.0010355764047806598,0.15192136297064898
6.491773983581809,0.008049361694916546,0.0010355764047806598,0.15190301163638442
6.492574049217856,0.008675699175312857,0.0010355764047806598,0.15188424722367855
6.493374112270681,0.006064600239880813,0.0010355764047806598,0.15186426156986615
6.494174172732903,0.0015035655179057583,0.0010355764047806598,0.15184551878164837
6.494974230597145,0.00029493006766459495,0.0010355764047806598,0.1518308011881182
6.495774285856025,0.003958169457378619,0.0010355764047806598,0.15182518433937792
6.496574338502166,0.01121935074243044,0.0010355764047806598,0.15181794252145925
6.497374388528186,0.014273368750543414,0.0010355764047806598,0.1518100730099517
6.498174435926706,0.010294155852474923,0.0010355764047806598,0.15179243056050645
6.498974480690347,0.004323985454644741,0.0010355764047806598,0.1517753325799703
6.49977452281173,0.0019624404025324893,0.0010355764047806598,0.15175809491079123
6.500574562283473,0.0025983805420592143,0.0010355764047806598,0.15174073421612552
6.501374599098199,0.0015293412479010227,0.0010355764047806598,0.1517232670470172
6.502174633248527,0.0001531213574745005,0.0010355764047806598,0.15170570984239895
6.502974664727077,-0.000167940604356015,0.0010355764047806598,0.15168807892909206
6.50377469352647,-0.00027849122361472967,0.0010355764047806598,0.15167039052180736
6.504574719639327,0.001280203193985252,0.0010355764047806598,0.15165266072314504
6.505374743058267,0.0038500825757877832,0.0010355764047806598,0.1516349055235954
6.5061747637759115,0.006093448638358007,0.0010355764047806598,0.15161714080153882
6.506974781784881,0.007098966521629779,0.0010355764047806598,0.1515993823232469
6.507774797077794,0.003983696373409257,0.0010355764047806598,0.15158164574288177
6.508574809647274,0.0015920003199915156,0.0010355764047806598,0.15156601614554416
6.50937481948594,0.0014865305025235642,0.0010355764047806598,0.1515524157293135
6.510174826586411,0.0013616768147813874,0.0010355764047806598,0.15154076741663486
6.510974830941309,0.0033991710807360076,0.0010355764047806598,0.15153079500635633
6.511774832543253,0.006517376662168062,0.0010355764047806598,0.15152241410486436
6.512574831384865,0.008729608221328872,0.0010355764047806598,0.1515155409656996
6.5133748274587635,0.007017271734707509,0.0010355764047806598,0.15151009248955416
6.514174820757572,0.00275585470505349,0.0010355764047806598,0.1515051182384171
6.514974811273907,0.0004213061826543463,0.0010355764047806598,0.15150187870645004
6.515774799000392,0.001061972931523103,0.0010355764047806598,0.1515033087228599
6.516574783929645,0.0009027676388679295,0.0010355764047806598,0.15149782906243844
6.517374766054289,0.0008718868348254472,0.0010355764047806598,0.15149331880637754
6.5181747453669425,0.005685111001966614,0.0010355764047806598,0.15148375303960157
6.518974721860227,0.009057725914287024,0.0010355764047806598,0.15147466335298973
6.519774695526761,0.007786050400170663,0.0010355764047806598,0.15146193887862777
6.520574666359166,0.003998313097900497,0.0010355764047806598,0.15144847821396737
6.521374634350064,0.0030963842768846894,0.0010355764047806598,0.1514357149542006
6.522174599492073,0.003384602298440259,0.0010355764047806598,0.15142073474425027
6.522974561777814,0.0034846229556664,0.0010355764047806598,0.15140366180653325
6.523774521199908,0.001631413754154487,0.0010355764047806598,0.15138461955157068
6.524574477750975,-0.0005030800028265059,0.0010355764047806598,0.1513637305779913
6.525374431423636,-0.0014541841180283621,0.0010355764047806598,0.15134320223507947
6.52617438221051,-0.0011727797886968427,0.0010355764047806598,0.15132297302670697
6.526974330104219,-1.2278977785662448e-05,0.0010355764047806598,0.15130298150563373
6.527774275097381,0.004443020870890296,0.0010355764047806598,0.15128117504846833
6.528574217182619,0.008305873410653336,0.0010355764047806598,0.1512574049764762
6.529374156352553,0.007840847066591244,0.0010355764047806598,0.15123894868498589
6.530174092599802,0.0034405264627499765,0.0010355764047806598,0.15122063634581087
6.530974025916988,0.00016357133234096155,0.0010355764047806598,0.15119670501349275
6.531773956296729,-0.0007934988667210319,0.0010355764047806598,0.15117400404949546
6.532573883731648,-0.001288715477855057,0.0010355764047806598,0.1511534640072423
6.533373808214365,-4.7372533766881775e-05,0.0010355764047806598,0.15113746752168586
6.534173729737499,-0.0006718846658199107,0.0010355764047806598,0.1511235838817216
6.534973648293671,-0.00142629174954631,0.0010355764047806598,0.1511086503089287
6.535773563875501,-0.002011803820036434,0.0010355764047806598,0.15109293230186188
6.536573476475611,-0.0018618151071878863,0.0010355764047806598,0.15107634445098678
6.53737338608662,-0.0009973059113864147,0.0010355764047806598,0.15105880115907427
6.538173292701147,0.00030475262420393,0.0010355764047806598,0.15104022903931033
6.538973196311816,0.002030199560749929,0.0010355764047806598,0.15102080562345457
6.539773096911245,0.0033729766355946877,0.0010355764047806598,0.15100062178958806
6.540572994492054,0.00391724914825517,0.0010355764047806598,0.1509797682330735
6.5413728890468645,0.0028974695796168126,0.0010355764047806598,0.15095907264256309
6.542172780568297,0.0025896758848528156,0.0010355764047806598,0.15093920513893028
6.542972669048971,0.001535330385615069,0.0010355764047806598,0.15091863705193864
6.5437725544815075,-0.0004918062848667804,0.0010355764047806598,0.15089733002325026
6.544572436858528,-0.000895717679812974,0.0010355764047806598,0.1508752454555644
6.545372316172649,-0.00043491097695014247,0.0010355764047806598,0.15085234451261836
6.5461721924164955,0.0042303308868772704,0.0010355764047806598,0.1508285881191889
6.546972065582685,0.010837089815947387,0.0010355764047806598,0.15080820095460848
6.54777193566384,0.010185844743212547,0.0010355764047806598,0.1507879611331173
6.548571802652578,0.004765434251726736,0.0010355764047806598,0.1507678697465755
6.549371666541522,0.00025048565457411187,0.0010355764047806598,0.1507479279934832
6.550171527323291,-8.166728441616478e-05,0.0010355764047806598,0.15072813717898043
6.550971384990507,-0.00011734835782437059,0.0010355764047806598,0.1507084987148464
6.551771239535788,-0.0002719883785101962,0.0010355764047806598,0.15068901411949936
6.552571090951755,0.0013641693716837378,0.0010355764047806598,0.1506696850179965
6.553370939231031,0.001957670258627392,0.0010355764047806598,0.1506505131420332
6.5541707843662325,0.005336569706355071,0.0010355764047806598,0.1506317092070109
6.554970626349983,0.011240348951136458,0.0010355764047806598,0.15061274905641142
6.555770465174901,0.009437339958391744,0.0010355764047806598,0.15059586793020002
6.556570300833608,0.005156220641827136,0.0010355764047806598,0.15057783204363928
6.557370133318724,0.0033811375813347644,0.0010355764047806598,0.15056033957064113
6.558169962622869,0.004250234639153139,0.0010355764047806598,0.15054339560441152
6.558969788738663,0.003977916254620295,0.0010355764047806598,0.1505270055143995
6.559769611658728,0.0007771678631077195,0.0010355764047806598,0.15051088861621334
6.560569431375684,0.00017531548817614762,0.0010355764047806598,0.1505014815949004
6.56136924788215,0.00023280789387017387,0.0010355764047806598,0.15049462294393784
6.5621690611707475,0.0003867241214621786,0.0010355764047806598,0.15048799403908
6.562968871234096,0.0006174504064613007,0.0010355764047806598,0.15047926420669294
6.563768678064818,0.0008452559414529326,0.0010355764047806598,0.15047088282785706
6.56456848165553,-0.00025884119780064663,0.0010355764047806598,0.1504616647811099
6.5653682819988575,-0.00016622955613868062,0.0010355764047806598,0.15044808625964098
6.566168079087417,0.0023460419719717185,0.0010355764047806598,0.15043348944294677
6.56696787291383,0.004729136979523263,0.0010355764047806598,0.15041423647839763
6.5677676634707165,0.00470710156582585,0.0010355764047806598,0.15039505592440922
6.568567450750698,0.0014821618981875062,0.0010355764047806598,0.1503759229729395
6.5693672347463945,-0.0002191262978904207,0.0010355764047806598,0.1503568129681696
6.5701670154504255,0.000438623708257202,0.0010355764047806598,0.15033770140650388
6.570966792855412,0.0035668660507451877,0.0010355764047806598,0.15031856393656923
6.571766566953975,0.009790313911249043,0.0010355764047806598,0.1502993763592149
6.572566337738734,0.022540331008352177,0.0010355764047806598,0.15028011462751215
6.573366105202309,0.023482895223056188,0.0010355764047806598,0.15026075484675386
6.574165869337322,0.01558021894685338,0.0010355764047806598,0.1502412732744543
6.574965630136392,0.004412921949686871,0.0010355764047806598,0.15022164632034865
6.575765387592139,0.00047605040351755834,0.0010355764047806598,0.15020185054639276
6.576565141697185,0.0027930660518657724,0.0010355764047806598,0.15018186266676292
6.57736489244415,0.0111571439829668,0.0010355764047806598,0.15016165954785526
6.578164639825655,0.014556085601693719,0.0010355764047806598,0.15014247156549776
6.578964383834317,0.010197772297684204,0.0010355764047806598,0.15011472122120742
6.57976412446276,0.003242063866084388,0.0010355764047806598,0.15008364783015654
6.580563861703603,0.000377643644656811,0.0010355764047806598,0.15005313983425994
6.581363595549467,0.0012424349318052585,0.0010355764047806598,0.1500243424297247
6.582163325992971,0.0022343764932490073,0.0010355764047806598,0.14999730869819528
6.582963053026737,0.004866551709339112,0.0010355764047806598,0.14997209262340305
6.583762776643384,0.0033769292032725384,0.0010355764047806598,0.14994874909116285
6.584562496835534,0.00012949463860001398,0.0010355764047806598,0.14992733388936924
6.585362213595806,-0.0019910144444338085,0.0010355764047806598,0.14990414852345627
6.586161926916821,-0.0015106793075388425,0.0010355764047806598,0.1498830472325057
6.586961636791199,-0.0013661920380984294,0.0010355764047806598,0.14986228360337356
6.587761343211561,0.00019283518990415027,0.0010355764047806598,0.14984184521277444
6.588561046170526,0.0014868581352133203,0.0010355764047806598,0.14981991666243316
6.589360745660716,0.004582652642687396,0.0010355764047806598,0.1498003558106717
6.590160441674752,0.006238423453526848,0.0010355764047806598,0.14978272218820585
6.590960134205252,0.005150902113984113,0.0010355764047806598,0.1497695769798567
6.591759823244837,0.005523139013695055,0.0010355764047806598,0.14975361205582755
6.592559508786129,0.008233833838329263,0.0010355764047806598,0.14973483355971443
6.593359190821747,0.010885669098029793,0.0010355764047806598,0.14971214732931873
6.594158869344312,0.010958684639171823,0.0010355764047806598,0.14968694418427914
6.5949585443464445,0.010009529853716281,0.0010355764047806598,0.14966037492887163
6.595758215820763,0.010511295488828926,0.0010355764047806598,0.14963250662198674
6.596557883759891,0.011492196741820893,0.0010355764047806598,0.1496034060998947
6.597357548156446,0.009857530844547324,0.0010355764047806598,0.1495731399762454
6.598157209003051,0.005532312157738972,0.0010355764047806598,0.14954177464206905
6.598956866292324,0.0029656940018363276,0.0010355764047806598,0.1495093762657767
6.599756520016887,0.0059434645151269505,0.0010355764047806598,0.14947775913641137
6.600556170169359,0.009188481718828051,0.0010355764047806598,0.14944691021876647
6.6013558167423625,0.007699146127434081,0.0010355764047806598,0.14941681696152848
6.6021554597285155,0.0023535947666359913,0.0010355764047806598,0.14938746729727537
6.60295509912044,-0.0009445649260526323,0.0010355764047806598,0.14936578308967163
6.603754734910756,-0.001459221709641384,0.0010355764047806598,0.14934309844806523
6.604554367092084,-0.0016299948792937724,0.0010355764047806598,0.14932098625074322
6.605353995657043,-0.002246712732263817,0.0010355764047806598,0.14929483860356857
6.6061536205982545,-0.0011085596931099395,0.0010355764047806598,0.14926984926544912
6.60695324190834,-0.001359685234891439,0.0010355764047806598,0.14924147063329213
6.607752859579919,-0.0009146005719442296,0.0010355764047806598,0.14921167889453404
6.608552473605611,-0.001310624543883837,0.0010355764047806598,0.14918215403993768
6.609352083978037,-0.001105036405481541,0.0010355764047806598,0.14915095799554937
6.6101516906898174,-0.0010110139604267154,0.0010355764047806598,0.1491185533896996
6.6109512937335735,0.003122577628601575,0.0010355764047806598,0.14908745270286963
6.611750893101925,0.01128493093898475,0.0010355764047806598,0.14905489209249723
6.612550488787491,0.016668662424740882,0.0010355764047806598,0.14901707157103186
6.613350080782894,0.011585221955484643,0.0010355764047806598,0.14897538888563316
6.614149669080752,0.0036734164952704207,0.0010355764047806598,0.1489320169335792
6.614949253673688,0.0012812908445953286,0.0010355764047806598,0.14888693482208534
6.615748834554321,0.001770878217079913,0.0010355764047806598,0.14883463779203515
6.616548411715271,0.001673705696286304,0.0010355764047806598,0.14878326637603628
6.617347985149159,0.0020761186374307905,0.0010355764047806598,0.14873921544187038
6.618147554848607,0.0023870905801641473,0.0010355764047806598,0.14869515946083808
6.618947120806232,0.005142879628093233,0.0010355764047806598,0.14865111816473112
6.6197466830146565,0.014037704366488518,0.0010355764047806598,0.14860711134903043
6.6205462414665,0.018697198822602096,0.0010355764047806598,0.14856315887290525
6.621345796154385,0.013733140028942603,0.0010355764047806598,0.14851928065921316
6.622145347070929,0.011018976942787556,0.0010355764047806598,0.14846872358967353
6.622944894208754,0.01601356247911742,0.0010355764047806598,0.14841437343835118
6.62374443756048,0.0226489841868337,0.0010355764047806598,0.14836795696370192
6.624543977118727,0.019134766750148552,0.0010355764047806598,0.14831714895876671
6.625343512876116,0.009451844642153512,0.0010355764047806598,0.14826088129394227
6.626143044825268,0.0016589377436077857,0.0010355764047806598,0.14820008344367427
6.626942572958802,-0.00038101986842228874,0.0010355764047806598,0.14813959462439957
6.627742097269339,0.00278870516895513,0.0010355764047806598,0.14808432852842496
6.6285416177495,0.009632770740483826,0.0010355764047806598,0.14803108203669377
6.629341134391904,0.01558433992188421,0.0010355764047806598,0.14797996897987906
6.6301406471891715,0.01751348402506231,0.0010355764047806598,0.1479311041065227
6.630403852332017,0.019186676504968775,0.0010355764047806598,0.1478814158916701
6.631204387354894,0.019283814652518327,0.0010355764047806598,0.14783081186638453
6.632004920235725,0.017718843045007454,0.0010355764047806598,0.14777930095869124
6.632805450977679,0.015783037762133578,0.0010355764047806598,0.14772685783832445
6.633605979583928,0.016270795224344353,0.0010355764047806598,0.14767345684873429
6.634406506057642,0.01576043112292172,0.0010355764047806598,0.14761708312642965
6.635207030401993,0.015372342861549787,0.0010355764047806598,0.14756351160529682
6.636007552620153,0.014226996770700023,0.0010355764047806598,0.14751073667388698
6.636808072715291,0.01048023372007198,0.0010355764047806598,0.14745880499802627
6.637608590690578,0.007521450961402887,0.0010355764047806598,0.14740776359411706
6.638409106549187,0.005093516922048402,0.0010355764047806598,0.14735765982913734
6.639209620294286,0.00577995450296967,0.0010355764047806598,0.1473085414206382
6.640010131929049,0.008803817554283,0.0010355764047806598,0.1472572655380534
6.640810641456646,0.013609807710108807,0.0010355764047806598,0.14720576248468392
6.641611148880246,0.0118036288912719,0.0010355764047806598,0.14715321873269926
6.6424116542030225,0.008693391080463603,0.0010355764047806598,0.14710066063045107
6.643212157428145,0.0031086765063795263,0.0010355764047806598,0.1470517379758487
6.644012658558786,0.0008286815859804564,0.0010355764047806598,0.1470046118920084
6.644813157598115,0.00048756213814243887,0.0010355764047806598,0.14696249636597275
6.645613654549304,0.0006996844061027963,0.0010355764047806598,0.14691527056746556
6.646414149415523,0.0010109564757112555,0.0010355764047806598,0.14686822467983007
6.647214642199942,0.000964798865655675,0.0010355764047806598,0.14682547658808345
6.648015132905735,0.0006351442196889379,0.0010355764047806598,0.146779290348384
6.6488156215360705,0.0005761072635362685,0.0010355764047806598,0.14673520497863304
6.649616108094121,-0.0004744497454745311,0.0010355764047806598,0.1466911481887117
6.650416592583056,-0.0009356332678236712,0.0010355764047806598,0.1466471241366244
6.651217075006048,-0.0010636343552631045,0.0010355764047806598,0.1466036420018637
6.652017555366268,-0.0008420689425980843,0.0010355764047806598,0.14656138694131915
6.652818033666886,-0.0009857638527243084,0.0010355764047806598,0.14651788390596582
6.653618509911072,-0.0009538073801579061,0.0010355764047806598,0.14647307785243552
6.654418984102,-0.0003794779150742833,0.0010355764047806598,0.14642686447215283
6.655219456242837,-0.0002935233191722897,0.0010355764047806598,0.1463812551737096
6.656019926336757,0.000353140828526749,0.0010355764047806598,0.14633555091190775
6.656820394386931,0.0031109162016416114,0.0010355764047806598,0.14628975590758428
6.657620860396529,0.006271536724344717,0.0010355764047806598,0.14624387437064998
6.658421324368722,0.01038049877801095,0.0010355764047806598,0.14619791050008923
6.65922178630668,0.009682392895274977,0.0010355764047806598,0.1461518684839606
6.660022246213575,0.0062538584119331275,0.0010355764047806598,0.14611030208498538
6.6608227040925785,0.0017792385512946374,0.0010355764047806598,0.1460695574520597
6.661623159946862,0.0012146734206514853,0.0010355764047806598,0.14602898096201636
6.662423613779594,0.000779858633509517,0.0010355764047806598,0.14598857887841962
6.6632240655939485,0.003084216968187281,0.0010355764047806598,0.1459483574547343
6.664024515393094,0.004080224866111842,0.0010355764047806598,0.1459083229343259
6.664824963180202,0.0027658426790512225,0.0010355764047806598,0.14586848155046073
6.665625408958444,0.00041141897932997495,0.0010355764047806598,0.1458288395263061
6.666425852730992,-0.0003558039279344394,0.0010355764047806598,0.14579091049238505
6.667226294501014,-0.0006064135133735937,0.0010355764047806598,0.14575285425157083
6.668026734271684,-0.00018471965951727398,0.0010355764047806598,0.14571465981351822
6.668827172046171,0.00018566472197506512,0.0010355764047806598,0.14567631602132053
6.669627607827647,0.00124825747457738,0.0010355764047806598,0.14563781155151204
6.670428041619283,0.004170192133891526,0.0010355764047806598,0.14560028021784088
6.67122847342425,0.006904755594180106,0.0010355764047806598,0.14556478313001672
6.672028903245718,0.007489241537774222,0.0010355764047806598,0.14553126457903787
6.672829331086859,0.004548724513338126,0.0010355764047806598,0.1455016601145945
6.673629756950843,0.0025301348287698755,0.0010355764047806598,0.14546810873775212
6.674430180840843,0.000607029612971044,0.0010355764047806598,0.1454344177390144
6.675230602760028,0.0006287809421703094,0.0010355764047806598,0.1453856068238486
6.67603102271157,0.0005288294997891352,0.0010355764047806598,0.1453388213914821
6.6768314406986375,-0.0003394411123020802,0.0010355764047806598,0.14529195034403472
6.677631856724405,-0.00013260572189369157,0.0010355764047806598,0.14525471411395843
6.678432270792042,-0.0005067081227305426,0.0010355764047806598,0.14521734337888523
6.679232682904719,-0.0008331520787704105,0.0010355764047806598,0.1451842694316513
6.680033093065608,-0.0017492062083178384,0.0010355764047806598,0.14514954811740396
6.6808335012778794,0.0005315429339457223,0.0010355764047806598,0.14511740816918853
6.681633907544704,0.004507413798466503,0.0010355764047806598,0.1450841353005566
6.682434311869253,0.009807757510608167,0.0010355764047806598,0.14505222435060758
6.683234714254698,0.012295487879193934,0.0010355764047806598,0.14502166502775338
6.684035114704208,0.007352743381925014,0.0010355764047806598,0.14499244751852486
6.684835513220956,0.003531346123942264,0.0010355764047806598,0.1449645624875708
6.685635909808111,0.0031371416025828824,0.0010355764047806598,0.1449380010776565
6.686436304468847,0.0034499387518678593,0.0010355764047806598,0.1449127549096621
6.687236697206332,0.002968028609658946,0.0010355764047806598,0.14488492384563947
6.688037088023739,0.0020660070636801253,0.0010355764047806598,0.1448566129101852
6.688837476924238,0.0020188147739221285,0.0010355764047806598,0.1448285153973248
6.689637863911,0.001761748212839559,0.0010355764047806598,0.14479998919116485
6.6904382489871965,0.0008510151338398386,0.0010355764047806598,0.14476501002158437
6.691238632155997,-0.0006810864773887648,0.0010355764047806598,0.14472266706793901
6.692039013420575,-0.0018461722939536462,0.0010355764047806598,0.14467857337747064
6.6928393927841,-0.0017298875086403098,0.0010355764047806598,0.1446326644987287
6.693639770249741,-0.001842713895402831,0.0010355764047806598,0.1445831578830816
6.694440145820673,-0.0012493566539261425,0.0010355764047806598,0.14453226009162592
6.695240519500065,-0.0015093842139470848,0.0010355764047806598,0.14447686424737166
6.696040891291087,-0.0010921791906263467,0.0010355764047806598,0.14442876491017587
6.696841261196911,-0.0009582636637399944,0.0010355764047806598,0.1443788179388023
6.697641629220708,-0.0010798913793737541,0.0010355764047806598,0.1443316942336035
6.698441995365649,-0.0009079777578244741,0.0010355764047806598,0.1442818045280397
6.699242359634906,-0.0008015733687151694,0.0010355764047806598,0.14423312985007486
6.700042722031648,-0.0010778462170513148,0.0010355764047806598,0.14418546989351616
6.700843082559046,-0.0009463047321216222,0.0010355764047806598,0.14414037175189165
6.701643441220273,-0.0003528488016104059,0.0010355764047806598,0.14409795176703602
6.702443798018497,4.3951594693475426e-05,0.0010355764047806598,0.14405832722139253
6.703244152956892,0.0014080457992551865,0.0010355764047806598,0.14402161633800772
6.704044506038628,0.00480757895293038,0.0010355764047806598,0.1439879382805264
6.704844857266875,0.00579575253696879,0.0010355764047806598,0.14395419193766001
6.705645206644805,0.0058167293792672214,0.0010355764047806598,0.14392035708780676
6.7064455541755885,0.004921477588957779,0.0010355764047806598,0.14388641320586293
6.707245899862397,0.0053470894258387525,0.0010355764047806598,0.14385233946322531
6.7080462437084,0.004069342465014142,0.0010355764047806598,0.14381811472779227
6.708846585716771,0.001779238918129672,0.0010355764047806598,0.14378371756396627
6.709646925890678,0.0009257354116969374,0.0010355764047806598,0.1437491262326554
6.710447264233295,0.0035369901620348754,0.0010355764047806598,0.14371431869127552
6.71124760074779,0.007501327752516912,0.0010355764047806598,0.14367927259375174
6.7120479354373375,0.009862484018446194,0.0010355764047806598,0.14364339916837107
6.712848268305105,0.006743947065808081,0.0010355764047806598,0.14360670096411854
6.713648599354265,0.007426441324476396,0.0010355764047806598,0.14356917999773697
6.714448928587989,0.010300070452120141,0.0010355764047806598,0.14353243117084316
6.7152492560094466,0.01184869396806934,0.0010355764047806598,0.14349638365725492
6.71604958162181,0.009166625002693218,0.0010355764047806598,0.14346096674241846
6.71684990542825,0.004549853340115373,0.0010355764047806598,0.14342981255673287
6.717650227431936,0.0020524976503132897,0.0010355764047806598,0.14339888286102023
6.718450547636042,0.0007635370777691608,0.0010355764047806598,0.14336952426693228
6.719250866043737,0.001069559931084485,0.0010355764047806598,0.14333752894227528
6.7200511826581915,0.0010845410662971289,0.0010355764047806598,0.143306089071357
6.7208514974825775,0.002098621638580933,0.0010355764047806598,0.14327377527240004
6.721651810520066,0.002884825136082292,0.0010355764047806598,0.14324209923261744
6.722452121773826,0.004508831104051314,0.0010355764047806598,0.14321106174421924
6.723252431247032,0.005120582048201455,0.0010355764047806598,0.1431806635563125
6.724052738942853,0.002656998430990154,0.0010355764047806598,0.14315090537490166
6.724853044864459,0.0030262327180839155,0.0010355764047806598,0.1431217878628883
6.7256533490150225,0.002684077239793997,0.0010355764047806598,0.14309331164007122
6.726453651397716,0.0024003482751283334,0.0010355764047806598,0.14306547728314706
6.7272539520157055,0.0041357626962756355,0.0010355764047806598,0.1430382853257096
6.728054250872167,0.0072894158295948586,0.0010355764047806598,0.14301173625825064
6.728854547970268,0.007964982979329932,0.0010355764047806598,0.14298583052815947
6.729654843313182,0.005565449494782715,0.0010355764047806598,0.14296056853972341
6.730455136904079,0.001587807746855685,0.0010355764047806598,0.14293595065412765
6.731255428746129,0.0009499191280812613,0.0010355764047806598,0.1429119203277252
6.7320557188425045,0.0010849513271591338,0.0010355764047806598,0.1428893270960209
6.732856007196376,0.0006732718127339388,0.0010355764047806598,0.14286621809154545
6.733656293810913,0.0005312055108181446,0.0010355764047806598,0.142843459915364
6.734456578689289,-0.00010388271793770887,0.0010355764047806598,0.1428210666236126
6.735256861834674,0.0006582060522430655,0.0010355764047806598,0.14279670253810559
6.736057143250238,0.000642656452318674,0.0010355764047806598,0.14277401446715124
6.736857422939153,-4.480969863968065e-06,0.0010355764047806598,0.1427514963139746
6.73765770090459,0.0005064740187132599,0.0010355764047806598,0.14272915262203764
6.73845797714972,0.00019186026050671545,0.0010355764047806598,0.142706987690944
6.739258251677713,0.0007714679595228202,0.0010355764047806598,0.14268475826945673
6.74005852449174,0.001771231925387834,0.0010355764047806598,0.1426556991733312
6.740858795594974,0.0017528467193080877,0.0010355764047806598,0.14262352409440468
6.741659064990584,0.000716072296719994,0.0010355764047806598,0.14259052881829093
6.742459332681741,0.0006620389083306366,0.0010355764047806598,0.14255906541320545
6.743259598671617,0.00017927672095544023,0.0010355764047806598,0.14252670112762433
6.744059862963383,0.001184688549364571,0.0010355764047806598,0.14249458066334716
6.7448601255602085,0.0018202991743745955,0.0010355764047806598,0.14246675251336038
6.745660386465267,0.00151840351669838,0.0010355764047806598,0.1424400456730854
6.746460645681726,0.001973524938394172,0.0010355764047806598,0.1424182907894211
6.7472609032127595,0.0037038703144818552,0.0010355764047806598,0.1423969116029774
6.748061159061537,0.004442018248790869,0.0010355764047806598,0.1423758786044996
6.74886141323123,0.004441249671470748,0.0010355764047806598,0.1423551621669528
6.74966166572501,0.0038851747785036694,0.0010355764047806598,0.1423347325455222
6.750461916546047,0.004058902288047894,0.0010355764047806598,0.14231455987761327
6.751262165697511,0.002964279617901605,0.0010355764047806598,0.14229461418285225
6.752062413182577,0.002124351648489037,0.0010355764047806598,0.14227708049197058
6.75286265900441,0.001666890907518176,0.0010355764047806598,0.14225773958608526
6.753662903166186,0.0016836966952132049,0.0010355764047806598,0.14223682363512127
6.754463145671074,0.0026118248529763965,0.0010355764047806598,0.14221470011688414
6.755263386522246,0.0021262970555463723,0.0010355764047806598,0.14219139987824422
6.756063625722871,0.003290186670008244,0.0010355764047806598,0.1421696169954892
6.756863863276121,0.0016555588886113526,0.0010355764047806598,0.14214926096836916
6.757664099185168,0.0010144141599512102,0.0010355764047806598,0.14212851977850238
6.7584643334531815,0.001251653503500899,0.0010355764047806598,0.14211320009252443
6.759264566083333,0.00011480633580365773,0.0010355764047806598,0.1420978611842864
6.760064797078793,0.0007431390719945252,0.0010355764047806598,0.14208083113484546
6.760865026442734,-0.00025144208186952954,0.0010355764047806598,0.14206345037780052
6.761665254178326,-0.00042821298654410755,0.0010355764047806598,0.14204634418569984
6.762465480288739,-0.0009037827136518239,0.0010355764047806598,0.1420294757680052
6.7632657047771465,-0.0005856139416222095,0.0010355764047806598,0.14201280820960702
6.764065927646716,-0.0008479999537365224,0.0010355764047806598,0.1419963044708244
6.764866148900622,0.00014244888455766658,0.0010355764047806598,0.14197992738740567
6.765666368542033,0.0011317497421679812,0.0010355764047806598,0.14196363967052833
6.766466586574121,0.0019853183339337277,0.0010355764047806598,0.14194740390679964
6.767266803000057,0.00015800017038739012,0.0010355764047806598,0.14193118255825662
6.768067017823012,-0.00041327403976365584,0.0010355764047806598,0.1419168231752035
6.768867231046157,-0.0009973327683044375,0.0010355764047806598,0.14190040998137354
6.769667442672662,-0.0006899792712153074,0.0010355764047806598,0.1418821688971395
6.770467652705698,-0.0010070440096419941,0.0010355764047806598,0.14185795621785768
6.771267861148438,-0.0007652273447376345,0.0010355764047806598,0.1418342599482158
6.77206806800405,0.0063462421123180734,0.0010355764047806598,0.14181113155864622
6.772868273275709,0.008970872462624901,0.0010355764047806598,0.14178862278254661
6.7736684769665825,0.00893823431185628,0.0010355764047806598,0.1417667856162796
6.774468679079843,0.004995305453621979,0.0010355764047806598,0.14174567231917218
6.77526887961866,0.0018866325497888525,0.0010355764047806598,0.14172533541351523
6.776069078586206,-0.0015336616262545122,0.0010355764047806598,0.14170582768456286
6.776869275985652,-0.0010675278606603333,0.0010355764047806598,0.1416872021805319
6.777669471820168,-0.0012322051805797873,0.0010355764047806598,0.1416704257664887
6.778469666092926,-0.0015223801456598074,0.0010355764047806598,0.1416555108641202
6.779269858807097,-0.0017362435383321273,0.0010355764047806598,0.1416398601365545
6.78007004996585,-0.0010448457177477388,0.0010355764047806598,0.1416234423600413
6.780870239572358,-0.00019172719281917994,0.0010355764047806598,0.1416062259205773
6.781670427629791,0.0012587567078912176,0.0010355764047806598,0.1415881788139069
6.782470614141321,0.0021899638793302922,0.0010355764047806598,0.14156202007983168
6.7832707991101175,0.0008049213256126897,0.0010355764047806598,0.14153612064499835
6.784070982539354,0.0027452470602196133,0.0010355764047806598,0.14150892296179832
6.784871164432198,0.005836311047118736,0.0010355764047806598,0.1414851902361368
6.785671344791823,0.01256239844381793,0.0010355764047806598,0.1414592445210141
6.786471523621399,0.011959898774086292,0.0010355764047806598,0.14143566612568892
6.787271700924098,0.0073373757267460316,0.0010355764047806598,0.1414126297804995
6.788071876703089,0.002505675635542076,0.0010355764047806598,0.14138844689869623
6.788872050961545,0.0005125817373032582,0.0010355764047806598,0.14136617928625791
6.789672223702636,2.6381236983674672e-05,0.0010355764047806598,0.14134538332847252
6.790472394929533,0.0007111701527671987,0.0010355764047806598,0.1413234337296415
6.791272564645407,0.002219333603626944,0.0010355764047806598,0.14130299034245403
6.79207273285343,0.0072135601167896135,0.0010355764047806598,0.14128720484350493
6.79287289955677,0.009086240802559653,0.0010355764047806598,0.14127492387896406
6.793673064758601,0.009669868197841769,0.0010355764047806598,0.14126270207714237
6.794473228462094,0.0038176148819122346,0.0010355764047806598,0.14125057054097048
6.795273390670418,0.0033909494374095017,0.0010355764047806598,0.1412385603979286
6.796073551386745,0.0030485090615685884,0.0010355764047806598,0.14122670280004615
6.796873710614246,0.0014716617175434543,0.0010355764047806598,0.1412147176301338
6.797673868356092,0.0013398588323179916,0.0010355764047806598,0.14120262243680173
6.798474024615453,0.0015481374172521822,0.0010355764047806598,0.1411904346729469
6.7992741793955025,0.0016048125347493947,0.0010355764047806598,0.14117817169575306
6.80007433269941,0.0009167262385165464,0.0010355764047806598,0.14116585076669136
6.800874484530344,2.4387121653562938e-05,0.0010355764047806598,0.14115359490602164
6.801674634891479,0.0006263445366311016,0.0010355764047806598,0.14114141641542138
6.802474783785986,0.0009313713939958779,0.0010355764047806598,0.14113035890987413
6.803274931217033,0.0012996992274725006,0.0010355764047806598,0.14112001884139994
6.804075077187793,0.0011714822057895813,0.0010355764047806598,0.14111140643369888
6.804875221701438,0.00044247213214346215,0.0010355764047806598,0.1411004559599313
6.805675364761136,-0.0002075855928782011,0.0010355764047806598,0.14109031663375446
6.80647550637006,-0.0009375624031859875,0.0010355764047806598,0.14108096849207633
6.807275646531381,-0.0007750334050276031,0.0010355764047806598,0.1410733228930611
6.8080757852482705,-0.000800553214274663,0.0010355764047806598,0.1410649663611972
6.808875922523897,-0.00016930503336745617,0.0010355764047806598,0.141054516484573
6.8096760583614335,1.0960797044129444e-05,0.0010355764047806598,0.14104429266548096
6.81047619276405,0.00031039124651738303,0.0010355764047806598,0.14103430352848995
6.811276325734919,0.0005850203122473863,0.0010355764047806598,0.14102455767779248
6.812076457277209,0.00173032317090685,0.0010355764047806598,0.14101506369720515
6.812876587394094,0.0035319661291826066,0.0010355764047806598,0.1410058301501681
6.813676716088743,0.0052427366754567994,0.0010355764047806598,0.1409968655797454
6.814476843364328,0.005246659469541726,0.0010355764047806598,0.14098817850862483
6.815276969224018,0.0035791827655900776,0.0010355764047806598,0.1409800247628772
6.816077093670986,0.002217498503973292,0.0010355764047806598,0.14097235612815154
6.816877216708402,0.001789439767322848,0.0010355764047806598,0.14096516802696635
6.817677338339439,0.0021224902142789326,0.0010355764047806598,0.14095895059033772
6.818477458567264,0.0014559963952237576,0.0010355764047806598,0.1409536770826738
6.819277577395051,0.0005715999424003859,0.0010355764047806598,0.14094932103020316
6.8200776948259705,0.00013303483790932935,0.0010355764047806598,0.14094585622097447
6.820877810863194,0.00012220565720383325,0.0010355764047806598,0.14094325670485605
6.82167792550989,-1.9328437676047194e-05,0.0010355764047806598,0.14094149679353515
6.822478038769232,0.000135955387593506,0.0010355764047806598,0.14093702175167425
6.82327815064439,0.0011662514236342736,0.0010355764047806598,0.1409295367827792
6.824078261138535,0.0031272786258006446,0.0010355764047806598,0.1409227195413684
6.824878370254838,0.006049633116385317,0.0010355764047806598,0.1409113651337213
6.825678477996471,0.008882224692075197,0.0010355764047806598,0.14090480930008548
6.826478584366603,0.00806976695459119,0.0010355764047806598,0.14089842207976053
6.8272786893684065,0.006063757483957988,0.0010355764047806598,0.14088751158523727
6.828078793005052,0.003282433959978237,0.0010355764047806598,0.14087992625374512
6.82887889527971,0.0012752926388114594,0.0010355764047806598,0.14087019900326847
6.829678996195552,0.0011024298781830977,0.0010355764047806598,0.14086031966137963
6.8304790957557495,0.00048024599423804326,0.0010355764047806598,0.1408502917884372
6.831279193963472,0.0006554664948164313,0.0010355764047806598,0.14084011883387915
6.832079290821892,0.0011569589926932189,0.0010355764047806598,0.14082980413622342
6.83287938633418,0.0011567630626634073,0.0010355764047806598,0.1408202089283191
6.833679480503506,0.0012559055319350254,0.0010355764047806598,0.14081129767689957
6.834479573333042,0.001199841094860682,0.0010355764047806598,0.14080285080284363
6.8352796648259595,0.0019798845542594312,0.0010355764047806598,0.14079484607759402
6.836079754985429,0.0025242694449899017,0.0010355764047806598,0.14078726143298897
6.8368798438146205,0.003321970499287452,0.0010355764047806598,0.14078007496126205
6.837679931316706,0.004285127853214887,0.0010355764047806598,0.14077302905117298
6.838480017494856,0.003447860091722682,0.0010355764047806598,0.1407661127405293
6.839280102352242,0.0025947222724432284,0.0010355764047806598,0.1407580134057691
6.840080185892034,0.001338468626116751,0.0010355764047806598,0.14074877885278025
6.840880268117403,0.0001355212846189946,0.0010355764047806598,0.14073992723625703
6.841680349031522,-0.0002470776049651735,0.0010355764047806598,0.14073109573772669
6.84248042863756,-2.494466181057753e-06,0.0010355764047806598,0.140722280591355
6.843280506938688,0.0002112735904023222,0.0010355764047806598,0.14071710347867358
6.844080583938078,0.0013963201852406348,0.0010355764047806598,0.14071153312787135
6.844880659638901,0.001109791718692299,0.0010355764047806598,0.14070557797575226
6.845680734044327,0.0007070365563903447,0.0010355764047806598,0.14069924635730224
6.846480807157527,5.586825262723916e-05,0.0010355764047806598,0.14069254650569007
6.847280878981674,-0.0001232239062153584,0.0010355764047806598,0.14068548655226673
6.848080949519935,-0.0005095946421266595,0.0010355764047806598,0.1406780745265665
6.848881018775485,0.0005635039266905784,0.0010355764047806598,0.1406703183563062
6.849681086751493,0.00028346946564541953,0.0010355764047806598,0.14066222586738586
6.85048115345113,0.0003305522348887313,0.0010355764047806598,0.1406526074271632
6.851281218877567,0.002050809321717556,0.0010355764047806598,0.14064141814470046
6.852081283033976,0.0036545846731877996,0.0010355764047806598,0.14062865654175238
6.852881345923527,0.0037324462781962997,0.0010355764047806598,0.14061224348966903
6.8536814075493915,0.0027787681303437506,0.0010355764047806598,0.14059745669589582
6.85448146791474,0.0017629270613999382,0.0010355764047806598,0.14058044225233965
6.8552815270227425,0.0037981940825154714,0.0010355764047806598,0.14056363204166772
6.856081584876573,0.007742466381522317,0.0010355764047806598,0.14054773780481677
6.8568816414794,0.01191104533242665,0.0010355764047806598,0.14053275686354708
6.857681696834394,0.010097530245039066,0.0010355764047806598,0.14051868701353307
6.858481750944728,0.004740317086464607,0.0010355764047806598,0.1405036780107125
6.859281803813572,0.0005217816755119509,0.0010355764047806598,0.14048323468747845
6.860081855444098,-0.00019832720492077294,0.0010355764047806598,0.1404657059766318
6.8608819058394745,0.0008239365826081535,0.0010355764047806598,0.140446831630388
6.861681955002875,0.006752350581746697,0.0010355764047806598,0.14043027397985547
6.862482002937469,0.014138609813218267,0.0010355764047806598,0.140413543660127
6.863282049646427,0.020565593010052285,0.0010355764047806598,0.14039417187244194
6.864082095132923,0.021321844764045944,0.0010355764047806598,0.14037191693622234
6.864882139400124,0.01779643962972982,0.0010355764047806598,0.14034572535671863
6.865682182451204,0.013507343648769904,0.0010355764047806598,0.14031825992059443
6.8664822242893315,0.00753083168026894,0.0010355764047806598,0.14028947552767035
6.86728226491768,0.0030546264824024005,0.0010355764047806598,0.14026339587779968
6.86808230433942,-2.3252155142095e-05,0.0010355764047806598,0.14023586657378811
6.86888234255772,0.0013219331388543698,0.0010355764047806598,0.14020599079855814
6.869682379575753,0.0026380361752749437,0.0010355764047806598,0.14017419221068617
6.87048241539669,0.004192100735272597,0.0010355764047806598,0.14014656634398584
6.871282450023703,0.004392943811562661,0.0010355764047806598,0.14012441029359746
6.87208248345996,0.00327094970415287,0.0010355764047806598,0.14010229749199254
6.872882515708634,0.00225722845082596,0.0010355764047806598,0.14008023139118295
6.873682546772896,0.002721643331521334,0.0010355764047806598,0.1400582155095551
6.874482576655916,0.0031825153212182156,0.0010355764047806598,0.14003625343186932
6.875282605360867,0.004181784805314476,0.0010355764047806598,0.14001434880926011
6.876082632890917,0.0029799957079224004,0.0010355764047806598,0.13999250535923605
6.876882659249239,0.0010321041045407986,0.0010355764047806598,0.13997120025964935
6.877682684439003,0.0002917199938637649,0.0010355764047806598,0.13995041603622216
6.878482708463381,0.0013120765741317375,0.0010355764047806598,0.13993415808548224
6.879282731325543,0.0014231344465899243,0.0010355764047806598,0.13991366855604778
6.8800827530286615,0.0016280924672397723,0.0010355764047806598,0.13989204086022874
6.880882773575905,0.0010883966041065896,0.0010355764047806598,0.1398701308101076
6.881682792970448,-0.000453337208502963,0.0010355764047806598,0.13984794660055713
6.882482811215458,-0.0006070653324654618,0.0010355764047806598,0.13982549636785513
6.883282828314107,0.0005511249509204119,0.0010355764047806598,0.13980278818968486
6.8840828442695665,0.001141573272841867,0.0010355764047806598,0.13978439565446962
6.884882859085007,0.0022587207550279487,0.0010355764047806598,0.13976272759194336
6.8856828727636,0.006850323697024513,0.0010355764047806598,0.13974047804926815
6.886482885308517,0.008579919926869434,0.0010355764047806598,0.1397176677786554
6.887282896722928,0.00644872332554991,0.0010355764047806598,0.13969431736423266
6.888082907010003,0.0018330041074866854,0.0010355764047806598,0.13967044722204375
6.888882916172915,0.0002213123162072006,0.0010355764047806598,0.13964607760004863
6.889682924214834,-0.00016818568733781292,0.0010355764047806598,0.13962122857812428
6.890482931138932,3.6178899832345346e-05,0.0010355764047806598,0.13959701213477202
6.891282936948378,-0.00010069192614456379,0.0010355764047806598,0.13957339882047173
6.892082941646344,-0.0002266017176221491,0.0010355764047806598,0.13955095131071327
6.892882945236002,-0.00029703391863503126,0.0010355764047806598,0.13952966665961403
6.893682947720521,-0.0005262209334064571,0.0010355764047806598,0.13950954242310826
6.894482949103073,-0.00014101986206641048,0.0010355764047806598,0.13948891082255901
6.895282949386829,0.00023769133146167576,0.0010355764047806598,0.13946769735756562
6.896082948574961,-0.00029876993504282523,0.0010355764047806598,0.13944582738594147
6.8968829466706385,-0.0005155223199327652,0.0010355764047806598,0.13941935510472886
6.897682943677031,-0.0003727694924022251,0.0010355764047806598,0.1393941308569602
6.898482939597313,-1.1044422027345346e-05,0.0010355764047806598,0.1393688890088683
6.899282934434655,0.0010913022306242581,0.0010355764047806598,0.13934713703089813
6.900082928192226,0.0013337272289091484,0.0010355764047806598,0.13932137087039476
6.9008829208731965,0.0007309270235976162,0.0010355764047806598,0.13929980599736771
6.90168291248074,0.0009311247695594216,0.0010355764047806598,0.139278049876723
6.902482903018026,0.0005443044917196604,0.0010355764047806598,0.13925610443275088
6.9032828924882255,0.0012011336495943992,0.0010355764047806598,0.13923397156171002
6.90408288089451,0.002795215495725506,0.0010355764047806598,0.1392116531318274
6.90488286824005,0.0057206018734233255,0.0010355764047806598,0.13918915098329837
6.905682854528017,0.008849727382376743,0.0010355764047806598,0.13916646692828696
6.906482839761582,0.008332309956553124,0.0010355764047806598,0.13914360275092538
6.907282823943914,0.006299183530422581,0.0010355764047806598,0.1391205602073147
6.908082807078187,0.0032896281978185837,0.0010355764047806598,0.1390971536010973
6.90888278916757,0.004838334092298335,0.0010355764047806598,0.13907339307501473
6.909682770215234,0.0033108446374146283,0.0010355764047806598,0.1390492886680511
6.910482750224351,0.0007897166514735099,0.0010355764047806598,0.1390248503154335
6.911282729198092,-0.0004793817997020833,0.0010355764047806598,0.1390001472946733
6.912082707139627,0.00010671876121468027,0.0010355764047806598,0.13897430675991967
6.912882684052128,0.00019594409121387324,0.0010355764047806598,0.13895100877628566
6.913682659938765,-1.3333887506516984e-05,0.0010355764047806598,0.13892938523077084
6.914482634802709,0.00033140645105547706,0.0010355764047806598,0.1389128633008737
6.915282608647131,9.074437649780887e-05,0.0010355764047806598,0.1388976762950649
6.916082581475203,7.674968876300592e-05,0.0010355764047806598,0.13888374025402517
6.916882553290096,0.00012349983097975636,0.0010355764047806598,0.13886737121664072
6.91768252409498,0.0008693032773585962,0.0010355764047806598,0.13885066436375476
6.918482493893025,0.003439665360568195,0.0010355764047806598,0.1388336513542322
6.919282462687404,0.006653791346294041,0.0010355764047806598,0.1388163638360059
6.920082430481288,0.007338657244104957,0.0010355764047806598,0.13879883344607646
6.920882397277847,0.003860754708290337,0.0010355764047806598,0.1387810918105122
6.921682363080252,0.0019398042981748909,0.0010355764047806598,0.13876301205022176
6.9224823278916725,0.00031605991066988026,0.0010355764047806598,0.13874461881817507
6.9232822917152825,8.151576438358843e-05,0.0010355764047806598,0.13872593669517436
6.924082254554252,0.0007809626619199872,0.0010355764047806598,0.13870699018985425
6.924882216411752,0.0005423363900383393,0.0010355764047806598,0.13868743443105433
6.925682177290952,0.0002463073836094787,0.0010355764047806598,0.138667277585988
6.926482137195024,-0.00018124722766732493,0.0010355764047806598,0.13864652760701582
6.927282096127139,0.0002972693578688901,0.0010355764047806598,0.13862460672185203
6.928082054090469,-0.0002382549196785766,0.0010355764047806598,0.13860480267547454
6.928882011088183,0.0005964363179301324,0.0010355764047806598,0.13858582433414351
6.929681967123453,0.00010299896254470364,0.0010355764047806598,0.13856412955590144
6.9304819221994505,5.098500725314592e-05,0.0010355764047806598,0.13854084321908364
6.9312818763193444,0.0003753605722586484,0.0010355764047806598,0.13851722306163128
6.932081829486308,5.5633783688335825e-05,0.0010355764047806598,0.13849094911474066
6.932881781703513,-0.0004982963844779587,0.0010355764047806598,0.13846619059975315
6.933681732974127,0.0008064931629586658,0.0010355764047806598,0.13844284291208675
6.934481683301323,0.0011368644223014868,0.0010355764047806598,0.13842064324569758
6.935281632688272,0.001132859066671682,0.0010355764047806598,0.1383999523169083
6.936081581138144,0.0030311437553814657,0.0010355764047806598,0.13837803098164134
6.936881528654112,0.0036949189664087223,0.0010355764047806598,0.13835480348722273
6.937681475239346,0.00332510709127537,0.0010355764047806598,0.13833062387172387
6.938481420897015,0.0021947499504680335,0.0010355764047806598,0.13830401898069866
6.9392813656302925,0.0014949570788467814,0.0010355764047806598,0.1382820983835925
6.940081309442349,0.0012498720272168251,0.0010355764047806598,0.13826511225283925
6.940881252336355,0.001379781191822721,0.0010355764047806598,0.1382488751761087
6.941681194315481,0.0013534666347009283,0.0010355764047806598,0.13822919484548252
6.942481135382899,0.001021249293060661,0.0010355764047806598,0.13821001649548778
6.943281075541779,0.0011286038597126402,0.0010355764047806598,0.13819056478483882
6.944081014795294,-7.018596829333479e-06,0.0010355764047806598,0.13817082754132193
6.944880953146611,9.021807183373642e-06,0.0010355764047806598,0.1381507925228736
6.945680890598904,0.00037442368168824625,0.0010355764047806598,0.1381304474175797
6.946480827155345,0.00029453827262287957,0.0010355764047806598,0.1381097798436765
6.947280762819103,-0.00025559315540985006,0.0010355764047806598,0.13808877734955022
6.9480806975933485,0.00030918753987307923,0.0010355764047806598,0.13806742741373698
6.948880631481255,0.0012318145449660145,0.0010355764047806598,0.13804571744492344
6.94968056448599,0.0028672925995985865,0.0010355764047806598,0.13802363478194615
6.9504804966107265,0.0026277750937714894,0.0010355764047806598,0.1380046551233231
6.951280427858636,0.0011529543820339716,0.0010355764047806598,0.13798357306094455
6.952080358232888,-0.0005545787375749456,0.0010355764047806598,0.1379604966297877
6.952880287736655,-0.00035929119270647347,0.0010355764047806598,0.13793553316004406
6.953680216373107,-0.00012509413178654616,0.0010355764047806598,0.13791096677109743
6.954480144145415,0.0002741607355190301,0.0010355764047806598,0.1378868052968694
6.955280071056751,0.0011206363704326094,0.0010355764047806598,0.1378630567462579
6.956079997110285,0.0005460298132730634,0.0010355764047806598,0.1378397293031366
6.956879922309187,0.0020069423549198273,0.0010355764047806598,0.13781683132635533
6.95767984665663,0.0071157339641214346,0.0010355764047806598,0.13779341627570882
6.958479770155783,0.012440902743666354,0.0010355764047806598,0.13776945097222665
6.959279692809819,0.018744105151568713,0.0010355764047806598,0.13774572019761258
6.9600796146219075,0.022523334447754534,0.0010355764047806598,0.13772222626758088
6.96087953559522,0.02133461669790712,0.0010355764047806598,0.13769897161992073
6.961679455732929,0.01616618679125112,0.0010355764047806598,0.13767378422016335
6.962479375038202,0.009201676068915643,0.0010355764047806598,0.13764863690300932
6.963279293514213,0.004292068008509425,0.0010355764047806598,0.1376235452155875
6.964079211164131,0.00300570174806436,0.0010355764047806598,0.13759852470492653
6.964879127991129,0.0032317455519423888,0.0010355764047806598,0.13757376193784937
6.965679043998376,0.0032050341789340298,0.0010355764047806598,0.1375492647574858
6.966478959189044,0.0015863740181236985,0.0010355764047806598,0.13752504107596109
6.967278873566304,0.00016052697863686016,0.0010355764047806598,0.13750109887439604
6.968078787133327,-0.0005280560661314604,0.0010355764047806598,0.13747795926200104
6.968878699893283,9.165742910835495e-05,0.0010355764047806598,0.13745939512917627
6.969678611849344,0.0001930769242428909,0.0010355764047806598,0.13743377700640497
6.970478523004681,0.0007143814213823596,0.0010355764047806598,0.13740695172515993
6.971278433362464,0.0006755109859835351,0.0010355764047806598,0.13737888629599737
6.972078342925865,0.0012787440819150009,0.0010355764047806598,0.13734954724737583
6.972878251698055,0.00034043336384476097,0.0010355764047806598,0.13732004462333794
6.973678159682205,-0.00032304259177923234,0.0010355764047806598,0.13729166695129572
6.974478066881485,0.00014638518995735428,0.0010355764047806598,0.13726438466048074
6.975277973299066,0.0011923702251032953,0.0010355764047806598,0.13723816869365488
6.976077878938121,0.004122894315768372,0.0010355764047806598,0.1372111618948102
6.976877783801819,0.006495787264846814,0.0010355764047806598,0.1371841222172069
6.977677687893331,0.006474292692570882,0.0010355764047806598,0.1371578512079838
6.978477591215828,0.0038129818815797745,0.0010355764047806598,0.13712989274469706
6.979277493772482,0.0013831386224346653,0.0010355764047806598,0.13710134391488976
6.980077395566464,0.000688299065036202,0.0010355764047806598,0.13707225691938532
6.980877296600943,0.0018269115741367525,0.0010355764047806598,0.1370449803190777
6.981677196879093,0.001457017951055628,0.0010355764047806598,0.13702078859121072
6.982477096404082,0.002780737054273452,0.0010355764047806598,0.1369925920475229
6.983276995179083,0.003908239767343669,0.0010355764047806598,0.13696264346779485
6.984076893207266,0.0035075382186912085,0.0010355764047806598,0.13693053212799663
6.9848767904918025,0.0027376469948141025,0.0010355764047806598,0.13690144249975172
6.9856766870358635,0.002677395943269434,0.0010355764047806598,0.13687229885284888
6.98647658284262,0.0019606126412676506,0.0010355764047806598,0.13684305706614275
6.987276477915241,0.0004524652094550219,0.0010355764047806598,0.1368126995973319
6.9880763722569,-0.0003637923602451132,0.0010355764047806598,0.1367815538159534
6.988876265870768,-0.00031146894688899307,0.0010355764047806598,0.1367528330215638
6.989676158760015,0.00045143417086188076,0.0010355764047806598,0.13672433190166647
6.990476050927811,0.00012153637580222809,0.0010355764047806598,0.1366960555059326
6.991275942377329,0.0009141525318374644,0.0010355764047806598,0.13666800894491798
6.992075833111739,0.0030059973874151658,0.0010355764047806598,0.13664019739006242
6.992875723134212,0.0043753212427665444,0.0010355764047806598,0.13661262607369035
6.99367561244792,0.0036319752840661135,0.0010355764047806598,0.1365853002890103
6.994475501056031,0.0025238576386737155,0.0010355764047806598,0.13655822539011506
6.995275388961719,0.0015766039283193478,0.0010355764047806598,0.13653114822759604
6.9960752761681535,0.0010317948379632014,0.0010355764047806598,0.13650406293711295
6.996875162678506,0.00024860779907409647,0.0010355764047806598,0.13647696361530656
6.997675048495948,0.0006556916513079103,0.0010355764047806598,0.13644932719204975
6.998474933623649,0.0006611225322780689,0.0010355764047806598,0.136421125005582
6.999274818064782,0.0011681220727622343,0.0010355764047806598,0.13639232815531888
7.000074701822516,0.003349842470562553,0.0010355764047806598,0.1363629075018524
7.000874584900023,0.004710098451934902,0.0010355764047806598,0.13633283366695081
7.001674467300473,0.004888952074270397,0.0010355764047806598,0.13630207703355943
7.00247434902704,0.001971639667940228,0.0010355764047806598,0.13627521948262789
7.00327423008289,9.126420967273119e-05,0.0010355764047806598,0.13625016540385698
7.004074110471198,-0.000660885081057605,0.0010355764047806598,0.13622486787848886
7.004873990195134,-0.0008686878986526314,0.0010355764047806598,0.13620103566208558
7.005673869257867,-0.0010724698095970764,0.0010355764047806598,0.13617905342824163
7.006473747662572,-0.0007159452789546605,0.0010355764047806598,0.1361551665158446
7.007273625412416,0.0008764531019281596,0.0010355764047806598,0.13613094714182988
7.008073502510571,0.0012374337037691086,0.0010355764047806598,0.13610630218527353
7.00887337896021,0.002042892285865988,0.0010355764047806598,0.1360812714152307
7.009673254764502,0.0032706214422071056,0.0010355764047806598,0.13605675541431503
7.010473129926619,0.0024752907426768556,0.0010355764047806598,0.13603275482816152
7.0112730044497305,0.0015950218257497761,0.0010355764047806598,0.1360092704802196
7.012072878337009,0.0012564946390874188,0.0010355764047806598,0.13598630337175266
7.012872751591625,0.0010630085618673901,0.0010355764047806598,0.13596326716384716
7.01367262421675,0.001163171724718165,0.0010355764047806598,0.13594118087202314
7.014472496215553,0.0011743541683163772,0.0010355764047806598,0.1359174043303669
7.015272367591208,0.00018182759813870075,0.0010355764047806598,0.1358919739974587
7.016072238346882,-6.768070168647333e-05,0.0010355764047806598,0.13586568598312013
7.01687210848575,7.916712665814729e-05,0.0010355764047806598,0.13583854121512312
7.0176719780109815,-0.000273205714725111,0.0010355764047806598,0.13581154716305685
7.018471846925746,-0.0004450249206884582,0.0010355764047806598,0.13578468065300994
7.019271715233217,-8.713911345120673e-05,0.0010355764047806598,0.13576231747628156
7.0200715829365645,0.003322924595112048,0.0010355764047806598,0.1357387502595493
7.020871450038958,0.008194827228774348,0.0010355764047806598,0.13571384663770314
7.0216713165435705,0.011266273245818387,0.0010355764047806598,0.13568799562787898
7.022471182453572,0.010974291115097706,0.0010355764047806598,0.13566249349683596
7.023271047772132,0.008282947876154634,0.0010355764047806598,0.13563353844310555
7.024070912502425,0.0053227912892877816,0.0010355764047806598,0.1356052218654369
7.02487077664762,0.002371492758323851,0.0010355764047806598,0.13557665959018053
7.025670640210887,0.001551566102850871,0.0010355764047806598,0.13554787899684906
7.026470503195398,0.0006249704304074066,0.0010355764047806598,0.13551890741315112
7.027270365604325,0.00048193713546801353,0.0010355764047806598,0.13549055388057452
7.028070227440837,8.817327119262086e-05,0.0010355764047806598,0.13546281040834132
7.028870088708107,-0.00022900930344782466,0.0010355764047806598,0.13543566926970907
7.029669949409304,-0.0005809842282143429,0.0010355764047806598,0.1354091230019703
7.030469809547601,-0.000655767413203806,0.0010355764047806598,0.13538316440645254
7.031269669126167,-0.00018999752115619883,0.0010355764047806598,0.1353577865485178
7.032069528148174,-0.00031028559552789825,0.0010355764047806598,0.13533298275756275
7.0328693866167935,0.0002419151345294801,0.0010355764047806598,0.135307633385118
7.0336692445351945,0.0004796572245812647,0.0010355764047806598,0.13528178243495154
7.03446910190655,0.0005530445232515002,0.0010355764047806598,0.13525547372510888
7.035268958734031,0.00045425941877996756,0.0010355764047806598,0.135228628276373
7.036068815020807,0.0016254580826865483,0.0010355764047806598,0.13520178890673276
7.036868670770049,0.0013866206899103561,0.0010355764047806598,0.13517490715893232
7.03766852598493,0.0005332060930383908,0.0010355764047806598,0.1351484096989449
7.038468380668619,0.00017691149688972563,0.0010355764047806598,0.13512640624821975
7.039268234824288,-0.00038016780967803365,0.0010355764047806598,0.13510481585506023
7.040068088455107,-0.0009244767286136768,0.0010355764047806598,0.13508095865141462
7.040867941564248,6.093493216022261e-05,0.0010355764047806598,0.13505360595186724
7.041667794154882,0.0007246160016821934,0.0010355764047806598,0.13502469756692945
7.042467646230179,0.0034002436712666784,0.0010355764047806598,0.1349943210877942
7.04326749779331,0.009462793937446146,0.0010355764047806598,0.13496491996022217
7.044067348847447,0.01528274138637764,0.0010355764047806598,0.13493682973022728
7.04486719939576,0.019787246002175907,0.0010355764047806598,0.13491125800870946
7.0456670494414215,0.014726719505874591,0.0010355764047806598,0.1348857621140005
7.046466898987601,0.010337071599969633,0.0010355764047806598,0.13486034794218427
7.04726674803747,0.005823294785859773,0.0010355764047806598,0.1348350213527951
7.048066596594199,0.0031834224379608256,0.0010355764047806598,0.13481054077952367
7.04886644466096,0.0015879015277361352,0.0010355764047806598,0.13478687810729506
7.049666292240922,0.0009091996655583301,0.0010355764047806598,0.1347640054885419
7.050466139337258,-0.00015395804742535102,0.0010355764047806598,0.13474189534320372
7.0512659859531395,0.00015918932607011937,0.0010355764047806598,0.13471840026527387
7.052065832091734,0.0007111140376136471,0.0010355764047806598,0.13469358870973502
7.052865677756216,0.003972382929424589,0.0010355764047806598,0.1346694092379951
7.053665522949755,0.00872622399950565,0.0010355764047806598,0.13464584441072255
7.054465367675523,0.013910434407732764,0.0010355764047806598,0.13462287695937472
7.05526521193669,0.011899042737644777,0.0010355764047806598,0.1346004897861987
7.0560650557364255,0.007702456372071204,0.0010355764047806598,0.13457866596423038
7.056864899077903,0.0031548840871642447,0.0010355764047806598,0.13455689382802555
7.0576647419642935,0.00015258962514461127,0.0010355764047806598,0.13453513508615483
7.058464584398766,-0.00068460734488765,0.0010355764047806598,0.13450914598969732
7.059264426384493,0.0002129988608220168,0.0010355764047806598,0.13448765248078223
7.060064267924645,0.004255667214629888,0.0010355764047806598,0.1344672417725054
7.0608641090223925,0.007123093369325789,0.0010355764047806598,0.13444468774791202
7.0616639496809075,0.008061362103789937,0.0010355764047806598,0.13442159562564773
7.062463789903361,0.004833698762591848,0.0010355764047806598,0.13439821414886413
7.063263629692922,0.0022107793977295676,0.0010355764047806598,0.13437458456899906
7.064063469052764,0.0004351934088159537,0.0010355764047806598,0.13434676860242742
7.064863307986056,-0.00025654351845197376,0.0010355764047806598,0.13432229152088904
7.065663146495971,-0.00012128512669196123,0.0010355764047806598,0.13429861326670944
7.0664629845856775,-9.476167259095392e-05,0.0010355764047806598,0.13427575093887484
7.067262822258349,-0.00018857261722113328,0.0010355764047806598,0.13425372187559972
7.068062659517154,9.03560678064963e-05,0.0010355764047806598,0.13423373424294047
7.0688624963652655,0.000624302994274295,0.0010355764047806598,0.13421422296229135
7.069662332805854,0.0003396543636974836,0.0010355764047806598,0.13419578766242568
7.0704621688420906,9.460491127896709e-05,0.0010355764047806598,0.13417729505011622
7.071262004477145,-0.0003552569229896274,0.0010355764047806598,0.1341587037897414
7.072061839714189,9.849382904833504e-05,0.0010355764047806598,0.1341399724355365
7.0728616745563935,0.0002811963990684285,0.0010355764047806598,0.13412105943159322
7.0736615090069295,0.0003675886296348463,0.0010355764047806598,0.13410192311186056
7.074461343068968,0.0005255607238502102,0.0010355764047806598,0.13408252170014412
7.0752611767456814,0.000878560211519358,0.0010355764047806598,0.13406281331010675
7.076061010040238,0.0005737908867101404,0.0010355764047806598,0.1340427559452681
7.076860842955811,7.680601285825484e-05,0.0010355764047806598,0.13402230749900507
7.07766067549557,0.0003187041772161614,0.0010355764047806598,0.1340014257545516
7.078460507662688,0.00046290111313657123,0.0010355764047806598,0.13397649719788657
7.0792603394603315,0.0005572087895440447,0.0010355764047806598,0.13395088119486726
7.080060170891676,0.0007931911883208853,0.0010355764047806598,0.13392947906538177
7.080860001959891,0.0020866504967523014,0.0010355764047806598,0.13390511229825708
7.081659832668148,0.003079816030010396,0.0010355764047806598,0.13388112467520635
7.082459663019616,0.0035936969862729873,0.0010355764047806598,0.13385751547561756
7.083259493017468,0.0049648327008770254,0.0010355764047806598,0.13383428404494732
7.084059322664874,0.007181561755839477,0.0010355764047806598,0.133811429794721
7.084859151965006,0.006796295669878938,0.0010355764047806598,0.13378895220253242
7.085658980921033,0.0048247359200284945,0.0010355764047806598,0.13376685081204387
7.086458809536128,0.0016087009656530205,0.0010355764047806598,0.13374533267127048
7.087258637813461,0.0005739315798192202,0.0010355764047806598,0.13372703680274722
7.088058465756204,0.0010198541768383362,0.0010355764047806598,0.1337069081231522
7.088858293367526,0.0009503756925339224,0.0010355764047806598,0.13368664308052683
7.089658120650599,0.0011848861701652669,0.0010355764047806598,0.13366833025078773
7.090457947608595,0.0021224462352912588,0.0010355764047806598,0.13365191675879468
7.091257774244684,0.003278032243109852,0.0010355764047806598,0.13363735042372318
7.092057600562036,0.0037644411756692087,0.0010355764047806598,0.13362324767969697
7.092857426563824,0.00340372228183064,0.0010355764047806598,0.13360636507557505
7.093657252253218,0.0014082352520052854,0.0010355764047806598,0.13358763858105666
7.094457077633389,-0.0002918348544605487,0.0010355764047806598,0.13356656234169198
7.095256902707507,-0.0005259359939094599,0.0010355764047806598,0.1335421432740945
7.096056727478746,-0.00025636263862141573,0.0010355764047806598,0.13351521198406616
7.096856551950272,9.033459316926118e-05,0.0010355764047806598,0.13348954980083846
7.097656376125261,7.671491329958036e-05,0.0010355764047806598,0.13346323446794023
7.098456200006881,0.0007517887765339515,0.0010355764047806598,0.13343724695583228
7.099256023598304,0.001645185132608834,0.0010355764047806598,0.13341159655558635
7.100055846902701,0.0016329360716576535,0.0010355764047806598,0.133386292743033
7.100855669923243,0.0007805281435450673,0.0010355764047806598,0.13336134517876105
7.101655492663101,-8.448659979040651e-05,0.0010355764047806598,0.1333367637081179
7.102455315125445,-0.00016528361236892164,0.0010355764047806598,0.13331255836120912
7.103255137313447,-0.0004107260341927599,0.0010355764047806598,0.1332887393528986
7.104054959230277,0.00023718279700599143,0.0010355764047806598,0.13326531708280842
7.104854780879108,0.0009824464617400053,0.0010355764047806598,0.1332423021353189
7.105654602263109,0.0023398118327617734,0.0010355764047806598,0.13321849817524584
7.106454423385451,0.0024328641446531296,0.0010355764047806598,0.13319620569244112
7.107254244249307,0.0010756770901901025,0.0010355764047806598,0.13317600114977365
7.108054064857845,-2.7917628546036966e-05,0.0010355764047806598,0.13315447460467858
7.108853885214239,-0.0005472973822368832,0.0010355764047806598,0.13313270103368338
7.109653705321658,0.00025208152877079226,0.0010355764047806598,0.13310779781112583
7.110453525183273,0.0001390044799416401,0.0010355764047806598,0.13308413120392185
7.111253344802256,0.0007959917846632747,0.0010355764047806598,0.13306050759727026
7.112053164181777,0.00047230541371615087,0.0010355764047806598,0.13303694027405844
7.112852983325007,1.4654056867680065e-05,0.0010355764047806598,0.13301373611956527
7.113652802235118,-6.258829774777319e-05,0.0010355764047806598,0.13299089512306714
7.114452620915281,0.000233360124358456,0.0010355764047806598,0.13296841735905693
7.115252439368666,0.002317631158416378,0.0010355764047806598,0.13294598754182255
7.116052257598444,0.004479106079053052,0.0010355764047806598,0.13292359208119378
7.116852075607786,0.008144206306541613,0.0010355764047806598,0.1329012173503285
7.117651893399864,0.0075644000377377285,0.0010355764047806598,0.13287884968571276
7.1184517109778485,0.005329984886320277,0.0010355764047806598,0.13285647538716044
7.119251528344909,0.0012524187071873694,0.0010355764047806598,0.13283209748286084
7.120051345504218,0.0009012385819637259,0.0010355764047806598,0.1328056170289333
7.120851162458947,0.0011573721785777535,0.0010355764047806598,0.132778805043978
7.121650979212267,-0.00032975749952338096,0.0010355764047806598,0.13275530985293182
7.122450795767346,0.00033999021472755353,0.0010355764047806598,0.13273126230008403
7.123250612127358,0.0008769672656484817,0.0010355764047806598,0.1327073735372645
7.124050428295473,0.0009714250565131533,0.0010355764047806598,0.13268362476938486
7.124850244274863,0.0009418192437739281,0.0010355764047806598,0.13265999731290679
7.125650060068697,0.0006868013364463021,0.0010355764047806598,0.13263724678846828
7.126449875680148,-5.4584895513298815e-05,0.0010355764047806598,0.13261300447197535
7.127249691112384,-0.0002031989647584831,0.0010355764047806598,0.1325861758510392
7.12804950636858,-0.0006973603823551555,0.0010355764047806598,0.13256023992728339
7.128849321451904,-0.000577430108337329,0.0010355764047806598,0.1325329239246515
7.129649136365527,-0.0004175687845284215,0.0010355764047806598,0.13250582712259004
7.130448951112624,-6.621115421873158e-05,0.0010355764047806598,0.13247528216026072
7.13124876569636,-8.507476431690586e-06,0.0010355764047806598,0.13244879910927007
7.13204858011991,0.00024002939069317497,0.0010355764047806598,0.13242403854584936
7.132848394386443,0.00023301244882165117,0.0010355764047806598,0.1324010993818261
7.133648208499132,0.0002955047222114593,0.0010355764047806598,0.13237780484107192
7.134448022461146,0.0001360011529774885,0.0010355764047806598,0.13235415553422142
7.135247836275657,0.00038261935699615557,0.0010355764047806598,0.1323301519632999
7.136047649945835,0.0006934170119445304,0.0010355764047806598,0.13230579452172347
7.136847463474852,0.0005815336849861186,0.0010355764047806598,0.13228108349429876
7.137647276865879,0.0007436361477302367,0.0010355764047806598,0.13225601905722328
7.138447090122087,0.0011957043155704783,0.0010355764047806598,0.13223060127808522
7.139246903246647,0.0009362459891466279,0.0010355764047806598,0.13220354145842522
7.140046716242728,-0.0002055330820215917,0.0010355764047806598,0.1321761761513116
7.140846529113504,0.0003120846255335319,0.0010355764047806598,0.13214850502845282
7.141646341862144,0.0010866732184461603,0.0010355764047806598,0.13212280107645732
7.142446154491819,0.0015021836266519983,0.0010355764047806598,0.13209720616580828
7.1432459670057025,0.0016306385339689977,0.0010355764047806598,0.13207161653831584
7.144045779406961,0.0009124768742141687,0.0010355764047806598,0.1320460515892569
7.14484559169877,0.0023680645935406086,0.0010355764047806598,0.13202035188322947
7.145645403884297,0.0056966579634944725,0.0010355764047806598,0.1319945288976444
7.146445215966715,0.008201592729808999,0.0010355764047806598,0.13196859400273092
7.147245027949194,0.008400539719361416,0.0010355764047806598,0.1319425584615363
7.148044839834905,0.003866009688257621,0.0010355764047806598,0.13191589705279055
7.148844651627021,0.0010228669777814503,0.0010355764047806598,0.1318849031360921
7.149644463328711,-0.0003571995399342942,0.0010355764047806598,0.13186112462320596
7.150444274943145,4.386825209146128e-06,0.0010355764047806598,0.1318388930309943
7.151244086473496,0.0001379137299248323,0.0010355764047806598,0.13181666036614376
7.152043897922933,0.002236589454075205,0.0010355764047806598,0.13179445081790175
7.15284370929463,0.008156810459466118,0.0010355764047806598,0.131771045013421
7.153643520591756,0.013495446575988723,0.0010355764047806598,0.13174809845930247
7.154443331817482,0.01562859184450069,0.0010355764047806598,0.13172545195766333
7.155243142974978,0.009996924458130219,0.0010355764047806598,0.13170009560782853
7.156042954067418,0.004496591620541002,0.0010355764047806598,0.1316743571146313
7.156842765097969,0.0008719010346528167,0.0010355764047806598,0.13164884005174274
7.157642576069807,6.583589132708179e-05,0.0010355764047806598,0.13162273341962819
7.158442386986097,0.00010109590417911596,0.0010355764047806598,0.13159855969882522
7.1592421978500145,0.0007454648076797021,0.0010355764047806598,0.13157535396542538
7.160042008664729,0.001483609177598183,0.0010355764047806598,0.1315531509327499
7.160841819433411,0.0011322984030375238,0.0010355764047806598,0.13152946904802337
7.161641630159233,0.0009941292305423732,0.0010355764047806598,0.1315028366943116
7.162441440845364,0.0017052519015326173,0.0010355764047806598,0.1314799351056351
7.163241251494976,0.0046223796349847135,0.0010355764047806598,0.13145778638168087
7.16404106211124,0.005526037089085306,0.0010355764047806598,0.1314358109075835
7.164840872697328,0.003709708098178499,0.0010355764047806598,0.1314129688961453
7.165640683256408,0.0019474008601343962,0.0010355764047806598,0.1313892624128497
7.1664404937916535,0.0006536669227078795,0.0010355764047806598,0.13136469314564891
7.167240304306235,-0.00047305282156515083,0.0010355764047806598,0.13134000046696478
7.168040114803323,2.170011136690131e-05,0.0010355764047806598,0.13131728971472006
7.168839925286089,0.0028444494119139463,0.0010355764047806598,0.13129494099023983
7.169639735757704,0.009222009130553738,0.0010355764047806598,0.13127294266478925
7.1704395462213375,0.01652096709727413,0.0010355764047806598,0.13125128320661614
7.171239356680163,0.018920559819672694,0.0010355764047806598,0.13122995118095046
7.172039167137349,0.011006647362007876,0.0010355764047806598,0.13120805285827938
7.172838977596069,0.004344835500650318,0.0010355764047806598,0.13118561674477952
7.173638788059492,0.0016211147532529113,0.0010355764047806598,0.13116272398897388
7.174438598530789,0.0017220184440204511,0.0010355764047806598,0.13114294007466562
7.175238409013131,0.0013153417678863355,0.0010355764047806598,0.1311261309156031
7.1760382195096915,0.00030893113658564397,0.0010355764047806598,0.1311096439575204
7.176838030023638,-0.0001446905256310138,0.0010355764047806598,0.13108861253103418
7.177637840558144,0.0001872785591932602,0.0010355764047806598,0.13106762465932809
7.178437651116379,0.0005125602193296885,0.0010355764047806598,0.13104544267701024
7.179237461701514,0.00036520592870017965,0.0010355764047806598,0.13102553200707634
7.180037272316721,0.00027709144366491745,0.0010355764047806598,0.1310027778333164
7.180837082965169,-0.0003968269403650526,0.0010355764047806598,0.1309805737102172
7.181636893650032,-0.000417200002782836,0.0010355764047806598,0.1309589009893292
7.18243670437448,-0.000212110442072172,0.0010355764047806598,0.1309377411783877
7.183236515141681,-0.0001502750173789924,0.0010355764047806598,0.13091592421324058
7.18403632595481,-0.0005750325495683106,0.0010355764047806598,0.13089338140005313
7.184836136817036,-0.0003296037124977669,0.0010355764047806598,0.13087004375612996
7.185635947731529,0.001034857921291349,0.0010355764047806598,0.1308479333749299
7.186435758701463,0.0004568260087229048,0.0010355764047806598,0.13082739374466262
7.1872355697300065,0.0013690901763472874,0.0010355764047806598,0.13080681580144377
7.188035380820331,0.004235533221533527,0.0010355764047806598,0.13078625152099027
7.188835191975608,0.005077869328087403,0.0010355764047806598,0.13076575294217377
7.189635003199007,0.005252483636416755,0.0010355764047806598,0.13074447205255413
7.190434814493701,0.002438525575852446,0.0010355764047806598,0.13072242153893127
7.19123462586286,0.0010902448161642098,0.0010355764047806598,0.13069961380344053
7.192034437309655,0.0003810522406059169,0.0010355764047806598,0.13067606096355308
7.192834248837256,0.0007365134880614743,0.0010355764047806598,0.1306514513036093
7.1936340604488365,0.00019420293102836994,0.0010355764047806598,0.13062466256749838
7.194433872147566,-0.00011385980918168781,0.0010355764047806598,0.13059906442424202
7.195233683936615,5.5390994046750075e-05,0.0010355764047806598,0.13057470867384102
7.1960334958191545,0.0004847092619524873,0.0010355764047806598,0.13055085275777775
7.196833307798356,0.00034948946193655295,0.0010355764047806598,0.13052751459231857
7.197633119877391,0.0006045464623607999,0.0010355764047806598,0.13050426116980032
7.198432932059429,-0.0006426827336256657,0.0010355764047806598,0.13048106042481983
7.1992327443476425,0.0001705596353313299,0.0010355764047806598,0.13045470422236205
7.200032556745202,0.0006863854458050989,0.0010355764047806598,0.13043088323742957
7.200832369255278,0.0008439010067335662,0.0010355764047806598,0.13040981249964728
7.201632181881042,0.0018720103463367443,0.0010355764047806598,0.13038918998707985
7.202431994625664,0.003578116277974136,0.0010355764047806598,0.1303677743629089
7.203231807492316,0.0038793702096546756,0.0010355764047806598,0.1303455750893492
7.2040316204841695,0.002435594799097468,0.0010355764047806598,0.1303223616233846
7.204831433604394,0.0047350701239769755,0.0010355764047806598,0.13029904393114322
7.205631246856161,0.009906432595826825,0.0010355764047806598,0.13027565997022797
7.206431060242641,0.014889927305652445,0.0010355764047806598,0.1302522476642788
7.207230873767006,0.01593993168582364,0.0010355764047806598,0.130228027606897
7.208030687432428,0.008626408290418414,0.0010355764047806598,0.13020380464538026
7.208830501242076,0.0017728095279945233,0.0010355764047806598,0.1301795442762045
7.209630315199121,0.0009128409771864132,0.0010355764047806598,0.13015521197038302
7.210430129306734,0.0013974619089427154,0.0010355764047806598,0.13013077317346644
7.211229943568087,0.003529487278422533,0.0010355764047806598,0.13010619330554216
7.21202975798635,0.005593067847982136,0.0010355764047806598,0.13008143776123493
7.212829572564695,0.004368911204627179,0.0010355764047806598,0.13005763574737914
7.213629387306292,0.002048963232421347,0.0010355764047806598,0.1300348036529017
7.214429202214313,-0.00025306256010845796,0.0010355764047806598,0.13001194086324255
7.215229017291928,-0.00042444281986223076,0.0010355764047806598,0.1299891104452795
7.216028832542308,-0.00023951269397398667,0.0010355764047806598,0.12996510040639705
7.216828647968624,0.000122346085798003,0.0010355764047806598,0.1299399179160473
7.217628463574048,-3.391815155195932e-05,0.0010355764047806598,0.1299149750403778
7.218428279361751,0.0006464779949312272,0.0010355764047806598,0.12988782130824209
7.219228095334902,0.00033788875907311833,0.0010355764047806598,0.12986242885553445
7.220027911496674,4.694675801689141e-05,0.0010355764047806598,0.12983772260596008
7.220827727850236,-0.00028943297212974395,0.0010355764047806598,0.1298138392307843
7.2216275443987605,0.0003220173828280548,0.0010355764047806598,0.12978934569390466
7.222427361145419,0.000772661443179834,0.0010355764047806598,0.12976417207080146
7.2232271780933806,0.0011687172359991782,0.0010355764047806598,0.1297383704382491
7.2240269952458185,0.0007097972298065192,0.0010355764047806598,0.12971282344585372
7.224826812605902,0.0007213186981578634,0.0010355764047806598,0.12968754519782963
7.2256266301768015,0.0007149147602355521,0.0010355764047806598,0.12966240862901043
7.22642644796169,0.0004828799522567373,0.0010355764047806598,0.1296374217729287
7.227226265963737,0.00033090352423831293,0.0010355764047806598,0.1296142164174379
7.228026084186115,-9.135494324874482e-05,0.0010355764047806598,0.12959194065383461
7.228825902631993,0.00012715064068063997,0.0010355764047806598,0.12956844052694402
7.229625721304544,0.0005169696927039558,0.0010355764047806598,0.1295437100239816
7.2304255402069355,0.001451108088731251,0.0010355764047806598,0.12951871137181759
7.231225359342343,0.0007227117816816508,0.0010355764047806598,0.1294964466653118
7.2320251787139345,0.000217738595853334,0.0010355764047806598,0.12947340223284226
7.232824998324882,0.0008939381847659911,0.0010355764047806598,0.1294483554479653
7.233624818178356,0.001710226306816276,0.0010355764047806598,0.12942458297593212
7.234424638277528,0.0031156201281311025,0.0010355764047806598,0.1293999470088617
7.235224458625569,0.003994577229049279,0.0010355764047806598,0.12937368309998343
7.23602427922565,0.003445311333304335,0.0010355764047806598,0.1293474760831743
7.236824100080941,0.002440526266955567,0.0010355764047806598,0.12932128832554515
7.237623921194615,0.0013337855965726286,0.0010355764047806598,0.12929449116338365
7.2384237425698394,0.0010507692568799687,0.0010355764047806598,0.12926809004256906
7.23922356420979,0.00060377464326547,0.0010355764047806598,0.12924001464491436
7.240023386117633,-3.7094364855855266e-05,0.0010355764047806598,0.12921164893083237
7.2408232082965425,0.0005247270057321951,0.0010355764047806598,0.1291858711168367
7.241623030749689,0.0007657555496817514,0.0010355764047806598,0.12916024179566576
7.242422853480242,0.0007006329509249842,0.0010355764047806598,0.12913516183169063
7.243222676491374,-0.00011915182848254435,0.0010355764047806598,0.12911067509104732
7.244022499786256,-0.00032612985402655226,0.0010355764047806598,0.12908599579606236
7.244822323368058,-8.726203828923751e-05,0.0010355764047806598,0.12906113173054967
7.245622147239951,9.208756798823048e-05,0.0010355764047806598,0.1290360905138346
7.246421971405107,0.001883132966231299,0.0010355764047806598,0.12901087960075408
7.247221795866697,0.005057420474482516,0.0010355764047806598,0.12898550628165595
7.24802162062789,0.0077530630910418175,0.0010355764047806598,0.12895873298268012
7.248821445691859,0.007078350647150011,0.0010355764047806598,0.12893238591094658
7.249621271061774,0.004137045548841617,0.0010355764047806598,0.12890588296852643
7.250421096740806,0.0016040662898139102,0.0010355764047806598,0.12887920774855036
7.251220922732127,1.706934008999239e-05,0.0010355764047806598,0.12885234369900553
7.252020749038907,-9.402747485942609e-05,0.0010355764047806598,0.12882527412273578
7.252820575664317,0.00043681373292614456,0.0010355764047806598,0.12879798217744143
7.253620402611529,0.0011261167896748914,0.0010355764047806598,0.12877045087567923
7.254420229883713,0.0025246224501226933,0.0010355764047806598,0.1287426630848624
7.255220057484039,0.0059314909775719515,0.0010355764047806598,0.12871460152726052
7.2560198854156805,0.011000495251113213,0.0010355764047806598,0.12868624877999932
7.256819713681806,0.012872318378756742,0.0010355764047806598,0.12865758727506085
7.257619542285589,0.007946782605874197,0.0010355764047806598,0.1286285992992834
7.258419371230198,0.0035357901103812983,0.0010355764047806598,0.12860300048848694
7.259219200518805,0.0016433340660707008,0.0010355764047806598,0.12857855404632543
7.260019030154582,0.0006789932364778262,0.0010355764047806598,0.12855530251917374
7.260818860140698,7.6867654291074e-05,0.0010355764047806598,0.12853328883031326
7.261618690480325,0.0005013046449710012,0.0010355764047806598,0.12851147194920098
7.262418521176633,0.0002660599658467766,0.0010355764047806598,0.12848984799456936
7.263218352232795,0.000693853044716003,0.0010355764047806598,0.12847327578317613
7.264018183651982,0.0004320053243144495,0.0010355764047806598,0.1284534262461429
7.264818015437362,-0.0005689788544504804,0.0010355764047806598,0.12843329006126858
7.265617847592108,-0.0006402887438670957,0.0010355764047806598,0.12841288170187226
7.2664176801193925,3.2525635823760224e-05,0.0010355764047806598,0.12839199857275796
7.267217513022382,3.503066885293671e-05,0.0010355764047806598,0.12836845329540145
7.268017346304252,0.00022521058277436,0.0010355764047806598,0.12834720854399248
7.268817179968172,-0.00010817613401567505,0.0010355764047806598,0.12832670935183146
7.269617014017313,0.0003293767610983156,0.0010355764047806598,0.12830484354568508
7.270416848454845,0.0009650365551759077,0.0010355764047806598,0.12828154734932568
7.2712166832839396,0.0024622721065959974,0.0010355764047806598,0.12825675636411685
7.272016518507768,0.00428706581720259,0.0010355764047806598,0.12823179819010422
7.272816354129501,0.003224912913161182,0.0010355764047806598,0.12820820854544873
7.2736161901523095,0.0009362554905543441,0.0010355764047806598,0.1281850694186086
7.274416026579365,-3.451162404269348e-05,0.0010355764047806598,0.12815907957129452
7.2752158634138375,-0.00048263295504336057,0.0010355764047806598,0.1281346765150647
7.276015700658899,-0.000491400845763712,0.0010355764047806598,0.1281111177763624
7.276815538317719,0.0006467913634923828,0.0010355764047806598,0.12808844197303532
7.27761537639347,0.005033936811326467,0.0010355764047806598,0.1280666880189755
7.278415214889323,0.008643808356702892,0.0010355764047806598,0.1280449232598963
7.279215053808448,0.009837882361997174,0.0010355764047806598,0.12802314457607528
7.280014893154016,0.006348593477490783,0.0010355764047806598,0.12800293014221795
7.2808147329291995,0.002701014199207763,0.0010355764047806598,0.1279828660192188
7.281614573137167,0.0009001817703956638,0.0010355764047806598,0.12796377944078957
7.282414413781093,0.0005658473545543108,0.0010355764047806598,0.12794131497446237
7.283214254864144,0.0001562668073650797,0.0010355764047806598,0.12791835327225773
7.284014096389494,0.00031030386791686126,0.0010355764047806598,0.12789491237806191
7.284813938360314,0.0005359844567293381,0.0010355764047806598,0.12787167220345289
7.285613780779773,0.003235704928315958,0.0010355764047806598,0.12784988238333247
7.286413623651044,0.005036189894558785,0.0010355764047806598,0.1278274188708057
7.287213466977297,0.004820477715509142,0.0010355764047806598,0.1278030879941846
7.288013310761703,0.003800547718280922,0.0010355764047806598,0.12777763469871095
7.288813155007434,0.0010028987301028969,0.0010355764047806598,0.12775114560396367
7.289612999717659,-8.711537785657808e-05,0.0010355764047806598,0.12773027532169345
7.290412844895551,-0.000367692856594215,0.0010355764047806598,0.1277099344298094
7.2912126905442785,0.0005831188479954175,0.0010355764047806598,0.12769012743644884
7.292012536667015,0.0018215883536556732,0.0010355764047806598,0.1276708589397395
7.292812383266931,0.0026406956104861323,0.0010355764047806598,0.12765237842606444
7.293612230347197,0.0035554625602524093,0.0010355764047806598,0.12763465235503732
7.294412077910983,0.00419880514198992,0.0010355764047806598,0.12761712108701811
7.295211925961462,0.003216347920555529,0.0010355764047806598,0.12759871121853913
7.296011774501803,0.0018491565606867377,0.0010355764047806598,0.12758171827692064
7.296811623535179,0.0006109375361101621,0.0010355764047806598,0.12756443606582954
7.29761147306476,0.0017123270849225825,0.0010355764047806598,0.1275468753811623
7.298411323093715,0.0033244785387631093,0.0010355764047806598,0.12752904681892438
7.299211173625219,0.0044013522595691135,0.0010355764047806598,0.12751096077522991
7.300011024662439,0.005951543417383548,0.0010355764047806598,0.1274923818611008
7.300810876208549,0.004175482330133762,0.0010355764047806598,0.12747330930154127
7.301610728266718,0.002519273410551748,0.0010355764047806598,0.12745374202675966
7.302410580840118,0.00026107147620385573,0.0010355764047806598,0.1274339736893101
7.30321043393192,-0.00031197401718999207,0.0010355764047806598,0.12741398934107057
7.304010287545293,0.00019438300076188297,0.0010355764047806598,0.12739377385829348
7.3048101416834115,0.0004711242620027145,0.0010355764047806598,0.12737331194160614
7.305609996349444,0.0026785948556766193,0.0010355764047806598,0.12735177873707484
7.306409851546563,0.003631239302515271,0.0010355764047806598,0.12733154371736327
7.307209707277938,0.002636445175585811,0.0010355764047806598,0.1273138593916353
7.30800956354674,0.0011665832760505146,0.0010355764047806598,0.12729530331194433
7.308809420356141,-0.0004950878990414576,0.0010355764047806598,0.12727815228175443
7.309609277709312,-0.00048712056721531005,0.0010355764047806598,0.12726142997176448
7.310409135609422,-0.00029612465467157567,0.0010355764047806598,0.12724509432508666
7.311208994059645,0.0006198786976804038,0.0010355764047806598,0.1272323895721818
7.3120088530631495,0.0002875691828348459,0.0010355764047806598,0.1272132163712129
7.312808712623108,0.00010136604385146963,0.0010355764047806598,0.12719688758143244
7.313608572742691,0.0006363188548816623,0.0010355764047806598,0.12718353424004855
7.3144084334250685,0.00032638687768182795,0.0010355764047806598,0.12716721322914679
7.315208294673413,0.00037239879568565226,0.0010355764047806598,0.12715342455237813
7.316008156490895,0.00011216441819228429,0.0010355764047806598,0.1271420661069382
7.3168080188806845,0.00035279591560249957,0.0010355764047806598,0.12712867244249235
7.317607881845954,-0.0003766122061107935,0.0010355764047806598,0.127110735568591
7.318407745389874,0.0002944191418470521,0.0010355764047806598,0.12709386893125257
7.319207609515615,-0.0002345545587262854,0.0010355764047806598,0.12707896041414216
7.320007474226348,-0.00031230465349707526,0.0010355764047806598,0.12706327254416683
7.320807339525244,-0.0005184435678317334,0.0010355764047806598,0.12704771306920223
7.321607205415474,-0.0001844435646446152,0.0010355764047806598,0.12703229705274982
7.3224070719002095,6.122339651851161e-05,0.0010355764047806598,0.12701703951140464
7.323206938982621,-0.0001873525169959478,0.0010355764047806598,0.12700207860645385
7.32400680666588,-0.0001229604057014222,0.0010355764047806598,0.12698828849854085
7.324806674953156,0.00042974321466815457,0.0010355764047806598,0.12697565105432776
7.3256065438476226,0.00023781704327346942,0.0010355764047806598,0.12696414848607623
7.326406413352448,-8.888549731597695e-05,0.0010355764047806598,0.12695376335164757
7.3272062834708045,-7.792000488635042e-05,0.0010355764047806598,0.12694906361832192
7.328006154205863,-0.00022353366893360094,0.0010355764047806598,0.12694503849980182
7.3288060255607945,-5.581859152881119e-05,0.0010355764047806598,0.12693647540970637
7.32960589753877,0.0003978254463575803,0.0010355764047806598,0.12692277656021414
7.330405770142961,-0.00012281963305474375,0.0010355764047806598,0.12690760825202302
7.331205643376538,-4.631282549683036e-06,0.0010355764047806598,0.1268925008271706
7.33200551724267,0.0011204207732596894,0.0010355764047806598,0.12687748072918792
7.3328053917445315,0.002591732464762242,0.0010355764047806598,0.12686257435126294
7.333605266885291,0.006578219109501765,0.0010355764047806598,0.12684604552796275
7.33440514266812,0.012501362129682392,0.0010355764047806598,0.12682789801225763
7.33520501909619,0.016475678675636762,0.0010355764047806598,0.12681142401226406
7.336004896172672,0.014992962345478533,0.0010355764047806598,0.12679628613058677
7.336804773900736,0.008710645322572402,0.0010355764047806598,0.1267812328457871
7.337604652283555,0.005892090978135922,0.0010355764047806598,0.12676625963948868
7.338404531324298,0.005286825611768714,0.0010355764047806598,0.12675136191858982
7.339204411026136,0.003395396394090172,0.0010355764047806598,0.1267365350152633
7.340004291392241,0.0019227068563814065,0.0010355764047806598,0.12672177418695604
7.340804172425785,0.001229577007944238,0.0010355764047806598,0.12670707461638936
7.341604054129936,0.0015531697561532998,0.0010355764047806598,0.12669295942394895
7.342403936507867,0.0030918126048330996,0.0010355764047806598,0.12667871006620537
7.343203819562748,0.0028502914958669356,0.0010355764047806598,0.12666555528169104
7.3440037032977505,0.0023696581864565414,0.0010355764047806598,0.12665349255061256
7.344803587716046,0.0033612100008478807,0.0010355764047806598,0.1266425197227593
7.345603472820805,0.00898383978865408,0.0010355764047806598,0.12663397223191464
7.346403358615198,0.01465791419808729,0.0010355764047806598,0.1266230526090932
7.3472032451023965,0.016989819973787262,0.0010355764047806598,0.12661185404338973
7.348003132285571,0.010471911486059138,0.0010355764047806598,0.1266003721055722
7.348803020167894,0.004651489319311364,0.0010355764047806598,0.12658860216054174
7.349602908752534,0.0018892533643146137,0.0010355764047806598,0.1265765393673327
7.350402798042665,0.0008418937227054057,0.0010355764047806598,0.1265641786791124
7.351202688041455,0.00048822283888280693,0.0010355764047806598,0.12655151484318103
7.352002578752075,0.0001491946895287033,0.0010355764047806598,0.12654064266916665
7.352802470177699,-0.0006081439842958447,0.0010355764047806598,0.12653154390213325
7.353602362321496,-0.00012388865221377166,0.0010355764047806598,0.1265241456073558
7.354402255186637,0.0004787597850344216,0.0010355764047806598,0.12652408288202494
7.355202148776292,0.0004373205317035611,0.0010355764047806598,0.1265181317060287
7.356002043093635,1.2501590987479272e-05,0.0010355764047806598,0.1265084941826313
7.3568019381418335,-2.9555270286252266e-05,0.0010355764047806598,0.12650227723720764
7.35760183392406,0.0009414558353973979,0.0010355764047806598,0.1264937715053293
7.358401730443488,0.0013073021446916022,0.0010355764047806598,0.12648943185706035
7.359201627703284,0.0011855790688372614,0.0010355764047806598,0.12648423566038736
7.360001525706622,0.0012280371797845357,0.0010355764047806598,0.1264770288514982
7.36080142445667,0.0015150696840465772,0.0010355764047806598,0.12646489230443847
7.361601323956603,0.002624212588711511,0.0010355764047806598,0.12645234148622586
7.362401224209589,0.006105954804639019,0.0010355764047806598,0.12643936344913195
7.3632011252188,0.008942471696939375,0.0010355764047806598,0.12642594499110113
7.364001026987407,0.00861367358630441,0.0010355764047806598,0.12641207265575055
7.364800929518581,0.0043635443103243465,0.0010355764047806598,0.12639773273236932
7.365600832815493,0.0014626957378885697,0.0010355764047806598,0.12638026944017774
7.366400736881314,0.0006567748058567691,0.0010355764047806598,0.1263625531420796
7.367200641719213,0.0010440617088217918,0.0010355764047806598,0.12634514893622448
7.368000547332365,0.0011736231417203147,0.0010355764047806598,0.12632808171711404
7.368800453723937,1.044005022807215e-05,0.0010355764047806598,0.12631137648181212
7.369600360897103,-0.0002258508089793554,0.0010355764047806598,0.12629505832994517
7.3704002688550325,-0.0002571147788124617,0.0010355764047806598,0.12627915246370178
7.371200177600896,-0.0004177848081447222,0.0010355764047806598,0.1262636841878331
7.372000087137866,8.121603535743427e-05,0.0010355764047806598,0.1262486789096532
7.372799997469111,0.0005857000768915988,0.0010355764047806598,0.1262341621390387
7.373599908597805,0.0009431552845635682,0.0010355764047806598,0.12622015948842907
7.374399820527117,0.00031569847650375626,0.0010355764047806598,0.12620638022728498
7.375199733260219,0.00019020623037077633,0.0010355764047806598,0.12619281709012897
7.375999646800281,0.0001400366631459371,0.0010355764047806598,0.12617946279552894
7.376799561150475,0.00026252759321754304,0.0010355764047806598,0.1261663100460972
7.377599476313971,0.0006915899876213105,0.0010355764047806598,0.12615299216429707
7.378399392293941,0.0011530194080501543,0.0010355764047806598,0.12613948605903744
7.379199309093555,0.0030030940735319422,0.0010355764047806598,0.12612576848439275
7.379999226715984,0.004619174525952868,0.0010355764047806598,0.12611181603960306
7.3807991451644,0.0039659946168915106,0.0010355764047806598,0.12609610136131408
7.381599064441974,0.002707085899510603,0.0010355764047806598,0.12608090320961024
7.382398984551875,0.0009659872070653108,0.0010355764047806598,0.12606623506052195
7.383198905497276,8.489305761139043e-08,0.0010355764047806598,0.1260521105693836
7.3839988272813475,-1.8824633625263987e-05,0.0010355764047806598,0.1260385435708343
7.38479874990726,0.00012488244326777642,0.0010355764047806598,0.12602554807881816
7.385598673378185,-7.818120697214437e-05,0.0010355764047806598,0.12601313828658417
7.386398597697292,0.0005151540958816814,0.0010355764047806598,0.1260013285666865
7.387198522867754,0.0004538377189041709,0.0010355764047806598,0.12599013347098492
7.387998448892742,0.0008069535354880697,0.0010355764047806598,0.1259782467038054
7.3887983757754245,0.00040559087417735284,0.0010355764047806598,0.12596608086753786
7.389598303518976,0.0010938613721155066,0.0010355764047806598,0.12595361682316622
7.390398232126564,0.0015183788703859724,0.0010355764047806598,0.12594083525878613
7.391198161601362,0.0020578458614488593,0.0010355764047806598,0.12592771668960467
7.391998091946539,0.0019160946416083013,0.0010355764047806598,0.12591424145794053
7.392798023165268,0.0019971262638815435,0.0010355764047806598,0.12590038973322334
7.393597955260718,0.0029579927103816628,0.0010355764047806598,0.12588614151199362
7.394397888236062,0.003255801857027063,0.0010355764047806598,0.125872540286771
7.395197822094469,0.002681483150723085,0.0010355764047806598,0.1258596123611587
7.395997756839112,0.0013308920663977486,0.0010355764047806598,0.12584870898196263
7.39679769247316,0.0011075782503279508,0.0010355764047806598,0.12584130975597435
7.397597628999786,0.000774337262964192,0.0010355764047806598,0.12583088560666675
7.398397566422158,0.0002935744010758301,0.0010355764047806598,0.12581745046048823
7.39919750474345,0.0010434840203268347,0.0010355764047806598,0.12580322382980708
7.399997443966832,0.00012343716099477708,0.0010355764047806598,0.12578950510534787
7.400797384095474,-0.0007627356538625063,0.0010355764047806598,0.12577751719969496
7.401597325132549,0.00021706541987168149,0.0010355764047806598,0.125767073481881
7.402397267081226,-0.0001899695670992685,0.0010355764047806598,0.12576043981205476
7.403197209944676,-0.0006302894300642681,0.0010355764047806598,0.12574966683077135
7.403997153726071,-0.00017738955606885765,0.0010355764047806598,0.1257383742628908
7.404797098428582,0.0002678987312538239,0.0010355764047806598,0.12572768453314212
7.40559704405538,-0.0009167008722786307,0.0010355764047806598,0.12571683096759673
7.406396990609635,-0.0006169744808596223,0.0010355764047806598,0.12570607237977294
7.407196938094519,8.382396060924169e-05,0.0010355764047806598,0.12569371061099732
7.407996886513202,-4.200696322959052e-05,0.0010355764047806598,0.12567967060445773
7.4087968358688565,-0.0001026959312381559,0.0010355764047806598,0.12566602507424915
7.409596786164651,0.0005820318426710269,0.0010355764047806598,0.1256527919057439
7.410396737403759,0.0012907822739996189,0.0010355764047806598,0.12563897643291091
7.411196689589351,0.0014213229008905315,0.0010355764047806598,0.12562367825353515
7.4119966427245965,0.0017585141410263738,0.0010355764047806598,0.12561051530000997
7.412796596812667,0.0032875465159340755,0.0010355764047806598,0.12559898282845527
7.413596551856735,0.003975426870746701,0.0010355764047806598,0.1255869257356468
7.41439650785997,0.003979567928179134,0.0010355764047806598,0.12557635761347447
7.415196464825543,0.0011360553800841555,0.0010355764047806598,0.12556804693275453
7.415996422756626,-0.0002399534274981907,0.0010355764047806598,0.12556068215887892
7.416796381656388,-0.0010492952914240433,0.0010355764047806598,0.12555251187456984
7.417596341528003,-0.0011280719106257914,0.0010355764047806598,0.12554807533940213
7.4183963023746395,-0.0006417406541250059,0.0010355764047806598,0.12553806788208788
7.419196264199469,-5.492679293273017e-05,0.0010355764047806598,0.12553318862682225
7.4199962270056625,0.00042651900975226864,0.0010355764047806598,0.1255299001948399
7.420796190796391,0.0005299024070065939,0.0010355764047806598,0.1255272570817007
7.421596155574826,0.0006065743652765021,0.0010355764047806598,0.12552157986008444
7.422396121344138,0.0004708933608525978,0.0010355764047806598,0.12551217657141853
7.423196088107499,0.00044716822496287945,0.0010355764047806598,0.1255065855252121
7.423996055868079,0.00020763537342918803,0.0010355764047806598,0.125498661277762
7.424796024629048,0.0003962637849098116,0.0010355764047806598,0.12548679172421165
7.425595994393578,0.0005097603798789041,0.0010355764047806598,0.1254783779315446
7.426395965164841,0.0006165056470808505,0.0010355764047806598,0.1254689198355918
7.427195936946006,0.0007457516495407435,0.0010355764047806598,0.12545798786869866
7.427995909740245,0.0008263783020158177,0.0010355764047806598,0.12544683859868375
7.4287958835507295,0.0011180069491584232,0.0010355764047806598,0.12543521404299982
7.42959585838063,0.0012527106104031072,0.0010355764047806598,0.1254231311086152
7.430395834233117,0.0011798105700503436,0.0010355764047806598,0.12541060652318323
7.431195811111362,0.0018501554785225194,0.0010355764047806598,0.1253976568350424
7.431995789018536,0.002191529858674768,0.0010355764047806598,0.12538429841321577
7.43279576795781,0.0018698316548218241,0.0010355764047806598,0.12537220080590764
7.433595747932354,0.0009030667451785657,0.0010355764047806598,0.12535957946011755
7.434395728945341,-0.00015687917440854182,0.0010355764047806598,0.12534645415083162
7.435195710999939,-0.00043795493213182046,0.0010355764047806598,0.12533284444434317
7.435995694099322,6.5589315322855946e-06,0.0010355764047806598,0.12532001786033298
7.43679567824666,0.00036261638163942456,0.0010355764047806598,0.12530793732637988
7.437595663445123,0.0004992413654410222,0.0010355764047806598,0.12529656606552197
7.438395649697882,0.0017561099983560424,0.0010355764047806598,0.12528586759625743
7.439195637008109,0.0024796530091896196,0.0010355764047806598,0.12527397636511073
7.439995625378975,0.003195289575739446,0.0010355764047806598,0.1252609388822026
7.44079561481365,0.0034193575021643774,0.0010355764047806598,0.12524750921025865
7.441595605315307,0.002202388677872591,0.0010355764047806598,0.12523370108204518
7.442395596887114,0.0012949781035307417,0.0010355764047806598,0.12521952807284845
7.443195589532245,-0.00027403704679758445,0.0010355764047806598,0.1251999198534821
7.443995583253868,-0.001857109396368295,0.0010355764047806598,0.12518314118661217
7.444795578055156,-0.001504586172905678,0.0010355764047806598,0.12516662761789882
7.445595573939278,-0.001090840594122594,0.0010355764047806598,0.12515039829147323
7.4463955709094085,-0.0009746012811302357,0.0010355764047806598,0.12513447245592785
7.4471955689687155,-0.0006500341052833591,0.0010355764047806598,0.12511826609825208
7.447995568120371,-0.001102219512954583,0.0010355764047806598,0.12510203268105669
7.4487955683675455,-0.0013423657298640562,0.0010355764047806598,0.1250857764934788
7.449595569713411,-0.0006268647542678196,0.0010355764047806598,0.12506950179659682
7.4503955721611375,6.53642559999279e-05,0.0010355764047806598,0.12505321282343015
7.451195575713896,0.0005905371701566686,0.0010355764047806598,0.12503691377893938
7.451995580374858,0.0006069750887833236,0.0010355764047806598,0.12502060884002636
7.452795586147194,0.0005797001697721016,0.0010355764047806598,0.12500440309967806
7.453595593034076,0.0014369789525763704,0.0010355764047806598,0.12498829613183014
7.454395601038673,0.0027596648587992906,0.0010355764047806598,0.12497228752313179
7.455195610164158,0.004315062609322795,0.0010355764047806598,0.124956376872946
7.455995620413701,0.0072097508077937494,0.0010355764047806598,0.1249405637933491
7.456795631790472,0.012031589638574355,0.0010355764047806598,0.12492446151599766
7.457595644297643,0.020406023129473427,0.0010355764047806598,0.12490833209855406
7.458395657938387,0.02971112405207503,0.0010355764047806598,0.12489218140325477
7.459195672715872,0.03605688374085701,0.0010355764047806598,0.12488068238492696
7.45999568863327,0.03484909605961212,0.0010355764047806598,0.12486479587996327
7.460795705693751,0.02745520925893699,0.0010355764047806598,0.12484725297058452
7.461595723900488,0.015281568617795005,0.0010355764047806598,0.12482842905540964
7.462395743256651,0.007215022233382551,0.0010355764047806598,0.12481278057785769
7.463195763765411,0.0034849730728871153,0.0010355764047806598,0.12479759893759004
7.463995785429939,0.0032545317802287477,0.0010355764047806598,0.12478291357247565
7.464795808253404,0.006009284182683788,0.0010355764047806598,0.1247683675315604
7.465595832238981,0.007707791590648896,0.0010355764047806598,0.12475394640006011
7.466395857389838,0.009505788321091876,0.0010355764047806598,0.12473945835658036
7.467195883709147,0.009902428036692418,0.0010355764047806598,0.12472605944948861
7.467995911200078,0.008176455218311104,0.0010355764047806598,0.12471298331106588
7.468795939865803,0.005818351640420119,0.0010355764047806598,0.12470008060822073
7.469595969709494,0.005964271895966378,0.0010355764047806598,0.12469317197952334
7.470396000734319,0.008052448929155381,0.0010355764047806598,0.12468454342884003
7.4711960329434515,0.007277353714653184,0.0010355764047806598,0.12467632121353941
7.471996066340061,0.005418768137649854,0.0010355764047806598,0.12467207542793435
7.4727961009273205,0.005157516257030828,0.0010355764047806598,0.12466383860231546
7.473596136708398,0.006708551653925046,0.0010355764047806598,0.12465471339188024
7.4743961736864675,0.007609938892742321,0.0010355764047806598,0.12464669071088876
7.475196211864697,0.005558757654901658,0.0010355764047806598,0.12463850121943765
7.47599625124626,0.002130412622455613,0.0010355764047806598,0.12462927455605707
7.476796291834326,0.0003169144882524816,0.0010355764047806598,0.12462161738449197
7.477596333632066,0.00038289841340552466,0.0010355764047806598,0.12460799643329767
7.478396376642652,0.0010453030366156524,0.0010355764047806598,0.12459319157114626
7.479196420869256,0.00297474903041825,0.0010355764047806598,0.12457874811446382
7.479996466315046,0.008821085552866287,0.0010355764047806598,0.12456468043618857
7.480796512983194,0.011419108849873294,0.0010355764047806598,0.12455100304479427
7.481596560876872,0.010492628831409195,0.0010355764047806598,0.12453773058428994
7.482396609999249,0.0055803529257857365,0.0010355764047806598,0.12452456940883422
7.4831966603534985,0.0012925108460908052,0.0010355764047806598,0.12451152090574202
7.48399671194279,0.0011760151822136355,0.0010355764047806598,0.1245013058753664
7.484796764770294,0.0009743716892415405,0.0010355764047806598,0.12449081452711343
7.485596818839184,0.00019846708346198116,0.0010355764047806598,0.12447971902993091
7.486396874152628,-0.0002346928634168466,0.0010355764047806598,0.12446676048673178
7.487196930713798,0.0003502539116997383,0.0010355764047806598,0.12445520565549514
7.487996988525866,0.0005266632787952058,0.0010355764047806598,0.12444677518408193
7.488797047592002,0.0005639312026151366,0.0010355764047806598,0.1244360392332228
7.489597107915377,0.0003190248050474326,0.0010355764047806598,0.12442484012639811
7.490397169499161,-2.1874795491080845e-05,0.0010355764047806598,0.12441314809734103
7.4911972323465275,-0.0001357482851115227,0.0010355764047806598,0.12439548629295638
7.491997296460645,-0.000603199277435032,0.0010355764047806598,0.12438431496868124
7.492797361844686,0.0001361715705186506,0.0010355764047806598,0.12437049422624218
7.493597428501821,0.000229552514987727,0.0010355764047806598,0.12435364516064028
7.494397496435222,0.00015192784016612726,0.0010355764047806598,0.12433971653574462
7.495197565648057,0.0001917999634733908,0.0010355764047806598,0.12432234605347531
7.495997636143501,0.0014121738412617574,0.0010355764047806598,0.12430145901573163
7.4967977079247206,0.0019023588758219634,0.0010355764047806598,0.12428204857955438
7.49759778099489,0.0013685830120784143,0.0010355764047806598,0.1242669376427875
7.4983978553571795,0.0019063026908677366,0.0010355764047806598,0.12425070051755481
7.49919793101476,0.002845247098624326,0.0010355764047806598,0.12423375820399588
7.499998007970802,0.004505785705486334,0.0010355764047806598,0.12421761727779372
7.500798086228476,0.006150301033027328,0.0010355764047806598,0.1242014446515394
7.501598165790956,0.006388205660619567,0.0010355764047806598,0.12418526104454247
7.502398246661408,0.004823674999816729,0.0010355764047806598,0.12416908715118774
7.503198328843007,0.002786613102722449,0.0010355764047806598,0.12415294364093539
7.503998412338923,0.00020701654578379747,0.0010355764047806598,0.12413595851767364
7.504798497152326,-0.0003156769265624665,0.0010355764047806598,0.12411811324903736
7.505598583286388,-0.0005512738303885822,0.0010355764047806598,0.12410042386755019
7.506398670744279,-0.0005323044474596639,0.0010355764047806598,0.12408282448449841
7.507198759529171,-0.0011124537943945495,0.0010355764047806598,0.12406045580871003
7.507998849644235,-0.000453931937689972,0.0010355764047806598,0.12403804689685641
7.508798941092641,-0.0010939374590983875,0.0010355764047806598,0.12401935331964836
7.50959903387756,-0.0014335338265096115,0.0010355764047806598,0.12400520402758469
7.510399128002165,-0.001645623877722699,0.0010355764047806598,0.12399203379162849
7.511199223469624,-0.0011470747515303359,0.0010355764047806598,0.12397982415298324
7.51199932028311,-0.0005997307211387665,0.0010355764047806598,0.12396818496305181
7.512799418445793,-0.0011777318990374847,0.0010355764047806598,0.12395243643522419
7.513599517960845,-0.0008378291480353739,0.0010355764047806598,0.12393703728267998
7.514399618831436,-0.00023374457637548307,0.0010355764047806598,0.12392200480769072
7.515199721060737,-0.000735809397714976,0.0010355764047806598,0.12390703876911342
7.51599982465192,-0.0005687038390484872,0.0010355764047806598,0.12389214278604002
7.516799929608156,-0.0003263941108905405,0.0010355764047806598,0.12387732047981087
7.517600035932613,0.0005951236886965888,0.0010355764047806598,0.12386257547401396
7.518400143628466,0.0013666369448041282,0.0010355764047806598,0.12384791139448545
7.519200252698884,0.0018176189286332745,0.0010355764047806598,0.12383333186930987
7.520000363147038,0.00196229484071872,0.0010355764047806598,0.12381884052881928
7.520800474976099,0.0011364933229110613,0.0010355764047806598,0.1238044410055943
7.521600588189238,4.6262689004733515e-05,0.0010355764047806598,0.123789584924419
7.522400702789626,-0.0001445063811861963,0.0010355764047806598,0.1237742517106929
7.523200818780436,0.00022655137207773512,0.0010355764047806598,0.12375842057871816
7.524000936164835,0.0005255516452920134,0.0010355764047806598,0.12374207053169868
7.524801054945996,8.049230619973369e-05,0.0010355764047806598,0.12372518036173988
7.525601175127091,0.0009138653665624052,0.0010355764047806598,0.12370633066033082
7.526401296711289,0.0006085740791573618,0.0010355764047806598,0.12369038954370178
7.527201419701763,0.0006097632039624989,0.0010355764047806598,0.1236746549937223
7.5280015441016825,-0.0003846596961764315,0.0010355764047806598,0.12365913726546575
7.528801669914219,0.00021640602489224336,0.0010355764047806598,0.12364384668025007
7.529601797142543,-5.874369280842173e-05,0.0010355764047806598,0.1236287936256382
7.5304019257898265,0.0013089217778556317,0.0010355764047806598,0.12361398855543776
7.531202055859239,0.0018757131358640988,0.0010355764047806598,0.12359944198970138
7.532002187353953,0.004147034104260441,0.0010355764047806598,0.12358393321348045
7.532802320277139,0.0035539663907108165,0.0010355764047806598,0.12356891494344935
7.533602454631968,0.0019029697039783244,0.0010355764047806598,0.12355420005757722
7.53440259042161,0.0006661838634088729,0.0010355764047806598,0.12352990054444263
7.535202727649238,0.0006587672054461091,0.0010355764047806598,0.12351185646212608
7.536002866318019,0.0003928149234454503,0.0010355764047806598,0.12349079927225146
7.536803006431129,0.0006122688728880388,0.0010355764047806598,0.12346966719362239
7.537603147991736,0.00039646787268445005,0.0010355764047806598,0.12344992891209788
7.538403291003012,0.0006448865810355364,0.0010355764047806598,0.12342640272924031
7.539203435468127,0.0018336667653293393,0.0010355764047806598,0.12340041519056894
7.540003581390253,0.003184243051321811,0.0010355764047806598,0.12337842343579464
7.540803728772561,0.003338347405512032,0.0010355764047806598,0.12336049707038052
7.541603877618221,0.002260479364727938,0.0010355764047806598,0.12334233101907514
7.542404027930404,0.002078136601989161,0.0010355764047806598,0.12332395142092709
7.543204179712282,0.0017174836561561907,0.0010355764047806598,0.12330538432258238
7.544004332967026,0.001666500643082755,0.0010355764047806598,0.1232866556782837
7.544804487697806,0.0011281126669493852,0.0010355764047806598,0.12326859793199403
7.545604643907793,0.0004462837761649713,0.0010355764047806598,0.12325120052247031
7.5464048016001595,0.0005025081694755157,0.0010355764047806598,0.12323934908203817
7.547204960778074,0.0009390513885271512,0.0010355764047806598,0.12322630569174048
7.548005121444709,0.0005456243459893012,0.0010355764047806598,0.12320981874270168
7.548805283603236,-0.0001492040731031763,0.0010355764047806598,0.12319560219750703
7.549605447256825,0.0002611584403481998,0.0010355764047806598,0.12317767539068053
7.550405612408647,0.0009503925363740645,0.0010355764047806598,0.1231603874226457
7.551205779061874,0.0015071424204964323,0.0010355764047806598,0.12314373322713926
7.552005947219676,0.0008983487216949332,0.0010355764047806598,0.12312770792467027
7.5528061168852245,0.0008731734942642733,0.0010355764047806598,0.12311230682252033
7.553606288061689,0.0007594321951587685,0.0010355764047806598,0.12309752541474382
7.554406460752243,0.001028689033507793,0.0010355764047806598,0.12308313355982922
7.555206634960055,0.0017236421272704,0.0010355764047806598,0.12306911722056203
7.556006810688298,0.0032344771444510756,0.0010355764047806598,0.1230554624592223
7.556806987940142,0.003480931461302572,0.0010355764047806598,0.12304117764197911
7.557607166718758,0.001236302233038264,0.0010355764047806598,0.12302629307264992
7.558407347027317,0.0004511636158482518,0.0010355764047806598,0.12301257161109677
7.559207528868989,-0.0004665734272018829,0.0010355764047806598,0.12299996491799957
7.560007712246947,-0.00024137158731897534,0.0010355764047806598,0.12298554560616316
7.56080789716436,-0.00033197440387480737,0.0010355764047806598,0.12297054148244888
7.561608083624402,-0.0009744097843523147,0.0010355764047806598,0.12295517861066903
7.5624082716302405,-0.000512405355377471,0.0010355764047806598,0.1229394776678463
7.563208461185048,-0.0005093141019821418,0.0010355764047806598,0.12292345911415775
7.564008652291996,-0.0007314889294891824,0.0010355764047806598,0.12290747154938053
7.564808844954253,-0.0005991532685202666,0.0010355764047806598,0.12289152020492992
7.565609039174993,-0.0006824942506076376,0.0010355764047806598,0.12287561022824668
7.566409234957386,-0.000915099586074497,0.0010355764047806598,0.12285974668279735
7.567209432304604,-6.526473408513533e-07,0.0010355764047806598,0.12284426289609403
7.568009631219814,0.0008974615277941717,0.0010355764047806598,0.12282965256283315
7.568809831706192,0.0020460481680184273,0.0010355764047806598,0.12281549635182838
7.569610033766906,0.0051989783933691636,0.0010355764047806598,0.12280178781545642
7.5704102374051265,0.007281994214780721,0.0010355764047806598,0.12278845810320944
7.571210442624028,0.006193578219199566,0.0010355764047806598,0.12277430932460119
7.572010649426777,0.0028517176054631,0.0010355764047806598,0.12276044736481376
7.572810857816548,0.00021486426524749969,0.0010355764047806598,0.12274838161441931
7.573611067796509,-0.00020689600264466035,0.0010355764047806598,0.12273804656743184
7.5744112793698335,-0.00017191780681000135,0.0010355764047806598,0.12272937732282578
7.575211492539692,-8.60094432706543e-05,0.0010355764047806598,0.1227223095845239
7.576011707309254,0.000197435199891266,0.0010355764047806598,0.12271539474979352
7.576811923681692,1.7923490364807337e-06,0.0010355764047806598,0.12269998847181397
7.577612141660177,-0.00046709327119369426,0.0010355764047806598,0.12268530760533514
7.578412361247879,-0.00012480445434424892,0.0010355764047806598,0.12267147121744072
7.57921258244797,0.0008385628554199859,0.0010355764047806598,0.12265629156382049
7.580012805263618,0.002046627804666634,0.0010355764047806598,0.12264068772521527
7.580813029698,0.0036598678925422734,0.0010355764047806598,0.12262463684645483
7.581613255754281,0.004481920117955382,0.0010355764047806598,0.12260792502036834
7.5824134834356345,0.0035938979433353946,0.0010355764047806598,0.12258815467154766
7.5832137127452315,0.0013202025942371104,0.0010355764047806598,0.12257339771536017
7.584013943686243,-0.00024030609159281235,0.0010355764047806598,0.12255945317806244
7.5848141762618395,0.0006779082978871503,0.0010355764047806598,0.12254618741398379
7.585614410475192,-7.4790487409465145e-06,0.0010355764047806598,0.12253431427269024
7.586414646329472,0.0004815482669076887,0.0010355764047806598,0.12252288624164386
7.58721488382785,0.0020051100323105198,0.0010355764047806598,0.12251541061171292
7.588015122973498,0.003759188177852868,0.0010355764047806598,0.1225076592308392
7.588815363769585,0.005200624371693843,0.0010355764047806598,0.12249683309607014
7.589615606219284,0.0053131308191341625,0.0010355764047806598,0.12248639082878716
7.590415850325765,0.0034494261162449358,0.0010355764047806598,0.12247369970556951
7.5912160960921975,0.0028088767255062264,0.0010355764047806598,0.12246063524975195
7.592016343521755,0.005534941467977075,0.0010355764047806598,0.12244726297066098
7.592816592617608,0.00782760263167842,0.0010355764047806598,0.12243361006491432
7.593616843382927,0.0074897908345310515,0.0010355764047806598,0.12241906787238954
7.594417095820883,0.00466549909167252,0.0010355764047806598,0.12240358563758932
7.595217349934646,0.0031108177266689074,0.0010355764047806598,0.1223871121037853
7.596017605727388,0.0032310042693810548,0.0010355764047806598,0.12236916792267788
7.596817863202281,0.003964605514465452,0.0010355764047806598,0.12235141785704212
7.597618122362494,0.0044396455029347415,0.0010355764047806598,0.12232975017251307
7.5984183832111984,0.004361114136715749,0.0010355764047806598,0.1223124314784085
7.599218645751567,0.003257679114531592,0.0010355764047806598,0.12229082877997538
7.600018909986768,0.0017024370138017803,0.0010355764047806598,0.12226682790101798
7.600819175919974,-0.0004870577095106021,0.0010355764047806598,0.12224120126641529
7.601619443554357,-0.0005400815073657306,0.0010355764047806598,0.12221873337268782
7.602419712893086,0.00012090870490932826,0.0010355764047806598,0.12219990697431726
7.603219983939333,0.0008458670354580949,0.0010355764047806598,0.12217718585991964
7.604020256696267,0.0021989319824387704,0.0010355764047806598,0.1221566550458845
7.6048205311670625,0.005683531363009767,0.0010355764047806598,0.12214021675489421
7.605620807354888,0.008296717736536313,0.0010355764047806598,0.12212051073219807
7.606421085262914,0.007377551439622029,0.0010355764047806598,0.12210167775846302
7.607221364894315,0.004767285071639482,0.0010355764047806598,0.12208767269474124
7.608021646252258,0.0014161188834847932,0.0010355764047806598,0.12207397044201376
7.608821929339915,0.0009430685880775641,0.0010355764047806598,0.12206105610912996
7.609622214160459,0.0011647177253575752,0.0010355764047806598,0.12204482485533878
7.610422500717058,0.0016308778933832313,0.0010355764047806598,0.12202965877073792
7.611222789012885,0.002431608377145275,0.0010355764047806598,0.12201645764285007
7.61202307905111,0.0036673729178618303,0.0010355764047806598,0.12200297417189572
7.612823370834906,0.00321403064997787,0.0010355764047806598,0.12198753884718223
7.6136236643674415,0.002696524049927651,0.0010355764047806598,0.12197193915499475
7.614423959651888,0.002133970745843289,0.0010355764047806598,0.1219562362929669
7.615224256691417,0.001218881533406685,0.0010355764047806598,0.1219416890134645
7.616024555489199,0.0018392963822788655,0.0010355764047806598,0.12192699925803867
7.616824856048406,0.003269335006715529,0.0010355764047806598,0.12191211690726844
7.617625158372207,0.006475312771778069,0.0010355764047806598,0.12189699162086134
7.618425462463776,0.010717711408699898,0.0010355764047806598,0.12188157283765053
7.619225768326281,0.01095808068194161,0.0010355764047806598,0.12186772228601365
7.620026075962894,0.007314748504121726,0.0010355764047806598,0.12185547284844725
7.620826385376787,0.003348782806116238,0.0010355764047806598,0.1218441177519775
7.621626696571131,0.001902954775670082,0.0010355764047806598,0.1218336584506658
7.622427009549093,3.084106619570537e-05,0.0010355764047806598,0.12182409663080866
7.6232273243138495,-8.186466544472804e-05,0.0010355764047806598,0.12181543421093602
7.624027640868569,-0.00040727560776529503,0.0010355764047806598,0.12180767334180923
7.624827959216422,-0.0011178168239697889,0.0010355764047806598,0.12180300261473251
7.62562827936058,-0.00020924931984347972,0.0010355764047806598,0.12179894463702717
7.626428601304213,0.0004022672219405887,0.0010355764047806598,0.121792223671538
7.6272289250504945,0.0006024817272822502,0.0010355764047806598,0.12178297501778237
7.6280292506025935,0.0007270521887229459,0.0010355764047806598,0.12177133282267259
7.628829577963683,0.0011803430162595357,0.0010355764047806598,0.12176002362817114
7.62962990713693,0.000929716667342817,0.0010355764047806598,0.12174906242748307
7.630430238125508,0.0010736505357124698,0.0010355764047806598,0.12173846411016716
7.63123057093259,0.0007081728939009602,0.0010355764047806598,0.12172824346213677
7.632030905561342,0.00032966216674493176,0.0010355764047806598,0.12171841516566184
7.63283124201494,0.0009222207468140703,0.0010355764047806598,0.12170888826741173
7.6336315802965515,0.00020670476231808566,0.0010355764047806598,0.12170019131017835
7.63443192040935,0.0005354161992732059,0.0010355764047806598,0.12169231062677524
7.635232262356504,6.765164959864067e-05,0.0010355764047806598,0.12168523261535753
7.636032606141186,-0.0007540000793957863,0.0010355764047806598,0.12167894373942031
7.636832951766566,-0.0005791305663184615,0.0010355764047806598,0.12167421037323625
7.637633299235818,-4.7472112495908214e-05,0.0010355764047806598,0.12166795943775725
7.638433648552109,-0.0003668430481809787,0.0010355764047806598,0.12166220200278331
7.639233999718612,0.00022280294477211582,0.0010355764047806598,0.12165207484206261
7.640034352738496,0.001087821713815107,0.0010355764047806598,0.12164488774316513
7.640834707614935,0.002108947275583972,0.0010355764047806598,0.12163942925936957
7.641635064351099,0.0036462880284868077,0.0010355764047806598,0.12163451189045242
7.642435422950157,0.003986126885629687,0.0010355764047806598,0.12163015221293685
7.643235783415283,0.003228955704836084,0.0010355764047806598,0.12162664730844475
7.644036145749646,0.002237368379453916,0.0010355764047806598,0.12162400095920436
7.644836509956417,0.001402071784166209,0.0010355764047806598,0.12162326829309963
7.645636876038768,-0.00022320079526437497,0.0010355764047806598,0.12162358837454568
7.646437243999869,0.0011735163467935933,0.0010355764047806598,0.12162600377543752
7.647237613842892,-4.803102479493393e-05,0.0010355764047806598,0.12162974042600784
7.648037985571007,0.0005476759939489484,0.0010355764047806598,0.12162944778283524
7.648838359187384,-0.0003985126552080581,0.0010355764047806598,0.12162998020834606
7.649638734695197,-0.0012547306122150659,0.0010355764047806598,0.12162462692026035
7.649911433947808,-3.405175143883499e-05,0.0010355764047806598,0.1216228520468618
7.651211610760288,0.0007348012424442524,0.0010355764047806598,0.12162032116392613
7.652511770540613,0.002137994433895188,0.0010355764047806598,0.12161106927404138
7.65381191335991,0.0022428061524978615,0.0010355764047806598,0.12160478972432401
7.655112039289301,0.002429719593543045,0.0010355764047806598,0.12159901318094678
7.65641214839991,0.001907353756377017,0.0010355764047806598,0.12159168776397257
7.65771224076286,0.001579371300491808,0.0010355764047806598,0.1215851346030725
7.659012316449277,0.0044648849416678155,0.0010355764047806598,0.12157822061768293
7.660312375530288,0.005296906156885217,0.0010355764047806598,0.12156990154145056
7.661612418077011,0.0030636199682765597,0.0010355764047806598,0.12156792634016718
7.662912444160575,0.0006279699744572292,0.0010355764047806598,0.12156786662902383
7.664212453852102,8.395191495075283e-05,0.0010355764047806598,0.12156825779730321
7.665512447222717,5.2675087855072467e-05,0.0010355764047806598,0.12156909966351412
7.6668124243435445,0.00020357180355087823,0.0010355764047806598,0.12157096526193431
7.668112385285709,0.00019157887260524975,0.0010355764047806598,0.1215738284051936
7.669412330120333,0.0005144528266752407,0.0010355764047806598,0.12157766304886732
7.670712258918542,0.0005999106615491023,0.0010355764047806598,0.12158244329147408
7.67201217175146,0.0005765459470288004,0.0010355764047806598,0.12158435241058684
7.673312068690209,0.0004565352247307697,0.0010355764047806598,0.1215877496365674
7.674611949805917,-0.001025643723373229,0.0010355764047806598,0.12158973316388039
7.675911815169708,0.0009220651134660696,0.0010355764047806598,0.12159239780410815
7.6772116648527025,0.0006196608813126697,0.0010355764047806598,0.12159257979257018
7.678511498926028,0.0008672009532754987,0.0010355764047806598,0.12159018591247975
7.679811317460807,0.0006765407784266181,0.0010355764047806598,0.12159060330000745
7.681111120528164,0.00048541137221594366,0.0010355764047806598,0.12159146540946067
7.682410908199223,0.0011148211659598034,0.0010355764047806598,0.12159275896697816
7.683710680545111,0.0015338374058902343,0.0010355764047806598,0.12159395212927923
7.685010437636949,0.0005263173330230797,0.0010355764047806598,0.12159541403290748
7.6863101795458615,0.0011457410400100287,0.0010355764047806598,0.12159713809539542
7.687609906342975,0.0015826780249016126,0.0010355764047806598,0.12159911757888106
7.688909618099409,0.0010061365888252571,0.0010355764047806598,0.12160134559010774
7.690209314886293,-7.583818017220523e-05,0.0010355764047806598,0.1216058221335369
7.691508996774749,-0.00012860383238759432,0.0010355764047806598,0.12161169380179152
7.6928086638359,-0.0007218214683028107,0.0010355764047806598,0.12161845456414032
7.6941083161408725,-0.0006921552765143252,0.0010355764047806598,0.12162492632369384
7.695407953760789,-0.00023450172716664441,0.0010355764047806598,0.1216350804261138
7.696707576766775,-0.0002834882797380506,0.0010355764047806598,0.12164318375201813
7.698007185229953,7.045263336363794e-05,0.0010355764047806598,0.12165084004016367
7.699306779221449,0.00015292259251344087,0.0010355764047806598,0.12165912011128147
7.700606358812385,0.0007067027869922388,0.0010355764047806598,0.12166804143458385
7.701905924073888,0.001707054001627531,0.0010355764047806598,0.12167873044685452
7.70320547507708,0.0011717522180165335,0.0010355764047806598,0.12168892962502367
7.704505011893088,0.0010153439887614912,0.0010355764047806598,0.12169895051632909
7.705804534593032,0.0005276110610004381,0.0010355764047806598,0.12171025819728183
7.707104043248038,0.0013881211427067969,0.0010355764047806598,0.1217188293243288
7.708403537929232,0.0037089326071872153,0.0010355764047806598,0.12172608421587017
7.709703018707737,0.004869203855331114,0.0010355764047806598,0.1217320384518074
7.711002485654677,0.005016096057647398,0.0010355764047806598,0.12173670670546315
7.712301938841175,0.006782015143700623,0.0010355764047806598,0.12174110205632281
7.713601378338357,0.006563847263321793,0.0010355764047806598,0.12174519234607453
7.714900804217346,0.003151221093891751,0.0010355764047806598,0.12174894491380994
7.71620021654927,0.0008597325130062228,0.0010355764047806598,0.12175365200253253
7.717499615405247,0.0012546215365579344,0.0010355764047806598,0.12175960928990459
7.718799000856405,0.001057524180523059,0.0010355764047806598,0.1217716321429233
7.720098372973868,0.0008515552190860309,0.0010355764047806598,0.12178541747895993
7.72139773182876,0.0005395670444770656,0.0010355764047806598,0.12179691159775921
7.722697077492204,0.00017005503710193492,0.0010355764047806598,0.12180761375615769
7.723996410035326,0.00019786662741967664,0.0010355764047806598,0.12182102878955264
7.725295729529249,-0.0002912655950501747,0.0010355764047806598,0.12183281512704455
7.726595036045096,-0.00028504601761011883,0.0010355764047806598,0.121844576347063
7.727894329653994,-0.00034943802104593635,0.0010355764047806598,0.12185634314984264
7.729193610427067,0.00021635861706650883,0.0010355764047806598,0.12186814581316692
7.730492878435435,0.0001380634343768894,0.0010355764047806598,0.12188098204780319
7.731792133750228,-7.938022420098112e-05,0.0010355764047806598,0.12189483768602799
7.733091376442567,0.0005917005878512127,0.0010355764047806598,0.12190969852889527
7.734390606583576,0.001000805605923888,0.0010355764047806598,0.12192296645099007
7.73568982424438,0.0022576548597929985,0.0010355764047806598,0.12193709067310982
7.736989029496105,0.0031182416279928876,0.0010355764047806598,0.12194675822313585
7.738288222409873,0.004066030601492673,0.0010355764047806598,0.12195702485422825
7.739587403056806,0.003390039846618495,0.0010355764047806598,0.12196790543177276
7.740886571508033,0.002522952935083672,0.0010355764047806598,0.12197941449742777
7.742185727834674,0.0018020921931813372,0.0010355764047806598,0.12199156626912801
7.7434848721078575,0.0010153277861797427,0.0010355764047806598,0.12200529770807761
7.7447840043987055,0.0010096407082973852,0.0010355764047806598,0.12202058080232103
7.74608312477834,0.0017598693144457167,0.0010355764047806598,0.12203738758927692
7.7473822333178886,0.0064114364156692555,0.0010355764047806598,0.12205485372661799
7.748681330088474,0.007506904638425099,0.0010355764047806598,0.12207298902994707
7.749980415161221,0.004257191396627336,0.0010355764047806598,0.12209224118970258
7.751279488607252,0.0011561471045635069,0.0010355764047806598,0.12211103564060026
7.752578550497694,-0.00036164644271365065,0.0010355764047806598,0.1221293725925596
7.75387760090367,-0.0008040332946044337,0.0010355764047806598,0.12214717559858146
7.755176639896302,-0.0008812338640018513,0.0010355764047806598,0.12216147981013983
7.756475667546718,0.0009645697611291304,0.0010355764047806598,0.12218545730250857
7.757774683926041,0.0025037184433375076,0.0010355764047806598,0.12220787396653844
7.759073689105394,0.0029216367382990105,0.0010355764047806598,0.12223027625997232
7.760372683155901,0.0021115448175309387,0.0010355764047806598,0.12225537585603566
7.761671666148688,0.004918282930291673,0.0010355764047806598,0.12228311121648353
7.7629706381548775,0.005409579500506814,0.0010355764047806598,0.12231031332556612
7.764269599245596,0.0024754421074073135,0.0010355764047806598,0.12233597789945486
7.765568549491965,0.0020350842026162774,0.0010355764047806598,0.12236315837555566
7.76686748896511,0.004857426313946464,0.0010355764047806598,0.12239184983046876
7.768166417736154,0.004973911330517278,0.0010355764047806598,0.12242204745581203
7.769465335876224,0.0018464179173542372,0.0010355764047806598,0.12245374655822121
7.770764243456442,0.0012890707477449942,0.0010355764047806598,0.12248609931884688
7.772063140547933,0.00015502806447624529,0.0010355764047806598,0.12251906428819662
7.773362027221821,3.040927898952106e-05,0.0010355764047806598,0.12254637039814456
7.774660903549229,0.0003347751521876191,0.0010355764047806598,0.12257481233596472
7.775959769601282,0.0007396147729085006,0.0010355764047806598,0.12260688173393905
7.777258625449106,0.0005265736309280483,0.0010355764047806598,0.12263541094326796
7.778557471163824,0.0006292287405574304,0.0010355764047806598,0.12266879540408834
7.779856306816559,0.000687764699897786,0.0010355764047806598,0.12270284135529082
7.781155132478435,0.00205021834416097,0.0010355764047806598,0.12273644680754445
7.78245394822058,0.002252196014201041,0.0010355764047806598,0.12277047222371631
7.783752754114113,0.0009026649737760989,0.0010355764047806598,0.12280349672994652
7.785051550230163,0.0003074767723897087,0.0010355764047806598,0.12283704557934794
7.786350336639851,6.024956433588191e-05,0.0010355764047806598,0.12287109443846692
7.787649113414302,-6.643431453917659e-05,0.0010355764047806598,0.12290561866234577
7.788947880624639,-0.0003597248247328433,0.0010355764047806598,0.12294133425364331
7.790246638341989,-0.0005493803924636748,0.0010355764047806598,0.12297920480246097
7.791545386637475,7.139979691826726e-05,0.0010355764047806598,0.12301921648863814
7.792844125582222,-2.2480833109836396e-05,0.0010355764047806598,0.12305790337872889
7.794142855247352,-2.545029421689715e-05,0.0010355764047806598,0.12309584528905465
7.79544157570399,-0.00032398914480069596,0.0010355764047806598,0.12313034366875748
7.796740287023261,-0.0002937191910213771,0.0010355764047806598,0.12316614838558393
7.7980389892762885,7.187345355826047e-05,0.0010355764047806598,0.12320334124020607
7.7993376825341985,9.148485716099775e-05,0.0010355764047806598,0.12324193454555668
7.800636366868112,3.0886825503673165e-05,0.0010355764047806598,0.1232819405778308
7.801935042349156,4.656283684421891e-05,0.0010355764047806598,0.12332302829655822
7.803233709048452,0.0010999174849757876,0.0010355764047806598,0.12336822187688101
7.804532367037127,0.0052777821756425786,0.0010355764047806598,0.12340875892299706
7.805831016386304,0.007161109093107007,0.0010355764047806598,0.1234480107975504
7.807129657167108,0.0036532622230144862,0.0010355764047806598,0.12348832186156022
7.808428289450661,0.001182393110824978,0.0010355764047806598,0.12352776752103795
7.80972691330809,0.0011912001319544785,0.0010355764047806598,0.12356640768697054
7.811025528810517,0.002720504885672645,0.0010355764047806598,0.12360430124401182
7.812324136029067,0.0036711990287744967,0.0010355764047806598,0.12364157136972784
7.8136227350348655,0.002375992063327878,0.0010355764047806598,0.12368084321012081
7.814921325899035,0.00027537059302853995,0.0010355764047806598,0.12372106743175607
7.816219908692699,-0.0004936062972163702,0.0010355764047806598,0.12376134161100329
7.817518483486983,-0.0004576505922990054,0.0010355764047806598,0.1238015719580613
7.818817050353012,-0.0006274339835878884,0.0010355764047806598,0.12384166393169177
7.82011560936191,-0.0003017191343564207,0.0010355764047806598,0.12388128711846566
7.8214141605848,0.00019830162318133782,0.0010355764047806598,0.12392026192680725
7.8227127040928055,0.0004025049014124288,0.0010355764047806598,0.1239657609602387
7.824011239957053,0.0007685860436716652,0.0010355764047806598,0.12401461967185322
7.825309768248664,0.0006776607853759414,0.0010355764047806598,0.1240668142365777
7.8266082890387665,0.0002033183345431372,0.0010355764047806598,0.12412364800462096
7.827906802398482,-4.675759702971183e-05,0.0010355764047806598,0.12417553136250367
7.829205308398936,0.0006427054890715267,0.0010355764047806598,0.12422882135590041
7.83050380711125,0.0008145633800735602,0.0010355764047806598,0.12428350421845051
7.831802298606552,0.0012028386643341271,0.0010355764047806598,0.12433956598367155
7.833100782955963,0.0022317252795581582,0.0010355764047806598,0.12439906278375758
7.834399260230609,0.0013377592440276809,0.0010355764047806598,0.12445577988787676
7.8356977305016144,-0.00033402100749217734,0.0010355764047806598,0.1245113945331631
7.836996193840101,-7.302646567383664e-06,0.0010355764047806598,0.12456591381714124
7.838294650317197,-0.0004634275694630624,0.0010355764047806598,0.12462033417551224
7.8395931000040235,-0.0003453460037067535,0.0010355764047806598,0.12467279009470225
7.840891542971705,-0.0008300003591659444,0.0010355764047806598,0.12472709724758364
7.842189979291367,-0.00045897546221181085,0.0010355764047806598,0.12478617037283418
7.843488409034133,0.0002385675760906425,0.0010355764047806598,0.12484517431466657
7.844786832271127,-0.0001713332134498785,0.0010355764047806598,0.12490686923747998
7.8460852490734725,-0.0003388953543765755,0.0010355764047806598,0.12496954537828467
7.847383659512297,-0.0005245112026880383,0.0010355764047806598,0.12503470174078274
7.848682063658721,-0.00037077521385864287,0.0010355764047806598,0.125101759450734
7.849980461583869,-0.0002558993210115268,0.0010355764047806598,0.12517032160774755
7.851278853358868,-0.0003585504582480775,0.0010355764047806598,0.1252403673855587
7.852577239054838,0.0004654964563852171,0.0010355764047806598,0.12531030641602894
7.853875618742907,0.00033644671467064624,0.0010355764047806598,0.12538018814904536
7.8551739924942,0.0011571746579215336,0.0010355764047806598,0.12544976930692384
7.856472360379836,0.001182755906236066,0.0010355764047806598,0.12552050861029823
7.857770722470944,0.0026569198260378846,0.0010355764047806598,0.12559311427871714
7.859069078838646,0.004488594096052956,0.0010355764047806598,0.12566437866713948
7.860367429554066,0.003459514021279475,0.0010355764047806598,0.12573051192130136
7.861665774688331,0.0008741423339212462,0.0010355764047806598,0.12579509447130438
7.862964114312561,0.0008280069488359187,0.0010355764047806598,0.12586044473196947
7.8642624484978825,0.0003560410730988617,0.0010355764047806598,0.1259265924471349
7.86556077731542,-0.0004659080540364846,0.0010355764047806598,0.12599356661552394
7.8668591008362965,-6.730638438023906e-05,0.0010355764047806598,0.12606327915234264
7.868157419131638,0.00011802292794430014,0.0010355764047806598,0.1261356727204489
7.869455732272568,-0.00022715429507955132,0.0010355764047806598,0.12621068999850177
7.870754040330208,7.616691644529716e-05,0.0010355764047806598,0.12628890864575495
7.872052343375685,0.0005994420508108056,0.0010355764047806598,0.12636673326767525
7.873350641480124,0.002429469367678988,0.0010355764047806598,0.1264398533328421
7.874648934714648,0.003177288125686961,0.0010355764047806598,0.1265106367055678
7.875947223150382,0.0014518507104472334,0.0010355764047806598,0.12658670042321776
7.877245506858447,0.0004554554876071981,0.0010355764047806598,0.12666383175284618
7.878543785909971,8.270271042318256e-05,0.0010355764047806598,0.1267420825333849
7.879842060376076,0.00039984175520144105,0.0010355764047806598,0.12682365079885294
7.881140330327887,0.00035266419334353816,0.0010355764047806598,0.12690954272612873
7.88243859583653,0.00111758820348426,0.0010355764047806598,0.1269975119045976
7.883736856973126,0.0019866646683746603,0.0010355764047806598,0.12708897185790524
7.8850351138088,0.002960720174238929,0.0010355764047806598,0.12718265456377278
7.886333366414678,0.0029922137366279744,0.0010355764047806598,0.12727131815040332
7.887631614861881,0.002104854143962137,0.0010355764047806598,0.12736058985665122
7.8889298592215376,0.0016849623228131494,0.0010355764047806598,0.12745047694668316
7.890228099564768,0.0012534387134396363,0.0010355764047806598,0.12754198990109292
7.891526335962698,0.0008495178535634085,0.0010355764047806598,0.1276345633545946
7.8928245684864535,0.0012592298800029045,0.0010355764047806598,0.1277281807389232
7.894122797207154,0.003866788519078068,0.0010355764047806598,0.1278240990242554
7.89542102219593,0.005232731706653088,0.0010355764047806598,0.1279222428445422
7.8967192435239015,0.0033118527098593142,0.0010355764047806598,0.12801519910673775
7.898017461262193,0.004698405328381755,0.0010355764047806598,0.12810414599408299
7.899315675481929,0.0032969785744051405,0.0010355764047806598,0.12819468820987165
7.900613886254234,0.0004973151808923826,0.0010355764047806598,0.1282842293413824
7.9019120936502345,-0.0001488322570575018,0.0010355764047806598,0.1283750860388248
7.90321029774105,0.00018875921239275284,0.0010355764047806598,0.1284714705829058
7.904508498597807,0.000617165176057477,0.0010355764047806598,0.12857345190799488
7.905806696291631,0.0004097107640728681,0.0010355764047806598,0.1286819811862357
7.907104890893645,-0.000300855660155086,0.0010355764047806598,0.1287943782827241
7.908403082474973,-0.00012984935199372716,0.0010355764047806598,0.1289088694069631
7.90970127110674,0.00020673713076130307,0.0010355764047806598,0.12902404358516464
7.910999456860069,0.0011930470883837752,0.0010355764047806598,0.12913852034911114
7.912297639806085,0.0015637555092269106,0.0010355764047806598,0.12925668925025874
7.913595820015913,0.0015568055620611698,0.0010355764047806598,0.12937512556862696
7.914893997560676,0.0007621947853883315,0.0010355764047806598,0.12949681470529792
7.916192172511498,0.0005201484867108641,0.0010355764047806598,0.1296204648030432
7.9174903449395035,-0.000496941398637013,0.0010355764047806598,0.129746022357922
7.918788514915818,-0.0004509353444358821,0.0010355764047806598,0.1298734590936344
7.920086682511563,0.00010942298368699088,0.0010355764047806598,0.13000338827188884
7.9213848477978654,-0.0004231491347672367,0.0010355764047806598,0.13012876024650002
7.922683010845848,-0.00017191830580151612,0.0010355764047806598,0.1302562893588321
7.923981171726636,5.665536836144125e-05,0.0010355764047806598,0.13038596483147222
7.925279330511352,-0.00036194385797305717,0.0010355764047806598,0.13051777547436488
7.926577487271123,-0.0002972668244894672,0.0010355764047806598,0.1306534087770805
7.927875642077069,-0.0003653664451586103,0.0010355764047806598,0.13079277619645963
7.929173795000318,8.66916240782889e-05,0.0010355764047806598,0.13093525959920688
7.930471946111992,-7.472980972275667e-05,0.0010355764047806598,0.13107456990289904
7.931770095483217,0.00044700433465477696,0.0010355764047806598,0.13121549862313214
7.933068243185115,0.0024228293010465363,0.0010355764047806598,0.13135784624099078
7.9343663892888125,0.002135178225904366,0.0010355764047806598,0.13150108698080948
7.935664533865432,0.000502777845199226,0.0010355764047806598,0.1316438948707014
7.936962676986098,-0.0010619150440784597,0.0010355764047806598,0.13178812008804316
7.938260818721935,-0.0010153507170997667,0.0010355764047806598,0.13193850574532087
7.939558959144068,-0.0010620061940475323,0.0010355764047806598,0.1320903269939418
7.94085709832362,-0.0002391761061642239,0.0010355764047806598,0.13224114245120255
7.942155236331715,-0.00027685304107077924,0.0010355764047806598,0.1323923571889368
7.943453373239479,0.0001773708243208716,0.0010355764047806598,0.1325448845261557
7.944751509118036,0.000763508930240131,0.0010355764047806598,0.1327027285317623
7.946049644038506,0.000291995558255459,0.0010355764047806598,0.13286357887179884
7.947347778072018,-0.0006084980706186349,0.0010355764047806598,0.13302222798538102
7.948645911289694,-0.0011593887772362865,0.0010355764047806598,0.13318339495577985
7.9499440437626605,-0.00039021027398072894,0.0010355764047806598,0.13334707829136153
7.951242175562039,-0.00010194129328108814,0.0010355764047806598,0.13351293807482156
7.952540306758955,-0.00021159611363666397,0.0010355764047806598,0.13368092081195837
7.953838437424532,0.002006364746630962,0.0010355764047806598,0.13384902935467996
7.955136567629896,0.0034341241855420923,0.0010355764047806598,0.13401831827002822
7.956434697446168,0.0023874156057947238,0.0010355764047806598,0.13418741124300407
7.9577328269444765,0.0014789022317238942,0.0010355764047806598,0.13435594109657714
7.959030956195942,0.000692598308887904,0.0010355764047806598,0.13452485593136865
7.96032908527169,0.0010831234499742715,0.0010355764047806598,0.13469412619921212
7.961627214242844,0.0019100955133631303,0.0010355764047806598,0.13485909649688482
7.96292534318053,0.0014305077020455303,0.0010355764047806598,0.13502562132161086
7.9642234721558705,0.00010449299652792732,0.0010355764047806598,0.13519461002116956
7.965521601239991,1.586031314348979e-05,0.0010355764047806598,0.13536462052520926
7.966819730504014,0.0003960131857568272,0.0010355764047806598,0.13553892654597163
7.968117860019065,0.0002610523251961039,0.0010355764047806598,0.13572177887778514
7.969415989856268,-0.00023635860037876655,0.0010355764047806598,0.1359042894125656
7.970714120086747,-0.0007106484124729806,0.0010355764047806598,0.1360884926182835
7.972012250781627,-0.0011985037339594384,0.0010355764047806598,0.13627574896643418
7.973310382012032,-0.00037551157913201516,0.0010355764047806598,0.13646594193196024
7.974608513849085,-6.580871712622005e-05,0.0010355764047806598,0.13665503490050393
7.975906646363911,-2.3708667220123658e-05,0.0010355764047806598,0.13684417957757777
7.977204779627633,-0.0007069798805740268,0.0010355764047806598,0.13703305835231275
7.978502913711378,-0.0011362263953647589,0.0010355764047806598,0.13722331526124862
7.979801048686269,-0.0006301198821718756,0.0010355764047806598,0.13741491742660286
7.981099184623429,-1.755403735245742e-05,0.0010355764047806598,0.13760966024898819
7.982397321593982,-0.0004037360017037639,0.0010355764047806598,0.1378063008263599
7.983695459669054,-0.0003366339408426844,0.0010355764047806598,0.13800178593582588
7.984993598919769,-0.0005453654926597384,0.0010355764047806598,0.13819841423235404
7.986291739417251,-0.0004408851413801873,0.0010355764047806598,0.13839434556077715
7.987589881232623,-0.0008966098730757155,0.0010355764047806598,0.13858880414267347
7.988888024437009,-0.00017507971193087002,0.0010355764047806598,0.13878488023513713
7.990186169101535,0.00015060914237818857,0.0010355764047806598,0.13898388257854258
7.991484315297325,-0.000757730416785396,0.0010355764047806598,0.1391847456318948
7.992782463095502,-0.00094219584861302,0.0010355764047806598,0.13938694482714534
7.994080612567191,-0.0010340904847537524,0.0010355764047806598,0.13958335071926503
7.995378763783516,-0.0008843380404056078,0.0010355764047806598,0.13978375538631507
7.996676916815601,-0.0012824914264533416,0.0010355764047806598,0.13998769257687485
7.997975071734571,-0.00010007210118842536,0.0010355764047806598,0.14019363551301944
7.999273228611551,-0.0010593617838335345,0.0010355764047806598,0.1404019090063366
8.000571387517661,-0.0009052532745534025,0.0010355764047806598,0.14061124349605594
8.00186954852403,-0.000970335703309122,0.0010355764047806598,0.14082537669856932
8.00316771170178,-0.0011451319515796976,0.0010355764047806598,0.14104013788070327
8.004465877122035,-0.0008362270509753855,0.0010355764047806598,0.14125774692423426
8.00576404485592,7.82618878088226e-05,0.0010355764047806598,0.14146751960413986
8.007062214974559,0.00048326121250591436,0.0010355764047806598,0.1416808000535763
8.008360387549075,0.0019355311522662177,0.0010355764047806598,0.14188833114870647
8.009658562650595,0.0026677746991453366,0.0010355764047806598,0.14209165294624043
8.01095674035024,0.0015272683974387469,0.0010355764047806598,0.14229669459120858
8.012254920719137,0.000791238588997295,0.0010355764047806598,0.14250329604385834
8.013553103828409,0.0006040553748340449,0.0010355764047806598,0.14271547802766132
8.01485128974918,6.120650201965616e-05,0.0010355764047806598,0.14293182760399675
8.016149478552572,0.00019812367629884475,0.0010355764047806598,0.14314870735848906
8.017447670309714,-0.0004978805057989921,0.0010355764047806598,0.1433703628997227
8.018745865091729,0.00036291631510568245,0.0010355764047806598,0.14359521936581382
8.020044062969736,0.0014776801833160658,0.0010355764047806598,0.1438232063402673
8.021342264014866,0.0012834223752816454,0.0010355764047806598,0.14405425375595315
8.02264046829824,0.0010716370122791918,0.0010355764047806598,0.14428728005157912
8.023938675890982,0.0017766419554832158,0.0010355764047806598,0.14452343307108015
8.025236886864217,0.0011693268188700534,0.0010355764047806598,0.14475896164694085
8.026535101289069,2.8939153870866097e-05,0.0010355764047806598,0.14499655823030205
8.027833319236661,1.8577414730602815e-05,0.0010355764047806598,0.14523213683442127
8.02913154077812,0.0004212523137116231,0.0010355764047806598,0.1454729875532399
8.030429765984568,-0.0004352219880615904,0.0010355764047806598,0.1457168755998777
8.031727994927131,0.00043335595361840284,0.0010355764047806598,0.14596371234134028
8.033026227676931,0.0009780372863978648,0.0010355764047806598,0.14620811496190164
8.034324464305094,0.0005242552371388376,0.0010355764047806598,0.1464548887665671
8.035622704882742,0.0004131664548833458,0.0010355764047806598,0.14670300771913408
8.036920949481,0.0012228117601281174,0.0010355764047806598,0.14695466708637295
8.038219198170994,0.0011032662215799405,0.0010355764047806598,0.14720426936918224
8.039517451023848,0.00031625316923075686,0.0010355764047806598,0.14745286742088665
8.040815708110683,-0.00010364192618791956,0.0010355764047806598,0.1476995302642594
8.042113969502628,0.0007972115306892624,0.0010355764047806598,0.1479463054967551
8.043412235270802,0.0015557193825217752,0.0010355764047806598,0.14819379622086618
8.044710505486336,0.0031967449268958947,0.0010355764047806598,0.14844380527477954
8.046008780220346,0.0038156865668674267,0.0010355764047806598,0.1486857449284735
8.04730705954396,0.002209087656012132,0.0010355764047806598,0.14892880081465498
8.048605343528306,0.0012944928893278418,0.0010355764047806598,0.14916931802723016
8.049903632244503,0.0009702429569732607,0.0010355764047806598,0.14941377954478835
8.051201925763676,0.000957922823072832,0.0010355764047806598,0.14966073172267585
8.05250022415695,0.0003033606446749826,0.0010355764047806598,0.14990912950870555
8.05379852749545,0.0002294642898323651,0.0010355764047806598,0.15015609384962572
8.0550968358503,0.0003676716052576079,0.0010355764047806598,0.1504058505608385
8.056395149292623,0.0007234943075436207,0.0010355764047806598,0.15065783521996723
8.057693467893545,0.000422182327590892,0.0010355764047806598,0.15091156385940846
8.05899179172419,0.0006326634085466187,0.0010355764047806598,0.1511668974696519
8.06029012085568,0.00031290534788647184,0.0010355764047806598,0.15142268302123765
8.06158845535914,0.000723322024468398,0.0010355764047806598,0.15167844097494662
8.062886795305692,3.703015971523449e-05,0.0010355764047806598,0.15193409520041906
8.064185140766465,-0.0001042542118361578,0.0010355764047806598,0.1521892158684125
8.065483491812584,-0.00040891220098704384,0.0010355764047806598,0.15244486505607777
8.066781848515168,0.0007985088235136495,0.0010355764047806598,0.15270081615045117
8.068080210945345,0.0015928254384383889,0.0010355764047806598,0.15295754374473666
8.069378579174236,0.0025722672532961788,0.0010355764047806598,0.15321662330723726
8.070676953272967,0.0015227137860935602,0.0010355764047806598,0.15347336827543448
8.071975333312663,0.0005555697113343028,0.0010355764047806598,0.15373108375701236
8.073273719364447,-2.3208939653823757e-05,0.0010355764047806598,0.15398548754294344
8.074572111499444,-0.0002612241441743435,0.0010355764047806598,0.1542410012282403
8.075870509788778,0.0004095360903640377,0.0010355764047806598,0.15449752144063802
8.077168914303572,0.0003753897815011731,0.0010355764047806598,0.15475321443731405
8.078467325114953,0.00014724404153518278,0.0010355764047806598,0.1550106997524183
8.079765742294041,0.00010482164109235081,0.0010355764047806598,0.15526824865410357
8.081064165911965,8.724724888667379e-05,0.0010355764047806598,0.155523837046033
8.082362596039843,-0.00011572852649879839,0.0010355764047806598,0.1557774149101041
8.08366103274881,0.00037767098840568725,0.0010355764047806598,0.15602847149435461
8.084959476109978,-0.0003106085627799515,0.0010355764047806598,0.15628148545778953
8.086257926194474,5.0576475996738646e-05,0.0010355764047806598,0.1565348276214465
8.08755638307343,-0.00010688344040266085,0.0010355764047806598,0.15679468368390556
8.088854846817963,-8.116949741202029e-05,0.0010355764047806598,0.15705536665740377
8.0901533174992,9.859811146667452e-05,0.0010355764047806598,0.15731653167142645
8.091451795188261,-0.0005464507161693222,0.0010355764047806598,0.15757368001886768
8.092750279956277,-6.850956108436779e-05,0.0010355764047806598,0.15782884277343584
8.094048771874364,0.0007877640333751323,0.0010355764047806598,0.15808454000254074
8.095347271013656,0.0015899724170408691,0.0010355764047806598,0.1583375127396802
8.09664577744527,0.0006893834430786727,0.0010355764047806598,0.15859421191058526
8.097944291240333,-0.00065417938171905,0.0010355764047806598,0.1588490623257473
8.099242812469969,-0.0005043253779083157,0.0010355764047806598,0.15910592546757057
8.100541341205298,-0.0005123361141977922,0.0010355764047806598,0.15936405566693335
8.101839877517452,-0.0003138102418049349,0.0010355764047806598,0.15962468561829934
8.10313842147755,-5.146216228441025e-05,0.0010355764047806598,0.15988507234180824
8.104436973156716,0.0004390571283829914,0.0010355764047806598,0.16014735934735058
8.105735532626078,1.43151316600032e-05,0.0010355764047806598,0.16040996807216013
8.107034099956755,0.0007550504565125571,0.0010355764047806598,0.16067393088509338
8.108332675219874,0.0017122207010797919,0.0010355764047806598,0.16093846955583924
8.109631258486562,0.0015829346808168554,0.0010355764047806598,0.16120191341083856
8.110929849827938,0.0006016603014473709,0.0010355764047806598,0.16146512834501658
8.112228449315129,0.00023620166777796325,0.0010355764047806598,0.16172827792142716
8.113527057019258,-0.0006368979516434559,0.0010355764047806598,0.16199132720032924
8.11482567301145,-0.0001783188219159071,0.0010355764047806598,0.1622553568726469
8.11612429736283,-0.00028150726989811803,0.0010355764047806598,0.16251823537104657
8.117422930144524,-0.00017623965171939537,0.0010355764047806598,0.16277486813678446
8.118721571427649,-0.0009037035900560653,0.0010355764047806598,0.16302638317256035
8.120020221283337,-0.0006179367414820003,0.0010355764047806598,0.16328487228962948
8.121318879782708,0.0006821340795678532,0.0010355764047806598,0.16354411709245542
8.122617546996887,-0.00021704146393974888,0.0010355764047806598,0.16380399308322677
8.123916222996998,0.00015313869621524923,0.0010355764047806598,0.16406437600096202
8.125214907854165,-0.0003062915922996956,0.0010355764047806598,0.16432136965202623
8.126513601639514,-0.00026183906305257687,0.0010355764047806598,0.16458245271455496
8.127812304424168,-0.0009604475263698953,0.0010355764047806598,0.16484266774127287
8.12911101627925,-0.000710066801929754,0.0010355764047806598,0.16510322723794307
8.130409737275887,-0.000805790927338762,0.0010355764047806598,0.16536383333506124
8.131708467485202,-0.000437759666599119,0.0010355764047806598,0.1656226177520871
8.133007206978318,-0.0005575184349038698,0.0010355764047806598,0.1658797183990543
8.134305955826358,0.0003454189149851572,0.0010355764047806598,0.1661427874361957
8.13560471410045,-1.2159000435385536e-05,0.0010355764047806598,0.16640008820389915
8.136903481871716,-0.0005574230577906902,0.0010355764047806598,0.1666583342491311
8.138202259211283,-0.0006209679145610103,0.0010355764047806598,0.1669163302723604
8.13950104619027,0.00022989100310860655,0.0010355764047806598,0.16716985451116684
8.140799842879805,-3.6819100129648064e-05,0.0010355764047806598,0.1674232088942178
8.142098649351013,0.00023665097244707223,0.0010355764047806598,0.16767611272588157
8.143397465675015,-0.0005199613465253494,0.0010355764047806598,0.16792894956934912
8.144696291922935,0.0005537446160222281,0.0010355764047806598,0.16818202079003247
8.145995128165902,-0.00019829522604702943,0.0010355764047806598,0.1684348851871641
8.147293974475035,-0.0005986372510338456,0.0010355764047806598,0.1686869000902656
8.148592830921459,-0.0003715235208994472,0.0010355764047806598,0.1689369118923114
8.149891697576301,-0.0006298224569827593,0.0010355764047806598,0.16918568663976463
8.151190574510686,0.0007336451337451588,0.0010355764047806598,0.16943643934680244
8.152489461795733,0.00040925613831052643,0.0010355764047806598,0.1696932882560333
8.15378835950257,0.0012728179164408215,0.0010355764047806598,0.16995130181242163
8.15508726770232,0.0019251146355669657,0.0010355764047806598,0.17021046381861207
8.156386186466108,0.002143541395202342,0.0010355764047806598,0.17047073111380884
8.157685115865059,0.0019142646483540637,0.0010355764047806598,0.17072354156158343
8.158984055970294,0.0025720922489686215,0.0010355764047806598,0.1709743180367932
8.16028300685294,0.002540023320464907,0.0010355764047806598,0.17122121094763143
8.16158196858412,0.0016823290955275128,0.0010355764047806598,0.17146645200101526
8.162880941234958,0.0026855941387704807,0.0010355764047806598,0.17170997192140353
8.164179924876578,0.003194775941169875,0.0010355764047806598,0.1719516874091565
8.16547891958011,0.0013911812886112929,0.0010355764047806598,0.17219928649542238
8.16677792541667,0.0008103118969869372,0.0010355764047806598,0.1724504043534159
8.168076942457382,-0.00038447092340210265,0.0010355764047806598,0.17270180062776755
8.169375970773375,-0.000813375232738861,0.0010355764047806598,0.1729553806301322
8.170675010435774,0.0008885324882840218,0.0010355764047806598,0.1732041547439395
8.171974061515701,-0.0005629077010486372,0.0010355764047806598,0.1734526271872438
8.17327312408428,-0.00016902838264379327,0.0010355764047806598,0.17369961790884048
8.174572198212635,0.00022281704837476268,0.0010355764047806598,0.17394725329696975
8.17587128397189,0.00011091446554889473,0.0010355764047806598,0.1741918867957388
8.177170381433172,-0.0005296614400451538,0.0010355764047806598,0.17443348697780123
8.1784694906676,2.7590569190383274e-05,0.0010355764047806598,0.17468186237426733
8.179768611746303,0.00022209257865057896,0.0010355764047806598,0.17493158397679
8.181067744740403,0.0012552842403746323,0.0010355764047806598,0.17518080134176858
8.182366889721024,-0.0007900838005271971,0.0010355764047806598,0.1754220292518278
8.18366604675929,-0.00046658606661312274,0.0010355764047806598,0.17566443083591915
8.18496521592633,-0.0001659785441055217,0.0010355764047806598,0.1759079249558701
8.186264397293261,0.00028927142028914443,0.0010355764047806598,0.17614979508221631
8.187563590931212,0.0003771275787394224,0.0010355764047806598,0.17639168264466934
8.188862796911303,0.0003620189662594253,0.0010355764047806598,0.17664110107880962
8.190162015304663,5.987989760186663e-05,0.0010355764047806598,0.1768936838031829
8.191461246182417,0.0013641810631185025,0.0010355764047806598,0.17714353724954268
8.192760489615681,0.003032471739035092,0.0010355764047806598,0.17739492780254928
8.194059745675588,0.003597628761513011,0.0010355764047806598,0.17764046263537905
8.195359014433256,0.001897110190896223,0.0010355764047806598,0.17788528235461756
8.196658295959814,0.0008867133783280745,0.0010355764047806598,0.17812930426029025
8.197957590326384,0.0005017363963543686,0.0010355764047806598,0.17837152413736823
8.19925689760409,0.0005213078591481957,0.0010355764047806598,0.17861532591202464
8.200556217864056,0.00037469402267267804,0.0010355764047806598,0.17885836698661417
8.201855551177404,0.0014818150357952253,0.0010355764047806598,0.1791020803841258
8.203154897615267,0.0005914347223304195,0.0010355764047806598,0.17934921438069357
8.20445425724876,-5.638875072389027e-05,0.0010355764047806598,0.17959361483277234
8.20575363014901,-0.00016568648999332192,0.0010355764047806598,0.1798336385810586
8.207053016387142,0.0001938793701171393,0.0010355764047806598,0.1800729710890582
8.20835241603428,-0.0002647620049759658,0.0010355764047806598,0.18031268495121605
8.209651829161546,-0.0002605825735013667,0.0010355764047806598,0.18055266821748603
8.210951255840069,0.000547719066059521,0.0010355764047806598,0.18079278250034755
8.21225069614097,-0.00023482584130982143,0.0010355764047806598,0.1810269433356332
8.213550150135372,0.0003784822539895927,0.0010355764047806598,0.1812704284125053
8.214849617894401,-0.00037304084824013595,0.0010355764047806598,0.18151381020516016
8.216149099489181,-7.72454396656963e-05,0.0010355764047806598,0.1817570499206108
8.217448594990836,-0.00027854711559077705,0.0010355764047806598,0.18199574745291677
8.218748104470492,0.00033751288951094915,0.0010355764047806598,0.1822284348229614
8.22004762799927,0.00016849394482515434,0.0010355764047806598,0.18245970301404643
8.221347165648298,0.00022602566675128388,0.0010355764047806598,0.1826899718837424
8.222646717488695,0.00032596582022947906,0.0010355764047806598,0.182926462593609
8.22394628359159,2.15201097710227e-05,0.0010355764047806598,0.18316232608502947
8.225245864028105,-3.991986891116461e-05,0.0010355764047806598,0.18339874480500412
8.226545458869365,0.0007736540140766135,0.0010355764047806598,0.18363533767044338
8.227845068186493,0.0002017879556064639,0.0010355764047806598,0.18386914633139126
8.229144692050616,0.0003975714717806833,0.0010355764047806598,0.18409992427890792
8.230444330532853,0.00016560468839629805,0.0010355764047806598,0.1843298147820666
8.231743983704334,7.570088369937555e-05,0.0010355764047806598,0.18455878149590466
8.23304365163618,0.0006297984330610185,0.0010355764047806598,0.1847899229223483
8.234343334399517,0.0007562861929978071,0.0010355764047806598,0.18501984923592446
8.235643032065465,-0.00035786296928011496,0.0010355764047806598,0.1852554644206634
8.236942744705155,0.0001756969656354912,0.0010355764047806598,0.1854856975207719
8.238242472389704,0.00041465604844856396,0.0010355764047806598,0.18571553895253487
8.239542215190243,0.0010402138640200342,0.0010355764047806598,0.1859502308183229
8.24084197317789,0.00012143455500596145,0.0010355764047806598,0.18617924251765086
8.242141746423775,0.00033653981297951385,0.0010355764047806598,0.18640687634040454
8.243441534999015,0.0009472826167646053,0.0010355764047806598,0.18663428553564712
8.244741338974743,0.0005891424883493201,0.0010355764047806598,0.18686136860023655
8.246041158422077,0.0006231939564836642,0.0010355764047806598,0.1870900535984302
8.247340993412141,0.0004737123150848066,0.0010355764047806598,0.18731926134610288
8.248640844016064,0.0007426073702412606,0.0010355764047806598,0.1875486559250372
8.249940710304967,0.0006987400063027671,0.0010355764047806598,0.18777885784232415
8.251240592349973,0.0006891961239411382,0.0010355764047806598,0.18800841410151256
8.25254049022221,0.0009444040609667137,0.0010355764047806598,0.18823735441431355
8.253840403992797,0.0003396605278092324,0.0010355764047806598,0.18847133582625816
8.255140333732864,0.0004022872418646406,0.0010355764047806598,0.18870462895584034
8.256440279513528,0.000973369873282115,0.0010355764047806598,0.18893718203918378
8.257740241405923,0.0002480017666248169,0.0010355764047806598,0.1891726421489258
8.259040219481165,0.00018221137603949278,0.0010355764047806598,0.18940474754663308
8.26034021381038,-5.091007055221808e-05,0.0010355764047806598,0.18962848277719774
8.261640224464696,-0.00017384786296281707,0.0010355764047806598,0.18984936005490988
8.262940251515232,0.0004633166414036993,0.0010355764047806598,0.19006967017002946
8.264240295033115,0.0007295137235194815,0.0010355764047806598,0.19028749973537434
8.265540355089469,0.0011560470758623098,0.0010355764047806598,0.1905020076782625
8.266840431755417,0.0010204755943961086,0.0010355764047806598,0.19071763063867103
8.268140525102085,0.0008115971810427058,0.0010355764047806598,0.19093389365483912
8.2694406352006,-0.00018158367803158826,0.0010355764047806598,0.19115314016772078
8.270740762122077,-0.00016366599274997284,0.0010355764047806598,0.19137045619563986
8.272040905937649,-0.0003332439944382093,0.0010355764047806598,0.19158503210738567
8.273341066718435,0.00016814131047732106,0.0010355764047806598,0.19179833848669053
8.274641244535564,0.0007393988772556037,0.0010355764047806598,0.1920100281682541
8.275941439460155,0.0002616468430593766,0.0010355764047806598,0.19222200944363155
8.277241651563337,9.376950749354074e-05,0.0010355764047806598,0.1924342599098375
8.27854188091623,-4.621471661264698e-05,0.0010355764047806598,0.19264984175808997
8.279842127589959,-0.0012108170612033509,0.0010355764047806598,0.19286547077819782
8.281142391655651,-0.0004063508715772546,0.0010355764047806598,0.19308375032882724
8.282442673184429,-0.0005959792126520869,0.0010355764047806598,0.19330191224169
8.283742972247415,-0.0006090714561249877,0.0010355764047806598,0.19351727340700187
8.285043288915736,-0.00021304702423571853,0.0010355764047806598,0.19373182710344103
8.286343623260514,-9.887741750155832e-05,0.0010355764047806598,0.1939497913781528
8.287643975352875,-0.0005499898070258635,0.0010355764047806598,0.19416433745080752
8.288944345263943,-0.0007915964722101376,0.0010355764047806598,0.19437839912670657
8.290244733064842,-0.0008449900998054871,0.0010355764047806598,0.19458978688284326
8.291545138826695,-0.0008314744616301495,0.0010355764047806598,0.19480149379370082
8.292845562620627,-0.0006703142054700351,0.0010355764047806598,0.19501358280750428
8.294146004517762,-0.0005429690645316065,0.0010355764047806598,0.1952236981188029
8.295446464589224,0.0001458657909780281,0.0010355764047806598,0.19543339761434053
8.296746942906141,0.0003486701560189154,0.0010355764047806598,0.19564024035839905
8.29804743953963,-0.0008527786306126717,0.0010355764047806598,0.1958511646007927
8.29934795456082,-0.0003924752610226234,0.0010355764047806598,0.1960603447966029
8.300648488040837,-0.0005421558426504935,0.0010355764047806598,0.19627578199571205
8.3019490400508,-0.0010452928163125486,0.0010355764047806598,0.19649629477318425
8.303249610661837,8.195320075574108e-05,0.0010355764047806598,0.19671827265894837
8.304550199945071,0.00013015063058646748,0.0010355764047806598,0.1969379398558893
8.305850807971625,0.0004517180643520413,0.0010355764047806598,0.197157971787508
8.307151434812624,0.00043302923840884966,0.0010355764047806598,0.19737823137252378
8.308452080539196,0.0003551686470860127,0.0010355764047806598,0.19759858171286543
8.30975274522246,0.0006718552647921316,0.0010355764047806598,0.1978157775829296
8.31105342893354,0.00019509500325687323,0.0010355764047806598,0.19803220635005464
8.312354131743565,0.00040112410191436854,0.0010355764047806598,0.19824480858430185
8.313654853723653,0.0004204031669949593,0.0010355764047806598,0.19845361222060365
8.314955594944934,-0.0003764597678949655,0.0010355764047806598,0.1986621199114551
8.31625635547853,0.00012547217782185593,0.0010355764047806598,0.19886888156175586
8.317557135395564,0.00043805564347756953,0.0010355764047806598,0.19907469171209227
8.318857934767161,0.0003748619828501665,0.0010355764047806598,0.19928117849737734
8.320158753664446,-0.00040494949306052463,0.0010355764047806598,0.19949019210296517
8.321459592158542,0.0008321103740360214,0.0010355764047806598,0.19970163560369852
8.322760450320574,0.0008712822705722045,0.0010355764047806598,0.19991325418498998
8.324061328221669,4.8845452638640596e-05,0.0010355764047806598,0.20011696464350492
8.325362225932945,-0.0005110499066287022,0.0010355764047806598,0.20031817557211887
8.32666314352553,-0.0004359965663142118,0.0010355764047806598,0.20051949833105623
8.327964081070547,0.0006304327633234463,0.0010355764047806598,0.20072084268633678
8.329265038639122,0.0007563242157103134,0.0010355764047806598,0.2009197155071323
8.33056601630238,0.00020685099058681544,0.0010355764047806598,0.20112155675154392
8.331867014131438,0.00018952369833624694,0.0010355764047806598,0.20132743103794462
8.33316803219743,0.0006682329687033306,0.0010355764047806598,0.2015319582518125
8.334469070571473,-0.00037184464465067624,0.0010355764047806598,0.20173794470380435
8.335770129324695,-0.00010491967203501984,0.0010355764047806598,0.20194473533016982
8.33707120852822,0.00024829055622618834,0.0010355764047806598,0.2021503627903611
8.33837230825317,-5.020380511652767e-05,0.0010355764047806598,0.20236564126104176
8.339673428570672,0.0007681583466307706,0.0010355764047806598,0.20258120567271268
8.340974569551848,0.0015984107754256627,0.0010355764047806598,0.20279699538616516
8.34227573126782,0.0009680978002832297,0.0010355764047806598,0.2030129498636527
8.34357691378972,0.0005527120106670336,0.0010355764047806598,0.20322891686573022
8.344878117188667,-6.0609962649726956e-05,0.0010355764047806598,0.20344835194223695
8.346179341535782,0.0004591097179379444,0.0010355764047806598,0.20365786063782937
8.347480586902194,-9.193754680184019e-05,0.0010355764047806598,0.2038651484194723
8.348781853359027,-0.00029125620022013576,0.0010355764047806598,0.2040704927687549
8.350083140977402,-0.000224265657262801,0.0010355764047806598,0.20427499270675872
8.351384449828448,0.0006251189310657879,0.0010355764047806598,0.20447473433172184
8.352685779983286,0.0011061360925410935,0.0010355764047806598,0.20467455985786184
8.353987131513039,0.0014773063467530545,0.0010355764047806598,0.20487565514999037
8.355288504488835,0.0010318917168310182,0.0010355764047806598,0.20507794502624316
8.356589898981795,-0.00027460658789399406,0.0010355764047806598,0.20528369765864982
8.357891315063045,0.00024211909606217108,0.0010355764047806598,0.20549002141791203
8.359192752803708,7.099891049106022e-06,0.0010355764047806598,0.20569488174102715
8.36049421227491,0.00047971968989166114,0.0010355764047806598,0.20590057427458375
8.361795693547771,-0.000133513490517434,0.0010355764047806598,0.20610702550706703
8.36309719669342,0.0004643380392117258,0.0010355764047806598,0.20631389851390036
8.364398721782981,0.001042670646454108,0.0010355764047806598,0.20651723354917023
8.365700268887576,0.0014360228436208766,0.0010355764047806598,0.20672094782877692
8.367001838078329,0.0008152438099011672,0.0010355764047806598,0.20692168241187
8.368303429426364,0.0005273021828330615,0.0010355764047806598,0.20712479705852152
8.369605043002808,0.0005680629517018643,0.0010355764047806598,0.2073288782780345
8.370906678878784,0.00023037544634377238,0.0010355764047806598,0.20752898217736446
8.372208337125413,0.00011865936990496095,0.0010355764047806598,0.20772962519929689
8.373510017813823,0.0004766260264529032,0.0010355764047806598,0.20793087950942196
8.374811721015137,0.0006887060830388092,0.0010355764047806598,0.20813480420810915
8.37611344680048,0.0016668222196173643,0.0010355764047806598,0.20834185396473942
8.377415195240975,0.0019844214443848207,0.0010355764047806598,0.20854589112146038
8.378716966407746,0.0017340351261663778,0.0010355764047806598,0.2087504244855755
8.38001876037192,0.0006496415378650644,0.0010355764047806598,0.20895677988388567
8.381320577204617,-0.00023562082876654733,0.0010355764047806598,0.20916338771588183
8.382622416976963,0.00026507472606659976,0.0010355764047806598,0.20937157408088952
8.383924279760084,9.790672842430181e-06,0.0010355764047806598,0.20958247689577805
8.385226165625102,-0.00033377095565309545,0.0010355764047806598,0.2097942858380873
8.386528074643143,0.00029016467634748744,0.0010355764047806598,0.21000735950837554
8.387830006885327,0.00027488569592176715,0.0010355764047806598,0.21022156817092852
8.389131962422784,0.0008018684389597963,0.0010355764047806598,0.21043214495487794
8.390433941326636,-0.00011926233052259039,0.0010355764047806598,0.2106453330412858
8.391735943668005,4.3295233051909854e-05,0.0010355764047806598,0.21085169445290827
8.393037969518018,-0.0005028067934745306,0.0010355764047806598,0.21105923888854344
8.3943400189478,-0.00043387527411578586,0.0010355764047806598,0.21126671702289904
8.39564209202847,0.0003683681843631159,0.0010355764047806598,0.21147729454936384
8.396944188831158,0.0007293924717987066,0.0010355764047806598,0.21168889709031563
8.39824630942698,0.0008195882866961768,0.0010355764047806598,0.21190171392607612
8.399548453887073,0.0007482014080395782,0.0010355764047806598,0.21211855787128894
8.400850622282551,-0.00019871166869597778,0.0010355764047806598,0.21233321180441306
8.402152814684541,-0.0005195438503497463,0.0010355764047806598,0.21254988851345524
8.40345503116417,-0.0011672529427805833,0.0010355764047806598,0.21276912005738077
8.404757271792558,0.00010113530457897535,0.0010355764047806598,0.21299076566412345
8.406059536640832,-0.000615989473057077,0.0010355764047806598,0.21321474993458878
8.407361825780116,0.00018802435029466325,0.0010355764047806598,0.21343118579723547
8.408664139281532,0.00011295822816481671,0.0010355764047806598,0.21364523876564223
8.409966477216201,9.47309050099987e-05,0.0010355764047806598,0.21386212192135703
8.411268839655259,0.00018671549506901752,0.0010355764047806598,0.21408331462929253
8.41257122666982,0.0007885492459749344,0.0010355764047806598,0.21430344026638656
8.413873638331012,0.0002513621248175224,0.0010355764047806598,0.21452242373884364
8.415176074709958,-5.9533504981723606e-05,0.0010355764047806598,0.21473725934873958
8.416478535877783,0.00012731956440115155,0.0010355764047806598,0.2149468205640426
8.41778102190561,0.000444843507023035,0.0010355764047806598,0.21515692402115327
8.419083532864562,0.0002571963338731109,0.0010355764047806598,0.21536627064873554
8.42038606882577,9.645046932610368e-05,0.0010355764047806598,0.21557905404185948
8.42168862986035,0.00022648390037924293,0.0010355764047806598,0.2157903995909538
8.422991216039431,0.0012865500487173054,0.0010355764047806598,0.2160033520773695
8.424293827434136,0.001034551782994414,0.0010355764047806598,0.21621786130509574
8.425596464115591,0.0006031164312339798,0.0010355764047806598,0.21643329721891116
8.426899126154915,0.0006803226117273187,0.0010355764047806598,0.21664156459613051
8.428201813623236,-0.000829775508955577,0.0010355764047806598,0.21685121109616043
8.429504526591678,-0.0006372641148644775,0.0010355764047806598,0.2170565531367681
8.430807265131364,-0.000670543137373858,0.0010355764047806598,0.21726007765774133
8.43211002931342,-0.0004059681676326643,0.0010355764047806598,0.2174663351636929
8.433412819208971,-0.0002109384849207918,0.0010355764047806598,0.21767251573411212
8.434715634889137,-0.00044255996488007376,0.0010355764047806598,0.21787853825721307
8.436018476425048,-0.00035846802565275837,0.0010355764047806598,0.21808380797591578
8.43732134388782,0.00023008777245195344,0.0010355764047806598,0.21828948554131297
8.438624237348586,-0.0002868334400498995,0.0010355764047806598,0.21850101700295987
8.439927156878467,-0.00046368517427189393,0.0010355764047806598,0.21870567000931823
8.441230102548582,-0.00025204437984641115,0.0010355764047806598,0.2189110237499889
8.442533074430063,-0.0001558345752887269,0.0010355764047806598,0.2191178272635044
8.44383607259403,0.0005677869098471566,0.0010355764047806598,0.21932355884255103
8.445139097111609,0.0009270041188886857,0.0010355764047806598,0.2195282059787876
8.446442148053922,0.0013145353322052133,0.0010355764047806598,0.21973313577310777
8.447745225492095,0.00043452904806345893,0.0010355764047806598,0.21993738718080816
8.449048329497254,4.031978265772729e-05,0.0010355764047806598,0.22014089319066552
8.450351460140519,0.00018872617070361808,0.0010355764047806598,0.2203536653790018
8.451654617493016,0.001408037086256253,0.0010355764047806598,0.2205692498001055
8.452957801625868,0.0006346166575225687,0.0010355764047806598,0.22078943360346664
8.454261012610203,-0.0006239351133467685,0.0010355764047806598,0.22101190324569545
8.455564250517144,-0.0004132751755032138,0.0010355764047806598,0.22122654504939007
8.45686751541781,-0.0005703131624540947,0.0010355764047806598,0.22144324868014492
8.45817080738333,0.0005873766492890398,0.0010355764047806598,0.22166189682975856
8.459474126484832,0.0006878305739514423,0.0010355764047806598,0.22187826456252796
8.460777472793431,0.0003170668504927088,0.0010355764047806598,0.2220943484804556
8.462080846380255,-0.00044701596866927873,0.0010355764047806598,0.222304976346111
8.463384247316432,0.00021165916131102303,0.0010355764047806598,0.22251831613207435
8.464687675673083,0.0007913248329597944,0.0010355764047806598,0.22273236058753473
8.465991131521331,2.2621859309179815e-05,0.0010355764047806598,0.22294747982446178
8.467294614932303,-0.0006316449853916717,0.0010355764047806598,0.2231635297780689
8.468598125977122,-0.0009863939859843518,0.0010355764047806598,0.2233826152235957
8.469901664726912,-0.0001275746291268809,0.0010355764047806598,0.22360187474711257
8.471205231252796,0.000780841795051751,0.0010355764047806598,0.22381962407389835
8.4725088256259,0.001107319653586042,0.0010355764047806598,0.224035808119052
8.473812447917346,0.0012122995412965354,0.0010355764047806598,0.22425224981855504
8.475116098198264,0.0008990674862013048,0.0010355764047806598,0.22448097215223642
8.476419776539771,8.572470717113645e-05,0.0010355764047806598,0.22470228994209657
8.477723483012994,-0.00026394845687416346,0.0010355764047806598,0.2249205906234498
8.47902721768906,0.00037465734115610383,0.0010355764047806598,0.2251347755854478
8.480330980639089,0.0006416257618506449,0.0010355764047806598,0.22534323078661359
8.481634771934207,0.0016264490351893257,0.0010355764047806598,0.22555263426652095
8.482938591645539,0.0011960204084885406,0.0010355764047806598,0.22576561249106497
8.484242439844206,0.0006316668620929833,0.0010355764047806598,0.22598275759273437
8.485546316601337,0.0012228387343198588,0.0010355764047806598,0.22619973183308825
8.486850221988053,0.0013600452701520993,0.0010355764047806598,0.2264227951842535
8.488154156075478,-0.0005068996543030613,0.0010355764047806598,0.22663872966090912
8.489458118934738,-0.0006212600430770265,0.0010355764047806598,0.22685609234789322
8.490762110636958,-0.001557702062170846,0.0010355764047806598,0.2270748134052147
8.492066131253257,-7.167538500058024e-05,0.0010355764047806598,0.2272921225537511
8.493370180854765,0.0001257513758441131,0.0010355764047806598,0.22751160562771108
8.494674259512601,0.00055137522767576,0.0010355764047806598,0.22773316969083737
8.495978367297896,0.0004400067672074015,0.0010355764047806598,0.22795316712366973
8.49728250428177,0.0009152916287981372,0.0010355764047806598,0.22817090083809985
8.498586670535346,0.0008147070014298263,0.0010355764047806598,0.2283947738330326
8.49989086612975,0.0008919145508389792,0.0010355764047806598,0.2286177235281681
8.501195091136106,0.0003575793381869752,0.0010355764047806598,0.22884167011306836
8.502499345625537,-0.00017501883358164716,0.0010355764047806598,0.22906644800382386
8.503803629669171,-0.00027626480672718334,0.0010355764047806598,0.22928697808276144
8.50510794333813,0.0006356281323280921,0.0010355764047806598,0.22950839941687054
8.506412286703535,0.00014277526536435325,0.0010355764047806598,0.2297250441160012
8.507716659836516,-0.00048598555057516313,0.0010355764047806598,0.22994224791196635
8.50902106280819,-0.00027344760765463105,0.0010355764047806598,0.23015996164739727
8.51032549568969,4.06178885955788e-05,0.0010355764047806598,0.23038362698845768
8.511629958552135,0.0006109617131651868,0.0010355764047806598,0.23060488615494082
8.512934451466647,0.0009288764889415213,0.0010355764047806598,0.2308264177481567
8.514238974504355,0.0006660338911643193,0.0010355764047806598,0.2310499373899559
8.51554352773638,0.0006617240988961159,0.0010355764047806598,0.23127414189307888
8.516848111233848,0.0009951380398369736,0.0010355764047806598,0.2315011051811459
8.518152725067884,0.0008971421282589764,0.0010355764047806598,0.23172381403326822
8.51945736930961,0.0013149421366405178,0.0010355764047806598,0.23194571674818484
8.52076204403015,0.0010450579804607008,0.0010355764047806598,0.23216923929883104
8.52206674930063,0.0005028751332289139,0.0010355764047806598,0.23239602340070506
8.523371485192174,0.0007576326284890744,0.0010355764047806598,0.2326245760546724
8.524676251775904,0.0006216359209449684,0.0010355764047806598,0.23285538332550834
8.525981049122947,0.00022522032297650485,0.0010355764047806598,0.23308046196101265
8.527285877304427,4.701901746498316e-05,0.0010355764047806598,0.23330464182670999
8.528590736391466,-0.00034451062550805434,0.0010355764047806598,0.23352522149692917
8.52989562645519,0.0005558667206614076,0.0010355764047806598,0.2337522164562833
8.531200547566725,-0.00012372441238636678,0.0010355764047806598,0.23398052738150227
8.532505499797189,0.0005760729799506037,0.0010355764047806598,0.23420381841564072
8.533810483217712,-0.0007767723725151665,0.0010355764047806598,0.23443246397453785
8.535115497899415,-2.2689398253533666e-05,0.0010355764047806598,0.2346628774035134
8.536420543913424,0.00023456206167632443,0.0010355764047806598,0.23489145399305866
8.537725621330864,0.0009666420408482312,0.0010355764047806598,0.23512049108214686
8.539030730222859,0.001967664150370585,0.0010355764047806598,0.235349873602079
8.54033587066053,0.000832393400667375,0.0010355764047806598,0.23557948396230552
8.541641042715005,0.0010176645733993572,0.0010355764047806598,0.23580880212511046
8.542946246457404,0.0011474263185359823,0.0010355764047806598,0.23602930430517902
8.544251481958856,0.00047557316711446807,0.0010355764047806598,0.2362536326677893
8.545556749290482,-0.0002483840617095723,0.0010355764047806598,0.23647660382223287
8.546862048523408,-5.991094733376334e-05,0.0010355764047806598,0.23670134560466824
8.548167379728755,-0.00026670466089204203,0.0010355764047806598,0.23692733644485003
8.549472742977652,0.0001232124395840195,0.0010355764047806598,0.2371559741713551
8.55077813834122,-3.789813456545055e-05,0.0010355764047806598,0.2373774751304221
8.552083565890584,-0.0015770353853371277,0.0010355764047806598,0.237599624299414
8.553389025696868,-0.0007027800863635414,0.0010355764047806598,0.2378245919933622
8.554694517831198,0.0006486983467995922,0.0010355764047806598,0.2380559953246549
8.556000042364696,-0.0002672730391976019,0.0010355764047806598,0.23828804210202711
8.557305599368485,-0.0006308023157824139,0.0010355764047806598,0.2385239474665171
8.558611188913693,0.0003263252551703455,0.0010355764047806598,0.23876433596178057
8.559916811071442,-0.000756539464543543,0.0010355764047806598,0.239002466433642
8.561222465912854,-0.0003642106756410468,0.0010355764047806598,0.2392359508125547
8.562528153509056,0.00020756357037701734,0.0010355764047806598,0.23947135465962247
8.563833873931175,0.0010023192171774165,0.0010355764047806598,0.23970615291376185
8.56513962725033,0.0001113014792548106,0.0010355764047806598,0.23994628002227988
8.56644541353765,-0.000211387136736213,0.0010355764047806598,0.24018826534937238
8.567751232864252,2.8784466815007237e-05,0.0010355764047806598,0.24042724123118536
8.569057085301267,0.0007272038261978975,0.0010355764047806598,0.24066523835556589
8.570362970919817,-0.0003959085702713583,0.0010355764047806598,0.24090193674509905
8.571668889791027,0.0007028916495497584,0.0010355764047806598,0.24113699491949098
8.572974841986017,-0.0006363013596000222,0.0010355764047806598,0.24137038284773346
8.574280827575919,-6.288190166658936e-05,0.0010355764047806598,0.24160352202147797
8.575586846631849,0.00040662396924931454,0.0010355764047806598,0.2418363150316886
8.576892899224935,0.0006893185188938111,0.0010355764047806598,0.2420693111167831
8.578198985426305,0.0010209778909121003,0.0010355764047806598,0.24230282464851519
8.579505105307076,0.0027747295845052533,0.0010355764047806598,0.24254050181303605
8.580811258938375,0.0012421126772695912,0.0010355764047806598,0.2427767524069854
8.58211744639133,0.0007737659049176504,0.0010355764047806598,0.24301330153908673
8.583423667737058,0.00024017231157064112,0.0010355764047806598,0.24325215992354146
8.58472992304669,-0.0006460468896528071,0.0010355764047806598,0.2434850107578088
8.586036212391345,0.0005330117795693812,0.0010355764047806598,0.2437210040825606
8.587342535842152,0.0005765628638563502,0.0010355764047806598,0.24395371883799155
8.588648893470232,0.0002692949060011107,0.0010355764047806598,0.24418801956175587
8.589955285346708,0.001219019127378429,0.0010355764047806598,0.24442428146051487
8.591261711542707,0.00038103442136749877,0.0010355764047806598,0.24466676617825378
8.592568172129354,0.0008496154348239249,0.0010355764047806598,0.24491492871262766
8.59387466717777,0.0011877867103576023,0.0010355764047806598,0.24515547761247966
8.595181196759082,0.0006665292676417689,0.0010355764047806598,0.24539792228619312
8.596487760944413,0.00011775289871754357,0.0010355764047806598,0.24563979217306178
8.597794359804885,0.0007156464714659916,0.0010355764047806598,0.2458834250025453
8.599100993411627,0.0005676148865258468,0.0010355764047806598,0.24612521782629357
8.600407661835758,-0.0009080503430135556,0.0010355764047806598,0.246361066807188
8.60171436514841,0.0002268939189332131,0.0010355764047806598,0.24659936424857107
8.603021103420698,0.001216400842072557,0.0010355764047806598,0.24683824891293155
8.60432787672375,-0.00045562698616904984,0.0010355764047806598,0.24708098300416867
8.60563468512869,-0.00019003127479419457,0.0010355764047806598,0.24732672127585986
8.606941528706644,-0.0002247845081840838,0.0010355764047806598,0.24757552325145962
8.608248407528736,0.0002175662906931941,0.0010355764047806598,0.24782293602207917
8.609555321666088,0.00034086373978006734,0.0010355764047806598,0.24806890093957196
8.610862271189824,0.00010066938897967947,0.0010355764047806598,0.24830602489020273
8.612169256171068,0.00013196996083145174,0.0010355764047806598,0.2485428784462856
8.61347627668095,0.0006060029156360613,0.0010355764047806598,0.2487794796321879
8.614783332790589,-0.0008432084418458774,0.0010355764047806598,0.24901424730771926
8.616090424571109,-0.000725255413962872,0.0010355764047806598,0.24924974011607653
8.617397552093635,0.0005217526005363848,0.0010355764047806598,0.24949401669981403
8.618704715429292,7.80547510861318e-05,0.0010355764047806598,0.24974755307947547
8.620011914649202,0.00034700019208033783,0.0010355764047806598,0.25000149849934467
8.621319149824492,-0.00153933361043318,0.0010355764047806598,0.2502552758409764
8.622626421026286,-0.0006501118228641745,0.0010355764047806598,0.25050641530158174
8.623933728325706,-0.0003986987093869687,0.0010355764047806598,0.25075413395473983
8.625241071793877,0.001423095992375556,0.0010355764047806598,0.2509988511259733
8.626548451501925,0.0008637917401466133,0.0010355764047806598,0.25124979522646423
8.627855867520974,0.0004799211721009389,0.0010355764047806598,0.25150454026679303
8.629163319922146,0.0007231067456650031,0.0010355764047806598,0.25175782285289194
8.630470808776566,0.0014809981659478222,0.0010355764047806598,0.25201280367702067
8.631778334155358,-0.0002477399995757801,0.0010355764047806598,0.2522693628944507
8.63308589612965,-0.00030889926975263826,0.0010355764047806598,0.25252738082118864
8.634393494770558,0.0007612512068172483,0.0010355764047806598,0.2527873544646394
8.635701130149215,0.0009779531778890127,0.0010355764047806598,0.25304221376145475
8.63700880233674,0.00038070153431535303,0.0010355764047806598,0.25329677452001903
8.638316511404259,4.830055709797998e-05,0.0010355764047806598,0.25354540430022415
8.639624257422895,0.000566264250902504,0.0010355764047806598,0.25380345771932017
8.640932040463774,-0.0005938451371484965,0.0010355764047806598,0.2540626053537544
8.642239860598018,-0.0005681125134703313,0.0010355764047806598,0.2543245130999625
8.643547717896753,-0.00016096968388634725,0.0010355764047806598,0.2545826152664431
8.644855612431103,0.0006215665131307224,0.0010355764047806598,0.25484104664851326
8.646163544272191,-0.00025613511328342886,0.0010355764047806598,0.2551010056679797
8.64747151349114,9.24869951700047e-05,0.0010355764047806598,0.25536055287531895
8.648779520159081,-0.0009667130289386372,0.0010355764047806598,0.2556227414675156
8.650087564347132,0.0004479022783523412,0.0010355764047806598,0.25588138560061585
8.651395646126415,-0.00016794285884819127,0.0010355764047806598,0.2561424573736658
8.652703765568061,0.00035025711672614923,0.0010355764047806598,0.2564079275793674
8.654011922743189,0.001031434781708529,0.0010355764047806598,0.256674888794024
8.655320117722928,0.00012161093008350443,0.0010355764047806598,0.25694131485299715
8.6566283505784,-0.00013341020517620983,0.0010355764047806598,0.25720589245738157
8.657936621380726,0.0008821078280015215,0.0010355764047806598,0.2574744186883032
8.659244930201032,0.0008332013129740967,0.0010355764047806598,0.25774523242711883
8.660553277110445,0.0015569269259253504,0.0010355764047806598,0.25802141459826544
8.661861662180087,0.001070807534941376,0.0010355764047806598,0.25829901105347536
8.663170085481083,-0.0001417766523479358,0.0010355764047806598,0.2585771133133443
8.664478547084556,0.00019399772649664193,0.0010355764047806598,0.2588580512934714
8.665787047061631,0.0002497510324908081,0.0010355764047806598,0.2591279752325696
8.667095585483432,0.00042092611702809757,0.0010355764047806598,0.2594000799223874
8.668404162421082,0.0012110381367230194,0.0010355764047806598,0.25967228170634205
8.669712777945707,5.616502315619609e-06,0.0010355764047806598,0.2599484773532889
8.671021432128434,-0.0002887941437813013,0.0010355764047806598,0.2602262271675144
8.67233012504038,0.0006304924329908479,0.0010355764047806598,0.2605023884900076
8.673638856752675,0.0008525598895121056,0.0010355764047806598,0.2607773079081166
8.674947627336442,0.0005852038620177136,0.0010355764047806598,0.2610523299886094
8.6762564368628,0.00065065858354868,0.0010355764047806598,0.26132802428370605
8.677565285402883,-0.00022946471722290473,0.0010355764047806598,0.26160762635036516
8.67887417302781,0.00021080586850491523,0.0010355764047806598,0.2618892764369073
8.680183099808701,7.646057094923275e-05,0.0010355764047806598,0.2621726792327058
8.681492065816686,-0.00015252111941893576,0.0010355764047806598,0.2624575817387375
8.682801071122888,-3.473987152158298e-05,0.0010355764047806598,0.2627467687333169
8.68411011579843,0.000913565932469218,0.0010355764047806598,0.2630347612737042
8.68541919991444,0.00022289458381752336,0.0010355764047806598,0.2633170735862649
8.686728323542036,-0.0007315537564751562,0.0010355764047806598,0.26360164854201473
8.688037486752346,-0.0006281783545722952,0.0010355764047806598,0.2638857777222088
8.689346689616492,0.000776827972522709,0.0010355764047806598,0.2641678167890981
8.690655932205605,0.000312310623538814,0.0010355764047806598,0.26444710010735945
8.6919652145908,0.0006202195588415615,0.0010355764047806598,0.2647308195248711
8.693274536843205,0.0003435833204210592,0.0010355764047806598,0.26500933779665803
8.694583899033946,0.0001279967691766304,0.0010355764047806598,0.26529154818373174
8.695893301234143,-0.00031735948619227017,0.0010355764047806598,0.2655768475500895
8.697202743514927,0.00012103116595546526,0.0010355764047806598,0.26586342766793675
8.698512225947416,0.00033178731891764235,0.0010355764047806598,0.2661441474845277
8.699821748602735,0.000657533422490586,0.0010355764047806598,0.26642467761956296
8.701131311552011,0.0005631753321230226,0.0010355764047806598,0.2667137143872883
8.702440914866363,0.0011160859396088796,0.0010355764047806598,0.2670007083206032
8.703750558616923,0.000446358992748197,0.0010355764047806598,0.2672858962633107
8.705060242874811,-0.0010594821203939175,0.0010355764047806598,0.2675682016908355
8.70636996771115,-0.0006494998340582647,0.0010355764047806598,0.26785350586569806
8.707679733197066,0.00014567258309866604,0.0010355764047806598,0.2681416675921323
8.708989539403682,-0.00039297621956246864,0.0010355764047806598,0.26843194677458926
8.710299386402122,-7.241039713112851e-05,0.0010355764047806598,0.26872794639648606
8.711609274263513,4.775209132729108e-05,0.0010355764047806598,0.26902058061470274
8.712919203058977,-0.0009212145876811295,0.0010355764047806598,0.2693125838120279
8.714229172859637,0.0004034904271673079,0.0010355764047806598,0.26960215347757527
8.715539183736619,-0.00026237081422375574,0.0010355764047806598,0.2698935417039603
8.716849235761048,-0.00021244276079834812,0.0010355764047806598,0.27017868920720267
8.718159329004047,0.0005407545565352945,0.0010355764047806598,0.2704632353465869
8.71946946353674,-2.2893103476750998e-05,0.0010355764047806598,0.2707510051101399
8.720779639430251,0.0004265968258441166,0.0010355764047806598,0.27104031410052337
8.722089856755705,-0.00029132571035095367,0.0010355764047806598,0.27133577394867153
8.723400115584226,-0.0001151287325344974,0.0010355764047806598,0.2716334911852684
8.724710415986939,-0.00020894270211918586,0.0010355764047806598,0.2719324104716556
8.726020758034966,-0.0005544000608041499,0.0010355764047806598,0.27223276107367317
8.727331141799434,-0.00011843595145916153,0.0010355764047806598,0.2725336036542568
8.728641567351463,9.938799243885965e-05,0.0010355764047806598,0.2728370367819747
8.729952034762183,-0.0006153019138548932,0.0010355764047806598,0.27314152341336495
8.731262544102714,0.00035692846536033995,0.0010355764047806598,0.2734469894221898
8.732573095444181,-1.4542019685537255e-05,0.0010355764047806598,0.27373936515030833
8.73388368885771,0.0010756310031433403,0.0010355764047806598,0.27404026234112083
8.73519432441442,0.000712296228042919,0.0010355764047806598,0.2743413021301912
8.736505002185442,0.0009475350210412237,0.0010355764047806598,0.2746430227735834
8.737815722241898,0.00011272921914590173,0.0010355764047806598,0.27494777248546043
8.73912648465491,-0.0007219399159986706,0.0010355764047806598,0.27525822021865043
8.740437289495604,0.00044917605062089194,0.0010355764047806598,0.27556295106620515
8.741748136835104,0.0007307259480360262,0.0010355764047806598,0.27587046846356134
8.743059026744534,-3.0283941978292983e-05,0.0010355764047806598,0.27618066527260376
8.744369959295016,-8.429403033238803e-05,0.0010355764047806598,0.27649407421733974
8.74568093455768,-4.6738656460099115e-06,0.0010355764047806598,0.2768006953422987
8.746991952603642,0.0006974323767368618,0.0010355764047806598,0.2771067372475313
8.748303013504033,0.00013336546600384303,0.0010355764047806598,0.27741205834189203
8.749614117329978,0.00031080380668463414,0.0010355764047806598,0.2777226037170503
8.750925264152595,-0.00037800691120809526,0.0010355764047806598,0.27803518418271655
8.752236454043013,0.00024077206922273886,0.0010355764047806598,0.2783441263614835
8.753547687072352,-0.0006173323388161678,0.0010355764047806598,0.27865417559648853
8.754858963311742,0.000714544685859908,0.0010355764047806598,0.278963453705068
8.756170282832302,-0.0005934097150974704,0.0010355764047806598,0.27927967632610534
8.757481645705159,0.0009765200007272323,0.0010355764047806598,0.2796018206781214
8.758793052001439,0.00235866717187605,0.0010355764047806598,0.2799227193481609
8.760104501792261,0.004029023707546764,0.0010355764047806598,0.2802418052245209
8.761415995148752,0.004111654213574456,0.0010355764047806598,0.2805615041999912
8.762727532142037,0.0020685411266793685,0.0010355764047806598,0.28087246851203923
8.764039112843239,0.0014572123822770844,0.0010355764047806598,0.28118685095069285
8.76535073732348,0.00013304399683738977,0.0010355764047806598,0.2815038796927116
8.76666240565389,1.0639653789557002e-05,0.0010355764047806598,0.2818205960881822
8.767974117905588,-3.511414364354426e-05,0.0010355764047806598,0.28213704086763397
8.7692858741497,0.000296371856609301,0.0010355764047806598,0.28244630261647136
8.77059767445735,0.000746070620931738,0.0010355764047806598,0.2827652568640192
8.771909518899665,0.0013745992491006054,0.0010355764047806598,0.2830896557570979
8.772252607089106,0.0007621598716613942,0.0010355764047806598,0.2834194398137665
8.773547560598658,0.00016051914577885906,0.0010355764047806598,0.28375490106304696
8.774842539387107,0.00034216968763900457,0.0010355764047806598,0.2840827474790465
8.776137543403427,0.0005640884338584673,0.0010355764047806598,0.28440905257922494
8.77743257259658,0.0002452272293609892,0.0010355764047806598,0.2847321510615803
8.778727626915535,-0.0005453133014655109,0.0010355764047806598,0.28505478596516687
8.780022706309257,-0.0009374527482832185,0.0010355764047806598,0.2853805491979003
8.781317810726716,0.0007769304705935176,0.0010355764047806598,0.2857170329876301
8.782612940116874,0.00038465059842812677,0.0010355764047806598,0.2860493690116502
8.783908094428703,-0.0003502734345259828,0.0010355764047806598,0.2863825434793399
8.785203273611167,-0.00025593876600948917,0.0010355764047806598,0.2867175224828102
8.786498477613232,0.0008572731546043211,0.0010355764047806598,0.2870542137001325
8.787793706383866,-6.0857294976623955e-05,0.0010355764047806598,0.2873923858748889
8.789088959872037,0.0005131018447580571,0.0010355764047806598,0.28772273135475857
8.790384238026709,0.0010832294234410789,0.0010355764047806598,0.2880555306598852
8.791679540796855,0.000923568648693307,0.0010355764047806598,0.28838695587087576
8.79297486813143,0.0009171752192501104,0.0010355764047806598,0.2887174730613746
8.794270219979412,0.0004351586347841052,0.0010355764047806598,0.28904540416181934
8.795565596289764,0.0011921882262521666,0.0010355764047806598,0.2893714779705925
8.796860997011452,0.0009136301718950524,0.0010355764047806598,0.2897056549223049
8.798156422093443,0.0007782515012803581,0.0010355764047806598,0.2900422516545206
8.799451871484706,-0.0005829214941560079,0.0010355764047806598,0.29038656408410857
8.800747345134203,-0.0006815823098094143,0.0010355764047806598,0.2907289391305847
8.802042842990906,-0.00015008802517363362,0.0010355764047806598,0.29107049465956164
8.803338365003778,-0.0003603619290664106,0.0010355764047806598,0.29141161206762545
8.804633911121789,0.0005850296699966839,0.0010355764047806598,0.2917596029712928
8.805929481293905,0.0002609406654807689,0.0010355764047806598,0.2921041753457628
8.807225075469091,-0.0008184669817320467,0.0010355764047806598,0.29245096051905384
8.808520693596314,0.00010362530509167023,0.0010355764047806598,0.29280032723179256
8.809816335624543,-0.0008253530022380162,0.0010355764047806598,0.29314742296499163
8.811112001502744,0.0008546747230663843,0.0010355764047806598,0.29349794565178466
8.81240769117988,0.0011378577748546448,0.0010355764047806598,0.2938535677468881
8.813703404604924,0.0006567591542419593,0.0010355764047806598,0.29421494500924905
8.81499914172684,-5.648826372750548e-05,0.0010355764047806598,0.2945763941967923
8.816294902494594,8.186306402085952e-05,0.0010355764047806598,0.2949341965435194
8.817590686857152,0.0008815711150479966,0.0010355764047806598,0.29528786243959687
8.818886494763483,0.0005563497833294684,0.0010355764047806598,0.2956429790161112
8.820182326162554,0.0006435539392384837,0.0010355764047806598,0.29599822329199754
8.82147818100333,0.0008785448023200249,0.0010355764047806598,0.2963533790756129
8.82277405923478,-0.0006755050658302508,0.0010355764047806598,0.29669787099235334
8.824069960805868,-0.000808868165755039,0.0010355764047806598,0.2970449312712061
8.825365885665564,-0.0005283747106372694,0.0010355764047806598,0.29740007913536093
8.826661833762833,-0.0019226625289042731,0.0010355764047806598,0.2977593788813509
8.82795780504664,-0.0018154822054118336,0.0010355764047806598,0.2981210006474171
8.829253799465954,-0.0013506548754661507,0.0010355764047806598,0.29848513314283853
8.830549816969745,0.0003292189230581499,0.0010355764047806598,0.29885383523883197
8.831845857506972,6.987646410833159e-05,0.0010355764047806598,0.2992197371438949
8.833141921026607,0.00020977940314431676,0.0010355764047806598,0.2995885655379297
8.834438007477617,0.0005514094317730089,0.0010355764047806598,0.2999535932535031
8.835734116808968,0.0009982013689293634,0.0010355764047806598,0.3003266296730263
8.837030248969626,0.00036005621571127966,0.0010355764047806598,0.30069746091088434
8.838326403908559,0.0005266073340346455,0.0010355764047806598,0.30107406948091003
8.839622581574734,0.00025864007093834296,0.0010355764047806598,0.301452419823774
8.840918781917114,0.000552871831769497,0.0010355764047806598,0.30182612013777876
8.84221500488467,-0.0009149023739702389,0.0010355764047806598,0.3022029086523885
8.843511250426369,-0.0004576233817974451,0.0010355764047806598,0.30258390410295677
8.844807518491175,5.666640253854105e-05,0.0010355764047806598,0.3029676297732332
8.846103809028055,-0.001278130100155761,0.0010355764047806598,0.303345073722611
8.84740012198598,0.0005551153853545765,0.0010355764047806598,0.3037190268712939
8.848696457313913,-0.00015971116760354898,0.0010355764047806598,0.3040896383816721
8.849992814960823,-2.0795790164340744e-06,0.0010355764047806598,0.3044614227846957
8.85128919487567,0.0009713202675065702,0.0010355764047806598,0.3048332539827349
8.852585597007431,-0.0008784417860090987,0.0010355764047806598,0.30521089601062595
8.853882021305067,-0.0007662108485096408,0.0010355764047806598,0.3055970154302984
8.855178467717547,-0.0009818784417736648,0.0010355764047806598,0.30597246664698924
8.856474936193834,-0.0004381487704023801,0.0010355764047806598,0.3063537251109309
8.857771426682898,0.001383402657888999,0.0010355764047806598,0.30673598494602566
8.859067939133707,-0.00014582776889332516,0.0010355764047806598,0.3071205330842064
8.860364473495224,-8.145358178240913e-05,0.0010355764047806598,0.307512178198366
8.86166102971642,0.000756268206230426,0.0010355764047806598,0.3079072537373063
8.862957607746258,0.00075709549627756,0.0010355764047806598,0.30830388921224394
8.864254207533707,0.00025396807149707934,0.0010355764047806598,0.3087023835885143
8.865550829027733,0.0004991951731441735,0.0010355764047806598,0.3090985701789289
8.866847472177302,-0.00028168498428216004,0.0010355764047806598,0.30949111814239855
8.868144136931386,0.001038388223315534,0.0010355764047806598,0.30988544707474885
8.869440823238943,0.00018991440193077969,0.0010355764047806598,0.3102791061137525
8.870737531048947,0.0022902318620964812,0.0010355764047806598,0.31067517890056245
8.872034260310363,9.48860727214007e-05,0.0010355764047806598,0.311072135397662
8.873331010972155,-0.00028715099446419146,0.0010355764047806598,0.3114750965252588
8.874627782983293,0.000714895605852417,0.0010355764047806598,0.31187222594584363
8.875924576292741,-0.0006092542692084923,0.0010355764047806598,0.31226839961933045
8.877221390849469,0.0005617993787898068,0.0010355764047806598,0.31267187947797237
8.878518226602441,0.0006008213106488136,0.0010355764047806598,0.31306847215698175
8.87981508350063,0.0007933167838004018,0.0010355764047806598,0.313462252864621
8.881111961492993,0.0009677354994778176,0.0010355764047806598,0.3138623818574544
8.882408860528503,0.0002920937694336212,0.0010355764047806598,0.31426277275519454
8.883705780556124,-0.0003762071679329071,0.0010355764047806598,0.31466339201052906
8.885002721524828,0.0007438918951695461,0.0010355764047806598,0.3150644612302833
8.886299683383575,0.0014476641229217435,0.0010355764047806598,0.3154781323561381
8.887596666081336,9.128735720437264e-05,0.0010355764047806598,0.31588890369397354
8.888893669567075,-0.0005160823151270644,0.0010355764047806598,0.3162961412591677
8.890190693789766,0.0002659727437009374,0.0010355764047806598,0.31670655958554983
8.891487738698364,0.0007146027289189338,0.0010355764047806598,0.31712097619990753
8.892784804241847,-4.585146521574046e-05,0.0010355764047806598,0.3175403432710124
8.894081890369174,0.0004073544543584662,0.0010355764047806598,0.3179561943147666
8.895378997029317,-0.00012193983448510748,0.0010355764047806598,0.31837603895692335
8.896676124171238,0.0001856893641966617,0.0010355764047806598,0.31879069416296474
8.897973271743908,0.0012369912358157764,0.0010355764047806598,0.31920833091582484
8.899270439696291,0.0006137679606411095,0.0010355764047806598,0.31962877616562074
8.900567627977358,0.0001519276382766499,0.0010355764047806598,0.32004667892915506
8.901864836536069,-0.0004906044578825708,0.0010355764047806598,0.32046727925224106
8.903162065321396,0.0013832581032391378,0.0010355764047806598,0.32090117171277643
8.904459314282304,-0.0004292709898242597,0.0010355764047806598,0.32133779916408706
8.905756583367763,-0.0007864817402682411,0.0010355764047806598,0.3217771426979239
8.907053872526733,0.0002570347352745528,0.0010355764047806598,0.3222202773922314
8.90835118170819,0.0005039030952923018,0.0010355764047806598,0.3226594077085433
8.909648510861091,-0.0004081155010226545,0.0010355764047806598,0.32310200377615494
8.910945859934408,0.000768274222802956,0.0010355764047806598,0.32353421086838763
8.91224322887711,-0.00018027916755164464,0.0010355764047806598,0.3239710820887117
8.91354061763816,0.0006551308244378551,0.0010355764047806598,0.324405044003942
8.914838026166523,0.0004936046589687493,0.0010355764047806598,0.324846238983346
8.916135454411172,-0.000843230976681264,0.0010355764047806598,0.3252840705233216
8.91743290232107,0.0002470145273038571,0.0010355764047806598,0.3257219517192655
8.918730369845182,-0.0010684927027072022,0.0010355764047806598,0.3261573762365524
8.920027856932478,-0.00017818456888035739,0.0010355764047806598,0.32659115760239976
8.921325363531926,-5.135139049755599e-05,0.0010355764047806598,0.3270290530577964
8.922622889592489,0.00032604104586259064,0.0010355764047806598,0.32746774863469846
8.923920435063136,0.0007951746865534348,0.0010355764047806598,0.3279015528280725
8.925217999892833,0.00026081986277970426,0.0010355764047806598,0.3283377809414012
8.926515584030547,-0.0005120889282578256,0.0010355764047806598,0.32877311096780126
8.927813187425244,6.78412822481822e-05,0.0010355764047806598,0.3292146038047986
8.929110810025893,-0.00010030107268632626,0.0010355764047806598,0.3296581757521978
8.93040845178146,0.00040443488545877093,0.0010355764047806598,0.3301081709185361
8.931706112640912,-4.1529828251340994e-05,0.0010355764047806598,0.3305533036015228
8.933003792553214,-0.001569251149321993,0.0010355764047806598,0.33099842481679126
8.934301491467332,-0.0003034871684665097,0.0010355764047806598,0.33144790185516004
8.935599209332237,-0.00016681029490217547,0.0010355764047806598,0.33190418779896075
8.936896946096892,0.00010681891429414891,0.0010355764047806598,0.3323623380693326
8.938194701710266,0.0003286546591567685,0.0010355764047806598,0.3328122335551649
8.939492476121327,0.0004899323087629304,0.0010355764047806598,0.33326863882541
8.940790269279038,0.0005332459823740865,0.0010355764047806598,0.33372308651591465
8.942088081132368,-0.00017923467395508652,0.0010355764047806598,0.3341796956460659
8.943385911630283,-3.228035016711317e-05,0.0010355764047806598,0.33463513876565665
8.944683760721752,-0.0005383033292074568,0.0010355764047806598,0.33508692795713035
8.945981628355742,-0.0002231920616375671,0.0010355764047806598,0.3355398883224137
8.947279514481213,-7.188397438762095e-05,0.0010355764047806598,0.33599535773551625
8.94857741904714,-0.00013237097899515549,0.0010355764047806598,0.3364574607530183
8.949875342002485,3.1820450539510325e-06,0.0010355764047806598,0.33692116189229304
8.95117328329622,0.0006557646501172409,0.0010355764047806598,0.3373898507322264
8.952471242877301,0.0002079596402621009,0.0010355764047806598,0.3378422871831981
8.953769220694708,-0.00033201390672343845,0.0010355764047806598,0.3382962513385402
8.955067216697401,-0.00016975101756089295,0.0010355764047806598,0.338754062430228
8.956365230834347,-0.00019685645850991973,0.0010355764047806598,0.33921554611348836
8.957663263054512,0.0010408406830472172,0.0010355764047806598,0.33968828375418636
8.958961313306867,-0.0013638903379240008,0.0010355764047806598,0.34016070378568763
8.960259381540373,-0.0014885990749385902,0.0010355764047806598,0.34063549993094655
8.961557467704003,0.0005222873799070049,0.0010355764047806598,0.34110373637697305
8.962855571746719,-0.0006093903417137003,0.0010355764047806598,0.3415710698657989
8.964153693617488,0.0002514867896837303,0.0010355764047806598,0.3420355910301845
8.96545183326528,0.0006718265268705337,0.0010355764047806598,0.3424951452831765
8.966749990639062,0.0006393681170271948,0.0010355764047806598,0.3429587344213617
8.968048165687796,0.0020705776222596506,0.0010355764047806598,0.34342392828965446
8.969346358360452,0.0032339718875516454,0.0010355764047806598,0.3438878728602406
8.970644568605998,0.002016283029650956,0.0010355764047806598,0.34435223244536867
8.971942796373398,0.00042010854480900583,0.0010355764047806598,0.344814075693415
8.973241041611619,2.96121843668673e-05,0.0010355764047806598,0.34527039397285075
8.97453930426963,-5.270561522435768e-05,0.0010355764047806598,0.3457285957841164
8.975837584296396,-0.0008234176733827869,0.0010355764047806598,0.3461910857672677
8.977135881640887,-0.0005129295666543854,0.0010355764047806598,0.34665775918784003
8.978434196252065,-0.0010784813759072698,0.0010355764047806598,0.34712617761336456
8.9797325280789,-0.00029262142400821034,0.0010355764047806598,0.3475893946927337
8.981030877070356,7.286565619835095e-05,0.0010355764047806598,0.3480607143393101
8.982329243175405,0.00012469546939403164,0.0010355764047806598,0.34853600675348057
8.98362762634301,0.000598792853526986,0.0010355764047806598,0.3490079683445939
8.984926026522137,-0.0006324356602175896,0.0010355764047806598,0.3494863197392901
8.986224443661754,1.0383666120217239e-05,0.0010355764047806598,0.34995888224294175
8.987522877710829,-0.0007502109817348335,0.0010355764047806598,0.3504305621228876
8.988821328618325,0.00016824820365091142,0.0010355764047806598,0.35089851427357743
8.990119796333214,-0.0008684654567881478,0.0010355764047806598,0.35136929405790274
8.991418280804462,0.00013929544108670644,0.0010355764047806598,0.3518371198051584
8.99271678198103,0.0022407850991180145,0.0010355764047806598,0.35230196671439656
8.994015299811892,0.0013829261961484929,0.0010355764047806598,0.3527702559217723
8.99531383424601,0.0008729772771483013,0.0010355764047806598,0.35324109416670546
8.996612385232353,0.00048393114254513536,0.0010355764047806598,0.3537150369172245
8.99791095271989,0.0012380035117693922,0.0010355764047806598,0.35418798847991423
8.999209536657583,-0.0001573102422907091,0.0010355764047806598,0.35466068389189925
9.0005081369944,0.0010845154937976775,0.0010355764047806598,0.3551366772224318
9.001806753679311,0.0007313431207385257,0.0010355764047806598,0.35561609652978177
9.003105386661279,0.00033431446028903133,0.0010355764047806598,0.35609215087207147
9.004404035889273,0.0009626112740044324,0.0010355764047806598,0.3565695744009583
9.00570270131226,-0.0009319080363167642,0.0010355764047806598,0.3570457922615184
9.007001382879205,0.000395559768827769,0.0010355764047806598,0.3575174812253855
9.008300080539074,0.0005310301035868492,0.0010355764047806598,0.3579957741354304
9.009598794240839,-0.0011806229045966954,0.0010355764047806598,0.35847046135311916
9.010897523933462,0.0008832354362626194,0.0010355764047806598,0.3589460008491234
9.01219626956591,-7.1899565855571e-05,0.0010355764047806598,0.35942392277704655
9.013495031087153,-0.0003273794654004569,0.0010355764047806598,0.35989756928768674
9.014793808446155,0.00010045011347958877,0.0010355764047806598,0.3603752499352081
9.016092601591884,-0.00019590385746992567,0.0010355764047806598,0.36084987973750005
9.017391410473307,-6.981064162581152e-06,0.0010355764047806598,0.3613281347778876
9.018690235039388,-0.0008901105984779334,0.0010355764047806598,0.36180981538672213
9.0199890752391,-0.0001298709584816038,0.0010355764047806598,0.36228940568262485
9.021287931021401,0.0009065585079011673,0.0010355764047806598,0.36276821231778544
9.022586802335267,-5.134433657405513e-05,0.0010355764047806598,0.36324009341384084
9.023885689129656,0.0007879894039531932,0.0010355764047806598,0.3637192170880773
9.025184591353545,0.0017934523955862036,0.0010355764047806598,0.36420407694867635
9.02648350895589,0.001108755106211723,0.0010355764047806598,0.36468955549833865
9.027782441885668,0.0025028064027579067,0.0010355764047806598,0.3651710402331214
9.029081390091836,0.0012096937752753556,0.0010355764047806598,0.3656503989383314
9.030380353523368,0.0005027954015938141,0.0010355764047806598,0.3661245036389221
9.031679332129226,-5.952646405937845e-05,0.0010355764047806598,0.36660954650115235
9.03297832585838,0.0003152338551764555,0.0010355764047806598,0.36709146395287146
9.034277334659794,0.0007956132737314547,0.0010355764047806598,0.3675701863545963
9.035576358482443,0.000454562053134544,0.0010355764047806598,0.3680488711326227
9.036875397275283,9.250332749194401e-05,0.0010355764047806598,0.3685366194539734
9.038174450987286,0.000230025106158549,0.0010355764047806598,0.3690150840513427
9.03947351956742,0.00037810310316638285,0.0010355764047806598,0.3694939689285497
9.040772602964646,0.00013004096424473754,0.0010355764047806598,0.3699772833046466
9.042071701127938,0.0015259419171080868,0.0010355764047806598,0.37046041398776636
9.043370814006257,0.0006304628448039473,0.0010355764047806598,0.37094869536235864
9.044669941548575,-0.00048092724607345927,0.0010355764047806598,0.3714304619797736
9.045969083703856,2.4268668692595252e-05,0.0010355764047806598,0.3719136477367177
9.047268240421065,0.0004681614938972234,0.0010355764047806598,0.3723957279771435
9.048567411649172,-0.0005210174288510228,0.0010355764047806598,0.37287205145706004
9.049866597337141,0.000664425347874642,0.0010355764047806598,0.3733471433980556
9.051165797433944,-0.0007956332703620839,0.0010355764047806598,0.37382252972151386
9.052465011888541,-0.0010984967409515267,0.0010355764047806598,0.3742955673927363
9.053764240649903,-0.0007220134450290905,0.0010355764047806598,0.37477959170770936
9.055063483666995,-0.0014870594118612246,0.0010355764047806598,0.37525846851997213
9.056362740888787,-0.00017752526079067854,0.0010355764047806598,0.37573483608985514
9.05766201226424,-0.0008705449949112931,0.0010355764047806598,0.3762115765501036
9.058961297742327,-0.0003639105813934007,0.0010355764047806598,0.3766913384737552
9.06026059727201,-0.0010114103960303655,0.0010355764047806598,0.3771755570545158
9.061559910802258,8.239792791703282e-05,0.0010355764047806598,0.37766141936539743
9.06285923828204,0.0018229879811650362,0.0010355764047806598,0.3781379020993438
9.064158579660319,0.0008999048520240693,0.0010355764047806598,0.3785973461780451
9.065457934886064,0.0007761399638580024,0.0010355764047806598,0.3790571616888744
9.066757303908238,0.0016881230089874633,0.0010355764047806598,0.37952702355112855
9.068056686675815,0.0002882441927777313,0.0010355764047806598,0.3800018000119515
9.069356083137754,0.0008841101441407484,0.0010355764047806598,0.380480203876528
9.070655493243029,0.0003718318053975711,0.0010355764047806598,0.38095570879837354
9.071954916940598,0.001685463624035488,0.0010355764047806598,0.3814258647504871
9.07325435417944,0.00010568587599285584,0.0010355764047806598,0.38189063209379337
9.074553804908511,-0.00011441343418527872,0.0010355764047806598,0.3823625602060245
9.075853269076783,-0.0010102421417767515,0.0010355764047806598,0.38282987830576226
9.07715274663322,-8.026235500235845e-05,0.0010355764047806598,0.38329615983727927
9.078452237526792,0.00015679012242136858,0.0010355764047806598,0.3837611220511151
9.079751741706461,-0.00025584730082622853,0.0010355764047806598,0.38421841383704747
9.0810512591212,-0.000579298665981054,0.0010355764047806598,0.3846836889407649
9.082350789719971,-0.0001379309046092847,0.0010355764047806598,0.3851499114801172
9.083650333451745,0.001133498436578284,0.0010355764047806598,0.3856172864948821
9.084949890265483,0.00034090415527776585,0.0010355764047806598,0.3860908718554642
9.086249460110158,0.0003108951540545801,0.0010355764047806598,0.386561766355657
9.08754904293473,0.0013713630019178136,0.0010355764047806598,0.3870353110021366
9.088848638688173,0.0001951890076277163,0.0010355764047806598,0.38749914129457125
9.09014824731945,0.0004991718775427811,0.0010355764047806598,0.38796487335354735
9.091447868777527,5.5655074474914024e-05,0.0010355764047806598,0.3884313075561976
9.092747503011372,0.0005820886347400189,0.0010355764047806598,0.38888844145020995
9.094047149969954,0.0010302861562754284,0.0010355764047806598,0.38934921521681787
9.095346809602239,0.0017898838155579466,0.0010355764047806598,0.3898106478375093
9.096646481857189,-0.0014855040001207076,0.0010355764047806598,0.39027194527129816
9.097946166683778,0.0006469824887424536,0.0010355764047806598,0.390739795971607
9.099245864030966,0.0008635027690136465,0.0010355764047806598,0.391206659275867
9.100545573847723,0.002071005681805793,0.0010355764047806598,0.39166969395103235
9.101845296083017,-0.0008976022033886366,0.0010355764047806598,0.3921326779933736
9.103145030685813,0.0014241421639737406,0.0010355764047806598,0.39259439431174664
9.104444777605078,-0.0007754823206494454,0.0010355764047806598,0.3930553663351512
9.105744536789782,-0.0011339777268601914,0.0010355764047806598,0.39351919619322906
9.107044308188888,0.00045878925591819053,0.0010355764047806598,0.3939719741053841
9.108344091751363,-0.00040728959444225055,0.0010355764047806598,0.39442042820919326
9.109643887426174,0.0003743727937107755,0.0010355764047806598,0.3948649497584521
9.11094369516229,0.0011798342837469056,0.0010355764047806598,0.39531841704098564
9.112243514908673,0.002005253085033687,0.0010355764047806598,0.39577346473957625
9.113543346614298,8.491285046630104e-05,0.0010355764047806598,0.39622718319004474
9.114843190228122,0.0010272263684453775,0.0010355764047806598,0.39668599032951957
9.116143045699118,0.0009737386941842674,0.0010355764047806598,0.3971465151046907
9.117442912976252,-0.0003995761335320869,0.0010355764047806598,0.39760347035011945
9.118742792008492,-0.00013178143711267687,0.0010355764047806598,0.3980579645679595
9.1200426827448,0.0003762104227111318,0.0010355764047806598,0.3985107946277323
9.121342585134146,-0.0005029841122148326,0.0010355764047806598,0.39896387570321057
9.122642499125499,0.0006158098602858098,0.0010355764047806598,0.3994124390513589
9.123942424667824,0.00020132636806602378,0.0010355764047806598,0.3998616035196358
9.125242361710082,0.0012433293615166652,0.0010355764047806598,0.4003058594435159
9.126542310201252,0.0004962845285736983,0.0010355764047806598,0.40075511640380207
9.127842270090289,0.001491243992567115,0.0010355764047806598,0.4012067507192201
9.129142241326166,0.0004628888893750682,0.0010355764047806598,0.4016521762906088
9.130442223857848,-0.00022363916119338967,0.0010355764047806598,0.402093564119258
9.131742217634306,0.0004824889654386211,0.0010355764047806598,0.40253083507167886
9.1330422226045,0.00010816110757949637,0.0010355764047806598,0.40297556614861874
9.1343422387174,0.00012485489147534556,0.0010355764047806598,0.40341819638514886
9.135642265921971,0.0012662612464159895,0.0010355764047806598,0.4038602856890994
9.136942304167185,0.0002840976040844323,0.0010355764047806598,0.40430163930284657
9.138242353402001,0.003368117717213126,0.0010355764047806598,0.4047494543413589
9.139542413575395,0.00040221579008925534,0.0010355764047806598,0.40519570517962833
9.140842484636325,0.0016489368225540701,0.0010355764047806598,0.4056436914284673
9.142142566533764,0.0008452750680972287,0.0010355764047806598,0.406086661492587
9.143442659216674,0.00012326942013324294,0.0010355764047806598,0.40652717433286073
9.14474276263403,0.001247596125194983,0.0010355764047806598,0.4069703525936576
9.146042876734787,-0.0006722275283838064,0.0010355764047806598,0.407411845720278
9.147343001467922,-0.0014680473896267476,0.0010355764047806598,0.40786216303527534
9.148643136782397,-0.0004729368521385058,0.0010355764047806598,0.4083137089978008
9.149943282627177,-0.0005430512494649653,0.0010355764047806598,0.4087575754638674
9.151243438951234,-0.00020726470172865996,0.0010355764047806598,0.4091904181142251
9.152543605703531,0.0005857247633545559,0.0010355764047806598,0.40961666808499336
9.153843782833036,0.0005208642408260356,0.0010355764047806598,0.41003993249364995
9.155143970288718,0.0011784709513990577,0.0010355764047806598,0.41046452067027034
9.156444168019538,0.0006520499043387029,0.0010355764047806598,0.4108902714463335
9.157744375974469,7.648219834993641e-05,0.0010355764047806598,0.4113213810071339
9.159044594102472,0.00047452421871241324,0.0010355764047806598,0.41175790439261767
9.160344822352522,0.00012633304947334834,0.0010355764047806598,0.41219433470366523
9.161645060673576,0.0008660858689829021,0.0010355764047806598,0.41262074704883994
9.16294530901461,0.002014157594840804,0.0010355764047806598,0.4130446820885639
9.164245567324583,-0.00020080326929644565,0.0010355764047806598,0.41346491804845165
9.165545835552468,0.0006130557655059654,0.0010355764047806598,0.41388007009442895
9.166846113647228,-0.0003167736113556807,0.0010355764047806598,0.41430333425710786
9.168146401557829,0.0005482481147126572,0.0010355764047806598,0.4147272626168138
9.16944669923324,0.0006667858672850246,0.0010355764047806598,0.4151518061803714
9.17074700662243,-0.00012555623466936616,0.0010355764047806598,0.41558239597364266
9.172047323674361,-2.4222033392695685e-05,0.0010355764047806598,0.41602396754350557
9.173347650338002,0.0003457221184642312,0.0010355764047806598,0.41645813064776394
9.174647986562322,0.0004337508500918408,0.0010355764047806598,0.41688971285555687
9.175948332296281,0.0005523266492069023,0.0010355764047806598,0.41732311268672867
9.177248687488857,3.20605962029763e-05,0.0010355764047806598,0.41775304973351673
9.178549052089004,0.0009564594488630784,0.0010355764047806598,0.41818028200136886
9.179849426045699,0.0012605526495722552,0.0010355764047806598,0.4186109192532003
9.181149809307904,0.0005096526759296172,0.0010355764047806598,0.41904568231766226
9.182450201824588,-0.0009220537485982727,0.0010355764047806598,0.41947902742318655
9.183750603544713,0.00029978287299475825,0.0010355764047806598,0.41989717122455944
9.185051014417255,0.0006525422088873856,0.0010355764047806598,0.42032041430479816
9.186351434391169,-0.0001494293448847661,0.0010355764047806598,0.42073918628438756
9.187651863415432,0.00010882557458691267,0.0010355764047806598,0.4211485779972677
9.188952301439002,-0.00119784361516867,0.0010355764047806598,0.4215638252899518
9.190252748410856,-3.8970875353427914e-05,0.0010355764047806598,0.4219758099566669
9.191553204279952,-3.878577490684654e-05,0.0010355764047806598,0.42238843165986617
9.192853668995262,-0.0003549379892357485,0.0010355764047806598,0.4228031098297589
9.19415414250575,0.0012749095852077619,0.0010355764047806598,0.42321332595961514
9.195454624760385,-9.456032684651561e-07,0.0010355764047806598,0.4236231520980874
9.19675511570813,0.000547361626336007,0.0010355764047806598,0.424032688275264
9.198055615297957,0.0006787154051446365,0.0010355764047806598,0.42444181103353956
9.199356123478829,-0.0007423612444008576,0.0010355764047806598,0.4248433476936075
9.200656640199714,0.0016557184783500545,0.0010355764047806598,0.4252464736127681
9.201957165409578,7.986691657707601e-05,0.0010355764047806598,0.4256405501859134
9.203257699057389,0.0007149874101055609,0.0010355764047806598,0.42604342636938697
9.204558241092114,0.0006850599265501023,0.0010355764047806598,0.42644360727708497
9.20585879146272,-0.001121914757234832,0.0010355764047806598,0.4268458622223453
9.20715935011817,-0.001966341568184038,0.0010355764047806598,0.42724251266587293
9.208459917007437,-0.0011948603222822207,0.0010355764047806598,0.4276500998521286
9.209760492079482,0.0011636238786084108,0.0010355764047806598,0.4280587809609842
9.211061075283277,0.0009452669361792454,0.0010355764047806598,0.4284722687604632
9.212361666567784,0.0013281930817486964,0.0010355764047806598,0.42887964810365403
9.213662265881974,-0.00039339209701105826,0.0010355764047806598,0.42928726952954166
9.21496287317481,-0.0006207149880373963,0.0010355764047806598,0.4296855669218561
9.21626348839526,0.0020042423355214334,0.0010355764047806598,0.43008962446519683
9.217564111492294,0.001955844243199445,0.0010355764047806598,0.4304919384263863
9.218864742414874,0.00040441090276477354,0.0010355764047806598,0.43089076328035264
9.22016538111197,-0.00014185055225218735,0.0010355764047806598,0.4312832612918152
9.221466027532548,0.00033796618422088365,0.0010355764047806598,0.4316734504578911
9.222766681625576,0.0013045538665087952,0.0010355764047806598,0.4320566287296627
9.224067343340016,-0.0004349658940467904,0.0010355764047806598,0.4324459591699181
9.225368012624841,0.00010152220436016046,0.0010355764047806598,0.43283999744662643
9.226668689429015,8.313241118473869e-05,0.0010355764047806598,0.4332245389256961
9.227969373701503,2.5315925361424352e-05,0.0010355764047806598,0.4336076988148805
9.229270065391276,7.808591663466258e-05,0.0010355764047806598,0.433994520447597
9.230570764447297,-0.0007048790612910749,0.0010355764047806598,0.43439072244485344
9.231871470818533,-0.000202421744714798,0.0010355764047806598,0.4347825821736412
9.233172184453956,-0.0006162883491193094,0.0010355764047806598,0.4351741868638619
9.234472905302525,5.678949496629171e-05,0.0010355764047806598,0.43556849933044167
9.235773633313212,-0.000153221342828469,0.0010355764047806598,0.43595734236963035
9.237074368434982,-0.0008694589045803447,0.0010355764047806598,0.4363445555215721
9.238375110616806,0.000754805484989185,0.0010355764047806598,0.43672691287623466
9.239675859807644,0.00031463788029795214,0.0010355764047806598,0.43710516673805894
9.240976615956466,0.00010393174462564048,0.0010355764047806598,0.4374804568963692
9.242277379012236,0.0008933775729273452,0.0010355764047806598,0.43784578081679276
9.243578148923929,0.0003336347986203081,0.0010355764047806598,0.4382063937349595
9.244878925640501,-0.0005054721035877563,0.0010355764047806598,0.4385792596206065
9.24617970911093,-0.0005692614311958444,0.0010355764047806598,0.43894992737455163
9.247480499284173,-0.0003605837737758466,0.0010355764047806598,0.4393181686817702
9.248781296109202,-0.00043296572612905315,0.0010355764047806598,0.43968375499239293
9.25008209953498,-0.001015870940731467,0.0010355764047806598,0.44005036296852723
9.251382909510479,-0.002207553410393248,0.0010355764047806598,0.4404179349191467
9.252683725984662,-0.0008645208569526552,0.0010355764047806598,0.4407835715718954
9.2539845489065,0.001959929112766101,0.0010355764047806598,0.4411514778865785
9.25528537822495,0.0010217510302639732,0.0010355764047806598,0.4415217061325285
9.256586213888994,0.00048013368105737086,0.0010355764047806598,0.44189712014303045
9.257887055847585,0.002073696393851465,0.0010355764047806598,0.4422781222910825
9.259187904049696,0.000741514685775102,0.0010355764047806598,0.4426556890268961
9.260488758444293,0.0014251460255300663,0.0010355764047806598,0.4430319833355521
9.261789618980345,0.0006458251724696384,0.0010355764047806598,0.4434093492215893
9.263090485606813,0.0006223112469335157,0.0010355764047806598,0.4437797788644403
9.26439135827267,0.0020133697146929586,0.0010355764047806598,0.44414844571006723
9.265692236926881,0.0033919901988840873,0.0010355764047806598,0.4445222616066056
9.266993121518409,0.0024726202640327766,0.0010355764047806598,0.44488221117822485
9.268294011996225,-0.0002464323026062365,0.0010355764047806598,0.445243284386366
9.269594908309296,-0.0001607771863263996,0.0010355764047806598,0.4456084136244043
9.270895810406588,-0.00012376117818485577,0.0010355764047806598,0.44596890605709233
9.272196718237064,0.0007764141620655307,0.0010355764047806598,0.4463345759049925
9.273497631749697,-0.00033314521690114285,0.0010355764047806598,0.4466949348348383
9.274798550893449,0.0005686452278569898,0.0010355764047806598,0.4470547191353936
9.27609947561729,0.0014156903232149243,0.0010355764047806598,0.44741686406817854
9.277400405870184,0.0008900511624430618,0.0010355764047806598,0.44777292612070924
9.278701341601101,0.0008850722379786791,0.0010355764047806598,0.4481401477066901
9.280002282759003,-0.00025424196341172767,0.0010355764047806598,0.4485110823413776
9.281303229292861,-0.00039172301639489593,0.0010355764047806598,0.4488749806945575
9.282604181151642,0.001429132712965242,0.0010355764047806598,0.4492325195790328
9.283905138284311,-0.0006213157419036053,0.0010355764047806598,0.4495955342575532
9.285206100639837,0.00013169104972521328,0.0010355764047806598,0.44995319176782567
9.286507068167182,0.0004445103760842839,0.0010355764047806598,0.4503057113537088
9.287808040815317,0.0006633021655863547,0.0010355764047806598,0.4506497431919502
9.28910901853321,0.0006033967104784876,0.0010355764047806598,0.450994160978191
9.290410001269821,-0.00018552568344770703,0.0010355764047806598,0.45132969804844203
9.291710988974126,0.0019394988660649815,0.0010355764047806598,0.4516641229178394
9.293011981595082,-0.0005308353008864342,0.0010355764047806598,0.45199721957051214
9.294312979081665,-0.0011506216036452077,0.0010355764047806598,0.452326113394531
9.295613981382838,-0.0005069321461987353,0.0010355764047806598,0.4526626879968478
9.296914988447568,0.00041795796032750854,0.0010355764047806598,0.45299446795989007
9.298216000224818,0.002089486271657226,0.0010355764047806598,0.4533291027460146
9.29951701666356,0.0012800834408809858,0.0010355764047806598,0.45367537078227693
9.300818037712755,0.0019001460508864532,0.0010355764047806598,0.4540175132248846
9.302119063321381,0.0014030534963883068,0.0010355764047806598,0.45436056148793325
9.303420093438394,-0.0003194910947973417,0.0010355764047806598,0.45470275294978674
9.304721128012766,0.0021989132014488266,0.0010355764047806598,0.4550434806217258
9.306022166993458,-0.001145807149902256,0.0010355764047806598,0.45538561092970725
9.307323210329445,0.0006617584066316851,0.0010355764047806598,0.45571557239097554
9.308624257969687,0.0006470482548758816,0.0010355764047806598,0.4560505084430862
9.309925309863155,0.0007599093364490384,0.0010355764047806598,0.4563816465303925
9.311226365958813,0.0010764472406144532,0.0010355764047806598,0.4567088044306959
9.312527426205632,0.0005241840976625278,0.0010355764047806598,0.4570342138345453
9.313828490552574,0.0016145281856577154,0.0010355764047806598,0.457366482718359
9.315129558948609,0.0011312671877776737,0.0010355764047806598,0.45769732768859683
9.3164306313427,2.4595406510341533e-05,0.0010355764047806598,0.4580282277401919
9.31773170768382,-0.0006942533584423094,0.0010355764047806598,0.4583641771699092
9.319032787920928,-0.0003392696903352088,0.0010355764047806598,0.4586939265071185
9.320333872002998,0.0010513781861384852,0.0010355764047806598,0.4590201047730381
9.321634959878994,0.00040059728646779647,0.0010355764047806598,0.45933856505926574
9.322936051497882,0.003817862792328819,0.0010355764047806598,0.4596608052980965
9.32423714680863,0.0031271802317003328,0.0010355764047806598,0.45997807648962497
9.325538245760201,0.0019975590590250447,0.0010355764047806598,0.4602952937141237
9.326839348301569,0.0016886708332632394,0.0010355764047806598,0.46061252673705416
9.328140454381694,-0.0016636562933359245,0.0010355764047806598,0.46092508903255786
9.32944156394955,0.0001371972667271737,0.0010355764047806598,0.4612327849120277
9.330742676954095,-0.000609227261759715,0.0010355764047806598,0.4615507461460368
9.332043793344303,9.453602317321952e-05,0.0010355764047806598,0.46186936237998877
9.333344913069137,0.001179044740768187,0.0010355764047806598,0.4621884362902616
9.334646036077565,0.0004923217953203274,0.0010355764047806598,0.462502114671575
9.335947162318552,0.00047178229590577603,0.0010355764047806598,0.4628136136651003
9.33724829174107,-0.0001703051517580323,0.0010355764047806598,0.4631268523140418
9.338549424294078,-0.00010513792201388705,0.0010355764047806598,0.4634431639846876
9.339850559926552,0.00017503863232309902,0.0010355764047806598,0.4637522411160942
9.34115169858745,-0.00016879230027089243,0.0010355764047806598,0.4640598532928339
9.342452840225743,0.00040606525678887895,0.0010355764047806598,0.4643699292697091
9.343753984790402,-0.0006740753260595089,0.0010355764047806598,0.46467821485867783
9.345055132230383,-1.811128767659209e-05,0.0010355764047806598,0.4649847150485127
9.346356282494662,-3.016438337766214e-05,0.0010355764047806598,0.46528804254112804
9.347657435532202,0.0004025411376802901,0.0010355764047806598,0.4655950545136016
9.348958591291973,0.0002481271056573031,0.0010355764047806598,0.4659011412792354
9.35025974972294,-0.00018417904287926223,0.0010355764047806598,0.466206471450803
9.351560910774065,0.000861976134638176,0.0010355764047806598,0.4665082666850976
9.352862074394322,-9.507167474104294e-05,0.0010355764047806598,0.46681059564097244
9.354163240532674,-0.0007852204316696199,0.0010355764047806598,0.4671042090063733
9.355464409138092,-0.0006847832504081053,0.0010355764047806598,0.46739999370382
9.356765580159536,-0.0011391553903621898,0.0010355764047806598,0.4677034032916059
9.358066753545979,-0.00048756008709482934,0.0010355764047806598,0.4680075597618886
9.359367929246382,-0.000888790754036084,0.0010355764047806598,0.4683012187722011
9.360669107209716,0.00015118629641569514,0.0010355764047806598,0.46859110917948854
9.361970287384946,0.00182002665895864,0.0010355764047806598,0.4688820392898866
9.363271469721044,-0.0005578008413194557,0.0010355764047806598,0.46917151373315624
9.364572654166967,-0.00029687470627692836,0.0010355764047806598,0.4694621951076904
9.36587384067169,0.00040290626346051184,0.0010355764047806598,0.46975418947278563
9.367175029184176,0.0011138567239246666,0.0010355764047806598,0.47004393558076163
9.368476219653395,0.00044956103558907445,0.0010355764047806598,0.4703352236004002
9.36977741202831,0.0003239634100979938,0.0010355764047806598,0.4706222900989523
9.371078606257889,-0.0002695930046664463,0.0010355764047806598,0.47090840022177877
9.372379802291098,0.0006060504879157325,0.0010355764047806598,0.47119965568608524
9.373681000076907,0.0012209580448874213,0.0010355764047806598,0.4714954395913838
9.37498219956428,0.0010003731070598598,0.0010355764047806598,0.47178495050342883
9.376283400702185,0.0009146671695698383,0.0010355764047806598,0.4720691467400171
9.377584603439589,-0.00036823304275607205,0.0010355764047806598,0.4723473923923801
9.37888580772546,-0.0004851956328547069,0.0010355764047806598,0.4726281682916208
9.380187013508758,-0.0010910514761259815,0.0010355764047806598,0.4729050211388904
9.381488220738458,-0.00047650525944242794,0.0010355764047806598,0.4731852519008339
9.382789429363523,-4.819898067648376e-05,0.0010355764047806598,0.47346300307980255
9.384090639332921,0.00013250730936165134,0.0010355764047806598,0.4737351533672591
9.385391850595617,0.00022918397445836902,0.0010355764047806598,0.4740173887104572
9.386693063100582,0.00013962764343289358,0.0010355764047806598,0.47429704673955403
9.387994276796777,0.0010983532970775811,0.0010355764047806598,0.474579841109411
9.389295491633172,0.0012836888166992133,0.0010355764047806598,0.4748546817163389
9.390596707558737,0.0014993205024297906,0.0010355764047806598,0.47512659434707394
9.39189792452243,0.0026030765529699296,0.0010355764047806598,0.47539543457716216
9.393199142473227,0.0039123500441555215,0.0010355764047806598,0.475657649050679
9.39450036136009,0.004155332098817299,0.0010355764047806598,0.47592064282384505
9.395801581131986,0.0020854973629558793,0.0010355764047806598,0.4761843585590393
9.397102801737883,0.0018742786188873928,0.0010355764047806598,0.47644319480445313
9.398404023126748,0.00016851450951166358,0.0010355764047806598,0.47668870375181494
9.399705245247546,0.0017748339311278172,0.0010355764047806598,0.47694193260303586
9.401006468049244,0.0026479011894497417,0.0010355764047806598,0.4772005558231881
9.40230769148081,0.0034023253483797533,0.0010355764047806598,0.4774648360439465
9.403608915491214,0.002643518096073494,0.0010355764047806598,0.477724962014906
9.404910140029415,-0.0005948143147548324,0.0010355764047806598,0.4779862438713989
9.406211365044387,-0.0002015838653681712,0.0010355764047806598,0.47824867075423083
9.40751259048509,-0.0016385640098901533,0.0010355764047806598,0.4785159817763309
9.408813816300501,-0.0009610652331809022,0.0010355764047806598,0.47877910845634963
9.410115042439575,-0.0010504702241905806,0.0010355764047806598,0.47903922040491614
9.411416268851287,-0.0017627433403342163,0.0010355764047806598,0.47929504195715067
9.4127174954846,-5.485339862532079e-05,0.0010355764047806598,0.4795515575165915
9.414018722288485,-0.0005779970642834642,0.0010355764047806598,0.47980855867610744
9.415319949211902,-7.334219019800026e-05,0.0010355764047806598,0.4800596949198633
9.416621176203824,0.0001446698992238482,0.0010355764047806598,0.4803070963917634
9.417922403213215,0.0014472955759621264,0.0010355764047806598,0.48055152739092566
9.419223630189041,0.0009296828066155394,0.0010355764047806598,0.48079213956693834
9.420524857080272,4.078380306921092e-05,0.0010355764047806598,0.4810289915903655
9.421826083835871,-0.0004464858715639841,0.0010355764047806598,0.4812689799736795
9.423127310404807,-0.00037069556901991874,0.0010355764047806598,0.4815098091647594
9.424428536736047,0.0001571162171032925,0.0010355764047806598,0.4817515090338817
9.425729762778555,-0.002660314260014729,0.0010355764047806598,0.48198918341393726
9.427030988481304,-0.00040503408950026687,0.0010355764047806598,0.482222648450309
9.428332213793254,-0.0009628781757614058,0.0010355764047806598,0.4824546470300838
9.429633438663375,-0.001884614979386412,0.0010355764047806598,0.48268412999253096
9.430934663040635,0.0009062047232440418,0.0010355764047806598,0.48291109716870095
9.432235886873997,-0.0005155056505858346,0.0010355764047806598,0.48314458530073956
9.433537110112432,0.0008776577690142728,0.0010355764047806598,0.4833816760683102
9.434838332704903,0.0004839948624584811,0.0010355764047806598,0.4836216582347692
9.43613955460038,0.0014810927460398582,0.0010355764047806598,0.48386259406482296
9.437440775747827,0.003071039119964647,0.0010355764047806598,0.48410706432670847
9.438741996096216,0.002047906327373339,0.0010355764047806598,0.48434067036420253
9.440043215594505,0.002889157065194936,0.0010355764047806598,0.4845622945722463
9.44134443419167,0.00026382712797212715,0.0010355764047806598,0.4847792250386682
9.442645651836672,0.0007915096444891523,0.0010355764047806598,0.4849993205211982
9.44394686847848,0.0005731570074090642,0.0010355764047806598,0.4852246452108848
9.445248084066062,-0.0005142110067387073,0.0010355764047806598,0.4854478722524167
9.44654929854838,0.0008848787919119583,0.0010355764047806598,0.48566920656727897
9.447850511874405,0.0003230403869905474,0.0010355764047806598,0.485888446893262
9.4491517239931,0.0008200777620277488,0.0010355764047806598,0.4861054190499073
9.45045293485344,-0.0006669949884809401,0.0010355764047806598,0.4863199488675008
9.451754144404383,-0.0006219253204197694,0.0010355764047806598,0.4865302277695857
9.453055352594898,0.0007454205316786977,0.0010355764047806598,0.4867393275222723
9.454356559373956,0.0006531848375636584,0.0010355764047806598,0.48695078553731697
9.455657764690518,0.0015630769795108579,0.0010355764047806598,0.487162296453206
9.456958968493556,0.0005445646186086894,0.0010355764047806598,0.4873746726808766
9.458260170732032,0.0006114044056153012,0.0010355764047806598,0.48758917564578497
9.459561371354917,-0.0006392194040120147,0.0010355764047806598,0.4877999437510118
9.460862570311177,0.00029147980294830234,0.0010355764047806598,0.4880093674275032
9.462163767549775,0.00029787303907902185,0.0010355764047806598,0.4882173808322706
9.463464963019682,-0.0014008815684215525,0.0010355764047806598,0.4884236257424566
9.464766156669862,-0.0005360693857445198,0.0010355764047806598,0.4886243168821948
9.466067348449284,0.00023983143707029253,0.0010355764047806598,0.4888277346905991
9.467368538306916,0.0014063852995511716,0.0010355764047806598,0.48903098018506996
9.46866972619172,0.00090049037939266,0.0010355764047806598,0.4892333103471892
9.469970912052668,0.0010481879575509612,0.0010355764047806598,0.4894345569141631
9.471272095838723,0.0023156825418906846,0.0010355764047806598,0.4896301942056144
9.472573277498853,0.001240062612271775,0.0010355764047806598,0.4898202514443378
9.473874456982024,0.004123417010562569,0.0010355764047806598,0.4900063394743252
9.475175634237207,0.003440500497495891,0.0010355764047806598,0.4901884138411855
9.476476809213361,0.00185903035259527,0.0010355764047806598,0.49038214081043885
9.477777981859463,0.0012323028841290662,0.0010355764047806598,0.4905804172006881
9.47907915212447,-4.597465594835537e-05,0.0010355764047806598,0.49077743162943166
9.480380319957355,6.559077983903094e-05,0.0010355764047806598,0.49097620888409393
9.48168148530708,-0.0003281743266941306,0.0010355764047806598,0.4911675417123435
9.48298264812262,0.00039644593470461453,0.0010355764047806598,0.491355861039401
9.484283808352933,-0.0002023080482181916,0.0010355764047806598,0.4915370434666909
9.48558496594699,0.0004256240022898483,0.0010355764047806598,0.49171584626739767
9.486886120853754,0.0006907192895516667,0.0010355764047806598,0.49189623478484157
9.488187273022199,0.0003746593840996404,0.0010355764047806598,0.4920740243273318
9.489488422401285,0.0008798629656387447,0.0010355764047806598,0.49224974011061184
9.490789568939984,0.0013957442693482425,0.0010355764047806598,0.49242224329656814
9.492090712587258,0.0015117883462548165,0.0010355764047806598,0.49260241086837336
9.493391853292078,-8.725177751323088e-05,0.0010355764047806598,0.4927856929846843
9.49469299100341,-0.00013984556301488427,0.0010355764047806598,0.49298183560540665
9.495994125670217,0.000736793364736199,0.0010355764047806598,0.49316754982199895
9.497295257241468,-0.00026738206428905675,0.0010355764047806598,0.493340094692678
9.498596385666133,-0.0009716004861735072,0.0010355764047806598,0.49351371769138896
9.499897510893174,0.0001005678024286194,0.0010355764047806598,0.49368680011932514
9.501198632871562,-0.0005770520274261948,0.0010355764047806598,0.4938544400095807
9.502499751550259,0.000490294698284155,0.0010355764047806598,0.4940218452110139
9.503800866878235,8.691164459073697e-05,0.0010355764047806598,0.49418149370213627
9.505101978804458,0.0008954633314074978,0.0010355764047806598,0.49434771071615985
9.506403087277892,0.0006873123467626696,0.0010355764047806598,0.4945042712004427
9.507704192247505,0.000146813653874589,0.0010355764047806598,0.49466713579165233
9.509005293662264,0.0010368362154491995,0.0010355764047806598,0.494827126475455
9.510306391471136,0.0009650470468416938,0.0010355764047806598,0.4949841543274433
9.511607485623086,0.002246618801031386,0.0010355764047806598,0.49514892024468216
9.512908576067085,0.00026563524917994075,0.0010355764047806598,0.4953176828509535
9.514209662752092,0.0012777918205190142,0.0010355764047806598,0.49548526017412897
9.515510745627084,0.0012198928693182842,0.0010355764047806598,0.4956517142001946
9.51681182464102,0.0005711828593622514,0.0010355764047806598,0.4958062042336667
9.518112899742869,-0.0003447736669446866,0.0010355764047806598,0.49595749413693807
9.5194139708816,-0.001242494493402302,0.0010355764047806598,0.4961154318253702
9.520715038006177,0.0014238336700237997,0.0010355764047806598,0.4962725975908141
9.522016101065567,0.001256694553118387,0.0010355764047806598,0.496428897049837
9.52331716000874,0.0007859154903419596,0.0010355764047806598,0.49658423588825734
9.524618214784656,-3.0619801136833047e-06,0.0010355764047806598,0.4967380176238586
9.52591926534229,0.0013784390807396463,0.0010355764047806598,0.4968909917117776
9.527220311630604,0.0012549132605372826,0.0010355764047806598,0.49703976337160805
9.528521353598567,-6.996622340882386e-06,0.0010355764047806598,0.497192491243729
9.529822391195143,0.0004116922688871538,0.0010355764047806598,0.49734807090817174
9.531123424369301,-0.00014406862623539407,0.0010355764047806598,0.4975058386926208
9.532424453070007,-0.0003677909670165569,0.0010355764047806598,0.49766829766413134
9.533725477246229,-0.001258531802345697,0.0010355764047806598,0.4978284262843506
9.53502649684693,-0.00017526443455612162,0.0010355764047806598,0.49799344459673633
9.536327511821083,0.0009253464480790674,0.0010355764047806598,0.4981613978190202
9.53762852211765,-0.00043776192870581543,0.0010355764047806598,0.4983324732711595
9.5389295276856,0.00026747815626670945,0.0010355764047806598,0.49850311428516464
9.540230528473897,0.000566164590376117,0.0010355764047806598,0.4986732215054023
9.541531524431514,-0.0002651595662870321,0.0010355764047806598,0.49884269576811846
9.542832515507408,-0.0003597479186550623,0.0010355764047806598,0.4990103526343105
9.544133501650556,0.00018238952259508334,0.0010355764047806598,0.4991709629979085
9.545434482809918,0.0015105641238584155,0.0010355764047806598,0.49933050063466755
9.546735458934466,0.0006748189126591364,0.0010355764047806598,0.49948935102244935
9.54803642997316,0.0010671380421050092,0.0010355764047806598,0.49964745457086956
9.549337395874973,-8.24529174381361e-05,0.0010355764047806598,0.49980475186960666
9.55063835658887,0.0010199681791115967,0.0010355764047806598,0.4999659167259874
9.551939312063816,0.0014805737197863822,0.0010355764047806598,0.5001245926003255
9.553240262248778,-0.000681535617880924,0.0010355764047806598,0.5002783033713797
9.554541207092726,-0.0009854374652761289,0.0010355764047806598,0.5004269438188955
9.555842146544624,8.843952509007824e-05,0.0010355764047806598,0.5005785706259673
9.557143080553441,-2.5620134698645103e-05,0.0010355764047806598,0.5007281860849383
9.558444009068142,-0.00022761445010954784,0.0010355764047806598,0.5008707692865517
9.559744932037692,-0.0015073256106700184,0.0010355764047806598,0.5010269618124842
9.561045849411059,0.0005108350732174749,0.0010355764047806598,0.5011819577604398
9.562346761137213,-0.0006556762456898513,0.0010355764047806598,0.5013368894702437
9.56364766716512,0.001156243754804831,0.0010355764047806598,0.501487749878168
9.564948567443743,0.0020456334250381625,0.0010355764047806598,0.501638643030586
9.566249461922052,0.0032145249001430676,0.0010355764047806598,0.5017882894852537
9.567550350549014,0.0028867965963451647,0.0010355764047806598,0.5019372243644384
9.568851233273593,0.004167367326662008,0.0010355764047806598,0.5020823749235166
9.57015211004476,0.0027666103519565777,0.0010355764047806598,0.5022274662497317
9.571452980811477,0.0013400833085676078,0.0010355764047806598,0.5023681205735127
9.572753845522714,0.0017077516332989484,0.0010355764047806598,0.5024991621275449
9.574054704127436,9.65325778679027e-05,0.0010355764047806598,0.5026338496893066
9.575355556574612,0.0006685585321695164,0.0010355764047806598,0.5027794002879383
9.576656402813208,0.0012815560746833876,0.0010355764047806598,0.5029237236396157
9.577957242792188,0.001179791075190395,0.0010355764047806598,0.5030656941713844
9.579258076460524,0.002100100685339723,0.0010355764047806598,0.5032099962784127
9.580558903767178,0.0008736454571292018,0.0010355764047806598,0.5033660804601812
9.58185972466112,-0.001294277843647107,0.0010355764047806598,0.50351451408475
9.583160539091315,-0.002880232713313058,0.0010355764047806598,0.5036689784031876
9.584461347006732,-0.001718478172816007,0.0010355764047806598,0.5038208730453297
9.585762148356334,-0.00033619286936648063,0.0010355764047806598,0.5039701585706755
9.587062943089093,-0.0004875969082375198,0.0010355764047806598,0.504118611961908
9.588363731153969,0.0008441067805524671,0.0010355764047806598,0.5042674811083252
9.589664512499937,-0.0006160087039507323,0.0010355764047806598,0.5044191607473069
9.590965287075955,0.0007365041113593929,0.0010355764047806598,0.5045721576927295
9.592266054830997,0.0014618785988403937,0.0010355764047806598,0.504720360963534
9.593566815714027,0.0005901053973002002,0.0010355764047806598,0.5048667653522788
9.594867569674012,0.0005077923612102353,0.0010355764047806598,0.5050166032345466
9.596168316659917,-0.00047502693728485035,0.0010355764047806598,0.5051637166179203
9.597469056620714,-0.00044450817246488583,0.0010355764047806598,0.505307933140241
9.598769789505361,-0.0009014472334285539,0.0010355764047806598,0.5054527237104917
9.600070515262834,0.00036091088477241406,0.0010355764047806598,0.5056075470629149
9.601371233842094,0.0009887285294286619,0.0010355764047806598,0.5057613262382306
9.60267194519211,7.894189353530034e-05,0.0010355764047806598,0.5059143200573671
9.60397264926185,0.0005818621906931165,0.0010355764047806598,0.5060665368964198
9.605273346000278,-0.00016815350625920544,0.0010355764047806598,0.5062188283444625
9.606574035356362,0.0008167570618288211,0.0010355764047806598,0.5063695698029724
9.607874717279069,-0.0003964016685524818,0.0010355764047806598,0.5065329404970608
9.609175391717367,0.00031459505201625326,0.0010355764047806598,0.5066870846725476
9.61047605862022,-0.000508577827345813,0.0010355764047806598,0.5068207673866046
9.611776717936596,-0.0007445311422269452,0.0010355764047806598,0.506957598764791
9.613077369615466,-0.00052573428102487,0.0010355764047806598,0.5070994627294864
9.614378013605789,5.755893414227664e-06,0.0010355764047806598,0.5072492615073726
9.615678649856537,-0.0011883352801783653,0.0010355764047806598,0.5073959488413469
9.616979278316675,0.0003590994097326661,0.0010355764047806598,0.5075438349718978
9.618279898935173,0.00079100793403164,0.0010355764047806598,0.5076927657004502
9.619580511660992,-0.00017906760956432066,0.0010355764047806598,0.5078427712234691
9.620881116443103,-4.786348153518194e-05,0.0010355764047806598,0.5079931959800171
9.62218171323047,-0.000480692577527142,0.0010355764047806598,0.5081440410779374
9.623482301972064,-0.0021163653084466105,0.0010355764047806598,0.5082938144973985
9.62478288261685,0.00220141877778679,0.0010355764047806598,0.5084491357309591
9.626083455113793,-0.0007845414570214482,0.0010355764047806598,0.5085958704114883
9.62738401941186,0.0003592390146485158,0.0010355764047806598,0.5087442103063116
9.628684575460019,0.00030392019777158996,0.0010355764047806598,0.5088906564523563
9.629985123207238,0.0010050860724863941,0.0010355764047806598,0.50904408632811
9.631285662602481,0.002037826971317158,0.0010355764047806598,0.5091992305762596
9.632586193594719,0.0009061669207552914,0.0010355764047806598,0.5093461725257562
9.633886716132913,0.002130664336425503,0.0010355764047806598,0.5094970759101412
9.635187230166036,0.00023881898156641324,0.0010355764047806598,0.5096404941384374
9.636487735643048,0.00034265360316332316,0.0010355764047806598,0.5097821561367178
9.637788232512921,0.0004745149095427559,0.0010355764047806598,0.5099222010640165
9.63908872072462,-0.0008975736155194536,0.0010355764047806598,0.5100611780482325
9.640389200227114,-0.002568290752168245,0.0010355764047806598,0.510198956728728
9.641689670969365,-0.0013319860156557617,0.0010355764047806598,0.5103340871741476
9.642990132900344,8.475883373848525e-05,0.0010355764047806598,0.5104697772683183
9.644290585969015,-0.00014234421630043848,0.0010355764047806598,0.5106059715630069
9.645591030124349,-0.00012341160786033534,0.0010355764047806598,0.5107382120178088
9.646891465315308,0.0006999921475558946,0.0010355764047806598,0.5108740219667808
9.648191891490862,-0.00013656521441651748,0.0010355764047806598,0.5110133464042695
9.649492308599976,0.0004335110974645895,0.0010355764047806598,0.5111620423945978
9.650792716591619,-2.419636737449604e-05,0.0010355764047806598,0.511305968663384
9.652093115414752,0.0009030177668355455,0.0010355764047806598,0.5114533926754915
9.653393505018352,0.0010402994088776207,0.0010355764047806598,0.5115972948261418
9.654693885351374,0.001208974764466686,0.0010355764047806598,0.5117386094964292
9.655994256362796,0.0009383902679250822,0.0010355764047806598,0.5118835752739048
9.657294618001576,-6.028999508345123e-05,0.0010355764047806598,0.5120263152817955
9.658594970216686,-5.804594834102339e-05,0.0010355764047806598,0.5121710274494072
9.65989531295709,0.0013361396072513188,0.0010355764047806598,0.5123150889317075
9.661195646171759,0.0001872461933298819,0.0010355764047806598,0.5124613746737725
9.662495969809653,0.001818105756893118,0.0010355764047806598,0.5126112843403454
9.663796283819744,0.008517066462632172,0.0010355764047806598,0.5127612034303276
9.665096588150998,0.010541666709971809,0.0010355764047806598,0.512902632092843
9.666396882752379,0.004240225081213578,0.0010355764047806598,0.5130353032795151
9.66769716757286,0.0025661513491433974,0.0010355764047806598,0.5131697635401318
9.6689974425614,0.0012054270555531543,0.0010355764047806598,0.5133092684051663
9.670297707666968,0.0036205283313273107,0.0010355764047806598,0.5134489810489233
9.671597962838536,0.00398844247535457,0.0010355764047806598,0.5135888491739402
9.672898208025067,0.0057742168178051,0.0010355764047806598,0.5137291723168044
9.674198443175529,0.002727462002939607,0.0010355764047806598,0.5138712725582445
9.675498668238886,0.0009710273235961075,0.0010355764047806598,0.5140141260452463
9.676798883164107,0.0007785467469332286,0.0010355764047806598,0.5141573529617398
9.678099087900156,0.00012629997789126435,0.0010355764047806598,0.5143008765447166
9.679399282396005,0.0014600277313413512,0.0010355764047806598,0.5144400830520194
9.680699466600617,0.0005541355619750332,0.0010355764047806598,0.5145704481648422
9.68199964046296,0.0010859312791416942,0.0010355764047806598,0.5147104092778628
9.683299803932002,4.8683910201963165e-05,0.0010355764047806598,0.5148519134506249
9.684599956956708,0.0008082612814093171,0.0010355764047806598,0.5149947978334121
9.685900099486043,0.0007723479861699856,0.0010355764047806598,0.5151446098597311
9.687200231468976,-0.0004970261643106877,0.0010355764047806598,0.51529481095571
9.688500352854478,-0.0005019724728040353,0.0010355764047806598,0.515431974152585
9.689800463591506,0.00027619937426637264,0.0010355764047806598,0.5155803999910723
9.691100563629037,0.0006638750496527068,0.0010355764047806598,0.5157145497074359
9.69240065291603,0.0007886049819958441,0.0010355764047806598,0.5158558551026232
9.693700731401458,0.0005152057863242465,0.0010355764047806598,0.5159876161240807
9.695000799034284,-0.00010927333725374577,0.0010355764047806598,0.5161196456426071
9.696300855763475,-0.000930190168382028,0.0010355764047806598,0.5162530592767589
9.697600901537998,0.0013448005007594688,0.0010355764047806598,0.5163819081209879
9.698900936306822,0.0010648376659119219,0.0010355764047806598,0.5165125849783193
9.70020096001891,0.0017618645522142762,0.0010355764047806598,0.5166420467899825
9.701500972623235,0.0009315454885561181,0.0010355764047806598,0.516767371791769
9.702800974068754,-0.00034232575425574563,0.0010355764047806598,0.5168936487229763
9.704100964304443,-0.0001061637647832292,0.0010355764047806598,0.5170209556621
9.705400943279264,0.0003625556930777485,0.0010355764047806598,0.5171441772871329
9.706700910942187,-0.0009364866736866206,0.0010355764047806598,0.5172677673105904
9.708000867242173,-0.0006462806420479694,0.0010355764047806598,0.5173883782331444
9.709300812128197,7.029415820414275e-05,0.0010355764047806598,0.5175172382057068
9.71060074554922,0.000566778618830921,0.0010355764047806598,0.5176412079826744
9.711900667454211,0.00033206013893471997,0.0010355764047806598,0.5177711892881303
9.713200577792135,0.0017888313455476368,0.0010355764047806598,0.517907063491637
9.714500476511958,0.001171277226323264,0.0010355764047806598,0.5180406355404557
9.71580036356265,0.00047507999297480286,0.0010355764047806598,0.5181736207746388
9.717100238893178,-7.396927006531051e-05,0.0010355764047806598,0.5183061717249323
9.718400102452508,0.0006040942513124703,0.0010355764047806598,0.5184382406659965
9.719699954189604,0.001666594430160151,0.0010355764047806598,0.5185679416194829
9.720999794053435,0.00044269022974752215,0.0010355764047806598,0.5186953099650473
9.722299621992969,-0.0015035622521515357,0.0010355764047806598,0.518824331014229
9.723599437957173,-0.0006197815600944567,0.0010355764047806598,0.5189549652398083
9.72489924189501,-0.0003798928338272223,0.0010355764047806598,0.5190838917082362
9.72619903375545,-0.0007958632459574844,0.0010355764047806598,0.5192109288801491
9.727498813487458,-4.5842884171420906e-05,0.0010355764047806598,0.519334670894869
9.728798581040001,0.0005355249925608208,0.0010355764047806598,0.5194549907665502
9.73009833636205,0.0005366652157484664,0.0010355764047806598,0.5195604413533649
9.731398079402565,0.00036324598582615497,0.0010355764047806598,0.5196720772755535
9.732697810110519,0.00021309480724995833,0.0010355764047806598,0.5197923244725505
9.733997528434877,-0.00014587574673996517,0.0010355764047806598,0.5199111227057237
9.735297234324602,-4.392456030322123e-05,0.0010355764047806598,0.5200336775386553
9.736596927728664,0.0009085132400377116,0.0010355764047806598,0.5201532580270687
9.737896608596028,-0.0008644809691121802,0.0010355764047806598,0.5202730905385267
9.739196276875665,-0.0002316625012046547,0.0010355764047806598,0.5203953238565233
9.74049593251654,0.0016721576337996868,0.0010355764047806598,0.520515814319641
9.741795575467615,0.0008380960716458663,0.0010355764047806598,0.5206344834559249
9.743095205677863,0.000842215745962771,0.0010355764047806598,0.5207514632375945
9.744394823096247,-0.0006970968204244032,0.0010355764047806598,0.5208683490607487
9.745694427671735,-0.0008804335229333216,0.0010355764047806598,0.5209818073869042
9.746994019353297,-0.00017179142980860984,0.0010355764047806598,0.5211034350651856
9.748293598089893,0.0009893243418200859,0.0010355764047806598,0.5212240144875416
9.749593163830497,-0.0002804314242197403,0.0010355764047806598,0.5213434869755277
9.75089271652407,-0.0007168201393537021,0.0010355764047806598,0.521461905001055
9.752192256119585,0.0006928543617802374,0.0010355764047806598,0.521579214790738
9.753491782566002,-0.002878743188673427,0.0010355764047806598,0.5216954595956826
9.754791295812291,0.0009139569454102991,0.0010355764047806598,0.5218105900120228
9.756090795807419,-0.0002763609331374317,0.0010355764047806598,0.5219248627358352
9.757390282500353,6.069972565636572e-05,0.0010355764047806598,0.5220392059959577
9.758689755840058,0.000800198687320397,0.0010355764047806598,0.5221511528827286
9.759989215775503,0.0007666521640439239,0.0010355764047806598,0.5222637532244487
9.761288662255655,0.0009360755359816286,0.0010355764047806598,0.522373353953824
9.76258809522948,0.0001275847879697034,0.0010355764047806598,0.5224825161493805
9.763887514645942,0.0012105588352300245,0.0010355764047806598,0.5225958122653279
9.765186920454013,0.0005174709929426369,0.0010355764047806598,0.5227132020147274
9.766486312602655,0.0009289035343366114,0.0010355764047806598,0.5228286011599643
9.767785691040839,0.0006285614403622741,0.0010355764047806598,0.5229420994920244
9.769085055717527,-0.00017043906065539183,0.0010355764047806598,0.5230521320325994
9.770384406581691,-0.0014272750114211474,0.0010355764047806598,0.5231485890416535
9.771683743582294,-0.0005990906507844507,0.0010355764047806598,0.523252088230508
9.772983066668305,0.002012007335435384,0.0010355764047806598,0.5233585307116828
9.774282375788689,-0.0008966811916291118,0.0010355764047806598,0.5234644835452259
9.775581670892414,-0.0012643954560200843,0.0010355764047806598,0.5235700972077368
9.776880951928447,-0.0021974610223329805,0.0010355764047806598,0.5236755227247926
9.778180218845755,-0.0004002893567478516,0.0010355764047806598,0.5237828925457243
9.779479471593303,-0.0007353110382637418,0.0010355764047806598,0.5238897361481369
9.780778710120059,7.314202137376213e-05,0.0010355764047806598,0.5239960066500984
9.78207793437499,0.0013118658601662947,0.0010355764047806598,0.5241016575420145
9.783377144307064,0.001970203003473059,0.0010355764047806598,0.5242077500463439
9.784676339865246,0.0012115143993137734,0.0010355764047806598,0.5243093377625669
9.785975520998502,0.0006104887504841949,0.0010355764047806598,0.5244062072496323
9.7872746876558,0.0016620692663891212,0.0010355764047806598,0.5244909710508044
9.788573839786109,0.0014150126225219717,0.0010355764047806598,0.5245867469982303
9.78987297733839,0.00573873690443516,0.0010355764047806598,0.5246885562282332
9.791172100261617,0.005951623029042286,0.0010355764047806598,0.5247881314346827
9.792471208504752,0.004561740353835941,0.0010355764047806598,0.5248870324330884
9.793770302016762,0.002707501100194687,0.0010355764047806598,0.5249852524227883
9.795069380746614,-0.0004116146507274765,0.0010355764047806598,0.5250827611724003
9.796368444643278,0.001445925189707431,0.0010355764047806598,0.5251835353860375
9.797667493655718,0.00016847131092800893,0.0010355764047806598,0.5252806835663533
9.798966527732903,0.0018436652934620268,0.0010355764047806598,0.5253835092974455
9.800265546823795,0.0008480107397399461,0.0010355764047806598,0.525485999803289
9.801564550877362,0.00023067871144089036,0.0010355764047806598,0.5255881375497168
9.802863539842578,0.0006079343942024806,0.0010355764047806598,0.5256953902764436
9.804162513668402,0.0009890555629351594,0.0010355764047806598,0.5257921416700978
9.805461472303804,0.0010970212332339635,0.0010355764047806598,0.5258850458919464
9.806760415697747,-9.872374279551455e-05,0.0010355764047806598,0.525979005378079
9.808059343799204,0.0006159765168876064,0.0010355764047806598,0.5260731485334081
9.809358256557136,-0.0010219200727890065,0.0010355764047806598,0.5261777988136108
9.810657153920518,0.0009976759784523503,0.0010355764047806598,0.5262806741510018
9.811956035838307,0.0005777934009885133,0.0010355764047806598,0.5263817490625817
9.813254902259477,0.0014311051885115278,0.0010355764047806598,0.5264806971508035
9.814553753132989,0.0016863013971791796,0.0010355764047806598,0.526577670797424
9.815852588407813,0.0011830791813070007,0.0010355764047806598,0.5266726505084866
9.817151408032917,0.0015853685461466593,0.0010355764047806598,0.5267750493107028
9.818450211957266,5.9438408737788606e-05,0.0010355764047806598,0.5268716223414391
9.819749000129825,-0.00024554048130820405,0.0010355764047806598,0.5269625542438999
9.821047772499567,-0.0004098880669819449,0.0010355764047806598,0.5270549973465534
9.822346529015451,0.0007217789352402804,0.0010355764047806598,0.5271488193287631
9.82364526962645,-0.0007645651425536304,0.0010355764047806598,0.5272359677477014
9.824943994281526,0.0008254498002674415,0.0010355764047806598,0.527320167137807
9.826242702929651,0.0004235456890839817,0.0010355764047806598,0.5274069605132434
9.827541395519786,0.001352255591537399,0.0010355764047806598,0.5274901074199294
9.8288400720009,0.001664738460856241,0.0010355764047806598,0.527574086862144
9.830138732321965,0.0008577450293777433,0.0010355764047806598,0.5276514676216923
9.831437376431941,0.00040354631978445354,0.0010355764047806598,0.5277297982539353
9.832736004279797,-0.002087791830451713,0.0010355764047806598,0.5278088783093048
9.834034615814502,-0.0004695973361688033,0.0010355764047806598,0.5278885086399225
9.83533321098502,-0.0023416374470565104,0.0010355764047806598,0.5279696262001494
9.836631789740316,0.0002757808935694994,0.0010355764047806598,0.5280477036129079
9.837930352029362,-0.0008861682804398585,0.0010355764047806598,0.528122459067837
9.83922889780112,0.00046015190872028544,0.0010355764047806598,0.5281939247143704
9.840527427004561,0.0003589705312641023,0.0010355764047806598,0.5282646756692417
9.84182593958865,7.857069609451539e-05,0.0010355764047806598,0.5283346287714419
9.843124435502352,0.0005592955919356823,0.0010355764047806598,0.5283987533883776
9.844422914694636,7.223209958884258e-05,0.0010355764047806598,0.5284611820029568
9.84572137711447,1.9252991075191517e-05,0.0010355764047806598,0.5285233915461149
9.847019822710818,0.0002828769801983544,0.0010355764047806598,0.5285853847296326
9.848318251432646,0.0011467223515327918,0.0010355764047806598,0.528647165278748
9.849616663228925,0.0028226813682169505,0.0010355764047806598,0.528708737932147
9.850915058048619,0.00046347355181053373,0.0010355764047806598,0.5287709112778213
9.852213435840694,-0.00017872473247548815,0.0010355764047806598,0.5288293062959473
9.85351179655412,0.0006308324184260972,0.0010355764047806598,0.5288797486708134
9.854810140137861,-0.00023321169141099496,0.0010355764047806598,0.528935235097481
9.856108466540885,0.0007391679524518802,0.0010355764047806598,0.5289928050603013
9.857406775712157,0.0009460348461486356,0.0010355764047806598,0.5290500735950573
9.858705067600646,-0.0005475167993085339,0.0010355764047806598,0.529105019914774
9.860003342155318,2.7378121425725155e-05,0.0010355764047806598,0.529182062511007
9.861301599325142,1.6380632957169183e-05,0.0010355764047806598,0.52923507171833
9.86259983905908,0.0017324150423304596,0.0010355764047806598,0.5292864937353529
9.863898061306104,-5.5543435121818696e-05,0.0010355764047806598,0.5293322197772466
9.865196266015175,0.0011491590641355964,0.0010355764047806598,0.5293770169557732
9.866494453135267,0.0018292137296939126,0.0010355764047806598,0.5294269238239371
9.867792622615339,0.0016697470274356085,0.0010355764047806598,0.5294632443837008
9.869090774404366,0.0009655418490037704,0.0010355764047806598,0.5294894332916529
9.870388908451305,0.0008955547518729734,0.0010355764047806598,0.5295208856254024
9.871687024705135,-0.00021392158325206356,0.0010355764047806598,0.5295541452169129
9.87298512311481,0.002074663437245383,0.0010355764047806598,0.529583135156195
9.87428320362931,-0.00016275389601638768,0.0010355764047806598,0.5296156575923728
9.875581266197587,0.00035832189585294216,0.0010355764047806598,0.5296472159800918
9.876879310768619,0.0006465306684034777,0.0010355764047806598,0.5296793859967505
9.878177337291369,0.001179043195809526,0.0010355764047806598,0.5297121604373236
9.879475345714805,0.0005073934897581456,0.0010355764047806598,0.5297436334721247
9.880773335987893,-0.00018300784471647624,0.0010355764047806598,0.5297721648114744
9.8820713080596,0.001023165925447378,0.0010355764047806598,0.5297993273943814
9.88336926187889,0.0028298674246542976,0.0010355764047806598,0.5298238937151403
9.884667197394737,0.004065537092902249,0.0010355764047806598,0.5298456692583824
9.8859651145561,0.0031147747574670204,0.0010355764047806598,0.5298725677574535
9.887263013311948,0.00045469525909236364,0.0010355764047806598,0.5299044384301347
9.888560893611253,0.002465539219418833,0.0010355764047806598,0.5299358563402352
9.889858755402974,0.001269219281576195,0.0010355764047806598,0.5299548006678516
9.89115659863608,0.0003922463336528681,0.0010355764047806598,0.5299721258658655
9.892454423259544,0.0035720018746741022,0.0010355764047806598,0.529987266582164
9.893752229222326,0.004554439690088841,0.0010355764047806598,0.5300058596379407
9.895050016473393,0.003331859178250296,0.0010355764047806598,0.5300296018852231
9.896347784961716,0.003585134269827983,0.0010355764047806598,0.5300363901042242
9.897645534636258,0.0007866837277331618,0.0010355764047806598,0.5300534344827673
9.898943265445988,0.002695351601628926,0.0010355764047806598,0.5300562799621994
9.900240977339873,0.0018339840319189227,0.0010355764047806598,0.5300448161247978
9.901538670266875,0.001238058342222459,0.0010355764047806598,0.5300398328052779
9.902836344175968,0.00023267423154471611,0.0010355764047806598,0.5300417117044895
9.904133999016114,0.0025683773202406224,0.0010355764047806598,0.5300410761758705
9.905431634736283,0.0022145592008929738,0.0010355764047806598,0.5300383545837061
9.90672925128544,0.000943164263457974,0.0010355764047806598,0.5300335877477764
9.90802684861255,-4.678476579489388e-05,0.0010355764047806598,0.5300292073539521
9.909324426666585,0.0005332783977816113,0.0010355764047806598,0.5300198982693648
9.910621985396507,-0.0008622246293138458,0.0010355764047806598,0.5300090219269477
9.911919524751282,0.0011671659677936486,0.0010355764047806598,0.5299965867067125
9.913217044679879,0.0017031885331080243,0.0010355764047806598,0.5299827328951897
9.914514545131269,0.002128623457596013,0.0010355764047806598,0.529967463833909
9.915812026054411,0.00021947666355648376,0.0010355764047806598,0.5299503824951699
9.917109487398276,-0.0003190555725041122,0.0010355764047806598,0.5299242655793702
9.918406929111832,-0.0002313861404098505,0.0010355764047806598,0.5299029542408029
9.919704351144043,0.0010297859519328156,0.0010355764047806598,0.529882648142092
9.921001753443877,0.004012584296886446,0.0010355764047806598,0.5298582564320781
9.922299135960303,0.004838773626473336,0.0010355764047806598,0.5298283023160217
9.923596498642281,0.006170152380373328,0.0010355764047806598,0.5297888843885831
9.924893841438788,0.003235539693296041,0.0010355764047806598,0.5297584089788991
9.92619116429878,0.0025894480282336874,0.0010355764047806598,0.5297262437041365
9.927488467171232,0.0006949455863444198,0.0010355764047806598,0.529699994672724
9.928785750005106,0.001292045472866099,0.0010355764047806598,0.5296738425575562
9.930083012749373,0.0011260860192134903,0.0010355764047806598,0.529647957164777
9.931380255352995,0.0008772126531202407,0.0010355764047806598,0.5296240003144631
9.93267747776494,0.00034014980647467663,0.0010355764047806598,0.5296016283013348
9.93397467993418,-0.0002853693033159077,0.0010355764047806598,0.5295781185018605
9.935271861809676,0.00215069604149265,0.0010355764047806598,0.5295502582191896
9.936569023340393,0.0004277292984506964,0.0010355764047806598,0.529521979840884
9.937866164475308,4.055805587011019e-05,0.0010355764047806598,0.5294931934660554
9.939163285163376,0.0009413677828778999,0.0010355764047806598,0.5294659345096725
9.940460385353571,0.0020578372304774772,0.0010355764047806598,0.529432878057199
9.941757464994858,0.0008075333137040897,0.0010355764047806598,0.5293969684594224
9.943054524036203,0.0013283687604986882,0.0010355764047806598,0.5293625159772118
9.944351562426574,0.001606186514872987,0.0010355764047806598,0.529328447979423
9.945648580114938,0.0006804528144395139,0.0010355764047806598,0.5292952215271306
9.94694557705026,0.0009981306365495213,0.0010355764047806598,0.5292596832220796
9.948242553181506,-0.0010605072184198816,0.0010355764047806598,0.5292206030273611
9.949539508457647,0.0006629165217907351,0.0010355764047806598,0.5291932928290297
9.950836442827647,-0.00021459112356192467,0.0010355764047806598,0.52915456600521
9.952133356240472,-0.00039337621123369804,0.0010355764047806598,0.5291153206730146
9.953430248645093,0.0013382666912529206,0.0010355764047806598,0.5290718725017773
9.954727119990471,-0.0004777327440411705,0.0010355764047806598,0.5290223038032099
9.956023970225576,0.0014737060905963828,0.0010355764047806598,0.5289665499350384
9.957320799299376,-0.00032368622449530093,0.0010355764047806598,0.5289131609751612
9.958617607160837,-0.00020500727183558887,0.0010355764047806598,0.5288630849033275
9.959914393758924,0.00029604831121055053,0.0010355764047806598,0.5288123868038153
9.961211159042602,-1.3293835928074316e-05,0.0010355764047806598,0.5287581635644706
9.962507902960843,-0.0012784275553447966,0.0010355764047806598,0.5287004702465429
9.963804625462613,0.0004992416703668567,0.0010355764047806598,0.5286393616571629
9.965101326496876,0.0010911189961546608,0.0010355764047806598,0.5285748923493455
9.9663980060126,0.0018108142977378838,0.0010355764047806598,0.528508153092861
9.967694663958751,-0.0005653244739778351,0.0010355764047806598,0.528439993798125
9.968991300284298,0.0001482618354861076,0.0010355764047806598,0.5283702363004856
9.970287914938208,0.0007952307543378501,0.0010355764047806598,0.5282988004366911
9.971584507869443,-0.0004760288463858675,0.0010355764047806598,0.5282220321973023
9.972881079026974,0.00016305972734376173,0.0010355764047806598,0.528146901342318
9.974177628359769,-0.00032672056636628977,0.0010355764047806598,0.5280681756131093
9.975474155816793,0.00029093295923543483,0.0010355764047806598,0.5279857347619623
9.97677066134701,0.0009938372695142972,0.0010355764047806598,0.5279016850508413
9.978067144899391,0.0007834703398059695,0.0010355764047806598,0.5278158050811549
9.979363606422899,0.0005396555453313079,0.0010355764047806598,0.5277216091940296
9.980660045866506,-0.0014742847231464795,0.0010355764047806598,0.5276410564167953
9.981956463179172,0.00209889697834309,0.0010355764047806598,0.5275472846282022
9.983252858309871,0.0006463076411603597,0.0010355764047806598,0.5274702929904811
9.984549231207565,9.703272490391157e-05,0.0010355764047806598,0.5273876385877079
9.985845581821222,0.0008430884939748529,0.0010355764047806598,0.527305381445579
9.98714191009981,0.0003144260779828212,0.0010355764047806598,0.5272191502977924
9.988438215992295,-0.0003091206375825939,0.0010355764047806598,0.5271379849410899
9.989734499447641,-0.0001431386779487953,0.0010355764047806598,0.5270493521909126
9.991030760414821,0.0015708370116187531,0.0010355764047806598,0.5269587228563716
9.992326998842795,0.0015597072692616898,0.0010355764047806598,0.526866016183051
9.993623214680534,0.0022723128969621698,0.0010355764047806598,0.5267739060166938
9.994919407877005,0.0011170089384174853,0.0010355764047806598,0.5266811114269855
9.996215578381173,-0.00037684426266981763,0.0010355764047806598,0.5265876793485492
9.997511726142005,-0.0004288081864926019,0.0010355764047806598,0.5264936573211527
9.998807851108468,0.0001291756870716032,0.0010355764047806598,0.5264062304937754
10.00010395322953,-0.0005713094897858984,0.0010355764047806598,0.5263223672101771
10.001400032454155,-0.0003752983243410224,0.0010355764047806598,0.5262298412349943
10.002696088731316,-0.0003916840767455021,0.0010355764047806598,0.5261410219684716
10.00399212200997,-8.745116002228936e-05,0.0010355764047806598,0.5260452715259671
10.005288132239093,-0.0035857674562354003,0.0010355764047806598,0.5259453286167536
10.006584119367647,-0.00016669834982196985,0.0010355764047806598,0.5258463718680791
10.007880083344599,-3.3686313043235216e-05,0.0010355764047806598,0.5257469543262883
10.009176024118917,0.0016265362352070323,0.0010355764047806598,0.5256474707632676
10.010471941639569,0.0002582435719136189,0.0010355764047806598,0.5255454692096948
10.011767835855519,-0.0005073472358937403,0.0010355764047806598,0.5254429367480488
10.013063706715736,0.00045140305005852976,0.0010355764047806598,0.5253476839860193
10.014359554169184,0.0008910089936203791,0.0010355764047806598,0.5252434045674589
10.015655378164833,0.0007991305912614655,0.0010355764047806598,0.525139183484249
10.016951178651649,0.0005988397369636189,0.0010355764047806598,0.5250326547133545
10.018246955578597,0.0017287350830815784,0.0010355764047806598,0.5249251677871537
10.019542708894646,0.0006895771155031039,0.0010355764047806598,0.5248171654083865
10.020838438548761,0.001949264899601344,0.0010355764047806598,0.524708655158577
10.022134144489911,0.0026405543390370934,0.0010355764047806598,0.5246030281518327
10.02342982666706,0.0010366486175295009,0.0010355764047806598,0.5244950879898246
10.024725485029178,0.00045849194477076693,0.0010355764047806598,0.5243843763277359
10.026021119525229,0.00036179411395542704,0.0010355764047806598,0.52427527288609
10.027316730104182,0.0013235560311180006,0.0010355764047806598,0.5241579199244657
10.028612316715003,0.0006221655061511289,0.0010355764047806598,0.5240479094763391
10.029907879306654,5.921233882522081e-05,0.0010355764047806598,0.5239450798472891
10.031203417828111,-0.0003112312892876723,0.0010355764047806598,0.5238404188237762
10.032498932228336,-0.001432800247190169,0.0010355764047806598,0.5237339893553623
10.033794422456294,-0.0017771838941713636,0.0010355764047806598,0.5236258545732748
10.035089888460956,-0.00030058181209724477,0.0010355764047806598,0.5235193084051702
10.036385330191285,0.00020896720060514795,0.0010355764047806598,0.5234142492331147
10.037680747596252,0.0011814001852497036,0.0010355764047806598,0.5233043133645155
10.03897614062482,-0.0013132996351996606,0.0010355764047806598,0.5231929197074339
10.040271509225954,-0.002368872715487913,0.0010355764047806598,0.5230834794172479
10.041566853348625,-8.213235276000042e-05,0.0010355764047806598,0.5229761275809257
10.042862172941799,-0.0018686338229010335,0.0010355764047806598,0.5228739933057767
10.044157467954445,0.00020412144900983087,0.0010355764047806598,0.5227668588395915
10.045452738335523,-0.00043759662837605795,0.0010355764047806598,0.5226576720386327
10.04674798403401,0.0013284904974646405,0.0010355764047806598,0.5225464925522026
10.04804320499886,-0.0004347021991664146,0.0010355764047806598,0.5224333801674469
10.04933840117905,0.0006254024732865737,0.0010355764047806598,0.5223173869743301
10.050633572523543,0.0005556554037479122,0.0010355764047806598,0.5221996930995464
10.051928718981307,0.0011964260449923714,0.0010355764047806598,0.5220803652130609
10.053223840501307,8.742858711263679e-05,0.0010355764047806598,0.5219579196564421
10.054518937032512,0.0006643113541212609,0.0010355764047806598,0.5218311045322627
10.055814008523885,0.000998839880769542,0.0010355764047806598,0.5217078896860331
10.057109054924398,0.0007763312919879528,0.0010355764047806598,0.5215767654141716
10.058404076183015,0.001559259758460052,0.0010355764047806598,0.5214423900493463
10.059699072248701,0.0011777293037864567,0.0010355764047806598,0.5213157550765485
10.060994043070428,0.0024528887761803286,0.0010355764047806598,0.5211856370475869
10.062288988597157,0.0013893324134053309,0.0010355764047806598,0.5210563848720025
10.06358390877786,0.0004894749999369008,0.0010355764047806598,0.5209225053385188
10.0648788035615,-3.1619284797446134e-05,0.0010355764047806598,0.5207864623684964
10.066173672897044,0.0017195106185172726,0.0010355764047806598,0.5206495957560642
10.067468516733461,0.0031751073188996948,0.0010355764047806598,0.5205212192128413
10.068763335019717,0.0059363095227302765,0.0010355764047806598,0.5203981504890942
10.070058127704778,0.005793695968232648,0.0010355764047806598,0.5202731585383309
10.071352894737611,0.003294182493936537,0.0010355764047806598,0.5201440118691109
10.072647636067185,0.0002854205451670033,0.0010355764047806598,0.5200108500090079
10.073942351642463,0.0014321896632286668,0.0010355764047806598,0.5198773464871882
10.075237041412414,0.0006565245780295603,0.0010355764047806598,0.519743479931943
10.076531705326007,9.222603903913384e-05,0.0010355764047806598,0.5196144963963814
10.077826343332204,-0.00043828355760278104,0.0010355764047806598,0.519474620831052
10.079120955379972,0.001711261476885939,0.0010355764047806598,0.5193349588724226
10.080415541418283,0.001861019200533498,0.0010355764047806598,0.5191868318313271
10.0817101013961,0.0007283233616078855,0.0010355764047806598,0.5190406110271905
10.083004635262391,0.0014819531096438299,0.0010355764047806598,0.5188938739511214
10.08429914296612,-0.0008505196256840541,0.0010355764047806598,0.5187469588622916
10.085593624456259,-0.0005677068423759479,0.0010355764047806598,0.5185997004087108
10.08688807968177,-1.4207097241869526e-05,0.0010355764047806598,0.518452082518601
10.088182508591622,-0.0009104629340155324,0.0010355764047806598,0.5183040896321037
10.089476911134785,0.0010488069141072476,0.0010355764047806598,0.518155706701284
10.090771287260218,0.001399945834123617,0.0010355764047806598,0.518009851998116
10.092065636916896,-0.0009124019857987831,0.0010355764047806598,0.5178608506547658
10.093359960053778,-0.0007288740498395674,0.0010355764047806598,0.5177127949884813
10.094654256619839,-0.00234121651643715,0.0010355764047806598,0.5175601919856877
10.095948526564037,-0.0011035795046659969,0.0010355764047806598,0.5174062654040505
10.097242769835349,-0.0014907838719538935,0.0010355764047806598,0.5172524741239232
10.098536986382731,-0.0013427836468554721,0.0010355764047806598,0.5171017247108944
10.09983117615516,9.664549407761847e-06,0.0010355764047806598,0.5169511881938268
10.101125339101591,0.001787260732784235,0.0010355764047806598,0.5167995875239852
10.102419475171004,0.00041082562825855984,0.0010355764047806598,0.5166489298904852
10.103713584312356,-0.0010784091864166623,0.0010355764047806598,0.5164960280375481
10.105007666474618,0.00036797061427473743,0.0010355764047806598,0.5163413127965225
10.106301721606757,0.0005432272522604142,0.0010355764047806598,0.516185993545189
10.107595749657738,0.0013341763419131292,0.0010355764047806598,0.5160301139966654
10.108889750576528,0.001693628429344618,0.0010355764047806598,0.51586442924433
10.110183724312098,0.0022423555180952626,0.0010355764047806598,0.5157025399364605
10.111477670813406,0.0019565594389741037,0.0010355764047806598,0.515544221499739
10.11277159002943,0.0026606881460754517,0.0010355764047806598,0.5153828149901649
10.114065481909124,0.0028248250140014974,0.0010355764047806598,0.515218315134675
10.115359346401466,-0.00034007704069627387,0.0010355764047806598,0.5150658113191317
10.116653183455416,0.0006360249257022499,0.0010355764047806598,0.5149160385541138
10.117946993019947,0.0012304215934526574,0.0010355764047806598,0.5147599112968021
10.11924077504402,0.0015158544024839182,0.0010355764047806598,0.5146050082282999
10.120534529476604,0.0005683156810186718,0.0010355764047806598,0.514443900292641
10.121828256266665,0.0011702614383497512,0.0010355764047806598,0.5142840632701371
10.123121955363171,-0.00015425151962011885,0.0010355764047806598,0.5141234772930942
10.124415626715088,0.000452589172771134,0.0010355764047806598,0.5139560379057362
10.125709270271383,-0.00017952742501781138,0.0010355764047806598,0.5137902605410392
10.127002885981025,0.0008571884958508136,0.0010355764047806598,0.5136109567937205
10.128296473792977,-0.000385356294941519,0.0010355764047806598,0.5134387882213678
10.129590033656207,-0.0008901096525643082,0.0010355764047806598,0.5132685553377492
10.130348701708964,0.00021892332939987824,0.0010355764047806598,0.5130998006948919
10.131649411299483,0.0005988025674046327,0.0010355764047806598,0.5129299883086165
10.132950118234088,-0.0005844687221440159,0.0010355764047806598,0.5127628816733057
10.134250822517393,0.0008805522250751041,0.0010355764047806598,0.512595046766834
10.135551524154014,0.0005861114816266833,0.0010355764047806598,0.512423996689341
10.136852223148562,0.0007242858319532752,0.0010355764047806598,0.512252117471333
10.138152919505659,0.0015482909089871155,0.0010355764047806598,0.5120794563804126
10.139453613229918,0.0012941912772278519,0.0010355764047806598,0.5119110276869574
10.14075430432595,0.0016913310229897949,0.0010355764047806598,0.5117367297162193
10.142054992798377,0.0009836273635427384,0.0010355764047806598,0.5115612871650069
10.14335567865181,-0.0007815990258210892,0.0010355764047806598,0.5113860588830217
10.144656361890863,-0.0006877317885121137,0.0010355764047806598,0.5112187150894163
10.145957042520154,0.0004573189651821963,0.0010355764047806598,0.5110439765131225
10.1472577205443,0.0007252415657309497,0.0010355764047806598,0.5108691713744897
10.148558395967912,0.0014969130889946891,0.0010355764047806598,0.5106897304009421
10.149859068795607,-1.3338959903963499e-05,0.0010355764047806598,0.510512704835461
10.151159739032,0.00031982594697110844,0.0010355764047806598,0.5103121895240077
10.152460406681707,0.00025786711598219103,0.0010355764047806598,0.5101342468384913
10.153761071749344,0.00010886885914340727,0.0010355764047806598,0.5099506833659698
10.155061734239524,0.0009038149086834091,0.0010355764047806598,0.5097690051951181
10.156362394156863,0.000543684874912298,0.0010355764047806598,0.5095893356743765
10.157663051505976,-0.00040774539795529474,0.0010355764047806598,0.5094024283512915
10.15896370629148,0.0006622065670131017,0.0010355764047806598,0.5092199224776924
10.160264358517988,0.0003755020814483201,0.0010355764047806598,0.5090430150644393
10.161565008190117,0.00043900075461467125,0.0010355764047806598,0.5088599146133688
10.162865655312482,0.0002942655309332576,0.0010355764047806598,0.5086748025642923
10.164166299889699,0.0012352423393965362,0.0010355764047806598,0.5084887416357122
10.165466941926379,0.0012970580010414068,0.0010355764047806598,0.5083017896997906
10.166767581427143,0.0002092959575181741,0.0010355764047806598,0.5081171466082064
10.1680682183966,0.0012198555303669645,0.0010355764047806598,0.5079363302614515
10.169368852839373,0.0020896548369737644,0.0010355764047806598,0.5077498541301326
10.17066948476007,0.0006328671832963595,0.0010355764047806598,0.5075722038502121
10.171970114163312,0.0019744079503890566,0.0010355764047806598,0.5073828099333402
10.17327074105371,0.001571599804675361,0.0010355764047806598,0.5071929475879001
10.17457136543588,-0.0006747010247687424,0.0010355764047806598,0.507000375558343
10.175871987314439,0.002105582714329035,0.0010355764047806598,0.506805764723847
10.177172606694,0.0021702104610969997,0.0010355764047806598,0.5066076882113892
10.17847322357918,-0.00018011936522888128,0.0010355764047806598,0.5064009355651078
10.179773837974594,0.0007628010783296002,0.0010355764047806598,0.5061904880274343
10.181074449884859,-0.0008990789293455981,0.0010355764047806598,0.5059913990073794
10.182375059314586,-0.0002959751480929862,0.0010355764047806598,0.5057847443434069
10.183675666268392,-0.00018218136791159356,0.0010355764047806598,0.5055760577553543
10.184976270750893,-0.000579141147094675,0.0010355764047806598,0.5053609970725718
10.186276872766705,-0.001006996415897854,0.0010355764047806598,0.5051389291765914
10.187577472320443,-0.001953803616658867,0.0010355764047806598,0.5049372350402159
10.18887806941672,-0.0013699687151300655,0.0010355764047806598,0.504731246979467
10.190178664060152,0.001087945116091782,0.0010355764047806598,0.5045230294676736
10.191479256255358,0.0010748696788711598,0.0010355764047806598,0.5043204136231666
10.192779846006948,0.0012906180686013125,0.0010355764047806598,0.5041186589661557
10.19408043331954,0.00033898762781880976,0.0010355764047806598,0.50391824672617
10.195381018197748,0.00048239248343684427,0.0010355764047806598,0.5037163400050907
10.196681600646189,-0.00042596352764112666,0.0010355764047806598,0.5035118211321143
10.197982180669477,-2.7102226337949453e-05,0.0010355764047806598,0.5033048739401451
10.199282758272227,0.00015746641277691875,0.0010355764047806598,0.5030971404698247
10.200583333459056,-0.0009326351579428405,0.0010355764047806598,0.5028947177220235
10.201883906234576,0.0007657448829166968,0.0010355764047806598,0.5026934029131854
10.203184476603404,0.0002830455631366302,0.0010355764047806598,0.5024915156587186
10.204485044570157,-0.000751596687950884,0.0010355764047806598,0.5022873818990075
10.20578561013945,0.0009706678770072807,0.0010355764047806598,0.5020811274772464
10.207086173315895,0.0005600388242853471,0.0010355764047806598,0.5018744229717395
10.20838673410411,-3.1505337662607324e-05,0.0010355764047806598,0.5016679000664976
10.209687292508708,0.0007577115603778495,0.0010355764047806598,0.5014614857467622
10.210987848534307,0.0005590688629532048,0.0010355764047806598,0.5012475675075521
10.21228840218552,-0.0005461496716763214,0.0010355764047806598,0.501035765190423
10.213588953466965,-0.0012058214229352382,0.0010355764047806598,0.5008297898768789
10.214889502383253,-0.0010820485154954818,0.0010355764047806598,0.5006160729595595
10.216190048939005,-6.829824382170724e-05,0.0010355764047806598,0.5004025220636844
10.217490593138828,0.00020982418254811286,0.0010355764047806598,0.5001957538305184
10.218791134987347,0.000589036726758696,0.0010355764047806598,0.4999847319009735
10.220091674489169,0.002011637462637328,0.0010355764047806598,0.49977266548106336
10.221392211648915,-0.0011760008444343106,0.0010355764047806598,0.4995658601060294
10.222692746471196,0.00032398468482380816,0.0010355764047806598,0.49935398935514974
10.22399327896063,0.0001872763484606632,0.0010355764047806598,0.4991435928567063
10.225293809121832,0.0007616526697818427,0.0010355764047806598,0.4989295936581535
10.226594336959415,0.001142251519156423,0.0010355764047806598,0.4987114648904476
10.227894862478,0.0007795949698760629,0.0010355764047806598,0.49849249004678214
10.229195385682194,0.0031817797488201682,0.0010355764047806598,0.4982710980235775
10.230495906576618,0.004464227795829556,0.0010355764047806598,0.4980432675317604
10.231796425165884,0.004458457146401529,0.0010355764047806598,0.4978175724743484
10.233096941454612,0.0028537068154265155,0.0010355764047806598,0.49758921414001234
10.234397455447413,0.0006102170789815675,0.0010355764047806598,0.4973582151192723
10.235697967148903,0.00013211250322131551,0.0010355764047806598,0.497125761180303
10.236998476563697,0.0005033798738244277,0.0010355764047806598,0.4968919242054469
10.23829898369641,0.0002643306432513759,0.0010355764047806598,0.49665677565625005
10.239599488551661,-2.327618127551112e-05,0.0010355764047806598,0.49642163978193377
10.24089999113406,0.0005113164096073319,0.0010355764047806598,0.4961743702413342
10.242200491448227,0.0008557730449270662,0.0010355764047806598,0.4959371233545766
10.243500989498772,0.00015588665365084964,0.0010355764047806598,0.49569839878843364
10.244801485290315,-1.822647074667394e-05,0.0010355764047806598,0.49546373546322636
10.246101978827468,-4.17098709709629e-06,0.0010355764047806598,0.4952275749843814
10.247402470114848,-0.00018310717031072565,0.0010355764047806598,0.49499207217453767
10.24870295915707,0.0013150380073000956,0.0010355764047806598,0.49476232974670853
10.25000344595875,0.000415585254426587,0.0010355764047806598,0.49453385814034523
10.251303930524502,0.0005334311244821754,0.0010355764047806598,0.49429433512436427
10.252604412858942,0.0016719869977744883,0.0010355764047806598,0.4940603137980896
10.253904892966684,0.0007662127117820106,0.0010355764047806598,0.493825042414337
10.255205370852345,0.0008059805750121329,0.0010355764047806598,0.4935887499975354
10.256505846520538,0.0009135932084903264,0.0010355764047806598,0.4933531528017081
10.25780631997588,0.0009642816330758253,0.0010355764047806598,0.4931158434414771
10.259106791222987,0.0010021551436134035,0.0010355764047806598,0.4928783580421287
10.260407260266472,-0.00017510551613914016,0.0010355764047806598,0.4926406769739259
10.261707727110952,-0.0010284783277946796,0.0010355764047806598,0.49240278025987844
10.26300819176104,-0.0005479676575609882,0.0010355764047806598,0.49217223065382987
10.264308654221356,0.0007518148275976189,0.0010355764047806598,0.49194248107014155
10.265609114496508,0.0011512034633058277,0.0010355764047806598,0.49171442784243036
10.266909572591118,0.00040424312959952413,0.0010355764047806598,0.491488044794977
10.268210028509799,-3.745895073264949e-05,0.0010355764047806598,0.49126097792416873
10.269510482257164,0.000418338653923378,0.0010355764047806598,0.4910330995709202
10.27081093383783,-0.00043818797149408617,0.0010355764047806598,0.4908123076901657
10.272111383256414,0.0009781089597620807,0.0010355764047806598,0.4905900115333804
10.273411830517528,0.001056157083501208,0.0010355764047806598,0.49036571226544723
10.27471227562579,0.0007057896329215607,0.0010355764047806598,0.49014213337184576
10.276012718585815,0.0014711362691899321,0.0010355764047806598,0.4899153080893675
10.277313159402215,0.0005744872702990733,0.0010355764047806598,0.4896966934958076
10.278613598079607,-8.882428747258864e-05,0.0010355764047806598,0.48948164286923657
10.279914034622609,-0.000253113995541121,0.0010355764047806598,0.48925963522925875
10.281214469035833,0.00025048021333989867,0.0010355764047806598,0.4890483665930456
10.282514901323895,0.00019467437281039945,0.0010355764047806598,0.4888362606390586
10.283815331491411,0.00012634774998032672,0.0010355764047806598,0.4886261758307446
10.285115759542997,-0.0007134676796243244,0.0010355764047806598,0.4884148285683324
10.286416185483267,-4.121414012897562e-05,0.0010355764047806598,0.4882023680177806
10.287716609316833,-6.722520157981249e-05,0.0010355764047806598,0.487993512581908
10.289017031048317,-0.0003164095330579486,0.0010355764047806598,0.48779065435225927
10.29031745068233,-0.0010965300584063198,0.0010355764047806598,0.4875752612494266
10.291617868223486,-0.0008524982943953763,0.0010355764047806598,0.48735960967812875
10.292918283676403,-0.0008229040808920285,0.0010355764047806598,0.4871440860990573
10.294218697045698,-0.000302605178144566,0.0010355764047806598,0.486932734573323
10.295519108335982,0.0008848661411453573,0.0010355764047806598,0.48672557781713627
10.29681951755187,0.0006154987466331918,0.0010355764047806598,0.4865263478391239
10.298119924697984,-0.0009490670191267259,0.0010355764047806598,0.4863205398442446
10.299420329778933,-0.00012737002612067672,0.0010355764047806598,0.4861157761893977
10.30072073279933,-0.000399553283352172,0.0010355764047806598,0.4859113922045611
10.302021133763798,-0.0006941542123659605,0.0010355764047806598,0.48570716114403506
10.303321532676947,0.00019612900054616356,0.0010355764047806598,0.48550631334765953
10.304621929543393,-0.00036710271357121016,0.0010355764047806598,0.4853008715353812
10.305922324367751,-0.0008919935050551997,0.0010355764047806598,0.4851043255509309
10.307222717154637,-0.00016075781286728485,0.0010355764047806598,0.4849040229338182
10.30852310790867,-0.0001581378446623427,0.0010355764047806598,0.4847071016026791
10.309823496634458,0.0003400366658515286,0.0010355764047806598,0.4845089765956483
10.31112388333662,0.000765720351074306,0.0010355764047806598,0.4843104533459461
10.312424268019772,-0.00030057485534351613,0.0010355764047806598,0.4841177898045354
10.313724650688528,-0.0010963803548657003,0.0010355764047806598,0.48391569377772864
10.315025031347503,-0.00048029096553547923,0.0010355764047806598,0.4837183562719394
10.316325410001314,-0.0020650577439779716,0.0010355764047806598,0.4835258425300629
10.317625786654574,-0.0005499716888910378,0.0010355764047806598,0.4833340507273239
10.318926161311897,0.0007018242545097086,0.0010355764047806598,0.48314903620927824
10.320226533977902,-0.00038577180367449504,0.0010355764047806598,0.4829579055199421
10.321526904657205,-0.0004113044841551061,0.0010355764047806598,0.48277187187161313
10.322827273354417,0.00040872843359635036,0.0010355764047806598,0.4825810049313313
10.324127640074154,0.0007107877736410861,0.0010355764047806598,0.4823916051289412
10.325428004821035,-0.0003234562065387858,0.0010355764047806598,0.48221132062767597
10.32672836759967,-0.0007044328320818805,0.0010355764047806598,0.4820196869461849
10.32802872841468,0.00019325703231587443,0.0010355764047806598,0.48182851199047666
10.329329087270676,0.00036509313162774726,0.0010355764047806598,0.48164028590690255
10.330629444172274,0.00036147235830680247,0.0010355764047806598,0.48145190900582985
10.331929799124088,0.0002079017607552469,0.0010355764047806598,0.48126367129230585
10.333230152130739,-0.000693182144076876,0.0010355764047806598,0.48106706964763474
10.334530503196836,-0.0019918819713820035,0.0010355764047806598,0.48086500132644944
10.335830852326996,-0.0011394490193230578,0.0010355764047806598,0.48066757080481215
10.337131199525833,-0.0007479103818612276,0.0010355764047806598,0.48047204425748635
10.338431544797968,-0.0016900789094175805,0.0010355764047806598,0.4802746838772541
10.339731888148009,-0.0020503349434008444,0.0010355764047806598,0.48008048531603437
10.341032229580575,-0.0014924105183425906,0.0010355764047806598,0.4799020202794147
10.342332569100282,-0.000414954666060785,0.0010355764047806598,0.4797267826699372
10.343632906711743,-0.0006996577028042239,0.0010355764047806598,0.47954876674809377
10.344933242419573,-0.0009080307466070581,0.0010355764047806598,0.4793698225374731
10.346233576228391,-0.0012302887760600734,0.0010355764047806598,0.4791951388611109
10.34753390814281,-0.0014325443321698828,0.0010355764047806598,0.4790160111668816
10.348834238167441,-0.0013797990516660752,0.0010355764047806598,0.47883716634030493
10.350134566306906,0.0012586190097194638,0.0010355764047806598,0.47865896895877175
10.351434892565816,-0.0007795540141390389,0.0010355764047806598,0.4784744383552692
10.352735216948789,-0.000887187251734145,0.0010355764047806598,0.4782949629499667
10.354035539460439,-0.00010843325039988638,0.0010355764047806598,0.4781156385551644
10.35533586010538,-0.001309830577462423,0.0010355764047806598,0.4779365102783277
10.356636178888229,-0.0007906280849028224,0.0010355764047806598,0.4777605133682878
10.3579364958136,-0.0009628324748921502,0.0010355764047806598,0.47758771927809623
10.35923681088611,-0.0016921226649871945,0.0010355764047806598,0.47740920535411385
10.36053712411037,-0.00035660982505114625,0.0010355764047806598,0.4772282385313977
10.361837435491003,-0.00015397060256899797,0.0010355764047806598,0.4770418084665489
10.363137745032617,-0.0014806689856943778,0.0010355764047806598,0.47686244272785405
10.36443805273983,-0.0002432100573254159,0.0010355764047806598,0.4766840463875944
10.365738358617257,5.443218778100611e-06,0.0010355764047806598,0.4765068078723185
10.367038662669513,-0.0015371316658785439,0.0010355764047806598,0.4763306652130668
10.368338964901215,-0.001392921824819926,0.0010355764047806598,0.4761509871451038
10.369639265316977,-0.0022537562182696202,0.0010355764047806598,0.47598229113129137
10.370939563921413,-0.0014430082093529473,0.0010355764047806598,0.47581790817870195
10.372239860719139,-0.0004992099145793572,0.0010355764047806598,0.47565989710019585
10.373540155714771,-0.0006115425510446193,0.0010355764047806598,0.4755020750909568
10.374840448912925,-0.00018819995116264865,0.0010355764047806598,0.47534750182824015
10.376140740318213,-0.0003837568894155541,0.0010355764047806598,0.47519571500687635
10.377441029935254,-0.0004898167833953249,0.0010355764047806598,0.47504100980275366
10.378741317768661,0.0005321707554604149,0.0010355764047806598,0.4748844428759146
10.38004160382305,0.0010294057514797506,0.0010355764047806598,0.47472609469254967
10.381341888103037,0.001628731743988976,0.0010355764047806598,0.4745671443933257
10.382642170613234,0.0016439084813480442,0.0010355764047806598,0.4744045546019719
10.38394245135826,0.0037001723627682614,0.0010355764047806598,0.4742439989203434
10.385242730342728,0.0033912225919714434,0.0010355764047806598,0.4740833898167385
10.386543007571255,0.0020324446517019368,0.0010355764047806598,0.4739222719861774
10.387843283048456,0.0003982203299713327,0.0010355764047806598,0.47376327061994755
10.389143556778945,0.00019455748123209382,0.0010355764047806598,0.4736053844738087
10.390443828767337,-0.00031468077326624044,0.0010355764047806598,0.47344216473363604
10.391744099018249,7.482996799812458e-05,0.0010355764047806598,0.4732824590082121
10.393044367536294,0.00016658857730367238,0.0010355764047806598,0.4731202206996858
10.394344634326089,-0.0005078034140450494,0.0010355764047806598,0.47295810970426144
10.39564489939225,-0.0011128414615846904,0.0010355764047806598,0.472799323028117
10.396945162739389,0.0007607812554227822,0.0010355764047806598,0.4726438986272317
10.398245424372124,0.00019669496922902763,0.0010355764047806598,0.4724865108217204
10.399545684295072,0.0016173725418469065,0.0010355764047806598,0.4723273481782268
10.400845942512843,0.0026700183356272444,0.0010355764047806598,0.47217107130804375
10.402146199030057,0.0015769996348639626,0.0010355764047806598,0.472014485813139
10.403446453851325,0.0022545936512060605,0.0010355764047806598,0.4718601843875008
10.404746706981266,0.003750638100610104,0.0010355764047806598,0.4717220798028753
10.406046958424493,0.0046392760849278125,0.0010355764047806598,0.4715750942364621
10.407347208185623,0.007131702634293247,0.0010355764047806598,0.4714188798130007
10.408647456269268,0.00905970484471652,0.0010355764047806598,0.471255355039006
10.409947702680048,0.009989428440422388,0.0010355764047806598,0.4710979413986044
10.411247947422575,0.008308652082474888,0.0010355764047806598,0.47094106970221683
10.412548190501465,0.004831060406013277,0.0010355764047806598,0.47078811641706586
10.413848431921334,0.003093841624226823,0.0010355764047806598,0.4706343805882306
10.415148671686797,0.001038739028244029,0.0010355764047806598,0.47047492053777434
10.416448909802467,0.0006791704798702058,0.0010355764047806598,0.47031897942688183
10.41774914627296,0.0003628645059693958,0.0010355764047806598,0.4701579600558618
10.419049381102896,0.0006151659000722121,0.0010355764047806598,0.470007133612692
10.420349614296882,0.00045895220748476406,0.0010355764047806598,0.46985630651096316
10.421649845859541,0.0004791372095209745,0.0010355764047806598,0.46971379141736774
10.422950075795484,0.0030998464689604432,0.0010355764047806598,0.46956336582582386
10.424250304109327,0.00629195946847938,0.0010355764047806598,0.46941032236065094
10.425550530805687,0.0075846369720153906,0.0010355764047806598,0.4692553136531791
10.426850755889175,0.0045081273335181304,0.0010355764047806598,0.4691013999867058
10.42815097936441,0.0019342012502442385,0.0010355764047806598,0.4689558776668211
10.429451201236008,0.00012537502369308617,0.0010355764047806598,0.4688068614913096
10.430751421508582,0.0012014811861827956,0.0010355764047806598,0.46865440395366414
10.432051640186746,0.0012726741048975643,0.0010355764047806598,0.4684975347075912
10.433351857275118,0.0005531051575019541,0.0010355764047806598,0.4683462510866187
10.434652072778311,-0.00015363596247774947,0.0010355764047806598,0.46819886981255426
10.435952286700942,0.0008450232595531015,0.0010355764047806598,0.46804490767698154
10.437252499047627,0.00025339989031231136,0.0010355764047806598,0.4678851973354173
10.43855270982298,0.0005960785829818849,0.0010355764047806598,0.4677280169054916
10.439852919031615,0.0012218622507869648,0.0010355764047806598,0.46757192290813393
10.441153126678147,9.41126261601033e-05,0.0010355764047806598,0.46742064292144775
10.442453332767196,-0.0011824514721080481,0.0010355764047806598,0.467269295627601
10.443753537303373,0.00019705357069760288,0.0010355764047806598,0.4671123004475361
10.445053740291293,0.0007089420150977466,0.0010355764047806598,0.46695672119950293
10.446353941735573,-1.4037254267906807e-05,0.0010355764047806598,0.4668094207161264
10.447654141640829,0.00029217888360694166,0.0010355764047806598,0.46665776140163284
10.448954340011673,0.0009109394807523818,0.0010355764047806598,0.46650161444514854
10.450254536852723,0.0006472369488005336,0.0010355764047806598,0.4663473686910742
10.451554732168592,-0.00018943485812006333,0.0010355764047806598,0.46619502779468824
10.4528549259639,0.00022276655406266999,0.0010355764047806598,0.46603994864584186
10.454155118243255,-0.00010334430024805386,0.0010355764047806598,0.46589607421911783
10.45545530901128,0.0009699627905012664,0.0010355764047806598,0.46574885603162924
10.456755498272583,0.00020216408510265182,0.0010355764047806598,0.4655990212683515
10.458055686031786,-0.0005942789589813979,0.0010355764047806598,0.4654476675389512
10.459355872293497,0.0009237877113359438,0.0010355764047806598,0.465292133632967
10.460656057062337,0.0020283517662326167,0.0010355764047806598,0.46513225701997274
10.46195624034292,0.0005669717037109501,0.0010355764047806598,0.46497740389213377
10.46325642213986,0.00035289970214030797,0.0010355764047806598,0.46481273750531454
10.464556602457774,-3.254571600108669e-05,0.0010355764047806598,0.464658868904307
10.465856781301275,0.0001429652551429017,0.0010355764047806598,0.4645064560926221
10.46715695867498,-0.001433561365232372,0.0010355764047806598,0.4643554761280175
10.468457134583504,-0.0005056340397140424,0.0010355764047806598,0.46420518680923506
10.469757309031461,-0.0004898468271110068,0.0010355764047806598,0.46405164872575644
10.471057482023468,-0.0016416735501907365,0.0010355764047806598,0.46390206052877747
10.472357653564139,-0.0002548058320550606,0.0010355764047806598,0.463756257965263
10.473657823658089,-0.0006246909351889651,0.0010355764047806598,0.4636039228127791
10.474957992309934,0.00016251328703220658,0.0010355764047806598,0.46345381841599953
10.47625815952429,0.0005422654454902975,0.0010355764047806598,0.46330380060301996
10.47755832530577,-0.0005404310135276313,0.0010355764047806598,0.4631539190547452
10.478858489658991,0.00033750550867756024,0.0010355764047806598,0.46300556095555717
10.480158652588567,0.0018403423592637247,0.0010355764047806598,0.46285554329200435
10.481458814099117,0.001126293887231511,0.0010355764047806598,0.46269043214681976
10.482758974195251,0.00016738727980336598,0.0010355764047806598,0.46252786803755
10.484059132881587,0.0006936054405061176,0.0010355764047806598,0.4623635217187443
10.48535929016274,0.000486094943483506,0.0010355764047806598,0.4621972850259706
10.486659446043326,-0.0016497751874585131,0.0010355764047806598,0.46202848538276403
10.487959600527958,-0.0019606895610404518,0.0010355764047806598,0.4618633541173879
10.489259753621253,0.0006730703872879218,0.0010355764047806598,0.4617040686087352
10.490559905327826,0.001646212089210397,0.0010355764047806598,0.46154641659723494
10.491860055652293,-0.0001672028792860658,0.0010355764047806598,0.46138640738550896
10.493160204599269,-0.001518932497579839,0.0010355764047806598,0.46122724208396304
10.494460352173366,0.0004501084678655287,0.0010355764047806598,0.46106946160872053
10.495760498379203,-0.000301116051817929,0.0010355764047806598,0.4609072440913953
10.497060643221394,-0.0002806123837800767,0.0010355764047806598,0.4607424547996667
10.498360786704554,-0.00028885947546192225,0.0010355764047806598,0.46057825142870285
10.4996609288333,0.0004613378918525979,0.0010355764047806598,0.46041200426261836
10.500961069612243,-4.2272251944364125e-05,0.0010355764047806598,0.46024591366536866
10.502261209046004,0.0007065590318460768,0.0010355764047806598,0.4600803420839039
10.503561347139193,-0.00014237911784753532,0.0010355764047806598,0.45991615045956896
10.504861483896429,-0.00027628517377070727,0.0010355764047806598,0.4597488771178122
10.506161619322326,-0.0004893800267498638,0.0010355764047806598,0.45957462851906483
10.507461753421497,0.0005213461747873294,0.0010355764047806598,0.45940866852260476
10.508761886198561,2.3769409761731364e-05,0.0010355764047806598,0.4592436493145798
10.510062017658134,0.00046732535736593306,0.0010355764047806598,0.45907031153432004
10.511362147804824,0.0007922529734725736,0.0010355764047806598,0.45889929534668294
10.512662276643253,0.00023675004239537278,0.0010355764047806598,0.4587306551263285
10.513962404178034,-1.8304522340084617e-05,0.0010355764047806598,0.45855689355610596
10.515262530413784,-6.487863450321818e-05,0.0010355764047806598,0.4583832089394315
10.516562655355116,-0.0007262310664710725,0.0010355764047806598,0.4582028851372165
10.517862779006645,-0.0010053911333252619,0.0010355764047806598,0.4580271076858181
10.519162901372988,-0.0009281406159695194,0.0010355764047806598,0.4578603066394035
10.520463022458761,3.361208704177887e-05,0.0010355764047806598,0.45769861764644965
10.521763142268576,-0.0017119557204249847,0.0010355764047806598,0.45753363408741365
10.523063260807051,-0.0012500906379602772,0.0010355764047806598,0.4573718855564089
10.5243633780788,-0.0001183585456084324,0.0010355764047806598,0.4572117879984122
10.525663494088437,-0.0006134791611993595,0.0010355764047806598,0.45704939376520565
10.52696360884058,0.0002629763561647902,0.0010355764047806598,0.4568849008051797
10.528263722339844,-1.1721852229529262e-05,0.0010355764047806598,0.45672135732141567
10.529563834590842,0.0007738265975417713,0.0010355764047806598,0.45655883102523437
10.530863945598192,0.0006532920135307596,0.0010355764047806598,0.4564008893485852
10.532164055366506,-0.0004554432342116499,0.0010355764047806598,0.45623931850164495
10.533464163900403,0.0018216334567774384,0.0010355764047806598,0.4560797441307876
10.534764271204493,9.351497237747308e-05,0.0010355764047806598,0.4559189065963106
10.536064377283397,0.00028930935207849284,0.0010355764047806598,0.45575968283381724
10.537364482141728,-0.00034224693417661545,0.0010355764047806598,0.4555997769314294
10.5386645857841,0.00010525691105128798,0.0010355764047806598,0.4554450696452244
10.539964688215127,0.0008624073802295795,0.0010355764047806598,0.4552909982445602
10.541264789439431,0.0013095682599054692,0.0010355764047806598,0.4551323671709898
10.54256488946162,-0.0003069326648152404,0.0010355764047806598,0.45496623310540507
10.543864988286312,0.0008645521375652554,0.0010355764047806598,0.45480943173805444
10.545165085918123,0.0008906179611247178,0.0010355764047806598,0.4546483861379033
10.546465182361667,0.0004553365910199836,0.0010355764047806598,0.45448994984250324
10.54776527762156,0.0006488464614091694,0.0010355764047806598,0.45433429937654857
10.549065371702417,0.0005225544422759465,0.0010355764047806598,0.45418115340560933
10.550365464608852,-0.0018045644853482146,0.0010355764047806598,0.45403108077298343
10.551665556345483,-0.00040458447127955655,0.0010355764047806598,0.4538825643745703
10.552965646916924,0.000554276962966338,0.0010355764047806598,0.4537355751593304
10.554265736327789,8.668281754964369e-05,0.0010355764047806598,0.45358806229286663
10.555565824582693,-0.0003532333938565668,0.0010355764047806598,0.4534400883361322
10.556865911686256,-0.0001080893228734836,0.0010355764047806598,0.4532935383044299
10.558165997643087,-0.00035472360864285957,0.0010355764047806598,0.45314499592563356
10.559466082457803,0.0006039679159275391,0.0010355764047806598,0.4529945116364994
10.560766166135023,0.0008965895520622325,0.0010355764047806598,0.452846420325215
10.562066248679358,0.0005946419928442581,0.0010355764047806598,0.45269825814194015
10.563366330095425,0.0005645644464730704,0.0010355764047806598,0.452548441300962
10.564666410387838,0.0008550527688953036,0.0010355764047806598,0.4523946269322176
10.565966489561214,0.0004889704510349646,0.0010355764047806598,0.4522446317548197
10.567266567620168,-0.0008362102945711491,0.0010355764047806598,0.45209568349259033
10.568566644569314,0.00033580361268720216,0.0010355764047806598,0.4519453387668953
10.569866720413268,0.0007467219841129635,0.0010355764047806598,0.45179310774045695
10.571166795156644,0.000884111634085083,0.0010355764047806598,0.45164368437874136
10.572466868804062,0.0015620964728981779,0.0010355764047806598,0.45149121479274174
10.57376694136013,-0.000577898805531829,0.0010355764047806598,0.45135246772076215
10.575067012829468,0.0005573834578958548,0.0010355764047806598,0.45120755903057086
10.57636708321669,0.000719141194968631,0.0010355764047806598,0.4510622371862718
10.577667152526413,0.0007085835293313414,0.0010355764047806598,0.4509194555056893
10.578967220763248,0.0015678549130149766,0.0010355764047806598,0.4507795040937001
10.580267287931814,-0.0004825856041801302,0.0010355764047806598,0.450637731071957
10.581567354036727,0.00027917217661016513,0.0010355764047806598,0.4504914917622856
10.582867419082598,0.0023821965523521116,0.0010355764047806598,0.4503458162883043
10.584167483074046,0.0004536341028951729,0.0010355764047806598,0.45020081696860353
10.585467546015684,7.294397404394859e-05,0.0010355764047806598,0.4500580162951179
10.586767607912128,0.0011161661333972117,0.0010355764047806598,0.44991467541725005
10.588067668767993,-0.0003441515458043054,0.0010355764047806598,0.4497706995591258
10.589367728587895,0.00029046965680185055,0.0010355764047806598,0.4496195979451535
10.59066778737645,0.002098819733206081,0.0010355764047806598,0.44947628395929956
10.591967845138273,-0.000592589295770829,0.0010355764047806598,0.44933762961238355
10.593267901877976,0.0015461154181309333,0.0010355764047806598,0.4491948913782008
10.594567957600178,0.0029782777353620227,0.0010355764047806598,0.44905532979984486
10.595868012309493,0.0005169248075813648,0.0010355764047806598,0.4489158101678911
10.597168066010534,0.0023490169595069,0.0010355764047806598,0.4487762575552755
10.59846811870792,0.0009806373239824029,0.0010355764047806598,0.4486396695570883
10.599768170406266,-0.0012331472506277863,0.0010355764047806598,0.44850334523440794
10.601068221110184,0.0005002574848242958,0.0010355764047806598,0.4483645180379471
10.60236827082429,-0.00029004066205268186,0.0010355764047806598,0.44822636108557345
10.6036683195532,0.0005189684287829066,0.0010355764047806598,0.44808650788324406
10.604968367301533,0.003203890198302528,0.0010355764047806598,0.4479436479871886
10.606268414073899,0.003307486524867065,0.0010355764047806598,0.44781321045863803
10.607568459874916,0.00422004313256874,0.0010355764047806598,0.4476782488919578
10.608868504709198,0.005225039425355182,0.0010355764047806598,0.44754419400611356
10.61016854858136,0.0029897940615440932,0.0010355764047806598,0.44741063821042415
10.611468591496017,0.001864094004717709,0.0010355764047806598,0.44727396852701984
10.612768633457787,0.0016636917802813067,0.0010355764047806598,0.44713795046250704
10.614068674471282,-0.0007071779652123023,0.0010355764047806598,0.44699447538479814
10.615368714541118,0.0008275773255191354,0.0010355764047806598,0.44685608223469747
10.616668753671913,0.0002958132606803443,0.0010355764047806598,0.4467168625612488
10.617968791868279,-0.0013544410086949177,0.0010355764047806598,0.44656894386277224
10.619268829134832,0.0011937107810984782,0.0010355764047806598,0.4464293668423697
10.620568865476189,0.0011297040955316473,0.0010355764047806598,0.4462865799826627
10.621868900896962,0.0002878877760608689,0.0010355764047806598,0.4461445484678548
10.623168935401768,0.0019491693529258836,0.0010355764047806598,0.44600404822182255
10.624468968995222,-0.0004400929093991701,0.0010355764047806598,0.4458701591412683
10.625769001681942,-0.0011399145451420623,0.0010355764047806598,0.4457430174649176
10.627069033466539,0.001440809024838896,0.0010355764047806598,0.4456114667743417
10.628369064353631,0.0006024166789488361,0.0010355764047806598,0.4454788546233209
10.62966909434783,0.0005291426897268692,0.0010355764047806598,0.4453452187700063
10.630969123453756,0.0015219862565311049,0.0010355764047806598,0.4452177411297616
10.632269151676022,0.0004196312403560998,0.0010355764047806598,0.44509058998145856
10.633569179019242,0.000585056698406472,0.0010355764047806598,0.4449465759360849
10.634869205488032,-0.0006350246589881259,0.0010355764047806598,0.4448029090324059
10.636169231087008,8.132943244321122e-05,0.0010355764047806598,0.44466561346018474
10.637469255820784,0.0027622090935509602,0.0010355764047806598,0.4445346836473274
10.638769279693976,0.0014389532594967225,0.0010355764047806598,0.4444035419434829
10.6400693027112,-0.0014489659183244963,0.0010355764047806598,0.4442685741286777
10.641369324877072,0.0010822972292551247,0.0010355764047806598,0.44413463801265657
10.642669346196202,0.0009144242076092324,0.0010355764047806598,0.4440020379103643
10.643969366673211,0.0004046528292074858,0.0010355764047806598,0.44386966240208153
10.645269386312712,0.002114879152172233,0.0010355764047806598,0.44373732889540823
10.646569405119322,-0.00013474876261898583,0.0010355764047806598,0.4436059214281383
10.647869423097653,-0.00048185259983773987,0.0010355764047806598,0.44347341439902177
10.649169440252324,0.000791961336516489,0.0010355764047806598,0.4433395287273382
10.650469456587947,4.621406155447261e-05,0.0010355764047806598,0.44320431051883896
10.651769472109137,0.000323748462530582,0.0010355764047806598,0.4430687455292571
10.653069486820513,0.0005553551870049467,0.0010355764047806598,0.4429321962460441
10.654369500726688,0.0009863064555440948,0.0010355764047806598,0.442805151695736
10.655669513832276,0.0008308631324438487,0.0010355764047806598,0.44267299826272144
10.656969526141895,0.001030362986940092,0.0010355764047806598,0.44254990657625165
10.658269537660157,0.00016685130244736834,0.0010355764047806598,0.44242173348304525
10.65956954839168,0.0015625113162515136,0.0010355764047806598,0.4422886500890931
10.660869558341076,0.0022312123009707863,0.0010355764047806598,0.4421558773877052
10.662169567512965,0.001425981957267397,0.0010355764047806598,0.44202267343276164
10.66346957591196,0.0005017006500054322,0.0010355764047806598,0.4418849790259732
10.664769583542675,9.734745131201317e-05,0.0010355764047806598,0.4417451457445236
10.666069590409725,-0.0007947722850470962,0.0010355764047806598,0.4416062943277508
10.66736959651773,0.0008328632289277826,0.0010355764047806598,0.4414626102051631
10.668669601871297,0.000401901060185228,0.0010355764047806598,0.4413184513522093
10.66996960647505,-0.0009427919542495666,0.0010355764047806598,0.4411794338869222
10.671269610333598,0.0009539375502234937,0.0010355764047806598,0.4410486836163033
10.672569613451559,2.8683934722384397e-05,0.0010355764047806598,0.44091661109960295
10.673869615833548,0.0006154841161293279,0.0010355764047806598,0.4407835748191451
10.67516961748418,0.0020949910418351925,0.0010355764047806598,0.44064971097191996
10.676469618408069,-0.0003581524720218665,0.0010355764047806598,0.4405177655880645
10.677769618609831,0.00040026064725728894,0.0010355764047806598,0.4403857318913183
10.679069618094085,0.0010096548153205043,0.0010355764047806598,0.44025353892178937
10.680369616865441,0.0002743892470457032,0.0010355764047806598,0.44012399764659377
10.681669614928516,0.001150938186677386,0.0010355764047806598,0.4399971628324487
10.682969612287925,0.0011353719607213875,0.0010355764047806598,0.4398725603862304
10.684269608948284,-0.0009586046921235547,0.0010355764047806598,0.4397475835731591
10.685569604914209,0.0009829916931685112,0.0010355764047806598,0.4396223688580533
10.686869600190311,-0.001005516224073022,0.0010355764047806598,0.4394933961900364
10.688169594781213,-0.0005332591000110631,0.0010355764047806598,0.43936687250261197
10.689469588691523,0.0017174240262649576,0.0010355764047806598,0.4392426200939929
10.690769581925858,0.00042004044579369015,0.0010355764047806598,0.4391187759092768
10.692069574488837,0.00034360509882663814,0.0010355764047806598,0.43899561655240443
10.69336956638507,0.0013282493580860644,0.0010355764047806598,0.43887192113925283
10.694669557619177,0.0002373966814238071,0.0010355764047806598,0.43875018691238854
10.695969548195768,0.0012878414321678688,0.0010355764047806598,0.4386283044664093
10.697269538119462,0.0010710597861049442,0.0010355764047806598,0.43849334806712925
10.698569527394875,-0.0001392382932841052,0.0010355764047806598,0.43836547690338473
10.69986951602662,0.0017669176277698706,0.0010355764047806598,0.4382465528567181
10.701169504019314,0.0002075145675264345,0.0010355764047806598,0.4381314378544939
10.702469491377567,0.00010906906363084001,0.0010355764047806598,0.4380066303043861
10.703769478106,0.002247112113186678,0.0010355764047806598,0.437889059822758
10.70506946420923,0.0006648499320552337,0.0010355764047806598,0.4377628952368336
10.706369449691866,0.0002848411056734501,0.0010355764047806598,0.4376416048603054
10.707669434558527,0.0009282370992376721,0.0010355764047806598,0.4375252713798042
10.708969418813826,0.00022448060581020668,0.0010355764047806598,0.4374107039652969
10.710269402462382,0.0005745892475829129,0.0010355764047806598,0.4372976601614367
10.711569385508804,0.0013608514708006725,0.0010355764047806598,0.4371899612996685
10.712869367957715,7.59392886358623e-05,0.0010355764047806598,0.43708736119901226
10.714169349813725,0.0013299309241717183,0.0010355764047806598,0.436969733327965
10.71546933108145,0.000699236941504755,0.0010355764047806598,0.43685750456429406
10.716769311765507,0.000300070710720024,0.0010355764047806598,0.43674592973690785
10.71806929187051,0.0007767077026299973,0.0010355764047806598,0.43663687099508475
10.719369271401073,-0.0012950183982698982,0.0010355764047806598,0.436524358156779
10.720669250361814,-0.0004055704864015519,0.0010355764047806598,0.43640543186982783
10.721969228757347,0.00019692557658301801,0.0010355764047806598,0.4362883067514274
10.723269206592287,-0.0003207194246381273,0.0010355764047806598,0.43617596282375715
10.724569183871248,0.0006633964264872727,0.0010355764047806598,0.43606412911914666
10.725869160598847,0.0006136876721004048,0.0010355764047806598,0.4359501962944244
10.727169136779699,-0.0002654578188148182,0.0010355764047806598,0.43583114869326545
10.72846911241842,0.0004387002067740009,0.0010355764047806598,0.43571902713629557
10.729769087519625,4.3557474675770536e-05,0.0010355764047806598,0.4356093951482993
10.731069062087926,0.00012354014138626912,0.0010355764047806598,0.4355018802003068
10.732369036127942,0.0009642802371985226,0.0010355764047806598,0.4353874094097714
10.733669009644286,-5.4603124303775896e-05,0.0010355764047806598,0.43527191650309777
10.734968982641576,-0.00023089728656894293,0.0010355764047806598,0.43515533682971747
10.736268955124425,6.135201059853657e-06,0.0010355764047806598,0.4350433014927975
10.737568927097449,-0.000748597555453201,0.0010355764047806598,0.4349303359787933
10.738868898565263,-0.0001989625730486333,0.0010355764047806598,0.43481623455201046
10.740168869532482,0.0004031987137881887,0.0010355764047806598,0.43470632381822283
10.741468840003721,3.4494554305875e-05,0.0010355764047806598,0.43460063945785055
10.742768809983598,0.0008920056323311054,0.0010355764047806598,0.4344958268601297
10.744068779476724,-0.0011460492022125623,0.0010355764047806598,0.43438516316743414
10.745368748487717,-0.0007535280956788015,0.0010355764047806598,0.43427400157638396
10.74666871702119,0.0012236298273647361,0.0010355764047806598,0.4341564345831094
10.747968685081762,-0.000555173033137013,0.0010355764047806598,0.4340421175487898
10.749268652674045,-8.554791126158534e-05,0.0010355764047806598,0.4339311801201145
10.750568619802655,0.0012194595446577416,0.0010355764047806598,0.433822775917246
10.75186858647221,-0.0006861570284279472,0.0010355764047806598,0.43371937387891113
10.753168552687319,0.001238872428479254,0.0010355764047806598,0.4336148377396147
10.754468518452605,0.0004733491867598971,0.0010355764047806598,0.43350863144601276
10.755768483772675,-0.0005750418084427,0.0010355764047806598,0.4334042514579711
10.757068448652152,0.0002674852375235681,0.0010355764047806598,0.4332967061548863
10.758368413095646,-0.00030214222874447305,0.0010355764047806598,0.4331863894169202
10.759668377107774,-0.0007372230593994389,0.0010355764047806598,0.4330776431324209
10.760968340693152,0.0016827708985122647,0.0010355764047806598,0.4329703062646615
10.762268303856393,0.001257939287778842,0.0010355764047806598,0.4328727418619947
10.763568266602116,0.0010230991574175508,0.0010355764047806598,0.43276830965503155
10.764868228934931,0.002369267162219746,0.0010355764047806598,0.4326547585258254
10.76616819085946,0.0006757537353281329,0.0010355764047806598,0.43254400319812497
10.767468152380312,0.0002707710873579017,0.0010355764047806598,0.432436225804274
10.768768113502107,0.00033868211126725223,0.0010355764047806598,0.4323285179194706
10.770068074229455,-0.0009552536019706848,0.0010355764047806598,0.4322219528097253
10.771368034566976,-0.0010549680293303054,0.0010355764047806598,0.4321134413488644
10.772667994519283,-0.000390980312178435,0.0010355764047806598,0.432000630269141
10.773967954090992,0.0002750731880653001,0.0010355764047806598,0.4318920842565047
10.775267913286717,0.000773956722642799,0.0010355764047806598,0.4317867929452139
10.776567872111077,-0.0003683219148244987,0.0010355764047806598,0.43168327880838425
10.777867830568681,-0.000554628649946376,0.0010355764047806598,0.4315787974724167
10.77916778866415,0.0011222607390559136,0.0010355764047806598,0.4314733574670843
10.780467746402095,0.00027952265066777393,0.0010355764047806598,0.4313638439323409
10.781767703787136,-0.0009127357947871784,0.0010355764047806598,0.4312519921949009
10.783067660823884,0.0007116369205651951,0.0010355764047806598,0.43114278643304116
10.784367617516954,-0.0016682308544866964,0.0010355764047806598,0.4310336165102515
10.785667573870965,-0.0015209104165859189,0.0010355764047806598,0.43091968681735915
10.786967529890532,-0.00014336573332707214,0.0010355764047806598,0.4308008984455095
10.788267485580265,-0.0006712460773657947,0.0010355764047806598,0.4306848347145258
10.789567440944785,0.0001957105643796142,0.0010355764047806598,0.4305717298785046
10.790867395988704,0.00048048503456582514,0.0010355764047806598,0.4304689074746955
10.792167350716637,-0.0006399018402374335,0.0010355764047806598,0.4303668465034451
10.793467305133202,-0.00031110155836072684,0.0010355764047806598,0.43025922015148405
10.794767259243011,0.0013737512811154984,0.0010355764047806598,0.4301492295807167
10.796067213050684,0.00011604794924380268,0.0010355764047806598,0.43004092156477547
10.79736716656083,0.0004250098611993658,0.0010355764047806598,0.42993437229877074
10.798667119778068,0.0010177930064799723,0.0010355764047806598,0.42983156771898245
10.799967072707016,-0.0002955232895499593,0.0010355764047806598,0.4297301202840025
10.801267025352281,3.580813854636711e-05,0.0010355764047806598,0.42963163702957663
10.802566977718486,-0.0008404764695570388,0.0010355764047806598,0.4295349378074073
10.803866929810244,0.0007991365862751176,0.0010355764047806598,0.42943413624615623
10.805166881632168,0.0005575398757480254,0.0010355764047806598,0.4293293550203565
10.806466833188875,0.00033134702668480287,0.0010355764047806598,0.429226633129216
10.807766784484983,0.0004122408492259755,0.0010355764047806598,0.42912592895266843
10.809066735525102,0.00046172300178093373,0.0010355764047806598,0.4290302853694959
10.810366686313849,0.0005285569156266989,0.0010355764047806598,0.4289318787133092
10.81166663685584,0.0004937145204325089,0.0010355764047806598,0.42882751097655153
10.81296658715569,0.0008659785849833845,0.0010355764047806598,0.4287217648837425
10.814266537218016,0.0011880651926090557,0.0010355764047806598,0.42861815208403936
10.81556648704743,0.0017442996593568516,0.0010355764047806598,0.42851030233506876
10.816866436648551,-0.0006456935519805751,0.0010355764047806598,0.42839816187035223
10.818166386025991,-0.00012097604457489419,0.0010355764047806598,0.428289374847286
10.819466335184366,0.0012187084645622903,0.0010355764047806598,0.4281840639615007
10.820766284128291,0.0005331471411471611,0.0010355764047806598,0.42807937252829087
10.822066232862383,0.0031981788732983185,0.0010355764047806598,0.42797523725150866
10.823366181391258,0.004543497198676749,0.0010355764047806598,0.4278654507908124
10.824666129719526,0.0038346161099090392,0.0010355764047806598,0.4277586815822573
10.825966077851808,0.0044948983941107135,0.0010355764047806598,0.42765096389256674
10.827266025792715,0.002407663772693136,0.0010355764047806598,0.42754230666307835
10.828565973546864,0.00011218140124602538,0.0010355764047806598,0.4274303826516693
10.829865921118872,-0.0004116348015584248,0.0010355764047806598,0.4273150973268677
10.831165868513352,0.00012704980249184095,0.0010355764047806598,0.42719635473841644
10.83246581573492,0.0012975599709240115,0.0010355764047806598,0.4270766879983564
10.83376576278819,0.0011413443391404265,0.0010355764047806598,0.4269561136894401
10.835065709677778,-0.00022712745104291887,0.0010355764047806598,0.42683803072668514
10.836365656408303,0.0012524552342061956,0.0010355764047806598,0.4267226500673395
10.837665602984373,0.0007217952348886891,0.0010355764047806598,0.4266076835987989
10.83896554941061,0.000701303831965705,0.0010355764047806598,0.42649627801735485
10.840265495691623,0.0014122308005387052,0.0010355764047806598,0.42638835461222635
10.841565441832035,0.0007068380363483007,0.0010355764047806598,0.42627919152806726
10.842865387836454,0.00039054393387383257,0.0010355764047806598,0.4261682883589555
10.844165333709498,0.0007543120552036542,0.0010355764047806598,0.4260618260593261
10.845465279455782,-0.00030011686090186673,0.0010355764047806598,0.4259618442862348
10.846765225079924,-0.000602687437187388,0.0010355764047806598,0.42586135512176926
10.848065170586533,0.0004332295467895375,0.0010355764047806598,0.4257734001141087
10.849365115980232,-0.00037712071322565377,0.0010355764047806598,0.42567998377174304
10.85066506126563,0.0007028805625781676,0.0010355764047806598,0.4255828333790059
10.851965006447346,0.0019232600612147932,0.0010355764047806598,0.4254912599609705
10.853264951529994,0.002901353448209465,0.0010355764047806598,0.42539318815520805
10.854564896518186,0.0016211658871089774,0.0010355764047806598,0.42529109328697196
10.855864841416544,0.0013552943833554654,0.0010355764047806598,0.4251903631640014
10.857164786229678,0.0007583476278176793,0.0010355764047806598,0.4250893329108164
10.858464730962204,-0.0016556492694103087,0.0010355764047806598,0.4249901187914953
10.85976467561874,-0.0007407063278935255,0.0010355764047806598,0.4248857323659708
10.861064620203898,0.0005729015532459636,0.0010355764047806598,0.4247825796337009
10.862364564722293,-6.84290665020626e-07,0.0010355764047806598,0.42468079069540815
10.863664509178545,-0.0006147363845925846,0.0010355764047806598,0.42457697859285537
10.864964453577265,0.0006867831610450903,0.0010355764047806598,0.42447699085832524
10.866264397923068,0.0010789918891438433,0.0010355764047806598,0.42436146842187844
10.867564342220572,0.0009439882399438493,0.0010355764047806598,0.424253173199647
10.868864286474391,0.000441205233431996,0.0010355764047806598,0.4241465500378543
10.870164230689138,-0.00014578417876759397,0.0010355764047806598,0.4240433375000892
10.87146417486943,0.0007055631104436189,0.0010355764047806598,0.42393488205814783
10.872764119019884,0.0007067227232722684,0.0010355764047806598,0.4238294437213186
10.874064063145116,0.0005306359502935121,0.0010355764047806598,0.4237238162967835
10.875364007249734,-0.0001446303438391583,0.0010355764047806598,0.4236161623680809
10.876663951338362,-0.0005675495905402284,0.0010355764047806598,0.42351425084368216
10.877963895415611,0.0003760185605236055,0.0010355764047806598,0.42341146626763443
10.879263839486097,0.0008767595208807877,0.0010355764047806598,0.42330606938125104
10.880563783554434,0.001216820495626214,0.0010355764047806598,0.4231981165290276
10.88186372762524,0.003164326797209349,0.0010355764047806598,0.4230895895833634
10.883163671703125,0.00418992448572314,0.0010355764047806598,0.42298325058247227
10.88446361579271,0.0029186247630998974,0.0010355764047806598,0.42287237166875674
10.885763559898606,0.0016351385406604413,0.0010355764047806598,0.42276557848808954
10.887063504025432,0.0014401318491459314,0.0010355764047806598,0.42265848757738156
10.888363448177802,-0.0007796660124154697,0.0010355764047806598,0.42255103320279264
10.889663392360331,-2.016480076472149e-06,0.0010355764047806598,0.42244314960793333
10.890963336577633,0.0006795841649755441,0.0010355764047806598,0.4223315586061695
10.892263280834324,0.0009125876467808158,0.0010355764047806598,0.42222272902278735
10.89356322513502,0.0006890415326176735,0.0010355764047806598,0.42211471362681086
10.894863169484337,0.0014756493576990048,0.0010355764047806598,0.4220020672326882
10.896163113886887,0.0013316557559507336,0.0010355764047806598,0.4218923398013851
10.897463058347288,-0.00044054154549860725,0.0010355764047806598,0.4217819058274396
10.898763002870153,-0.0003811532597796097,0.0010355764047806598,0.4216723328579591
10.900062947460102,-0.00024225694626245353,0.0010355764047806598,0.42156082092085845
10.901362892121744,-0.0006383084861683597,0.0010355764047806598,0.42144672287962315
10.9026628368597,-0.0002917344245199627,0.0010355764047806598,0.42133001193587555
10.903962781678578,2.397009473187328e-06,0.0010355764047806598,0.4212131598892478
10.905262726583002,0.0002611048898863433,0.0010355764047806598,0.4210962476273702
10.906562671577579,0.00031089950317730874,0.0010355764047806598,0.42097546165660626
10.907862616666932,-0.0017158820003302933,0.0010355764047806598,0.4208559551626709
10.909162561855672,-0.0013064012181092655,0.0010355764047806598,0.42073776710471017
10.910462507148411,-0.0005616806211413694,0.0010355764047806598,0.4206209369768832
10.911762452549771,-4.705107657765328e-06,0.0010355764047806598,0.42050567008597445
10.913062398064364,0.000536131393815753,0.0010355764047806598,0.42038892304993
10.914362343696805,-0.00026992491745458924,0.0010355764047806598,0.42027308140977127
10.91566228945171,0.0004084103531380445,0.0010355764047806598,0.42015752943009366
10.916962235333694,0.0007087506875553262,0.0010355764047806598,0.42003303441358164
10.918262181347371,-0.0004317075840419293,0.0010355764047806598,0.41990735833329806
10.91956212749736,-0.00019768949629839216,0.0010355764047806598,0.41978566548007923
10.920862073788271,-0.0002549863606770564,0.0010355764047806598,0.4196648614640207
10.922162020224722,-0.0005550332018623982,0.0010355764047806598,0.41954878456808975
10.92346196681133,0.0002764716346735363,0.0010355764047806598,0.4194369884843063
10.924761913552707,-0.00035344165270845274,0.0010355764047806598,0.4193228445515321
10.926061860453471,0.00021919584460966535,0.0010355764047806598,0.4192170205177523
10.927361807518235,5.281549980773459e-05,0.0010355764047806598,0.41910616459569366
10.928661754751614,-0.0002389240910346535,0.0010355764047806598,0.4189917403290716
10.929961702158227,-0.00013545450268753756,0.0010355764047806598,0.4188727998613008
10.931261649742684,0.0010060494022260391,0.0010355764047806598,0.4187510791566702
10.932561597509604,0.002257125194523202,0.0010355764047806598,0.4186303716188756
10.933861545463602,0.0009959493811646514,0.0010355764047806598,0.41851302405765883
10.935161493609291,0.0007019626474175089,0.0010355764047806598,0.4183940500869066
10.936461441951288,-0.000638382603917631,0.0010355764047806598,0.41827349773440636
10.937761390494208,-0.0005709390406634096,0.0010355764047806598,0.4181515522074925
10.939061339242667,0.0015006069596213978,0.0010355764047806598,0.41803023602822054
10.940361288201279,0.0017182412056895857,0.0010355764047806598,0.4179116795443755
10.94166123737466,0.0011751945006369113,0.0010355764047806598,0.41779307379935376
10.942961186767425,0.0008073749823072074,0.0010355764047806598,0.41768324562361536
10.944261136384187,-0.00019887816191399565,0.0010355764047806598,0.41757435806253906
10.945561086229564,-0.00031557772246698645,0.0010355764047806598,0.4174641384905105
10.94686103630817,0.0010182035105208431,0.0010355764047806598,0.4173506452430217
10.948160986624623,-0.0010465092776943408,0.0010355764047806598,0.41724289436732503
10.949460937183536,0.00032090422203007174,0.0010355764047806598,0.41712759340094113
10.950760887989523,-1.1811734866640222e-05,0.0010355764047806598,0.4170196891151364
10.952060839047201,0.0002451866105845357,0.0010355764047806598,0.41691591776551545
10.953360790361186,0.0010713286220020435,0.0010355764047806598,0.41681076002950035
10.95466074193609,-0.0011306324609050011,0.0010355764047806598,0.41670624434838754
10.955960693776532,0.0001950587535147763,0.0010355764047806598,0.4166012165694064
10.957260645887125,-0.00016068850273093238,0.0010355764047806598,0.41649582672294794
10.958560598272484,-0.0008862543834052272,0.0010355764047806598,0.41639218823633306
10.959860550937227,0.00011590036817404892,0.0010355764047806598,0.41629100711510447
10.961160503885967,0.00012521211471416827,0.0010355764047806598,0.41618725562149794
10.962460457123319,-0.00024265157273972715,0.0010355764047806598,0.41608086689397883
10.963760410653897,0.0007809082217458685,0.0010355764047806598,0.41596752894663747
10.965060364482321,0.0006277529706580909,0.0010355764047806598,0.41586127452663346
10.966360318613201,-0.00040302697661526166,0.0010355764047806598,0.41575608446691065
10.967660273051155,-0.0004526583124744854,0.0010355764047806598,0.41565288896500385
10.9689602278008,-0.00011109793282332303,0.0010355764047806598,0.41554905245629775
10.970260182866747,0.00020051525547770677,0.0010355764047806598,0.4154409746091896
10.971560138253613,0.001999490412710636,0.0010355764047806598,0.415328791233641
10.972860093966016,0.003449262604014569,0.0010355764047806598,0.4152166664232315
10.974160050008566,0.006383912197702735,0.0010355764047806598,0.4151030441840312
10.975460006385884,0.004061006747868523,0.0010355764047806598,0.41498794382339665
10.976759963102579,0.0023683732634276478,0.0010355764047806598,0.4148691555531896
10.978059920163272,0.004367070371546822,0.0010355764047806598,0.41475389331094337
10.979359877572573,0.0074680734245384794,0.0010355764047806598,0.41464615872517674
10.980659835335103,0.00797434398444452,0.0010355764047806598,0.4145346075406481
10.981959793455474,0.006534601823762531,0.0010355764047806598,0.4144191399115807
10.9832597519383,0.0013561454410299656,0.0010355764047806598,0.4143074569816178
10.984559710788199,0.0014505043912608206,0.0010355764047806598,0.41419842142107416
10.985859670009784,0.0006310017084356079,0.0010355764047806598,0.4140902622304202
10.987159629607673,0.0017529733862966523,0.0010355764047806598,0.41398054820925395
10.988459589586476,0.002613493973410208,0.0010355764047806598,0.4138709237607645
10.989759549950815,0.0002100768383723195,0.0010355764047806598,0.4137601922051586
10.9910595107053,-0.0009165010192641598,0.0010355764047806598,0.41365060299993184
10.99235947185455,-0.000703224167481642,0.0010355764047806598,0.41353977040420603
10.99365943340318,-0.002466060141350035,0.0010355764047806598,0.41342225641665964
10.994959395355801,-0.0018385225394147997,0.0010355764047806598,0.413310333858363
10.996259357717031,-0.0010486810634004473,0.0010355764047806598,0.4131917445260513
10.997559320491485,-0.0016484649554119324,0.0010355764047806598,0.41308282514271843
10.99885928368378,-0.0002922358720935381,0.0010355764047806598,0.4129711992157169
11.00015924729853,0.0008991472034042269,0.0010355764047806598,0.41285651402811935
11.001459211340348,-0.000783728520579341,0.0010355764047806598,0.4127414288906097
11.002759175813852,-0.00039173214509236054,0.0010355764047806598,0.41263160984389036
11.004059140723658,-0.0009063709276100895,0.0010355764047806598,0.41251936681900947
11.00535910607438,-0.000375850923934995,0.0010355764047806598,0.4123997043680755
11.00665907187063,-3.231069316250723e-05,0.0010355764047806598,0.4122840720710061
11.007959038117027,-0.00011126181955589676,0.0010355764047806598,0.41216967649802916
11.009259004818187,7.873273646957779e-05,0.0010355764047806598,0.4120566553354516
11.010558971978723,-0.0002456577730583498,0.0010355764047806598,0.4119384304675868
11.01185893960325,2.1114292933499534e-06,0.0010355764047806598,0.41182809617316934
11.013158907696386,3.783392127604257e-05,0.0010355764047806598,0.41171985843663417
11.014458876262744,0.0003476768024095467,0.0010355764047806598,0.4116137476938513
11.01575884530694,-0.0009924025359961952,0.0010355764047806598,0.4115020387485988
11.017058814833588,-0.00021911026714888093,0.0010355764047806598,0.4113852651186063
11.018358784847305,-0.0006788103983934035,0.0010355764047806598,0.41126996377605624
11.019658755352705,-0.0006686616832253245,0.0010355764047806598,0.4111561828622873
11.020958726354404,-0.00023007107651668024,0.0010355764047806598,0.4110433327055592
11.022258697857016,-0.0009513853566388009,0.0010355764047806598,0.4109256097775321
11.023558669865158,-0.000753294561569362,0.0010355764047806598,0.4108029757488315
11.024858642383442,0.00015648913870142112,0.0010355764047806598,0.410686542012302
11.02615861541649,-0.000186891555969515,0.0010355764047806598,0.41057694872980666
11.02745858896891,0.0019752188929589853,0.0010355764047806598,0.41046308539606086
11.028758563045322,0.0033060051918096245,0.0010355764047806598,0.41034659020768055
11.030058537650339,0.002126646455468728,0.0010355764047806598,0.41022588900875323
11.031358512788575,0.0026953924623626113,0.0010355764047806598,0.4101039340660476
11.032658488464648,0.006299364960509979,0.0010355764047806598,0.40998062476233527
11.033958464683174,0.01043037496356014,0.0010355764047806598,0.40985586025659065
11.035258441448764,0.010825280587331843,0.0010355764047806598,0.4097275107779805
11.036558418766036,0.005689102385863509,0.0010355764047806598,0.4096085116300564
11.037858396639606,0.0016119953064002712,0.0010355764047806598,0.4094885662410554
11.039158375074086,-0.0011588187056986166,0.0010355764047806598,0.40936732463816666
11.040458354074095,-0.0004231933961462153,0.0010355764047806598,0.4092482596600784
11.041758333644248,-0.0004178826646472622,0.0010355764047806598,0.409131247910572
11.043058313789157,-0.0006299521174110145,0.0010355764047806598,0.40900940979283534
11.04435829451344,-0.0011028580786879294,0.0010355764047806598,0.4088844669608572
11.045658275821712,0.0012767256161652085,0.0010355764047806598,0.40875928396840944
11.046958257718586,0.0005772573235285905,0.0010355764047806598,0.40863792373860647
11.048258240208678,0.0009897868684646816,0.0010355764047806598,0.40851009914725034
11.049558223296607,0.0023325577851481816,0.0010355764047806598,0.4083857476223
11.050858206986984,0.0024659404188712153,0.0010355764047806598,0.4082598860817449
11.052158191284425,0.002205677042119547,0.0010355764047806598,0.4081308907947472
11.053458176193548,0.00180565462680643,0.0010355764047806598,0.40800298250311007
11.054758161718963,0.001537290965844318,0.0010355764047806598,0.4078639971532071
11.056058147865292,0.000492407623831681,0.0010355764047806598,0.4077285406587849
11.057358134637143,0.00045462813572250127,0.0010355764047806598,0.4075989366110926
11.058658122039137,0.0008837430160091864,0.0010355764047806598,0.40747430690684366
11.059958110075888,0.003302173879543291,0.0010355764047806598,0.4073456931538611
11.061258098752008,0.003610896736867042,0.0010355764047806598,0.40721967916005214
11.062558088072116,0.0036187694622190625,0.0010355764047806598,0.4070909536736309
11.063858078040825,0.004312946479732682,0.0010355764047806598,0.406962928158743
11.065158068662752,0.0031590844238253424,0.0010355764047806598,0.40683263663959535
11.06645805994251,0.001437120458188168,0.0010355764047806598,0.40671106192853596
11.067758051884718,0.000956649227587425,0.0010355764047806598,0.4065787467581062
11.069058044493987,2.0207892401979954e-05,0.0010355764047806598,0.4064416143671023
11.070358037774934,0.00018442688476411062,0.0010355764047806598,0.4063038585899693
11.071658031732175,-0.0006614008893917611,0.0010355764047806598,0.40616552065089506
11.072958026370324,-0.0003267475792931296,0.0010355764047806598,0.4060308282011015
11.074258021693998,-0.00021864613736499727,0.0010355764047806598,0.40589485329745634
11.075558017707811,3.3960345697914285e-05,0.0010355764047806598,0.40575664029675584
11.076858014416377,1.0635737230979547e-05,0.0010355764047806598,0.40562088816813696
11.078158011824314,-6.771471929156725e-05,0.0010355764047806598,0.4054825377798736
11.079458009936236,-0.00022171099721712828,0.0010355764047806598,0.40534771051091384
11.080758008756757,0.0004025399344115832,0.0010355764047806598,0.40521021448934846
11.082058008290494,0.000640579164556121,0.0010355764047806598,0.405076247333084
11.083358008542058,0.0008674835642664136,0.0010355764047806598,0.4049351727022082
11.084658009516072,0.0021396276391591473,0.0010355764047806598,0.4047940866530828
11.085958011217146,0.0007158729845483935,0.0010355764047806598,0.40465654464517226
11.087258013649897,0.0009609781661875094,0.0010355764047806598,0.4045153022552276
11.088558016818938,-0.00013177096852656778,0.0010355764047806598,0.40437746429250354
11.089858020728888,-0.0003052528005522137,0.0010355764047806598,0.40423659395402495
11.091158025384358,-0.00014229837719076377,0.0010355764047806598,0.4040982064901188
11.092458030789965,-1.9051028287142557e-05,0.0010355764047806598,0.4039555141039972
11.093758036950327,-0.0005594741426855343,0.0010355764047806598,0.4038088661516505
11.095058043870056,-0.0003276712808595317,0.0010355764047806598,0.40365816130806625
11.096358051553766,-0.0007800009006780906,0.0010355764047806598,0.40350930819106073
11.097658060006076,-0.000723250478932902,0.0010355764047806598,0.40336246757471145
11.0989580692316,3.584851083460183e-05,0.0010355764047806598,0.40321255981054716
11.100258079234951,-0.0007732669635570621,0.0010355764047806598,0.4030590590138963
11.101558090020747,-0.0002145665879130787,0.0010355764047806598,0.40290346042317904
11.102858101593602,0.00022270872573632028,0.0010355764047806598,0.40274863907571995
11.104158113958132,-0.0008127406338886423,0.0010355764047806598,0.4025947854891812
11.105458127118952,-0.0008037756458730283,0.0010355764047806598,0.40243246883493866
11.106758141080677,-4.203224630150437e-05,0.0010355764047806598,0.4022703169216516
11.108058155847921,6.93782723225067e-05,0.0010355764047806598,0.40210839704291185
11.109358171425303,0.0005017767945015295,0.0010355764047806598,0.4019467773363941
11.110658187817432,-0.0011045871373636107,0.0010355764047806598,0.4017823846798416
11.111958205028929,-0.000974456000289059,0.0010355764047806598,0.40161871656685866
11.113258223064408,0.0007827770251706556,0.0010355764047806598,0.4014551212222503
11.114558241928483,-0.0009576331530841142,0.0010355764047806598,0.40128903004205607
11.11585826162577,0.00023826808925497822,0.0010355764047806598,0.4011239176865383
11.117158282160883,0.0001584449069294558,0.0010355764047806598,0.40095679224849057
11.11845830353844,0.00010217719395666514,0.0010355764047806598,0.40078689850200516
11.119758325763053,0.0012473787262375358,0.0010355764047806598,0.40061641338832343
11.12105834883934,0.00045439667714980425,0.0010355764047806598,0.4004447243723467
11.122358372771913,0.0004906057084967386,0.0010355764047806598,0.4002736415108357
11.12365839756539,0.0005022855600050891,0.0010355764047806598,0.4001031854031823
11.124958423224387,-0.00011219364792963704,0.0010355764047806598,0.3999333773752923
11.126258449753516,0.0006946185190286336,0.0010355764047806598,0.39977578100829336
11.127558477157393,0.0001403257346968556,0.0010355764047806598,0.3996199001040426
11.128858505440636,1.3174559217565829e-05,0.0010355764047806598,0.39947022665101145
11.130158534607858,7.688605095057532e-05,0.0010355764047806598,0.3993189845463312
11.131458564663676,-7.177897037696779e-05,0.0010355764047806598,0.39916187939220904
11.132758595612703,0.00017226291006500194,0.0010355764047806598,0.39900373252365534
11.134058627459554,0.00017365403108315913,0.0010355764047806598,0.3988463946796848
11.135358660208846,2.113066296210997e-05,0.0010355764047806598,0.3986898896583324
11.136658693865195,0.00022542967748634402,0.0010355764047806598,0.39852494671935745
11.137958728433214,-0.0006444230344860857,0.0010355764047806598,0.39834902021080565
11.139258763917521,1.5564241724386196e-05,0.0010355764047806598,0.3981741225712552
11.140558800322726,0.0012076229317397047,0.0010355764047806598,0.39798576693333154
11.14185883765345,0.0004431911910032227,0.0010355764047806598,0.39780608042209853
11.143158875914306,8.984590661642589e-05,0.0010355764047806598,0.397627088581197
11.144458915109908,0.0003428501784979443,0.0010355764047806598,0.397441621136158
11.145758955244874,0.0006500279581291846,0.0010355764047806598,0.3972573776008788
11.147058996323816,0.0005526698744493519,0.0010355764047806598,0.3970734384778086
11.148359038351352,-0.0004229720652534352,0.0010355764047806598,0.39688400904433874
11.149659081332095,-0.0009164683688872577,0.0010355764047806598,0.39670342373467543
11.150959125270663,9.461399134208515e-05,0.0010355764047806598,0.39651296244599626
11.15225917017167,-0.0004711208553559998,0.0010355764047806598,0.3963225522206814
11.153559216039728,0.00046620063422214697,0.0010355764047806598,0.3961317950377658
11.154859262879459,0.0010043265458621886,0.0010355764047806598,0.39593469060627134
11.156159310695472,-5.5419728947458946e-05,0.0010355764047806598,0.3957350361448617
11.157459359492384,-0.0010287291467795945,0.0010355764047806598,0.39553286731847304
11.158759409274811,-0.0002654655279489271,0.0010355764047806598,0.39533040241623835
11.16005946004737,-0.0012626330507154448,0.0010355764047806598,0.3951244616271384
11.161359511814673,-0.0006271467785592955,0.0010355764047806598,0.39491503113732646
11.162659564581338,-4.880395048617592e-05,0.0010355764047806598,0.39470021681535045
11.163959618351978,0.000315717512474889,0.0010355764047806598,0.39448969036700404
11.16525967313121,0.0009346443937322535,0.0010355764047806598,0.39427529436249
11.166559728923648,-0.0004443044098089155,0.0010355764047806598,0.3940638036970414
11.167859785733906,2.9033673687062223e-05,0.0010355764047806598,0.39385780367240414
11.169159843566602,0.0003191680071309988,0.0010355764047806598,0.3936482816258662
11.17045990242635,0.0003237082028638705,0.0010355764047806598,0.3934393045491906
11.171759962317767,-0.0007272483713859357,0.0010355764047806598,0.3932473615437464
11.173060023245466,-0.00011470972937732693,0.0010355764047806598,0.3930476895760117
11.17436008521406,0.000723197040739143,0.0010355764047806598,0.3928459445372805
11.17566014822817,0.002455955470523019,0.0010355764047806598,0.39264210835601915
11.176960212292407,0.0022218458484852266,0.0010355764047806598,0.3924361630519093
11.178260277411388,0.002371884311158423,0.0010355764047806598,0.39222809073584763
11.17956034358973,0.0005130551603338973,0.0010355764047806598,0.3920178736099451
11.180860410832043,0.0007726266146954042,0.0010355764047806598,0.3918099080630491
11.182160479142947,0.00010500520480810627,0.0010355764047806598,0.3916039776519525
11.183460548527055,0.00018975541869015178,0.0010355764047806598,0.39139986780769304
11.184760618988983,0.000329352170069519,0.0010355764047806598,0.3911960134194057
11.186060690533347,-5.3589711084212066e-05,0.0010355764047806598,0.3909859438467843
11.187360763164758,-0.00044198518661403563,0.0010355764047806598,0.3907803174761907
11.188660836887838,0.0002082460482349946,0.0010355764047806598,0.3905714536783266
11.189960911707198,0.0007844655029249914,0.0010355764047806598,0.390357919721644
11.191260987627453,0.0007012426878835742,0.0010355764047806598,0.39013683879573074
11.192561064653221,-0.00021393858354801232,0.0010355764047806598,0.3899219473996191
11.193861142789114,0.00027198495631358677,0.0010355764047806598,0.3897161128593112
11.19516122203975,1.5178190666265134e-05,0.0010355764047806598,0.38950446269313893
11.196461302409745,0.00047191761894910256,0.0010355764047806598,0.38929047913983417
11.197761383903709,0.0005180887767065046,0.0010355764047806598,0.3890771764230789
11.199061466526262,-9.669872281137248e-05,0.0010355764047806598,0.38886047377064487
11.200361550282016,0.00045244350045337,0.0010355764047806598,0.38864486911416585
11.20166163517559,0.0009553185616433257,0.0010355764047806598,0.388427958142386
11.202961721211597,-4.488214761461107e-05,0.0010355764047806598,0.3882097415030531
11.204261808394651,-0.0008175751233578388,0.0010355764047806598,0.38799514486739717
11.205561896729373,-0.0002494727598855162,0.0010355764047806598,0.38778133164351886
11.206861986220371,-0.0006701360658193378,0.0010355764047806598,0.3875748481717529
11.208162076872263,-0.000449731362707817,0.0010355764047806598,0.38736166931132904
11.209462168689665,-0.000744899967320023,0.0010355764047806598,0.3871464532798222
11.210762261677191,-0.0006009719685919901,0.0010355764047806598,0.3869293018183799
11.212062355839459,-0.0018378627218487154,0.0010355764047806598,0.3867117720114077
11.21336245118108,-0.00044068606522412734,0.0010355764047806598,0.3864939004481803
11.214662547706673,-0.00013986591844405982,0.0010355764047806598,0.3862740274184911
11.215962645420852,0.00022793570871909585,0.0010355764047806598,0.38604430877841134
11.217262744328231,3.220036097589807e-05,0.0010355764047806598,0.38581806846501365
11.218562844433428,0.0005692452552785165,0.0010355764047806598,0.38558577562289803
11.219862945741056,0.00039755646754552343,0.0010355764047806598,0.3853551995270943
11.221163048255729,-0.00011899753628935583,0.0010355764047806598,0.3851195327581617
11.222463151982065,-0.000494058461983915,0.0010355764047806598,0.3848813808701831
11.223763256924679,6.209565588721766e-06,0.0010355764047806598,0.38463908158675536
11.225063363088184,-0.0004006941313123291,0.0010355764047806598,0.38439467566792035
11.226363470477198,0.00013328397454631657,0.0010355764047806598,0.3841476695590989
11.227663579096335,0.0006694849877525444,0.0010355764047806598,0.38390558619296467
11.228963688950211,-0.0006483691667916736,0.0010355764047806598,0.3836643981790119
11.230263800043438,-0.0007399744666709562,0.0010355764047806598,0.3834243188582261
11.231563912380636,-0.000835207721386344,0.0010355764047806598,0.3831796360373986
11.232864025966416,-0.0003873338008533178,0.0010355764047806598,0.3829380180139855
11.234164140805397,-0.0010067080277173512,0.0010355764047806598,0.38269318995314594
11.235464256902192,-0.0006594422642668962,0.0010355764047806598,0.38243991289879814
11.236764374261417,-0.0014336695170567015,0.0010355764047806598,0.38218412412201763
11.238064492887688,-0.0010590613308138486,0.0010355764047806598,0.38192809732360966
11.239364612785618,0.0003736949038637416,0.0010355764047806598,0.3816727350379516
11.240664733959822,0.000241065969556975,0.0010355764047806598,0.38141960063257624
11.241964856414917,-2.9738491544806234e-05,0.0010355764047806598,0.3811649109119618
11.24326498015552,-0.0007781753540777037,0.0010355764047806598,0.38090415962735386
11.244565105186243,-0.0006542393585113326,0.0010355764047806598,0.38063998736154975
11.245865231511702,-0.00045668174459928546,0.0010355764047806598,0.3803767738053134
11.247165359136515,-0.0009837957872733671,0.0010355764047806598,0.38011161916453207
11.248465488065293,-0.00029087052793452806,0.0010355764047806598,0.3798503622287678
11.249765618302654,-0.0005893667963031146,0.0010355764047806598,0.3795876877054623
11.251065749853211,-0.00017520966724932086,0.0010355764047806598,0.37932075124956266
11.252365882721584,0.0013038030248373467,0.0010355764047806598,0.37905271123718
11.253666016912382,0.0011312851159956394,0.0010355764047806598,0.3787863763934289
11.254966152430224,6.32043185122555e-07,0.0010355764047806598,0.37851575029423057
11.256266289279724,0.0002627185417911626,0.0010355764047806598,0.3782410107147438
11.257566427465498,2.9036812668747913e-06,0.0010355764047806598,0.37795882496343697
11.258866566992161,-0.00017219886619235236,0.0010355764047806598,0.3776750827807437
11.260166707864329,4.0793724384424745e-05,0.0010355764047806598,0.3773935974890548
11.261466850086615,0.000134797703284395,0.0010355764047806598,0.3771116622103323
11.262766993663636,0.0006700511210345206,0.0010355764047806598,0.3768293210436628
11.264067138600009,0.0011470181321457384,0.0010355764047806598,0.3765467817067345
11.265367284900345,0.0013138283481757829,0.0010355764047806598,0.37626477191267477
11.26666743256926,0.0015840615692737647,0.0010355764047806598,0.3759835323917155
11.267967581611375,0.0021629848773538907,0.0010355764047806598,0.37570171602802904
11.269267732031297,0.0028930998479060333,0.0010355764047806598,0.37542015576951826
11.270567883833646,0.0016088095740988684,0.0010355764047806598,0.3751378472893649
11.271868037023038,-0.00014773937770240497,0.0010355764047806598,0.37485052900249144
11.273168191604086,-0.0003724404630899847,0.0010355764047806598,0.3745650065204055
11.274468347581406,-0.0012909543033339799,0.0010355764047806598,0.37427798635295084
11.275768504959611,-0.0010484088021995852,0.0010355764047806598,0.3739851430888926
11.277068663743322,-0.0006259813212799448,0.0010355764047806598,0.3736912662804547
11.278368823937146,-0.0009423657039382416,0.0010355764047806598,0.37339815995546366
11.279668985545708,-0.000108561251589534,0.0010355764047806598,0.3731091346953823
11.280969148573615,-0.001094569131949441,0.0010355764047806598,0.37282131026341353
11.282269313025486,-0.00025013315423227933,0.0010355764047806598,0.3725275555726016
11.283569478905935,0.0012063279274625027,0.0010355764047806598,0.37223236170023527
11.28486964621958,-0.0004674360147945422,0.0010355764047806598,0.3719284871092521
11.286169814971032,-0.00042646905248572287,0.0010355764047806598,0.37163121584470915
11.28746998516491,-0.0013612200533840157,0.0010355764047806598,0.3713396496365469
11.288770156805827,-0.0009217999669496324,0.0010355764047806598,0.37104419440429964
11.290070329898398,0.0007344360319843091,0.0010355764047806598,0.37074570332055035
11.29137050444724,-0.0006167427106727463,0.0010355764047806598,0.370449304304349
11.292670680456967,-0.00029356107507078066,0.0010355764047806598,0.37015272418113565
11.293970857932194,0.00011879787892887794,0.0010355764047806598,0.36985510619168205
11.295271036877539,-0.00098879244211586,0.0010355764047806598,0.3695566547069018
11.296571217297615,-0.0001999564429004952,0.0010355764047806598,0.3692492254605188
11.297871399197035,0.0001636417155251868,0.0010355764047806598,0.3689399276670461
11.299171582580419,0.00021643828658940434,0.0010355764047806598,0.3686294950264941
11.300471767452379,0.0011924309475880301,0.0010355764047806598,0.36832270774980275
11.30177195381753,0.0023358171881440737,0.0010355764047806598,0.3680130176075699
11.30307214168049,0.0023018788627438003,0.0010355764047806598,0.36770390300886274
11.30437233104587,0.0028743415108537507,0.0010355764047806598,0.3673877533353563
11.30567252191829,0.0047171057648181525,0.0010355764047806598,0.36706705735131806
11.306972714302363,0.006425205916373022,0.0010355764047806598,0.36674076932936284
11.308272908202703,0.005312604316143998,0.0010355764047806598,0.3664141348781519
11.309573103623928,0.0038372005715663904,0.0010355764047806598,0.3660878263031491
11.310873300570652,0.002843654511406002,0.0010355764047806598,0.36576002733301277
11.312173499047487,0.00236623292054039,0.0010355764047806598,0.3654376435962282
11.313473699059056,0.0019129752566507396,0.0010355764047806598,0.3651196372070244
11.314773900609966,0.0016212444997151243,0.0010355764047806598,0.364802174191366
11.316074103704839,0.001610391339786188,0.0010355764047806598,0.3644878752520031
11.317374308348285,-0.0008215140939705767,0.0010355764047806598,0.3641710011556032
11.31867451454492,0.00045472572900034924,0.0010355764047806598,0.3638458365092687
11.319974722299362,0.0032322149817916035,0.0010355764047806598,0.36352361756636953
11.321274931616225,0.006191391602137664,0.0010355764047806598,0.3632033935983342
11.322575142500124,0.0068919339438056615,0.0010355764047806598,0.3628863312932331
11.323875354955675,0.008355631956747378,0.0010355764047806598,0.36256879178333384
11.325175568987492,0.006456082991735834,0.0010355764047806598,0.36224965524047537
11.32647578460019,0.004744704617793638,0.0010355764047806598,0.36192892276051347
11.327776001798386,0.00222205310723278,0.0010355764047806598,0.36160638225017344
11.329076220586694,-0.0010290867667036574,0.0010355764047806598,0.36127592765749716
11.33037644096973,-0.0014245352470632633,0.0010355764047806598,0.36094894704734803
11.331676662952106,-0.0008587944548572035,0.0010355764047806598,0.3606302407933283
11.332976886538443,-0.0010276008792813873,0.0010355764047806598,0.3603048493022092
11.334277111733353,0.0005803388323766256,0.0010355764047806598,0.3599727840650531
11.335577338541452,-0.000467745516911644,0.0010355764047806598,0.3596411189828837
11.336877566967352,-1.6880091396553887e-05,0.0010355764047806598,0.3593059619957705
11.338177797015673,-0.0003009568476315949,0.0010355764047806598,0.35897092657842367
11.339478028691028,-0.0017135902502122824,0.0010355764047806598,0.3586309501846246
11.340778261998034,-0.0009032446538222993,0.0010355764047806598,0.3582916590199071
11.342078496941301,-0.0005793797161550707,0.0010355764047806598,0.35794818059785355
11.343378733525451,-0.0007015887272780463,0.0010355764047806598,0.3576096111493017
11.344678971755096,-0.00019873913434897972,0.0010355764047806598,0.3572731847278657
11.345979211634852,-0.0005271474533475873,0.0010355764047806598,0.3569283100496606
11.347279453169332,0.0005994414398446946,0.0010355764047806598,0.35658773448540376
11.348579696363155,-0.00048267504256693794,0.0010355764047806598,0.35624279811795
11.349879941220934,-0.001236218506190101,0.0010355764047806598,0.35589399903131597
11.351180187747282,-0.0010884303702005105,0.0010355764047806598,0.35553611849420724
11.352480435946818,-0.0022735120905581496,0.0010355764047806598,0.35517821879052136
11.353780685824157,-0.0013568932325915828,0.0010355764047806598,0.3548204436345821
11.355080937383914,-0.00031922244241361364,0.0010355764047806598,0.35446541115601243
11.356381190630701,-0.0008646421592655162,0.0010355764047806598,0.35410885571754075
11.357681445569137,0.0003095796710390619,0.0010355764047806598,0.353749270501826
11.358981702203835,-0.0008031613504621005,0.0010355764047806598,0.3533816611600534
11.360281960539412,-0.0011212433230802787,0.0010355764047806598,0.3530231123380715
11.361582220580482,-0.0007506463966669985,0.0010355764047806598,0.3526611497079328
11.362882482331662,-0.0012976625922765939,0.0010355764047806598,0.3522968666743323
11.364182745797565,0.00023967268845970224,0.0010355764047806598,0.35193286727540246
11.365483010982807,-0.0016152894349507618,0.0010355764047806598,0.3515668308795301
11.366783277892004,-0.0009623869400621765,0.0010355764047806598,0.3512038224154475
11.36808354652977,-0.00017225163467049498,0.0010355764047806598,0.3508418140282736
11.36938381690072,0.0005756400125544459,0.0010355764047806598,0.35048039065269243
11.370684089009472,0.0005244715285869228,0.0010355764047806598,0.3501214565005839
11.37198436286064,6.645668096477708e-05,0.0010355764047806598,0.34975849380317375
11.373284638458838,-0.00020100331868472265,0.0010355764047806598,0.3493978074224191
11.374584915808683,-0.00023114400803969648,0.0010355764047806598,0.34903380638982623
11.375885194914787,-0.0002972767302785728,0.0010355764047806598,0.34866381352572723
11.377185475781769,0.00020543005980666607,0.0010355764047806598,0.34829376428457864
11.378485758414241,-0.0004485094972595527,0.0010355764047806598,0.34792352561372436
11.379786042816821,0.00015827778681165583,0.0010355764047806598,0.3475555288503995
11.381086328994124,0.0009731557106125721,0.0010355764047806598,0.34718261765115765
11.382386616950763,0.0014146696664369407,0.0010355764047806598,0.3468099449240346
11.383686906691356,0.00034222254869276103,0.0010355764047806598,0.3464300104403679
11.384987198220514,0.00023564970541672947,0.0010355764047806598,0.34604823709516613
11.38628749154286,-0.0008048210327420424,0.0010355764047806598,0.34566281838513097
11.387587786663001,0.00016670630856463475,0.0010355764047806598,0.34527393136925305
11.388888083585556,-0.00025753486658797176,0.0010355764047806598,0.34488555238197827
11.39018838231514,0.000134599633712984,0.0010355764047806598,0.3444986638261577
11.39148868285637,-0.00021313354323904132,0.0010355764047806598,0.344108911706877
11.392788985213857,-0.00013181931904826527,0.0010355764047806598,0.3437169888244125
11.39408928939222,-0.0007812330037589299,0.0010355764047806598,0.3433202551862696
11.395389595396072,0.0003658851738073121,0.0010355764047806598,0.34291992059070947
11.39668990323003,-0.0004929084223858071,0.0010355764047806598,0.34252101158711296
11.397990212898707,-0.000532772437214224,0.0010355764047806598,0.342126622249087
11.399290524406721,-0.0009183272297154654,0.0010355764047806598,0.341734982331758
11.400590837758685,0.0004961525805108336,0.0010355764047806598,0.34133970859532203
11.401891152959216,0.00013259832026185636,0.0010355764047806598,0.34094145916343294
11.403191470012928,0.00048528599882752266,0.0010355764047806598,0.34054176078971843
11.404491788924435,0.0006741790597335484,0.0010355764047806598,0.34013938790254294
11.405792109698355,0.00016477625843291932,0.0010355764047806598,0.3397348938031152
11.407092432339304,4.3654395110725996e-05,0.0010355764047806598,0.33933312689674994
11.408392756851894,0.0004808517995045225,0.0010355764047806598,0.33893330149235784
11.409693083240741,0.0009255290308647912,0.0010355764047806598,0.3385384163898137
11.410993411510463,0.0006467482732105956,0.0010355764047806598,0.33815418285748106
11.412293741665671,0.0005551927185698524,0.0010355764047806598,0.3377721634198387
11.413594073710984,0.0006712654406563212,0.0010355764047806598,0.33739311530855065
11.414894407651014,0.0005280245258371674,0.0010355764047806598,0.3370130309422521
11.416194743490378,0.0013903730479425391,0.0010355764047806598,0.3366319986994233
11.41749508123369,0.0004850314678697121,0.0010355764047806598,0.3362587335443108
11.418795420885568,0.0001909319172157531,0.0010355764047806598,0.3358701416460285
11.420095762450625,0.00039496216294199193,0.0010355764047806598,0.3354819034097555
11.421396105933479,0.00103035035499216,0.0010355764047806598,0.33508424093833716
11.42269645133874,0.001153482555612484,0.0010355764047806598,0.3346859413822274
11.423996798671029,0.0007769204511058336,0.0010355764047806598,0.3342916708972974
11.425297147934957,0.00028573589680325195,0.0010355764047806598,0.333890650803709
11.426597499135141,-2.8250286430164806e-05,0.0010355764047806598,0.3334909784510827
11.427897852276196,0.0005771908443710227,0.0010355764047806598,0.3330925561139722
11.429198207362738,0.0013510766131888952,0.0010355764047806598,0.3326948741606422
11.43049856439938,0.0011807563801979337,0.0010355764047806598,0.33229707584828333
11.43179892339074,0.0007121051015487323,0.0010355764047806598,0.3319000292300534
11.433099284341433,-9.096104376149494e-05,0.0010355764047806598,0.3315083770882519
11.43439964725607,0.0005613625077902085,0.0010355764047806598,0.33110690245965846
11.435700012139273,0.0005353998034617335,0.0010355764047806598,0.330704831094865
11.437000378995652,0.00033105054408083534,0.0010355764047806598,0.3303049800778415
11.438300747829826,0.0005358581477979407,0.0010355764047806598,0.32990527974283124
11.439601118646406,0.00047148052790174644,0.0010355764047806598,0.32950755492416856
11.440901491450012,-0.0005534463929989242,0.0010355764047806598,0.3291086344993105
11.442201866245254,9.743261087080679e-05,0.0010355764047806598,0.32870613677803295
11.44350224303675,0.0003909080474728266,0.0010355764047806598,0.32831677700374157
11.444802621829119,0.0006031478045211425,0.0010355764047806598,0.3279203390078087
11.44610300262697,9.274580743123817e-06,0.0010355764047806598,0.3275235486954108
11.447403385434919,0.0003936647765312995,0.0010355764047806598,0.3271328010608948
11.448703770257586,0.0011431752580623455,0.0010355764047806598,0.3267433846798926
11.450004157099583,0.00014061949005428342,0.0010355764047806598,0.32635543415193924
11.451304545965526,0.0004731506591260093,0.0010355764047806598,0.32596976028312596
11.452604936860027,0.0009681022140735629,0.0010355764047806598,0.32559241268004757
11.453905329787705,0.0014575704375164866,0.0010355764047806598,0.32521509410861493
11.455205724753176,0.0018262393032368318,0.0010355764047806598,0.32484186556305805
11.456506121761052,0.0019047242024896605,0.0010355764047806598,0.3244716720856309
11.45780652081595,0.0009308473879449664,0.0010355764047806598,0.3240989268790543
11.459106921922485,-0.0003173630695081364,0.0010355764047806598,0.32372602694241637
11.460407325085272,-0.00014088890241309437,0.0010355764047806598,0.3233436205982164
11.461707730308927,-0.0005299688400818847,0.0010355764047806598,0.3229609435365129
11.463008137598065,-0.0003383820902331247,0.0010355764047806598,0.3225773579557693
11.4643085469573,-0.0003276426836852364,0.0010355764047806598,0.32217645504487014
11.46560895839125,-0.0003622400004911208,0.0010355764047806598,0.32178283921054257
11.466909371904528,-0.00045715738959861696,0.0010355764047806598,0.3213887890756727
11.468209787501747,-0.0007175531169535954,0.0010355764047806598,0.3209967718454369
11.469510205187529,-0.000881681383474997,0.0010355764047806598,0.32060680884036236
11.470810624966482,-0.00010652489454171521,0.0010355764047806598,0.32021892175366007
11.472111046843226,-0.0008873874212363408,0.0010355764047806598,0.3198331326512238
11.473411470822375,-0.0001224049049534659,0.0010355764047806598,0.3194448492597241
11.474711896908543,-0.0001776982578773345,0.0010355764047806598,0.3190601646890803
11.476012325106346,-0.000788663690028224,0.0010355764047806598,0.318669558475497
11.477312755420401,-0.0021004703075972464,0.0010355764047806598,0.3182799586860057
11.47861318785532,-0.0001312559241680722,0.0010355764047806598,0.31789912523471486
11.479913622415722,0.0005034018845499477,0.0010355764047806598,0.3175168923636292
11.481214059106218,0.00037399256707548734,0.0010355764047806598,0.317133604486639
11.482514497931428,-0.00023295954191565604,0.0010355764047806598,0.31675040113027125
11.483814938895962,-0.0007693864899390723,0.0010355764047806598,0.3163686282132699
11.48511538200444,-0.0007169059319094839,0.0010355764047806598,0.31598353025073367
11.486415827261474,0.0001591533328749728,0.0010355764047806598,0.3155874149018723
11.487716274671682,0.000898976603494861,0.0010355764047806598,0.31519513218520717
11.489016724239676,0.0007781049365802595,0.0010355764047806598,0.314806167992126
11.490317175970073,-0.0011395849598621055,0.0010355764047806598,0.3144227652444198
11.49161762986749,-0.0006652612564280735,0.0010355764047806598,0.3140431456015516
11.49291808593654,-0.00093619232373926,0.0010355764047806598,0.3136685558056786
11.494218544181836,-0.0006982389715648463,0.0010355764047806598,0.3132938845730485
11.495519004607997,-0.0005333418944239443,0.0010355764047806598,0.3129191882806259
11.496819467219638,0.000341512217331974,0.0010355764047806598,0.3125425110072281
11.498119932021375,0.00030407934320786367,0.0010355764047806598,0.312173339265415
11.499420399017819,-0.0002709786697683847,0.0010355764047806598,0.31179460389492786
11.50072086821359,-0.0006302824911534888,0.000506704011898038,0.31142035519133593
11.502021339613298,-0.0008790019477289968,0.000506704011898038,0.311046384991272
11.503321813221564,-0.000460706579915926,0.000506704011898038,0.3106728436949551
11.504622289043002,-0.0006899589037694942,0.000506704011898038,0.31029836040475023
11.505922767082224,-0.0008484768161362566,0.000506704011898038,0.3099230187634698
11.507223247343846,-0.00017842771840481664,0.000506704011898038,0.3095445586017708
11.508523729832486,0.00013730606665918188,0.000506704011898038,0.3091676304498933
11.509824214552756,7.19267333590401e-05,0.000506704011898038,0.3087941605752371
11.511124701509274,0.00022496716842151931,0.000506704011898038,0.3084151902562149
11.512425190706654,-0.00038874513140207956,0.000506704011898038,0.3080340581468018
11.513725682149511,-0.0007215570633783419,0.000506704011898038,0.30765633183615726
11.515026175842463,-0.001357114001189763,0.000506704011898038,0.3072864192322319
11.516326671790122,-0.0014261736485248755,0.000506704011898038,0.30692684912497026
11.517627169997102,-0.0004526634676266794,0.000506704011898038,0.306564319568408
11.518927670468022,-0.0014123011699571641,0.000506704011898038,0.30620231246288165
11.520228173207494,-0.0014785318632655198,0.000506704011898038,0.30583852982042636
11.521528678220138,-0.0011521059019521385,0.000506704011898038,0.3054764547491037
11.522829185510565,-0.00024288170122832575,0.000506704011898038,0.30511286804757165
11.524129695083388,-0.0016876505953209997,0.000506704011898038,0.3047517068070158
11.525430206943229,-0.0009647985553509209,0.000506704011898038,0.304385315154053
11.5267307210947,-0.0018445673297550758,0.000506704011898038,0.30402037011547656
11.528031237542416,-0.00031398132724291816,0.000506704011898038,0.30367064170893815
11.529331756290992,-0.0016637136225287064,0.000506704011898038,0.30331937070517184
11.530632277345042,-0.0007151369876743363,0.000506704011898038,0.30296669180257313
11.531932800709185,-0.00021106107988372313,0.000506704011898038,0.3026141371457732
11.533233326388032,0.00044988259636391525,0.000506704011898038,0.30225528042259825
11.534533854386204,-0.0004928758796728938,0.000506704011898038,0.3018948685844931
11.53583438470831,-0.0007880883373564962,0.000506704011898038,0.3015395463083367
11.537134917358967,0.0004878275431780543,0.000506704011898038,0.301184558947881
11.538435452342792,4.176272445899354e-05,0.000506704011898038,0.30082755077750567
11.5397359896644,0.0001265881283677439,0.000506704011898038,0.3004785644042782
11.541036529328405,0.0007768257897881048,0.000506704011898038,0.3001229000893956
11.542337071339421,0.0006994915470285301,0.000506704011898038,0.2997658661192593
11.54363761570207,0.00037945865018773617,0.000506704011898038,0.2994076148001459
11.544938162420957,-3.3957491156921815e-05,0.000506704011898038,0.29904902501638414
11.546238711500706,0.0005220123871791937,0.000506704011898038,0.29868776876808284
11.547539262945927,0.0013296715461525999,0.000506704011898038,0.2983337036090773
11.548839816761237,0.002151459780340592,0.000506704011898038,0.2979766307477614
11.550140372951253,0.0064455919815513685,0.000506704011898038,0.29762167934581707
11.551440931520588,0.009954005382958375,0.000506704011898038,0.297267864602652
11.552741492473858,0.009926033882717011,0.000506704011898038,0.29691100036812296
11.554042055815676,0.004659282195051961,0.000506704011898038,0.2965532546874276
11.555342621550661,0.001243840982376454,0.000506704011898038,0.2961986979121467
11.556643189683427,0.00013938694011350616,0.000506704011898038,0.2958483375710974
11.557943760218588,-2.8321375118933734e-05,0.000506704011898038,0.2955073834810326
11.559244333160759,-0.00020159877835118634,0.000506704011898038,0.29516959784508545
11.560544908514558,0.0005374856797494831,0.000506704011898038,0.2948398466971911
11.561845486284598,0.00013794816432954882,0.000506704011898038,0.29450740950899434
11.563146066475495,-0.0010163214692934797,0.000506704011898038,0.2941771808544302
11.564446649091865,-0.0005236972737780454,0.000506704011898038,0.2938453385709283
11.56574723413832,-0.000882003244975782,0.000506704011898038,0.29351003049145785
11.567047821619479,-0.0004891947299636712,0.000506704011898038,0.2931746524052946
11.568348411539954,-0.0002590948758919298,0.000506704011898038,0.2928422256432251
11.569649003904365,-0.0005343423947393733,0.000506704011898038,0.29251196126568285
11.570949598717322,8.433050883199789e-05,0.000506704011898038,0.2921804895296969
11.572250195983445,0.0006938479982625534,0.000506704011898038,0.2918468440965352
11.573550795707343,-0.0006182747785009601,0.000506704011898038,0.2915212720423649
11.574851397893637,-0.000457054857030903,0.000506704011898038,0.29119802466105016
11.57615200254694,-0.0001391890192877221,0.000506704011898038,0.29087815775012504
11.57745260967187,-0.00042588824147860027,0.000506704011898038,0.29056441477849043
11.578753219273036,-0.0012796871977564517,0.000506704011898038,0.2902514659906941
11.580053831355059,-0.00041548267243968207,0.000506704011898038,0.2899336355758107
11.581354445922551,-0.0004057936464117451,0.000506704011898038,0.28962087546146387
11.58265506298013,-0.0006613022494295628,0.000506704011898038,0.28930870321306634
11.583955682532409,-0.0005982302788482552,0.000506704011898038,0.28899586198259286
11.585256304584004,-0.0006227865247368514,0.000506704011898038,0.2886850330928315
11.58655692913953,-4.663253662506861e-05,0.000506704011898038,0.288371032228051
11.587857556203602,-0.0006469190785888257,0.000506704011898038,0.28805898595421414
11.589158185780837,-0.0019122759564593195,0.000506704011898038,0.28774890270396203
11.590458817875847,-0.0005394062047132664,0.000506704011898038,0.28743869244041387
11.591759452493251,-0.0001363003152137221,0.000506704011898038,0.287125944609534
11.593060089637662,0.0006222416602126857,0.000506704011898038,0.28681801862567
11.594360729313697,0.0016857562818782257,0.000506704011898038,0.28651463053601806
11.595661371525969,-0.00015452237834412408,0.000506704011898038,0.2862094540490696
11.596962016279093,-0.00015886075978044367,0.000506704011898038,0.28589904264976473
11.598262663577687,-0.0010818774809844833,0.000506704011898038,0.2855955163216164
11.599563313426364,-0.000759910013100662,0.000506704011898038,0.28529473317644916
11.60086396582974,0.0005979092838260813,0.000506704011898038,0.28499680150895446
11.60216462079243,-0.0013007942051464494,0.000506704011898038,0.2846958086840692
11.60346527831905,-0.0007130343365613911,0.000506704011898038,0.28439303316633047
11.604765938414214,-0.0010392916890963888,0.000506704011898038,0.2840814160378864
11.606066601082539,7.843352869252307e-05,0.000506704011898038,0.28375890176226715
11.607367266328637,-1.6184006655262095e-05,0.000506704011898038,0.28343630982170825
11.608667934157129,0.0009470526065433749,0.000506704011898038,0.28311429207351313
11.609968604572625,0.0030523866979429437,0.000506704011898038,0.28279330233227695
11.61126927757974,0.003865087342205864,0.000506704011898038,0.282471532150256
11.612569953183092,0.001926700773011436,0.000506704011898038,0.28215103608243153
11.613870631387297,0.004174280510768402,0.000506704011898038,0.2818272497297578
11.615171312196969,0.005991904073341547,0.000506704011898038,0.28149986649908426
11.616471995616722,0.005534500073589077,0.000506704011898038,0.28116923564711865
11.617772681651171,0.0027358764534413105,0.000506704011898038,0.28083651644055924
11.619073370304934,0.0008039478887281182,0.000506704011898038,0.2805017574186112
11.620374061582623,-0.00021828541954599379,0.000506704011898038,0.2801674470530046
11.621674755488858,0.0001380055932819202,0.000506704011898038,0.2798437449284683
11.622975452028248,-0.0003514376043177725,0.000506704011898038,0.27951166540540745
11.624276151205413,-0.001045104449757639,0.000506704011898038,0.2791694266097589
11.625576853024965,-0.0009649209296040961,0.000506704011898038,0.27883475546312236
11.626877557491522,-0.0004759124475608445,0.000506704011898038,0.27849965533907667
11.6281782646097,0.0013956104714134554,0.000506704011898038,0.27816438943811084
11.62947897438411,0.002541781574501245,0.000506704011898038,0.27782794405759936
11.63077968681937,0.0043881184564903974,0.000506704011898038,0.2774869310044995
11.632080401920094,0.0036951031391896927,0.000506704011898038,0.27714345144161706
11.633381119690899,0.0034264088110623203,0.000506704011898038,0.2768013009679342
11.634681840136402,0.0012862392039342807,0.000506704011898038,0.27645699276132024
11.635982563261212,0.0004791581655585464,0.000506704011898038,0.2761102499948266
11.637283289069948,0.0005659961624372434,0.000506704011898038,0.27575712042269357
11.638584017567227,-0.0003926700864740895,0.000506704011898038,0.2754084857092965
11.639884748757664,0.0003838282905840318,0.000506704011898038,0.2750623160014284
11.641185482645868,-0.0001241556123718346,0.000506704011898038,0.274716608770445
11.642486219236462,-0.0004998532595362204,0.000506704011898038,0.2743718683041911
11.643786958534056,-0.0014509157308806309,0.000506704011898038,0.2740300619262334
11.64508770054327,0.0036692011947679903,0.000506704011898038,0.2736851848121346
11.646388445268714,0.008974888807225967,0.000506704011898038,0.27333517744211255
11.647689192715008,0.01326118015898825,0.000506704011898038,0.27298140140073457
11.648989942886763,0.01344661789773366,0.000506704011898038,0.27262180166362826
11.650290695788598,0.0060640880119770535,0.000506704011898038,0.2722697448804843
11.651591451425126,0.0019794955320631136,0.000506704011898038,0.2719148656811043
11.652892209800964,0.0014607146711949626,0.000506704011898038,0.2715565511362122
11.654192970920725,0.0005504486976188883,0.000506704011898038,0.2712004495171481
11.655493734789026,-0.0004306369620505346,0.000506704011898038,0.2708488828111895
11.65679450141048,0.0003010480720143094,0.000506704011898038,0.2704942664818102
11.658095270789705,0.0007390490135280037,0.000506704011898038,0.2701381521898096
11.659396042931315,0.0008008998471683015,0.000506704011898038,0.2697754354572231
11.660696817839925,0.0001917128752552122,0.000506704011898038,0.2694129948166724
11.66199759552015,-0.0008084594563065872,0.000506704011898038,0.26904545572697114
11.663298375976607,-0.00016364970146143243,0.000506704011898038,0.26867656463764394
11.66459915921391,0.0014876255593202492,0.000506704011898038,0.26830680640107696
11.665899945236674,0.00011845761807827149,0.000506704011898038,0.2679436123817194
11.667200734049516,-3.96855567580956e-05,0.000506704011898038,0.2675807231568521
11.668501525657046,0.001136732944507668,0.000506704011898038,0.2672207238773975
11.669802320063887,0.0012431612707907158,0.000506704011898038,0.2668595778652213
11.671103117274649,0.0008079444731098895,0.000506704011898038,0.266493292698307
11.672403917293947,0.0013766219537649227,0.000506704011898038,0.2661231481741106
11.673704720126398,-0.0006884136548596653,0.000506704011898038,0.2657492101708808
11.67500552577662,0.0001245763696063884,0.000506704011898038,0.2653727980210613
11.676306334249222,0.002334774838797793,0.000506704011898038,0.26499403044328046
11.677607145548825,0.0011424023953230944,0.000506704011898038,0.26461831199509633
11.678907959680041,0.00017256931207826343,0.000506704011898038,0.2642531501399674
11.680208776647486,0.0007724324745773115,0.000506704011898038,0.26388992027905506
11.681509596455774,0.0003906024044421086,0.000506704011898038,0.26352711418291375
11.682810419109522,0.0008617761471314545,0.000506704011898038,0.263159801831707
11.684111244613346,0.0009549920690971048,0.000506704011898038,0.2627928022571622
11.685412072971861,-7.123900855804388e-05,0.000506704011898038,0.26243762655173636
11.686712904189678,0.0013075412025708721,0.000506704011898038,0.2620793215066921
11.688013738271417,0.001448679121104579,0.000506704011898038,0.26172377287728243
11.689314575221692,0.001180618140793399,0.000506704011898038,0.261366244809033
11.69061541504512,0.0018666697892286144,0.000506704011898038,0.2610132475787523
11.691916257746309,0.0014152637958542713,0.000506704011898038,0.26065493975702164
11.693217103329884,0.0009538186338380328,0.000506704011898038,0.26029884549666515
11.694517951800455,0.0020556084338697045,0.000506704011898038,0.25994467869730836
11.695818803162638,0.002861209324256153,0.000506704011898038,0.2595926074961987
11.697119657421046,0.0024577155295382735,0.000506704011898038,0.2592405628434355
11.698420514580299,0.0025844158333393485,0.000506704011898038,0.25888806897964084
11.699721374645009,0.004431541912935988,0.000506704011898038,0.25853782660784375
11.701317541900062,0.005635611871922186,0.000506704011898038,0.25818843542702535
11.703815947069842,0.002933264613808606,0.000506704011898038,0.25783554163758826
11.706314361387774,0.0014428007636092532,0.000506704011898038,0.2574751303763019
11.708812784821893,0.0010262143305091453,0.000506704011898038,0.2571136521810205
11.711311217340238,6.115124050426468e-05,0.000506704011898038,0.25674998663186616
11.713809658910847,0.0004302898150825851,0.000506704011898038,0.25638471831576704
11.716308109501753,0.0001842830075794999,0.000506704011898038,0.25602322440385905
11.718806569080996,0.0016406938738593446,0.000506704011898038,0.25565335290103103
11.721305037616611,0.0035293416855199378,0.000506704011898038,0.25528832951535946
11.723803515076634,0.012730456656961875,0.000506704011898038,0.25491668408892904
11.726302001429104,0.015182243747586699,0.000506704011898038,0.2545435655522193
11.728800496642053,0.006898572301030859,0.000506704011898038,0.25417551804657573
11.731299000683524,0.0032355057788501784,0.000506704011898038,0.25380373022158664
11.733797513521548,0.0014153786874108176,0.000506704011898038,0.25343121016111964
11.736296035124164,-3.4366082789338837e-05,0.000506704011898038,0.25306098204418653
11.738794565459411,0.000284820823866605,0.000506704011898038,0.25268341508308506
11.741293104495321,0.00016420907663977635,0.000506704011898038,0.2523063223984508
11.743791652199933,0.0009786016765555572,0.000506704011898038,0.25193083551341894
11.746290208541282,-0.0009078558552353955,0.000506704011898038,0.2515529646995143
11.748788773487407,-0.0009542597088897931,0.000506704011898038,0.2511655151928056
11.751287347006343,0.0029800629089636876,0.000506704011898038,0.25077715698708686
11.753785929066128,0.004476556031679069,0.000506704011898038,0.25039425105546115
11.756284519634798,0.0030380629865547903,0.000506704011898038,0.2500092584936631
11.758783118680388,-0.0013741907048172297,0.000506704011898038,0.24962460629772923
11.761281726170937,-0.0009593473833242605,0.000506704011898038,0.2492374252752285
11.76378034207448,-0.002337359532859379,0.000506704011898038,0.24886460165215277
11.766278966359053,-0.0010561554151276298,0.000506704011898038,0.24848379936050893
11.768777598992695,-0.0017933191966195139,0.000506704011898038,0.2480904668057376
11.77127623994344,-0.0012191472719022822,0.000506704011898038,0.24770235311220026
11.773774889179329,-0.0025826397349766606,0.000506704011898038,0.24731323849352316
11.776273546668392,-0.002963852472854245,0.000506704011898038,0.24692321060209582
11.778772212378671,-0.0029068573657287933,0.000506704011898038,0.24653173557692268
11.781270886278202,-0.002324840893121849,0.000506704011898038,0.24613892922008185
11.783769568335018,-0.0031013933155531193,0.000506704011898038,0.24574739906566148
11.78626825851716,-0.0019773234576772603,0.000506704011898038,0.2453501141492952
11.78876695679266,-0.0030611770651067793,0.000506704011898038,0.24495528188733132
11.79126566312956,-0.0015302104511421832,0.000506704011898038,0.24455778821931884
11.793764377495892,-0.0014011458743033167,0.000506704011898038,0.2441575839340948
11.796263099859695,-0.0007716159071468054,0.000506704011898038,0.2437592104744969
11.798761830189004,-0.0008688561848812504,0.000506704011898038,0.2433566383308908
11.801260568451859,-0.0009051695306912244,0.000506704011898038,0.2429623861659845
11.803759314616292,-0.0014230287576054712,0.000506704011898038,0.2425684786606513
11.806258068650344,-0.0014509375724628404,0.000506704011898038,0.24217744712750652
11.808756830522048,-0.0014028632303790534,0.000506704011898038,0.24178580188208093
11.811255600199441,-0.0017097194628231949,0.000506704011898038,0.24139374791469873
11.813754377650563,-0.0014012231318641932,0.000506704011898038,0.24100470009950542
11.816253162843447,-0.0012085902562852524,0.000506704011898038,0.24061463840477468
11.81875195574613,-0.00097176510626934,0.000506704011898038,0.24022365388646919
11.82125075632665,0.0005422033999739062,0.000506704011898038,0.2398360820473825
11.823749564553045,0.0012474228079754346,0.000506704011898038,0.2394461755502358
11.826248380393348,-0.00028144712584815545,0.000506704011898038,0.2390540174787127
11.828747203815597,-0.00157491899144932,0.000506704011898038,0.23865313232416122
11.831246034787831,-0.0010168891100406363,0.000506704011898038,0.2382533206609606
11.833744873278084,-0.0009183831126281794,0.000506704011898038,0.2378489423191463
11.83624371925439,-0.00182679013905096,0.000506704011898038,0.2374421163415583
11.838742572684794,-0.0015365538647294508,0.000506704011898038,0.23703549117062128
11.841241433537322,-0.0012633115398594519,0.000506704011898038,0.23663235468160643
11.84374030178002,-0.0008106015040000025,0.000506704011898038,0.23623152937012962
11.84623917738092,-0.0003633980467271092,0.000506704011898038,0.23583357799731977
11.848738060308058,-1.183411791219613e-05,0.000506704011898038,0.23543802679963832
11.851236950529472,-6.0679741440888835e-05,0.000506704011898038,0.23504525028800546
11.853735848013198,0.00042693006667851585,0.000506704011898038,0.23465536096953454
11.856234752727273,0.00030924289283379425,0.000506704011898038,0.23426206844844039
11.858733664639734,0.0007779491044629938,0.000506704011898038,0.23386015772818933
11.861232583718618,0.0005339138945641697,0.000506704011898038,0.23345692305887575
11.863731509931961,-0.00015641821745107642,0.000506704011898038,0.23304441154336827
11.866230443247797,-5.502593978529147e-05,0.000506704011898038,0.23263204277109745
11.868729383634168,-9.564753139393312e-05,0.000506704011898038,0.2322199177565186
11.871228331059106,-0.00016987714959554312,0.000506704011898038,0.2318091701718632
11.87372728549065,0.0006919023860559037,0.000506704011898038,0.23139610233684135
11.876226246896834,0.0016245589461058585,0.000506704011898038,0.23098318316975136
11.878725215245698,0.0010665264207666003,0.000506704011898038,0.23057055591441905
11.881224190505277,0.0016705663905319246,0.000506704011898038,0.23016054307747766
11.883723172643608,0.0009360869167512886,0.000506704011898038,0.22974883790632292
11.886222161628728,0.0010904243179400697,0.000506704011898038,0.22934224595876002
11.888721157428673,0.0025798249903326853,0.000506704011898038,0.2289361064487513
11.891220160011478,0.0017191180576660303,0.000506704011898038,0.22852933154935304
11.89371916934518,0.0013483058444072604,0.000506704011898038,0.22812410265452712
11.896218185397819,0.001744767005112946,0.000506704011898038,0.2277142855099504
11.89871720813743,0.002680392216958649,0.000506704011898038,0.22731119334790217
11.901216237532047,0.0025152865629443077,0.000506704011898038,0.22690931902961053
11.90371527354971,0.0021261066288743025,0.000506704011898038,0.22650908788260776
11.906214316158454,0.004786421386874379,0.000506704011898038,0.2261030638142495
11.908713365326314,0.0033718626211193814,0.000506704011898038,0.2256884841231689
11.91121242102133,0.0024289823661665377,0.000506704011898038,0.22527636806507828
11.913711483211536,0.001386302467923095,0.000506704011898038,0.22487033657062022
11.916210551864971,0.0029445170332388637,0.000506704011898038,0.2244635289898105
11.918709626949669,0.0027012048289145885,0.000506704011898038,0.22405408600148558
11.921208708433669,0.0007605785466118786,0.000506704011898038,0.2236450807834395
11.923707796285006,0.0031537387933089633,0.000506704011898038,0.223236069043503
11.926206890471715,0.005212036531315273,0.000506704011898038,0.22283226487549054
11.928705990961836,0.005793819272202572,0.000506704011898038,0.22243373775654668
11.931205097723407,0.005316480385632427,0.000506704011898038,0.22202133438944152
11.933704210724459,0.0026462613506444133,0.000506704011898038,0.22161292615925865
11.936203329933031,0.0025716721099403594,0.000506704011898038,0.22120532033804607
11.938702455317161,0.001359499651225643,0.000506704011898038,0.22079713567590925
11.941201586844885,0.001432930798020482,0.000506704011898038,0.2203884543983729
11.943700724484241,0.0011422564814742575,0.000506704011898038,0.21998673964971413
11.94619986820326,0.0020200125342527686,0.000506704011898038,0.21958652617785582
11.948699017969984,0.0017125492166552014,0.000506704011898038,0.21918679018766143
11.95119817375245,0.0002612094384568109,0.000506704011898038,0.2187874916103127
11.95369733551869,0.0007242188486226708,0.000506704011898038,0.21838119318914598
11.956196503236745,0.0014399680915057333,0.000506704011898038,0.21797971033426378
11.95869567687465,0.0010373838162227034,0.000506704011898038,0.21759120451659208
11.961194856400441,-6.000849939408193e-05,0.000506704011898038,0.21719913137216246
11.963694041782157,0.000187261454996146,0.000506704011898038,0.21680874409212134
11.96619323298783,0.0027992013227369217,0.000506704011898038,0.2164201305177485
11.9686924299855,0.0040398632235340015,0.000506704011898038,0.21602943037046052
11.971191632743203,0.0018711022560018442,0.000506704011898038,0.21564722641285033
11.973690841228978,0.0005483868047409246,0.000506704011898038,0.2152677741007384
11.976190055410857,0.0007127891370140305,0.000506704011898038,0.21489245028281662
11.978689275256878,0.00012505833792877952,0.000506704011898038,0.214520802831427
11.98118850073508,-0.00028978471801394123,0.000506704011898038,0.21415081264803398
11.983687731813497,-7.711222015313601e-05,0.000506704011898038,0.21378238006701203
11.986186968460167,-0.00018803420991098108,0.000506704011898038,0.21341485392361537
11.988686210643126,-0.0003442326412659569,0.000506704011898038,0.21303795456825744
11.991185458330412,-0.0003458005941298359,0.000506704011898038,0.2126618606802183
11.99368471149006,-7.574811798177761e-05,0.000506704011898038,0.212283120236832
11.996183970090106,-0.0006154198045749126,0.000506704011898038,0.2119104595708463
11.998683234098587,-0.0006916286341859257,0.000506704011898038,0.21153975101374756
12.001182503483543,-0.0011365633404263609,0.000506704011898038,0.21117475986722256
12.003681778213007,-0.0004334611795828447,0.000506704011898038,0.21081551563619916
12.006181058255015,-0.00030095403180768754,0.000506704011898038,0.21045967807978386
12.008680343577607,-0.0010204572619093855,0.000506704011898038,0.210107386310681
12.011179634148817,-0.0009353138749515766,0.000506704011898038,0.20975623327554957
12.013678929936681,-0.00038755763933667753,0.000506704011898038,0.2094083630928917
12.01617823090924,-0.001259227990272671,0.000506704011898038,0.20905973160730082
12.018677537034524,-0.0007025661605367661,0.000506704011898038,0.20870736062955758
12.021176848280575,-1.4649600827892906e-05,0.000506704011898038,0.20835737164591409
12.023676164615429,0.00014116542744407878,0.000506704011898038,0.20801117123536791
12.02617548600712,-0.0009800164295271085,0.000506704011898038,0.2076654759564484
12.028674812423686,0.00035061222704343975,0.000506704011898038,0.20731267202863313
12.031174143833164,-0.00015800719008438047,0.000506704011898038,0.20695973808835194
12.03367348020359,-0.000680177250914793,0.000506704011898038,0.2066058246278271
12.036172821503,-0.0007663976783807147,0.000506704011898038,0.2062509644225509
12.038672167699431,-0.0009038416230696955,0.000506704011898038,0.20589518915859822
12.041171518760923,-0.0006899088051966207,0.000506704011898038,0.2055385294326246
12.043670874655506,-0.002432049315568535,0.000506704011898038,0.20518454467192238
12.046170235351223,-0.0012023786683797721,0.000506704011898038,0.20482853563872971
12.048669600816105,-0.0011691726335984198,0.000506704011898038,0.2044759646088269
12.051168971018193,-0.0012128755882366837,0.000506704011898038,0.20412466348520714
12.053668345925523,-0.0008109910523080854,0.000506704011898038,0.20377752828451107
12.056167725506128,-0.000993964229350608,0.000506704011898038,0.20342591269260604
12.058667109728049,-0.00031100356978333576,0.000506704011898038,0.20307009738682275
12.061166498559322,-0.0005702510241739622,0.000506704011898038,0.20271303508815813
12.06366589196798,-0.0008507740975983724,0.000506704011898038,0.20235839948502674
12.066165289922065,-4.9141626333515376e-05,0.000506704011898038,0.20199820005507654
12.068664692389609,-0.001169744075514595,0.000506704011898038,0.20163909370970706
12.07116409933865,-0.0006081217003718054,0.000506704011898038,0.20127898700183458
12.073663510737225,-0.0011423549434399494,0.000506704011898038,0.20092895518737633
12.076162926553371,-0.0005205642547677913,0.000506704011898038,0.20057934136388567
12.078662346755124,0.003587426087666795,0.000506704011898038,0.20022846158822413
12.08116177131052,0.009107733669287604,0.000506704011898038,0.19987935010864183
12.083661200187597,0.003074675911414748,0.000506704011898038,0.19953069712534058
12.08616063335439,-0.0014225930945531151,0.000506704011898038,0.1991780096382853
12.08866007077894,-0.0006106263792140798,0.000506704011898038,0.19882457626711644
12.091159512429277,0.00040202788624082997,0.000506704011898038,0.19847188146245487
12.093658958273442,-0.0009558494682649077,0.000506704011898038,0.1981175583884147
12.09615840827947,-0.000879537302942851,0.000506704011898038,0.19776577019411964
12.098657862415397,-0.0008147668617515258,0.000506704011898038,0.19741585182854307
12.10115732064926,-0.001413419920372777,0.000506704011898038,0.19706819492562522
12.1036567829491,9.66941323442827e-05,0.000506704011898038,0.19672309471362154
12.106156249282947,-0.0002616651572801276,0.000506704011898038,0.19638064863780597
12.108655719618842,-0.0006644477736499343,0.000506704011898038,0.19604679652690826
12.11115519392482,6.668861297634554e-05,0.000506704011898038,0.19570267705430644
12.113654672168915,0.00029185683513843763,0.000506704011898038,0.19536284885045774
12.116154154319169,-0.0007224349621066106,0.000506704011898038,0.19502434764850632
12.118653640343613,-0.0007480145634989332,0.000506704011898038,0.19468035447763107
12.121153130210287,-0.0008489084230880739,0.000506704011898038,0.19433989081272757
12.12365262388723,-0.0008934166926012621,0.000506704011898038,0.19400114989914394
12.126152121342473,-0.0010096966097879467,0.000506704011898038,0.19366551199420717
12.128651622544057,-0.0010461956604033984,0.000506704011898038,0.19333747339937757
12.131151127460017,-0.0003327021992500234,0.000506704011898038,0.19301639857242328
12.133650636058388,-0.001218318651285799,0.000506704011898038,0.19270331755830783
12.136150148307209,-0.0002882407561098643,0.000506704011898038,0.19239540376030778
12.138649664174515,-0.0002381898885330247,0.000506704011898038,0.19208699885198724
12.141149183628345,4.8524900249119485e-05,0.000506704011898038,0.1917813403516948
12.143648706636732,0.000489785432068679,0.000506704011898038,0.19147378714944444
12.146148233167715,0.001673961456779699,0.000506704011898038,0.19116609335333146
12.14864776318933,0.0007315071774394166,0.000506704011898038,0.19086121404323197
12.151147296669615,0.0001630185833766673,0.000506704011898038,0.19055399985241517
12.153646833576603,-0.0004754331535984091,0.000506704011898038,0.19024649664737756
12.156146373878336,2.8431297761005725e-05,0.000506704011898038,0.18994421114018842
12.158645917542847,-0.00017168610133719286,0.000506704011898038,0.18964367060885212
12.161145464538173,-0.00035676940795653644,0.000506704011898038,0.18934498089338392
12.163645014832348,0.00012006562684580002,0.000506704011898038,0.1890518874574288
12.166144568393415,-0.00040640721272391933,0.000506704011898038,0.18875545019711606
12.168644125189404,-0.00022884777319634453,0.000506704011898038,0.18846155744681115
12.171143685188357,0.00013569634313378987,0.000506704011898038,0.18817136053328204
12.173643248358307,0.0001942843830634866,0.000506704011898038,0.18788496678289826
12.176142814667292,0.0008273328543005332,0.000506704011898038,0.18760143570238025
12.17864238408335,-0.0003528218160972485,0.000506704011898038,0.18732570616972663
12.181141956574514,-0.0002726863660564849,0.000506704011898038,0.1870542504154547
12.183641532108824,-0.00024538374479946,0.000506704011898038,0.18679061624855325
12.186141110654315,0.0005417567656619271,0.000506704011898038,0.1865295115123199
12.188640692179023,0.0007817060068540937,0.000506704011898038,0.18626953777281346
12.191140276650987,0.0005980635772912246,0.000506704011898038,0.18601050992973178
12.19363986403824,-0.00015574619209643425,0.000506704011898038,0.18575252301968326
12.196139454308822,0.0008004106789568644,0.000506704011898038,0.18548790920740696
12.198639047430769,0.0009579605286413329,0.000506704011898038,0.18522209040233864
12.201138643372115,0.0006933621706368409,0.000506704011898038,0.18495637696674183
12.2036382421009,0.0010750528597559261,0.000506704011898038,0.18469070556119938
12.206137843585159,0.0006881436959256249,0.000506704011898038,0.18442851653329473
12.20863744779293,0.0005781933816575713,0.000506704011898038,0.18416990304485917
12.211137054692244,0.0006692549413585547,0.000506704011898038,0.18391630384782906
12.213636664251148,0.0005218302697761468,0.000506704011898038,0.18366568807528408
12.216136276437668,0.000877347223045305,0.000506704011898038,0.18341822718260928
12.218635891219845,0.0010689167038373248,0.000506704011898038,0.1831710054094547
12.221135508565718,0.0012677339887372518,0.000506704011898038,0.1829176974878946
12.223635128443322,0.0009541087987793018,0.000506704011898038,0.18266669403284766
12.226134750820693,0.00046775449422761795,0.000506704011898038,0.18241863696301253
12.228634375665864,0.0016124374056508128,0.000506704011898038,0.18216810786462073
12.23113400294688,0.0015161661342845967,0.000506704011898038,0.1819206101178072
12.23363363263177,0.0015913777227696824,0.000506704011898038,0.18166442745172737
12.236133264688574,0.0012199285080284339,0.000506704011898038,0.18141215675786496
12.238632899085326,-0.00016731728360611098,0.000506704011898038,0.18116194799335203
12.241132535790067,0.0009420847674446176,0.000506704011898038,0.18091387472620485
12.24363217477083,0.0014302546511838488,0.000506704011898038,0.18065948263678389
12.246131815995655,0.004189458019677905,0.000506704011898038,0.18040989033088423
12.248631459432577,0.0051768098775324956,0.000506704011898038,0.18016405894782964
12.25113110504963,0.0021150399151542987,0.000506704011898038,0.17992418303806898
12.253630752814852,0.001862432562499322,0.000506704011898038,0.17968738389096411
12.256130402696282,0.0018594333537864383,0.000506704011898038,0.17944814897085057
12.258630054661953,0.0009836243420434931,0.000506704011898038,0.17921127052857022
12.261129708679904,0.0020032561331725096,0.000506704011898038,0.17897171163833547
12.263629364718172,0.0068707799629410815,0.000506704011898038,0.17873050258121245
12.266129022744794,0.00757615878095827,0.000506704011898038,0.17849182162498978
12.268628682727805,0.0022815571695358194,0.000506704011898038,0.17825354589675835
12.271128344635239,0.0016776354428502671,0.000506704011898038,0.17801660732578484
12.273628008435137,0.007013682004352095,0.000506704011898038,0.17778156335016676
12.276127674095536,0.009390151128924551,0.000506704011898038,0.17755021426023598
12.27862734158447,0.01227347487941216,0.000506704011898038,0.17731712921759885
12.281127010869973,0.004166720037894089,0.000506704011898038,0.17708311511288188
12.28362668192009,1.8110317775071882e-05,0.000506704011898038,0.17684573974898582
12.28612635470285,0.0010690149812971617,0.000506704011898038,0.17661086658116842
12.288626029186291,0.0015179051434991986,0.000506704011898038,0.1763809331884679
12.291125705338453,0.00010834641954116098,0.000506704011898038,0.17614831172923393
12.29362538312737,-0.00018842486469639042,0.000506704011898038,0.17591816396983867
12.29612506252108,0.00011975808889105877,0.000506704011898038,0.17569298661230248
12.298624743487617,-0.0005697959875398673,0.000506704011898038,0.1754632619815999
12.301124425995019,-0.00045274583112581146,0.000506704011898038,0.17523675377377942
12.303624110011324,-0.0009875875766958975,0.000506704011898038,0.17501106507681435
12.306123795504567,-0.001478139316107463,0.000506704011898038,0.17478533476371533
12.308623482442785,-0.0008432896141603585,0.000506704011898038,0.1745595654805543
12.311123170794014,-0.0007733560282736918,0.000506704011898038,0.17433715257523122
12.313622860526293,7.464153867497991e-05,0.000506704011898038,0.17411824522802016
12.316122551607656,0.00014174967856372955,0.000506704011898038,0.17389808685851774
12.31862224400614,0.0011664222743235364,0.000506704011898038,0.17367944684613879
12.321121937689782,0.00044687390372305513,0.000506704011898038,0.17346190246836865
12.323621632626619,-6.82067555458632e-05,0.000506704011898038,0.17324809343688272
12.326121328784689,-0.0010321329784174216,0.000506704011898038,0.17302477654790102
12.328621026132025,-0.0012312131205477195,0.000506704011898038,0.1728055307803183
12.331120724636666,-0.0010977209583131753,0.000506704011898038,0.17259224407179313
12.333620424266647,-0.0010740061703081172,0.000506704011898038,0.17238070327051144
12.336120124990007,-0.0017213777277646503,0.000506704011898038,0.17216992098290512
12.338619826774782,-0.0010554012577993488,0.000506704011898038,0.1719603154315088
12.341119529589006,-0.0004197696588910671,0.000506704011898038,0.17175258392901777
12.34361923340072,-0.0009909886829506664,0.000506704011898038,0.1715478849882765
12.346118938177955,-0.0009034578262444304,0.000506704011898038,0.17134290105392894
12.348618643888754,-0.001038459945516934,0.000506704011898038,0.17113830267850388
12.35111835050115,-0.0008527873902014205,0.000506704011898038,0.17093075294058518
12.353618057983178,-0.001512425212412627,0.000506704011898038,0.1707245406631131
12.35611776630288,-0.0011453848532378408,0.000506704011898038,0.17051963959974467
12.358617475428286,-0.00048633448075083296,0.000506704011898038,0.1703173149679857
12.361117185327437,0.002154416659004982,0.000506704011898038,0.17011759618684222
12.363616895968368,0.003095161048393108,0.000506704011898038,0.16991762257180748
12.366116607319116,0.004446938071713286,0.000506704011898038,0.1697154610909532
12.36861631934772,0.010479913097244137,0.000506704011898038,0.16951109596796224
12.371116032022211,0.015950175448585235,0.000506704011898038,0.16930820425191004
12.37361574531063,0.022321489342407685,0.000506704011898038,0.169108096671766
12.376115459181012,0.022825564398050585,0.000506704011898038,0.16890750695536255
12.378615173601395,0.007948221075080641,0.000506704011898038,0.1687080858937922
12.381114888539814,0.0016887850653507785,0.000506704011898038,0.16850978359557295
12.38361460396431,0.0012600065486605416,0.000506704011898038,0.16830810603049173
12.38611431984291,0.0011403304022459815,0.000506704011898038,0.16810869868439068
12.388614036143661,0.0003102650254754591,0.000506704011898038,0.16791162921343034
12.391113752834594,0.0012334383203659038,0.000506704011898038,0.1677266163598237
12.393613469883745,0.007185569471910125,0.000506704011898038,0.16754050285727098
12.396113187259154,0.01478884713646983,0.000506704011898038,0.16735587797700935
12.398612904928854,0.006530193821063984,0.000506704011898038,0.16716955814594373
12.401112622860886,0.0009126992136004874,0.000506704011898038,0.1669828240858017
12.403612341023281,0.0017679326975404974,0.000506704011898038,0.16679682841006083
12.406112059384082,0.0054342219621752175,0.000506704011898038,0.1666118838728487
12.408611777911322,0.005445611172517073,0.000506704011898038,0.16642908511849205
12.411111496573037,0.00035049590342509096,0.000506704011898038,0.16624729822764595
12.413611215337266,-0.0007012645622821723,0.000506704011898038,0.1660657173712376
12.416110934172043,-0.0008037819722713224,0.000506704011898038,0.16588428796879898
12.418610653045405,-0.0006572610836289017,0.000506704011898038,0.1657051364989236
12.421110371925392,-0.00012016629441899407,0.000506704011898038,0.1655299300507903
12.423610090780034,-0.00015312066019165793,0.000506704011898038,0.16535743393703628
12.426109809577376,-0.000649025023237132,0.000506704011898038,0.16518816219455765
12.428609528285447,-0.0008242574624447718,0.000506704011898038,0.16502008746602548
12.431109246872289,-0.0003644774553121233,0.000506704011898038,0.1648564772425578
12.433608965305936,-0.00022540293445150184,0.000506704011898038,0.16468629197364296
12.436108683554425,0.0007956530664225414,0.000506704011898038,0.16451406795812445
12.438608401585793,0.00032409675089445367,0.000506704011898038,0.16434496559344774
12.441108119368074,0.0009750616877585994,0.000506704011898038,0.16417666492755323
12.44360783686931,0.004772040822796836,0.000506704011898038,0.1640069595677606
12.446107554057532,0.004890671749281539,0.000506704011898038,0.16384069957228037
12.44860727090078,0.0015646414894127936,0.000506704011898038,0.16367117814586452
12.45110698736709,0.005166983815200088,0.000506704011898038,0.16350426702884271
12.453606703424498,0.010409427624761408,0.000506704011898038,0.16334127511203067
12.456106419041042,0.0037491084512403516,0.000506704011898038,0.16318020925052212
12.458606134184757,-0.0005430688930112559,0.000506704011898038,0.1630199416845115
12.46110584882368,-0.0005389518972385987,0.000506704011898038,0.16285823386378914
12.463605562925848,0.00024441293570209854,0.000506704011898038,0.16269547478794594
12.466105276459297,-0.0015792092738043384,0.000506704011898038,0.16253333888679095
12.468604989392064,-0.0014258608217622704,0.000506704011898038,0.16237360108917653
12.471104701692186,-0.0006674665394995061,0.000506704011898038,0.16221635793098013
12.473604413327699,-0.0006038501225346937,0.000506704011898038,0.16206170627371125
12.476104124266639,-0.0006490709449941401,0.000506704011898038,0.16190270238602963
12.478603834477045,4.6206244840252264e-05,0.000506704011898038,0.16174615119790192
12.48110354392695,0.0006066487351720218,0.000506704011898038,0.16159214589695503
12.483603252584395,-0.0006867064970957903,0.000506704011898038,0.16144077976591445
12.486102960417412,-0.0006284218780171213,0.000506704011898038,0.16129281665351808
12.488602667394042,-0.0005628256496353345,0.000506704011898038,0.1611435847574844
12.491102373482317,-0.0006977933694256311,0.000506704011898038,0.16099487179859803
12.493602078650277,-8.291446278663184e-05,0.000506704011898038,0.16084795463654306
12.496101782865958,0.001424027745813572,0.000506704011898038,0.16070125067009663
12.498601486097398,0.0005186466416227387,0.000506704011898038,0.16055816149680918
12.501101188312628,0.0004833353161108611,0.000506704011898038,0.16041767366317913
12.503600889479692,-0.000214033711828987,0.000506704011898038,0.16027984902073567
12.506100589566621,-0.0007234889608688233,0.000506704011898038,0.1601444383360242
12.508600288541455,0.00017054883989361946,0.000506704011898038,0.16000456513688877
12.511099986372228,0.0015006601176191514,0.000506704011898038,0.15986706590920555
12.51359968302698,0.006471336656578119,0.000506704011898038,0.1597335488452198
12.516099378473745,0.012061665090155493,0.000506704011898038,0.15960625454887697
12.518599072680558,0.022263665502662344,0.000506704011898038,0.1594739812451071
12.521098765615461,0.017506349144180144,0.000506704011898038,0.15933257364469547
12.523598457246484,0.004415837486034746,0.000506704011898038,0.15919956160961782
12.526098147541669,0.0008528543091895213,0.000506704011898038,0.15906816349045255
12.52859783646905,0.000984423361137965,0.000506704011898038,0.15893839939196477
12.531097523996664,-0.000338104986665394,0.000506704011898038,0.1588102890364918
12.533597210092548,-0.0005174780251571975,0.000506704011898038,0.15868385176394356
12.53609689472474,0.000950246225833673,0.000506704011898038,0.15855910653180355
12.538596577861272,0.0008032162489961248,0.000506704011898038,0.15843475211665742
12.541096259470185,0.0012628465983813564,0.000506704011898038,0.15831074882413687
12.543595939519514,0.0020443867360848134,0.000506704011898038,0.15818960444678895
12.546095617977297,0.0006787434751558408,0.000506704011898038,0.1580713892783993
12.54859529481157,0.0003580193123103037,0.000506704011898038,0.15795739935937836
12.551094969990366,0.0001872703372436113,0.000506704011898038,0.15784764995601328
12.553594643481725,0.0008710447361541529,0.000506704011898038,0.15773974901930984
12.556094315253686,0.0006004928348377625,0.000506704011898038,0.15763303024287367
12.55859398527428,-0.00014054020755605023,0.000506704011898038,0.15752028371696755
12.561093653511548,0.0005522225479829279,0.000506704011898038,0.1574064163741006
12.563593319933526,0.0024032055822821863,0.000506704011898038,0.1572913295087518
12.566092984508249,0.0020666775509994018,0.000506704011898038,0.15717598352644555
12.568592647203754,0.0005442188347110077,0.000506704011898038,0.15706270802627853
12.571092307988076,0.00031280404807701445,0.000506704011898038,0.15695146143209304
12.573591966829257,0.00020259650466483703,0.000506704011898038,0.15684419682986997
12.576091623695328,0.0005204056257816225,0.000506704011898038,0.15673857074193515
12.578591278554327,0.00018372732099194988,0.000506704011898038,0.15663426713963963
12.581090931374295,0.00044076676401125225,0.000506704011898038,0.15652131989865212
12.583590582123263,0.0004254572503438192,0.000506704011898038,0.15641147006796333
12.586090230769267,0.0012126760831530914,0.000506704011898038,0.1562986433568545
12.588589877280349,0.003033206118477516,0.000506704011898038,0.15618296987540226
12.591089521624543,0.005432668926675099,0.000506704011898038,0.15607196012981728
12.593589163769883,0.009408411408798029,0.000506704011898038,0.15596196100944135
12.59608880368441,0.01099014305068774,0.000506704011898038,0.15585349637946133
12.598588441336156,0.004954473689948058,0.000506704011898038,0.15574659651105624
12.601088076693163,0.0005351325599082801,0.000506704011898038,0.15564129161556112
12.603587709723467,0.0003631806824934414,0.000506704011898038,0.15553950151238582
12.606087340395097,0.0001780873775131253,0.000506704011898038,0.15544074119333084
12.608586968676098,7.479637866888988e-05,0.000506704011898038,0.15533523348201506
12.611086594534504,-0.0003042175064394692,0.000506704011898038,0.15522795091735608
12.61358621793835,-3.783872284110479e-05,0.000506704011898038,0.1551211590642034
12.616085838855675,0.00010282667887004382,0.000506704011898038,0.15501417960851083
12.618585457254511,0.00036004179918169843,0.000506704011898038,0.15490246889104123
12.621085073102902,0.0007834350202685636,0.000506704011898038,0.15479367710555117
12.623584686368881,0.0010675174281168653,0.000506704011898038,0.15468573444795292
12.626084297020482,0.0011366912214227365,0.000506704011898038,0.15457874666251994
12.628583905025744,4.326608860139025e-05,0.000506704011898038,0.15447225119375887
12.631083510352704,0.0008854575004756948,0.000506704011898038,0.15436534585432918
12.633583112969399,0.004445890621387422,0.000506704011898038,0.1542601415004871
12.636082712843864,0.0059501894371461195,0.000506704011898038,0.15415092492810595
12.638582309944136,0.0029262796574830996,0.000506704011898038,0.15404518715232557
12.641081904238252,0.0008587051312234639,0.000506704011898038,0.15394499710973966
12.643581495694248,0.00022360256598102923,0.000506704011898038,0.15384766999174287
12.646081084280162,0.00237620021154214,0.000506704011898038,0.15375323299837798
12.648580669964032,0.0016101310366008759,0.000506704011898038,0.15366171385663144
12.651080252713887,0.0008891952746060416,0.000506704011898038,0.15357314082043355
12.653579832497774,0.0017959508201409735,0.000506704011898038,0.15348301357829355
12.656079409283723,0.005722411671211597,0.000506704011898038,0.1533949137547143
12.65857898303977,0.004801116340126393,0.000506704011898038,0.15330883548562785
12.661078553733956,0.001985079463082101,0.000506704011898038,0.15322478722652955
12.663578121334316,0.004319808731353181,0.000506704011898038,0.15314007159329818
12.666077685808885,0.0037529760589979644,0.000506704011898038,0.15305703032722873
12.668577247125702,0.0011471735623380386,0.000506704011898038,0.15297343678049927
12.6710768052528,-0.0002989930042185396,0.000506704011898038,0.15289050073152805
12.673576360158219,0.00013146063105384798,0.000506704011898038,0.15280635134178888
12.676075911809994,0.00018899746195535916,0.000506704011898038,0.15272291790572318
12.678575460176162,0.00015618173726913986,0.000506704011898038,0.15264024939620838
12.68107500522476,0.0019401838420734785,0.000506704011898038,0.1525583943537977
12.683574546923824,0.0025767466077458168,0.000506704011898038,0.1524762599852871
12.68607408524139,0.0005407561496849622,0.000506704011898038,0.15239654753262516
12.688573620145498,-0.00033461944966423074,0.000506704011898038,0.15231929736108052
12.69107315160418,-0.0004673572040050922,0.000506704011898038,0.1522397822575052
12.693572679585476,7.924553754456998e-05,0.000506704011898038,0.15215785629050013
12.69607220405742,-0.000574723465891408,0.000506704011898038,0.15206943428036718
12.698571724988051,0.0003582331598608879,0.000506704011898038,0.15198066548309536
12.701071242345405,-0.00012222291984026468,0.000506704011898038,0.15189322159591237
12.703570756097516,-0.00034869983419491546,0.000506704011898038,0.1518078913252939
12.706070266212425,0.0005565295710194262,0.000506704011898038,0.15172474093100186
12.708569772658166,-0.00017098489609429501,0.000506704011898038,0.15164101079539505
12.711069275402773,-0.000576255103846679,0.000506704011898038,0.15155863843794976
12.71356877441429,-2.6363041409266375e-05,0.000506704011898038,0.15147849875236385
12.716068269660745,0.00011876153042203463,0.000506704011898038,0.15139990210988433
12.718567761110183,-0.0004745944441211791,0.000506704011898038,0.15132263032148957
12.721067248730632,-5.1699462758014736e-05,0.000506704011898038,0.15124598107501053
12.723566732490136,-0.00022345259131772988,0.000506704011898038,0.1511693294385846
12.726066212356729,0.001989248262573934,0.000506704011898038,0.1510937168745407
12.728565688298445,0.004638741802736407,0.000506704011898038,0.15101930997652335
12.731065160283325,0.0040287221231971315,0.000506704011898038,0.1509485008021967
12.733564628279401,0.0007957075081545806,0.000506704011898038,0.1508811672500081
12.736064092254715,-0.0004273029068327383,0.000506704011898038,0.15081280473443737
12.738563552177297,-0.0007107516820304138,0.000506704011898038,0.15073971216911047
12.74106300801519,-0.0006722337756742969,0.000506704011898038,0.15066179988857265
12.743562459736427,-0.00032577668018926587,0.000506704011898038,0.15058260299415083
12.746061907309047,0.0015579058034344007,0.000506704011898038,0.15049860770279525
12.748561350701083,0.0021812917057160985,0.000506704011898038,0.15041169884876388
12.751060789880574,-0.00012470695050115221,0.000506704011898038,0.15032630054336488
12.753560224815557,0.00019634017959110905,0.000506704011898038,0.15024270951017027
12.756059655474067,0.002559580420690072,0.000506704011898038,0.15016095393953052
12.758559081824142,0.005265428787329329,0.000506704011898038,0.15008106231591545
12.76105850383382,0.002631604816370592,0.000506704011898038,0.15000306341791275
12.763557921471133,0.0010974800418993291,0.000506704011898038,0.14992561380390337
12.766057334704122,0.00024224251044860368,0.000506704011898038,0.149848682643149
12.76855674350082,0.0004515876728360124,0.000506704011898038,0.1497727626265394
12.771056147829267,0.0002272609903064271,0.000506704011898038,0.1496977934084901
12.773555547657498,0.0017869492945275234,0.000506704011898038,0.14962216225011488
12.77605494295355,0.0020520369148597783,0.000506704011898038,0.14954802055429792
12.778554333685458,0.0029359606054326914,0.000506704011898038,0.1494739886453083
12.781053719821262,0.0018935985561387703,0.000506704011898038,0.14940017568126515
12.783553101328994,0.00025062553472715576,0.000506704011898038,0.1493252300146583
12.786052478176696,-0.00023017988569346004,0.000506704011898038,0.14924943102397678
12.7885518503324,0.0006940683376407408,0.000506704011898038,0.14917066745472163
12.791051217764148,0.0016324005741880643,0.000506704011898038,0.14909831887633512
12.793550580439968,0.0002809820204951463,0.000506704011898038,0.14902725750797083
12.796049938327904,-0.0002730624962023753,0.000506704011898038,0.14895750917262943
12.79854929139599,0.0005181352170320064,0.000506704011898038,0.14888909961034794
12.801048639612263,0.0006820430823395729,0.000506704011898038,0.14882205447820063
12.803547982944758,0.0009888697015599524,0.000506704011898038,0.14875639935029852
12.806047321361516,0.0017545430033528986,0.000506704011898038,0.14869215971778993
12.808546654830568,0.004564388944261005,0.000506704011898038,0.14862784841126983
12.811045983319955,0.009774853286573848,0.000506704011898038,0.1485633503932181
12.813545306797712,0.014047754334855028,0.000506704011898038,0.1484962048196553
12.816044625231875,0.008564220608005074,0.000506704011898038,0.1484290457697016
12.81854393859048,0.0026529927107786233,0.000506704011898038,0.1483632516896232
12.821043246841565,0.0012638248728752688,0.000506704011898038,0.14830299172705652
12.823542549953167,0.002400337219858939,0.000506704011898038,0.14824068992893094
12.826041847893322,0.0026180382809139757,0.000506704011898038,0.14818360343753573
12.828541140630065,0.0009356736779244368,0.000506704011898038,0.14812086069104663
12.831040428131438,0.0012482249685423497,0.000506704011898038,0.14805945037801657
12.83353971036547,0.0010189047775019666,0.000506704011898038,0.14799989815230652
12.836038987300203,7.910319438142466e-06,0.000506704011898038,0.14793914372975683
12.83853825890367,0.0007759293244928023,0.000506704011898038,0.1478772036308001
12.841037525143912,0.001808484012913808,0.000506704011898038,0.1478152989923682
12.843536785988963,0.0010283146316442393,0.000506704011898038,0.1477556611380499
12.84603604140686,0.0007769908240712053,0.000506704011898038,0.14769834934814666
12.848535291365637,0.0008779579674245974,0.000506704011898038,0.1476434232593998
12.851034535833334,0.0009302208352334196,0.000506704011898038,0.14758859295785035
12.853533774777988,0.0007699121891593941,0.000506704011898038,0.14753381572881133
12.856033008167634,-0.0004478412050102909,0.000506704011898038,0.14747913335048737
12.858532235970308,-0.0002394225756831847,0.000506704011898038,0.14742520829198288
12.861031458154049,0.00047135860946440067,0.000506704011898038,0.14737203076018493
12.863530674686888,0.00022306452842943414,0.000506704011898038,0.14732276688334112
12.866029885536868,0.0005212983665927595,0.000506704011898038,0.14727396656304903
12.868529090672025,0.003686287443384978,0.000506704011898038,0.14722649141969912
12.871028290060393,0.004700363545375341,0.000506704011898038,0.1471807746329784
12.873527483670008,0.0040526310142721955,0.000506704011898038,0.1471351419527398
12.87602667146891,0.002004731288443362,0.000506704011898038,0.14708968593974966
12.878525853425133,0.0007833656643861375,0.000506704011898038,0.14704297030462615
12.881025029506715,0.00016863013176685038,0.000506704011898038,0.1469988504170307
12.88352419968169,-0.00013214233631858585,0.000506704011898038,0.14695573906625664
12.886023363918097,-0.000365707506763846,0.000506704011898038,0.14691137013081812
12.888522522183973,0.0004164280806017162,0.000506704011898038,0.1468663680525644
12.891021674447353,0.0009191225061906949,0.000506704011898038,0.1468211913239394
12.893520820676274,0.00209739721130367,0.000506704011898038,0.1467739170414503
12.896019960838775,0.0014248931611780258,0.000506704011898038,0.14672883265414488
12.89851909490289,0.0001374120125535172,0.000506704011898038,0.14668515678966745
12.901018222836655,-3.0008514396301367e-05,0.000506704011898038,0.14664255880823335
12.903517344608108,0.0007041630945747723,0.000506704011898038,0.1466010620582321
12.906016460185285,0.0002713631924704807,0.000506704011898038,0.14655955745587607
12.908515569536224,0.00034867184775017046,0.000506704011898038,0.14651801850454801
12.91101467262896,0.0005520176313225378,0.000506704011898038,0.14647616026734522
12.91351376943153,0.0008946036851616712,0.000506704011898038,0.1464373646794436
12.916012859911971,0.0011402752692077078,0.000506704011898038,0.14639860862751017
12.91851194403832,0.0017375259604469062,0.000506704011898038,0.14635988685066306
12.921011021778613,0.0037875356588064346,0.000506704011898038,0.14632091088719418
12.923510093100887,0.003255299077173146,0.000506704011898038,0.14628168713151846
12.926009157973176,0.0015725732087283062,0.000506704011898038,0.14624222132464199
12.928508216363522,0.0007096591505749705,0.000506704011898038,0.14621193085166273
12.931007268239956,-0.0004272240522369686,0.000506704011898038,0.14618201674582665
12.93350631357052,-6.903276774772316e-06,0.000506704011898038,0.14615344372472605
12.936005352323242,0.0005210325313778907,0.000506704011898038,0.14612756685258232
12.938504384466171,-0.00022258509582162578,0.000506704011898038,0.14609994809662996
12.941003409967333,-0.000331368617255301,0.000506704011898038,0.1460719624594733
12.943502428794769,-2.7108710082268672e-05,0.000506704011898038,0.14604368717374808
12.946001440916515,-0.00010010249454192599,0.000506704011898038,0.14601519872816277
12.94850044630061,0.00016507847775606987,0.000506704011898038,0.1459889675352111
12.950999444915086,-0.0006801176923011687,0.000506704011898038,0.14596496071791706
12.953498436727983,1.3167735879365816e-05,0.000506704011898038,0.14593305578896298
12.955997421707334,0.0004940740624868045,0.000506704011898038,0.14590556082447573
12.95849639982118,0.0007016789914081889,0.000506704011898038,0.1458800208685368
12.960995371037557,0.0010252306279862344,0.000506704011898038,0.14585187812447284
12.9634943353245,0.0025025427924046106,0.000506704011898038,0.14582497844211384
12.965993292650046,0.0009716954878097872,0.000506704011898038,0.14579766971577068
12.968492242982231,0.0003098177599348828,0.000506704011898038,0.14576992841224234
12.97099118628909,0.0017725405791331195,0.000506704011898038,0.14574002696435145
12.973490122538665,0.0014309629582300587,0.000506704011898038,0.14570950554744738
12.975989051698988,0.000761049858192836,0.000506704011898038,0.14567883533337095
12.978487973738098,0.00042244092266535693,0.000506704011898038,0.14564865833685736
12.98098688862403,0.0004436880275013322,0.000506704011898038,0.14562082492468267
12.983485796324821,0.0016114731656999004,0.000506704011898038,0.14559384645100484
12.985984696808508,0.0031960032284764905,0.000506704011898038,0.1455673543711397
12.988483590043128,0.0011447092785117907,0.000506704011898038,0.14554197095521038
12.990982475996715,-0.0003530213005456251,0.000506704011898038,0.145518013043312
12.993481354637309,-0.00018604344421832564,0.000506704011898038,0.14549173289483738
12.995980225932946,-0.0002319214878127862,0.000506704011898038,0.14546953411132876
12.998479089851662,-0.0002791594872440517,0.000506704011898038,0.14544631867743488
13.000977946361493,3.5570263221651466e-05,0.000506704011898038,0.14542201971066498
13.003476795430476,0.00027646692928082195,0.000506704011898038,0.14539896170213606
13.005975637026648,0.0002479419095010871,0.000506704011898038,0.14537718091624874
13.008474471118044,0.00019203703077652623,0.000506704011898038,0.14535636987434913
13.010973297672702,0.0009559554559578076,0.000506704011898038,0.1453365498386679
13.01347211665866,-0.0006594540176268482,0.000506704011898038,0.14531648599620545
13.015970928043952,0.000801166912792084,0.000506704011898038,0.14529614433410626
13.018469731796618,0.003026334605891162,0.000506704011898038,0.14527672444504347
13.02096852788469,0.004493020644326884,0.000506704011898038,0.1452569716254275
13.023467316276209,0.0017811338821875633,0.000506704011898038,0.14523861300137728
13.025966096939207,0.001206456159718261,0.000506704011898038,0.1452236268654838
13.028464869841725,0.002147002323489161,0.000506704011898038,0.14520822694249214
13.030963634951798,0.014845050767195639,0.000506704011898038,0.1451924752980231
13.03346239223746,0.026262894873536058,0.000506704011898038,0.1451764334393526
13.035961141666752,0.011387687114940148,0.000506704011898038,0.14516016208383678
13.038459883207707,0.002978860739047573,0.000506704011898038,0.1451449002043992
13.040958616828366,0.006524488127147954,0.000506704011898038,0.14513065452786697
13.043457342496762,0.00586233936385161,0.000506704011898038,0.1451174316990108
13.04595606018093,0.0010164035722111942,0.000506704011898038,0.14510523828054428
13.048454769848911,4.8607694639046795e-06,0.000506704011898038,0.14509408075312524
13.050953471468741,-4.708511607023902e-05,0.000506704011898038,0.14508352593663895
13.053452165008453,-0.0005274130437294966,0.000506704011898038,0.14507356086864884
13.055950850436087,-7.756102221942451e-05,0.000506704011898038,0.14506472165766848
13.058449527719677,0.0033690342357035608,0.000506704011898038,0.14505697802638667
13.060948196827262,0.002972105040346923,0.000506704011898038,0.14504945092365984
13.063446857726877,0.0005239161993917385,0.000506704011898038,0.14504478233781776
13.06594551038656,0.0006819406389191318,0.000506704011898038,0.1450445454760497
13.068444154774348,0.003982880991686977,0.000506704011898038,0.14503623581184627
13.070942790858275,0.006023709421129675,0.000506704011898038,0.14503465882957964
13.07344141860638,0.002898218068716596,0.000506704011898038,0.1450351258740056
13.0759400379867,0.0017768386418519355,0.000506704011898038,0.14503528105017716
13.078438648967266,0.004145573383441431,0.000506704011898038,0.14502682508031098
13.080937251516124,0.005979036341287908,0.000506704011898038,0.14502424711541154
13.0834358456013,0.0018430358644228317,0.000506704011898038,0.14502350092537988
13.085934431190841,0.0022626816675968,0.000506704011898038,0.1450237104981249
13.088433008252778,0.0056016764643835315,0.000506704011898038,0.14502487108450418
13.090931576755146,0.004187966618548977,0.000506704011898038,0.1450269778391138
13.093430136665987,0.0011116720806534919,0.000506704011898038,0.14503029303954204
13.095928687953332,0.0001241936537862698,0.000506704011898038,0.14503395157580326
13.098427230585223,0.0006414462386276076,0.000506704011898038,0.1450379745873906
13.100925764529691,-6.885444380747008e-05,0.000506704011898038,0.1450423828827725
13.103424289754777,0.0003513262458412214,0.000506704011898038,0.14504821477451138
13.105922806228516,-0.0003218214584752299,0.000506704011898038,0.1450554445555739
13.108421313918944,0.000642889899668625,0.000506704011898038,0.14506404659931507
13.1109198127941,0.0005798232755011845,0.000506704011898038,0.14507435873921828
13.113418302822016,0.00022567599105277614,0.000506704011898038,0.1450819488025116
13.115916783970732,0.0014540866690707643,0.000506704011898038,0.14508891201437854
13.118415256208285,0.0033781752601176884,0.000506704011898038,0.1450951034197593
13.120913719502711,0.0043291304904537475,0.000506704011898038,0.14510456375017872
13.123412173822047,0.002228166101413187,0.000506704011898038,0.14511428462336703
13.125910619134325,0.0006479804709762782,0.000506704011898038,0.14512462639293536
13.12840905540759,0.0021019074550709393,0.000506704011898038,0.1451344878485025
13.130907482609873,0.009229011881524807,0.000506704011898038,0.14514382769560502
13.13340590070921,0.01031095409769553,0.000506704011898038,0.14514873903582523
13.13590430967364,0.0027995474000259146,0.000506704011898038,0.14515097197950144
13.138402709471201,0.0007597313449243803,0.000506704011898038,0.14515039762694468
13.140901100069925,0.0003003929977758446,0.000506704011898038,0.14515132418216933
13.143399481437852,5.703591609404479e-05,0.000506704011898038,0.14515724371288455
13.145897853543017,0.0007920788441899973,0.000506704011898038,0.1451618591338769
13.148396216353458,6.901572694378855e-05,0.000506704011898038,0.14516675966603654
13.150894569837211,1.3391280684033058e-05,0.000506704011898038,0.1451719465856683
13.153392913962314,0.0013919388251040499,0.000506704011898038,0.14517742084942378
13.155891248696799,0.0020982329067643635,0.000506704011898038,0.14518318309430267
13.158389574008709,0.0016844418062334776,0.000506704011898038,0.14518923363765435
13.160887889866077,0.00023758491948763782,0.000506704011898038,0.14519557247717835
13.163386196236937,7.277506460906524e-05,0.000506704011898038,0.1452021992909262
13.165884493089331,0.000190226689994355,0.000506704011898038,0.1452076524140471
13.168382780391294,0.0008642281959377329,0.000506704011898038,0.14521227058048203
13.17088105811086,0.003353129458323806,0.000506704011898038,0.14521823376927656
13.17337932621607,0.004021396373632968,0.000506704011898038,0.1452255489760619
13.175877584674954,0.0024006039311889327,0.000506704011898038,0.1452342233729538
13.178375833455556,0.0027405407847478636,0.000506704011898038,0.1452442643085514
13.180874072525908,0.002505549291899112,0.000506704011898038,0.14525567930793665
13.183372301854048,0.0015213390515291803,0.000506704011898038,0.145270104848828
13.185870521408013,0.0008751194165283749,0.000506704011898038,0.14528462055607777
13.188368731155839,0.00022590560989607655,0.000506704011898038,0.14529748806388001
13.19086693106556,0.0012675367789273806,0.000506704011898038,0.14530837838447372
13.19336512110522,0.0015422478344211399,0.000506704011898038,0.1453186437904564
13.195863301242849,0.0011259570656932394,0.000506704011898038,0.14532969065865284
13.198361471446484,0.0003959114886355197,0.000506704011898038,0.1453414964101005
13.200859631684164,0.0010096114095608233,0.000506704011898038,0.14535330976594918
13.203357781923925,0.0012928930686717244,0.000506704011898038,0.14536507590886125
13.205855922133804,0.0006512387692024779,0.000506704011898038,0.145376739597062
13.208354052281836,-0.000412703123831043,0.000506704011898038,0.14538824516434184
13.21085217233606,-0.00016503999121714186,0.000506704011898038,0.14539953652005738
13.213350282264509,-4.370390224706089e-05,0.000506704011898038,0.14541055714913403
13.215848382035222,-0.0003053339166446123,0.000506704011898038,0.14542500525536894
13.218346471616238,0.00010408907854464466,0.000506704011898038,0.14543940058506646
13.220844550975588,0.0024629695678148877,0.000506704011898038,0.14545259920796705
13.223342620081313,0.0055753195839498,0.000506704011898038,0.14546458624338746
13.225840678901449,0.009492880906150386,0.000506704011898038,0.1454781736083728
13.22833872740403,0.011230327531462886,0.000506704011898038,0.1454909095485315
13.230836765557095,0.004306761336351661,0.000506704011898038,0.14550512304473567
13.23333479332868,0.0014235298977874067,0.000506704011898038,0.1455211253062497
13.235832810686823,0.0008643992250362553,0.000506704011898038,0.145535003978161
13.238330817599557,2.1196297757986038e-05,0.000506704011898038,0.14555407034387344
13.240828814034924,0.00046875698909190633,0.000506704011898038,0.1455738647581223
13.243326799960954,0.0010936765720539754,0.000506704011898038,0.14559279106972317
13.245824775345689,0.0018711580351025436,0.000506704011898038,0.14561095680016542
13.248322740157166,0.0027356549462442814,0.000506704011898038,0.14562758711288074
13.250820694363414,0.0037805521731661684,0.000506704011898038,0.14564531730499394
13.253318637932479,0.0027068521658387967,0.000506704011898038,0.14566436195888618
13.255816570832392,0.002082485589621319,0.000506704011898038,0.14568363379556537
13.25831449303119,0.0015580985906475109,0.000506704011898038,0.1457031424233283
13.260812404496912,0.0008479599706852359,0.000506704011898038,0.14572289711238068
13.263310305197594,0.0005942032776812822,0.000506704011898038,0.14574363775651653
13.26580819510127,0.001012127436516963,0.000506704011898038,0.1457653400159445
13.26830607417598,0.0005888663316258036,0.000506704011898038,0.14578797950846142
13.27080394238976,0.0005417509311595736,0.000506704011898038,0.14580918902376167
13.273301799710644,0.0032968320133322515,0.000506704011898038,0.14582884134788698
13.275799646106671,0.0044549928875466105,0.000506704011898038,0.14585028227508517
13.278297481545877,0.0013612638258075072,0.000506704011898038,0.14587211201849137
13.280795305996298,0.001398386186732048,0.000506704011898038,0.14589550553033093
13.283293119425974,0.0014781677203452581,0.000506704011898038,0.14592047711764472
13.285790921802935,0.0009076283585648659,0.000506704011898038,0.14594777652546587
13.288288713095223,0.002874399163234842,0.000506704011898038,0.14597562322161506
13.290786493270872,0.020719125984834108,0.000506704011898038,0.14600610537980319
13.293284262297922,0.030871565437269932,0.000506704011898038,0.1460282828115328
13.295782020144404,0.012875274207075238,0.000506704011898038,0.146048751226393
13.29827976677836,0.0011584266230136864,0.000506704011898038,0.14607399050676076
13.300777502167826,0.00028610911098939096,0.000506704011898038,0.1461012432881887
13.303275226280835,0.00014888759192918655,0.000506704011898038,0.14612864378269622
13.305772939085426,2.214334304256882e-05,0.000506704011898038,0.1461574495705589
13.308270640549637,0.0018720346431805035,0.000506704011898038,0.14618934246948515
13.3107683306415,0.006615546888303736,0.000506704011898038,0.14621888055391793
13.313266009329055,0.006678011710318649,0.000506704011898038,0.1462483068184596
13.315763676580339,0.0022149784358889424,0.000506704011898038,0.1462776042554249
13.318261332363388,0.0008402414642081912,0.000506704011898038,0.14630675545209113
13.320758976646236,0.002421957996967483,0.000506704011898038,0.1463357425907022
13.323256609396925,0.0018381817797826216,0.000506704011898038,0.1463645474484721
13.325754230583486,0.003363528700764007,0.000506704011898038,0.14639430759544692
13.32825184017396,0.005225811541471226,0.000506704011898038,0.14642495190660193
13.330749438136381,0.004420075174780158,0.000506704011898038,0.14645640931952633
13.333247024438787,0.002513691347965724,0.000506704011898038,0.14648870627299912
13.335744599049214,0.0007860736251778799,0.000506704011898038,0.14652203416483345
13.338242161935698,0.0003704262557374105,0.000506704011898038,0.14655633774904836
13.340739713066277,0.00040992912590945285,0.000506704011898038,0.14658915821026675
13.343237252408985,4.536035357777246e-05,0.000506704011898038,0.14662203707821278
13.345734779931862,-0.0005788367232348046,0.000506704011898038,0.1466562027133926
13.348232295602942,0.00017492465800220125,0.000506704011898038,0.14669286907607823
13.350729799390264,-0.0004531334735297099,0.000506704011898038,0.1467304203286003
13.353227291261861,-0.0003756399077775585,0.000506704011898038,0.14676883240662775
13.355724771185773,-0.0005055755635354486,0.000506704011898038,0.14680806331318075
13.358222239130036,0.0002598192290279022,0.000506704011898038,0.14684808984787293
13.360719695062684,0.0020316041314599187,0.000506704011898038,0.14688656303893638
13.363217138951759,0.0008614968584037264,0.000506704011898038,0.14692522428973767
13.365714570765292,0.0006286842518910818,0.000506704011898038,0.1469640795265053
13.368211990471321,0.0006658781423333204,0.000506704011898038,0.1470031344262328
13.370709398037887,6.434697382207144e-05,0.000506704011898038,0.1470424252372108
13.37320679343302,-1.631917463132404e-05,0.000506704011898038,0.14708187836019715
13.37570417662476,0.00034522654784821527,0.000506704011898038,0.14712141997500222
13.378201547581146,0.0020496691163748026,0.000506704011898038,0.14716097604048967
13.38069890627021,0.0031592491134773693,0.000506704011898038,0.1472037298011397
13.383196252659989,0.0014347562343003384,0.000506704011898038,0.14724149166939907
13.385693586718522,0.0008290068960130625,0.000506704011898038,0.14728178598723607
13.388190908413845,-0.00019264508709876393,0.000506704011898038,0.1473230017320064
13.390688217713995,-0.0005565577719593151,0.000506704011898038,0.14736739006777563
13.393185514587007,0.000571145840828513,0.000506704011898038,0.14740839313432466
13.395682799000921,3.5778773206374126e-05,0.000506704011898038,0.14744782524885386
13.398180070923768,-0.0006036791304293021,0.000506704011898038,0.1474890438749614
13.400677330323589,-0.000294924334810015,0.000506704011898038,0.1475320755848057
13.40317457716842,-0.0002442164044073325,0.000506704011898038,0.14757568696613144
13.405671811426295,0.00017183693585895443,0.000506704011898038,0.14761985018389198
13.408169033065256,0.00032046342774655345,0.000506704011898038,0.14766453735109777
13.410666242053333,-0.0002505055885261842,0.000506704011898038,0.14770972052881717
13.413163438358568,0.00033923005503588843,0.000506704011898038,0.14775537172617678
13.415660621948994,0.00156843114162733,0.000506704011898038,0.14780146290036053
13.418157792792648,0.0010593518719776152,0.000506704011898038,0.1478479659566117
13.420654950857571,0.003862829684862845,0.000506704011898038,0.1478948527482319
13.423152096111794,0.0163750146204589,0.000506704011898038,0.14794209507658126
13.425649228523357,0.03538519779755739,0.000506704011898038,0.14798818616121215
13.428146348060293,0.021018038116198345,0.000506704011898038,0.1480347245189455
13.430643454690644,0.0046889660550641366,0.000506704011898038,0.148081690571307
13.433140548382443,0.005441280556034461,0.000506704011898038,0.14812864772209186
13.435637629103727,0.011368065586800591,0.000506704011898038,0.1481773255136099
13.438134696822532,0.009036124559357456,0.000506704011898038,0.14822776351614358
13.440631751506896,0.001774936742768296,0.000506704011898038,0.14828000185191473
13.443128793124856,0.0005719921660855831,0.000506704011898038,0.14833007615312108
13.445625821644446,0.0020245659585385323,0.000506704011898038,0.14837839467304403
13.448122837033706,0.0034161796912098585,0.000506704011898038,0.14842684713574605
13.45061983926067,0.004120704052587465,0.000506704011898038,0.14847474788321469
13.453116828293375,0.003184470703682607,0.000506704011898038,0.1485221212974538
13.455613804099862,0.0016264220612667302,0.000506704011898038,0.14857024622525256
13.458110766648158,0.0008070611700720653,0.000506704011898038,0.14861908981591557
13.46060771590631,0.00015379377574115116,0.000506704011898038,0.14866685950458738
13.463104651842347,-0.0004385724789472134,0.000506704011898038,0.14872031475762468
13.465601574424308,-0.00028071494041723155,0.000506704011898038,0.14877046773722546
13.468098483620235,0.0039453705685590645,0.000506704011898038,0.14882291956992125
13.470595379398155,0.004061822336771076,0.000506704011898038,0.14887402589606302
13.471677502529692,0.006044025065087388,0.000506704011898038,0.1489246710977637
13.474180689637354,0.015373238443293635,0.000506704011898038,0.1489746033396261
13.476683848628852,0.016740033456195624,0.000506704011898038,0.14902433006118151
13.479186979578614,0.00801279029000998,0.000506704011898038,0.14907388104250122
13.481690082561068,0.002512727669938236,0.000506704011898038,0.14912358137929557
13.48419315765065,0.002213630293423391,0.000506704011898038,0.1491734734259187
13.486696204921781,0.0016594722735890355,0.000506704011898038,0.14922359945815258
13.4891992244489,0.0018216506786448983,0.000506704011898038,0.14926616793149736
13.49170221630643,0.0019198244558749356,0.000506704011898038,0.1493098160100737
13.494205180568805,0.001120645591811742,0.000506704011898038,0.14935376826092783
13.496708117310455,0.0003027556704771339,0.000506704011898038,0.14939548767159255
13.499211026605805,0.0032931058419904125,0.000506704011898038,0.1494399862971496
13.50171390852929,0.008565805248748448,0.000506704011898038,0.14948608063467123
13.504216763155338,0.009464966294576077,0.000506704011898038,0.14953398502544726
13.506719590558376,0.0035890566333217633,0.000506704011898038,0.1495839500218683
13.50922239081284,0.0009144978827859418,0.000506704011898038,0.14963351472514133
13.511725163993155,-0.00015380397108613608,0.000506704011898038,0.14968232596930325
13.514227910173753,0.0008905667336894796,0.000506704011898038,0.14973112889030707
13.516730629429064,0.0002683986762035684,0.000506704011898038,0.1497798330448783
13.519233321833516,0.0003057100378512645,0.000506704011898038,0.14982834785829394
13.521735987461541,0.0013754288399311643,0.000506704011898038,0.14988222680502308
13.524238626387566,0.0027360427827284595,0.000506704011898038,0.14993190977542695
13.526741238686025,0.004556986066262786,0.000506704011898038,0.14998106843394587
13.529243824431346,0.0028604329596230438,0.000506704011898038,0.15003423845681868
13.531746383697957,0.0009433412802463959,0.000506704011898038,0.1500823438512569
13.534248916560289,0.00248203564966587,0.000506704011898038,0.1501302878915844
13.53675142309277,0.002848349296382141,0.000506704011898038,0.15017884162772233
13.539253903369836,0.0064457376813806255,0.000506704011898038,0.15022733394388582
13.54175635746591,0.00534312759336153,0.000506704011898038,0.15027574340451433
13.544258785455428,0.0029051686153944434,0.000506704011898038,0.15032404834354263
13.546761187412814,0.006882801860888882,0.000506704011898038,0.15037258917735133
13.549263563412502,0.011634530795206599,0.000506704011898038,0.15042135966822034
13.55176591352892,0.010497475948991392,0.000506704011898038,0.1504700439793245
13.554268237836498,0.007187105987649933,0.000506704011898038,0.15052115537723187
13.556770536409665,0.0060310795030071584,0.000506704011898038,0.15057237847325936
13.559272809322852,0.0068342935048426035,0.000506704011898038,0.1506214454828501
13.561775056650491,0.0036389763282296816,0.000506704011898038,0.15067329184578057
13.564277278467006,0.0011420380317409273,0.000506704011898038,0.15072780420619417
13.566779474846834,0.0004510829769452107,0.000506704011898038,0.150783061658669
13.5692816458644,3.8389580668346523e-05,0.000506704011898038,0.15083376242159097
13.571783791594136,0.0008961474691964455,0.000506704011898038,0.1508841692752924
13.574285912110469,0.0007608600222276385,0.000506704011898038,0.15093430534171462
13.576788007487831,0.0003078381695551802,0.000506704011898038,0.1509841934644542
13.579290077800655,0.0002686402323324455,0.000506704011898038,0.15103256593031378
13.581792123123364,0.0005253787807145416,0.000506704011898038,0.15107938844085808
13.584294143530395,0.0006120742078711272,0.000506704011898038,0.15112493191016035
13.58679613909617,0.0004553502614478844,0.000506704011898038,0.15116975540746452
13.589298109895125,0.0008177289455691406,0.000506704011898038,0.15121580320919437
13.59180005600169,0.0020222885069902663,0.000506704011898038,0.1512631199146396
13.594301977490293,0.0036368945226913363,0.000506704011898038,0.1513120007189575
13.596803874435361,0.002479331823858344,0.000506704011898038,0.15136274269667332
13.599305746911327,0.002387897536457989,0.000506704011898038,0.15141413629113962
13.601807594992623,0.004963517613723156,0.000506704011898038,0.15146645997507144
13.604309418753674,0.013125796554680325,0.000506704011898038,0.15151966900072622
13.606811218268911,0.013302162709701415,0.000506704011898038,0.151572840383099
13.60931299361277,0.005051241589243777,0.000506704011898038,0.15162596934736827
13.61181474485967,0.001659583116879082,0.000506704011898038,0.15167893573857524
13.61431647208405,0.0010700477833897881,0.000506704011898038,0.1517326408408294
13.616818175360338,2.6725564585744488e-05,0.000506704011898038,0.15178888577733696
13.619319854762962,0.00046896640658464217,0.000506704011898038,0.15184333306024886
13.621821510366349,0.0007015596119286094,0.000506704011898038,0.15189949344139037
13.624323142244936,0.0007683292450935963,0.000506704011898038,0.15195208744610106
13.626824750473148,0.0006264764419534607,0.000506704011898038,0.15200075819688824
13.629326335125416,0.001352237951457863,0.000506704011898038,0.15205142155374313
13.63182789627617,0.0005012410065738382,0.000506704011898038,0.15209565140264875
13.634329433999838,0.0014870183554340777,0.000506704011898038,0.15213817079636557
13.636830948370852,0.0003943720030489817,0.000506704011898038,0.1521776880803343
13.639332439463642,0.0006937400536454197,0.000506704011898038,0.15222263016905524
13.64183390735264,0.0010148435976063963,0.000506704011898038,0.15226772436855682
13.644335352112268,0.0017575283772874872,0.000506704011898038,0.15231295054610786
13.646836773816965,0.0022937641673929088,0.000506704011898038,0.1523582884426354
13.649338172541153,0.0038115467584007856,0.000506704011898038,0.15240371767272543
13.65183954835927,0.002942250697171883,0.000506704011898038,0.15244921772462422
13.654340901345739,0.001363005723162558,0.000506704011898038,0.15249534920165692
13.656842231574993,0.0004486436949818484,0.000506704011898038,0.15254292689313967
13.65934353912146,0.000973074805563523,0.000506704011898038,0.15259191800649097
13.661844824059573,0.001246194360910613,0.000506704011898038,0.1526422902052242
13.664346086463759,0.0007046774569828829,0.000506704011898038,0.15269294751419993
13.666847326408448,-8.176170154483575e-05,0.000506704011898038,0.15274255781180474
13.669348543968074,0.0012082536394996124,0.000506704011898038,0.15279109954825998
13.67184973921706,0.0009527695474664255,0.000506704011898038,0.15283735825741662
13.67435091222984,0.0012981456249083756,0.000506704011898038,0.15288568308783235
13.676852063080844,0.0013359201908024199,0.000506704011898038,0.15293296229754322
13.679353191844504,0.0014698248134642489,0.000506704011898038,0.1529791305384241
13.681854298595244,0.0016898588801380066,0.000506704011898038,0.15302741228465674
13.684355383407496,0.003987835847881566,0.000506704011898038,0.15307613072626425
13.686856446355693,0.010138518249393103,0.000506704011898038,0.1531249352195594
13.689357487514261,0.012060754926826345,0.000506704011898038,0.1531738124801018
13.691858506957631,0.004586807948420979,0.000506704011898038,0.15322297822764885
13.694359504760234,0.0020565075304019576,0.000506704011898038,0.15327644959308515
13.6968604809965,0.0020830715470697703,0.000506704011898038,0.1533305081894345
13.699361435740858,0.0025754982179344577,0.000506704011898038,0.15338513971165454
13.701862369067737,0.0029960507813915627,0.000506704011898038,0.1534403300526779
13.704363281051567,0.0036882431378376934,0.000506704011898038,0.15349606530341067
13.70686417176678,0.003218683357662566,0.000506704011898038,0.15355233175273092
13.709365041287803,0.004627014939306062,0.000506704011898038,0.15360911588748766
13.711865889689069,0.0038202190705250993,0.000506704011898038,0.15366640439249912
13.714366717045005,0.003410265119904693,0.000506704011898038,0.15372418415055183
13.716867523430043,0.0018079233553831564,0.000506704011898038,0.1537824422423992
13.719368308918611,0.0010968937617510943,0.000506704011898038,0.15384116594675948
13.72186907358514,-0.00012601894659511337,0.000506704011898038,0.1539003427403158
13.724369817504058,0.0005383048201476059,0.000506704011898038,0.15395996029771314
13.7268705407498,0.0011588602361410072,0.000506704011898038,0.15401946857849583
13.72937124339679,0.0040861630483637335,0.000506704011898038,0.1540788320633808
13.73187192551946,0.003438895907952516,0.000506704011898038,0.15413801522331003
13.734372587192242,0.0009637251187214202,0.000506704011898038,0.15419698251944952
13.736873228489562,1.2971944002238e-05,0.000506704011898038,0.1542556984031905
13.739373849485855,0.00017855150604695336,0.000506704011898038,0.15431412731614852
13.741874450255544,-0.0006851333518611002,0.000506704011898038,0.15437223369016406
13.744375030873062,-0.00020561971258672984,0.000506704011898038,0.15442638792755412
13.746875591412843,-0.0005647796800099802,0.000506704011898038,0.15448148793200014
13.74937613194931,0.0005863732253189313,0.000506704011898038,0.15453947314654168
13.751876652556897,-0.0002079714171565883,0.000506704011898038,0.15460132661328482
13.754377153310033,-0.00015819004001091375,0.000506704011898038,0.15466523748009456
13.756877634283148,0.0009098814042889092,0.000506704011898038,0.15472977103555668
13.759378095550671,0.004580276691796448,0.000506704011898038,0.15479485964378356
13.761878537187034,0.00497779317676364,0.000506704011898038,0.15486043604671063
13.764378959266665,0.004679456225712808,0.000506704011898038,0.15492643336409412
13.766879361863992,0.003854860054119391,0.000506704011898038,0.15499278509350778
13.769379745053449,0.00266950228441723,0.000506704011898038,0.15505942511034038
13.771880108909464,0.0022851349342939697,0.000506704011898038,0.15513108671468934
13.774380453506465,0.0031558814385849177,0.000506704011898038,0.15520388366553486
13.776880778918885,0.0013155252052689526,0.000506704011898038,0.15526235153502355
13.779381085221154,0.00045161515695166243,0.000506704011898038,0.15532063327294304
13.781881372487698,0.0003649721531990835,0.000506704011898038,0.15537983243439515
13.78438164079295,0.0003282474242294886,0.000506704011898038,0.15544205509045667
13.78688189021134,0.0003983829358018276,0.000506704011898038,0.15550721654542862
13.789382120817296,0.00018486424717420458,0.000506704011898038,0.15557523353410563
13.791882332685248,0.00015293042550770797,0.000506704011898038,0.15564602422176552
13.794382525889628,0.00021900428343163414,0.000506704011898038,0.15571140081774804
13.796882700504865,0.0005096980797658079,0.000506704011898038,0.15577571934051482
13.799382856605387,-0.00028483627144365586,0.000506704011898038,0.1558326583058145
13.801882994265627,-0.0006597901231178427,0.000506704011898038,0.15588664282479664
13.804383113560013,1.292894529891786e-05,0.000506704011898038,0.15594264709796873
13.806883214562973,0.00015255913532657983,0.000506704011898038,0.15600072908772117
13.809383297348939,-0.0004027812120524221,0.000506704011898038,0.15606606256768615
13.811883361992342,0.0004087943658802051,0.000506704011898038,0.15613346525063765
13.81438340856761,0.0005118100302224926,0.000506704011898038,0.15619618627277862
13.81688343714917,0.00121537879488276,0.000506704011898038,0.15625803102564556
13.819383447811461,0.001621488625163675,0.000506704011898038,0.1563241014317202
13.821883440628904,0.0016808035706690483,0.000506704011898038,0.15638600896000235
13.824383415675936,0.0014448638201456365,0.000506704011898038,0.15645439639057923
13.826883373026979,0.002897135614488372,0.000506704011898038,0.1565140865406309
13.829383312756466,0.004037577526853936,0.000506704011898038,0.1565773645030445
13.831883234938829,0.0027239812202382585,0.000506704011898038,0.15663487502505355
13.834383139648494,0.00012346418964886974,0.000506704011898038,0.15668987439060297
13.836883026959898,0.00013959707251923192,0.000506704011898038,0.15674241541626602
13.839382896947463,0.0010805344627384528,0.000506704011898038,0.15679387832413755
13.841882749685622,0.0008716943310386471,0.000506704011898038,0.15684425468991242
13.844382585248805,-0.00024363589893222626,0.000506704011898038,0.15689486402691646
13.846882403711444,-0.0003390609833022473,0.000506704011898038,0.15694379934676664
13.849382205147965,0.00037587900714600164,0.000506704011898038,0.15699094873519437
13.851881989632798,0.0018760823507385782,0.000506704011898038,0.15703526653044447
13.854381757240375,0.0032484797421016842,0.000506704011898038,0.15708526396505257
13.856881508045126,0.003129171063662617,0.000506704011898038,0.1571344030153383
13.859381242121481,0.0032101445902313064,0.000506704011898038,0.15718045440532455
13.861880959543866,0.003960434318874995,0.000506704011898038,0.1572261465978424
13.864380660386717,0.002240179565578343,0.000506704011898038,0.15727457285390606
13.866880344724457,0.0010238051970778983,0.000506704011898038,0.15732389008319897
13.869380012631522,0.0015267683353830663,0.000506704011898038,0.15737473528636922
13.871879664182337,0.002379112289556451,0.000506704011898038,0.15741987318878642
13.874379299451338,0.0009528110281675772,0.000506704011898038,0.15746979085496773
13.876878918512947,0.0009311540700124576,0.000506704011898038,0.15752351694644273
13.8793785214416,0.0010250672301121144,0.000506704011898038,0.15757482390317779
13.881878108311724,0.0009091388304584558,0.000506704011898038,0.15762380305846968
13.884377679197751,0.0005956404328318621,0.000506704011898038,0.15767054518748513
13.88687723417411,0.0012881963626595327,0.000506704011898038,0.15771393176132714
13.889376773315227,0.0006559966856230226,0.000506704011898038,0.15775399943545398
13.891876296695537,0.0007074035603222006,0.000506704011898038,0.15779217000848023
13.894375804389469,0.0006225132694060165,0.000506704011898038,0.15782841564232533
13.896875296471451,0.00018330995761867142,0.000506704011898038,0.15786270803441135
13.899374773015913,0.00038586514924421333,0.000506704011898038,0.15789501841766523
13.901874234097287,0.00018744207464516105,0.000506704011898038,0.15792938749902025
13.90437367979,0.0003660265538908136,0.000506704011898038,0.15796547087564705
13.906873110168483,0.0003186799010411745,0.000506704011898038,0.158002109407085
13.909372525307168,0.0007744141871551535,0.000506704011898038,0.15803925281984804
13.911871925280483,0.005145018317726041,0.000506704011898038,0.15807559441486033
13.914371310162858,0.011854241826455225,0.000506704011898038,0.15811049857284734
13.91687068002872,0.0070118424690866765,0.000506704011898038,0.15814398493173898
13.919370034952506,0.002217853734366476,0.000506704011898038,0.15817605491739492
13.921869375008637,0.0023177024098329224,0.000506704011898038,0.1582091412002901
13.92436870027155,0.0027227164495150225,0.000506704011898038,0.1582416161127732
13.926868010815673,0.0026436054709493284,0.000506704011898038,0.15827351179607882
13.929367306715434,0.00420098515614431,0.000506704011898038,0.15830486040837125
13.931866588045263,0.003637003929333027,0.000506704011898038,0.1583347519264311
13.934365854879593,0.002901847738001423,0.000506704011898038,0.1583631772264238
13.93686510729285,0.004126709022544195,0.000506704011898038,0.15839145859305923
13.939364345359465,0.0044758876203905285,0.000506704011898038,0.1584195262166962
13.941863569153869,0.002027342234258267,0.000506704011898038,0.15844856363182983
13.944362778750492,0.0013882912187243857,0.000506704011898038,0.1584753347163986
13.946861974223761,0.0019791554153462676,0.000506704011898038,0.15850607185659712
13.94936115564811,0.001551208525002512,0.000506704011898038,0.15852851773599164
13.951860323097966,0.0031435731147438917,0.000506704011898038,0.15855245638236287
13.954359476647761,0.006677232034431241,0.000506704011898038,0.15857965932492493
13.956858616371921,0.005881763184550748,0.000506704011898038,0.15860641730340383
13.959357742344881,0.004301887718540648,0.000506704011898038,0.1586327077520308
13.961856854641065,0.0036028823764910345,0.000506704011898038,0.1586585081416983
13.964355953334909,0.0030629903449034823,0.000506704011898038,0.15868379597996016
13.966855038500839,0.0033713464059188236,0.000506704011898038,0.1587085488110315
13.969354110213285,0.003006550457297613,0.000506704011898038,0.15873274421578804
13.97185316854668,0.0029558691225211042,0.000506704011898038,0.15875635981176617
13.974352213575449,0.003651043026720091,0.000506704011898038,0.1587793732531629
13.976851245374025,0.003332819148136462,0.000506704011898038,0.1588017622308357
13.979350264016839,0.004410628579230302,0.000506704011898038,0.15882748936711136
13.981849269578317,0.00440122442523766,0.000506704011898038,0.1588481696281742
13.984348262132892,0.006231436432347859,0.000506704011898038,0.15887012875299267
13.986847241754992,0.009445754113263372,0.000506704011898038,0.1588886683355177
13.98934620851905,0.01190370170233171,0.000506704011898038,0.15890600757447418
13.99184516249949,0.01300533760865294,0.000506704011898038,0.15892191491221713
13.994344103770748,0.01252481955231291,0.000506704011898038,0.15893640101810358
13.996843032407252,0.007452234028597432,0.000506704011898038,0.1589554127857881
13.999341948483428,0.0034577677846701627,0.000506704011898038,0.15897213833223225
14.00184085207371,0.0026776131776029832,0.000506704011898038,0.1589849306211327
14.00433974325253,0.004178101699751663,0.000506704011898038,0.15899390526863055
14.00683862209431,0.009797939995968091,0.000506704011898038,0.15899974098021877
14.009337488673488,0.01557860906373848,0.000506704011898038,0.15901172959594062
14.01183634306449,0.01191425405353766,0.000506704011898038,0.159017539668013
14.014335185341745,0.007553617519970884,0.000506704011898038,0.15902176817322194
14.016834015579684,0.006212104962113135,0.000506704011898038,0.1590232212491229
14.019332833852738,0.005392942716098026,0.000506704011898038,0.15902343715335077
14.021831640235334,0.0067689850901100634,0.000506704011898038,0.1590242481861581
14.024330434801907,0.008224675719501806,0.000506704011898038,0.15901870930515186
14.026829217626881,0.0073032173710861625,0.000506704011898038,0.15901645344934967
14.02932798878469,0.00611317715427076,0.000506704011898038,0.15901080500269296
14.03182674834976,0.005853916693078831,0.000506704011898038,0.1590066914921749
14.034325496396526,0.006508697083499215,0.000506704011898038,0.15900414568765664
14.036824232999413,0.006746035230001363,0.000506704011898038,0.15900353752817728
14.039322958232853,0.007641346091387835,0.000506704011898038,0.15900048847135945
14.04182167217128,0.010635635800499782,0.000506704011898038,0.15899882237551977
14.044320374889113,0.010808089205186333,0.000506704011898038,0.158997464965965
14.046819066460792,0.004287213722998173,0.000506704011898038,0.15899644495921322
14.049317746960742,-1.884283760425487e-05,0.000506704011898038,0.15899579129712899
14.051816416463396,-0.0008959953679392729,0.000506704011898038,0.15899553314692094
14.05431507504318,-0.0012206893366755733,0.000506704011898038,0.15899569990114207
14.056813722774528,0.0008081491011618647,0.000506704011898038,0.15899632117768803
14.059312359731866,0.003492960491892211,0.000506704011898038,0.15899756165152476
14.061810985989627,0.003910809927378384,0.000506704011898038,0.15899892061371243
14.064309601622238,0.0016143700611087053,0.000506704011898038,0.1590003993296876
14.066808206704131,0.004830808212690718,0.000506704011898038,0.15900183529947362
14.069306801309736,0.006459507249087421,0.000506704011898038,0.159003014183289
14.07180538551348,0.002307841383319076,0.000506704011898038,0.15900446040938637
14.074303959389797,-0.0011706541674974535,0.000506704011898038,0.1590064343513833
14.076802523013113,-7.150740752565055e-05,0.000506704011898038,0.15900807460016353
14.079301076457861,0.0038286951013955794,0.000506704011898038,0.159009318819224
14.081799619798469,0.006589074061746136,0.000506704011898038,0.1590100562643133
14.084298153109367,0.00264766017581361,0.000506704011898038,0.15900860946970807
14.086796676464987,0.0006574350837641185,0.000506704011898038,0.15901200201279805
14.089295189939754,-0.00019069712589975252,0.000506704011898038,0.15901773837836458
14.091793693608102,-0.0006734026612337518,0.000506704011898038,0.15901501355516204
14.094292187544463,-0.00015574940080193,0.000506704011898038,0.15901973737684316
14.09679067182326,-3.5166848351586566e-05,0.000506704011898038,0.15902409633697737
14.099289146518927,-0.0006902084270085651,0.000506704011898038,0.15902873755041363
14.101787611705895,-8.666690140474165e-05,0.000506704011898038,0.15903366343356998
14.10428606745859,-0.0012037355396710137,0.000506704011898038,0.1590388765141544
14.106784513851446,-4.681957765162448e-05,0.000506704011898038,0.1590443794311635
14.109282950958889,-0.0007255817077220228,0.000506704011898038,0.1590506058512603
14.111781378855353,-1.5506315485802613e-06,0.000506704011898038,0.15905511669502936
14.114279797615264,0.0033697118635493406,0.000506704011898038,0.15905800482239635
14.116778207313054,0.00482832519820392,0.000506704011898038,0.1590590047889546
14.119276608023153,0.003832353453234544,0.000506704011898038,0.15906034556755563
14.12177499981999,0.0010237964032887015,0.000506704011898038,0.15906441253478615
14.124273382777995,0.0004657845586314713,0.000506704011898038,0.15906627152935626
14.126771756971596,0.0005994628118183576,0.000506704011898038,0.15906581766581812
14.129270122475228,0.0015749082302733697,0.000506704011898038,0.15906483581130132
14.131768479363314,0.0019900947031020466,0.000506704011898038,0.15906881350941746
14.134266827710292,0.002011836795425076,0.000506704011898038,0.1590737290473509
14.136765167590584,0.001907517865479963,0.000506704011898038,0.1590799491611966
14.139263499078623,0.0005190895970732246,0.000506704011898038,0.15908749278522857
14.141761822248844,0.00044585032214819464,0.000506704011898038,0.15909637927344522
14.144260137175667,0.00019873851807819531,0.000506704011898038,0.15910662839956838
14.146758443933528,5.374635255478433e-05,0.000506704011898038,0.15911826035704146
14.149256742596856,-0.0004481175511447111,0.000506704011898038,0.15913077249930238
14.151755033240082,0.0006726731901874061,0.000506704011898038,0.15914416291268596
14.154253315937632,-9.550964828489161e-05,0.000506704011898038,0.15915842990117732
14.156751590763939,-0.0007489015611940875,0.000506704011898038,0.15917331035910834
14.159249857793432,0.001699907792768074,0.000506704011898038,0.159188169591402
14.16174811710054,0.00161550828340834,0.000506704011898038,0.15920436142589092
14.164246368759697,0.0014862546862260129,0.000506704011898038,0.15922139865840904
14.16674461284533,0.005325716490218513,0.000506704011898038,0.1592345679978507
14.169242849431864,0.005675845349953773,0.000506704011898038,0.1592476488183704
14.171741078593737,0.0038420890564959675,0.000506704011898038,0.15926118473509515
14.174239300405373,0.010314644016426067,0.000506704011898038,0.15927503466185383
14.176737514941205,0.018207178928556472,0.000506704011898038,0.15928829632374297
14.179235722275664,0.011732763102507177,0.000506704011898038,0.15930005142329567
14.181733922483176,0.0032487157269968647,0.000506704011898038,0.15931299050322056
14.184232115638173,0.0008568947580814001,0.000506704011898038,0.1593248834142065
14.186730301815084,0.0007855612083644825,0.000506704011898038,0.15933825571372642
14.189228481088339,0.0004995330439297729,0.000506704011898038,0.15935162804466776
14.191726653532369,0.00047251325001512745,0.000506704011898038,0.15936842286129932
14.194224819221605,0.0009996835054201791,0.000506704011898038,0.15938811382764753
14.196722978230472,0.004596002681950068,0.000506704011898038,0.15941056519565858
14.199221130633404,0.005116938296183621,0.000506704011898038,0.1594359014258565
14.20171927650483,0.0019607080501702623,0.000506704011898038,0.15946188024446556
14.204217415919182,0.003005925870096987,0.000506704011898038,0.15948852399335403
14.206715548950884,0.019446389474714,0.000506704011898038,0.15951585495446594
14.209213675674368,0.04598865580904593,0.000506704011898038,0.15954389534982039
14.211711796164069,0.03864893461555155,0.000506704011898038,0.15957266734151287
14.214209910494413,0.010940235462404302,0.000506704011898038,0.15960219303171494
14.216708018739826,0.0016312612575682395,0.000506704011898038,0.15963318940024562
14.219206120974745,0.0011835509699777425,0.000506704011898038,0.15966556714334884
14.221704217273595,0.0005271939628430922,0.000506704011898038,0.15969923719407686
14.224202307710808,0.0008653791194487281,0.000506704011898038,0.15973411072228988
14.226700392360815,0.000275558677282739,0.000506704011898038,0.15976121834718196
14.22919847129804,0.0006309828714945453,0.000506704011898038,0.15978916495696927
14.23169654459692,0.0008263089238625954,0.000506704011898038,0.15981800185862657
14.234194612331883,0.003539365245990911,0.000506704011898038,0.1598482573711963
14.236692674577355,0.007282859589259311,0.000506704011898038,0.15987991228455567
14.23919073140777,0.006637256564743621,0.000506704011898038,0.15991294756722874
14.241688782897558,0.0018033991504742275,0.000506704011898038,0.1599473443663857
14.244186829121146,0.0015104956236665634,0.000506704011898038,0.1599822796826672
14.246684870152965,0.0022471255055706296,0.000506704011898038,0.16001777125038627
14.249182906067444,0.00445508982896009,0.000506704011898038,0.16005383665758274
14.251680936939016,0.002346787137571915,0.000506704011898038,0.16009049334602296
14.25417896284211,0.0009467689127476697,0.000506704011898038,0.1601275192411883
14.25667698385115,0.0003323748614274258,0.000506704011898038,0.16016492099488905
14.259175000040575,-0.00033172849565471507,0.000506704011898038,0.1602031263187077
14.261673011484806,0.00025851841928856145,0.000506704011898038,0.16024212241020488
14.264171018258281,-9.639557299795376e-05,0.000506704011898038,0.16028189639840554
14.266669020435426,0.0002516136505962552,0.000506704011898038,0.16032243534379872
14.269167018090668,0.00027210885766953963,0.000506704011898038,0.16036499013758276
14.271665011298442,0.0005630506884395925,0.000506704011898038,0.1604094907727446
14.274163000133175,0.00038127465092144264,0.000506704011898038,0.160453075176908
14.276660984669297,-0.0004758673541667702,0.000506704011898038,0.16049831371311915
14.279158964981237,-0.00032730140652276196,0.000506704011898038,0.16054318100441653
14.281656941143432,0.0012938255727385495,0.000506704011898038,0.1605885663266417
14.2841549132303,0.0004854888500920307,0.000506704011898038,0.16063480451250545
14.286652881316279,0.0009581118372702924,0.000506704011898038,0.16068187266669515
14.289150845475795,3.0324527814734603e-05,0.000506704011898038,0.16073134445119452
14.291648805783284,0.0009583908842754896,0.000506704011898038,0.1607803766552469
14.294146762313169,0.0019118120251186144,0.000506704011898038,0.16082720511916818
14.296644715139882,0.004853029940465908,0.000506704011898038,0.16087556091669158
14.299142664337854,0.005475052889701237,0.000506704011898038,0.16092314845501318
14.301640609981513,0.004066180570126754,0.000506704011898038,0.16096999160029846
14.304138552145293,0.002603080943220898,0.000506704011898038,0.1610161378049296
14.306636490903617,0.0015756706120405861,0.000506704011898038,0.16106309070041985
14.309134426330921,0.0016759158301721533,0.000506704011898038,0.16111083087445605
14.311632358501631,0.0018713993459667788,0.000506704011898038,0.1611593388802239
14.31413028749018,0.0014761974388930177,0.000506704011898038,0.1612076856853319
14.316628213370993,0.0011947494419975169,0.000506704011898038,0.1612558118855661
14.31912613621851,0.001589925435442563,0.000506704011898038,0.16130365769089175
14.321624056107147,0.0014228071451541091,0.000506704011898038,0.16134984842238873
14.324121973111344,0.0059230016065950075,0.000506704011898038,0.16139438272736392
14.326619887305528,0.017257285511392217,0.000506704011898038,0.16143725833634742
14.329117798764127,0.018703710254113076,0.000506704011898038,0.16147957190137918
14.331615707561573,0.00879137803641264,0.000506704011898038,0.16152538545020978
14.334113613772296,0.0068781351375144795,0.000506704011898038,0.1615656726863142
14.336611517470724,0.0056573678042849684,0.000506704011898038,0.1616000615802964
14.339109418731287,0.0032850779714415357,0.000506704011898038,0.16164756047816659
14.34160731762842,0.00422247098372408,0.000506704011898038,0.16169460314229606
14.344105214236544,0.011641176842001277,0.000506704011898038,0.16174119046701083
14.346603108630095,0.014607846259850343,0.000506704011898038,0.16178513068405595
14.349101000883504,0.006959737502853586,0.000506704011898038,0.1618342856390525
14.351598891071196,0.0013863605684548141,0.000506704011898038,0.16187660928686706
14.354096779267604,0.0018660451704690662,0.000506704011898038,0.16191216960066349
14.356594665547156,0.0021118725274488215,0.000506704011898038,0.16194517316607532
14.359092549984284,0.0008830003425159827,0.000506704011898038,0.16198554224595246
14.361590432653415,0.0021013503246952725,0.000506704011898038,0.16202898141720085
14.364088313628983,0.0025529479349903905,0.000506704011898038,0.1620756065701482
14.366586192985414,0.0005809188907073826,0.000506704011898038,0.1621222476091257
14.369084070797138,0.00033466484559752097,0.000506704011898038,0.16216887824021928
14.371581947138589,0.0010294231316068658,0.000506704011898038,0.16221012464724602
14.374079822084195,0.0007262611446857692,0.000506704011898038,0.16224839117437573
14.37657769570838,0.000897453787842728,0.000506704011898038,0.16229037967370746
14.379075568085582,0.0016559279663469206,0.000506704011898038,0.16233351362916126
14.381573439290227,0.0021664680978492334,0.000506704011898038,0.16237252318283202
14.384071309396743,0.0022196933498243587,0.000506704011898038,0.16241577244020527
14.386569178479567,0.0007823072622283045,0.000506704011898038,0.16245169350588332
14.389067046613123,0.0006840158275109032,0.000506704011898038,0.16249543350011028
14.39156491387184,0.0012468969220695014,0.000506704011898038,0.16253480738322648
14.394062780330149,0.0035532935843346214,0.000506704011898038,0.1625807701272886
14.396560646062483,0.005665500747620678,0.000506704011898038,0.1626302393992095
14.39905851114327,0.00855471049196116,0.000506704011898038,0.16268423277430052
14.401556375646937,0.00590321782494882,0.000506704011898038,0.162736619283666
14.40405423964792,0.007533332794902536,0.000506704011898038,0.16278748770397986
14.406552103220642,0.013036123938108546,0.000506704011898038,0.16283553763535133
14.409049966439538,0.008400351620871438,0.000506704011898038,0.16288460523425569
14.411547829379035,0.0027777678380524196,0.000506704011898038,0.16293484724121307
14.414045692113563,0.0010808487828769808,0.000506704011898038,0.16298678150936094
14.416543554717553,0.0014663159283803961,0.000506704011898038,0.16303899491401902
14.419041417265436,0.001358917452362829,0.000506704011898038,0.16309143083856875
14.42153927983164,0.002661090671125327,0.000506704011898038,0.16314403267443706
14.424037142490594,0.0118832905266332,0.000506704011898038,0.16319309560773693
14.42653500531673,0.028083164995450688,0.000506704011898038,0.16324068618138177
14.429032868384477,0.024484172462336723,0.000506704011898038,0.16328741608767053
14.431530731768264,0.006519722472717426,0.000506704011898038,0.16333053707985393
14.434028595542522,0.0011095007424188341,0.000506704011898038,0.16338095671895198
14.43652645978168,0.00046763544910291555,0.000506704011898038,0.16342613073470036
14.439024324560169,0.000461051660555184,0.000506704011898038,0.16346660941372568
14.441522189952419,0.00024401172508548008,0.000506704011898038,0.16350850825983648
14.444020056032858,3.9777553711262126e-05,0.000506704011898038,0.16355189868226733
14.446517922875916,0.0005446059343835741,0.000506704011898038,0.16359685272023589
14.449015790556025,0.0006286446625521358,0.000506704011898038,0.163643537787742
14.451513659147615,0.0006343165896800784,0.000506704011898038,0.16369202291653812
14.454011528725111,0.0014177991169025128,0.000506704011898038,0.16374092863873763
14.45650939936295,0.0007313018861261067,0.000506704011898038,0.16379026176685665
14.459007271135558,0.0005473088817747329,0.000506704011898038,0.16384002922180269
14.461505144117362,0.0005879620458151824,0.000506704011898038,0.16389426864199633
14.464003018382797,0.003979123671430745,0.000506704011898038,0.16394874273811683
14.466500894006291,0.008285167511767055,0.000506704011898038,0.16400051773755173
14.468998771062273,0.007309164106651916,0.000506704011898038,0.16404970376098033
14.471496649625173,0.001858917027414947,0.000506704011898038,0.1640974383145445
14.473994529769424,0.0005010255852901935,0.000506704011898038,0.16414311356295497
14.47649241156945,0.000644643631217745,0.000506704011898038,0.1641935684311183
14.478990295099686,0.0006480724076014521,0.000506704011898038,0.16423956583182592
14.481488180434562,0.0009745597588665111,0.000506704011898038,0.1642856064777289
14.483986067648502,0.0034343566913589973,0.000506704011898038,0.1643317144987505
14.48648395681594,0.012229031416351288,0.000506704011898038,0.164377914005025
14.488981848011308,0.015349842771936878,0.000506704011898038,0.16442560072249873
14.491479741309032,0.008442152399634972,0.000506704011898038,0.1644747369420698
14.493977636783542,0.0037522002449482394,0.000506704011898038,0.16452943045115975
14.49647553450927,0.0020963769150526557,0.000506704011898038,0.16457345730350403
14.498973434560648,0.0016863200068359396,0.000506704011898038,0.16461650082483964
14.501471337012097,0.0016981348513853967,0.000506704011898038,0.16465851890134808
14.503969241938057,-0.00018859673169954738,0.000506704011898038,0.16469957579639194
14.506467149412954,0.0009559538950559832,0.000506704011898038,0.16474299160778835
14.508965059511214,0.011577520017981624,0.000506704011898038,0.1647824872560303
14.511462972307273,0.04010785107792059,0.000506704011898038,0.16482433172794264
14.513960887875559,0.04076906958681703,0.000506704011898038,0.16486786207552911
14.516458806290498,0.015081155597401141,0.000506704011898038,0.16491149051421172
14.518956727626525,0.002117397121659176,0.000506704011898038,0.16495518654689445
14.521454651958067,0.0007703386716990113,0.000506704011898038,0.16500020240131316
14.523952579359554,0.003469932899865552,0.000506704011898038,0.16504644966728582
14.526450509905418,0.009090383586202289,0.000506704011898038,0.1650938403848953
14.528948443670087,0.008837806136856252,0.000506704011898038,0.16513691647563444
14.531446380727989,0.00383964845854598,0.000506704011898038,0.16518049987906874
14.533944321153559,0.004438117734539587,0.000506704011898038,0.16522696888614763
14.536442265021222,0.009278792200967778,0.000506704011898038,0.16526505855712578
14.538940212405409,0.008327680584621466,0.000506704011898038,0.1653026035552297
14.541438163380553,0.0029233630937255117,0.000506704011898038,0.16533569595017358
14.54393611802108,0.0011425126587503165,0.000506704011898038,0.1653726892709219
14.546434076401422,0.0017635520359888524,0.000506704011898038,0.1654073181976454
14.548932038596005,0.0014611746937049919,0.000506704011898038,0.16544427007316856
14.551430004679267,0.0005065779686466154,0.000506704011898038,0.16548142654095588
14.553927974725628,0.0007215478081506188,0.000506704011898038,0.16551903393130168
14.556425948809528,0.0005474663494958176,0.000506704011898038,0.16556014550445045
14.558923927005388,0.0006807128660450135,0.000506704011898038,0.16559579691930165
14.561421909387642,0.0006859896260323073,0.000506704011898038,0.16562788936407952
14.56391989603072,0.0010314436168118724,0.000506704011898038,0.1656626447506184
14.566417887009052,0.0005834633522140142,0.000506704011898038,0.16570018346040252
14.568915882397064,0.0002825693521290029,0.000506704011898038,0.16574108687768938
14.57141388226919,0.00040924790239055264,0.000506704011898038,0.16577596857561297
14.573911886699861,0.000804713910713295,0.000506704011898038,0.1658172011616048
14.576409895763504,0.0006414951309324235,0.000506704011898038,0.16586173205048574
14.578907909534548,0.0008211782518793287,0.000506704011898038,0.16590713787095454
14.581405928087424,0.002058969730579674,0.000506704011898038,0.16595272894589544
14.583903951496564,0.0062488208881393,0.000506704011898038,0.16599854959885402
14.586401979836396,0.008004194565929545,0.000506704011898038,0.16604464398045415
14.58890001318135,0.005154871363241831,0.000506704011898038,0.1660902833475473
14.591398051605854,0.0035708286909914566,0.000506704011898038,0.16613875822961371
14.593896095184341,0.0036326909845252886,0.000506704011898038,0.16618724837240448
14.59639414399124,0.0015657169181558794,0.000506704011898038,0.16623572265915915
14.598892198100978,0.0009331253629976666,0.000506704011898038,0.16628367404458877
14.601390257587989,0.0031271021394813914,0.000506704011898038,0.16633559213949076
14.603888322526702,0.0028288585188422366,0.000506704011898038,0.16638771429757973
14.606386392991544,0.001396192882876901,0.000506704011898038,0.16644105734686268
14.608884469056948,0.0013797931020987642,0.000506704011898038,0.16649558357471217
14.611382550797343,0.000730992784546719,0.000506704011898038,0.1665512555529473
14.613880638287158,0.0006592639437527081,0.000506704011898038,0.16660803613783537
14.616378731600822,0.0011772761775659946,0.000506704011898038,0.1666658884700919
14.618876830812768,0.004278866939106257,0.000506704011898038,0.16672477597488217
14.621374935997423,0.007939614797257077,0.000506704011898038,0.16678452140212024
14.623873047229218,0.004620552307426723,0.000506704011898038,0.16684508256356165
14.626371164582583,0.001454479734487979,0.000506704011898038,0.166903586216561
14.62886928813195,0.0003060826622963697,0.000506704011898038,0.16696011815170833
14.631367417951742,0.001572436957611889,0.000506704011898038,0.16701476324641928
14.633865554116396,0.003363919854993541,0.000506704011898038,0.16706704162738162
14.63636369670034,0.002870271126466789,0.000506704011898038,0.16711701161638787
14.638861845778,0.005235500592035119,0.000506704011898038,0.1671647304041693
14.641360001423813,0.00850700430755491,0.000506704011898038,0.16721127284108436
14.643858163712203,0.007520158165068125,0.000506704011898038,0.16725669852011546
14.646356332717602,0.014771392827482188,0.000506704011898038,0.16730101798182356
14.64885450851444,0.020503947014307217,0.000506704011898038,0.16734424106656984
14.651352691177145,0.01013900857659314,0.000506704011898038,0.1673853919945818
14.653850880780148,0.004917405942749864,0.000506704011898038,0.16743388139714255
14.656349077397879,0.004212534084905906,0.000506704011898038,0.1674871947243115
14.658847281104771,0.004496993601626587,0.000506704011898038,0.16753338371031826
14.661345491975247,0.00829846333490708,0.000506704011898038,0.16758020624290287
14.663843710083743,0.011083941529676677,0.000506704011898038,0.16762763937489886
14.666341935504686,0.0061415702890898205,0.000506704011898038,0.16767434253789382
14.668840168312508,0.0016258879940677096,0.000506704011898038,0.16772035199995664
14.671338408581635,0.0017408998137664056,0.000506704011898038,0.16776692848975175
14.673836656386499,0.0017662823978467912,0.000506704011898038,0.1678165444938074
14.676334911801533,0.0007725299778097994,0.000506704011898038,0.1678692508537936
14.67883317490116,0.00032504548959949586,0.000506704011898038,0.16792315504331556
14.681331445759817,0.002331377064632517,0.000506704011898038,0.1679782244026104
14.683829724451927,0.0037344698374864316,0.000506704011898038,0.16803338457460829
14.686328011051927,0.009505839083937012,0.000506704011898038,0.16808865009182725
14.68882630563424,0.011977976451777644,0.000506704011898038,0.16814403520100613
14.691324608273302,0.0052044760128423795,0.000506704011898038,0.16820016227915122
14.693822919043537,0.0007781102382800609,0.000506704011898038,0.16825701759932082
14.696321238019381,0.0013835823105597111,0.000506704011898038,0.16831458739442337
14.69881956527526,0.0012503351873543178,0.000506704011898038,0.16837250963568887
14.701317900885606,0.00043672091126839563,0.000506704011898038,0.16843075520286113
14.703816244924845,0.0013622872539631459,0.000506704011898038,0.16848929480096092
14.70631459746741,0.0013026333943015056,0.000506704011898038,0.16854809896028614
14.70881295858773,0.0007766509441747282,0.000506704011898038,0.16860198832676537
14.711311328360235,0.001322163836590562,0.000506704011898038,0.16865586717383266
14.713809706859355,0.0019940194407673806,0.000506704011898038,0.1687097235856491
14.716308094159519,0.0015852636771054307,0.000506704011898038,0.16876354529095447
14.718806490335158,0.002457402570993139,0.000506704011898038,0.1688173196630646
14.721304895460703,0.001907367725282022,0.000506704011898038,0.16887296383609518
14.72380330961058,0.0014921033327348343,0.000506704011898038,0.16892704215237864
14.726301732859223,0.0007446841873151588,0.000506704011898038,0.16897960946846066
14.728800165281058,0.0024541621770977906,0.000506704011898038,0.16903922813592978
14.731298606950519,0.0032196886243471,0.000506704011898038,0.16910026218321478
14.733797057942033,0.002254514783262357,0.000506704011898038,0.16916000362927225
14.73629551833003,0.0012195068978675117,0.000506704011898038,0.16921883040763835
14.738793988188942,0.0006174108998929229,0.000506704011898038,0.16928112459505856
14.741292467593196,-2.3238010970344503e-05,0.000506704011898038,0.16933841397819827
14.743790956617225,-4.191241241713328e-05,0.000506704011898038,0.1693968850980564
14.746289455335452,0.0016337104757689347,0.000506704011898038,0.16945611370415126
14.748787963822318,0.0005252480580145158,0.000506704011898038,0.16951608304503968
14.751286482152244,0.00041581788738639935,0.000506704011898038,0.16957872899687193
14.753785010399662,0.0006527873918570071,0.000506704011898038,0.1696439467408739
14.756283548639004,-5.1364610616999595e-05,0.000506704011898038,0.16970805072342415
14.758782096944698,0.0006335133474554278,0.000506704011898038,0.16977065417250198
14.761280655391174,0.001189065382555532,0.000506704011898038,0.16983185738988388
14.763779224052863,0.0009918952097349998,0.000506704011898038,0.16989175977453724
14.766277803004192,0.0007258774247549671,0.000506704011898038,0.16995045982261645
14.768776392319594,0.0019912844458266077,0.000506704011898038,0.17000970769921095
14.771274992073497,0.0016389931039723915,0.000506704011898038,0.1700695256670784
14.773773602340333,-0.0004483133790127436,0.000506704011898038,0.17012993575326793
14.776272223194528,0.0011894036243846884,0.000506704011898038,0.17019095974911805
14.778770854710517,0.002752244973265927,0.000506704011898038,0.17025095207785076
14.781269496962727,0.0029182078911133003,0.000506704011898038,0.17030986093798692
14.783768150025587,0.0023338230587115483,0.000506704011898038,0.17036763364798932
14.786266813973526,0.0034071953261539945,0.000506704011898038,0.17042733307169416
14.788765488880978,0.006362451513220485,0.000506704011898038,0.1705010294604737
14.79126417482237,0.005759446590795969,0.000506704011898038,0.1705752102632127
14.79376287187213,0.004022185936684131,0.000506704011898038,0.17064992240454013
14.796261580104693,0.0012691175175477687,0.000506704011898038,0.17072413786965737
14.798760299594486,0.0037750484427166997,0.000506704011898038,0.17079565813853242
14.801259030415938,0.006420284133795029,0.000506704011898038,0.17086286303381765
14.803757772643479,0.002290573922150485,0.000506704011898038,0.1709259262175289
14.806256526351543,0.00026173414645677684,0.000506704011898038,0.17098862325224504
14.808755291614553,0.0008373240504437607,0.000506704011898038,0.17105103585992712
14.811254068506944,0.0006945239309704698,0.000506704011898038,0.1711160082445783
14.813752857103145,0.00017567257941009107,0.000506704011898038,0.1711834961862713
14.816251657477583,0.0013581792835810902,0.000506704011898038,0.17125186657004104
14.81875046970469,0.0013879253775916922,0.000506704011898038,0.17132262583984584
14.8212492938589,0.0026181955802075663,0.000506704011898038,0.1713952947881297
14.823748130014634,0.007746824151717069,0.000506704011898038,0.17147049319432842
14.826246978246328,0.008836093102842696,0.000506704011898038,0.17154550271626456
14.82874583862841,0.0031640242898377524,0.000506704011898038,0.17162035412051882
14.83124471123531,0.0017807558259499423,0.000506704011898038,0.17169532215370004
14.83374359614146,0.0030826533589429217,0.000506704011898038,0.17177030783115213
14.836242493421286,0.0008139991936991775,0.000506704011898038,0.1718496970489714
14.838741403149221,0.0007309527932135018,0.000506704011898038,0.17193081937154556
14.841240325399694,0.001366109027136575,0.000506704011898038,0.17201107303726934
14.843739260247137,0.002435104068645305,0.000506704011898038,0.1720896982906683
14.846238207765973,0.001848408049390099,0.000506704011898038,0.1721664340355842
14.848737168030636,0.0031099319060055586,0.000506704011898038,0.17224354937655087
14.851236141115558,0.0024664466680362207,0.000506704011898038,0.17231935516308916
14.85373512709517,0.0013186938942954252,0.000506704011898038,0.17239663109697098
14.856234126043894,0.0011253124237081413,0.000506704011898038,0.17248157530170732
14.858733138036168,0.0025584242321079753,0.000506704011898038,0.17256175969007387
14.861232163146417,0.0023747405480882833,0.000506704011898038,0.17264189337822985
14.86373120144907,0.005299726933493981,0.000506704011898038,0.17272214336300085
14.866230253018564,0.009603037315040114,0.000506704011898038,0.17280487627870797
14.868729317929322,0.005569308019871599,0.000506704011898038,0.17288953353132383
14.871228396255777,0.0013667689432577679,0.000506704011898038,0.17297604967657337
14.873727488072356,0.0017550505462649857,0.000506704011898038,0.17306966680939556
14.876226593453493,0.0012910836407939164,0.000506704011898038,0.17315179954263704
14.878725712473614,0.0017175572120547433,0.000506704011898038,0.17323261543336765
14.88122484520715,0.008337257027441092,0.000506704011898038,0.17331137738258864
14.883723991728532,0.014336026195572615,0.000506704011898038,0.17339209800859148
14.886223152112189,0.007963235040445854,0.000506704011898038,0.1734748398538342
14.888722326432552,0.003923944678797753,0.000506704011898038,0.17355966544008342
14.89122151476405,0.012924120538367528,0.000506704011898038,0.17364674796098578
14.893720717181111,0.03514739056647029,0.000506704011898038,0.17373173997083383
14.896219933758168,0.03593624101007439,0.000506704011898038,0.17381834903318152
14.898719164569648,0.01312572441470275,0.000506704011898038,0.17391054004806653
14.901218409689985,0.0018889466163805047,0.000506704011898038,0.1740053796115815
14.903717669193604,-0.00039883500895862567,0.000506704011898038,0.17410284987620514
14.906216943154938,0.0018798427979242749,0.000506704011898038,0.17420293327673309
14.908716231648414,0.0020400055577534104,0.000506704011898038,0.1743059923482924
14.911215534748466,0.0026118241979094514,0.000506704011898038,0.17440367325975803
14.913714852529523,0.0032475861532861305,0.000506704011898038,0.17450769425675133
14.916214185066009,0.0037650426545194626,0.000506704011898038,0.17461772936367448
14.918713532432362,0.00921258488383625,0.000506704011898038,0.1747309820926899
14.921212894703007,0.026132970318149568,0.000506704011898038,0.17484735462222858
14.923712271952375,0.030346834729639144,0.000506704011898038,0.17496674973363255
14.926211664254895,0.011602673723818013,0.000506704011898038,0.17508615058097196
14.928711071685,0.002169376253077504,0.000506704011898038,0.17520559266593116
14.931210494317115,0.0016356537781028746,0.000506704011898038,0.17532511091451544
14.933709932225675,0.0012600593630146817,0.000506704011898038,0.17544098281929127
14.936209385485107,0.00024002815293880375,0.000506704011898038,0.17555678799697513
14.938708854169839,0.0014941320937468527,0.000506704011898038,0.1756725536347734
14.941208338354304,0.001858773856555307,0.000506704011898038,0.17578231436436353
14.943707838112934,0.0013433845262909305,0.000506704011898038,0.17589425194474687
14.946207353520151,0.003310125709724443,0.000506704011898038,0.17600830365723386
14.948706884650393,0.005815215877576635,0.000506704011898038,0.1761244068226152
14.951206431578084,0.003230169740837646,0.000506704011898038,0.17624184083126634
14.953705994377659,0.0018273153707514533,0.000506704011898038,0.17636057271485872
14.956205573123544,0.002536631337452022,0.000506704011898038,0.17647886697884568
14.95870516789017,0.0017339888641335344,0.000506704011898038,0.17659390538476163
14.961204778751968,0.0009131856331107413,0.000506704011898038,0.17670241986265453
14.963704405783366,0.002383289407984157,0.000506704011898038,0.17680936543726863
14.966204049058796,0.002540200322073277,0.000506704011898038,0.1769213782493072
14.968703708652685,0.0010026751289319014,0.000506704011898038,0.1770340232899157
14.971203384639463,0.002961340820576114,0.000506704011898038,0.17714551336805362
14.973703077093562,0.005751663777221333,0.000506704011898038,0.17725786277263442
14.976202786089415,0.00954105030080149,0.000506704011898038,0.17736910951263135
14.978702511701442,0.010965640286191541,0.000506704011898038,0.17748244961647597
14.981202254004081,0.006824040158390776,0.000506704011898038,0.17759777936093474
14.983702013071762,0.002397251913415971,0.000506704011898038,0.17771476431111666
14.98620178897891,0.0005289999930675193,0.000506704011898038,0.17783704291875488
14.98870158179996,0.0022031560214507417,0.000506704011898038,0.17796140081960687
14.991201391609339,0.006039419637505816,0.000506704011898038,0.1780877653029041
14.993701218481474,0.009997593791809617,0.000506704011898038,0.17821633366511158
14.9962010624908,0.007932226923556829,0.000506704011898038,0.17834643892418525
14.998700923711745,0.003577868417647817,0.000506704011898038,0.17847804765939146
15.001200802218737,0.0009244197511343033,0.000506704011898038,0.17861663323302224
15.00370069808621,0.0015413382617987526,0.000506704011898038,0.1787493679429275
15.006200611388591,0.0028457694150035295,0.000506704011898038,0.1788765372202254
15.008700542200309,0.0004794883265087646,0.000506704011898038,0.17900504155765015
15.011200490595796,0.00037347805470455686,0.000506704011898038,0.1791347633630766
15.013700456649481,0.001260142200919162,0.000506704011898038,0.1792656794554434
15.016200440435794,0.001350575289586875,0.000506704011898038,0.1793977663202983
15.018700442029163,0.0003991645773094299,0.000506704011898038,0.17953100010979864
15.021200461504023,0.0010087345516350266,0.000506704011898038,0.17966535664270605
15.023700498934796,0.0015019294410937856,0.000506704011898038,0.1797967363674893
15.026200554395917,0.0011448102323361742,0.000506704011898038,0.17994019466525493
15.028700627961818,0.0014322845410360552,0.000506704011898038,0.18007298502006885
15.031200719706925,0.001604482333252777,0.000506704011898038,0.18020900443034857
15.03370082970567,7.976008805532508e-06,0.000506704011898038,0.18034565456947393
15.03620095803248,0.00017389663500966268,0.000506704011898038,0.180485257744523
15.038701104761788,0.0036681406024399454,0.000506704011898038,0.1806214390353701
15.04120126996802,0.0030644667676104076,0.000506704011898038,0.18076342226375058
15.043701453725609,0.0035976006694543317,0.000506704011898038,0.18090916762825296
15.046201656108988,0.005651140796941123,0.000506704011898038,0.1810528424204652
15.048701877192578,0.005580923360780282,0.000506704011898038,0.1811989778470295
15.051202117050817,0.003813374321887719,0.000506704011898038,0.18134608136153915
15.05370237575813,0.00882970199431568,0.000506704011898038,0.18149403172878487
15.056202653388949,0.013274830185632802,0.000506704011898038,0.1816383740478922
15.058702950017702,0.005797037508604719,0.000506704011898038,0.1817955241941716
15.061203265718824,0.0017967351445287438,0.000506704011898038,0.18195484524648797
15.063703600566738,0.002373457160814607,0.000506704011898038,0.18211117905046822
15.066203954635878,0.0008511474073858438,0.000506704011898038,0.18226458289243344
15.068704328000674,-7.929505751758104e-05,0.000506704011898038,0.1824199312432187
15.071204720735553,0.001784218199157389,0.000506704011898038,0.18257717227452755
15.073705132914949,0.0018044367524707727,0.000506704011898038,0.18273625415787892
15.076205564613288,1.3530503510023051e-05,0.000506704011898038,0.182896789793303
15.078706015905,0.00037888063492694246,0.000506704011898038,0.18305845113304742
15.081206486864517,0.002951338219308597,0.000506704011898038,0.18321733410322827
15.083706977566269,0.00305381377176403,0.000506704011898038,0.18337221582967358
15.086207488084684,0.002272156636359157,0.000506704011898038,0.18353673509003224
15.088708018494193,0.0026161625612544648,0.000506704011898038,0.1836910216331935
15.091208568869227,0.0022595692359469177,0.000506704011898038,0.18385203807231906
15.093709139284215,0.0016226137845978816,0.000506704011898038,0.1840149667058728
15.096209729813584,0.0021070294859968086,0.000506704011898038,0.1841706975165898
15.098710340531767,0.0026353975696479515,0.000506704011898038,0.1843356646080018
15.101210971513193,0.0012410585612262215,0.000506704011898038,0.18450299214092927
15.103711622832291,0.0009276900778701636,0.000506704011898038,0.18467234891133716
15.106212294563495,0.0018814944175065962,0.000506704011898038,0.18484366862123838
15.108712986781228,0.0015810366466817438,0.000506704011898038,0.18501818394022612
15.111213699559924,0.002654640368356165,0.000506704011898038,0.1851957702595032
15.113714432974014,0.0027723655158121974,0.000506704011898038,0.18537470517998494
15.116215187097927,0.0023358524267647063,0.000506704011898038,0.18555185946873812
15.118715962006089,-8.75366761982077e-06,0.000506704011898038,0.1857241434202989
15.121216757772935,0.0017955697973619789,0.000506704011898038,0.18590200235434126
15.123717574472893,0.00304682744237178,0.000506704011898038,0.18607756498399367
15.126218412180393,0.0008689851832117956,0.000506704011898038,0.1862554401711724
15.128719270969862,0.0016446885029262615,0.000506704011898038,0.18643554291453648
15.131220150915734,0.0019987051799075783,0.000506704011898038,0.18661221011809837
15.133721052092438,0.0007351003527309719,0.000506704011898038,0.18679102216361104
15.136221974574402,2.991531431997818e-05,0.000506704011898038,0.1869719000603271
15.138722918436057,0.002649174264286902,0.000506704011898038,0.18715356493421365
15.141223883751833,0.0041305593369170834,0.000506704011898038,0.18733845285211595
15.14372487059616,0.0018431856142366865,0.000506704011898038,0.18752580088018372
15.146225879043469,0.0010784307965322482,0.000506704011898038,0.1877155582795338
15.148726909168184,0.0019079473063457753,0.000506704011898038,0.1879056922652308
15.151227961044743,0.0006290276354608271,0.000506704011898038,0.18809624228620006
15.153729034747572,-0.00040815103868904745,0.000506704011898038,0.18828501514691653
15.1562301303511,0.0013589390796486522,0.000506704011898038,0.18847344093353313
15.158731247929758,0.0016436526973334364,0.000506704011898038,0.18866473261193503
15.161232387557977,0.0026405139092629537,0.000506704011898038,0.18884947004543787
15.163733549310184,0.00948125035850711,0.000506704011898038,0.1890341401864562
15.16623473326081,0.009977435692861997,0.000506704011898038,0.18921866458891606
15.168735939484286,0.007897483455238108,0.000506704011898038,0.1893991075087702
15.17123716805504,0.007279537130576219,0.000506704011898038,0.1895799018447198
15.173738419047504,0.013131407334357442,0.000506704011898038,0.18976094428447848
15.17623969253611,0.022522001402110414,0.000506704011898038,0.1899421311749507
15.17874098859528,0.023818623531290578,0.000506704011898038,0.1901233585222283
15.18124230729945,0.020882373884586053,0.000506704011898038,0.19030452199158704
15.18374364872305,0.012205750106469737,0.000506704011898038,0.19048551690748414
15.186245012940505,0.0010404706669437935,0.000506704011898038,0.19066560116856934
15.18874640002625,0.0012847102415180223,0.000506704011898038,0.1908476580707667
15.191247810054714,0.0011802838229063028,0.000506704011898038,0.19103174018877733
15.193749243100324,0.0003840088037409539,0.000506704011898038,0.19121212400143503
15.196250699237511,0.00023674736206127922,0.000506704011898038,0.19139269040447368
15.198752178540708,0.0014203947946064277,0.000506704011898038,0.19157359078408673
15.201253681084342,0.0006662211760034009,0.000506704011898038,0.1917549761817858
15.203755206942844,-0.0008418432199018278,0.000506704011898038,0.19193593220065092
15.206256756190642,0.0010686972254209948,0.000506704011898038,0.19212038085230507
15.208758328902167,0.0015797085894463936,0.000506704011898038,0.19230825306063667
15.21125992515185,-0.000593962709996898,0.000506704011898038,0.19249640101666424
15.213761545014119,5.735968649020484e-05,0.000506704011898038,0.1926907542219065
15.216263188563405,0.0011036115795644008,0.000506704011898038,0.19288791212075201
15.218764855874136,0.00024592593323755074,0.000506704011898038,0.1930831498002092
15.221266547020745,0.0012547441708051776,0.000506704011898038,0.19328383386938397
15.22376826207766,0.002239000662905166,0.000506704011898038,0.19348136652329762
15.22627000111931,0.0013348506012538508,0.000506704011898038,0.19367584834681864
15.228771764220125,0.0006630520335495771,0.000506704011898038,0.19387536056294172
15.231273551454539,0.0019902793137921426,0.000506704011898038,0.19407108553995353
15.233775362896976,0.0027756234792964685,0.000506704011898038,0.19426694356443874
15.236277198621869,0.0003781406468185977,0.000506704011898038,0.19446286450176847
15.238779058703647,0.0006987719914162693,0.000506704011898038,0.19465877779508645
15.24128094321674,0.002332578295773269,0.000506704011898038,0.19485461246530453
15.24378285223558,0.0025600464600480655,0.000506704011898038,0.19505029711109867
15.246284785834593,0.0016964056211575262,0.000506704011898038,0.19524684909131598
15.248786744088212,0.0035561940650416513,0.000506704011898038,0.1954468138003764
15.251288727070865,0.003789856609650616,0.000506704011898038,0.1956500510440635
15.253790734856983,0.0027558679883162573,0.000506704011898038,0.19585578559592712
15.256292767520993,0.0036341693720557122,0.000506704011898038,0.19606041520442163
15.25879482513733,0.004468672697837989,0.000506704011898038,0.19626392937400272
15.261296907780421,0.002051332697841579,0.000506704011898038,0.19646631701264206
15.263799015524695,0.0031413366404265952,0.000506704011898038,0.19666756643182087
15.266301148444581,0.010806754774340205,0.000506704011898038,0.1968675518954302
15.268803306614515,0.009112112021669061,0.000506704011898038,0.19706626563084148
15.271305490108919,0.00303566588567164,0.000506704011898038,0.19726908298213733
15.273807699002228,0.0010665398673893323,0.000506704011898038,0.1974713151912388
15.276309933368871,0.0025560925679903312,0.000506704011898038,0.19767297516547336
15.278812193283276,0.0008578019148541838,0.000506704011898038,0.19787407535084733
15.281314478819873,-9.037851527385343e-05,0.000506704011898038,0.19807462773204162
15.283816790053093,0.0019029496831926285,0.000506704011898038,0.19827300518739066
15.286319127057366,0.0029511373003925367,0.000506704011898038,0.19847117801237674
15.288821489907122,0.0076466874473063995,0.000506704011898038,0.19866917339030105
15.291323878676788,0.013712265930345413,0.000506704011898038,0.19886218283230025
15.293826293440802,0.01702055024799376,0.000506704011898038,0.1990513318168186
15.296328734273583,0.014206419873475568,0.000506704011898038,0.19923900785213797
15.298831201249568,0.0033265226353288435,0.000506704011898038,0.19942540587075622
15.301333694443183,0.0017010520220368808,0.000506704011898038,0.19960623689593457
15.30383621392886,0.0016565465794092515,0.000506704011898038,0.19979108553115732
15.306338759781031,-7.861937849990008e-05,0.000506704011898038,0.1999757878476773
15.308841332074122,0.0019103363551507824,0.000506704011898038,0.20016136620212932
15.311343930882565,0.007678301540968352,0.000506704011898038,0.20034971411654795
15.313846556280787,0.01194417825207944,0.000506704011898038,0.20053451600799863
15.31634920834322,0.009647886228811714,0.000506704011898038,0.20071554296952332
15.318851887144296,0.006457694233568345,0.000506704011898038,0.20089782159658573
15.321354592758441,0.0017103725401275138,0.000506704011898038,0.2010832768938804
15.32385732526009,0.0013198157663152632,0.000506704011898038,0.2012719306362064
15.326360084723666,0.011842349641761174,0.000506704011898038,0.20146380551446258
15.328862871223603,0.02062032689302934,0.000506704011898038,0.20166122092651245
15.33136568483433,0.011900044210318511,0.000506704011898038,0.2018558218124818
15.333868525630276,0.003242694254735501,0.000506704011898038,0.2020478549540169
15.336371393685873,0.003145700774489474,0.000506704011898038,0.202241127392755
15.33887428907555,0.0020380086968713462,0.000506704011898038,0.20242369890156975
15.341377211873736,0.0006674764202853622,0.000506704011898038,0.20260667861172083
15.343880162154862,0.007597542846700028,0.000506704011898038,0.2027900898275586
15.346383139993357,0.019886750229204858,0.000506704011898038,0.20297395538045568
15.34888614546365,0.018671301110830485,0.000506704011898038,0.2031575098631526
15.351389178640174,0.007118327382467121,0.000506704011898038,0.20333740484049911
15.353892239597355,0.0036700114485478386,0.000506704011898038,0.2035198480856586
15.356395328409626,0.0013772304010954417,0.000506704011898038,0.2037047564385166
15.358898445151414,0.0012905327653273957,0.000506704011898038,0.20389196011253102
15.361401589897154,0.002548911603787285,0.000506704011898038,0.20407781798618774
15.363904762721269,0.0022947684510176147,0.000506704011898038,0.20426951023952816
15.366407963698192,0.0007049525560727521,0.000506704011898038,0.20446717252437308
15.368911192902356,0.002074242737572035,0.000506704011898038,0.20466805354419682
15.371414450408185,0.002781270588079837,0.000506704011898038,0.20487216591416746
15.373917736290112,0.0014214722111104416,0.000506704011898038,0.20507726920066766
15.376421050622568,0.002077324361588001,0.000506704011898038,0.20528332139962216
15.37892439347998,0.004679197358141041,0.000506704011898038,0.20549139553544354
15.381427764936781,0.0037268972223471475,0.000506704011898038,0.2056998929250844
15.383931165067398,0.0018342746556931355,0.000506704011898038,0.2059013430992068
15.386434593946264,0.0031503395787032817,0.000506704011898038,0.20609868038897822
15.388938051647804,0.004258653464885076,0.000506704011898038,0.20629835802572305
15.391441538246452,0.0007137593507825502,0.000506704011898038,0.20650035008862613
15.393945053816635,0.0005824361603465888,0.000506704011898038,0.20670299399478345
15.396448598432787,0.002110258529637171,0.000506704011898038,0.2069061929387432
15.398952172169334,0.0032115998457763473,0.000506704011898038,0.20710821280615188
15.401455775100708,0.00042119072685520287,0.000506704011898038,0.2073068035107562
15.403959407301338,0.0014890626442612964,0.000506704011898038,0.20750838786975828
15.406463068845653,0.0035565246897720504,0.000506704011898038,0.2077130140477597
15.408966759808086,0.0009980108271083477,0.000506704011898038,0.20792174796677562
15.411470480263063,0.00160966951214353,0.000506704011898038,0.2081268448613019
15.413974230285014,0.008348483592709843,0.000506704011898038,0.20833146823636073
15.41647800994837,0.016605397985829523,0.000506704011898038,0.20853824420253206
15.418981819327565,0.013218788652028829,0.000506704011898038,0.20874065439485523
15.421485658497023,0.005720443511908591,0.000506704011898038,0.20894743669175067
15.423989527531175,0.004415684026916666,0.000506704011898038,0.20915085712126866
15.426493426504454,0.0002966662286895405,0.000506704011898038,0.20935845280948417
15.428997355491285,0.0023453600523874463,0.000506704011898038,0.20956783856539077
15.431501314566104,0.004449818783591103,0.000506704011898038,0.2097746660859129
15.434005303803334,0.002900324634171725,0.000506704011898038,0.20998270583524786
15.43650932327741,0.0006376572948505743,0.000506704011898038,0.21017950801804752
15.439013373062759,0.0002349710811705985,0.000506704011898038,0.21038067532646662
15.441517453233812,0.0030476688527523443,0.000506704011898038,0.2105813025406962
15.444021563864998,0.002031766618686426,0.000506704011898038,0.21078249700375007
15.446525705030751,0.0010053769958477676,0.000506704011898038,0.21098191106177677
15.449029876805495,0.0030810022350671318,0.000506704011898038,0.21117971642641384
15.451534079263663,0.005328356490725578,0.000506704011898038,0.21138140723692475
15.454038312479685,0.009176215915463748,0.000506704011898038,0.2115855943140237
15.456542576527989,0.011745844865572425,0.000506704011898038,0.21179214901411159
15.459046871483006,0.007749890977896218,0.000506704011898038,0.21200094272308953
15.461551197419167,0.0018232308546600184,0.000506704011898038,0.21221184685636288
15.4640555544109,0.0006638264876843158,0.000506704011898038,0.21242473285883942
15.466559942532633,0.0030692978443178365,0.000506704011898038,0.21263947220493168
15.469064361858802,0.0031224148562622456,0.000506704011898038,0.21285593639855796
15.47156881246383,0.0004953362943502515,0.000506704011898038,0.21307315977446922
15.474073294422153,0.003437360382590765,0.000506704011898038,0.21328852054599334
15.476577807808194,0.006953344272052547,0.000506704011898038,0.21350336092728164
15.479082352696391,0.00653109564629098,0.000506704011898038,0.21371808142265117
15.48158692916117,0.0027656574726847294,0.000506704011898038,0.21393118254746146
15.484091537276958,0.003418628068376728,0.000506704011898038,0.21414254426115553
15.486596177118189,0.0026958770539311228,0.000506704011898038,0.21435973192735258
15.489100848759291,0.0018574172215888585,0.000506704011898038,0.21457920786464152
15.491605552274692,0.002029405120254568,0.000506704011898038,0.2147928107433617
15.494110287738827,0.003981384709541014,0.000506704011898038,0.21500374869525224
15.496615055226119,0.0019290676667615414,0.000506704011898038,0.21521767093612204
15.499119854811008,-0.00014958419870020334,0.000506704011898038,0.2154329430409349
15.501624686567913,0.0023953706783103323,0.000506704011898038,0.21565120121116524
15.504129550571268,0.0026789251653240587,0.000506704011898038,0.21587866435150282
15.506634446895504,0.001137512682281322,0.000506704011898038,0.21610862951116586
15.509139375615053,0.0005531356351210215,0.000506704011898038,0.21633424714501137
15.511644336804338,0.002894016050702136,0.000506704011898038,0.21655880598644514
15.514149330537794,0.0020489270634306,0.000506704011898038,0.2167829616684743
15.516654356889852,0.0016958055158603769,0.000506704011898038,0.21700671114194967
15.519159415934936,0.00961202684444995,0.000506704011898038,0.21723005063912781
15.52166450774748,0.014303632242837538,0.000506704011898038,0.2174558089979457
15.524169632401916,0.009746715085787616,0.000506704011898038,0.2176864042785029
15.52667478997267,0.005305391893267231,0.000506704011898038,0.21792205680427343
15.529179980534174,0.00387415439430544,0.000506704011898038,0.21815633685051605
15.531685204160857,0.0018376924749586854,0.000506704011898038,0.218393797493382
15.534190460927144,-0.0006899908457373705,0.000506704011898038,0.2186366679416228
15.536695750907471,0.0018232365376999182,0.000506704011898038,0.2188801058170821
15.53920107417627,0.001897474662007459,0.000506704011898038,0.2191258559684323
15.541706430807967,0.002176889365327478,0.000506704011898038,0.2193739150378944
15.54421182087699,-0.0005778568920313254,0.000506704011898038,0.2196203001952159
15.546717244457772,0.0032040974734842687,0.000506704011898038,0.21986779117965846
15.549222701624743,0.006732730757327471,0.000506704011898038,0.22011768990256886
15.551728192452329,0.007909056497610423,0.000506704011898038,0.2203555501464027
15.554233717014963,0.01701503893248346,0.000506704011898038,0.22059550653034338
15.556739275387077,0.02497971793930584,0.000506704011898038,0.22083741317491248
15.559244867643097,0.02326501563880648,0.000506704011898038,0.22108175788544945
15.561750493857454,0.01328030309430897,0.000506704011898038,0.22132842256637258
15.564256154104578,0.007951006372662245,0.000506704011898038,0.221571532167406
15.566761848458897,0.00291563360091579,0.000506704011898038,0.22182119364916703
15.569267576994847,-0.00011869167823858051,0.000506704011898038,0.22207482814622173
15.57083448079128,0.014930612324339038,0.000506704011898038,0.22233225499284237
15.573338655589943,0.01583786672045695,0.000506704011898038,0.2225912964883943
15.57584281093496,0.014091935230918284,0.000506704011898038,0.22285307275847732
15.578346946867432,0.009209933412331006,0.000506704011898038,0.22311615882813005
15.580851063428472,0.001757834753286558,0.000506704011898038,0.22338052487703047
15.583355160659181,0.0018030284486916237,0.000506704011898038,0.22364176281462095
15.58585923860067,0.001797183093935839,0.000506704011898038,0.2239028504927414
15.588363297294038,0.0016389440201019512,0.000506704011898038,0.22415549074158617
15.590867336780397,0.0011626025032595855,0.000506704011898038,0.22442444866300934
15.593371357100851,0.001313889151943387,0.000506704011898038,0.2246963710815496
15.595875358296507,0.0014940555666159983,0.000506704011898038,0.22496433026563498
15.598379340408473,0.0017422298169138817,0.000506704011898038,0.22523143216185365
15.60088330347785,0.002653670664262031,0.000506704011898038,0.22550081798450378
15.603387247545749,0.0014122733132665155,0.000506704011898038,0.2257724049697717
15.605891172653273,0.0021838406213614547,0.000506704011898038,0.2260368956295596
15.60839507884153,0.00030770568899840534,0.000506704011898038,0.22630478436635507
15.610898966151627,0.0007594157035264448,0.000506704011898038,0.22657137751597997
15.613402834624667,0.0011955735856313543,0.000506704011898038,0.22683747274485777
15.61590668430176,0.0010692060273458093,0.000506704011898038,0.22710302801654556
15.618410515224012,0.002767123361176599,0.000506704011898038,0.22737094125883692
15.620914327432523,0.010322536675014954,0.000506704011898038,0.22764103592715237
15.623418120968406,0.037996816542159056,0.000506704011898038,0.22791313565817709
15.625921895872766,0.048462692604713836,0.000506704011898038,0.22818342188306137
15.628425652186708,0.0317388306569118,0.000506704011898038,0.2284549531929369
15.630929389951337,0.011634345681204972,0.000506704011898038,0.2287281589199228
15.633433109207761,0.0031720259306187437,0.000506704011898038,0.22900294040965713
15.635936809997085,0.0017193479136039247,0.000506704011898038,0.22927954867701203
15.638440492360417,0.001416165646102474,0.000506704011898038,0.22955670345821594
15.640944156338861,0.002013846781422829,0.000506704011898038,0.22983193289424028
15.643447801973526,0.002578026937131772,0.000506704011898038,0.23010758123320751
15.645951429305514,0.003699669979116471,0.000506704011898038,0.23038988427794516
15.648455038375936,0.002456662817530264,0.000506704011898038,0.23066470034062897
15.650958629225894,0.0012588148756199624,0.000506704011898038,0.23095165671446527
15.653462201896497,0.0009649206396743215,0.000506704011898038,0.23123932086786406
15.655965756428849,0.0006552683293863937,0.000506704011898038,0.23152751829381185
15.658469292864059,0.0007985244930917568,0.000506704011898038,0.23182028768608984
15.66097281124323,0.00016621755389753523,0.000506704011898038,0.23210942853736613
15.663476311607472,0.0010493668765778341,0.000506704011898038,0.2324000238821454
15.665979793997886,0.0014102033109788803,0.000506704011898038,0.2326864783976815
15.668483258455582,0.002605084839784527,0.000506704011898038,0.23297473786368367
15.670986705021667,0.0034562118685466103,0.000506704011898038,0.23326330717988591
15.673490133737243,0.0028346037828476944,0.000506704011898038,0.23355198947254105
15.67599354464342,0.0015669355411042918,0.000506704011898038,0.23383563749251804
15.678496937781304,0.00038874516338374687,0.000506704011898038,0.2341206339348415
15.681000313191998,0.0005058149718548122,0.000506704011898038,0.2344053020299694
15.68350367091661,0.0007541354081559704,0.000506704011898038,0.23468180712962758
15.686007010996248,0.000196873375677864,0.000506704011898038,0.23496820868145513
15.688510333472015,-0.00011973143607671433,0.000506704011898038,0.23525583129698255
15.691013638385021,0.00040005674588847184,0.000506704011898038,0.23554452905330292
15.693516925776368,0.0004510348551034493,0.000506704011898038,0.2358399875050008
15.696020195687165,9.962980695485402e-05,0.000506704011898038,0.23613711891941175
15.698523448158516,0.0010666851981344094,0.000506704011898038,0.23642372713914864
15.70102668323153,1.1811355203589224e-05,0.000506704011898038,0.23670757924189098
15.703529900947313,0.0008256886958830922,0.000506704011898038,0.23699180405904463
15.706033101346968,0.0005351452179179483,0.000506704011898038,0.23727466414422985
15.708536284471602,0.0002597262081656948,0.000506704011898038,0.23755189461362386
15.711039450362325,0.000491957741881266,0.000506704011898038,0.2378257362563404
15.713542599060238,0.00015043319769578178,0.000506704011898038,0.23809644499594507
15.71604573060645,0.0008402261278510625,0.000506704011898038,0.23836953666889113
15.71854884504207,0.0020491603008606363,0.000506704011898038,0.23864619475268073
15.721051942408199,0.008670053098331548,0.000506704011898038,0.23892302657478556
15.723555022745943,0.015193055904314884,0.000506704011898038,0.2392087129448839
15.726058086096412,0.014699407829329936,0.000506704011898038,0.23949689103896954
15.728561132500712,0.007860641902246807,0.000506704011898038,0.23978747730507224
15.731064161999946,0.004746088572585239,0.000506704011898038,0.24008442004464656
15.733567174635223,0.014936509295606637,0.000506704011898038,0.240383276282701
15.736070170447647,0.04390150140579224,0.000506704011898038,0.24068394133511872
15.738573149478327,0.05563330164113145,0.000506704011898038,0.24098631012736788
15.741076111768365,0.034786367055619605,0.000506704011898038,0.24129173890904182
15.743579057358872,0.011877062846025938,0.000506704011898038,0.24160005597473203
15.74608198629095,0.004315660039370478,0.000506704011898038,0.24191108981949755
15.748584898605708,0.0018487366020318308,0.000506704011898038,0.24223816451114694
15.751087794344253,0.0015981556269972497,0.000506704011898038,0.24256667630561038
15.753590673547686,0.004222970267757975,0.000506704011898038,0.24289856476063032
15.756093536257119,0.011946110326070597,0.000506704011898038,0.24323393551527647
15.758596382513655,0.013418997180020431,0.000506704011898038,0.24356493256334466
15.7610992123584,0.008867119492929398,0.000506704011898038,0.24389890431929273
15.763602025832464,0.0014005300655716701,0.000506704011898038,0.24423591826168717
15.76610482297695,0.0001318926873091486,0.000506704011898038,0.2445783250156197
15.768607603832962,-0.00019911822419746428,0.000506704011898038,0.24492209815758298
15.77111036844161,0.0007117574478401889,0.000506704011898038,0.24526702940204262
15.773613116844,0.001173775980866515,0.000506704011898038,0.245616129747164
15.776115849081235,0.0014006999555657706,0.000506704011898038,0.24596320717768244
15.778618565194424,0.0017174868502632112,0.000506704011898038,0.24630792661720166
15.781121265224671,0.0012898084109917995,0.000506704011898038,0.24664753179941715
15.783623949213087,0.0007446761685486469,0.000506704011898038,0.24698581580815662
15.786126617200773,0.0002382699251805287,0.000506704011898038,0.24733101039317787
15.788629269228839,0.0007510409565118226,0.000506704011898038,0.24767884759090084
15.791131905338387,0.006072377500171727,0.000506704011898038,0.24802240827136215
15.793634525570527,0.015234026541653789,0.000506704011898038,0.24836881312484743
15.796137129966361,0.01962140459794079,0.000506704011898038,0.24871531889704937
15.798639718567001,0.013155061119602851,0.000506704011898038,0.24906649223263616
15.801142291413548,0.01240094591135485,0.000506704011898038,0.24941454895418322
15.80364484854711,0.015110566894122657,0.000506704011898038,0.24976407235288067
15.806147390008794,0.01087794532964742,0.000506704011898038,0.2501149332539504
15.808649915839705,0.004216561993702905,0.000506704011898038,0.2504661889774784
15.811152426080952,0.0009809900966527008,0.000506704011898038,0.2508105694630314
15.813654920773637,0.0006942428919550769,0.000506704011898038,0.25114923833076513
15.816157399958866,0.0008546532074562019,0.000506704011898038,0.251482290550839
15.818659863677752,0.0007571397730249951,0.000506704011898038,0.25181817839344184
15.821162311971394,0.00036276632467091563,0.000506704011898038,0.252145300668548
15.823664744880901,0.0005529033251680526,0.000506704011898038,0.25247251374902985
15.826167162447376,0.0003540625436110889,0.000506704011898038,0.252799405862102
15.828669564711932,-6.033700708618639e-05,0.000506704011898038,0.25312610560979415
15.83117195171567,0.0017153436875206318,0.000506704011898038,0.25345262783419825
15.833674323499698,0.003925277108573988,0.000506704011898038,0.2537789870670675
15.83617668010512,0.003368809120271987,0.000506704011898038,0.25410790039067377
15.838679021573045,0.0021589715558988365,0.000506704011898038,0.25443925995427535
15.841181347944577,0.0016247689411174604,0.000506704011898038,0.25477295868933775
15.843683659260824,9.460370056796341e-05,0.000506704011898038,0.2551088903095477
15.84618595556289,0.0001684275291105597,0.000506704011898038,0.2554469493108253
15.848688236891883,0.000684255417726598,0.000506704011898038,0.2557879506426311
15.85119050328891,0.00024371126360528406,0.000506704011898038,0.25612743202308363
15.853692754795075,0.00010413136696574288,0.000506704011898038,0.25646828317656545
15.856194991451485,-0.00020619562547791181,0.000506704011898038,0.25680800970390744
15.858697213299246,0.00029646041907965826,0.000506704011898038,0.2571496445478113
15.861199420379466,-0.00042501789433402326,0.000506704011898038,0.25749505062620764
15.863701612733248,0.0001291787811659728,0.000506704011898038,0.25784646393006416
15.8662037904017,0.000896387532992593,0.000506704011898038,0.25819819108003983
15.868705953425929,0.001499024702828422,0.000506704011898038,0.2585520780461874
15.87120810184704,0.0004273868559865335,0.000506704011898038,0.25890495614466724
15.873710235706138,-0.0009442428766535671,0.000506704011898038,0.25925543414461116
15.876212355044332,-0.000290622521711581,0.000506704011898038,0.2596076176886139
15.878714459902724,-8.672407927190484e-05,0.000506704011898038,0.2599624060280652
15.881216550322428,0.0001813524689378565,0.000506704011898038,0.2603183647646826
15.883718626344542,-0.0006323680167045209,0.000506704011898038,0.260679393515731
15.886220688010175,0.0001505027871249176,0.000506704011898038,0.2610335210813758
15.888722735360433,0.0002590517131512149,0.000506704011898038,0.2613876187409086
15.891224768436427,0.0004141931418935041,0.000506704011898038,0.26173912856034187
15.893726787279254,0.0012951308687883523,0.000506704011898038,0.26208899880923725
15.896228791930026,0.00047905848353774205,0.000506704011898038,0.2624414683505778
15.898730782429851,0.0011083940468806786,0.000506704011898038,0.26279290608379174
15.90123275881983,0.000701353695823137,0.000506704011898038,0.26315526842756654
15.903734721141072,-0.0008025467715802592,0.000506704011898038,0.26352062816431887
15.906236669434682,0.00013775573910274064,0.000506704011898038,0.2638888788008745
15.908738603741769,0.0006837420144728545,0.000506704011898038,0.26425317170569823
15.911240524103436,0.0013157680405819216,0.000506704011898038,0.26461653735345175
15.91374243056079,0.0002478150949350444,0.000506704011898038,0.26497215482835634
15.916244323154938,-1.9589335646330586e-05,0.000506704011898038,0.26532742170101786
15.918746201926986,-0.0001070759720352421,0.000506704011898038,0.2656815204504128
15.92124806691804,0.00022334466768902939,0.000506704011898038,0.2660292006108501
15.923749918169205,0.0008188606775822449,0.000506704011898038,0.2663801600965797
15.926251755721587,0.0012298368584242048,0.000506704011898038,0.2667306685815384
15.928753579616297,0.0010919595248636282,0.000506704011898038,0.2670806145059056
15.931255389894435,-0.00011179881002254533,0.000506704011898038,0.2674298861382246
15.933757186597113,-4.338188399943821e-05,0.000506704011898038,0.26777837157540463
15.936258969765431,-0.0006602220161352479,0.000506704011898038,0.2681243931707149
15.9387607394405,-0.0005484352857031971,0.000506704011898038,0.2684677464083367
15.941262495663423,8.84309046646492e-05,0.000506704011898038,0.2688087879153944
15.943764238475309,-0.00013074875918833717,0.000506704011898038,0.2691474310661766
15.946265967917263,0.0004848116534458824,0.000506704011898038,0.2694912725249398
15.94876768403039,0.0010228054233037964,0.000506704011898038,0.269838314751807
15.951269386855797,0.0008973196178791443,0.000506704011898038,0.27018474189778147
15.95377107643459,-0.00035473356996573724,0.000506704011898038,0.2705317619214971
15.956272752807877,0.0003803147769508297,0.000506704011898038,0.2708791805655428
15.95877441601676,0.0006563152673685346,0.000506704011898038,0.2712268040983386
15.961276066102352,0.003901287606300541,0.000506704011898038,0.2715744393141327
15.963777703105752,0.012155666056697934,0.000506704011898038,0.2719201862207678
15.96627932706807,0.01898876644677555,0.000506704011898038,0.27226590284233915
15.968780938030411,0.01120913230150511,0.000506704011898038,0.27260885269337054
15.971282536033883,0.0034782328457725886,0.000506704011898038,0.2729447118712935
15.973784121119591,0.0009144103710698182,0.000506704011898038,0.27328081354427675
15.976285693328641,0.0006312659313438274,0.000506704011898038,0.2736170055622552
15.978787252702137,0.002197157629357238,0.000506704011898038,0.2739505160765071
15.981288799281188,0.0026293600705385445,0.000506704011898038,0.2742852840698427
15.983790333106901,0.0025909268437847577,0.000506704011898038,0.2746178793757274
15.986291854220381,0.0028008044144554045,0.000506704011898038,0.27495412431410154
15.988793362662733,0.0144596542653056,0.000506704011898038,0.2752867200003169
15.991294858475063,0.030282348851489338,0.000506704011898038,0.2756182741507128
15.99379634169848,0.02917221594410857,0.000506704011898038,0.27595201703253697
15.996297812374088,0.016920382410848755,0.000506704011898038,0.2762839606187428
15.998799270542992,0.007118756692869932,0.000506704011898038,0.27662092398891874
16.001300716246302,0.00938671499803534,0.000506704011898038,0.2769665522930577
16.00380214952512,0.016593464756354592,0.000506704011898038,0.27731375238452016
16.00630357042056,0.017343684786841895,0.000506704011898038,0.277662701013431
16.008804978973718,0.015851245647594547,0.000506704011898038,0.2780188172210615
16.011306375225704,0.017193125783847962,0.000506704011898038,0.2783786969330945
16.013807759217627,0.010676998652291547,0.000506704011898038,0.2787334453954053
16.01630913099059,0.011120426142421147,0.000506704011898038,0.2790862486310909
16.0188104905857,0.020410188964676224,0.000506704011898038,0.27943697162782033
16.021311838044063,0.0238583076195632,0.000506704011898038,0.27978495694843325
16.023813173406786,0.012499024846113205,0.000506704011898038,0.28012804575105765
16.026314496714974,0.0031207890655499115,0.000506704011898038,0.28046768539985023
16.028815808009735,0.0008031983112543606,0.000506704011898038,0.2808037883363838
16.031317107332175,0.0006195647472623245,0.000506704011898038,0.28113543384619083
16.0338183947234,0.00012786234893324977,0.000506704011898038,0.2814640517926138
16.03631967022451,0.0005191232706525661,0.000506704011898038,0.2817921655526039
16.03882093387662,0.0015971952647437226,0.000506704011898038,0.2821193296859336
16.041322185720837,0.005164935558790218,0.000506704011898038,0.28244547652959134
16.04382342579826,0.011920338028577504,0.000506704011898038,0.28277053883490627
16.046324654149995,0.013400512685549149,0.000506704011898038,0.2830944497675446
16.048825870817154,0.01172382325729221,0.000506704011898038,0.28340910702073935
16.05132707584084,0.005849319391690089,0.000506704011898038,0.2837204924589051
16.053828269262162,0.0023260853464715514,0.000506704011898038,0.28403693843222116
16.056329451122224,0.0017141025586798198,0.000506704011898038,0.2843612620050952
16.05883062146213,-0.00037872660184401497,0.000506704011898038,0.2846903684000359
16.061331780322988,-0.00034152568435347197,0.000506704011898038,0.2850111827810252
16.063832927745906,0.000307869419746587,0.000506704011898038,0.2853232139161074
16.066334063771986,-0.00026267509288718793,0.000506704011898038,0.2856378977865823
16.06883518844234,-0.0001815257667583947,0.000506704011898038,0.2859458302688532
16.07133630179807,-7.947150704218364e-05,0.000506704011898038,0.28625477241803693
16.073837403880283,0.0002984431061376913,0.000506704011898038,0.28656157695882045
16.076338494730088,0.000276251381293946,0.000506704011898038,0.2868677067366178
16.078839574388585,-0.0004568593666727794,0.000506704011898038,0.287175716328724
16.081340642896883,-3.2136407666416567e-05,0.000506704011898038,0.287479205731696
16.083841700296095,0.0003096397369530268,0.000506704011898038,0.28778209579595365
16.086342746627317,-0.0005636708525920686,0.000506704011898038,0.2880843469558113
16.08884378193166,-0.0007036249796609217,0.000506704011898038,0.28838592052821177
16.09134480625023,-0.00015317578199569581,0.000506704011898038,0.2886859793201102
16.093845819624136,0.00022013650996555167,0.000506704011898038,0.28898353869931437
16.09634682209447,0.0005723690402995585,0.000506704011898038,0.2892779115924309
16.098847813702363,0.00017004901663614236,0.000506704011898038,0.28957027165759336
16.1013487944889,0.0015315472056289803,0.000506704011898038,0.2898567495114902
16.103849764495195,0.0015960528866232893,0.000506704011898038,0.290139749625712
16.106350723762354,0.005980430485018229,0.000506704011898038,0.29042308293453145
16.108851672331486,0.020942685108710113,0.000506704011898038,0.2906987286826249
16.11135261024369,0.04290153749825576,0.000506704011898038,0.29097091442769846
16.113853537540077,0.051168924538988414,0.000506704011898038,0.2912555540599026
16.11635445426175,0.03174757612477597,0.000506704011898038,0.29153682030606115
16.11885536044982,0.011760119461604046,0.000506704011898038,0.2918145926873739
16.121356256145397,0.006797338404090525,0.000506704011898038,0.2920887504536064
16.123857141389575,0.002652053557663958,0.000506704011898038,0.2923591725830919
16.126358016223463,0.0007221239005641977,0.000506704011898038,0.2926257377827324
16.128858880688174,0.0003105872411610644,0.000506704011898038,0.2928910835160714
16.131359734824812,0.0005583383740705439,0.000506704011898038,0.29315926300386425
16.133860578674483,0.0005195732757228844,0.000506704011898038,0.29342383410068235
16.136361412278287,0.0011352496558941771,0.000506704011898038,0.2936866605566098
16.138862235677337,0.0013302717943652342,0.000506704011898038,0.29394715751464073
16.14136304891274,0.001264415819885345,0.000506704011898038,0.2942058748123793
16.1438638520256,0.0008688201010018659,0.000506704011898038,0.2944627149784175
16.146364645057016,0.0009492436239365021,0.000506704011898038,0.2947145408177722
16.148865428048104,0.0006976971364893725,0.000506704011898038,0.2949623498230783
16.151366201039966,0.0008909236979507962,0.000506704011898038,0.2952070031186059
16.153866964073714,0.0008063023999938523,0.000506704011898038,0.29544831855614245
16.156367717190452,0.001424002416124448,0.000506704011898038,0.2956810090916264
16.158868460431275,0.0012820484835854296,0.000506704011898038,0.2959148320994461
16.161369193837302,0.00032212839650963554,0.000506704011898038,0.29614840846477153
16.163869917449635,-0.000632147191679755,0.000506704011898038,0.29637855957716014
16.166370631309377,0.0001954442564736647,0.000506704011898038,0.296605190752045
16.16887133545764,0.0006949204997735992,0.000506704011898038,0.29683537325903325
16.17137202993553,-0.00021816372843208587,0.000506704011898038,0.2970647301489528
16.173872714784142,0.000435741550826485,0.000506704011898038,0.29729805998132036
16.176373390044603,0.0004670417035468333,0.000506704011898038,0.297531594765721
16.178874055757998,0.0004888773053227657,0.000506704011898038,0.29775855927642736
16.181374711965447,0.0005774940807729001,0.000506704011898038,0.297983873731922
16.18387535870805,0.0011325261388836494,0.000506704011898038,0.2982071757722746
16.186375996026914,-5.166932381778233e-05,0.000506704011898038,0.2984240587219351
16.188876623963147,0.0006701439291882383,0.000506704011898038,0.2986420302754211
16.191377242557856,0.000562844016866848,0.000506704011898038,0.2988588011182533
16.19387785185214,0.001479714684403055,0.000506704011898038,0.2990731738591814
16.196378451887114,0.0012860022795176396,0.000506704011898038,0.29928505942135275
16.19887904270388,0.0011915675890639688,0.000506704011898038,0.29949400323156294
16.201379624343545,0.001893518265187244,0.000506704011898038,0.2997011191354181
16.203880196847212,0.0020584906131515535,0.000506704011898038,0.29990916094625025
16.206380760255996,0.0028162686092746414,0.000506704011898038,0.3001200306260801
16.20888131461099,0.0028910459080607187,0.000506704011898038,0.3003277020036625
16.211381859953313,0.0032626339582616515,0.000506704011898038,0.3005340783693783
16.213882396324067,0.0018519605843739795,0.000506704011898038,0.30074048168476525
16.216382923764353,0.0034085329870567893,0.000506704011898038,0.30094151319756235
16.218883442315285,0.01046405110695492,0.000506704011898038,0.3011374134116849
16.221383952017963,0.015460280920193414,0.000506704011898038,0.3013307540984758
16.22388445291349,0.01118895904372147,0.000506704011898038,0.3015251795649768
16.226384945042987,0.005663138811599577,0.000506704011898038,0.3017162317630839
16.228885428447548,0.009343958626649662,0.000506704011898038,0.30190956683655285
16.231385903168277,0.014438077470397326,0.000506704011898038,0.30209928409945375
16.23388636924629,0.013026800547483619,0.000506704011898038,0.30228530121900576
16.23638682672269,0.006219971004982061,0.000506704011898038,0.3024710020182812
16.238887275638575,0.002879167073298383,0.000506704011898038,0.30265815836410903
16.241387716035067,0.0009293213559431468,0.000506704011898038,0.30284453453830806
16.243888147953257,0.0012154838162506398,0.000506704011898038,0.3030368398663606
16.24638857143426,0.0009377238616902761,0.000506704011898038,0.30323283720782485
16.248888986519173,0.0010617708525712533,0.000506704011898038,0.3034208720233522
16.251389393249113,0.0016807791479408474,0.000506704011898038,0.30360603867801994
16.253889791665184,0.0029117297934644903,0.000506704011898038,0.3037882772207504
16.256390181808484,0.0038984089895467977,0.000506704011898038,0.30397002998949213
16.25889056372013,0.0019777529836516594,0.000506704011898038,0.3041432672495715
16.26139093744122,0.00161684954125213,0.000506704011898038,0.30432071363955004
16.263891303012866,0.0023618799790718903,0.000506704011898038,0.3045004466700502
16.266391660476174,0.0073788106779037466,0.000506704011898038,0.30467936740389123
16.268892009872243,0.020587016940750436,0.000506704011898038,0.30485917758854125
16.271392351242184,0.029560930800372975,0.000506704011898038,0.3050443737749069
16.273892684627107,0.020443369579550952,0.000506704011898038,0.3052352121480245
16.276393010068112,0.0064352572621252935,0.000506704011898038,0.3054339401912347
16.27889332760631,0.0019096994391240574,0.000506704011898038,0.3056340066322342
16.2813936372828,0.0006202121461996168,0.000506704011898038,0.30583574481915554
16.283893939138697,0.0018567524639227506,0.000506704011898038,0.30603535716322694
16.286394233215102,0.0009217143320354171,0.000506704011898038,0.3062338707093849
16.28889451955312,0.0002695878884320657,0.000506704011898038,0.306431947947679
16.291394798193863,0.0001313337163023065,0.000506704011898038,0.30662954789704844
16.293895069178433,0.0005190808702875693,0.000506704011898038,0.306826630149224
16.296395332547934,0.0011664337284616466,0.000506704011898038,0.3070212240626266
16.29889558834348,0.0003358660222325116,0.000506704011898038,0.3072051086375943
16.30139583660617,0.00032843975252633273,0.000506704011898038,0.3073902597118272
16.30389607737711,0.0006378207310287487,0.000506704011898038,0.30757255225697405
16.306396310697412,0.001626514903299181,0.000506704011898038,0.307749163141813
16.308896536608177,0.0008233783705875464,0.000506704011898038,0.3079201587382456
16.311396755150515,0.001063154296082669,0.000506704011898038,0.30807464828834924
16.313896966365526,0.001148933730328261,0.000506704011898038,0.30822651101498
16.316397170294323,0.0029401654779576125,0.000506704011898038,0.30837607839959374
16.31889736697801,0.008404234703228375,0.000506704011898038,0.30852831464701624
16.321397556457693,0.01812982384565015,0.000506704011898038,0.3086819371989594
16.323897738774477,0.02196073016398392,0.000506704011898038,0.3088328450917811
16.32639791396947,0.009746424378535845,0.000506704011898038,0.30898117537298686
16.328898082083775,0.003147797375142758,0.000506704011898038,0.30912728606939843
16.3313982431585,0.0017759567967066126,0.000506704011898038,0.30927109126349484
16.33389839723476,0.0027327040026388083,0.000506704011898038,0.3094125047533019
16.336398544353642,-3.726284241750699e-05,0.000506704011898038,0.30955162500675293
16.33889868455627,-0.000736862593108234,0.000506704011898038,0.3096883569215242
16.34139881788374,0.00024524272874054676,0.000506704011898038,0.30982406673763496
16.343898944377163,0.0010819657377039715,0.000506704011898038,0.3099611229485751
16.34639906407764,0.00017511016743715357,0.000506704011898038,0.31010820500762054
16.348899177026286,0.00044923855076356434,0.000506704011898038,0.3102484198282768
16.351399283264197,0.0010518413487131117,0.000506704011898038,0.3103865227872565
16.353899382832488,0.0007313303417507133,0.000506704011898038,0.3105227841709511
16.356399475772264,0.0006479354451504604,0.000506704011898038,0.3106644289764903
16.358899562124623,0.00016921710899414633,0.000506704011898038,0.3108041008597476
16.361399641930678,0.0006571486051624165,0.000506704011898038,0.31093549665715914
16.363899715231536,0.0012808021639019174,0.000506704011898038,0.3110679911069697
16.3663997820683,0.001349561635011376,0.000506704011898038,0.31119706317389345
16.368899842482076,0.0003844348153090871,0.000506704011898038,0.3113226990664867
16.37139989651397,0.0004221709618905667,0.000506704011898038,0.31144573513988916
16.373899944205093,0.0006086708293547294,0.000506704011898038,0.31157088924277293
16.37639998559655,0.0005688976708213556,0.000506704011898038,0.3116982399460564
16.37890002072944,0.0007904915617676367,0.000506704011898038,0.3118277491827969
16.381400049644874,0.0018372925024573439,0.000506704011898038,0.31195438166088163
16.383900072383963,0.0019120909350520132,0.000506704011898038,0.3120900165338423
16.386400088987806,0.001126705489244595,0.000506704011898038,0.3122262113893721
16.388900099497512,0.0018341948385756646,0.000506704011898038,0.31236342539736695
16.391400103954183,0.0016861869558820741,0.000506704011898038,0.3125017147512513
16.393900102398934,0.0013565128032619334,0.000506704011898038,0.31264113644065705
16.396400094872867,0.003407177832400854,0.000506704011898038,0.31279160771344844
16.398900081417086,0.011944684680233297,0.000506704011898038,0.31292971637315936
16.4014000620727,0.01976644488774365,0.000506704011898038,0.3130661792339288
16.40390003688081,0.01671676497660729,0.000506704011898038,0.3132009326107217
16.406400005882528,0.005817858278919341,0.000506704011898038,0.31333604230142353
16.40889996911896,0.0011888610055622584,0.000506704011898038,0.31346951361793246
16.41139992663121,0.001500670821704242,0.000506704011898038,0.31360556932348854
16.413899878460384,0.001432381543271244,0.000506704011898038,0.3137483661283216
16.416399824647588,0.0006383174441129125,0.000506704011898038,0.3138805146350118
16.41889976523393,0.00035117188259953247,0.000506704011898038,0.31401479256262177
16.421399700260515,0.0018343858303770388,0.000506704011898038,0.31415526748358846
16.42389962976845,-2.7168748914174756e-05,0.000506704011898038,0.31428886782330523
16.426399553798838,0.00095879198060278,0.000506704011898038,0.3144191399135056
16.428899472392793,0.001756651210764848,0.000506704011898038,0.31455075042231495
16.431399385591412,0.0018124403933070798,0.000506704011898038,0.3146814141462077
16.433899293435804,0.0009930290408152187,0.000506704011898038,0.3148130882890478
16.43639919596708,0.001579220131748993,0.000506704011898038,0.31494500032705935
16.43889909322634,0.002783738815266057,0.000506704011898038,0.3150697915191797
16.441398985254693,0.005412484025054343,0.000506704011898038,0.3151922953896298
16.443898872093246,0.005245710944733972,0.000506704011898038,0.3153125294375602
16.4463987537831,0.003769552514382324,0.000506704011898038,0.3154250842468729
16.44889863036537,0.002587685122152017,0.000506704011898038,0.31554185956886766
16.451398501881158,0.001697786564182846,0.000506704011898038,0.31565859746511016
16.45389836837157,0.000996592419937825,0.000506704011898038,0.3157751878369574
16.456398229877706,0.0007044884413242025,0.000506704011898038,0.3159063695185957
16.458898086440684,0.0014429352956789598,0.000506704011898038,0.3160344479378391
16.461397938101598,0.0009959771667938377,0.000506704011898038,0.316156469235568
16.463897784901565,0.0005638380908511986,0.000506704011898038,0.3162794799622504
16.466397626881683,0.0007649767871672486,0.000506704011898038,0.31640614809097145
16.468897464083064,0.0018213422410294222,0.000506704011898038,0.3165272507160237
16.471397296546815,0.008609529249415271,0.000506704011898038,0.31664989591778725
16.473897124314036,0.013392962933590713,0.000506704011898038,0.31677519371145385
16.476396947425833,0.012971845655183056,0.000506704011898038,0.3169049405775023
16.47889676592332,0.012891945744433753,0.000506704011898038,0.3170331330247143
16.4813965798476,0.020946760514297835,0.000506704011898038,0.3171601417734781
16.483896389239774,0.01430652653516079,0.000506704011898038,0.3172913987698618
16.486396194140955,0.004471723251251503,0.000506704011898038,0.3174259639587231
16.488895994592244,0.001043489584465096,0.000506704011898038,0.3175605044792205
16.49139579063475,0.0006314765708862469,0.000506704011898038,0.3176950237427872
16.49389558230958,-1.6932341842856857e-05,0.000506704011898038,0.31783174884525517
16.49639536965784,0.00015362031127263975,0.000506704011898038,0.3179705831189969
16.498895152720632,0.0015582959005895902,0.000506704011898038,0.31810883580563354
16.501394931539064,0.007537619351490665,0.000506704011898038,0.31824798268824694
16.503894706154245,0.016779777747148672,0.000506704011898038,0.31838806784597157
16.50639447660728,0.015438450735420384,0.000506704011898038,0.31852913578700737
16.508894242939274,0.00872595300968737,0.000506704011898038,0.31867013612836753
16.511394005191335,0.0009310231908266076,0.000506704011898038,0.31880948467766157
16.513893763404567,0.0012680266333951473,0.000506704011898038,0.3189472270467694
16.516393517620077,-0.00022044910216562075,0.000506704011898038,0.31908200544366117
16.518893267878973,-4.642518457781408e-05,0.000506704011898038,0.31922178271898227
16.52139301422236,3.811578936235849e-05,0.000506704011898038,0.3193583597711867
16.523892756691342,-0.0005867116920511006,0.000506704011898038,0.3194917130083388
16.526392495327027,-0.0008689247060200689,0.000506704011898038,0.31962587720026214
16.528892230170523,-0.00016394928194596314,0.000506704011898038,0.31975718590095015
16.531391961262933,0.0010659453920607853,0.000506704011898038,0.31988830871641494
16.533891688645365,-0.00026931589903778086,0.000506704011898038,0.32002270161974533
16.536391412358928,-0.0007092809835393954,0.000506704011898038,0.3201589617741633
16.538891132444718,0.0007589941995589378,0.000506704011898038,0.3203011744248595
16.541390848943852,0.00767984214527806,0.000506704011898038,0.32044007094435867
16.54389056189743,0.009897306288675745,0.000506704011898038,0.3205746735411627
16.546390271346564,0.006786420025716333,0.000506704011898038,0.32070840347000684
16.548889977332358,0.0020650543613085492,0.000506704011898038,0.32084789731324986
16.551389679895916,0.0013370343646108007,0.000506704011898038,0.32097810572509367
16.553889379078342,0.0002179015192261824,0.000506704011898038,0.3211059504199423
16.556389074920745,-0.00016948427513119313,0.000506704011898038,0.3212323266686625
16.558888767464232,-0.0003678571205371073,0.000506704011898038,0.32135719479349306
16.56138845674991,-0.0008056975796924548,0.000506704011898038,0.32148140768708616
16.563888142818886,-0.0006806680364935258,0.000506704011898038,0.3216048836539387
16.56638782571226,-0.0007101228086716649,0.000506704011898038,0.3217305155104018
16.568887505471146,0.00022792534408444531,0.000506704011898038,0.3218583509852433
16.57138718213664,0.0007547514234205188,0.000506704011898038,0.3219829591951054
16.573886855749862,-0.0011174446210429623,0.000506704011898038,0.3221164966725922
16.576386526351904,-0.000962071548502641,0.000506704011898038,0.32225015397620005
16.578886193983884,0.0004644828412764257,0.000506704011898038,0.3223808713360945
16.581385858686904,0.00011407145575120792,0.000506704011898038,0.3225161338848442
16.583885520502065,0.00016243171924501532,0.000506704011898038,0.32263496114290263
16.58638517947048,0.002138051988132994,0.000506704011898038,0.32275801122637293
16.58888483563325,0.007128175486439903,0.000506704011898038,0.3228838050319341
16.591384489031487,0.008534529191883411,0.000506704011898038,0.32301233169567617
16.593884139706294,0.005331976489737211,0.000506704011898038,0.32314445136070624
16.596383787698777,0.0009676414767452735,0.000506704011898038,0.3232791251542065
16.598883433050037,0.000797243080205845,0.000506704011898038,0.323416343883481
16.601383075801195,0.002352689524052376,0.000506704011898038,0.32355570832026137
16.603882715993343,0.006626521222039328,0.000506704011898038,0.3236909000617064
16.60638235366759,0.019425120723181144,0.000506704011898038,0.32382211506948605
16.608881988865047,0.020658699693957394,0.000506704011898038,0.3239532857530393
16.611381621626816,0.0084952211818346,0.000506704011898038,0.32408443560075667
16.613881251994005,0.002167055396584072,0.000506704011898038,0.3242155875731356
16.61638088000772,0.002491730040525497,0.000506704011898038,0.32434676410278096
16.61888050570907,0.0027726830324517615,0.000506704011898038,0.32447211465333897
16.62138012913915,0.0019892950921959196,0.000506704011898038,0.3245927899485151
16.623879750339082,0.001480157228491763,0.000506704011898038,0.32472006761225247
16.626379369349962,0.00047670724128567876,0.000506704011898038,0.3248577509691298
16.628878986212897,0.0007813197869345201,0.000506704011898038,0.32499410397896294
16.631378600968997,0.00207645563724268,0.000506704011898038,0.3251366950310312
16.63387821365937,0.0012487974994283557,0.000506704011898038,0.3252825081808499
16.63637782432511,0.0006778803847843906,0.000506704011898038,0.32542892545008806
16.638877433007337,0.0008130548439758134,0.000506704011898038,0.3255745319766755
16.641377039747148,0.0011789301435948807,0.000506704011898038,0.3257247557216435
16.643876644585653,0.005372636179420021,0.000506704011898038,0.32587147429908675
16.64637624756396,0.01066600817827773,0.000506704011898038,0.32601794735150746
16.648875848723172,0.01704825623483286,0.000506704011898038,0.32616415574193935
16.6513754481044,0.022134995812518488,0.000506704011898038,0.32631007988292227
16.65387504574874,0.02511634094202181,0.000506704011898038,0.326456535460738
16.656374641697308,0.01673276627052489,0.000506704011898038,0.32660456707383223
16.65887423599121,0.018593916305581548,0.000506704011898038,0.32675270853104865
16.661373828671543,0.046593229514147017,0.000506704011898038,0.32690275048791845
16.663873419779424,0.06326870372771437,0.000506704011898038,0.32705567482487335
16.666373009355954,0.040920262844896305,0.000506704011898038,0.3272116612686283
16.66887259744224,0.012170646416791497,0.000506704011898038,0.3273688108155073
16.671372184079384,0.0026369456707922567,0.000506704011898038,0.3275289326970857
16.673871769308498,0.0014246072998413406,0.000506704011898038,0.32769399824471024
16.676371353170687,-0.0001429730244177918,0.000506704011898038,0.3278563086935671
16.678870935707057,0.001387785167586919,0.000506704011898038,0.3280186703404308
16.68137051695871,0.003617804932483093,0.000506704011898038,0.328181100116404
16.683870096966757,0.0012801270781592211,0.000506704011898038,0.3283494327069781
16.68636967577231,0.0009012809380081754,0.000506704011898038,0.3285131671250191
16.68886925341646,0.0008015995213210281,0.000506704011898038,0.3286791020183163
16.691368829940323,0.0010681687028242237,0.000506704011898038,0.3288471567878163
16.693868405385004,-0.0010169090514469126,0.000506704011898038,0.32901618367670105
16.69636797979161,0.0004258290861180458,0.000506704011898038,0.3291725152493665
16.698867553201243,0.0006617055610773082,0.000506704011898038,0.3293267800858186
16.701367125655015,-0.00012227984057167074,0.000506704011898038,0.32947827444868294
16.70386669719403,0.0008043230661504697,0.000506704011898038,0.3296276730501358
16.70636626785939,0.0008828389192355734,0.000506704011898038,0.3297780855159154
16.708865837692205,0.0032747514011343126,0.000506704011898038,0.3299373515812254
16.711365406733588,0.003236947832112036,0.000506704011898038,0.33010189120166217
16.713864975024627,0.0019781145981624393,0.000506704011898038,0.330267520265382
16.716364542606446,0.00021202077923343499,0.000506704011898038,0.33043050790932704
16.718864109520144,0.002037217294414362,0.000506704011898038,0.3305962301735976
16.721363675806824,0.011781484488494531,0.000506704011898038,0.33076499895426775
16.723863241507598,0.025056719208052136,0.000506704011898038,0.3309370170671641
16.726362806663573,0.026618797336771416,0.000506704011898038,0.33111217434163503
16.72886237131585,0.012567635209468297,0.000506704011898038,0.3312894345996901
16.731361935505532,0.0023960642123487252,0.000506704011898038,0.3314659671356479
16.733861499273736,0.0011837066405412378,0.000506704011898038,0.3316457997438305
16.73636106266156,-0.0004423826191192193,0.000506704011898038,0.33182412896441155
16.738860625710117,-5.062183657039698e-05,0.000506704011898038,0.33200881808860155
16.741360188460504,0.000812598274051779,0.000506704011898038,0.33218286024997845
16.743859750953835,0.0007099325565586012,0.000506704011898038,0.33235450503640346
16.746359313231213,-0.00022304542093509738,0.000506704011898038,0.3325237353414378
16.74885887533375,0.001182201046995568,0.000506704011898038,0.33269887610661114
16.75135843730254,0.001348964119599283,0.000506704011898038,0.3328763330865357
16.753857999178695,5.668376808309894e-05,0.000506704011898038,0.33305631498723015
16.756357561003327,0.00026041421720807145,0.000506704011898038,0.33323512688476126
16.758857122817535,0.000277916998601746,0.000506704011898038,0.33341280716208593
16.761356684662427,0.000711590958180075,0.000506704011898038,0.33359186206200653
16.76385624657911,0.0014089734240588236,0.000506704011898038,0.33377221664408
16.766355808608694,6.562065435550268e-05,0.000506704011898038,0.33395379590736085
16.768855370792274,0.00036400274937931076,0.000506704011898038,0.33413652479039924
16.77135493317097,0.0017438072652605774,0.000506704011898038,0.3343209635779476
16.773854495785876,0.0011327416881257713,0.000506704011898038,0.33450489942507855
16.776354058678105,-0.0007890309574892784,0.000506704011898038,0.3346865399502855
16.778853621888764,-0.0006321083207838085,0.000506704011898038,0.33487121495027883
16.781353185458958,0.0010086434150188839,0.000506704011898038,0.3350561258985017
16.78385274942979,0.00035905241599304416,0.000506704011898038,0.33524470615957613
16.786352313842364,-0.000803310977194216,0.000506704011898038,0.33543688367380614
16.7888518787378,-0.0006983197454654144,0.000506704011898038,0.3356313796231451
16.791351444157186,0.00038676230655443344,0.000506704011898038,0.3358154342484429
16.79385101014164,0.0001538550007718631,0.000506704011898038,0.33599979147862624
16.79635057673227,-0.00022583968387279718,0.000506704011898038,0.33618443031527634
16.798850143970174,-0.0012889441765739362,0.000506704011898038,0.33636540510670515
16.80134971189646,0.0015972202651200473,0.000506704011898038,0.3365382305915962
16.803849280552235,0.007369001301150813,0.000506704011898038,0.33671395131987397
16.806348849978605,0.017220659426895324,0.000506704011898038,0.3368876569638268
16.80884842021668,0.019297179253351004,0.000506704011898038,0.33706142280646767
16.811347991307567,0.00950070115840762,0.000506704011898038,0.33724179411448496
16.81384756329236,0.002361837672687661,0.000506704011898038,0.3374180954143654
16.81634713621218,-0.0002944380024732518,0.000506704011898038,0.33759320240879986
16.818846710108122,-0.001192644624399608,0.000506704011898038,0.33776453557016917
16.821346285021303,-0.0007144282197164009,0.000506704011898038,0.33794185047202707
16.82384586099282,0.0005907898000391265,0.000506704011898038,0.33812530828560583
16.826345438063782,0.0018097557112721763,0.000506704011898038,0.33830973325530284
16.828845016275295,-0.0007772700056703497,0.000506704011898038,0.3384950562865198
16.831344595668472,0.0008248156850977906,0.000506704011898038,0.3386812081656469
16.833844176284405,0.004934032536306199,0.000506704011898038,0.33886811956006246
16.83634375816421,0.013493114130626871,0.000506704011898038,0.3390557210181357
16.838843341348994,0.027832959303871585,0.000506704011898038,0.3392418643415841
16.84134292587986,0.033970968208975216,0.000506704011898038,0.3394340456507674
16.843842511797913,0.02384788949332206,0.000506704011898038,0.33963023518644536
16.84634209914426,0.010529952653008545,0.000506704011898038,0.33982112563480515
16.848841687960007,0.002208213871743525,0.000506704011898038,0.3400059565553893
16.851341278286263,0.0007643610548193069,0.000506704011898038,0.3401922433308811
16.853840870164134,-0.000667581387750471,0.000506704011898038,0.3403798228906104
16.856340463634726,0.0008198744191411644,0.000506704011898038,0.3405634655244696
16.85884005873914,0.00014501219108037366,0.000506704011898038,0.34074525581465787
16.86133965551849,-0.0005886395328376093,0.000506704011898038,0.3409375599708491
16.863839254013875,0.0019471717703447022,0.000506704011898038,0.3411286674224087
16.866338854266402,0.009215001879651408,0.000506704011898038,0.3413210288048452
16.868838456317185,0.01816850219330962,0.000506704011898038,0.3415174933643336
16.87133806020732,0.0165947005202427,0.000506704011898038,0.3417181463361044
16.873837665977923,0.010344316200600001,0.000506704011898038,0.34192050581618993
16.876337273670092,0.003716789394943021,0.000506704011898038,0.3421265701237488
16.878836883324936,0.0007781975673752939,0.000506704011898038,0.3423237942137208
16.881336494983564,0.000501712361653861,0.000506704011898038,0.34251327576987983
16.883836108687078,0.003580992438986741,0.000506704011898038,0.34271130765973645
16.886335724476584,0.013035568077620463,0.000506704011898038,0.34291561442949914
16.888835342393193,0.027201359828681382,0.000506704011898038,0.34311980186280977
16.89133496247801,0.02975683550637087,0.000506704011898038,0.34332138740858953
16.893834584772137,0.01643867280982675,0.000506704011898038,0.3435256562961502
16.89633420931668,0.013712444109717614,0.000506704011898038,0.343733441693122
16.89883383615275,0.0286663632403793,0.000506704011898038,0.343940283458566
16.90133346532145,0.030227507360231498,0.000506704011898038,0.3441462070520811
16.903833096863888,0.01376762311054941,0.000506704011898038,0.344355160584081
16.90633273082117,0.005172221118747877,0.000506704011898038,0.34456685527694825
16.9088323672344,0.002189606281261247,0.000506704011898038,0.3447652963575758
16.91133200614469,0.0006936891214535668,0.000506704011898038,0.3449619471979792
16.91383164759314,0.00041197544097520966,0.000506704011898038,0.3451620596741865
16.916331291620857,0.0021209736055610717,0.000506704011898038,0.34536563055769604
16.918830938268943,0.0006366477149391536,0.000506704011898038,0.3455671880867069
16.921330587578517,-0.00048551985441347423,0.000506704011898038,0.3457592364037405
16.923830239590675,0.0005773706849385718,0.000506704011898038,0.34594241820402677
16.926329894346527,0.0025527490046647894,0.000506704011898038,0.3461288842948402
16.928829551887176,0.004384244699689899,0.000506704011898038,0.34631860886971255
16.93132921225373,0.0028824030545180346,0.000506704011898038,0.3465115667108437
16.9338288754873,0.0025768147678457143,0.000506704011898038,0.3467077331891053
16.93632854162898,0.00194673175110327,0.000506704011898038,0.34690708426403677
16.938828210719894,0.0016816571214401943,0.000506704011898038,0.3471084725665392
16.94132788280113,0.0006724243687029618,0.000506704011898038,0.347311825939621
16.943827557913806,0.0008932895863587587,0.000506704011898038,0.34751707238066293
16.94632723609902,0.0004203633829973352,0.000506704011898038,0.34772414004141783
16.948826917397884,0.00021177958681461995,0.000506704011898038,0.34793295722801265
16.951326601851505,0.0005717009335850509,0.000506704011898038,0.3481434524009469
16.953826289500984,-0.00021522566926196474,0.000506704011898038,0.3483555541750935
16.956325980387433,-5.1884281068448335e-05,0.000506704011898038,0.34856919131969927
16.958825674551957,0.0008908185803355173,0.000506704011898038,0.3487739851933091
16.961325372035656,0.0009594844541194192,0.000506704011898038,0.34899053185702145
16.963825072879644,-0.0008175595547061931,0.000506704011898038,0.34920785617664124
16.966324777125017,-9.913969065911132e-05,0.000506704011898038,0.34942508961500524
16.9688244848129,0.0025904083769480724,0.000506704011898038,0.34964063739673634
16.971324195984376,0.0013483309965215406,0.000506704011898038,0.34986155297962823
16.97382391068057,-0.0009670402199354888,0.000506704011898038,0.35007196262451734
16.976323628942573,0.0008298186997297563,0.000506704011898038,0.35027832131063785
16.978823350811503,0.006106399069763346,0.000506704011898038,0.3504962079733694
16.981323076328465,0.01787785978567369,0.000506704011898038,0.35071771080284597
16.983822805534558,0.02641138400327908,0.000506704011898038,0.3509323159146476
16.98632253847089,0.02156185644044195,0.000506704011898038,0.3511528810530962
16.988822275178574,0.00786429406119632,0.000506704011898038,0.3513739032243952
16.99132201569871,0.0021974940403530208,0.000506704011898038,0.35159381043624915
16.993821760072407,0.0005235770779457027,0.000506704011898038,0.3518173212659954
16.996321508340774,0.0012508123441882235,0.000506704011898038,0.3520374620056359
16.998821260544904,0.0013941992570281059,0.000506704011898038,0.35225427062895504
17.00132101672592,0.004505994123697898,0.000506704011898038,0.3524792429709168
17.00382077692492,0.0032972866238689114,0.000506704011898038,0.3527070285731957
17.00632054118301,0.00026044096579891374,0.000506704011898038,0.35293652623130284
17.008820309541292,2.1870980444815835e-05,0.000506704011898038,0.35316672641604746
17.011320082040882,0.0007055776046130391,0.000506704011898038,0.35339768328665944
17.013819858722883,0.0003927383933902684,0.000506704011898038,0.35362687507638313
17.016319639628396,-0.0006369827616050094,0.000506704011898038,0.35385424316372127
17.01881942479853,-0.001864902550367864,0.000506704011898038,0.3540755365634829
17.021319214274392,0.0005311349187603898,0.000506704011898038,0.3542880581920934
17.02381900809709,0.001027301271394776,0.000506704011898038,0.35450544804710576
17.026318806307728,0.0005787747915266261,0.000506704011898038,0.3547214048109867
17.02881860894741,-2.2707482690453862e-05,0.000506704011898038,0.3549337439350111
17.031318416057253,0.005556934404464475,0.000506704011898038,0.3551513528527649
17.033818227678346,0.011421190399039605,0.000506704011898038,0.3553742414956712
17.036318043851807,0.0077507033370723954,0.000506704011898038,0.3555957268768856
17.03881786461874,0.0008313483657789722,0.000506704011898038,0.35581400784891704
17.04131769002025,0.0010799951598241542,0.000506704011898038,0.35602806006095955
17.043817520097445,0.0025642744779242332,0.000506704011898038,0.35623835273317744
17.046317354891425,0.0016124121147686465,0.000506704011898038,0.35644871284921187
17.048817194443306,0.00020836126750689576,0.000506704011898038,0.3566566089843709
17.051317038794185,0.0009361365573568037,0.000506704011898038,0.35686751291848096
17.053816887985175,0.0014959536222978742,0.000506704011898038,0.35707990616126506
17.05631674205738,0.0005419972979023302,0.000506704011898038,0.357291374277145
17.058816601051905,-0.0008066574517173741,0.000506704011898038,0.35750141168896515
17.061316465009856,-0.0006776742358314269,0.000506704011898038,0.3577138349790376
17.063816333972344,0.0015589602118843415,0.000506704011898038,0.35791896663314476
17.066316207980467,0.0014029292446239294,0.000506704011898038,0.3581254312243735
17.068816087075337,-0.001812664278623033,0.000506704011898038,0.3583296816833289
17.07131597129806,-0.0002500792959088116,0.000506704011898038,0.35853229886198956
17.073815860689738,0.0012007708701928799,0.000506704011898038,0.3587337045087057
17.07631575529148,-0.00028000241916370516,0.000506704011898038,0.35893404357988956
17.078815655144393,-0.00024739500802029024,0.000506704011898038,0.3591334603953175
17.081315560289585,0.00124116937603852,0.000506704011898038,0.3593267784561754
17.083815470768158,0.0037078930374204178,0.000506704011898038,0.3595218154107326
17.08631538662122,0.0049354253236701395,0.000506704011898038,0.3597185682383643
17.088815307889874,0.0028595961306842055,0.000506704011898038,0.359917424857285
17.091315234615234,0.00030947461125752085,0.000506704011898038,0.36011836570154276
17.093815166838397,0.0009381711114370694,0.000506704011898038,0.3603213718826237
17.096315104600475,0.007179378913583556,0.000506704011898038,0.36052642518945316
17.098815047942573,0.02651472921687259,0.000506704011898038,0.36073350808839577
17.101314996905796,0.05184455001770916,0.000506704011898038,0.360935485312153
17.103814951531252,0.050527642936814776,0.000506704011898038,0.3611439734961304
17.106314911860046,0.02137694365499554,0.000506704011898038,0.36135310040913515
17.108814877933284,0.005214220372775358,0.000506704011898038,0.36156708149185635
17.111314849792073,0.0036918866354782587,0.000506704011898038,0.3617790961110996
17.11381482747752,0.011484459354074883,0.000506704011898038,0.36200439427012165
17.11631481103073,0.024671930193173264,0.000506704011898038,0.36222074676595684
17.11881480049281,0.02291029987544052,0.000506704011898038,0.36243769521339564
17.121314795904862,0.007577046739215443,0.000506704011898038,0.3626552610010198
17.123814797307997,-0.001847729044886337,0.000506704011898038,0.362872531467333
17.12631480474332,0.0027792217836071775,0.000506704011898038,0.36308948705931
17.12881481825194,0.0018155602515078084,0.000506704011898038,0.363307838772772
17.131314837874953,0.0006623633248566407,0.000506704011898038,0.36352748839842836
17.13381486365348,-0.0009542203118497739,0.000506704011898038,0.36374833807826396
17.13631489562861,0.0027988484286168847,0.000506704011898038,0.36396807779944995
17.13881493384147,0.007368917991850077,0.000506704011898038,0.3641863474259169
17.14131497833315,0.012398861149123641,0.000506704011898038,0.36440341693022005
17.143815029144758,0.005643373986210454,0.000506704011898038,0.36461723181999095
17.146315086317408,0.002496029552764345,0.000506704011898038,0.36484975793786467
17.148815149892197,0.0013521955537373898,0.000506704011898038,0.3650828697389443
17.15131521991024,0.0010208176455794304,0.000506704011898038,0.36531299570938436
17.153815296412635,-0.001175672876608136,0.000506704011898038,0.36554015959782304
17.156315379440496,-0.001656619230398504,0.000506704011898038,0.3657702863725258
17.158815469034923,0.0008636595873959263,0.000506704011898038,0.36600176807424273
17.16131556523702,0.001215113247493349,0.000506704011898038,0.36622370001993326
17.163815668087906,-3.2625728020874156e-05,0.000506704011898038,0.36644122636896137
17.16631577762867,-0.0005362606123484048,0.000506704011898038,0.36666088770342475
17.168815893900437,0.0007205557061789603,0.000506704011898038,0.36688570487355343
17.171316016944296,0.0011988607337015678,0.000506704011898038,0.36711195622090775
17.17381614680136,6.324105568927818e-05,0.000506704011898038,0.3673396588791229
17.17631628351274,-0.0004136759021659553,0.000506704011898038,0.36757018662913776
17.178816427119532,0.0005738342242719852,0.000506704011898038,0.3678034961332423
17.181316577662855,0.0012908729915405148,0.000506704011898038,0.3680420549446075
17.183816735183804,0.0009920313417464133,0.000506704011898038,0.36828105854593407
17.186316899723487,-0.001497583788039769,0.000506704011898038,0.3685205635619406
17.188817071323015,-0.0005195315351216867,0.000506704011898038,0.3687598788526306
17.19131725002349,0.0017893592926487845,0.000506704011898038,0.3689986799045928
17.193817435866023,0.0035238334512879277,0.000506704011898038,0.3692325425006894
17.196317628891716,0.001249310480630983,0.000506704011898038,0.3694627566418576
17.19881782914167,-0.000650277428895063,0.000506704011898038,0.3696920045260077
17.201318036657007,0.000963895826880945,0.000506704011898038,0.36992038293634183
17.20381825147882,0.0028101411751332295,0.000506704011898038,0.37014265578338656
17.206318473648217,0.005112855409146133,0.000506704011898038,0.37036598598462034
17.20881870320631,0.0067223324963170406,0.000506704011898038,0.3705876782822669
17.211318940194197,0.006372640011413522,0.000506704011898038,0.37080780822221476
17.213819184652987,0.007868847594831141,0.000506704011898038,0.37103190580561846
17.21631943662379,0.014505050610312653,0.000506704011898038,0.371255696844827
17.218819696147712,0.026108177594350135,0.000506704011898038,0.3714791961002206
17.22131996326585,0.03239665563246824,0.000506704011898038,0.3717024181877876
17.223820238019325,0.041450643202775084,0.000506704011898038,0.371925377579122
17.226320520449228,0.05055347551246303,0.000506704011898038,0.37214956703588215
17.228820810596677,0.04005095975497325,0.000506704011898038,0.3723703490145515
17.231321108502772,0.024015923934844086,0.000506704011898038,0.37258940982038985
17.23382141420862,0.01426514427901926,0.000506704011898038,0.37281058664124067
17.236321727755332,0.011401191895826168,0.000506704011898038,0.37302943545197026
17.238822049184005,0.0038367560816165436,0.000506704011898038,0.373243957568017
17.241322378535752,0.00022308696995887445,0.000506704011898038,0.373455191310272
17.243822715851678,0.00014962552553138275,0.000506704011898038,0.3736681844768675
17.24632306117289,0.00020726691643557782,0.000506704011898038,0.3738768062818576
17.24882341454049,0.00016206160822168636,0.000506704011898038,0.3740905824885617
17.25132377599559,-0.0006893177164295494,0.000506704011898038,0.3743026102197597
17.253824145579294,8.31895808078853e-06,0.000506704011898038,0.3745127933419479
17.256324523332705,0.002424555565316955,0.000506704011898038,0.3747210350282571
17.25882490929693,0.0005463464588121303,0.000506704011898038,0.3749413941636263
17.261325303513082,-0.0009221883795487162,0.000506704011898038,0.3751639021190152
17.263825706022256,-0.0007009201416715571,0.000506704011898038,0.3753886160089619
17.266326116865567,-0.00027736309338938225,0.000506704011898038,0.3756155936732035
17.268826536084124,-2.0579608557835805e-06,0.000506704011898038,0.3758547810450914
17.27132696371902,-0.0006970886733035364,0.000506704011898038,0.37608449403257244
17.273827399811367,-0.0014214062669128391,0.000506704011898038,0.37631064353567073
17.276327844402278,0.00010769658581682995,0.000506704011898038,0.3765332497037216
17.278828297532854,0.0008512591042886819,0.000506704011898038,0.3767561027357431
17.2813287592442,-0.0004990616049069807,0.000506704011898038,0.37698048841619586
17.283829229577425,-0.001358814012517695,0.000506704011898038,0.3772036683790403
17.286329708573632,-0.0014693444113946241,0.000506704011898038,0.37742390969510836
17.288830196273928,-0.00011103514428056904,0.000506704011898038,0.3776437570316814
17.291330692719423,0.00042814820440378876,0.000506704011898038,0.37786399070612015
17.29383119795122,0.0009802544998754326,0.000506704011898038,0.3780899677895392
17.296331712010424,-0.0012952130821650143,0.000506704011898038,0.37831278906622273
17.298832234938143,-0.0020424930906736694,0.000506704011898038,0.3785323453374428
17.30133276677548,-0.00035897731811429523,0.000506704011898038,0.3787429833131724
17.303833307563547,0.00023851126089619035,0.000506704011898038,0.37897310024223313
17.30633385734345,-5.4208401497501946e-05,0.000506704011898038,0.37919293931237824
17.308834416156287,0.002325105771504965,0.000506704011898038,0.3794129930588975
17.31133498404317,0.0033220069213033,0.000506704011898038,0.3796329671483342
17.31383556104521,0.0018236890480624046,0.000506704011898038,0.3798529904884734
17.3163361472035,-0.0015611978089510314,0.000506704011898038,0.3800740312300599
17.31883674255916,0.0024275736897973466,0.000506704011898038,0.38029618089954537
17.32133734715329,0.016603397224212946,0.000506704011898038,0.3805195313586278
17.323837961026996,0.02519705568669972,0.000506704011898038,0.3807415936767246
17.326338584221382,0.01486859794897738,0.000506704011898038,0.3809765586560791
17.32883921677756,0.0019546912667880445,0.000506704011898038,0.3811995320624482
17.331339858736634,0.00014424007081226264,0.000506704011898038,0.3814166658114897
17.333840510139705,0.0006615102929125039,0.000506704011898038,0.38162746851481205
17.336341171027886,-0.0003247685376210341,0.000506704011898038,0.38183963316136615
17.33884184144228,-0.0005129054146716938,0.000506704011898038,0.3820529583331058
17.341342521423993,-0.0007395161040845699,0.000506704011898038,0.38225940483100834
17.343843211014136,0.00029230437812438614,0.000506704011898038,0.382467593177983
17.346343910253804,4.5852081455910465e-05,0.000506704011898038,0.38267401766308917
17.348844619184117,0.00033003897439620733,0.000506704011898038,0.3828785259678098
17.35134533784617,0.0059301651328098615,0.000506704011898038,0.38308096501930655
17.353846066281076,0.03155634423056708,0.000506704011898038,0.38329439238495927
17.356346804529938,0.0778082909729958,0.000506704011898038,0.38350846825495916
17.358847552633865,0.07550941160473679,0.000506704011898038,0.38372826526761283
17.36134831063396,0.026895508383366296,0.000506704011898038,0.383953824612272
17.363849078571327,0.002523962791609935,0.000506704011898038,0.38418745924613873
17.36634985648708,0.0014864566002074642,0.000506704011898038,0.38441797455036586
17.36885064442232,0.005947587224478801,0.000506704011898038,0.3846453685734998
17.371351442418156,0.019201259997973508,0.000506704011898038,0.3848753782167268
17.37385225051569,0.028315253169858334,0.000506704011898038,0.3851021074919434
17.376353068756032,0.019565055069355408,0.000506704011898038,0.38532974687125304
17.37885389718028,0.006124099198129729,0.000506704011898038,0.3855597931224233
17.381354735829557,0.0004741561098394742,0.000506704011898038,0.3857922681259209
17.383855584744953,-8.508943454421658e-05,0.000506704011898038,0.38602497171888817
17.386356443967582,0.0028947002882753203,0.000506704011898038,0.3862561778293042
17.388857313538548,0.002449753995118764,0.000506704011898038,0.3864858870322919
17.391358193498956,0.0004297717244077792,0.000506704011898038,0.38671409925716527
17.39385908388991,-0.0012776258617829273,0.000506704011898038,0.38694640531332253
17.396359984752525,0.00026615087395071013,0.000506704011898038,0.38717535178907697
17.398860896127903,0.005041153576320845,0.000506704011898038,0.38740101138735783
17.401361818057147,0.016109657441259306,0.000506704011898038,0.38762668152568625
17.403862750581368,0.030800603348611344,0.000506704011898038,0.3878456181868742
17.406363693741667,0.027890103107492292,0.000506704011898038,0.3880606797151056
17.40886464757915,0.012595504385673861,0.000506704011898038,0.3882762302899806
17.411365612134933,0.0020093054766454066,0.000506704011898038,0.3884946619451362
17.41386658745011,-0.00034651585089384707,0.000506704011898038,0.3887060693807129
17.416367573565793,-0.0016563792478671013,0.000506704011898038,0.3889158813982511
17.41886857052309,0.0005512913576484202,0.000506704011898038,0.3891292264714766
17.421369578363105,0.0011455069779673366,0.000506704011898038,0.3893461674896128
17.423870597126943,-6.513953889591972e-05,0.000506704011898038,0.3895630378625738
17.426371626855712,-0.0011862582717221959,0.000506704011898038,0.3897797397764629
17.428872667590518,-0.001449095441133752,0.000506704011898038,0.3899991572397206
17.43137371937246,-0.00026534377716275204,0.000506704011898038,0.3902049454504254
17.433874782242654,0.0009012938615620691,0.000506704011898038,0.3904041194070761
17.436375856242204,-0.0014994281878653037,0.000506704011898038,0.39059687506288504
17.438876941412214,-0.0019023390273271157,0.000506704011898038,0.3907878110142888
17.441378037793797,-0.000668932962567037,0.000506704011898038,0.3909870408778862
17.443879145428046,0.0009890294136191136,0.000506704011898038,0.3911948202744164
17.446380264356076,0.0010169515444460875,0.000506704011898038,0.39140122904816455
17.448881394618997,0.0004955934384011096,0.000506704011898038,0.3916055891240986
17.451382536257903,0.005720245861576045,0.000506704011898038,0.3918143444116739
17.453883689313912,0.011659615157600223,0.000506704011898038,0.39202759045342356
17.456384853828126,0.008045938474936898,0.000506704011898038,0.39224002832278904
17.458886029841644,-0.00047168089982896344,0.000506704011898038,0.3924539335795438
17.461387217395586,-0.0011057379495225117,0.000506704011898038,0.39267327289867143
17.46388841653105,-0.00043566904771830117,0.000506704011898038,0.3929026253596247
17.46638962728914,0.002135906397209675,0.000506704011898038,0.3931199594796816
17.468890849710967,-0.00010889004543912506,0.000506704011898038,0.3933218875758356
17.47139208383763,-0.0019707868933194206,0.000506704011898038,0.3935302713241456
17.473893329710247,-0.001858666189115954,0.000506704011898038,0.39374442807216714
17.476394587369917,0.0011604688524750606,0.000506704011898038,0.3939565539889699
17.478895856857747,0.0005847073668146519,0.000506704011898038,0.3941645444314103
17.481397138214838,-0.0012037155609178063,0.000506704011898038,0.3943740214113419
17.48389843148231,-0.001480835041949513,0.000506704011898038,0.3945956229289409
17.48639973670126,-0.0006597207392566862,0.000506704011898038,0.3948313298427227
17.488901053912787,0.0008118038820195683,0.000506704011898038,0.3950678853275833
17.49140238315801,-0.000190307797613809,0.000506704011898038,0.39530520352170456
17.49390372447803,-0.0007933574475775806,0.000506704011898038,0.39554319847883423
17.496405077913952,0.0012966786544411635,0.000506704011898038,0.3957817841682864
17.498906443506883,0.010582070280363343,0.000506704011898038,0.39602087447494
17.50140782129793,0.03247494680125729,0.000506704011898038,0.39626038319924073
17.503909211328203,0.051962368223378075,0.000506704011898038,0.39650022405719815
17.506410613638803,0.0404856342150573,0.000506704011898038,0.39674031068038623
17.508912028270835,0.011704656092102361,0.000506704011898038,0.3969870048988786
17.51141345526541,0.0020696927458524472,0.000506704011898038,0.3972296022369419
17.51391489466363,-0.0006060800283975154,0.000506704011898038,0.3974695700063009
17.5164163465066,-0.0010761909877989306,0.000506704011898038,0.39770670113898077
17.51891781083543,-0.0002981863502133919,0.000506704011898038,0.39794103212875476
17.521419287691227,0.0002392307696167384,0.000506704011898038,0.3981725982801399
17.523920777115098,0.0005020277701668907,0.000506704011898038,0.39840143370838965
17.52642227914814,-0.00017385690432408785,0.000506704011898038,0.3986281927338763
17.52892379383147,-0.0002430805529150537,0.000506704011898038,0.39885379816630445
17.53142532120619,0.001975411998334453,0.000506704011898038,0.3990776800483778
17.533926861313407,0.002082746384133971,0.000506704011898038,0.3992943975709988
17.536428414194223,0.001070137589540443,0.000506704011898038,0.3995201446344658
17.538929979889748,-0.0003832748931667518,0.000506704011898038,0.39975261936991
17.54143155844109,0.00042811048921959083,0.000506704011898038,0.3999842277743406
17.54393314988935,0.0009226943926229914,0.000506704011898038,0.4002128176190538
17.54643475427564,-0.0005492456120205769,0.000506704011898038,0.40043475595865785
17.548936371641062,-0.002608638656023732,0.000506704011898038,0.400653736974034
17.551438002026725,-0.0014426566308311517,0.000506704011898038,0.4008699033513664
17.553939645473733,0.0012428159639784608,0.000506704011898038,0.40108694128467404
17.55644130202319,0.0012357854101284205,0.000506704011898038,0.4012998459809027
17.55894297171621,-0.0005337579973876405,0.000506704011898038,0.40151539265794806
17.56144465459389,0.002000805234005254,0.000506704011898038,0.401735421696202
17.563946350697343,0.013272811836321563,0.000506704011898038,0.4019559439913793
17.566448060067668,0.02250267401239836,0.000506704011898038,0.4021773874655731
17.56894978274598,0.014661950307918004,0.000506704011898038,0.4024005189460679
17.571451518773383,0.0036726405358489256,0.000506704011898038,0.4026235428618665
17.573953268190973,-0.0013749229870658741,0.000506704011898038,0.40284647227468645
17.57645503103987,0.00035729723383831624,0.000506704011898038,0.4030680531990664
17.578956807361177,0.00033444253150460845,0.000506704011898038,0.40329272771723385
17.581458597195994,-0.001277725260837026,0.000506704011898038,0.4035123724753844
17.583960400585433,-0.0018760154932038198,0.000506704011898038,0.40373460169970526
17.586462217570595,-0.0003066022597914553,0.000506704011898038,0.4039599502153982
17.58896404819259,-0.0002767271881708999,0.000506704011898038,0.404188380391689
17.591465892492526,-0.0008529709365823201,0.000506704011898038,0.40441285425476237
17.593967750511503,0.00021966551439717152,0.000506704011898038,0.40463332833191207
17.596469622290634,0.0006893948437035058,0.000506704011898038,0.404850612338108
17.59897150787102,0.0005441252271938812,0.000506704011898038,0.4050747526720807
17.60147340729377,4.248685852137335e-06,0.000506704011898038,0.40529663677529476
17.60397532059999,-0.0003019985872526054,0.000506704011898038,0.40552349672541715
17.606477247830785,-0.0024071401671613146,0.000506704011898038,0.40575550043098807
17.60897918902726,-0.0007999061334522661,0.000506704011898038,0.405991907828923
17.611481144230524,0.0018574355488499839,0.000506704011898038,0.4062304457638013
17.61398311348168,0.0019046271139628868,0.000506704011898038,0.4064655487042257
17.61648509682184,0.0013939265855373861,0.000506704011898038,0.40669853347668056
17.618987094292105,-0.00018841960088850085,0.000506704011898038,0.40693119025323915
17.621489105933584,0.0005898292948116612,0.000506704011898038,0.40716371370854476
17.62399113178738,0.0017423863050810007,0.000506704011898038,0.40738994499281916
17.6264931718946,0.0045365415381597995,0.000506704011898038,0.40762362522950857
17.628995226296354,0.010955516343657878,0.000506704011898038,0.4078536996954229
17.631497295033746,0.009165245181860127,0.000506704011898038,0.4080875242536423
17.63399937814788,0.005877906122466969,0.000506704011898038,0.40832574575621894
17.636501475679864,0.002004921037580265,0.000506704011898038,0.40854638726968634
17.639003587670803,-0.0002191499108734618,0.000506704011898038,0.40876623534409745
17.641505714161806,-0.0018980099336601275,0.000506704011898038,0.40898922664080084
17.644007855193973,-7.33281222607407e-05,0.000506704011898038,0.40921234081011987
17.64651001080842,0.0003596025977367634,0.000506704011898038,0.4094355795159242
17.649012181046245,-0.001216799173311578,0.000506704011898038,0.409658943850833
17.651514365948557,-0.0018711896703805242,0.000506704011898038,0.40988323706518287
17.654016565556464,-0.001662466246981631,0.000506704011898038,0.41010838667018673
17.656518779911067,0.0006337065593707836,0.000506704011898038,0.41033431993678326
17.65902100905348,0.0007535642792005914,0.000506704011898038,0.410560963895632
17.661523253024797,-0.0002543203685146933,0.000506704011898038,0.4107882453371164
17.664025511866136,-0.001630691868770906,0.000506704011898038,0.41101609081133694
17.666527785618605,-0.000105067983179441,0.000506704011898038,0.41124178963264535
17.6690300743233,0.00032465820403027035,0.000506704011898038,0.4114701134765627
17.67153237802133,-0.0013076961291696443,0.000506704011898038,0.4116968257962026
17.6740346967538,-0.0020566443400837353,0.000506704011898038,0.4119227357541474
17.67653703056182,0.0008318982358690441,0.000506704011898038,0.4121475017239231
17.679039379486497,0.004523142619929421,0.000506704011898038,0.4123960031820367
17.681541743568935,0.002569028019707653,0.000506704011898038,0.4126500756620096
17.684044122850242,-0.0007094908653485499,0.000506704011898038,0.41290086545757665
17.68654651737152,-0.0023558785670353966,0.000506704011898038,0.41314937008632585
17.689048927173875,-0.00172879417645877,0.000506704011898038,0.41339817887763086
17.691551352298422,-0.0013993794558892492,0.000506704011898038,0.41364550011353046
17.69405379278626,-0.0007827963896596124,0.000506704011898038,0.4138981693546815
17.69655624867849,0.0003262389995432602,0.000506704011898038,0.4141481855258898
17.699058720016232,0.0005717034752572014,0.000506704011898038,0.4143881633098177
17.70156120684058,0.0009123202006404152,0.001907334303341415,0.4146272854964058
17.704063709192646,0.0005140558536149142,0.001907334303341415,0.4148733003940314
17.706566227113537,-0.0017627548887635403,0.001907334303341415,0.41511861533262706
17.709068760644357,-0.0024164588485453,0.001907334303341415,0.4153630752206001
17.71157130982621,0.0014020326318825438,0.001907334303341415,0.41560676824114445
17.714073874700208,0.014210338352207919,0.001907334303341415,0.4158531461074637
17.716576455307447,0.03037620976274802,0.001907334303341415,0.41610222163561583
17.719079051689043,0.027527772190949706,0.001907334303341415,0.4163478381726474
17.721581663886102,0.010468116867634214,0.001907334303341415,0.41659116570457105
17.724084291939725,0.00047573782817245114,0.001907334303341415,0.416843220244768
17.72658693589102,0.0002858186903503812,0.001907334303341415,0.41709858516790826
17.729089595781097,0.001674831786561637,0.001907334303341415,0.417357310872964
17.731592271651056,0.010191444608378009,0.001907334303341415,0.41761661338036943
17.734094963542006,0.021032118777299325,0.001907334303341415,0.4178764218254299
17.73659767149506,0.015137801720454536,0.001907334303341415,0.418136665813354
17.739100395551308,0.0047586432509429955,0.001907334303341415,0.4183958574370622
17.74160313575187,-0.0018121978522483984,0.001907334303341415,0.4186538650428588
17.744105892137846,-0.0032290393933195327,0.001907334303341415,0.41890793278625393
17.746608664750344,-0.0021961927720208774,0.001907334303341415,0.41916267492357195
17.74911145363047,-0.0006263801671830826,0.001907334303341415,0.4194180566785325
17.751614258819334,-0.0006199967171510168,0.001907334303341415,0.4196699478401484
17.754117080358036,-0.0008700093499690031,0.001907334303341415,0.4199181355273548
17.75661991828768,-0.0007754790250349419,0.001907334303341415,0.42016669185467137
17.759122772649384,-0.0003642593897348334,0.001907334303341415,0.42041628490731553
17.761625643484244,-0.000807286755783565,0.001907334303341415,0.4206669195300633
17.76412853083337,0.0014325634018702016,0.001907334303341415,0.42091860169615913
17.766631434737867,0.013072488640399171,0.001907334303341415,0.4211680415158526
17.769134355238844,0.025629010233786942,0.001907334303341415,0.4214226844639852
17.771637292377402,0.020363492035652964,0.001907334303341415,0.4216787378792685
17.77414024619465,0.00794241288339076,0.001907334303341415,0.4219362256224069
17.776643216731692,0.012087489422390518,0.001907334303341415,0.4221894697202254
17.779146204029644,0.01701222761351895,0.001907334303341415,0.42244253547011235
17.7816492081296,0.009873694394222032,0.001907334303341415,0.4226953862340096
17.78415222907267,0.0018951269081043387,0.001907334303341415,0.4229479860701798
17.786655266899963,-0.002535659830581849,0.001907334303341415,0.42320029973321066
17.789158321652582,-0.0036961762663775266,0.001907334303341415,0.4234522926740198
17.791661393371633,-0.0032723261764261435,0.001907334303341415,0.4237039310398596
17.794164482098225,-0.003059226952576377,0.001907334303341415,0.42395518167432195
17.79666758787346,0.00027894297646080535,0.001907334303341415,0.42420601211734293
17.799170710738448,0.0029540538747885314,0.001907334303341415,0.4244530016744539
17.8016738507343,0.0031864490623453867,0.001907334303341415,0.42470454029353405
17.804177007902112,0.010427269409186202,0.001907334303341415,0.4249593407494723
17.806680182282996,0.022097077248978636,0.001907334303341415,0.4252122666222527
17.809183373918053,0.019658837953160424,0.001907334303341415,0.42546305964453296
17.81168658284839,0.006156449687345578,0.001907334303341415,0.425712401146599
17.814189809115124,-0.0010622093924379516,0.001907334303341415,0.4259603467183582
17.81669305275935,-0.0017016767647885511,0.001907334303341415,0.42620675689313464
17.81919631382218,-0.00302963278952062,0.001907334303341415,0.42645147266400696
17.821699592344714,-0.0032641876059834596,0.001907334303341415,0.4266942869859661
17.82420288836806,-0.003190211074904359,0.001907334303341415,0.42693498584127987
17.82670620193333,-0.0020030141040578986,0.001907334303341415,0.42717336948530404
17.829209533081627,9.33080389911578e-05,0.001907334303341415,0.4274093208072764
17.831712881854052,0.0056293677636730655,0.001907334303341415,0.42762915898445797
17.834216248291717,0.02026201752245821,0.001907334303341415,0.42785395534640897
17.83671963243573,0.029530743350079602,0.001907334303341415,0.4280781680579449
17.83922303432719,0.01724324642630448,0.001907334303341415,0.42830185653329794
17.84172645400721,0.00396540769654985,0.001907334303341415,0.42852506009335184
17.844229891516893,-0.0019297109118148748,0.001907334303341415,0.4287465890258563
17.84673334689734,-0.002357864746396321,0.001907334303341415,0.4289666465970124
17.849236820189667,-0.002764304945374607,0.001907334303341415,0.429185029839372
17.851740311434977,-0.0012771365064095375,0.001907334303341415,0.42939911637781614
17.854243820674373,-0.0027357543408826346,0.001907334303341415,0.4296095423702062
17.856747347948964,-0.0025179791619033276,0.001907334303341415,0.4298126548099088
17.859250893299855,-0.002968016446511401,0.001907334303341415,0.4300130519590607
17.861754456768153,-0.003018944080467545,0.001907334303341415,0.43021126972619095
17.86425803839496,-0.0017412828998957242,0.001907334303341415,0.4304072191481128
17.86676163822139,-0.0015911507770932087,0.001907334303341415,0.43059697927785207
17.869265256288543,-0.002250985189373722,0.001907334303341415,0.43079412461426125
17.87176889263753,-0.0018607643769766313,0.001907334303341415,0.4309893890918842
17.874272547309452,-0.0007977503970093558,0.001907334303341415,0.43117939233357316
17.876776220345423,-0.0015920713947855658,0.001907334303341415,0.43136725073518467
17.879279911786536,-0.0030135820915839218,0.001907334303341415,0.4315580760929482
17.88178362167391,-0.0020399217733847452,0.001907334303341415,0.43174994824877483
17.884287350048645,-0.001659090331478097,0.001907334303341415,0.4319428212951978
17.886791096951846,-0.0021613903024222947,0.001907334303341415,0.4321291290324319
17.889294862424627,-0.0026473218049523073,0.001907334303341415,0.4323027998905718
17.891798646508082,-0.002812570024299743,0.001907334303341415,0.4324854598337962
17.89430244924333,-0.0018979051456080587,0.001907334303341415,0.43267447763130373
17.89680627067147,-0.002624741812869369,0.001907334303341415,0.43287060087451534
17.89931011083361,-0.0016531548658528794,0.001907334303341415,0.4330594168007032
17.901813969770853,-0.0029787724444003127,0.001907334303341415,0.433233053393907
17.904317847524307,-0.002273950343011477,0.001907334303341415,0.43341132135393673
17.90682174413508,-0.0023398985049403187,0.001907334303341415,0.4335893915157994
17.90932565964428,-0.002005553609212285,0.001907334303341415,0.4337663771154622
17.91182959409301,-0.0015498985332570436,0.001907334303341415,0.4339421844644228
17.91433354752237,-0.0024840754870160686,0.001907334303341415,0.4341198257684751
17.91683751997348,0.000650203909914937,0.001907334303341415,0.4342981634830251
17.91934151148743,0.007883097685486729,0.001907334303341415,0.43447601846579786
17.921845522105347,0.01522581202084683,0.001907334303341415,0.43464936187860403
17.924349551868318,0.011777592242886381,0.001907334303341415,0.4348179489193775
17.926853600817456,0.003537068001333965,0.001907334303341415,0.4349896844996803
17.92935766899387,0.00690951763545361,0.001907334303341415,0.4351668542753303
17.93186175643866,0.02489894414771293,0.001907334303341415,0.4353486839659189
17.93436586319294,0.04540208216393732,0.001907334303341415,0.43553096490795734
17.936869989297815,0.043663811812990116,0.001907334303341415,0.43571770807204424
17.93937413479438,0.022138599408549564,0.001907334303341415,0.43591034783770555
17.941878299723754,0.007481980619615025,0.001907334303341415,0.4361106929407076
17.94438248412704,0.011364888852824828,0.001907334303341415,0.43632984268217645
17.946886688045343,0.01777077097393792,0.001907334303341415,0.43654171020375165
17.949390911519764,0.013928609843482431,0.001907334303341415,0.43675358093934064
17.95189515459142,0.005610429796107319,0.001907334303341415,0.4369679622016577
17.95439941730141,0.001376522461785712,0.001907334303341415,0.4371847548973763
17.956903699690837,0.0011812654370599307,0.001907334303341415,0.43740422821024805
17.959408001800817,-0.0007761893072757431,0.001907334303341415,0.43762708690174346
17.961912323672447,-0.0015667212558052035,0.001907334303341415,0.4378535989011267
17.964416665346842,-0.0010361648329572093,0.001907334303341415,0.43808285645130884
17.9669210268651,-0.000635677541924673,0.001907334303341415,0.4383150113352212
17.969425408268336,0.0005805723945683794,0.001907334303341415,0.43854558913237557
17.971929809597647,-0.0005828250166463045,0.001907334303341415,0.43877292974297033
17.97443423089414,-0.0016186484682517155,0.001907334303341415,0.43900627328733666
17.97693867219893,0.00012363258259551202,0.001907334303341415,0.43924706511032713
17.97944313355311,0.00412179732809792,0.001907334303341415,0.43949458388037177
17.98513552359702,0.0003589155627715668,0.001907334303341415,0.4397652104955862
17.991129413760323,-0.001390590039013928,0.001907334303341415,0.4400467501899968
17.997123364438988,7.016313521235329e-05,0.001907334303341415,0.440345485183767
18.003117375431938,-9.72772302337277e-05,0.001907334303341415,0.44065559578476654
18.0091114465381,0.0020150542537435423,0.001907334303341415,0.44096826018906704
18.0151055775564,-0.0015472316137603581,0.001907334303341415,0.44129744533484927
18.021099768285765,0.004804280310248821,0.001907334303341415,0.4416452697289568
18.02709401852512,0.021403612156210006,0.001907334303341415,0.4420088960744612
18.033088328073383,0.018289062284306712,0.001907334303341415,0.4423830630643365
18.03908269672949,0.0019290688072751139,0.001907334303341415,0.44276421198263666
18.045077124292362,0.0026792691210805186,0.001907334303341415,0.4431468481891571
18.05107161056092,0.00034490639183248906,0.001907334303341415,0.4435453512021325
18.0570661553341,0.002686739904314228,0.001907334303341415,0.4439522003451824
18.06306075841082,2.4849005583471584e-05,0.001907334303341415,0.4443666065395514
18.069055419590004,0.0041201620471728595,0.001907334303341415,0.4447986577424903
18.075050138670584,0.005761503914283483,0.001907334303341415,0.44523883770679157
18.08104491545148,0.004517899928830671,0.001907334303341415,0.4456865301310288
18.08703974973162,0.0013243483665019706,0.001907334303341415,0.4461330536143201
18.093034641309927,0.002392955057999524,0.001907334303341415,0.4465889567805888
18.09902958998533,0.0011352882427788091,0.001907334303341415,0.44705953742712673
18.105024595556756,0.0032219050109248415,0.001907334303341415,0.4475368067326489
18.111019657823125,-2.169806424517917e-05,0.001907334303341415,0.44801951054780903
18.11701477658336,0.004044598852281034,0.001907334303341415,0.4485052654615232
18.123009951636398,0.0008984846502186339,0.001907334303341415,0.44899567751006786
18.129005182781153,0.0018545512920236096,0.001907334303341415,0.44948963720088375
18.13500046981656,-7.30501883983159e-05,0.001907334303341415,0.44999265222109947
18.140995812541533,0.0013939180156106734,0.001907334303341415,0.45049832228889397
18.14699121075501,-0.0001324453993983843,0.001907334303341415,0.45100338949345364
18.15298666425591,0.009305332187344417,0.001907334303341415,0.45149387122435547
18.158982172843157,0.028927132142218537,0.001907334303341415,0.45197923143133056
18.16497773631568,0.013389521419229333,0.001907334303341415,0.45245771828989656
18.170973354472405,0.015604338844598498,0.001907334303341415,0.4529275084470022
18.17696902711225,0.03772676542949566,0.001907334303341415,0.4533804412746033
18.182964754034153,0.02626651446028222,0.001907334303341415,0.453826115372417
18.188960535037026,0.006603479262370093,0.001907334303341415,0.4542645076470261
18.194956369919804,0.0019965413541915833,0.001907334303341415,0.4546977329310984
18.20095225848141,0.00466991328069033,0.001907334303341415,0.4551195498105476
18.206948200520767,0.0007371002161422613,0.001907334303341415,0.4555366831260264
18.212944195836805,0.001546656464434859,0.001907334303341415,0.4559548823897517
18.21894024422845,0.002957189449109776,0.001907334303341415,0.4563739852787549
18.22493634549462,0.0034114361658003634,0.001907334303341415,0.4567938292922623
18.230932499434243,-0.00045069161381233735,0.001907334303341415,0.45720597334686175
18.236928705846246,0.0024409225594045347,0.001907334303341415,0.45761062744598113
18.24292496452956,0.0027454651273082775,0.001907334303341415,0.45802147072169064
18.248921275283102,0.011293133068041028,0.001907334303341415,0.4584314088032122
18.254917637905802,0.018165916570435814,0.001907334303341415,0.4588403411055962
18.260914052196583,0.005558559365569871,0.001907334303341415,0.4592554724199482
18.266910517954372,0.00014136465384601005,0.001907334303341415,0.45967369239222655
18.272907034978097,0.0010700464989513159,0.001907334303341415,0.4600758295998117
18.278903603066677,0.0009394501007372047,0.001907334303341415,0.46046919908605244
18.28490022201904,0.0016947444514073262,0.001907334303341415,0.4608593748398455
18.29089689163412,0.0020673148902235483,0.001907334303341415,0.46125781400766547
18.29689361171083,0.00309988150156032,0.001907334303341415,0.4616584867317203
18.302890382048098,0.008404842749013652,0.001907334303341415,0.46206141580948606
18.308887202444858,0.006960894434554221,0.001907334303341415,0.4624713270434614
18.31488407270003,0.0019570625710146894,0.001907334303341415,0.4628825192865334
18.320880992612533,0.0015728530466718182,0.001907334303341415,0.4632947306674335
18.3268779619813,0.0022330655769062235,0.001907334303341415,0.4637057613430311
18.332874980605258,0.0032877780231583276,0.001907334303341415,0.4641154049390852
18.338872048283324,0.0061502880192012,0.001907334303341415,0.46452281526223854
18.344869164814433,0.0017001360054325065,0.001907334303341415,0.4649278935847376
18.35086632999751,0.0003959273734477353,0.001907334303341415,0.46533323576760105
18.35686354363147,0.0023963918146421292,0.001907334303341415,0.4657387350883214
18.36286080551525,0.0032521422447315818,0.001907334303341415,0.46614621566670705
18.36885811544777,0.012027329666321529,0.001907334303341415,0.46655103206865745
18.374855473227957,0.02482127876250423,0.001907334303341415,0.46695426063028955
18.380852878654732,0.00492605657225359,0.001907334303341415,0.4673648465905659
18.386850331527025,0.002405133944132165,0.001907334303341415,0.4677726283989286
18.392847831643767,0.000999223756613321,0.001907334303341415,0.4681774518718801
18.398845378803873,0.0027902817137586133,0.001907334303341415,0.46858267782677854
18.40484297280627,2.5526545014475932e-05,0.001907334303341415,0.46898830506588
18.410840613449892,0.001212611189344126,0.001907334303341415,0.4694023050536549
18.416838300533655,0.0008741135116153154,0.001907334303341415,0.4698072103089289
18.422836033856488,0.005621380966772227,0.001907334303341415,0.47021874490333315
18.428833813217317,0.0017899525675665329,0.001907334303341415,0.4706196844812043
18.43483163841507,0.003851746616856666,0.001907334303341415,0.471010289731332
18.440829509248665,-0.0013481028638840375,0.001907334303341415,0.4713945428897504
18.446827425517036,0.0029033355600847632,0.001907334303341415,0.47177451010408794
18.452825387019104,-0.0002200205693946855,0.001907334303341415,0.47215194129387794
18.458823393553793,0.0029033415931513096,0.001907334303341415,0.47252683194644857
18.46482144492003,0.0006502963821352625,0.001907334303341415,0.4728972533640207
18.470819540916743,0.00795884236562533,0.001907334303341415,0.4732651618786269
18.476817681342855,0.0063794917407336005,0.001907334303341415,0.47363636582775703
18.482815865997292,0.005965786070764589,0.001907334303341415,0.4740122254827723
18.48881409467898,0.0007881791362174262,0.001907334303341415,0.4743950197869134
18.494812367186842,0.002052843015738659,0.001907334303341415,0.4747625096501598
18.500810683319806,5.354241264177162e-05,0.001907334303341415,0.47512675732209914
18.506809042876796,0.0028066990429946315,0.001907334303341415,0.4755202415992895
18.512807445656744,0.003675401671259959,0.001907334303341415,0.4759100298631373
18.518805891458566,0.0016971095267697134,0.001907334303341415,0.47629273419747803
18.52480438008119,0.006996178000642561,0.001907334303341415,0.47667478416320347
18.530802911323544,0.031757159271572744,0.001907334303341415,0.4770561418576281
18.53680148498455,0.023653171571267007,0.001907334303341415,0.4774325156013359
18.54280010086314,0.0002978463826889821,0.001907334303341415,0.4778099456899957
18.54879875875823,0.00513420149569821,0.001907334303341415,0.4781823922002298
18.554797458468755,-0.00021148117790292797,0.001907334303341415,0.478549894293181
18.560796199793636,0.004022861526085442,0.001907334303341415,0.4789194331379413
18.566794982531796,-0.0028971444621412323,0.001907334303341415,0.47928536530378996
18.572793806482164,0.0007429186188684933,0.001907334303341415,0.47964765841078383
18.57879267144367,0.0014084669257783955,0.001907334303341415,0.4800062795884943
18.584791577215228,0.015443931844639214,0.001907334303341415,0.4803636076576849
18.590790523595768,0.010211331042691396,0.001907334303341415,0.4807195001173252
18.59678951038422,0.0038217666111111104,0.001907334303341415,0.48107521436249817
18.602788537379507,0.0024191910591148114,0.001907334303341415,0.4814244355586022
18.608787604380552,0.0017590467661498521,0.001907334303341415,0.48175742232345997
18.614786711186287,0.0016900326002645683,0.001907334303341415,0.4820815150508584
18.620785857595628,0.023385280895000915,0.001907334303341415,0.4824054436208438
18.62678504340751,0.019975614746747472,0.001907334303341415,0.482729569686864
18.63278426842085,0.0038695319392330063,0.001907334303341415,0.48305133464584116
18.638783532434577,0.0023478528423603873,0.001907334303341415,0.48337064017054154
18.64478283524762,0.00622465050150145,0.001907334303341415,0.4836801779594644
18.6507821766589,0.003102204271193121,0.001907334303341415,0.4839925474231377
18.656781556467344,0.001216885992348593,0.001907334303341415,0.48430790380267585
18.662780974471875,0.002098896212363699,0.001907334303341415,0.48461572542894227
18.668780430471422,-0.002606303832417056,0.001907334303341415,0.4849148422505119
18.67477992426491,-0.00251616279434852,0.001907334303341415,0.48522026527910955
18.680779455651262,-0.0009870097794290045,0.001907334303341415,0.4855213585748382
18.68677902442941,0.003521273934583957,0.001907334303341415,0.4858170010438183
18.692778630398273,0.00208592309225919,0.001907334303341415,0.48610681308861986
18.698778273356776,0.003587040872443381,0.001907334303341415,0.4864015919499137
18.704777953103843,-0.0019400120382198072,0.001907334303341415,0.48670172156870495
18.710777669438407,0.014086788486166513,0.001907334303341415,0.48700730371146483
18.716777422159392,0.03914479003320864,0.001907334303341415,0.4873030684232256
18.722777211065722,0.01565584019140831,0.001907334303341415,0.4875891567567683
18.728777035956316,0.0023212986204266817,0.001907334303341415,0.48787031543406734
18.734776896630105,0.000664914603421829,0.001907334303341415,0.48814855045679606
18.74077679288602,-0.0012520983291696153,0.001907334303341415,0.48842376220773714
18.746776724522977,0.005092721206807149,0.001907334303341415,0.4887007196474475
18.752776691339907,0.018520086849922623,0.001907334303341415,0.4889794179702515
18.758776693135733,0.014136890883033937,0.001907334303341415,0.4892598549941881
18.764776729709382,0.005165860549870449,0.001907334303341415,0.48954203116101563
18.770776800859778,-0.0006615858746769065,0.001907334303341415,0.48982323810910633
18.77677690638585,0.0014212611818259502,0.001907334303341415,0.49010336257965015
18.78277704608652,0.0018808126473093822,0.001907334303341415,0.49037910822821595
18.788777219760714,0.0168611772754787,0.001907334303341415,0.4906390170025023
18.794777427207357,0.01407706778515444,0.001907334303341415,0.49089607850750844
18.800777668225372,0.0027330311226050896,0.001907334303341415,0.49115060467733335
18.806777942613692,-0.0006350052781078919,0.001907334303341415,0.49140031688965813
18.81277825017124,0.002086099531293739,0.001907334303341415,0.4916450785488657
18.818778590696937,-0.000540666610376439,0.001907334303341415,0.4918879084841675
18.82477896398971,0.013623772133443401,0.001907334303341415,0.4921359912098408
18.83077936984849,0.0257094899556215,0.001907334303341415,0.49237596448748
18.836779808072194,0.005577696490302486,0.001907334303341415,0.492611775982036
18.842780278459752,0.00787297906997142,0.001907334303341415,0.4928476169050583
18.848780780810092,0.020132428522312618,0.001907334303341415,0.4930835739906933
18.854781314922132,0.0071838578033883715,0.001907334303341415,0.4933195568779728
18.860781880594807,0.00022559898563495606,0.001907334303341415,0.4935556638254877
18.866782477627034,0.002198455115696607,0.001907334303341415,0.49379260026114663
18.872783105817742,0.0070447101589878325,0.001907334303341415,0.49403044049423855
18.878783764965856,0.02750883861412795,0.001907334303341415,0.49426286590073093
18.884784454870307,0.00929493407962817,0.001907334303341415,0.4944896740714784
18.890785175330013,0.002438737569461391,0.001907334303341415,0.4947129155930511
18.8967859261439,-0.0007458215564710158,0.001907334303341415,0.4949324857839173
18.9027867071109,0.0028341263852983967,0.001907334303341415,0.49514828026778684
18.908787518029925,0.0015010687587989069,0.001907334303341415,0.49536019497363254
18.914788358699916,0.0005423869758653388,0.001907334303341415,0.49558977346467475
18.92078922891979,0.0017347650582107965,0.001907334303341415,0.4958150714915324
18.926790128488477,0.00430922808849693,0.001907334303341415,0.4960359441267888
18.932791057204895,0.0026442854513115677,0.001907334303341415,0.49625224630625187
18.93879201486798,-0.00138458288676635,0.001907334303341415,0.4964638328289287
18.944793001276647,0.004837035571655768,0.001907334303341415,0.49667055835705315
18.95079401622983,0.0008207124158529644,0.001907334303341415,0.4968816708720116
18.95679505952645,0.0030472266756738087,0.001907334303341415,0.4970901568043289
18.96279613096543,0.002014268408950748,0.001907334303341415,0.4973019833255974
18.968797230345697,0.004708904174594963,0.001907334303341415,0.49751481320695073
18.974798357466184,0.0014714237846489286,0.001907334303341415,0.4977332665075471
18.980799512125806,0.0007671874354243657,0.001907334303341415,0.4979480647831403
18.986800694123495,0.0005926499759352777,0.001907334303341415,0.49815909762012445
18.992801903258176,0.010417929562493544,0.001907334303341415,0.4983662546641632
18.99880313932877,0.03897485483548224,0.001907334303341415,0.498569431960588
19.004804402134212,0.020885884384587272,0.001907334303341415,0.4987756304329406
19.01080569147342,0.06895671730980002,0.001907334303341415,0.4989793162057625
19.016807007145314,0.040152808889137304,0.001907334303341415,0.4991804425119387
19.02280834894883,0.005042735357577821,0.001907334303341415,0.4993789631778902
19.028809716682886,-0.00040973787889453384,0.001907334303341415,0.49956713989397733
19.03481111014641,0.0024653025947606877,0.001907334303341415,0.4997671164575825
19.040812529138336,-0.0008841908294713874,0.001907334303341415,0.49997170705016425
19.046813973457578,0.000333473994236666,0.001907334303341415,0.5001722670219213
19.052815442903064,0.004377618918093962,0.001907334303341415,0.5003686766966613
19.058816937273722,0.007185250847466018,0.001907334303341415,0.500560816269241
19.064818456368478,0.004972263510245489,0.001907334303341415,0.5007485658055801
19.070819999986252,0.00037501921574734087,0.001907334303341415,0.5009366468515217
19.076821567925975,0.0013315197682176594,0.001907334303341415,0.5011194232066508
19.08282315998657,-0.002358922307412359,0.001907334303341415,0.5012967745859196
19.088824775966966,0.0006641239378091246,0.001907334303341415,0.5014894014005047
19.094826415666084,-0.003144213297172016,0.001907334303341415,0.5016828902645487
19.10082807888285,0.0009613383033570955,0.001907334303341415,0.5018777168868027
19.106829765416194,-0.0007800217745982385,0.001907334303341415,0.5020677608488067
19.112831475065033,0.0006363937749467308,0.001907334303341415,0.5022483629943181
19.1188332076283,0.0012464701527022948,0.001907334303341415,0.5024193085577165
19.12483496290492,0.002294077393020011,0.001907334303341415,0.5025974069122738
19.130836740693816,0.010632500260302491,0.001907334303341415,0.5027825473829903
19.136838540793914,0.0014127377165393806,0.001907334303341415,0.5029649218576541
19.142840363004137,0.00042590252157703734,0.001907334303341415,0.5031447852031066
19.148842207123415,-0.0002686429407319224,0.001907334303341415,0.5033233780085163
19.15484407295067,0.0008329166141264333,0.001907334303341415,0.5035006714955743
19.16084596028483,-0.0025698556442984577,0.001907334303341415,0.503676638560487
19.166847868924823,-0.0009638802539612135,0.001907334303341415,0.5038586608911596
19.172849798669567,-0.0011637852299507534,0.001907334303341415,0.5040461032007216
19.17885174931799,-0.002826372330778204,0.001907334303341415,0.5042110129127396
19.18485372066902,0.0009707812576739139,0.001907334303341415,0.5043868334648094
19.190855712521582,-0.0010122091371496111,0.001907334303341415,0.5045591818025951
19.196857724674604,0.0007999954154139788,0.001907334303341415,0.5047281586256637
19.202859756927005,-0.0010824047536631687,0.001907334303341415,0.5048938656711064
19.208861809077714,-0.00046017957365240836,0.001907334303341415,0.5050564057135479
19.214863880925655,-0.0009345345976427,0.001907334303341415,0.5052186554310142
19.220865972269756,0.0005601391531843136,0.001907334303341415,0.5053688325995223
19.22686808290894,0.002886027618268283,0.001907334303341415,0.5055140557957646
19.232870212642137,-0.0006953064506244333,0.001907334303341415,0.505654288821029
19.238872361268267,0.009676538202710194,0.001907334303341415,0.5057833795603929
19.24487452858626,0.05820371650122702,0.001907334303341415,0.5059009071898802
19.250876714395034,0.02682139971810249,0.001907334303341415,0.5060403759863904
19.256878918493523,0.0001284085032913218,0.001907334303341415,0.5061836912732154
19.262881140680648,0.0030130853162110283,0.001907334303341415,0.506331916513412
19.268883380755334,-0.00097144425353346,0.001907334303341415,0.5064801983784872
19.274885638516512,8.773255640204258e-05,0.001907334303341415,0.5066267937566906
19.280887913763102,-0.00018960955017355285,0.001907334303341415,0.506785830973318
19.28689020629403,0.012335006263128778,0.001907334303341415,0.5069622109263104
19.292892515908225,0.011137953763016739,0.001907334303341415,0.5071262642273682
19.298894842404604,0.0001023247976117414,0.001907334303341415,0.5072783109332759
19.304897185582103,0.0013539811039555705,0.001907334303341415,0.5074271324378623
19.310899545239646,0.019836284586187913,0.001907334303341415,0.5075705835212518
19.316901921176154,0.021331397284090725,0.001907334303341415,0.5077142116929555
19.32290431319055,0.00214159502958422,0.001907334303341415,0.507846843013271
19.32890672108176,0.00032509649328160695,0.001907334303341415,0.5079685863471174
19.334909144648723,-0.0012675524658718462,0.001907334303341415,0.5080849727044267
19.34091158369035,0.0012904286796433517,0.001907334303341415,0.5081958635201524
19.34691403800557,0.042273467756576144,0.001907334303341415,0.5082905638164471
19.352916507393306,0.037229096778150894,0.001907334303341415,0.5083858542249867
19.35891899165249,0.0038631910303091876,0.001907334303341415,0.5084913412628347
19.364921490582045,-0.0011098678445231602,0.001907334303341415,0.5085842385996248
19.370924003980893,-0.002301370817037074,0.001907334303341415,0.5086647765771359
19.376926531647964,0.0005541312205028515,0.001907334303341415,0.5087394832210549
19.382929073382183,-0.0030943578440502106,0.001907334303341415,0.508808301131497
19.388931628982473,-0.0010334604339792275,0.001907334303341415,0.50888003870321
19.39493419824776,-0.0014580899237978118,0.001907334303341415,0.5089569284752442
19.40093678097697,-0.0009277474682910514,0.001907334303341415,0.5090269345072777
19.40693937696903,0.0034869149091558693,0.001907334303341415,0.5090964900967283
19.412941986022865,0.03264715492936676,0.001907334303341415,0.5091655735310905
19.418944607937394,0.03613736191903805,0.001907334303341415,0.5092261140530324
19.424947242511553,0.02141298717134088,0.001907334303341415,0.5092807532125039
19.43094988954426,0.018777360563124956,0.001907334303341415,0.5093298826599486
19.436952548834444,0.011242369831394594,0.001907334303341415,0.5093751897588603
19.44295522018103,0.03562855442330948,0.001907334303341415,0.5094103803755349
19.448957903382944,0.013799552232306111,0.001907334303341415,0.5094440714395054
19.454960598239108,-0.003440965145996011,0.001907334303341415,0.5094802955130793
19.46096330454845,-0.0019893474883188045,0.001907334303341415,0.5095189035447468
19.466966022109894,-0.0008071202128598909,0.001907334303341415,0.5095485184864426
19.47296875072237,0.00261746608762381,0.001907334303341415,0.5095695045560922
19.478971490184797,0.004416778954152822,0.001907334303341415,0.5095822250923555
19.484974240296108,0.002239598724498748,0.001907334303341415,0.5096020879785428
19.49097700085522,-0.0006900820134999597,0.001907334303341415,0.509634697981426
19.496979771661064,-0.001759459855447787,0.001907334303341415,0.5096531818866332
19.502982552512563,-0.0005647985146040035,0.001907334303341415,0.5096715798851276
19.508985343208646,0.0001008777508439973,0.001907334303341415,0.5096784370341942
19.514988143548237,0.0008903438698621979,0.001907334303341415,0.5096758572252392
19.520990953330262,0.00025536452390251263,0.001907334303341415,0.509664168367593
19.526993772353638,0.0031503131275170126,0.001907334303341415,0.5096523701047495
19.532996600417302,0.00047882379048236334,0.001907334303341415,0.5096357849225639
19.538999437320175,0.0019035582527854311,0.001907334303341415,0.5096147236242933
19.545002282861184,0.0016370064840773857,0.001907334303341415,0.5095807313235204
19.55100513683925,0.0012346725843451756,0.001907334303341415,0.5095659341117788
19.557007999053305,0.004779986343026343,0.001907334303341415,0.5095347445647138
19.56301086930227,0.004114420125372553,0.001907334303341415,0.5094876694497925
19.569013747385068,0.005078528144042638,0.001907334303341415,0.5094421755901007
19.57501663310063,0.003072928389530105,0.001907334303341415,0.509397997366679
19.581019526247882,0.01748563995624075,0.001907334303341415,0.5093635265689628
19.587022426625744,0.04968784010482874,0.001907334303341415,0.5093102959165972
19.593025334033147,0.050416186283023356,0.001907334303341415,0.5092593443424062
19.59902824826901,0.013098977966691239,0.001907334303341415,0.5092056729047152
19.605031169132264,0.00289757047313699,0.001907334303341415,0.5091493701587594
19.611034096421832,0.005190595108900409,0.001907334303341415,0.5090976317831506
19.617037029936643,0.004337613641165139,0.001907334303341415,0.5090302645846541
19.62303996947562,0.0075306052787647015,0.001907334303341415,0.5089617853798776
19.629042914837683,0.006651682136375792,0.001907334303341415,0.508901389937231
19.63504586582177,0.0044863320199980405,0.001907334303341415,0.5088458510731739
19.641048822226793,0.0065897934751157905,0.001907334303341415,0.5087913153656413
19.647051783851683,0.00674104900482253,0.001907334303341415,0.5087306081246813
19.65305475049537,0.008610761350797524,0.001907334303341415,0.5086639491010626
19.659057721956774,0.005396027258115166,0.001907334303341415,0.5085866415169441
19.665060698034825,0.008521670131142689,0.001907334303341415,0.508502273320153
19.671063678528444,0.0038597624369531847,0.001907334303341415,0.508411148677864
19.67706666323656,0.005544522014361841,0.001907334303341415,0.5083134309120543
19.68306965195809,0.021431949418587837,0.001907334303341415,0.5082092823772335
19.689072644491972,0.033587187737805,0.001907334303341415,0.5080967571576407
19.69507564063712,0.0127416670243371,0.001907334303341415,0.5079761106030413
19.70107864019247,0.003977520913021282,0.001907334303341415,0.5078573471014435
19.707081642956943,0.007459787350914571,0.001907334303341415,0.5077255053725221
19.71308464872946,0.00557262305004258,0.001907334303341415,0.507589769772131
19.71908765730895,0.005036896222045062,0.001907334303341415,0.5074501681472218
19.725090668494342,0.031083807181934375,0.001907334303341415,0.5073081445251117
19.73109368208456,0.020038321846812535,0.001907334303341415,0.5071691803120445
19.737096697878524,0.00910095586215598,0.001907334303341415,0.5070283871632841
19.743099715675164,0.0026495124560089733,0.001907334303341415,0.5068858274527046
19.749102735273404,0.004271574490508967,0.001907334303341415,0.506734166078516
19.755105756472172,0.00509034592132418,0.001907334303341415,0.5065737996678896
19.76110877907039,0.0018057091610799159,0.001907334303341415,0.5064027695119822
19.76711180286699,0.0059702515293885705,0.001907334303341415,0.5062274789146063
19.77311482766089,0.0005569315780117323,0.001907334303341415,0.5060548089576136
19.779117853251016,0.003445840874477857,0.001907334303341415,0.5058833211377629
19.7851208794363,0.002197264572504243,0.001907334303341415,0.5057136739491563
19.79112390601566,0.005017713046309824,0.001907334303341415,0.5055394898741308
19.79712693278802,0.0053562859466361745,0.001907334303341415,0.5053611216814057
19.80312995955232,-0.00028843977889114747,0.001907334303341415,0.5051828925965018
19.809132986107468,0.006266372207448745,0.001907334303341415,0.5050049739905164
19.815136012252403,0.004158385271058607,0.001907334303341415,0.5048275376009064
19.821139037786036,0.02415532652369523,0.001907334303341415,0.5046486170266276
19.827142062507306,0.043638666415202976,0.001907334303341415,0.5044650787076272
19.833145086215136,0.01063065395372742,0.001907334303341415,0.5042710752676297
19.839148108708446,-0.0005307346705462068,0.001907334303341415,0.5040664938893495
19.845151129786164,-0.0020964373402765357,0.001907334303341415,0.5038832562946288
19.85115414924722,0.0005256716457814337,0.001907334303341415,0.5037091997992088
19.85715716689053,-0.0008766479396851157,0.001907334303341415,0.5035100900983673
19.863160182515028,0.001210990844527693,0.001907334303341415,0.5033037117426657
19.869163195919636,0.0024183716098135077,0.001907334303341415,0.5031029923915267
19.875166206903277,0.000896638280379225,0.001907334303341415,0.5029048555678309
19.881169215264883,0.004202181168096675,0.001907334303341415,0.5027093122978555
19.887172220803375,-0.00033534438602056404,0.001907334303341415,0.502517048516343
19.89317522331768,0.0008127505716246652,0.001907334303341415,0.5023209651218822
19.899178222606718,0.002807635698778066,0.001907334303341415,0.5021271925644379
19.905181218469423,0.03575848496069367,0.001907334303341415,0.5019360456838263
19.911184210704718,0.07877636891248618,0.001907334303341415,0.5017427768328254
19.917187199111527,0.011867142796469166,0.001907334303341415,0.501561256373107
19.923190183488774,0.001058740814754322,0.001907334303341415,0.5013912502306251
19.929193163635386,0.004351285389668003,0.001907334303341415,0.5012325282359242
19.93519613935029,0.03756641404234751,0.001907334303341415,0.501051602506953
19.941199110432407,0.02784058400253142,0.001907334303341415,0.5008664526168819
19.947202076680668,0.0002046841476746053,0.001907334303341415,0.500674836504784
19.953205037893998,-0.0021796185773886867,0.001907334303341415,0.5004823714742273
19.959207993871317,-0.005434809735096469,0.001907334303341415,0.5002937754303038
19.965210944411552,-0.001004043489808648,0.001907334303341415,0.5001091368906248
19.97121388931364,-0.002990293338873129,0.001907334303341415,0.4999285445852673
19.977216828376484,0.0018831129161737126,0.001907334303341415,0.4997509079002578
19.98321976139903,-0.003138362715398302,0.001907334303341415,0.4995689309011961
19.989222688180195,-0.004076315803710928,0.001907334303341415,0.49938298112775925
19.995225608518908,-0.0008680433569932533,0.001907334303341415,0.4992019782636054
20.001228522214088,0.0037695397360574256,0.001907334303341415,0.4990258980158878
20.007231429064664,0.02641824580380847,0.001907334303341415,0.49885471634225176
20.013234328869565,0.013256727966848347,0.001907334303341415,0.4986888354250119
20.019237221427712,-0.003059758407193802,0.001907334303341415,0.49852894057498254
20.02524010653803,-0.00012223638287062188,0.001907334303341415,0.49837138360717886
20.031242983999448,-0.004489833542771382,0.001907334303341415,0.4982163187339922
20.03724585361089,-0.0006349036666217223,0.001907334303341415,0.49806950912856257
20.043248715171277,0.007852031650780189,0.001907334303341415,0.49790806734944637
20.049251568479544,0.03206646046691769,0.001907334303341415,0.4977492413672346
20.055254413334612,0.013044594033735979,0.001907334303341415,0.4975926561162583
20.0612572495354,-0.002563335964565261,0.001907334303341415,0.49743820940676786
20.067260076880846,-0.0028659655483269653,0.001907334303341415,0.49729261487806287
20.073262895169865,-0.0003511210560168676,0.001907334303341415,0.4971555174403824
20.079265704201383,0.024550752432027256,0.001907334303341415,0.4970239312953571
20.085268503774333,0.017785893923916607,0.001907334303341415,0.49689652594911793
20.091271293687637,-0.004204107876926988,0.001907334303341415,0.4967733220523166
20.097274073740213,0.0005197820872721581,0.001907334303341415,0.496652926784593
20.103276843731,-0.002803485527014704,0.001907334303341415,0.4965352979269583
20.109279603458912,0.01538445346003009,0.001907334303341415,0.4964213739025966
20.11528235272288,0.029443298074159463,0.001907334303341415,0.4963137563562914
20.12128509132183,0.005448883012031613,0.001907334303341415,0.49621223507728074
20.127287819054683,-0.0008542057617599852,0.001907334303341415,0.496116600346922
20.13329053572037,-0.004321597313000802,0.001907334303341415,0.49602225737186223
20.139293241117812,-0.001490278932029132,0.001907334303341415,0.49594091262904555
20.145295935045937,0.00031542674229928513,0.001907334303341415,0.4958672132043469
20.15129861730367,-0.0017291067547213212,0.001907334303341415,0.495801407073093
20.157301287689936,0.0035737961581515654,0.001907334303341415,0.49573978628430987
20.163303946003662,-0.0070191141265637524,0.001907334303341415,0.495683881180804
20.16930659204377,0.00045930387784276494,0.001907334303341415,0.4956337021072716
20.17530922560919,-0.0043016971131050186,0.001907334303341415,0.4955850423617478
20.181311846498847,-0.003157770666668114,0.001907334303341415,0.4955495203687532
20.187314454511657,0.003962310781306544,0.001907334303341415,0.49552381060212974
20.19331704944656,-0.0014161032085264202,0.001907334303341415,0.4955040071180588
20.199319631102473,0.0008046956038639808,0.001907334303341415,0.49548212963535304
20.205322199278324,-0.0023427358569777512,0.001907334303341415,0.4954661941317977
20.211324753773035,-0.0029035302970991106,0.001907334303341415,0.495456252575694
20.217327294385537,-0.0017022754445064625,0.001907334303341415,0.4954517238295786
20.223329820914753,-0.005376427535424999,0.001907334303341415,0.49545263193813804
20.2293323331596,0.006891835052711848,0.001907334303341415,0.4954590006222358
20.235334830919022,0.03629555534301476,0.001907334303341415,0.4954708532789157
20.241337313991927,0.01949763738272875,0.001907334303341415,0.49549397438806525
20.24733978217725,0.0010488760011573839,0.001907334303341415,0.49551830891932747
20.253342235273916,-0.005159927460475555,0.001907334303341415,0.4955440643922903
20.259344673080843,-0.0017878014268236098,0.001907334303341415,0.49557735339727216
20.26534709539697,-0.003595679885625702,0.001907334303341415,0.49562017655349444
20.27134950202121,-0.0014236246653204776,0.001907334303341415,0.4956723788093964
20.277351892752492,-0.00028882136992630647,0.001907334303341415,0.4957275692999795
20.283354267389743,-0.006136875399998298,0.001907334303341415,0.49578820242171645
20.289356625731884,0.0006823808551149058,0.001907334303341415,0.49585196847991025
20.295358967577847,-0.004949637175544308,0.001907334303341415,0.4959191309251292
20.301361292726558,-0.000897646967727983,0.001907334303341415,0.4959921371039317
20.307363600976938,-0.00029184557442263337,0.001907334303341415,0.49607100069041227
20.313365892127912,-0.007165071531889111,0.001907334303341415,0.49615573508862637
20.319368165978407,0.02650675058391666,0.001907334303341415,0.49624751718686505
20.32537042232735,0.013617023363138747,0.001907334303341415,0.4963463074067307
20.331372660973663,0.01049549042624387,0.001907334303341415,0.4964520663709936
20.337374881716276,0.050256738208144636,0.001907334303341415,0.49656475490355617
20.343377084354113,0.03991616968202494,0.001907334303341415,0.49668433402947354
20.349379268686096,0.006746969942413195,0.001907334303341415,0.49681076497494336
20.355381434511155,-0.0049762189261365886,0.001907334303341415,0.49694400916729925
20.36138358162821,-0.001030235428058357,0.001907334303341415,0.4970790883661546
20.367385709836192,-0.003755291168167474,0.001907334303341415,0.4972201056699392
20.373387818934024,-0.004649314736855037,0.001907334303341415,0.4973670671278716
20.379389908720636,0.0009761476231716082,0.001907334303341415,0.4975199785768829
20.38539197899495,-0.0019232752275589737,0.001907334303341415,0.4976788456416466
20.391394029555883,-0.002605999928619096,0.001907334303341415,0.49784318530422894
20.39739606020237,0.0011200256746251025,0.001907334303341415,0.49802452243949136
20.40339807073334,-0.004453036329455429,0.001907334303341415,0.49820965718943894
20.409400060947714,-0.0006745355188712554,0.001907334303341415,0.498398675162969
20.41540203064441,-0.004863101643415746,0.001907334303341415,0.49859166106872654
20.421403979622365,0.008292200931605487,0.001907334303341415,0.4987836370598229
20.4274059076805,0.02177638362223333,0.001907334303341415,0.4989797384859701
20.433407814617738,-0.0020895337560806193,0.001907334303341415,0.49918005473215915
20.439409700233007,0.0005291571038796294,0.001907334303341415,0.49937475796322595
20.445411564325234,-0.004487904452568747,0.001907334303341415,0.49957687936664175
20.451413406693344,0.0012114835718783912,0.001907334303341415,0.49978584094922274
20.45741522713626,0.0033944560090632403,0.001907334303341415,0.4999912455399332
20.463417025452905,0.0012309612714860307,0.001907334303341415,0.5002008219795014
20.469418801442213,0.011157477310835051,0.001907334303341415,0.5004146461266112
20.4754205549031,0.002742826913825769,0.001907334303341415,0.5006265935078983
20.481422285634498,0.00087075378645185,0.001907334303341415,0.5008363497083859
20.487423993435335,-0.0002774920692796279,0.001907334303341415,0.5010527794742936
20.493425678104526,-0.0021250349685072445,0.001907334303341415,0.5012759654830923
20.499427339441006,0.003575346610121377,0.001907334303341415,0.5015021192647786
20.505428977243696,-0.0011885505406908914,0.001907334303341415,0.5017311551485999
20.511430591311523,-0.000958161998508178,0.001907334303341415,0.5019629867030722
20.517432181443407,0.001656397449879221,0.001907334303341415,0.5021897829724717
20.523433747438283,-0.004298653079920556,0.001907334303341415,0.50240848260885
20.529435289095076,-0.0005168220080893349,0.001907334303341415,0.5026471460562967
20.5354368062127,0.0007098726478925732,0.001907334303341415,0.5028777802415692
20.54143829859009,-0.0002822961527255696,0.001907334303341415,0.503116190417512
20.547439766026173,0.005107278445151242,0.001907334303341415,0.5033622121448561
20.553441208319867,-0.000984070775977841,0.001907334303341415,0.5036119483445105
20.5594426252701,0.0002486536513095494,0.001907334303341415,0.5038654059287181
20.565444016675805,0.02813003020075877,0.001907334303341415,0.5041164611725113
20.571445382335895,0.05517505878751405,0.001907334303341415,0.5043768615694592
20.577446722049306,0.015678662653033304,0.001907334303341415,0.504640274021951
20.583448035614957,-0.00023688565274548878,0.001907334303341415,0.5049066740335988
20.589449322831776,0.0014633672709798429,0.001907334303341415,0.5051746609562104
20.595450583498685,0.0018405947723735272,0.001907334303341415,0.5054441494579193
20.601451817414617,-0.00447156643886093,0.001907334303341415,0.5057110985355179
20.607453024378493,0.004445881686615971,0.001907334303341415,0.5059768158578184
20.613454204189235,0.002136041467499017,0.001907334303341415,0.506246300008031
20.619455356645776,0.0002461644162147225,0.001907334303341415,0.5065148730805982
20.625456481547037,0.004528094375096936,0.001907334303341415,0.5067824300782067
20.631457578691943,0.0019818124398398584,0.001907334303341415,0.5070339769357708
20.637458647879424,0.008211062699929994,0.001907334303341415,0.5072669348416785
20.643459688908397,0.0033263656501417715,0.001907334303341415,0.5075119662125877
20.649460701577794,0.0005940048408082932,0.001907334303341415,0.5077628438224193
20.65546168568654,0.01361945878999149,0.001907334303341415,0.508011099918038
20.66146264103356,0.03137048291858413,0.001907334303341415,0.5082566984625794
20.667463567417776,0.011565754971342046,0.001907334303341415,0.5084936713809189
20.67346446463812,0.004591346212391878,0.001907334303341415,0.5087330037378752
20.67946533249351,0.001654724298669752,0.001907334303341415,0.5089748873006295
20.685466170782878,0.007099069456279472,0.001907334303341415,0.5092138441287613
20.691466979305147,0.0009084584387225592,0.001907334303341415,0.5094498182946187
20.69746775785924,0.0057812639229912755,0.001907334303341415,0.5096827521757418
20.703468506244082,0.003880876859932103,0.001907334303341415,0.5099086937450121
20.70946922425861,0.00019646110553128704,0.001907334303341415,0.5101353442705409
20.715469911701735,0.006833534231694638,0.001907334303341415,0.510373567699943
20.721470568372386,0.004879611167662223,0.001907334303341415,0.5106232741101334
20.727471194069498,0.00461402051542581,0.001907334303341415,0.5108777920360297
20.733471788591984,0.0019401721052370036,0.001907334303341415,0.5111037447813236
20.739472351738772,0.0019846391430136112,0.001907334303341415,0.5113284152009159
20.745472883308796,0.005875926089303429,0.001907334303341415,0.511549745889398
20.751473383100972,0.005286937831082583,0.001907334303341415,0.5117751860440146
20.757473850914234,0.0024357115733130152,0.001907334303341415,0.5119983390823466
20.763474286547495,0.00738371783285563,0.001907334303341415,0.5122189839300046
20.769474689799694,0.0028233233354285625,0.001907334303341415,0.5124304409495875
20.775475060469752,0.005614584521977384,0.001907334303341415,0.5126457882344212
20.781475398356587,0.014143187213776609,0.001907334303341415,0.5128651112794115
20.787475703259133,0.04755084572477242,0.001907334303341415,0.5130871431232403
20.793475974976314,0.023244723021684233,0.001907334303341415,0.5133119130316315
20.799476213307056,-0.00035344505220835654,0.001907334303341415,0.513530489492596
20.80547641805028,0.0028752032061339916,0.001907334303341415,0.5137492977023421
20.81147658900491,0.009604361703377862,0.001907334303341415,0.5139676677815627
20.817476725969886,0.002416758614918968,0.001907334303341415,0.5141832610364503
20.823476828744116,0.007762586568959562,0.001907334303341415,0.5143925923440554
20.829476897126536,-0.00015687803001918077,0.001907334303341415,0.5146204782488839
20.835476930916066,0.00018975028135181926,0.001907334303341415,0.5148131139634962
20.841476929911632,0.005678074239306219,0.001907334303341415,0.5149854927323118
20.847476893912166,-0.0011025532299059337,0.001907334303341415,0.5151640992411507
20.853476822716587,0.0032132896887497875,0.001907334303341415,0.5153492569519336
20.859476716123822,0.005964717854854751,0.001907334303341415,0.5155399232970524
20.8654765739328,-0.001545510592327659,0.001907334303341415,0.5157345936831352
20.871476395942437,0.003693974789474974,0.001907334303341415,0.5159334627738104
20.877476181951668,0.0006011414578376284,0.001907334303341415,0.5161276597194614
20.883475931759413,0.0007361368371756605,0.001907334303341415,0.5163169854796705
20.889475645164598,0.010257639101455718,0.001907334303341415,0.516500636168031
20.89547532196616,0.0010467010225057027,0.001907334303341415,0.5166904305174587
20.901474961963007,0.003675006728508623,0.001907334303341415,0.516853472210019
20.907474564954068,0.005425577953708016,0.001907334303341415,0.5170253718882065
20.91347413073828,-0.0017373225504042633,0.001907334303341415,0.5172065179028605
20.91947365911456,0.0011306493008604868,0.001907334303341415,0.5173795677443086
20.925473149881828,-0.0005750829284171255,0.001907334303341415,0.5175441405418819
20.931472602839023,-0.0008868825749979159,0.001907334303341415,0.5176998528701354
20.937472017785062,0.004658461472004105,0.001907334303341415,0.5178764505832614
20.94347139451887,-0.00217168587912675,0.001907334303341415,0.5180396021791674
20.949470732839377,0.009705944400426825,0.001907334303341415,0.5182058264534547
20.951049008441657,2.7923899537762864e-05,0.001907334303341415,0.5183734120447814
20.95705999881108,-0.001554811872223949,0.001907334303341415,0.5185192444141135
20.96307087862146,0.00048329283848680404,0.001907334303341415,0.5186654184637918
20.96908164827239,-0.0009117652306355195,0.001907334303341415,0.5188044698456182
20.975092308163486,0.0010642860110537944,0.001907334303341415,0.5189566963427594
20.981102858694342,0.005751313038017125,0.001907334303341415,0.5190956474722003
20.987113300264568,0.03446525529134847,0.001907334303341415,0.5192212448037715
20.993123633273765,0.0351120548184789,0.001907334303341415,0.5193408012655879
20.99913385812154,0.00957289061564337,0.001907334303341415,0.5194545556039475
21.005143975207485,0.004461406188702388,0.001907334303341415,0.5195627458511558
21.011153984931212,0.0024822020324434257,0.001907334303341415,0.5196712688109866
21.017163887692327,0.000661348273888529,0.001907334303341415,0.5197801060973966
21.023173683890427,-0.00263882539303939,0.001907334303341415,0.5198892408998304
21.029183373925115,0.004791080510280987,0.001907334303341415,0.5199986579831982
21.035192958196003,0.0015672257495088493,0.001907334303341415,0.5201105467655619
21.041202437102683,-0.0009156825091407583,0.001907334303341415,0.5202249917820184
21.047211811044765,3.463798420477726e-05,0.001907334303341415,0.5203318859697016
21.053221080421853,-0.0021604960100258808,0.001907334303341415,0.52043825007583
21.059230245633547,-0.002109838736578329,0.001907334303341415,0.5205477608930023
21.06523930707945,-0.0038255040686401287,0.001907334303341415,0.5206600983514521
21.071248265159173,-0.0005433868265515285,0.001907334303341415,0.5207577789166241
21.077257120272307,0.003636328467286898,0.001907334303341415,0.5208464365267694
21.083265872818462,0.009276916661602352,0.001907334303341415,0.5209307411530434
21.089274523197247,0.003398604064250188,0.001907334303341415,0.5210106274890963
21.09528307180825,-0.0008073465168451088,0.001907334303341415,0.5210937641736205
21.10129151905109,-0.0022740263250925485,0.001907334303341415,0.5211840287044067
21.107299865325363,0.0008478895063813718,0.001907334303341415,0.5212743048441673
21.11330811103067,0.004874058060568953,0.001907334303341415,0.5213643934355666
21.119316256566623,-0.0042736335112589785,0.001907334303341415,0.5214399894690317
21.125324302332814,0.0036360884139581273,0.001907334303341415,0.5215132477570852
21.131332248728853,-0.0016500607591151129,0.001907334303341415,0.5215919891458196
21.13734009615435,-0.00259189182551145,0.001907334303341415,0.5216762111593651
21.14334784500889,0.004554546128621495,0.001907334303341415,0.5217734014973701
21.149355495692095,0.031272367838376836,0.001907334303341415,0.5218790754314974
21.155363048603558,0.04439016186994993,0.001907334303341415,0.5219753791568912
21.161370504142884,0.014176071504563348,0.001907334303341415,0.5220625912515797
21.167377862709678,0.003733295830215533,0.001907334303341415,0.5221409883277649
21.173385124703543,0.014819809159467234,0.001907334303341415,0.5222142032530084
21.17939229052408,0.031996716596624286,0.001907334303341415,0.5222818598144006
21.185399360570898,0.00958051190481779,0.001907334303341415,0.522350339531062
21.19140633524359,0.00297736690177397,0.001907334303341415,0.5224059425224445
21.19741321494177,-0.002739293462215686,0.001907334303341415,0.5224481776606222
21.203420000065037,-0.00010656431912781095,0.001907334303341415,0.5225013172991836
21.209426691012993,-0.002396482510055864,0.001907334303341415,0.5225659487259573
21.215433288185242,-0.0036832585816314323,0.001907334303341415,0.5226316610242012
21.22143979198139,-0.001545107441595861,0.001907334303341415,0.5226953370402821
21.227446202801037,-0.0013144033113492437,0.001907334303341415,0.5227568250534925
21.233452521043787,0.0001556907544634223,0.001907334303341415,0.5228199184847677
21.23945874710925,0.001620237234672861,0.001907334303341415,0.5228846391381684
21.245464881397012,0.001890772568789667,0.001907334303341415,0.522951010601531
21.2514709243067,0.018633562724719943,0.001907334303341415,0.5230190582464397
21.2574768762379,0.01821254981515341,0.001907334303341415,0.5230907408831196
21.263482737590216,-0.003581404687526657,0.001907334303341415,0.5231487121620778
21.26948850876326,-0.0029422774187964906,0.001907334303341415,0.5231935381134418
21.27549419015663,-0.0026593564333826647,0.001907334303341415,0.5232249100412931
21.281499782169927,-0.003172529198416596,0.001907334303341415,0.5232746523421292
21.287505285202766,0.004127257622641545,0.001907334303341415,0.5233261609942952
21.293510699654735,0.00700627723392333,0.001907334303341415,0.5233797615551062
21.299516025925445,-0.0027116289910317226,0.001907334303341415,0.5234368197162983
21.3055212644145,-0.0032163368281430404,0.001907334303341415,0.5235215802251874
21.311526415521502,-0.0038922817149961153,0.001907334303341415,0.5235759292694236
21.317531479646053,-0.001264229568706643,0.001907334303341415,0.5236387701127247
21.323536457187757,0.006203042342416976,0.001907334303341415,0.5237096560652196
21.32954134854622,0.033173973040999005,0.001907334303341415,0.5237759973867037
21.33554615412104,0.048192834233467985,0.001907334303341415,0.5238385846627878
21.341550874311825,0.01856106030612814,0.001907334303341415,0.5239019059599279
21.34755550951818,0.0031683324164036852,0.001907334303341415,0.5239614965225254
21.353560060139703,0.001716853432499832,0.001907334303341415,0.5240173775851723
21.359564526575998,0.005040927400465134,0.001907334303341415,0.5240794400873462
21.365568909226667,0.026403494724585475,0.001907334303341415,0.5241472191283003
21.37157320849132,0.07712803394750711,0.001907334303341415,0.5242240560237613
21.37757742476956,0.0343757619479671,0.001907334303341415,0.5242820506222039
21.383581558460982,0.0051703701676438785,0.001907334303341415,0.5243330192633245
21.389585609965195,0.005784616772755213,0.001907334303341415,0.5244001993492251
21.3955895796818,-0.0048567977961769815,0.001907334303341415,0.5244737552820523
21.4015934680104,-0.0007376486353652956,0.001907334303341415,0.5245432870627832
21.407597275350604,0.0018432357192279536,0.001907334303341415,0.5246088991286985
21.413601002102013,0.011848865364506023,0.001907334303341415,0.5246722418538093
21.419604648664226,0.03717272111599024,0.001907334303341415,0.5247341980471019
21.42560821543685,0.01835518335055142,0.001907334303341415,0.5247934294824195
21.431611702819485,0.0023940294409954266,0.001907334303341415,0.5248540688714454
21.437615111211738,0.0024023603909941738,0.001907334303341415,0.5249160688894137
21.44361844101321,0.0009247946977312127,0.001907334303341415,0.5249793831223706
21.449621692623506,0.00016663583031228946,0.001907334303341415,0.5250444626193643
21.455624866442232,0.0056354522486213865,0.001907334303341415,0.5251066616914458
21.46162796286898,0.02679446893078541,0.001907334303341415,0.5251632171912657
21.46763098230337,0.03465137586423439,0.001907334303341415,0.5252140542502236
21.47363392514499,0.003567628414737678,0.001907334303341415,0.5252590961926865
21.479636791793453,-0.0034225134225058795,0.001907334303341415,0.5253028494225628
21.485639582648357,-0.0024676086361746785,0.001907334303341415,0.5253463064972956
21.491642298109312,-0.0009089294911364121,0.001907334303341415,0.5253895488825348
21.497644938575913,-0.0030759050419492118,0.001907334303341415,0.5254482451831847
21.50364750444777,-0.0006981148539748627,0.001907334303341415,0.5254902072303537
21.509649996124477,0.007692108673578724,0.001907334303341415,0.5255392848021923
21.515652414005654,0.028287724427420002,0.001907334303341415,0.525595107286414
21.521654758490886,0.013334916279299724,0.001907334303341415,0.5256279378627668
21.52765702997979,0.004345022362188367,0.001907334303341415,0.525641927227839
21.533659228871958,0.006308468667888922,0.001907334303341415,0.5256563642364057
21.539661355567002,0.009361836315815442,0.001907334303341415,0.5256712062564184
21.545663410464524,0.007663095644478091,0.001907334303341415,0.5256947766693086
21.551665393964125,0.03606810084305412,0.001907334303341415,0.5257196150856981
21.557667306465408,0.02310574639919105,0.001907334303341415,0.5257457082107801
21.56366914836798,0.0003781863945088171,0.001907334303341415,0.5257730431869119
21.569670920071438,2.1103946252765127e-05,0.001907334303341415,0.5258016075936117
21.575672621975393,0.003864598163511812,0.001907334303341415,0.5258313894475497
21.58167425447944,0.0073094352587270706,0.001907334303341415,0.5258623772025507
21.58767581798319,0.006868625175204812,0.001907334303341415,0.5258885364925364
21.593677312886243,0.00181140288898618,0.001907334303341415,0.5259198877870991
21.599678739588196,-0.00017718701331248532,0.001907334303341415,0.525956603127261
21.605680098488666,0.0005635943182404901,0.001907334303341415,0.5259926811377563
21.61168138998725,0.001853792643914276,0.001907334303341415,0.5260206979106641
21.617682614483545,0.0036075697126787265,0.001907334303341415,0.5260406969698828
21.623683772377163,-0.0021344972383496863,0.001907334303341415,0.5260820878047078
21.629684864067702,-0.0014665966868110392,0.001907334303341415,0.5260912891264694
21.635685889954768,-0.0014019998711560788,0.001907334303341415,0.5261074862199479
21.641686850437967,-0.0001796369491172678,0.001907334303341415,0.5261305094597295
21.647687745916894,-0.003373431019612516,0.001907334303341415,0.5261502381132364
21.65368857679116,0.003315552618493145,0.001907334303341415,0.526166881748451
21.659689343460364,0.0189066596847014,0.001907334303341415,0.5261806482491713
21.66569004632411,0.038499172230653134,0.001907334303341415,0.5261900298907389
21.671690685782007,0.059439811737863946,0.001907334303341415,0.5261978400860811
21.67769126223365,0.021372656477955942,0.001907334303341415,0.5262041311385608
21.683691776078646,0.0037538836959428723,0.001907334303341415,0.5262089540641927
21.6896922277166,0.001430941814807074,0.001907334303341415,0.5262142714292204
21.69569261754711,0.004518698302611424,0.001907334303341415,0.5262200455057057
21.701692945969786,0.0015575755551585635,0.001907334303341415,0.5262262380515513
21.70769321338423,0.002208678648595197,0.001907334303341415,0.5262379746916357
21.713693420190037,0.0006149623700940632,0.001907334303341415,0.5262513458077602
21.71969356678682,-0.001220041988609477,0.001907334303341415,0.5262663604136102
21.72569365357418,0.003741307511255232,0.001907334303341415,0.526283027420497
21.73169368095172,0.00496062814472531,0.001907334303341415,0.5263013556373726
21.737693649319038,-0.001994728176016536,0.001907334303341415,0.5263218643998748
21.74369355907575,0.008249968484604575,0.001907334303341415,0.526332564476723
21.749693410621443,0.008963217717011918,0.001907334303341415,0.5263462460965639
21.755693204355737,0.0031863783884036323,0.001907334303341415,0.5263636139379722
21.761692940678223,0.0035331654828378856,0.001907334303341415,0.5263853388024228
21.767692619988505,0.004079232734717442,0.001907334303341415,0.5264249958040585
21.7736922426862,0.011032384030969178,0.001907334303341415,0.5264583774703446
21.77969180917089,0.003735802188721382,0.001907334303341415,0.5264991002780463
21.785691319842194,-0.0015597133966962495,0.001907334303341415,0.5265472040336523
21.79169077509971,0.005606426351960958,0.001907334303341415,0.5265806158998492
21.797690175343046,0.011698679245511712,0.001907334303341415,0.5266161939735392
21.803689520971794,7.13682550758099e-05,0.001907334303341415,0.5266698610788503
21.80968881238557,0.0035030054618668816,0.001907334303341415,0.5266908357214497
21.81568804998397,0.001968351525357459,0.001907334303341415,0.5267150884656715
21.8216872341666,-0.005135989582248812,0.001907334303341415,0.5267412918636195
21.82768636533306,0.018106694161906134,0.001907334303341415,0.5267646573358298
21.83368544388296,0.046350560806544094,0.001907334303341415,0.526785393607061
21.839684470215897,0.07546648312029614,0.001907334303341415,0.5268037073306004
21.845683444731478,0.14187449023731546,0.001907334303341415,0.5268255990553605
21.851682367829305,0.06781733955144031,0.001907334303341415,0.5268510102056728
21.85768123990898,0.011451823636923097,0.001907334303341415,0.5268798824766169
21.863680061370108,0.004759593654891092,0.001907334303341415,0.5269121578340525
21.86967883261229,0.0022455428308458814,0.001907334303341415,0.5269477785145958
21.875677554035132,0.002406234160005849,0.001907334303341415,0.5269866870256353
21.88167622603824,0.006388646537912601,0.001907334303341415,0.5270368061874005
21.88767484902121,0.011105735250337201,0.001907334303341415,0.5270823449370966
21.893673423383653,0.0025863290941600114,0.001907334303341415,0.5271232494873075
21.899671949525164,0.006021827250186518,0.001907334303341415,0.5271681557519463
21.905670427845354,0.003142454931738814,0.001907334303341415,0.5272156690158147
21.91166885874382,0.0026231510677731107,0.001907334303341415,0.5272657444831882
21.917667242620173,0.002866182971591469,0.001907334303341415,0.5273183375889222
21.92366557987401,-0.0022872143209806683,0.001907334303341415,0.5273693284521179
21.929663870904935,-0.0031864185458535532,0.001907334303341415,0.5274188565529792
21.935662116112553,-0.002804588158045962,0.001907334303341415,0.5274670599554705
21.941660315896467,-0.00041002268877576853,0.001907334303341415,0.527514075307368
21.94765847065628,0.01230462441817115,0.001907334303341415,0.5275641724813422
21.953656580791595,0.03069880682295456,0.001907334303341415,0.5276151469868771
21.959654646702013,0.012876881355689762,0.001907334303341415,0.5276619025875845
21.965652668787143,0.0010697382484858853,0.001907334303341415,0.5277126761894008
21.971650647446587,-0.0012914822780513147,0.001907334303341415,0.5277674708528313
21.977648583079947,-0.005765395309853871,0.001907334303341415,0.5278262900563494
21.983646476086825,-0.0015266760565283422,0.001907334303341415,0.5278848596772746
21.98964432686682,-0.0003290013277732484,0.001907334303341415,0.5279416219529389
21.995642135819548,-0.0045974513463856725,0.001907334303341415,0.5280029062387561
22.0016399033446,0.0028135297190583497,0.001907334303341415,0.5280687542609114
22.007637629841586,0.002269774156008264,0.001907334303341415,0.5281392085191898
22.01363531571011,-0.002051605517639943,0.001907334303341415,0.528205962938987
22.019632961349775,0.006102085454831485,0.001907334303341415,0.52828135532482
22.025630567160174,0.001517273479636816,0.001907334303341415,0.5283652663923164
22.031628133540924,-7.171111976123079e-06,0.001907334303341415,0.5284588029838067
22.03762566089162,-0.0003094522114220899,0.001907334303341415,0.5285499830753648
22.04362314961187,-0.005822336659223826,0.001907334303341415,0.528639171454652
22.049620600101278,-0.007442543451383843,0.001907334303341415,0.5287160129874583
22.05561801275944,-0.00010566291609004352,0.001907334303341415,0.5287907067684787
22.06161538798597,-0.0032794279234077406,0.001907334303341415,0.5288629312154585
22.067612726180464,-0.004474376170167327,0.001907334303341415,0.5289323622835486
22.07361002774252,0.012866088657276897,0.001907334303341415,0.528998673465292
22.079607293071756,0.06071510264282265,0.001907334303341415,0.5290968794551506
22.085604522567763,0.03890910047071705,0.001907334303341415,0.5291941891057282
22.091601716630155,0.004150814367789746,0.001907334303341415,0.5292908546580093
22.097598875658523,-0.0028543155726880043,0.001907334303341415,0.5293909571678989
22.10359600005248,0.0013241642720032143,0.001907334303341415,0.5294944551020065
22.10959309021162,0.0005268013682995232,0.001907334303341415,0.5296017512478601
22.11559014653556,-0.0037691231030662076,0.001907334303341415,0.5297127831349882
22.121587169423893,-0.004162531380835555,0.001907334303341415,0.5298323727403995
22.12758415927622,0.003134156803189292,0.001907334303341415,0.5299576871467069
22.133581116492152,0.0135446726159405,0.001907334303341415,0.5300885598725879
22.139578041471292,0.028399381745729535,0.001907334303341415,0.5302166056621102
22.14557493461324,0.006810316510442949,0.001907334303341415,0.5303491300550054
22.1515717963176,-0.003453812763952846,0.001907334303341415,0.5304789203429484
22.157568626983974,-0.001052410385520286,0.001907334303341415,0.5306055482525025
22.163565427011967,0.000776353831368759,0.001907334303341415,0.5307426037974549
22.16956219680118,-0.005847949032503519,0.001907334303341415,0.5308943824726048
22.175558936751223,-0.003401000903565543,0.001907334303341415,0.5310359598943923
22.181555647261696,-0.0014996183306316135,0.001907334303341415,0.5311878056942219
22.187552328732195,-0.006057414640369352,0.001907334303341415,0.5313351085752079
22.19354898156233,-0.0008543433811153411,0.001907334303341415,0.5314853757143533
22.19954560615171,-0.00014267967176673224,0.001907334303341415,0.5316386321532068
22.205542202899924,0.00037180723724516973,0.001907334303341415,0.5317949024366924
22.211538772206588,0.0031204559212766325,0.001907334303341415,0.531954210613141
22.217535314471295,0.0016084304977647124,0.001907334303341415,0.5321165802342468
22.22353183009366,0.002946688553397636,0.001907334303341415,0.532282034355124
22.22952831947328,0.010145954769678167,0.001907334303341415,0.5324505955342665
22.235524783009755,0.008824771439735368,0.001907334303341415,0.5326222858335672
22.24152122110269,0.001809541946367177,0.001907334303341415,0.5327971268183364
22.2475176341517,0.0022955172102175903,0.001907334303341415,0.5329751395572687
22.253514022556367,-9.62064693426079e-05,0.001907334303341415,0.5331556470224226
22.259510386716315,-0.002845535205520111,0.001907334303341415,0.5333386387008974
22.265506727031134,0.0004888090296863989,0.001907334303341415,0.5335241033139386
22.27150304390043,0.000505860476058495,0.001907334303341415,0.5337447667124294
22.277499337723814,-0.0036016335180940606,0.001907334303341415,0.5339663208144994
22.28349560890088,0.00043120426381415555,0.001907334303341415,0.5341885120431503
22.28949185783123,0.0005647696307481409,0.001907334303341415,0.5344113317065563
22.295488084914478,-0.005488211895565365,0.001907334303341415,0.534599986641724
22.301484290550217,-0.000689418004752973,0.001907334303341415,0.5347841580822792
22.307480475138057,0.002117581421241521,0.001907334303341415,0.5349741415188948
22.3134766390776,-0.0019289164236504508,0.001907334303341415,0.5351674303454681
22.319472782768443,0.0034606909340093583,0.001907334303341415,0.5353719368676146
22.325468906610197,0.004117955068425938,0.001907334303341415,0.5355578596641959
22.331465011002464,-0.0002734400537498516,0.001907334303341415,0.5357505781169949
22.337461096344846,0.00499021686481671,0.001907334303341415,0.5359502439930705
22.343457163036945,0.007855932191045856,0.001907334303341415,0.5361612160430961
22.34945321147837,0.02260432979485949,0.001907334303341415,0.536386464324299
22.355449242068712,0.01454797060708135,0.001907334303341415,0.5366179456854767
22.361445255207588,0.002739552816453439,0.001907334303341415,0.5368499352715045
22.367441251294597,0.01610480192416197,0.001907334303341415,0.5370823665943575
22.373437230729337,0.06395577216589987,0.001907334303341415,0.5373132153308857
22.379433193911417,0.0432850629968512,0.001907334303341415,0.5375425007666799
22.38542914124044,0.0040513018538905765,0.001907334303341415,0.5377702402197323
22.391425073116004,0.0023471931827283576,0.001907334303341415,0.5379964490404682
22.397420989937718,0.009856893710668668,0.001907334303341415,0.538221140611728
22.403416892105188,0.026806893812817867,0.001907334303341415,0.5384586575957612
22.40941278001801,0.021423583692649295,0.001907334303341415,0.538695776827473
22.415408654075787,0.014156417880949346,0.001907334303341415,0.5389320307711971
22.42140451467813,-0.00026651116225262506,0.001907334303341415,0.5391848966386958
22.427400362224635,-0.00048350248711970245,0.001907334303341415,0.539430573201579
22.43339619711491,-0.0007882228283094816,0.001907334303341415,0.539669463801909
22.439392019748553,-0.0031644434019827417,0.001907334303341415,0.5399019676928062
22.445387830525178,-0.0019202686561513582,0.001907334303341415,0.5401377888911273
22.45138362984438,0.003481895351240105,0.001907334303341415,0.5403731312825656
22.45737941810576,-0.003457142881230446,0.001907334303341415,0.5406078011219793
22.463375195708924,-0.0023480831617982423,0.001907334303341415,0.5408488567268431
22.469370963053475,-0.0005472399235870729,0.001907334303341415,0.5411029639513566
22.47536672053902,-0.005329788918498557,0.001907334303341415,0.5413699151969384
22.481362468565163,-0.00021673168719349434,0.001907334303341415,0.5416416799089744
22.4873582075315,0.0016519604255463838,0.001907334303341415,0.541889557164563
22.49335393783764,-0.0004739830854539884,0.001907334303341415,0.542129667685447
22.499349659883183,0.0016385209507188137,0.001907334303341415,0.5423613380556533
22.505345374067737,0.005019230541630337,0.001907334303341415,0.5425981813881555
22.511341080790903,0.0013594740110837167,0.001907334303341415,0.5428426912512482
22.517336780452283,0.004369536835245991,0.001907334303341415,0.5430950562405079
22.523332473451475,0.004960387985765924,0.001907334303341415,0.543355467175589
22.529328160188097,0.008961682428546114,0.001907334303341415,0.5436241171002482
22.53532384106174,0.06462397362249594,0.001907334303341415,0.5438949315713351
22.541319516472008,0.06149435551601912,0.001907334303341415,0.5441678331463513
22.547315186818516,0.007534362209888568,0.001907334303341415,0.5444427441859985
22.553310852500854,-0.0018469751882526086,0.001907334303341415,0.5447195868541587
22.559306513918624,0.0032939705042711598,0.001907334303341415,0.5449982831179221
22.56530217147144,-0.0013517207452284907,0.001907334303341415,0.5452771873521041
22.571297825558904,-0.001842028414801411,0.001907334303341415,0.5455594709205198
22.57729347658061,0.0012012135169475746,0.001907334303341415,0.5458448364019485
22.583289124936176,-0.00046489750006450947,0.001907334303341415,0.5461329869129753
22.58928477102519,-0.002736558886802687,0.001907334303341415,0.546423969816252
22.595280415247263,0.002950526102095452,0.001907334303341415,0.5467118991361205
22.601276058001996,0.009508938435966674,0.001907334303341415,0.546996715333292
22.607271699688994,0.00812928700236204,0.001907334303341415,0.5472739377740177
22.613267340707864,0.01980427380710159,0.001907334303341415,0.5475520326081099
22.619262981458203,0.031316706870156086,0.001907334303341415,0.5478293779222315
22.62525862233961,0.016826674670728514,0.001907334303341415,0.5481104874565812
22.631254263751703,0.016633642091666068,0.001907334303341415,0.5483952868857849
22.637249906094077,0.013796620038480478,0.001907334303341415,0.548686780092995
22.643245549766334,0.0038675580095319795,0.001907334303341415,0.5489741433540655
22.649241195168077,0.0048873644548143025,0.001907334303341415,0.5492633583797659
22.655236842698915,0.0039005026734256765,0.001907334303341415,0.5495222818279649
22.661232492758444,0.0059968169528625825,0.001907334303341415,0.5498146113697209
22.66722814574627,0.008633853454030671,0.001907334303341415,0.5501019291810263
22.673223802062,0.0004305229489973694,0.001907334303341415,0.5503834587992795
22.679219462105234,-0.002289421491933563,0.001907334303341415,0.5506743549544332
22.68521512627558,0.0038422756190708007,0.001907334303341415,0.5509749610202652
22.69121079497263,-0.00021595999168444457,0.001907334303341415,0.5512600868671105
22.697206468595997,-0.0028269756716947647,0.001907334303341415,0.5515448744414804
22.703202147545284,-0.003797515189086109,0.001907334303341415,0.5518293763080255
22.709197832220084,0.002624780221754164,0.001907334303341415,0.552102860166005
22.71519352302002,-0.0021023533600154076,0.001907334303341415,0.5523855621204515
22.721189220344677,0.0004036348493534625,0.001907334303341415,0.5526491374214771
22.727184924593665,0.006287160437830841,0.001907334303341415,0.5529223136691307
22.73318063616659,0.005720570175736461,0.001907334303341415,0.5532029018746086
22.739176355463048,0.0044484907626058945,0.001907334303341415,0.5534804571806502
22.74517208288265,-0.00044476771876100774,0.001907334303341415,0.5537477762673921
22.751167818825,-0.000777719919182962,0.001907334303341415,0.5540149501983918
22.75716356368969,0.0006887608302024173,0.001907334303341415,0.5542820220417395
22.76315931787634,0.005001290641210354,0.001907334303341415,0.5545444998457284
22.76915508178454,0.002047651483505608,0.001907334303341415,0.5548026323912234
22.775150855813894,0.0005094126025458889,0.001907334303341415,0.5550599691441263
22.781146640364014,0.008673297069632047,0.001907334303341415,0.5553124270427531
22.787142435834497,4.160139930642348e-05,0.001907334303341415,0.5555630157812794
22.79313824262495,-0.0008702660951401819,0.001907334303341415,0.5558115093177566
22.79913406113497,0.0033475379317323695,0.001907334303341415,0.5560571623471164
22.805129891764164,-0.0019067545278873554,0.001907334303341415,0.5563034397104843
22.811125734912135,0.002143270869231051,0.001907334303341415,0.5565595398984342
22.81712159097849,0.0038980603893079557,0.001907334303341415,0.5568088167831915
22.82311746036283,0.00835750387780787,0.001907334303341415,0.5570514985555568
22.829113343464755,0.001057209149579852,0.001907334303341415,0.5572931107889422
22.83510924068387,0.004372662006991046,0.001907334303341415,0.5575327282731567
22.841105152419782,-0.00018170113131421584,0.001907334303341415,0.55777029769385
22.847101079072093,-0.0032082718932013865,0.001907334303341415,0.5579894706171646
22.8530970210404,0.0018625218967560642,0.001907334303341415,0.5582224821451297
22.859092978724313,0.006633028450621858,0.001907334303341415,0.5584443282838883
22.865088952523436,0.00026696495034195245,0.001907334303341415,0.558654562947832
22.87108494283737,0.0015150584483718532,0.001907334303341415,0.5588819623073695
22.877080950065714,0.005616341829639437,0.001907334303341415,0.5591271668350046
22.883076974608073,0.000919485987266877,0.001907334303341415,0.5593714933644496
22.88907301686406,0.004924037769648226,0.001907334303341415,0.5596147505215222
22.89506907723327,0.006948692998514083,0.001907334303341415,0.5598567474356363
22.901065156115305,0.004883961970045481,0.001907334303341415,0.5600972937397756
22.90706125390977,0.02718202677717685,0.001907334303341415,0.5603361995705356
22.91305737101627,0.07357833122413493,0.001907334303341415,0.5605594142084788
22.91905350783441,0.035004506089981735,0.001907334303341415,0.5607795920028193
22.925049664763787,0.003534299513709871,0.001907334303341415,0.5609966129715835
22.93104584220401,0.006722810620283903,0.001907334303341415,0.5612103569735459
22.937042040554683,-0.00020704445292474283,0.001907334303341415,0.5614207037081992
22.943038260215403,-0.005152639677901916,0.001907334303341415,0.5616275004822945
22.949034501585775,0.0017570501875474598,0.001907334303341415,0.5618306252631567
22.95503076506541,0.0029126617614654293,0.001907334303341415,0.562029955846372
22.9610270510539,-0.004870398238347451,0.001907334303341415,0.5622307773278771
22.967023359950858,0.010661908735442371,0.001907334303341415,0.5624332043095653
22.973019692155884,0.004286136677332242,0.001907334303341415,0.5626134662159592
22.979016048068576,6.531217749372598e-05,0.001907334303341415,0.5628233698549686
22.985012428088545,0.0026144171810789096,0.001907334303341415,0.5630274089810566
22.991008832615393,0.014401965786373316,0.001907334303341415,0.5632253554546427
22.99700526204872,0.0451461922907791,0.001907334303341415,0.5634249842929053
23.003001716788127,0.04070976204709387,0.005008227126675473,0.5636264160246705
23.00899819723323,0.011793114509232705,0.005008227126675473,0.5638297730848509
23.014994703783614,-0.0007542102936806128,0.005008227126675473,0.5640356996937975
23.0209912368389,-0.0018930654611595266,0.005008227126675473,0.5642415850851206
23.02698779679868,0.005301377919314176,0.005008227126675473,0.5644474593769486
23.03298438406256,0.0034846457657791152,0.005008227126675473,0.5646580158041897
23.03898099903014,-0.0016993677569647758,0.005008227126675473,0.564872981866492
23.04497764210103,0.0015673558717733682,0.005008227126675473,0.5650920092458014
23.050974313674832,0.0017229401128208144,0.005008227126675473,0.5653147525420731
23.05697101415115,0.0033178591397101664,0.005008227126675473,0.5655164953533274
23.06296774392958,0.007044584973480039,0.005008227126675473,0.5657164332921177
23.068964503409735,0.028665809755403227,0.005008227126675473,0.5659144872093799
23.074961292991212,0.04927781459396863,0.005008227126675473,0.5661140981922637
23.080958113073613,0.018926387646583498,0.005008227126675473,0.5663150296354056
23.08695496405655,0.00492455417457438,0.005008227126675473,0.5665170468762135
23.092951846339616,-0.0019883643206771717,0.005008227126675473,0.5667199171949103
23.098948760322422,0.001179095036589417,0.005008227126675473,0.5669132047524754
23.104945706404568,0.0023346167825276654,0.005008227126675473,0.5670964893406316
23.110942684985655,0.003371105839038435,0.005008227126675473,0.567269326731875
23.11693969646529,0.020794812222772796,0.005008227126675473,0.5674213962968596
23.12293674124308,0.0659228050453371,0.005008227126675473,0.5675805055624288
23.128933819718622,0.037984688118467,0.005008227126675473,0.5677332195448056
23.134930932291518,0.004385142802559305,0.005008227126675473,0.5678792295382262
23.140928079361377,0.005043231828643635,0.005008227126675473,0.568031064428378
23.146925261327794,0.0027166981917756683,0.005008227126675473,0.5681713881052561
23.152922478590384,-0.001653826624551602,0.005008227126675473,0.5682996857302592
23.158919731548746,0.0061684168917498505,0.005008227126675473,0.5684605294699298
23.164917020602473,0.004855135764304519,0.005008227126675473,0.5686194592291086
23.17091434615119,0.0009892812382219507,0.005008227126675473,0.5687763716090514
23.176911708594474,0.003223952201465319,0.005008227126675473,0.5689361633680073
23.18290910833195,0.006312488950636741,0.005008227126675473,0.5690989519475548
23.188906545763214,0.0018275026832931252,0.005008227126675473,0.5692648575093919
23.19490402128786,0.012735149466230777,0.005008227126675473,0.5694279435471108
23.200901535305505,0.03480905073027862,0.005008227126675473,0.5695880699067748
23.206899088215746,0.04595277522449792,0.005008227126675473,0.569745096812994
23.212896680418186,0.011059571182937988,0.005008227126675473,0.569898884868925
23.21889431231243,0.006462183459424953,0.005008227126675473,0.5700492950562658
23.224891984298083,0.004090310980658818,0.005008227126675473,0.5701961887352737
23.230889696774746,0.001307377024288514,0.005008227126675473,0.5703432115384055
23.23688745014202,0.017423875386695764,0.005008227126675473,0.5705004284976172
23.242885244799513,0.05263013805002548,0.005008227126675473,0.5706448741726756
23.248883081146825,0.031192704683199346,0.005008227126675473,0.570782602666788
23.254880959583563,-0.0008852037135843593,0.005008227126675473,0.5709148296057155
23.260878880509324,-0.001469818926203681,0.005008227126675473,0.5710414796252006
23.26687684432372,0.0031019342077300838,0.005008227126675473,0.5711624773845579
23.272874851426344,0.006304310883915032,0.005008227126675473,0.5712820083426556
23.278872902216808,0.0032761937881528036,0.005008227126675473,0.5714001840810186
23.284870997094707,-0.00036493331010845065,0.005008227126675473,0.5715248838345763
23.290869136459655,3.5169208464691515e-05,0.005008227126675473,0.5716558728217962
23.29686732071125,0.0035702874363964243,0.005008227126675473,0.5717929210641648
23.302865550249095,-0.0005263333556073668,0.005008227126675473,0.5719329766304896
23.30886382547279,-0.0012834552213851769,0.005008227126675473,0.5720759464372155
23.31486214678194,0.006929113451355273,0.005008227126675473,0.5722180175542277
23.320860514576157,0.00723733192834064,0.005008227126675473,0.572358928899192
23.326858929255035,0.0013413769596776204,0.005008227126675473,0.5724921547505025
23.332857391218173,0.004682853908455242,0.005008227126675473,0.5726177206731597
23.33885590086519,0.0035837510806805417,0.005008227126675473,0.5727356519304323
23.344854458595677,-0.002987987788547697,0.005008227126675473,0.5728538958603363
23.35085306480924,0.0013058907554776011,0.005008227126675473,0.5729765528742605
23.356851719905485,-0.0032474921080113406,0.005008227126675473,0.5731030941922212
23.362850424284012,0.004951419232975374,0.005008227126675473,0.5732383433976925
23.368849178344423,0.005292618932198456,0.005008227126675473,0.5733698568603127
23.374847982486326,0.0019846675126711233,0.005008227126675473,0.573524629457206
23.380846837109324,0.0044018257199878175,0.005008227126675473,0.5736529029364278
23.386845742613016,-0.003993639137431337,0.005008227126675473,0.5737673253019092
23.39284469939701,0.007376851309737198,0.005008227126675473,0.573868730940302
23.398843707860905,0.003617692259991534,0.005008227126675473,0.5739933723974003
23.404842768404308,-0.003165456483030904,0.005008227126675473,0.5741076927218244
23.410841881426823,-0.0004717775697589133,0.005008227126675473,0.5742118180824298
23.41684104732805,0.005350729360705353,0.005008227126675473,0.5743058738389123
23.422840266507592,-0.0007333092239376615,0.005008227126675473,0.5743899845418204
23.428839539365057,-0.0029569173392420822,0.005008227126675473,0.5744686982711523
23.43483886630004,4.060807093364538e-06,0.005008227126675473,0.5745487424272356
23.440838247712154,-0.0014423294902463635,0.005008227126675473,0.5746302657811976
23.446837684000993,0.0018906792597274125,0.005008227126675473,0.5746986528986979
23.45283717556617,0.008483627408209293,0.005008227126675473,0.5747853419095343
23.45883672280728,0.004632155874162214,0.005008227126675473,0.5748888079741075
23.464836326123933,0.0028037638734325077,0.005008227126675473,0.5749486540482192
23.47083598591573,-0.00013827181685088785,0.005008227126675473,0.5749845646617491
23.476835702582267,0.0033023364225364116,0.005008227126675473,0.5750117273194043
23.482835476523157,-0.0033180477565085686,0.005008227126675473,0.5750300336845553
23.488835308138004,0.0009775178616697744,0.005008227126675473,0.575056764938716
23.4948351978264,0.006773321685789813,0.005008227126675473,0.575084369462268
23.50083514598796,0.02133538506204624,0.005008227126675473,0.5750974528687157
23.506835153022287,0.06301411388651779,0.005008227126675473,0.5750999947224842
23.512835219328974,0.0862741194008535,0.005008227126675473,0.575092052568305
23.518835345307632,0.029232321499804814,0.005008227126675473,0.5750736829760361
23.524835531357866,0.006926489755600285,0.005008227126675473,0.5750482296957994
23.530835777879272,0.009581184468100856,0.005008227126675473,0.5750256923327245
23.536836085271464,0.01606732413040346,0.005008227126675473,0.5750064205042467
23.542836453934033,0.00851270236436441,0.005008227126675473,0.5750420202457498
23.548836884266592,0.005433554095153337,0.005008227126675473,0.5750264152995015
23.554837376668736,0.012266798477777896,0.005008227126675473,0.5749954485462202
23.560837931540078,0.01421055009656269,0.005008227126675473,0.5749606094107369
23.56683854928021,0.005794007930763567,0.005008227126675473,0.5749219329861883
23.57283923028875,0.008440326866286485,0.005008227126675473,0.574879455728157
23.578839974965287,-0.0022356804779671835,0.005008227126675473,0.5748332154546698
23.58484078370943,-0.00030862637773831914,0.005008227126675473,0.5748030586930889
23.590841656920787,0.005761385213165049,0.005008227126675473,0.5747509351627362
23.596842594998954,0.012167639850298784,0.005008227126675473,0.5746886709436103
23.60284359834354,0.013513560624321075,0.005008227126675473,0.5746165983821147
23.60884466735414,0.01029526138477932,0.005008227126675473,0.5745350486071022
23.614845802430366,0.007394104599389273,0.005008227126675473,0.5744656260827342
23.620847003971818,0.0020496121316139204,0.005008227126675473,0.5743552793074616
23.6268482723781,0.02037785685837301,0.005008227126675473,0.5742370168635019
23.632849608048815,0.05752194933425203,0.005008227126675473,0.5741110267990771
23.638851011383565,0.07892633345347744,0.005008227126675473,0.5739774972195435
23.644852482781957,0.08402592672706788,0.005008227126675473,0.5738671146282778
23.65085402264359,0.028320096471636358,0.005008227126675473,0.5737514802876664
23.65685563136807,0.008270028976485433,0.005008227126675473,0.5736308194261265
23.662857309354997,0.0057874657738167246,0.005008227126675473,0.5735039508482318
23.668859057003978,0.008893861458182495,0.005008227126675473,0.5733769109802874
23.674860874714618,0.008048304955074137,0.005008227126675473,0.5732495992327213
23.680862762886512,0.005988735792583633,0.005008227126675473,0.57311246803275
23.68686472191927,0.0033278467472230844,0.005008227126675473,0.5729841834699256
23.6928667522125,0.00714068327476125,0.005008227126675473,0.5728598505189909
23.69886885416579,0.00678789959287629,0.005008227126675473,0.572730242195507
23.704871028178758,0.0016322449262270444,0.005008227126675473,0.5726030163040302
23.710873274651004,0.006484220055673173,0.005008227126675473,0.5724779584881811
23.716875593982124,0.0072234119158954835,0.005008227126675473,0.5723149612022065
23.72287798657173,-0.0008712469509741805,0.005008227126675473,0.5721530860202663
23.728880452819425,0.0020433683950857873,0.005008227126675473,0.5719924048550322
23.734882993124806,0.009095935323756854,0.005008227126675473,0.5718329923859339
23.740885607887478,0.0022245479038692784,0.005008227126675473,0.5716633167879132
23.746888297507045,0.005892014463202977,0.005008227126675473,0.5714839809832264
23.752891062383117,0.008352569401471666,0.005008227126675473,0.5712971335395406
23.75889390291529,0.008370577777542132,0.005008227126675473,0.5711027557858287
23.764896819503168,0.0005317759931028343,0.005008227126675473,0.5709008278627326
23.77089981254635,0.013903583459227487,0.005008227126675473,0.5706913287225178
23.776902882444453,0.009481460692596588,0.005008227126675473,0.5704876321899017
23.78290602959707,0.0039965416544536225,0.005008227126675473,0.5702903024586263
23.7889092544038,0.006677583209974691,0.005008227126675473,0.5701049247914196
23.79491255726426,0.007175822646523833,0.005008227126675473,0.569922113543557
23.80091593857804,0.005709197785628062,0.005008227126675473,0.5697417941231924
23.806919398744753,0.015673329284380033,0.005008227126675473,0.5695547667337881
23.812922938163997,0.09497578168630838,0.005008227126675473,0.5693577616428369
23.81892655723538,0.13124447907905845,0.005008227126675473,0.5691466443937553
23.8249302563585,0.03273487874550618,0.005008227126675473,0.5689264410577008
23.830934035932962,0.00912154895478745,0.005008227126675473,0.5686969246907658
23.836937896358368,0.005614016749751594,0.005008227126675473,0.5684873037205282
23.842941838034328,0.006677857374772556,0.005008227126675473,0.5682743610595273
23.848945861360434,0.013299966591112322,0.005008227126675473,0.5680581005383305
23.854949966736296,0.0550648005835892,0.005008227126675473,0.5678425438793978
23.860954154561522,0.10129173068678832,0.005008227126675473,0.567625563293015
23.866958425235712,0.04280388955869707,0.005008227126675473,0.567407238210717
23.872962779158463,0.01689593389136368,0.005008227126675473,0.5671876483897096
23.878967216729386,0.009981574204967592,0.005008227126675473,0.5669668739129159
23.884971738348078,0.01435163941443629,0.005008227126675473,0.5667471475884643
23.89097634441415,0.07128779305423871,0.005008227126675473,0.5665284531853028
23.896981035327197,0.11974524787706309,0.005008227126675473,0.5663107756681698
23.902985811486825,0.029095882825222574,0.005008227126675473,0.5660905657838576
23.908990673292646,0.001779271794462467,0.005008227126675473,0.565867970158351
23.91499562114425,0.0035958347552527137,0.005008227126675473,0.5656431351842443
23.921000655441247,0.008637215706668755,0.005008227126675473,0.5654142900052639
23.927005776583243,0.03221446038259623,0.005008227126675473,0.5651813584269049
23.933010984969837,0.038816506592631916,0.005008227126675473,0.5649442633068996
23.93901628100063,0.0628349427304985,0.005008227126675473,0.5647025672257286
23.94502166507523,0.07728685507116262,0.005008227126675473,0.5644620034350589
23.95102713759324,0.020485838929271805,0.005008227126675473,0.5642227317060143
23.957032698954265,0.011324897695311531,0.005008227126675473,0.5639849129772311
23.963038349557902,0.004536297265864797,0.005008227126675473,0.5637487093549136
23.969044089803756,0.001982990540858598,0.005008227126675473,0.5635151975561972
23.975049920091436,0.0058066759855257555,0.005008227126675473,0.5632799928218485
23.98105584082054,0.0009026419650197681,0.005008227126675473,0.5630430998658945
23.98706185239067,0.002477304546241288,0.005008227126675473,0.5628013062618941
23.993067955201436,-0.00021743485522507378,0.005008227126675473,0.5625692302891926
23.999074149652436,0.003118723761491471,0.005008227126675473,0.5623410839301682
24.005080436143277,0.0032394593847747677,0.005008227126675473,0.5621418967265188
24.01108681507356,0.0009136089131152048,0.005008227126675473,0.561930824776097
24.01709328684289,8.559840500099725e-05,0.005008227126675473,0.5617079318356133
24.023099851850862,0.002079786002977424,0.005008227126675473,0.5614732778521753
24.02910651049709,-0.0028999508258694684,0.005008227126675473,0.5612319175529379
24.035113263181174,0.006584035413493949,0.005008227126675473,0.5609841225428949
24.041120110302717,-0.00483555372525879,0.005008227126675473,0.5607430430336445
24.047127052261324,-0.010031237934414183,0.005008227126675473,0.5605056443595009
24.05313408945659,0.00314275790314289,0.005008227126675473,0.5602719766650249
24.05914122228813,0.00875271391745125,0.005008227126675473,0.5600420918258671
24.06514845115554,0.002182508731910948,0.005008227126675473,0.5598083079817338
24.07115577645843,-0.005892721158861858,0.005008227126675473,0.5595823129653206
24.077163198596395,0.00036954568511615715,0.005008227126675473,0.5593645034537423
24.08317071796904,0.0037946249883780148,0.005008227126675473,0.5591202021905536
24.089178334975973,0.0032404831123300504,0.005008227126675473,0.5588762955066949
24.095186050016792,0.009140191349615745,0.005008227126675473,0.5586328793269272
24.101193863491105,0.013146450998765102,0.005008227126675473,0.5583900500715449
24.107201775798515,0.005682400785455011,0.005008227126675473,0.5581479046563782
24.113209787338622,-0.004064366887730597,0.005008227126675473,0.5579112823782798
24.11921789851103,0.0032013375269906996,0.005008227126675473,0.5576804891646501
24.125226109715346,-0.0016105482596815435,0.005008227126675473,0.5574523814144302
24.13123442135117,-0.009930388973153459,0.005008227126675473,0.5572308455837077
24.137242833818107,-0.0043785854815499015,0.005008227126675473,0.5570064902831778
24.143251347515754,0.001765357227137554,0.005008227126675473,0.5567842806924779
24.149259962843725,0.006137676337785836,0.005008227126675473,0.556564127509216
24.155268680201612,0.0015913606018244097,0.005008227126675473,0.5563534819327796
24.161277499989033,-0.0020189986489167477,0.005008227126675473,0.5561263239601717
24.167286422605574,-0.0045882462991544415,0.005008227126675473,0.5558993957630755
24.17329544845085,-0.0035233136184765756,0.005008227126675473,0.5556800338946665
24.179304577924466,0.0010112087078385512,0.005008227126675473,0.5554629950581714
24.185313811426013,0.0028217829637923186,0.005008227126675473,0.5552483356633834
24.191323149355107,0.0008135418085528645,0.005008227126675473,0.5550361128189355
24.197332592111344,-0.0015887830620103793,0.005008227126675473,0.5548267991826475
24.203342140094332,-0.00025125749686127907,0.005008227126675473,0.5546204345727491
24.209351793703668,-0.002159692857013784,0.005008227126675473,0.5544253629872659
24.215361553338962,-0.011199698545908854,0.005008227126675473,0.5542228568171839
24.221371419399812,-0.004388832302675949,0.005008227126675473,0.5540380860045687
24.227381392285825,0.001254504323292993,0.005008227126675473,0.5538491259429495
24.233391472396605,0.0030120935975552765,0.005008227126675473,0.5536561233607485
24.239401660131747,0.0046590522726177586,0.005008227126675473,0.5534592232496474
24.24541195589087,0.00017071374938315564,0.005008227126675473,0.5532585688645605
24.251422360073562,0.00077678438839901,0.005008227126675473,0.5530549855300235
24.257432873079434,-0.005964610294524997,0.005008227126675473,0.5528485822238104
24.26344349530809,0.004299062753372662,0.005008227126675473,0.5526708763280067
24.269454227159127,-0.0007442418130287898,0.005008227126675473,0.5524938017958241
24.27546506903215,-0.00035581068624013223,0.005008227126675473,0.5523174767962971
24.28147602132677,-0.000585097409971036,0.005008227126675473,0.5521420193681648
24.287487084442585,-0.0029269283493161824,0.005008227126675473,0.5519675474198694
24.2934982587792,0.0021052960632005346,0.005008227126675473,0.5517941787295719
24.29950954473621,0.0024367264572044967,0.005008227126675473,0.551622030945178
24.305520942713233,0.001758260113113308,0.005008227126675473,0.551451221584281
24.311532453109855,0.01146325898725109,0.005008227126675473,0.5512818680342304
24.317544076325696,0.012631534767536312,0.005008227126675473,0.5511140875521104
24.32355581276035,0.008386808478630936,0.005008227126675473,0.5509479972647187
24.32956766281342,0.0034610493283095956,0.005008227126675473,0.5507837141686158
24.335579626884517,0.004476363907288783,0.005008227126675473,0.5506213551301009
24.341591705373233,0.0010514343115252123,0.005008227126675473,0.550460736554996
24.347603898679182,-0.00031657299365839275,0.005008227126675473,0.5503019885779622
24.35361620720196,0.0059401898494326755,0.005008227126675473,0.5501453337609742
24.359628631341174,0.0016409512047234065,0.005008227126675473,0.5499908975606346
24.365641171496424,-0.003011190049981405,0.005008227126675473,0.5498412199343488
24.371653828067316,0.009333747879705978,0.005008227126675473,0.5496963171360274
24.37766660145346,0.016057949946216343,0.005008227126675473,0.5495562061812158
24.38367949205444,-0.006069403711710608,0.005008227126675473,0.5494160308841625
24.38969250026988,-0.0009688245327614808,0.005008227126675473,0.5492736043517394
24.39570562649937,0.005084935358377285,0.005008227126675473,0.5491286427937496
24.401718871142524,0.003594108480558633,0.005008227126675473,0.5489808605244697
24.407732234598935,-0.001976886187019633,0.005008227126675473,0.5488554516536346
24.413745717268213,0.0077593802151557645,0.005008227126675473,0.548733969114679
24.419759319549957,0.010756260708183807,0.005008227126675473,0.5486164036729425
24.425773041843776,0.002295139344298147,0.005008227126675473,0.5484990669189573
24.431786884549265,0.0026539720188906157,0.005008227126675473,0.5483817891951882
24.437800848066036,0.009342062238792193,0.005008227126675473,0.5482643999262647
24.443814932793686,0.011521437736720985,0.005008227126675473,0.5481467276189652
24.449829139131825,0.003713044635150542,0.005008227126675473,0.5480439679361803
24.455843467480047,0.005498159801563429,0.005008227126675473,0.5479562039387655
24.461857918237964,0.004938972604128233,0.005008227126675473,0.5478763543140696
24.46787249180517,0.004511189749387801,0.005008227126675473,0.5477992463620601
24.47388718858128,0.0005585897585568267,0.005008227126675473,0.5477213116629694
24.47990200896589,0.016020497091032038,0.005008227126675473,0.5476427080039223
24.481046757560723,0.01197429489561086,0.005008227126675473,0.5475617417125158
24.487048779384022,0.01674353539700646,0.005008227126675473,0.5474854234172416
24.493050769243343,0.022126617340995747,0.005008227126675473,0.5474119833112508
24.49905272739527,0.012281965754063817,0.005008227126675473,0.5473414290711777
24.505054654096384,0.004905819447742377,0.005008227126675473,0.547273768190304
24.511056549603264,0.010041056270764681,0.005008227126675473,0.5472090079784999
24.517058414172503,0.01268042130110858,0.005008227126675473,0.5471530426176314
24.523060248060677,0.02091710720706419,0.005008227126675473,0.547118733156441
24.52906205152437,0.02445357939273818,0.005008227126675473,0.5470852986498687
24.535063824820167,0.02730765607025154,0.005008227126675473,0.5470527975147275
24.541065568204644,0.01891848276335073,0.005008227126675473,0.5470212876095853
24.547067281934396,0.012391921649377857,0.005008227126675473,0.5469908262347745
24.553068966265997,0.00855304277884894,0.005008227126675473,0.5469614701323567
24.55907062145603,0.009136059345307368,0.005008227126675473,0.5469332754861528
24.565072247761087,0.0017783913425311049,0.005008227126675473,0.5469062979216895
24.571073845437745,0.005200335154946112,0.005008227126675473,0.5468805925062344
24.577075414742584,0.009865973718585774,0.005008227126675473,0.5468447863719684
24.58307695593219,0.005560858165339577,0.005008227126675473,0.546803001108276
24.589078469263146,0.00440856395340028,0.005008227126675473,0.5467781081690339
24.595079954992038,0.0028890560623919814,0.005008227126675473,0.5467595022338885
24.601081413375443,0.0090058582494561,0.005008227126675473,0.5467470786989501
24.60708284466995,0.015242850435883915,0.005008227126675473,0.5467464906260565
24.613084249132136,0.03047008095251391,0.005008227126675473,0.5467573775834333
24.619085627018592,0.02647702544520858,0.005008227126675473,0.5468338941738772
24.625086978585895,0.015089536221125854,0.005008227126675473,0.5468647191538251
24.631088304090625,0.004543716526659969,0.005008227126675473,0.5468864719059509
24.637089603789374,0.011234522871764296,0.005008227126675473,0.54689896436138
24.64309087793872,0.02491794901670219,0.005008227126675473,0.5469020047631492
24.64909212679525,0.008942741809908616,0.005008227126675473,0.5468983528951674
24.655093350615537,0.001823071821123179,0.005008227126675473,0.5468961012418255
24.661094549656177,0.005666339240786078,0.005008227126675473,0.5469208515387877
24.667095724173745,0.0006026174958493336,0.005008227126675473,0.5469032908987345
24.673096874424825,-0.003859551772309344,0.005008227126675473,0.5469084566716311
24.679098000666002,0.004753718073123525,0.005008227126675473,0.5469048523245983
24.68509910315386,0.006027176248374233,0.005008227126675473,0.5468930046252256
24.691100182144975,0.007460941976226043,0.005008227126675473,0.5468651550389996
24.69710123789594,0.006355135815444446,0.005008227126675473,0.5468254353671835
24.703102270663333,0.008731850102989935,0.005008227126675473,0.5467734061343082
24.709103280703737,0.006174763810467665,0.005008227126675473,0.5467121582858078
24.71510426827373,0.004546199970107523,0.005008227126675473,0.5466413986679278
24.721105233629906,0.006754419373483755,0.005008227126675473,0.5465480831266416
24.72710617702884,0.002194988654041885,0.005008227126675473,0.5464446030937584
24.73310709872712,-0.0026208807227584563,0.005008227126675473,0.5463636636665177
24.73910799898133,0.0018210552608997066,0.005008227126675473,0.5463052428097166
24.745108878048047,-0.0028331139829929075,0.005008227126675473,0.5462178160788932
24.751109736183853,0.00463504213648902,0.005008227126675473,0.5461174858741152
24.757110573645335,0.0022250787401707495,0.005008227126675473,0.5460274941408629
24.76311139068908,0.006386742376045751,0.005008227126675473,0.5459475847824301
24.769112187571665,0.003914296877406742,0.005008227126675473,0.5459025232049893
24.775112964549674,0.0045872245231595166,0.005008227126675473,0.5458199338778842
24.781113721879695,0.0009961600785625135,0.005008227126675473,0.5457404330119655
24.787114459818305,0.00440682818742999,0.005008227126675473,0.5456635860282626
24.793115178622088,0.005719197969036194,0.005008227126675473,0.5455987720341133
24.799115878547628,-0.0006272105010287632,0.005008227126675473,0.5455134828062272
24.80511655985151,-0.0001938241225162285,0.005008227126675473,0.5454062987590579
24.81111722279032,0.003946160806996946,0.005008227126675473,0.5453180183806376
24.81711786762063,-0.0008450085385729444,0.005008227126675473,0.5452265892797402
24.823118494599026,-0.002325502808548041,0.005008227126675473,0.5451351987790485
24.8291191039821,0.0040540956893457825,0.005008227126675473,0.5450204806674519
24.83511969602643,0.004159655310426502,0.005008227126675473,0.544929802487464
24.841120270988604,0.0006145685582080729,0.005008227126675473,0.544788925447829
24.84712082912519,0.0021593052243276123,0.005008227126675473,0.54463144217955
24.853121370692786,0.0014810292139514347,0.005008227126675473,0.544468524228131
24.85912189594797,-0.00044062725538640546,0.005008227126675473,0.5443049173876255
24.865122405147325,0.0007573779656196988,0.005008227126675473,0.5441481845082091
24.871122898547426,0.0033234807380296827,0.005008227126675473,0.5439947741626064
24.877123376404874,-0.001957866630476479,0.005008227126675473,0.5438517708337602
24.883123838976243,-0.0005040147470254386,0.005008227126675473,0.5437135086599542
24.889124286518108,-0.0030873271879989783,0.005008227126675473,0.5434887386011791
24.895124719287065,-0.004123608578450844,0.005008227126675473,0.5432999390895518
24.901125137539687,0.0037753084138122395,0.005008227126675473,0.5431140715466702
24.907125541532565,0.001357562290904668,0.005008227126675473,0.5429256244492695
24.913125931522277,-0.0006121199066514427,0.005008227126675473,0.5427345987662759
24.919126307765406,0.007601689681269286,0.005008227126675473,0.5425409948701885
24.925126670518537,0.0056183079023047755,0.005008227126675473,0.5423448125370045
24.931127020038254,-0.0016216521053467048,0.005008227126675473,0.5421253433745861
24.937127356581136,0.00699662873050555,0.005008227126675473,0.541920566980564
24.943127680403773,0.005693910644954503,0.005008227126675473,0.5417197783870445
24.949127991762744,0.008726871388866742,0.005008227126675473,0.5415291982479475
24.955128290914626,0.007083364990122409,0.005008227126675473,0.5413348722210267
24.961128578116014,0.014494779896243815,0.005008227126675473,0.5411370593893423
24.967128853623482,0.03430361192594811,0.005008227126675473,0.5409534810972217
24.973129117693617,0.034069472433230774,0.005008227126675473,0.5407414655452626
24.979129370583,0.026606386396946347,0.005008227126675473,0.5405416109071576
24.985129612548214,0.04764857821840596,0.005008227126675473,0.5403373359694758
24.991129843845847,0.033937404653608616,0.005008227126675473,0.5401290417736551
24.997130064732477,0.0060963580150835694,0.005008227126675473,0.5399322852723215
25.003130275464688,0.0016483457603936325,0.005008227126675473,0.5397283922310575
25.009130476299063,0.00812698541168666,0.005008227126675473,0.5395254673830762
25.015130667492183,0.0022967955133750273,0.005008227126675473,0.5393175766943709
25.02113084930064,0.005992128676464481,0.005008227126675473,0.539104656259191
25.027131021981006,0.02404730522756071,0.005008227126675473,0.5388965186064563
25.033131185789873,0.05879669354990236,0.005008227126675473,0.5386768774791421
25.039131340983815,0.05463831048246259,0.005008227126675473,0.5384396770913642
25.045131487819422,0.016585114812950996,0.005008227126675473,0.5381967047996744
25.051131626553275,0.013694159505688863,0.005008227126675473,0.5379475632553223
25.057131757441955,0.03578214673725544,0.005008227126675473,0.53769185302277
25.06313188074205,0.11095738600782856,0.005008227126675473,0.5374708828260543
25.069131996710137,0.08775126173920966,0.005008227126675473,0.5372490427646868
25.075132105602805,0.027110496281726126,0.005008227126675473,0.5370261483768627
25.081132207676628,0.02651308571036437,0.005008227126675473,0.5368020149244244
25.087132303188202,0.0621940395756615,0.005008227126675473,0.5365822350436421
25.0931323923941,0.07043200386731185,0.005008227126675473,0.5363674424341233
25.09913247555091,0.023403410808343184,0.005008227126675473,0.5361516094732629
25.10513255291521,0.005371883327146221,0.005008227126675473,0.5359349566292131
25.111132624743593,0.0023852138581657023,0.005008227126675473,0.5357177036689555
25.117132691292632,0.004631800282843823,0.005008227126675473,0.535500069658318
25.123132752818915,0.00084761514852838,0.005008227126675473,0.5352822729619731
25.12913280957902,0.0011784871591219437,0.005008227126675473,0.5350645312434641
25.135132861829536,0.009184656773142286,0.005008227126675473,0.5348686088655373
25.14113290982704,0.04932838196385814,0.005008227126675473,0.534693285174267
25.147132953828123,0.07891293770000185,0.005008227126675473,0.5345147772380748
25.153132994089365,0.03579611579337605,0.005008227126675473,0.5343424394564351
25.159133030867345,0.031561666205879524,0.005008227126675473,0.534172348137612
25.165133064418654,0.08393356777050243,0.005008227126675473,0.5340086959438659
25.171133094999863,0.09282410785328599,0.005008227126675473,0.5338464651306215
25.177133122867566,0.02700488397048484,0.005008227126675473,0.5336306418216044
25.183133148278344,0.0037831250209736655,0.005008227126675473,0.533415767178032
25.189133171488773,0.002980079196165608,0.005008227126675473,0.5332019589622672
25.19513319275545,0.00016363460845814082,0.005008227126675473,0.5329893343709038
25.20113321233494,0.004461147173361435,0.005008227126675473,0.5327780100348258
25.207133230483837,0.012984056998559979,0.005008227126675473,0.5325681020191331
25.213133247458725,0.05001880222056598,0.005008227126675473,0.5323597258232452
25.219133263516184,0.07515163292597749,0.005008227126675473,0.5321529963808045
25.2251332789128,0.05926208117007237,0.005008227126675473,0.5319489557385967
25.231133293905152,0.030427065327538916,0.005008227126675473,0.5317454256918359
25.237133308749826,0.00778093590208051,0.005008227126675473,0.5315423793855332
25.2431333237034,0.002740897747880333,0.005008227126675473,0.5313397889044028
25.249133339022464,0.029003365668148096,0.005008227126675473,0.5311413213678434
25.255133354963597,0.060024931014005745,0.005008227126675473,0.5309471088319628
25.261133371783384,0.054732712665508165,0.005008227126675473,0.5307572837202761
25.267133389738405,0.012274362018299234,0.005008227126675473,0.530570355940556
25.273133409085244,0.00033219982535148684,0.005008227126675473,0.530386387479458
25.27913343008049,0.004352046302308787,0.005008227126675473,0.5302054400641943
25.28513345298072,-0.0024195031364304675,0.005008227126675473,0.5300275751624948
25.291133478042514,-0.012160846974615835,0.005008227126675473,0.5298528539826154
25.297133505522464,-0.005261777590435668,0.005008227126675473,0.5296813374733425
25.303133535677144,-0.004692870741846322,0.005008227126675473,0.5295130863239839
25.309133568763148,0.002960036909366859,0.005008227126675473,0.5293481609644062
25.315133605037047,0.005082667836384114,0.005008227126675473,0.5291866215649782
25.321133644755427,0.03090346696597357,0.005008227126675473,0.5290285280366154
25.327133688174882,0.007972352666528737,0.005008227126675473,0.5288739400307699
25.333133735551982,-0.009695274413586419,0.005008227126675473,0.5287275555433595
25.339133787143314,-0.004250191371100609,0.005008227126675473,0.5285853987839637
25.345133843205463,-0.007559237868341451,0.005008227126675473,0.5284471537865006
25.351133903995013,0.005267191147259043,0.005008227126675473,0.5282862600129834
25.357133969768544,0.021153178394672123,0.005008227126675473,0.5281364502422519
25.36313404078264,0.07243445786178593,0.005008227126675473,0.5279920330531884
25.369134117293882,0.06918816625478585,0.005008227126675473,0.5278533384171793
25.375134199558858,0.012857609975034379,0.005008227126675473,0.5277206975753479
25.381134287834143,0.0008011967327709035,0.005008227126675473,0.527594443038505
25.38713438237633,-0.0031091673925995877,0.005008227126675473,0.52747490858718
25.393134483441997,-0.005515833528590419,0.005008227126675473,0.527355184301994
25.399134591287726,-0.002682003561135571,0.005008227126675473,0.5272352887679331
25.405134706170106,-0.0010103171429286517,0.005008227126675473,0.5271152390409121
25.41113482834571,-0.00660520005866827,0.005008227126675473,0.526980560787704
25.417134958071127,-0.0004323612127210552,0.005008227126675473,0.5268463270258289
25.42313509560294,-0.002479006206053014,0.005008227126675473,0.5267125974572666
25.429135241197734,0.0009207475201528093,0.005008227126675473,0.5265939405407406
25.435135395112088,-0.005278909912044494,0.005008227126675473,0.5264744462695098
25.44113555760259,-0.01052199488769967,0.005008227126675473,0.5263615069853834
25.447135728925815,-0.00573101976333823,0.005008227126675473,0.5262550497561884
25.453135909338354,-0.000537034233901279,0.005008227126675473,0.526212302653372
25.459136099096785,0.0024441933224975676,0.005008227126675473,0.5261435230992125
25.465136298457693,0.0003833481986348364,0.005008227126675473,0.5260500055346939
25.471136507677663,0.0001917125748396309,0.005008227126675473,0.5259579221868819
25.477136727013278,-0.01203158558366546,0.005008227126675473,0.5258635274577593
25.48313695672112,-0.012653684135773835,0.005008227126675473,0.5257791601629291
25.489137197057765,-0.008471189329149365,0.005008227126675473,0.5256997562418494
25.495137448279802,-0.008957201437303608,0.005008227126675473,0.5256131680337732
25.50113771064382,-0.0058670109012206595,0.005008227126675473,0.5255190818703698
25.507137984406395,-0.0113155277739172,0.005008227126675473,0.5254337367153052
25.513138269824108,-0.005688112335774487,0.005008227126675473,0.5253574878228796
25.51913856715355,-0.002643048120294811,0.005008227126675473,0.5253072851105902
25.525138876651297,-0.0017513414045589037,0.005008227126675473,0.5252821139909377
25.531139198573936,0.0019105354528301532,0.005008227126675473,0.5252416442381687
25.53713953317805,-0.0012517389736372841,0.005008227126675473,0.5251866495388894
25.54313988072022,0.01000828141480381,0.005008227126675473,0.5251332422432757
25.549140241457028,-0.005249267715446759,0.005008227126675473,0.5250814517635346
25.55514061564506,-0.00646337270913,0.005008227126675473,0.5250226257397428
25.5611410035409,-0.0031714016978570125,0.005008227126675473,0.5249806399102603
25.567141405401127,0.010757055241209179,0.005008227126675473,0.524927647182709
25.573141821482327,0.021866072505081435,0.005008227126675473,0.5248847532971718
25.57914225204108,0.00735305902743133,0.005008227126675473,0.5248519531909008
25.585142697333975,0.004411800443588798,0.005008227126675473,0.5248292444824694
25.59114315761759,0.0009454637202011007,0.005008227126675473,0.5248166274718193
25.597143633148512,0.0012730652076888838,0.005008227126675473,0.5248133902554802
25.603144124183316,0.023149159795830543,0.005008227126675473,0.5248195071431286
25.60914463097859,0.04006866957138322,0.005008227126675473,0.5248172673994522
25.615145153790923,0.015606651883355416,0.005008227126675473,0.5248218398914117
25.62114569287689,-0.0024180759284675446,0.005008227126675473,0.5248331237892947
25.62714624849308,0.004755006677580553,0.005008227126675473,0.5248442105742375
25.633146820896066,3.339148122549762e-05,0.005008227126675473,0.5248341356898628
25.639147410342446,-0.005421079806707918,0.005008227126675473,0.524814748214486
25.64514801708879,-0.0010546655205898592,0.005008227126675473,0.5247975936476283
25.651148641391686,-0.0026968530191221474,0.005008227126675473,0.524782848051009
25.657149283507717,0.0010697780198170026,0.005008227126675473,0.5247776928067357
25.663149943693465,-0.001026467449290025,0.005008227126675473,0.524781986732549
25.669150622205517,-0.0025178305507896903,0.005008227126675473,0.524783300924722
25.67515131930045,0.004330592946561795,0.005008227126675473,0.5247897641920728
25.681152035234852,0.00012506341005957822,0.005008227126675473,0.5248014424603207
25.687152770265303,0.001159113180707383,0.005008227126675473,0.5248187157631244
25.69315352464839,0.006862594470158245,0.005008227126675473,0.5248570893306431
25.699154298640696,0.004338540928733425,0.005008227126675473,0.5249042557666345
25.705155092498796,-0.0008928083117113461,0.005008227126675473,0.5249601250393264
25.711155906479284,0.0013219165212986494,0.005008227126675473,0.525011323197953
25.717156740838732,0.009338914221638128,0.005008227126675473,0.5250543120375586
25.72315759583373,0.012460909558870692,0.005008227126675473,0.5250895477067449
25.729158471720858,0.01936750140056065,0.005008227126675473,0.5251311869369144
25.735159368756705,0.014390183102104381,0.005008227126675473,0.52517905840507
25.74116028719785,0.008564233077205885,0.005008227126675473,0.5252329912145647
25.747161227300875,-0.00014215562136488114,0.005008227126675473,0.5252928148951156
25.75316218932236,-0.0032654879950363425,0.005008227126675473,0.5253583594028345
25.759163173518896,0.00019877390464773104,0.005008227126675473,0.5254294551202032
25.76516418014706,-0.0022047136673235546,0.005008227126675473,0.5255059328560853
25.77116520946344,0.004143823071341757,0.005008227126675473,0.525587623845727
25.777166261724613,0.008286575017574682,0.005008227126675473,0.5256743597507637
25.783167337187173,0.008304276362714469,0.005008227126675473,0.5257659726592185
25.789168436107687,0.011245832175539427,0.005008227126675473,0.525862295085507
25.79516955874275,0.008365671983702194,0.005008227126675473,0.5259582471945509
25.801170705348937,0.0018891947417180033,0.005008227126675473,0.5260288847322264
25.807171876182842,-0.00010656745121284672,0.005008227126675473,0.5261330154643348
25.813173071501037,-0.008041649240686621,0.005008227126675473,0.5262386252178829
25.81917429156011,0.006511523594367463,0.005008227126675473,0.5263200337371063
25.825175536616648,0.0023364052665120205,0.005008227126675473,0.5264128574426097
25.831176806927225,0.006469942473332768,0.005008227126675473,0.5265170410971146
25.837178102748428,0.003069984257997649,0.005008227126675473,0.52670071167032
25.843179424336842,-0.009929517358719053,0.005008227126675473,0.5268350250934815
25.849180771949055,-0.0018736316410911114,0.005008227126675473,0.5269595951958569
25.85518214584164,0.006075141726153421,0.005008227126675473,0.5270749779184292
25.861183546271178,0.009870060926571389,0.005008227126675473,0.5271817239871653
25.867184973494265,0.007956866129476547,0.005008227126675473,0.527274224296505
25.873186427767475,0.0070048664358386414,0.005008227126675473,0.5273868289265652
25.879187909347397,0.008240057211383323,0.005008227126675473,0.5274957759002933
25.885189418490604,0.005584700847887203,0.005008227126675473,0.5276046388326184
25.89119095545369,0.006278239477621406,0.005008227126675473,0.5277136240221675
25.897192520493235,0.00926157834204222,0.005008227126675473,0.5278229057017946
25.90319411386582,0.0041454039073132165,0.005008227126675473,0.5279326568813085
25.90919573582802,0.0102207486934216,0.005008227126675473,0.5280430493475635
25.915197386636436,0.01027732298338535,0.005008227126675473,0.5281542536643683
25.92119906654764,0.005674735110377194,0.005008227126675473,0.5282664391725302
25.927200775818214,0.010039628188613259,0.005008227126675473,0.5283797739898398
25.933202514704746,0.005824452174193806,0.005008227126675473,0.5284896483518616
25.939204283463813,0.029857297333773958,0.005008227126675473,0.5285960184270394
25.94520608235201,0.02148976564115035,0.005008227126675473,0.5287028943948295
25.951207911625907,0.004474631258073125,0.005008227126675473,0.5288100435740504
25.95720977154209,0.0033181744625068177,0.005008227126675473,0.5289112143074939
25.963211662357146,0.008943996831512258,0.005008227126675473,0.5290059071212025
25.969213584327658,0.0016780708242782882,0.005008227126675473,0.529036630326416
25.975215537710206,0.006566693010333968,0.005008227126675473,0.5291138227327049
25.981217522761373,0.032666378015735575,0.005008227126675473,0.5291948581222827
25.98721953973774,0.047372923564211966,0.005008227126675473,0.529279743160499
25.993221588895903,0.01118660533291882,0.005008227126675473,0.5293684853495285
25.99922367049243,0.006782372658696412,0.005008227126675473,0.5294610930283083
26.005225784783907,0.01965586513408335,0.005008227126675473,0.5295490424615813
26.011227932026923,0.03177507725125217,0.005008227126675473,0.5296045967502964
26.017230112478057,0.01996597524298127,0.005008227126675473,0.5296817205124191
26.023232326393895,0.004085086966837959,0.005008227126675473,0.5297350744311718
26.029234574031015,-0.005657844538274892,0.005008227126675473,0.5297957417078839
26.035236855646,0.0003093036277815875,0.005008227126675473,0.5298641740319207
26.041239171495445,-0.0006149793448962937,0.005008227126675473,0.5299408254620135
26.047241521835915,0.02314570828407614,0.005008227126675473,0.5300292473475086
26.053243906924006,0.04676000546658288,0.005008227126675473,0.5301289591120493
26.059246327016297,0.035098759421524184,0.005008227126675473,0.5302544826095106
26.065248782369373,0.003705192777507249,0.005008227126675473,0.5304046693516647
26.071251273239813,-0.0004121362330958833,0.005008227126675473,0.5305341242913968
26.077253799884204,0.0001539334943571058,0.005008227126675473,0.5306779414897678
26.083256362559123,0.0014706452613891807,0.005008227126675473,0.5308043178435572
26.089258961521157,0.0031366653082379736,0.005008227126675473,0.5309127576679579
26.095261597026898,-0.004411457350996351,0.005008227126675473,0.5310301464916618
26.101264269332912,0.01045233650368027,0.005008227126675473,0.5311571766905752
26.107266978695794,-0.0031887911784244105,0.005008227126675473,0.5312710415747808
26.113269725372124,0.0023534836679937055,0.005008227126675473,0.5313714106294063
26.119272509618483,-0.004076700355748919,0.005008227126675473,0.5314317947447664
26.12527533169146,-0.013316237177131152,0.005008227126675473,0.5315191439222522
26.131278191847624,-0.0023273795723506296,0.005008227126675473,0.5315939036791303
26.137281090343578,-0.005041711078710098,0.005008227126675473,0.5316557833496557
26.14328402743589,0.0009738455184883366,0.005008227126675473,0.5317044876480364
26.14928700338115,-0.00434925633089267,0.005008227126675473,0.5317397166682493
26.155290018435938,0.0004051805527490737,0.005008227126675473,0.5317611658841731
26.16129307285684,-0.005426914759925183,0.005008227126675473,0.53177398926773
26.167296166900435,0.0003085948907686209,0.005008227126675473,0.531779467051891
26.17329930082331,-0.002824466392860714,0.005008227126675473,0.5317844841313025
26.179302474882046,0.004296628914356337,0.005008227126675473,0.5318130114944972
26.185305689333227,-0.0035752407780448303,0.005008227126675473,0.5318076204877701
26.19130894443343,-0.0019909245390191677,0.005008227126675473,0.5318420401715923
26.19731224043925,-0.01053246643741701,0.005008227126675473,0.5319003189198672
26.20331557760726,-0.0021904649985839963,0.005008227126675473,0.5319686739453499
26.20931895619405,-0.005476427183485955,0.005008227126675473,0.5320426732188015
26.2153223764562,0.0006695736429587207,0.005008227126675473,0.5321145388746061
26.221325838650284,0.003316768230251621,0.005008227126675473,0.5321838378396575
26.2273293430329,-0.005194424313618384,0.005008227126675473,0.5322975728561243
26.233332889860627,0.001500231895870341,0.005008227126675473,0.53234574492617
26.239336479390044,-0.0013539001396996042,0.005008227126675473,0.5323940761514065
26.245340111877738,-0.0008612685720353896,0.005008227126675473,0.5324276929845252
26.25134378758029,-0.0009755232345578513,0.005008227126675473,0.5324806016568129
26.25734750675428,0.014040790870539888,0.005008227126675473,0.5325290960065007
26.263351269656294,0.00167059500161848,0.005008227126675473,0.532573420907837
26.269355076542915,0.016800702444598192,0.005008227126675473,0.5326138187831954
26.275358927670727,0.006435502521575764,0.005008227126675473,0.5326615226625018
26.281362823296316,0.0005741654765089033,0.005008227126675473,0.5327162750153537
26.287366763676257,-0.003957824698128887,0.005008227126675473,0.5327778202949879
26.293370749067137,-0.012228730245745778,0.005008227126675473,0.5328678070445194
26.299374779725543,-0.011870052526630315,0.005008227126675473,0.5329658795330309
26.305378855908057,-0.008254512932690083,0.005008227126675473,0.5330547098774285
26.31138297787125,-0.00624716892831334,0.005008227126675473,0.5331125877370385
26.317387145871724,-0.0010217369975613622,0.005008227126675473,0.5331396319428113
26.32339136016605,-0.005535314160302618,0.005008227126675473,0.5331954036479439
26.32939562101081,-0.0027279018721988457,0.005008227126675473,0.5332403023354232
26.335399928662596,-0.006985292269729437,0.005008227126675473,0.5332908654853935
26.341404283377987,-0.0004188670697649055,0.005008227126675473,0.5333473866873675
26.347408685413562,0.0023435393099731083,0.005008227126675473,0.533394314758064
26.353413135025903,-0.003544752446768218,0.005008227126675473,0.5334734774246164
26.3594176324716,-0.00064905044182062,0.005008227126675473,0.5335763792552835
26.365422178007236,-0.008455594895138918,0.005008227126675473,0.5337020902257003
26.371426771889393,0.0010576323631976692,0.005008227126675473,0.5338496893425704
26.377431414374648,-0.009896909096348216,0.005008227126675473,0.534018264643775
26.38343610571959,-0.008961979309945689,0.005008227126675473,0.5341712958439105
26.3894408461808,-0.0007371176483971231,0.005008227126675473,0.5343149756324358
26.39544563601486,-0.002824463480539885,0.005008227126675473,0.5344432426605767
26.401450475478356,0.004200199509865388,0.005008227126675473,0.5345565177295326
26.40745536482787,0.004546100323949309,0.005008227126675473,0.5346552159341489
26.413460304319983,0.00810780510719522,0.005008227126675473,0.534739746662807
26.41946529421128,0.004403135315172224,0.005008227126675473,0.5348105135974301
26.425470334758348,0.007205694660032069,0.005008227126675473,0.5349379849346458
26.431475426217762,0.011785562334123645,0.005008227126675473,0.5350350434001724
26.43748056884611,0.004417234511848167,0.005008227126675473,0.5351093953251842
26.44348576289997,-0.004736594732740018,0.005008227126675473,0.5351877955131922
26.44949100863594,0.016661488305222183,0.005008227126675473,0.5352689641792603
26.455496306310586,-0.002762556666783489,0.005008227126675473,0.5353530231939347
26.46150165618049,-0.005655830938838258,0.005008227126675473,0.5354400952167453
26.467507058502253,-0.012100431387973787,0.005008227126675473,0.5355303036962196
26.47351251353244,-0.008854032425060332,0.005008227126675473,0.5356237728698657
26.479518021527646,-0.013370374669887108,0.005008227126675473,0.5357206277641645
26.485523582744445,-0.012861507528153515,0.005008227126675473,0.5357929840030904
26.491529197439426,-0.008338840739014253,0.005008227126675473,0.5358397395596886
26.497534865869174,4.871736378930791e-05,0.005008227126675473,0.5358833785320849
26.503540588290264,-0.009751711813275832,0.005008227126675473,0.5359238138288249
26.509546364959288,-0.02142828483550485,0.005008227126675473,0.5359609574407935
26.51555219613282,-0.0058534409816072275,0.005008227126675473,0.5359947204410708
26.521558082067454,-0.006296766247282148,0.005008227126675473,0.536025012984998
26.52756402301976,-0.005619202368477572,0.005008227126675473,0.5361092640600753
26.53357001924633,-0.003921524641722907,0.005008227126675473,0.5361802455487401
26.539576071003747,-0.006634856108458043,0.005008227126675473,0.5362387090357218
26.545582178548592,-0.012143908321092356,0.005008227126675473,0.536285400239013
26.551588342137446,-0.011202446408033584,0.005008227126675473,0.5363403829039024
26.557594562026896,-0.010767302961723235,0.005008227126675473,0.5364035208423591
26.563600838473523,0.02175995283519938,0.005008227126675473,0.5365022362443832
26.56960717173391,0.06054528708946971,0.005008227126675473,0.5367389115302293
26.575613562064643,0.09894802531661617,0.005008227126675473,0.536880700563326
26.581620009722293,0.09947006738119613,0.005008227126675473,0.5370965780196807
26.587626514963464,0.036000489549698256,0.005008227126675473,0.5372949288327362
26.59363307804472,0.008116250314401996,0.005008227126675473,0.5374764505466478
26.599639699222656,0.015287754648494634,0.005008227126675473,0.5376418349934381
26.60564637875385,0.01098979006176748,0.005008227126675473,0.5377837013318034
26.611653116894882,0.006797239140449829,0.005008227126675473,0.537903093228879
26.617659913902344,-0.007427004069830323,0.005008227126675473,0.5380010453855073
26.62366677003281,0.0012412677170986486,0.005008227126675473,0.5380785835361236
26.629673685542866,-0.0008691887017835409,0.005008227126675473,0.5381367244487077
26.635680660689097,0.002618146931667731,0.005008227126675473,0.5382932078076452
26.641687695728088,0.04473424940873538,0.005008227126675473,0.5383526936817759
26.647694790916418,0.029671218691891266,0.005008227126675473,0.5384172076583918
26.65370194651067,0.0036399317194932834,0.005008227126675473,0.5384866989697162
26.659709162767427,-0.0014497223183665975,0.005008227126675473,0.5385611172757572
26.665716439943274,-0.0059969500263789,0.005008227126675473,0.5386404126643936
26.671723778294794,-0.014282359273977363,0.005008227126675473,0.5387245356512899
26.67773117807857,-0.002414050483324992,0.005008227126675473,0.5388134371799737
26.683738639551184,-0.010363640466157342,0.005008227126675473,0.5389022191978065
26.689746162969218,0.01094377159632054,0.005008227126675473,0.5389906207833505
26.695753748589258,0.06059639538701833,0.005008227126675473,0.5390789152652158
26.701761396667887,0.12404275160592138,0.005008227126675473,0.5391668147045855
26.707769107461687,0.08288424672407402,0.005008227126675473,0.5392540299312232
26.713776881227236,0.005411966283604741,0.005008227126675473,0.539346290700259
26.719784718221124,0.002342829255455703,0.005008227126675473,0.5394435694548984
26.72579261869993,-0.010391432984478088,0.005008227126675473,0.5395458397349316
26.731800582920247,-0.002772552808564255,0.005008227126675473,0.5396530761768785
26.737808611138643,-0.018215896565829448,0.005008227126675473,0.5397652545139371
26.74381670361171,-0.0034968217828240666,0.005008227126675473,0.5398823515759981
26.74982486059603,0.000989269355768152,0.005008227126675473,0.5400043452896673
26.755833082348182,0.019228129549567208,0.005008227126675473,0.5401312146782817
26.761841369124753,0.01173931387321181,0.005008227126675473,0.5402629398619189
26.767849721182326,-0.004167685862167647,0.005008227126675473,0.540399502057426
26.773858138777484,0.0009590377156356578,0.005008227126675473,0.540540883578392
26.77986662216681,0.0244300431542388,0.005008227126675473,0.5406905184650725
26.785875171606882,0.00885607767225216,0.005008227126675473,0.5408485425893714
26.791883787354294,0.003418128413720134,0.005008227126675473,0.541007628094253
26.797892469665616,0.024300813873598948,0.005008227126675473,0.5411675882043555
26.803901218797442,0.018467629076590497,0.005008227126675473,0.5412683312871666
26.80991003500635,0.013501296984092748,0.005008227126675473,0.541425797877617
26.815918918548928,1.034878479011514e-05,0.005008227126675473,0.54163989521721
26.821927869681748,-0.0044865477343070115,0.005008227126675473,0.5418845331571779
26.8279368886614,-0.014363902961784691,0.005008227126675473,0.5421585230632131
26.833945975744474,-0.0034659845489680707,0.005008227126675473,0.5424544870674765
26.83995513118754,0.0018108521475005412,0.005008227126675473,0.5426697869945143
26.845964355247187,-0.006765654604765303,0.005008227126675473,0.5428200159473339
26.851973648180003,0.001384070035331919,0.005008227126675473,0.5429730866712333
26.857983010242563,0.018533640771428495,0.005008227126675473,0.5431290531754128
26.86399244169145,-0.007305365303898914,0.005008227126675473,0.543287969818128
26.870001942783254,0.003872451866097526,0.005008227126675473,0.5434611095812228
26.876011513774557,0.00522304816428254,0.005008227126675473,0.5437166667422957
26.882021154921933,-0.004957534433410626,0.005008227126675473,0.5440899215158582
26.888030866481976,-0.006632063068181315,0.005008227126675473,0.5445393569554047
26.894040648711265,0.004552030679264352,0.005008227126675473,0.5448620942187726
26.90005050186638,-0.025025463644285928,0.005008227126675473,0.5450634806065847
26.906060426203908,0.012460721919057005,0.005008227126675473,0.5452607184402993
26.912070421980427,0.0240717987025153,0.005008227126675473,0.5454487990646733
26.91808048945253,-0.0008353716920698195,0.005008227126675473,0.5456277089214293
26.92409062887679,-0.01290808690062717,0.005008227126675473,0.545797431542291
26.930100840509798,0.0014824008970931724,0.005008227126675473,0.5459579475488702
26.93611112460813,-0.003786790397581563,0.005008227126675473,0.5461092346526961
26.94212148142837,-0.010595862240504128,0.005008227126675473,0.5462585866900633
26.948131911227104,-0.004786041259585039,0.005008227126675473,0.5464056459895575
26.954142414260918,-0.0037638271103742627,0.005008227126675473,0.5465500549211381
26.960152990786387,0.0009441547754581725,0.005008227126675473,0.5466914558961248
26.9661636410601,-0.017572593490691957,0.005008227126675473,0.546829491367195
26.97217436533864,-0.019846634223164794,0.005008227126675473,0.5469638038283966
26.978185163878585,-0.0015749864917319334,0.005008227126675473,0.5471011547260927
26.984196036936524,0.007137141586283868,0.005008227126675473,0.5472636351424913
26.990206984769035,0.001379223565297849,0.005008227126675473,0.5474410009308293
26.996218007632706,0.005558653468458186,0.005008227126675473,0.5476223333671051
27.002229105784117,-0.0017164637087441204,0.005008227126675473,0.5478075907218051
27.008240279479853,0.0004762211230040503,0.005008227126675473,0.5479894093070428
27.014251528976494,0.01362608845518154,0.005008227126675473,0.5481674313588415
27.02026285453063,0.016122015444832938,0.005008227126675473,0.5483618928181666
27.02627425639883,0.04203115975608318,0.005008227126675473,0.5485645873101945
27.03228573483769,0.047853794943402916,0.005008227126675473,0.548775025725644
27.03829729010379,0.0003701986335952201,0.005008227126675473,0.5489927237349674
27.044308922453713,-0.036425558517006684,0.005008227126675473,0.5492010754464026
27.050320632144036,-0.0293947200532797,0.005008227126675473,0.5494000392517215
27.05633241943135,-0.0022202110437086198,0.005008227126675473,0.5495894578176213
27.062344284572237,0.025460306224678653,0.005008227126675473,0.549780422915611
27.068356227823276,0.0048104928050090034,0.005008227126675473,0.549977267836569
27.074368249441054,0.012836483006481658,0.005008227126675473,0.5501805049830492
27.08038034968215,0.016566419978014557,0.005008227126675473,0.5503763228603071
27.086392528803156,-0.0071103075694296525,0.005008227126675473,0.5505646147083734
27.092404787060644,-0.018152568021106097,0.005008227126675473,0.5507452729265385
27.098417124711204,-0.02727444874600382,0.005008227126675473,0.5509181890732842
27.104429542011413,-0.002876861224580529,0.005008227126675473,0.5510832538663203
27.110442039217858,-0.005229002566738639,0.005008227126675473,0.5512614547018154
27.116454616587127,-0.01584076995178485,0.005008227126675473,0.551451730658578
27.122467274375794,-0.0055486104704518535,0.005008227126675473,0.5517095487399609
27.12848001284044,0.014317494800904829,0.005008227126675473,0.5520313184261599
27.13449283223766,0.000729018698941708,0.005008227126675473,0.5522538080544832
27.14050573282404,-0.006001892151230703,0.005008227126675473,0.5523806775183707
27.146518714856143,-0.002117405052116661,0.005008227126675473,0.5525634499138073
27.152531778590564,-0.005125292826096084,0.005008227126675473,0.5528247364425538
27.158544924283888,0.009649753506209446,0.005008227126675473,0.5529168690967964
27.164558152192694,0.007718830652348907,0.005008227126675473,0.5529959042071652
27.170571462573566,-0.002181386892062487,0.005008227126675473,0.5530896529819949
27.176584855683085,0.010463082677558133,0.005008227126675473,0.5531642583000285
27.182598331777843,0.013159308142241533,0.005008227126675473,0.553219981261032
27.188611891114412,0.0026708583098825622,0.005008227126675473,0.5531822703299013
27.194625533949377,-0.012751943555766254,0.005008227126675473,0.553191831532224
27.20063926053933,-0.02022821713042866,0.005008227126675473,0.5532117306954122
27.206653071140845,-0.009491751939638027,0.005008227126675473,0.553242395028705
27.212666966010506,0.01762376891043904,0.005008227126675473,0.5532842581956954
27.2186809454049,-0.013070969364195939,0.005008227126675473,0.5533377603142206
27.224695009580607,-0.009396125948098244,0.005008227126675473,0.5533533804365689
27.23070915879421,0.007051280128348325,0.005008227126675473,0.5533734040585575
27.236723393302295,-0.01896253068720799,0.005008227126675473,0.5533946150020626
27.242737713361443,-0.039661491334627486,0.005008227126675473,0.5534170170541608
27.248752119228236,-0.025722399703930532,0.005008227126675473,0.553440646333617
27.254766611159262,-0.037064931089707875,0.005008227126675473,0.5534655417889047
27.260781189411098,-0.00417888860825244,0.005008227126675473,0.5534917451982859
27.266795854240325,0.004664572287627289,0.005008227126675473,0.5535193011698747
27.272810605903537,-0.030491616324384352,0.005008227126675473,0.5535717204933788
27.278825444657304,0.0007957347398610537,0.005008227126675473,0.5536479969799518
27.28484037075822,0.023752462062808455,0.005008227126675473,0.5537471367303374
27.290855384462866,0.004397562881291783,0.005008227126675473,0.5538681581351522
27.296870486027817,0.0008833054073490443,0.005008227126675473,0.5539564234673998
27.302885675709664,0.005787009596019743,0.005008227126675473,0.5540130151068892
27.308900953764986,-0.028079133801740985,0.005008227126675473,0.5540390061557953
27.31491632045037,-0.013232380488494844,0.005008227126675473,0.5540598979707231
27.320931776022398,-0.00309744841604942,0.005008227126675473,0.554075644785288
27.32694732073765,0.035806927655299026,0.005008227126675473,0.5540862014070782
27.33296295485271,0.011657507475203444,0.005008227126675473,0.554091523217779
27.338978678624166,0.006009967441801933,0.005008227126675473,0.554091566173097
27.344994492308594,-0.0010017494519094505,0.005008227126675473,0.5540862868028297
27.35101039616258,-0.004809247763366886,0.005008227126675473,0.554075642210805
27.357026390442712,-0.0005238987335791645,0.005008227126675473,0.5540595900749923
27.36304247540556,-0.014246452539581567,0.005008227126675473,0.5542091648147448
27.36905865130772,0.014206763661518518,0.005008227126675473,0.554830239011873
27.37507491840577,-0.003913874178849919,0.005008227126675473,0.5551057525884467
27.381091276956294,0.028688448868073313,0.005008227126675473,0.555050268609554
27.387107727215874,0.043067404000486254,0.005008227126675473,0.5549639293859496
27.3931242694411,0.08451296136535158,0.005008227126675473,0.5548888421329851
27.399140903888537,0.03276771048302807,0.005008227126675473,0.5548119709278609
27.405157630814788,0.008279309042491523,0.005008227126675473,0.5547323753894364
27.411174450476427,-0.019348402696793054,0.005008227126675473,0.5546334362272536
27.417191363130033,0.0041673561599242515,0.005008227126675473,0.5545135280065154
27.423208369032196,0.008076655447581516,0.005008227126675473,0.5544607681276029
27.429225468439498,0.021146134931568916,0.005008227126675473,0.5544720373363002
27.43524266160852,-0.008093486359576518,0.005008227126675473,0.554544247448484
27.44125994879585,0.007402339119530588,0.005008227126675473,0.5546743413505129
27.447277330258064,0.05763535929787156,0.005008227126675473,0.5548592929997443
27.453294806251748,0.11307106492334973,0.005008227126675473,0.5552267863194438
27.459312377033488,0.04921345573792968,0.005008227126675473,0.5552653488674714
27.46533004285986,0.01900932172794423,0.005008227126675473,0.5550353174666863
27.471347803987456,0.020381805339259373,0.005008227126675473,0.5547936066886466
27.47736566067285,0.019615204839112943,0.005008227126675473,0.5545407291152971
27.48338361317263,0.01662803517355327,0.005008227126675473,0.5542771960621579
27.489401661743383,0.02054816930666936,0.005008227126675473,0.5540035175783161
27.49541980664168,0.0007706792116688455,0.005008227126675473,0.5537202024464353
27.501438048124122,0.005420962308336441,0.005008227126675473,0.5534277581826846
27.507456386447277,-0.03901755732124479,0.005008227126675473,0.553163809371388
27.513474821867728,0.005347369513730937,0.005008227126675473,0.5529431179269446
27.519493354642073,0.02076386349759818,0.005008227126675473,0.5527652300900521
27.525511985026874,0.00680713823606327,0.005008227126675473,0.5526076672799544
27.53153071327873,0.017214606210964822,0.005008227126675473,0.5524690483322752
27.53754953965422,0.012960601184795695,0.005008227126675473,0.5523480034121576
27.54356846440993,-0.021197866223929496,0.005008227126675473,0.5522431740144692
27.54958748780243,0.0011043441845468571,0.005008227126675473,0.5521532129640199
27.55560661008832,-0.05366129156816363,0.005008227126675473,0.5520767844156483
27.561625831524168,-0.06415717161962797,0.005008227126675473,0.5520125638545512
27.56764515236657,0.008520822064223665,0.005008227126675473,0.5519592380963521
27.5736645728721,-0.02869805184056462,0.005008227126675473,0.5519155052873482
27.57968409329735,-0.009317241758809991,0.005008227126675473,0.5518224530505129
27.585703713898894,-0.005885013832874986,0.005008227126675473,0.5517934174261401
27.59172343493332,0.002754333283447097,0.005008227126675473,0.5517953757475942
27.597743256657207,-0.06469624737454621,0.005008227126675473,0.5518832813366136
27.603763179327142,2.732859226095563e-05,0.005008227126675473,0.5515474793796121
27.609783203199704,-0.02508340793398478,0.005008227126675473,0.5514106167248999
27.615803328531484,0.04017625241521072,0.005008227126675473,0.5512599952219689
27.62182355557906,0.0022360466861949257,0.005008227126675473,0.5511523954998412
27.62784388459901,-0.014681109770264156,0.005008227126675473,0.5510745319670096
27.633864315847926,0.018741725471059345,0.005008227126675473,0.5510523276050053
27.639884849582387,0.02320434559388762,0.005008227126675473,0.5510251022178858
27.645905486058975,0.02706675897290589,0.005008227126675473,0.550969037980374
27.651926225534275,0.06526478656190582,0.005008227126675473,0.550895722081693
27.657947068264868,0.03478789496975487,0.005008227126675473,0.5506921244551708
27.66396801450734,0.005761842339848222,0.005008227126675473,0.5503648349456824
27.669989064518273,0.003103448518829488,0.005008227126675473,0.550144403354845
27.676010218554246,-0.038903155180163296,0.005008227126675473,0.5500112204287719
27.68203147687185,0.038644743559031136,0.005008227126675473,0.5499610523849233
27.68805283972766,0.0813591665411253,0.005008227126675473,0.5497070724242609
27.694074307378266,0.13742989514731319,0.005008227126675473,0.5492578563966571
27.70009588008024,0.027440350995551088,0.005008227126675473,0.5488161800074096
27.70611755809018,0.03723823660896031,0.005008227126675473,0.5483576830354161
27.71213934166466,-0.006925566250108983,0.005008227126675473,0.5478810031251924
27.718161231060265,-0.03787608851959845,0.005008227126675473,0.5473847752820585
27.72418322653358,-0.020730594389993917,0.005008227126675473,0.5468676318720717
27.730205328341185,0.017386487825925,0.005008227126675473,0.5463282026220267
27.736227536739662,-0.005442420131212544,0.005008227126675473,0.545799597773155
27.742249851985598,-0.02041014999563029,0.005008227126675473,0.5452819546391243
27.748272274335573,-0.031347473165715734,0.005008227126675473,0.5447754212405188
27.75429480404617,-0.02247704874415335,0.005008227126675473,0.5442801563050513
27.760317441373978,0.05107103974419125,0.005008227126675473,0.5437963292677102
27.766340186575572,0.04080249098729982,0.005008227126675473,0.5433241202710227
27.77236303990754,0.020966994687229845,0.005008227126675473,0.5428637201651363
27.778386001626462,0.02503348269309491,0.005008227126675473,0.5423420756628505
27.784409071988925,0.04601251805278406,0.005008227126675473,0.5418443730982118
27.790432251251506,-0.03963193033233947,0.005008227126675473,0.5413714622553989
27.796455539670795,0.014748194561408856,0.005008227126675473,0.540897637648764
27.80247893750337,-0.06269463945154119,0.005008227126675473,0.5404077008810372
27.808502445005814,-0.027028570779156103,0.005008227126675473,0.5399020466549269
27.814526062434712,-0.0122846284486956,0.005008227126675473,0.5393810698661656
27.820549790046652,-0.06172011591724641,0.005008227126675473,0.5388451656034933
27.82657362809821,-0.0560427269328424,0.005008227126675473,0.5382947291486694
27.83259757684597,-0.03610454428593379,0.005008227126675473,0.5377301559764865
27.838621636546513,0.040124174853372496,0.005008227126675473,0.5371518417547858
27.84464580745643,0.07918884990183228,0.005008227126675473,0.5365601823444477
27.8506700898323,0.041462712829163695,0.005008227126675473,0.5359555737993862
27.856694483930703,-0.057296410191769453,0.005008227126675473,0.5353384123665853
27.862718990008222,-0.026312546472611054,0.005008227126675473,0.5347090944860513
27.868743608321445,0.06319068097491776,0.005008227126675473,0.5340680167909219
27.874768339126952,-0.023527474594869258,0.005008227126675473,0.5334155761073622
27.88079318268133,0.01160076008480393,0.005008227126675473,0.5327521694545806
27.886818139241154,0.005656032172777659,0.005008227126675473,0.532094122939097
27.892843209063013,0.16124402146690153,0.005008227126675473,0.5314425328251994
27.89886839240349,0.11059239319130909,0.005008227126675473,0.5307985017361951
27.904893689519167,-0.004217672933137462,0.005008227126675473,0.5301429365079263
27.91091910066662,-0.041144759344929505,0.005008227126675473,0.5294760661372193
27.91694462610245,0.05546284000754098,0.005008227126675473,0.5287840569804589
27.922970266083222,0.07659335170276316,0.005008227126675473,0.5279567359611045
27.928996020865526,-0.03137803666771627,0.005008227126675473,0.5272237438205237
27.935021890705947,-0.005136728617030406,0.005008227126675473,0.5264213155599154
27.941047875861067,0.10589287014977655,0.005008227126675473,0.5256378841893816
27.94707397658747,-0.015604700313045061,0.005008227126675473,0.524873591439488
27.953100193141733,0.1288819333595015,0.005008227126675473,0.5243386927602818
27.959126525780444,-0.07801839990893022,0.005008227126675473,0.5237468034183084
27.965152974760187,-0.03902406468027181,0.005008227126675473,0.5231581903509999
27.971179540337545,0.1390917909005993,0.005008227126675473,0.5225743418434861
27.977206222769095,0.16483092160388102,0.005008227126675473,0.5219967553744864
27.983233022311424,0.09037942104643903,0.005008227126675473,0.5214269376165596
27.98925993922112,0.0882192858194547,0.005008227126675473,0.5207443672016983
27.99528697375476,0.24979250530555952,0.005008227126675473,0.5201449816815148
28.001314126168932,-0.006529617534870469,0.005008227126675473,0.5195316001227879
28.00734139672021,0.1713967131315971,0.005008227126675473,0.5189046805376082
28.013368785665186,0.015581220109623373,0.005008227126675473,0.5182646807070255
28.01939629326044,0.14288445275406858,0.005008227126675473,0.5176120581811104
28.025423919762552,0.0012045191956758794,0.005008227126675473,0.5169472702790829
28.03145166542811,-0.23208747792135098,0.005008227126675473,0.5162706252985181
28.0374795305137,-0.05060219558828283,0.005008227126675473,0.5155825866310966
28.043507515275895,-0.12214897786256923,0.005008227126675473,0.5148834687631303
28.049535619971287,0.0024251236028397516,0.005008227126675473,0.5141731813391025
28.055563844856447,-0.024702718430664017,0.005008227126675473,0.5134521691256959
28.061592190187977,0.08050728878250213,0.005008227126675473,0.5127208763223579
28.06762065622244,0.0830761036752743,0.005008227126675473,0.5119797465612965
28.073649243216437,-0.0162518491983073,0.005008227126675473,0.5112292229077195
28.079677951426536,-0.004967689901228867,0.005008227126675473,0.5104697478596565
28.08570678110933,0.3063870831512254,0.005008227126675473,0.509701763348166
28.0917357325214,0.3705844049092155,0.005008227126675473,0.5089257107373566
28.097764805919322,0.1366311623426899,0.005008227126675473,0.5081420308243789
28.10379400155969,0.08059254669699178,0.005008227126675473,0.5073511638395726
28.109823319699082,0.048792334022053296,0.005008227126675473,0.5066097815950543
28.115852760594077,0.07200982553678692,0.005008227126675473,0.5056302670685888
28.121882324501264,-0.07895340888014973,0.005008227126675473,0.5046335102732427
28.127912011677225,-0.10938802484216642,0.005008227126675473,0.5036207439925912
28.133941822378542,-0.06271672579115745,0.005008227126675473,0.5025931926766531
28.1399717568618,-0.19802376575127772,0.005008227126675473,0.5015567804546375
28.146001815383574,0.016399049350738992,0.005008227126675473,0.5005125029255374
28.15203199820046,-0.0807277724475603,0.005008227126675473,0.4994613492626751
28.15806230556903,-0.06107405463541121,0.005008227126675473,0.4984190495488006
28.16409273774587,0.09556973610858188,0.005008227126675473,0.49735694899308314
28.17012329498757,0.10523835417415084,0.005008227126675473,0.49627408790225924
28.176153977550708,0.03140514518074472,0.005008227126675473,0.4951694949169381
28.182184785691863,0.16769966157488614,0.005008227126675473,0.4940421870114645
28.18821571966762,0.18613461981482138,0.005008227126675473,0.49289116949356115
28.194246779734566,0.20385565322227767,0.005008227126675473,0.4918212384651131
28.20027796614928,-0.07181723467290263,0.005008227126675473,0.49083601807028004
28.20630927916835,0.21775970484910606,0.005008227126675473,0.4898640414675906
28.212340719048356,0.13474105370506445,0.005008227126675473,0.48890569542580725
28.218372286045877,0.1897186197496039,0.005008227126675473,0.48796136692688974
28.224403980417502,-0.08982560176338028,0.005008227126675473,0.4869938821043806
28.230435802419816,0.07673940002343532,0.005008227126675473,0.48592791972973154
28.236467752309395,0.34966566608047395,0.005008227126675473,0.48475895536172237
28.242499830342823,0.2041059959503173,0.005008227126675473,0.4835216498877851
28.248532036776687,0.14574403676355302,0.005008227126675473,0.4824056098365353
28.254564371867566,0.07458029930799104,0.005008227126675473,0.48141636410895716
28.26059683587205,0.2608767712913063,0.005008227126675473,0.48044250148945816
28.266629429046716,-0.06758670167305808,0.005008227126675473,0.4794845113607487
28.27266215164815,-0.07987608387901263,0.005008227126675473,0.47852796949148085
28.27869500393293,-0.019666487193492843,0.005008227126675473,0.47757404029143524
28.284727986157645,-0.04944541347951553,0.005008227126675473,0.4766238835480169
28.290761098578873,-0.04791726387892664,0.005008227126675473,0.4756786544263508
28.2967943414532,-0.09165417899735462,0.005008227126675473,0.4747318517915173
28.302827715037214,-0.06205117886346356,0.005008227126675473,0.47378428583560084
28.30886121958749,-0.0734428026219417,0.005008227126675473,0.47283675916618073
28.31489485536061,0.039233428778377766,0.005008227126675473,0.47189006680650647
28.320928622613163,-0.3386235922610912,0.005008227126675473,0.4709449961956358
28.326962521601732,-0.08132731573149671,0.005008227126675473,0.4700023271885281
28.3329965525829,-0.03539410298090939,0.005008227126675473,0.4690628320562258
28.339030715813244,0.20156571809107804,0.005008227126675473,0.46812727548591515
28.345065011549355,0.07541517210855819,0.005008227126675473,0.46719641458112393
28.35109944004781,-0.0034550658823124802,0.005008227126675473,0.46627099886183493
28.357134001565196,-0.08707293273265682,0.005008227126675473,0.46535177026457025
28.36316869635809,-0.16100010714059793,0.005008227126675473,0.4644394631425714
28.369203524683083,0.07793727411253282,0.005008227126675473,0.46353480426591465
28.375238486796757,0.08770635288111112,0.005008227126675473,0.4628246823183417
28.38127358295569,0.16608156329878054,0.005008227126675473,0.46230069852901046
28.387308813416464,0.0865318470039107,0.005008227126675473,0.46167189303528355
28.393344178435672,0.08251029157470419,0.005008227126675473,0.4609427402641459
28.399379678269888,0.19923331408770462,0.005008227126675473,0.46011766813186294
28.4054153131757,0.13794306703202508,0.005008227126675473,0.45943653645691607
28.411451083409684,0.15463070728344613,0.005008227126675473,0.4588940890610603
28.41748698922843,0.059457681419520736,0.005008227126675473,0.4583409828939557
28.42352303088852,0.181860791533054,0.005008227126675473,0.4577785548382729
28.429559208646538,0.09934025027677101,0.005008227126675473,0.4572081320586246
28.435595522759062,-0.02244890552444906,0.005008227126675473,0.4565738771116694
28.44163197348268,-0.04322925975735209,0.005008227126675473,0.45590786949367074
28.44766856107397,0.10766655263482944,0.005008227126675473,0.45521268915300234
28.45370528578952,-0.013841048258920796,0.005008227126675473,0.45454694422806335
28.459742147885915,0.03481167490646142,0.005008227126675473,0.45370649714600225
28.46577914761973,0.10773010061466703,0.005008227126675473,0.45326518455689235
28.471816285247556,-0.057965940666616256,0.005008227126675473,0.45273204092831665
28.477853561025974,-0.013251768049352741,0.005008227126675473,0.45210625442474156
28.48389097521156,0.03321944079167305,0.005008227126675473,0.4513858790922516
28.489928528060908,-0.05756395681516702,0.005008227126675473,0.45073585312938713
28.49596621983059,-0.03829373112289336,0.005008227126675473,0.4501614663206311
28.5020040507772,-0.004404171985684158,0.005008227126675473,0.4495134098204858
28.508042021157312,-0.024512237882257815,0.005008227126675473,0.44879022960656995
28.514080131227512,0.01995006333411148,0.005008227126675473,0.448192061365828
28.52011838124439,0.1117271414377361,0.005008227126675473,0.4476033932408524
28.52615677146452,0.04826568997536729,0.005008227126675473,0.44702618824148554
28.532195302144487,0.01376352092408445,0.005008227126675473,0.4464624002983204
28.538233973540876,0.003261331369795839,0.005008227126675473,0.44591397426307067
28.54427278591027,0.10915706500539563,0.005008227126675473,0.44538284590904237
28.550311739509247,-0.061840117157337005,0.005008227126675473,0.44485775554096435
28.5563508345944,0.03350327654835383,0.005008227126675473,0.44434004217981604
28.562390071422307,0.05469899769986569,0.005008227126675473,0.44383103066241486
28.568429450249546,0.19637953992347856,0.005008227126675473,0.44336914920345905
28.574468971332706,0.15659304996417167,0.005008227126675473,0.4429540215387563
28.58050863492837,0.057731155371996856,0.005008227126675473,0.4425852722523091
28.58654844129312,0.17762729540708144,0.005008227126675473,0.44226252677629074
28.592588390683538,0.10861206420297403,0.005008227126675473,0.4419854113908194
28.598628483356208,-0.000563619961918338,0.005008227126675473,0.4417535532239775
28.604668719567712,-0.053424584965760136,0.005008227126675473,0.4418118344097581
28.61070909957463,-0.05636912902996333,0.005008227126675473,0.44219530059174866
28.616749623633556,0.05308030745095582,0.005008227126675473,0.4423879195876711
28.622790292001067,-0.06303991991708885,0.005008227126675473,0.4425297194732384
28.628831104933738,-0.098300512782242,0.005008227126675473,0.442599548822223
28.634872062688164,-0.08969835552724237,0.005008227126675473,0.44259967797105526
28.64091316552092,-0.0896535491956299,0.005008227126675473,0.44253233611760945
28.646954413688597,-0.08954348604567614,0.005008227126675473,0.4423997113217311
28.652995807447766,-0.08948297590190979,0.005008227126675473,0.44231661343704975
28.659037347055023,-0.08947364338690872,0.005008227126675473,0.442284667115217
28.665079032766947,-0.08951711669825008,0.005008227126675473,0.44230550058285384
28.671120864840116,-0.08958947941428086,0.005008227126675473,0.44235519744732354
28.677162843531114,-0.08969124585008548,0.005008227126675473,0.4424342720526981
28.683204969096533,-0.08986358168549402,0.005008227126675473,0.44258389010776655
28.689247241792952,-0.0903908551419697,0.005008227126675473,0.4430884198629224
28.69528966187694,-0.0912588707898,0.005008227126675473,0.44393366591735534
28.7013322296051,-0.09166953753179591,0.005008227126675473,0.44432153720275025
28.707374945234005,-0.09194192884555624,0.005008227126675473,0.4445711072255517
