wave,flux,err,cont
4.9003101497587025,0.0010655891185229471,0.0002374204513361653,0.07926371050944211
4.901112309569857,0.00048559221063457225,0.0002374204513361653,0.0792606231795961
4.901914458987196,0.0003576194037479413,0.0002374204513361653,0.07925638414055168
4.902716598031236,0.0006711178636508441,0.0002374204513361653,0.07924319767596068
4.90351872672249,0.00023563678931178,0.0002374204513361653,0.0792297374912703
4.904320845081476,0.00019936281581448,0.0002374204513361653,0.07921679377476824
4.905122953128708,-0.0019856806550078016,0.0002374204513361653,0.07920480753737491
4.905925050884702,-0.0015116879888010526,0.0002374204513361653,0.07919215503534717
4.906727138369974,-1.0790961412848743e-05,0.0002374204513361653,0.07917990237289448
4.907529215605039,0.0011194186086372487,0.0002374204513361653,0.07916806510840818
4.908331282610413,0.0019943533076378084,0.0002374204513361653,0.07915665897169256
4.909133339406613,0.0019567633748924784,0.0002374204513361653,0.07914620500627477
4.909935386014151,0.0033987922529908343,0.0002374204513361653,0.07913669923467831
4.910737422453546,0.0012282447254662182,0.0002374204513361653,0.07913363753451089
4.911539448745312,0.0003669237385871271,0.0002374204513361653,0.07912601551946259
4.912341464909965,0.000261077053343689,0.0002374204513361653,0.07911846007060735
4.913143470968021,1.736901798038426e-05,0.0002374204513361653,0.07911100292501208
4.913945466939994,-0.0006285041256780532,0.0002374204513361653,0.07910367587819107
4.9147474528464015,-0.0005073716545170998,0.0002374204513361653,0.07909651078410973
4.915549428707759,-0.0013661542983540303,0.0002374204513361653,0.07908953955518812
4.916351394544581,-0.00023098312065725213,0.0002374204513361653,0.07908279416230336
4.917153350377382,0.0012087426136691282,0.0002374204513361653,0.07907662149126965
4.917955296226681,0.000781256588412188,0.0002374204513361653,0.0790710411326847
4.918757232112991,-0.000351371221679761,0.0002374204513361653,0.07906607283450681
4.9195591580568285,0.0025011588718348715,0.0002374204513361653,0.07906404004729366
4.920361074078709,0.0029177176832676233,0.0002374204513361653,0.07906128837152955
4.921162980199148,0.0026073841572049755,0.0002374204513361653,0.07905857342241333
4.921964876438661,0.0025201171071738276,0.0002374204513361653,0.0790559299320439
4.922766762817764,0.0009298469478856014,0.0002374204513361653,0.07905714510062736
4.923568639356972,0.0004108044464777999,0.0002374204513361653,0.07905802158858422
4.9243705060768015,0.0005248144317745035,0.0002374204513361653,0.07905819120174029
4.925172362997768,-0.001932389666636447,0.0002374204513361653,0.0790576865824102
4.925974210140385,-0.0020391717396492925,0.0002374204513361653,0.07905654011485569
4.926776047525171,-0.0014217207134264997,0.0002374204513361653,0.07905601679512021
4.92757787517264,-0.0018066562894229615,0.0002374204513361653,0.07905609955698298
4.928379693103309,-0.0012761666258870874,0.0002374204513361653,0.07905677146339299
4.92918150133769,-0.0007178708012688939,0.0002374204513361653,0.07905801570646744
4.9299832998963025,0.0011232818848573994,0.0002374204513361653,0.07905981560749009
4.930785088799661,0.0026128515109259953,0.0002374204513361653,0.07906743854525908
4.931586868068281,0.0033564808173839195,0.0002374204513361653,0.07906957787737928
4.932388637722677,0.0031118539374006132,0.0002374204513361653,0.07907086084710008
4.933190397783367,0.0010364268519896386,0.0002374204513361653,0.07907135001863638
4.933992148270863,0.0001112690367826713,0.0002374204513361653,0.07906471451335548
4.934793889205684,-0.0010771275250694295,0.0002374204513361653,0.07905754250331823
4.9355956206083444,-0.0006242793707604416,0.0002374204513361653,0.07905205062646388
4.93639734249936,-0.001981557846252091,0.0002374204513361653,0.07904823949942302
4.937199054899246,-0.0018963793516467708,0.0002374204513361653,0.07904611033955526
4.938000757828518,-0.002703135988580657,0.0002374204513361653,0.07904566496494954
4.938802451307692,-0.00039244671593294256,0.0002374204513361653,0.0790469057944254
4.939604135357283,0.0009727998798573084,0.0002374204513361653,0.07904983584753342
4.940405809997806,0.001580602428439895,0.0002374204513361653,0.07905445874455644
4.9412074752497785,0.0012703883531412913,0.0002374204513361653,0.07906077870651028
4.942009131133716,0.0023635255472931466,0.0002374204513361653,0.07906216083244205
4.9428107776701316,0.0024534607011172105,0.0002374204513361653,0.07906156759843619
4.943612414879543,0.002857501322438366,0.0002374204513361653,0.07905964994657293
4.9444140427824665,0.002537064823807819,0.0002374204513361653,0.07905771810269031
4.945215661399415,0.0012026283744825117,0.0002374204513361653,0.07905578376681156
4.9460172707509065,-6.954817020664306e-05,0.0002374204513361653,0.07905696916213392
4.946818870857455,-0.0016063359482171857,0.0002374204513361653,0.07905722462477259
4.947620461739577,-0.0016556397741668422,0.0002374204513361653,0.07905659553724892
4.948422043417788,-0.002381392988237571,0.0002374204513361653,0.07905512697942504
4.949223615912604,-0.0013217231633744775,0.0002374204513361653,0.07905393603298057
4.95002517924454,-0.00011275233537086371,0.0002374204513361653,0.07905302461192334
4.950826733434112,0.00047524616201201353,0.0002374204513361653,0.0790523946643675
4.951628278501834,0.00041957994018632094,0.0002374204513361653,0.07905204817253372
4.952429814468225,0.00010294101852181825,0.0002374204513361653,0.0790523445817612
4.953231341353797,0.00043974990666210967,0.0002374204513361653,0.0790552904095078
4.954032859179066,0.0007263410439505846,0.0002374204513361653,0.07905606679383671
4.954834367964552,0.0005392749676872421,0.0002374204513361653,0.07905011220329658
4.955635867730765,0.001203117626555436,0.0002374204513361653,0.07904791201765717
4.956437358498223,0.0006749743614202219,0.0002374204513361653,0.0790469119942506
4.9572388402874425,-0.0006321263966100055,0.0002374204513361653,0.07904618624192689
4.9580403131189374,-0.000824823870395841,0.0002374204513361653,0.07904487922959716
4.958841777013224,-9.60334463021989e-05,0.0002374204513361653,0.07904191338155452
4.9596432319908175,-0.0009909030634586563,0.0002374204513361653,0.07903730544198406
4.9604446780722355,-0.0013071826334083853,0.0002374204513361653,0.0790321223997729
4.961246115277991,-0.0012112834718421284,0.0002374204513361653,0.07902633830113275
4.962047543628601,-0.00045230930337737674,0.0002374204513361653,0.07901992702541709
4.962848963144579,-3.199067503283082e-05,0.0002374204513361653,0.07901286228511974
4.963650373846445,0.0004244874531812437,0.0002374204513361653,0.07900511762587101
4.96445177575471,0.0011561347126526067,0.0002374204513361653,0.07899666642643513
4.965253168889892,0.0016812176983539845,0.0002374204513361653,0.07898748189870733
4.966054553272507,0.0018193954814028218,0.0002374204513361653,0.07898298093325716
4.966855928923068,0.0012788909890164013,0.0002374204513361653,0.07897800736296871
4.967657295862094,-0.0004870770956788284,0.0002374204513361653,0.07897577850176998
4.968458654110098,-0.0026801822451071183,0.0002374204513361653,0.07897349337302179
4.969260003687595,-0.002462604058573792,0.0002374204513361653,0.0789711442049769
4.970061344615105,-0.0010873894520586624,0.0002374204513361653,0.0789687231911058
4.970862676913139,-0.0008171024596684701,0.0002374204513361653,0.07896622249009572
4.971664000602216,-0.0011898490151148189,0.0002374204513361653,0.07896363422585014
4.9724653157028476,-0.0010364112757274835,0.0002374204513361653,0.07896131049609285
4.9732666222355535,-0.00047507677502349466,0.0002374204513361653,0.07895922906641871
4.974067920220847,0.00046023583033601156,0.0002374204513361653,0.0789588543749016
4.974869209679244,0.0005705752021160082,0.0002374204513361653,0.07895665739035494
4.975670490631259,0.00038350440161470656,0.0002374204513361653,0.07895401163207705
4.97647176309741,0.00024253419644698626,0.0002374204513361653,0.07895038897135292
4.977273027098213,0.0007308782989504797,0.0002374204513361653,0.07894577216791318
4.97807428265418,0.0011717913314940737,0.0002374204513361653,0.07894148719303297
4.978875529785831,0.00019910935381244055,0.0002374204513361653,0.0789381126236536
4.979676768513677,0.0005616130520413876,0.0002374204513361653,0.07893519152969186
4.980477998858237,0.0002885189365660068,0.0002374204513361653,0.07893270518307369
4.981279220840025,0.0008494664094782778,0.0002374204513361653,0.07893063499490294
4.982080434479557,0.0004806967438775317,0.0002374204513361653,0.07892776670412865
4.98288163979735,-0.0012400613632735091,0.0002374204513361653,0.07892470114968696
4.983682836813917,-0.0007192352255085271,0.0002374204513361653,0.07892144455598231
4.984484025549775,-0.0005159382638347948,0.0002374204513361653,0.07891800309061651
4.98528520602544,0.0015074009809825234,0.0002374204513361653,0.07891468077371525
4.986086378261426,0.0011227875023720052,0.0002374204513361653,0.07891147183537985
4.986887542278251,0.001799197621890486,0.0002374204513361653,0.07890837054245406
4.987688698096429,0.0024015558223455663,0.0002374204513361653,0.07890523527713517
4.988489845736476,0.001058137297222983,0.0002374204513361653,0.07890206577440248
4.989290985218907,-0.0008824200284883871,0.0002374204513361653,0.0788988617632967
4.990092116564239,-0.00022458096472861844,0.0002374204513361653,0.07889599763233408
4.990893239792986,-0.00030454675726576674,0.0002374204513361653,0.07889345822842313
4.991694354925664,4.5776019090268405e-05,0.0002374204513361653,0.078890369076963
4.99249546198279,-0.00010624972346234829,0.0002374204513361653,0.07888932457895238
4.993296560984877,-0.00015285509712004153,0.0002374204513361653,0.07889024154810244
4.994097651952442,-0.0002847434894558548,0.0002374204513361653,0.0788887893362901
4.994898734906003,-0.0008767186209886757,0.0002374204513361653,0.0788870297069139
4.995699809866071,-0.001018364661391366,0.0002374204513361653,0.0788849703076657
4.996500876853165,-0.0003615869630360785,0.0002374204513361653,0.0788826187229537
4.997301935887799,-4.587403739025886e-05,0.0002374204513361653,0.07888010056735373
4.99810298699049,-0.00033743017218498816,0.0002374204513361653,0.07887720314114476
4.998904030181751,-0.0009405043707527705,0.0002374204513361653,0.07887415353585445
4.999705065482101,-0.003013832259979629,0.0002374204513361653,0.07887095507286758
5.000506092912052,-0.002961903803753177,0.0002374204513361653,0.0788676110525732
5.001307112492123,-0.0014020235668258108,0.0002374204513361653,0.07886412475436416
5.002108124242827,0.0008007324842599639,0.0002374204513361653,0.07886049943663738
5.002909128184682,0.0007339017630846878,0.0002374204513361653,0.07885673833679455
5.003710124338202,0.0006026326813145244,0.0002374204513361653,0.07885284467124185
5.004511112723902,0.002036197542420057,0.0002374204513361653,0.0788488909328886
5.005312093362299,0.00106867275021795,0.0002374204513361653,0.078844877545805
5.006113066273908,-0.000702937711658691,0.0002374204513361653,0.078840804934824
5.006914031479246,-0.0012613846068736667,0.0002374204513361653,0.07883667352554191
5.007714988998826,-0.00044760240328522993,0.0002374204513361653,0.07883248374431776
5.008515938853165,-0.0009203847991491321,0.0002374204513361653,0.07883081468012491
5.009316881062778,-0.0007995447833035879,0.0002374204513361653,0.07882800171385457
5.010117815648182,-0.000816516614069937,0.0002374204513361653,0.0788246177313405
5.010918742629891,-0.0005953500132444417,0.0002374204513361653,0.07882068372929066
5.011719662028422,-0.0012864594344013658,0.0002374204513361653,0.07881622055682931
5.012520573864289,-0.002331003541559129,0.0002374204513361653,0.07881213049142774
5.0133214781580095,-0.0015064529956669293,0.0002374204513361653,0.07880839909843568
5.014122374930097,0.00067445672314706,0.0002374204513361653,0.0788050120724088
5.0149232642010695,0.0014569593357254135,0.0002374204513361653,0.07880195523710676
5.015724145991441,0.0011021912485516816,0.0002374204513361653,0.07879921454549291
5.016525020321726,0.0018320884601876752,0.0002374204513361653,0.07879677607973243
5.017325887212442,0.0007132671544026192,0.0002374204513361653,0.07879462605119121
5.0181267466841035,-0.001161374414282948,0.0002374204513361653,0.07879195357742277
5.018927598757228,-0.00035874492333962116,0.0002374204513361653,0.0787882630244827
5.01972844345233,0.0005968598481879833,0.0002374204513361653,0.07878389241939875
5.020529280789924,0.00019777965497011496,0.0002374204513361653,0.07877886796622519
5.021330110790527,-0.0015425792826564838,0.0002374204513361653,0.07877451697447492
5.022130933474654,-0.00131686126916368,0.0002374204513361653,0.07877081362527495
5.0229317488628205,-0.0010778549426132267,0.0002374204513361653,0.07876903360613396
5.023732556975541,-0.001146025451494198,0.0002374204513361653,0.07876441014821176
5.024533357833334,-0.0017091828524447295,0.0002374204513361653,0.07875920099461665
5.025334151456713,-0.0009237912082717126,0.0002374204513361653,0.07875459312550091
5.026134937866194,-0.00025273263703240456,0.0002374204513361653,0.0787505638387459
5.026935717082293,0.00045596528910220313,0.0002374204513361653,0.07874825396358905
5.027736489125525,1.3010867191312614e-05,0.0002374204513361653,0.0787463860714767
5.028537254016407,0.0010341033190029159,0.0002374204513361653,0.07874538968912445
5.029338011775452,0.00017200185186377892,0.0002374204513361653,0.07874651482012728
5.030138762423177,-0.0008091826761768423,0.0002374204513361653,0.07874949293838603
5.030939505980099,-0.0007129769672982594,0.0002374204513361653,0.07874939785907106
5.031740242466731,-0.0015081393696179668,0.0002374204513361653,0.07874519867943758
5.0325409719035905,-0.002492824930079768,0.0002374204513361653,0.07873957878063474
5.033341694311192,-0.0017092143526417497,0.0002374204513361653,0.07873260401397307
5.034142409710052,-0.0006829798710277502,0.0002374204513361653,0.07872630216345947
5.034943118120685,-0.000575096843394976,0.0002374204513361653,0.078720660383846
5.035743819563608,-0.0010540828782892447,0.0002374204513361653,0.07871566603836384
5.036544514059336,-0.0005784264020627095,0.0002374204513361653,0.07871130669872214
5.0373452016283835,6.229648263740561e-05,0.0002374204513361653,0.07870757014510564
5.038145882291268,0.0006280171995372424,0.0002374204513361653,0.07870444436617326
5.038946556068504,0.00010485441179310107,0.0002374204513361653,0.07869901260031067
5.039747222980607,-0.0002901661193007027,0.0002374204513361653,0.07869438938629644
5.0405478830480925,-0.000859422925325315,0.0002374204513361653,0.07868523513457074
5.041348536291477,1.3605559001123035e-05,0.0002374204513361653,0.07867679038447513
5.042149182731276,-0.0010105016354351876,0.0002374204513361653,0.07866905893229109
5.042949822388003,-0.002845880559973521,0.0002374204513361653,0.07866983494071077
5.043750455282177,-0.001855303093489205,0.0002374204513361653,0.07866792389411242
5.044551081434312,-0.0007253945927521155,0.0002374204513361653,0.07865597271203195
5.045351700864923,0.00031226562779175515,0.0002374204513361653,0.07864429359449036
5.046152313594525,-0.00018370600506020796,0.0002374204513361653,0.07863291787999635
5.046952919643635,-0.0012337889431900534,0.0002374204513361653,0.07862187702905823
5.047753519032769,-0.0017267692059614592,0.0002374204513361653,0.07861120262418382
5.048554111782441,0.00025887206909379346,0.0002374204513361653,0.07860114346779619
5.049354697913168,0.001109574616435946,0.0002374204513361653,0.07859172277031266
5.050155277445466,0.00046365229145758913,0.0002374204513361653,0.07858206002724066
5.050955850399848,0.0004940437448125723,0.0002374204513361653,0.07856808101283501
5.051756416796832,0.0011692681109931186,0.0002374204513361653,0.07856032844780897
5.052556976656933,0.0011904499470183766,0.0002374204513361653,0.07855310685228993
5.053357530000666,-0.00040860496971978355,0.0002374204513361653,0.0785464327811332
5.054158076848547,-0.0012144604463068531,0.0002374204513361653,0.0785398420837948
5.054958617221093,-0.001710116523856442,0.0002374204513361653,0.07853333294611925
5.055759151138817,-0.00032651710252562527,0.0002374204513361653,0.07852690354041766
5.056559678622236,0.0004372514896884422,0.0002374204513361653,0.0785214203957967
5.057360199691865,0.0005014125453739332,0.0002374204513361653,0.07852014286063635
5.0581607143682215,-0.00044772794539327254,0.0002374204513361653,0.07851408489396443
5.058961222671818,-0.0015060324690296112,0.0002374204513361653,0.07850822972145836
5.059761724623173,-0.0015094041660771301,0.0002374204513361653,0.07850257431139256
5.0605622202428,-0.00036198254809848007,0.0002374204513361653,0.07850009243552374
5.061362709551216,-0.0001023243798029122,0.0002374204513361653,0.07849752545251697
5.062163192568936,-2.560984911824382e-05,0.0002374204513361653,0.0784948727481065
5.062963669316475,-0.00018274568137598146,0.0002374204513361653,0.07849213369346579
5.06376413981435,0.00029047025559346407,0.0002374204513361653,0.07848992001229932
5.064564604083076,-0.00045264974275648073,0.0002374204513361653,0.07848669991194966
5.065365062143168,-0.0005190467774240926,0.0002374204513361653,0.07848243638389191
5.066165514015142,-0.0010761765119394473,0.0002374204513361653,0.07847967630453903
5.066965959719513,-0.0011951502904195832,0.0002374204513361653,0.07847446045576686
5.067766399276798,-0.0009156719921803863,0.0002374204513361653,0.07846538966909915
5.068566832707512,0.0005135278597902804,0.0002374204513361653,0.07845371589178901
5.069367260032171,0.0004169577210073744,0.0002374204513361653,0.07844093846932716
5.070167681271289,-0.00019006572648598563,0.0002374204513361653,0.07842701698182364
5.070968096445382,-0.00029242195666882853,0.0002374204513361653,0.07841191071690648
5.071768505574967,-0.0002973489511022692,0.0002374204513361653,0.07839788394829743
5.07256890868056,-1.1171072874280319e-05,0.0002374204513361653,0.07839192849221605
5.073369305782674,-6.224042944649733e-05,0.0002374204513361653,0.07838580451443626
5.074169696901826,-0.0007617170379468768,0.0002374204513361653,0.07837950041700972
5.074970082058532,-0.0013019576227420865,0.0002374204513361653,0.0783742335564874
5.075770461273308,-0.001625245026301611,0.0002374204513361653,0.07836915081282463
5.0765708345666685,-0.0007626648772557781,0.0002374204513361653,0.07836425388291715
5.077371201959129,-0.0010768129739995996,0.0002374204513361653,0.07835954448196988
5.078171563471205,-0.0009107730356880395,0.0002374204513361653,0.07835502434349752
5.078971919123413,-0.00035297561148935064,0.0002374204513361653,0.07835069521932361
5.07977226893627,-0.0010483056109484856,0.0002374204513361653,0.07834655887958095
5.080572612930287,2.09320276817887e-05,0.0002374204513361653,0.07834399534131438
5.081372951125984,0.0006091349564308068,0.0002374204513361653,0.07834141768658398
5.0821732835438755,-0.0002645329321680212,0.0002374204513361653,0.07833883435612955
5.082973610204476,-0.0013564489292034743,0.0002374204513361653,0.07833583662327878
5.0837739311283014,-0.0006340001264823203,0.0002374204513361653,0.07833568813362161
5.084574246335868,0.00027654659251147296,0.0002374204513361653,0.07833374494795872
5.085374555847691,-0.00022887720812414525,0.0002374204513361653,0.07833004899861817
5.086174859684286,-0.001132054925960746,0.0002374204513361653,0.07832451923084663
5.086975157866169,-0.0008257101998584981,0.0002374204513361653,0.07831909928343134
5.087775450413854,-0.0008005060709939671,0.0002374204513361653,0.07831306080319862
5.088575737347859,-0.001183405513847255,0.0002374204513361653,0.07830639093529204
5.089376018688698,-0.001045770313792646,0.0002374204513361653,0.07829907662689307
5.090176294456888,-0.00013661978405145325,0.0002374204513361653,0.07829248251890518
5.090976564672942,-0.0004414438505152135,0.0002374204513361653,0.07828654047927146
5.091776829357379,-0.0004217629763034053,0.0002374204513361653,0.07827900474283274
5.092577088530711,-0.0012747929942263786,0.0002374204513361653,0.07826989407779732
5.093377342213456,-0.0006574839082672396,0.0002374204513361653,0.07826010422012174
5.09417759042613,-0.0010856130477791825,0.0002374204513361653,0.07824961821866096
5.094977833189246,-0.0018829069825085365,0.0002374204513361653,0.07823841894862177
5.095778070523322,-0.0014964861439795418,0.0002374204513361653,0.07822648911156435
5.096578302448873,-0.0003593476776993093,0.0002374204513361653,0.07821461692174778
5.097378528986415,-0.0003582865262401064,0.0002374204513361653,0.07820400355827806
5.098178750156463,-0.0013670269430979265,0.0002374204513361653,0.0781932365628255
5.098978965979532,-0.0006284784657761555,0.0002374204513361653,0.07818119681576959
5.0997791764761375,0.0005797573586371063,0.0002374204513361653,0.07816788035140754
5.100579381666797,-0.0001884836560564207,0.0002374204513361653,0.07815328292703208
5.101379581572025,9.800662055156617e-05,0.0002374204513361653,0.07813740002293486
5.102179776212336,0.0008133706221229303,0.0002374204513361653,0.07812022684240691
5.102979965608247,-0.00011690487036472574,0.0002374204513361653,0.07810257171949131
5.103780149780274,-0.0003905232849693574,0.0002374204513361653,0.07809350557938739
5.104580328748931,-0.0006800416869797987,0.0002374204513361653,0.07808474456662445
5.105380502534735,-0.0011457774035983082,0.0002374204513361653,0.07807633240170515
5.106180671158199,-0.00021994037973541158,0.0002374204513361653,0.07806913852695153
5.1069808346398435,0.0002682780480489366,0.0002374204513361653,0.07806227399119535
5.107780993000179,0.0003197630863173845,0.0002374204513361653,0.07805654101703022
5.108581146259724,-0.00045481899174372453,0.0002374204513361653,0.07805188349752028
5.109381294438995,-0.0011193444179806306,0.0002374204513361653,0.07804779562647696
5.110181437558504,-0.001525877776611187,0.0002374204513361653,0.07804718145394751
5.110981575638769,-0.0013476105736895394,0.0002374204513361653,0.07804525391306374
5.111781708700305,-7.730490950935698e-05,0.0002374204513361653,0.07804206024886001
5.1125818367636295,-0.0005599131932014639,0.0002374204513361653,0.07803764734420612
5.113381959849255,7.795104374391792e-05,0.0002374204513361653,0.07803153637370913
5.1141820779776985,0.000602884720091651,0.0002374204513361653,0.07802375313863694
5.114982191169475,0.0005114810407216702,0.0002374204513361653,0.07800860343451603
5.115782299445102,0.001030249496426494,0.0002374204513361653,0.07799870918040092
5.116582402825094,0.0006127629836684273,0.0002374204513361653,0.0779893590528148
5.117382501329965,0.0003414651728353979,0.0002374204513361653,0.07798055980078836
5.118182594980234,-0.0006892545550857693,0.0002374204513361653,0.07797231833717487
5.118982683796413,-0.001493284289278321,0.0002374204513361653,0.07796464173864975
5.11978276779902,-0.0014164421454725684,0.0002374204513361653,0.07795753724570983
5.12058284700857,-0.0012511105274917445,0.0002374204513361653,0.07795101226267169
5.121382921445577,-0.000235548136019878,0.0002374204513361653,0.0779447469081225
5.1221829911305585,-0.00012067323376901973,0.0002374204513361653,0.07793873622518997
5.1229830560840295,0.0007615528798809307,0.0002374204513361653,0.0779329753221584
5.123783116326506,0.0002991867528981118,0.0002374204513361653,0.07792506369409252
5.124583171878505,-0.0015860038257670822,0.0002374204513361653,0.07791774168432776
5.125383222760538,-0.0011097992867865475,0.0002374204513361653,0.07791025211338094
5.126183268993124,-0.00017865786000023642,0.0002374204513361653,0.07790442976657874
5.126983310596778,0.00016846733828243532,0.0002374204513361653,0.07789402428092093
5.127783347592015,-0.0007950660779119378,0.0002374204513361653,0.0778844328259828
5.12858337999935,-0.0004995658740535036,0.0002374204513361653,0.07787568942247736
5.129383407839299,0.00032451907150490844,0.0002374204513361653,0.07786782834612829
5.130183431132379,-0.0006886081764694019,0.0002374204513361653,0.07786088412766906
5.130983449899105,-0.0023959240536024218,0.0002374204513361653,0.07785360937285717
5.131783464159991,-0.0026559376452013894,0.0002374204513361653,0.07784598943696147
5.132583473935555,-0.0021591110249530865,0.0002374204513361653,0.07783800954391913
5.133383479246311,-0.001462029796025291,0.0002374204513361653,0.07782965478633687
5.134183480112775,-0.0009057368693686368,0.0002374204513361653,0.07782091012549139
5.134983476555462,-0.0009337683550536408,0.0002374204513361653,0.07780626512573731
5.135783468594889,-0.0004262139351818711,0.0002374204513361653,0.07779609066968941
5.136583456251571,-0.0004687793906462262,0.0002374204513361653,0.07778787972977429
5.1373834395460225,-6.583362950067506e-05,0.0002374204513361653,0.07778165574938288
5.13818341849876,0.0007042655454841396,0.0002374204513361653,0.07777519194741314
5.1389833931303,0.0007284921259167743,0.0002374204513361653,0.07776661958002613
5.139783363461156,0.00010879194844985729,0.0002374204513361653,0.07775594768407702
5.140583329511846,0.0003321330659084576,0.0002374204513361653,0.07774486559933841
5.141383291302883,0.0002532523880457299,0.0002374204513361653,0.0777325666463839
5.142183248854786,-0.0006130866921601197,0.0002374204513361653,0.07771902143645232
5.142983202188066,-0.0007301978565739664,0.0002374204513361653,0.07770528539105008
5.143783151323244,-0.0017843760591642471,0.0002374204513361653,0.07769128536391139
5.14458309628083,-0.003207401666229112,0.0002374204513361653,0.07767595288971113
5.145383037081344,-0.0027410518126195216,0.0002374204513361653,0.0776592543081509
5.1461829737453,-0.0009827952269806511,0.0002374204513361653,0.07764806092696902
5.146982906293213,0.0007903806083582876,0.0002374204513361653,0.07763818772053564
5.147782834745601,0.0008442230342518287,0.0002374204513361653,0.0776296985267187
5.148582759122976,0.0013643253951767936,0.0002374204513361653,0.07762135914210869
5.149382679445855,0.0004767330936596287,0.0002374204513361653,0.07761318394865353
5.150182595734756,0.0005977899958387461,0.0002374204513361653,0.07760195239087189
5.15098250801019,0.0015471801415515712,0.0002374204513361653,0.07759164888500836
5.151782416292677,0.00030258757369616696,0.0002374204513361653,0.07758531832001117
5.152582320602731,0.00038734636861732785,0.0002374204513361653,0.0775796301350601
5.153382220960866,0.0009895623849289353,0.0002374204513361653,0.07757352788766907
5.1541821173876,0.0009034136019341887,0.0002374204513361653,0.07756702732955664
5.1549820099034465,0.0009446661025239861,0.0002374204513361653,0.07756014409336275
5.155781898528923,-0.0004896314888984399,0.0002374204513361653,0.07755289369264946
5.156581783284545,-6.169217947603334e-05,0.0002374204513361653,0.07754491979707515
5.157381664190826,-6.843791539294652e-05,0.0002374204513361653,0.07753362381091067
5.158181541268284,-0.0009255944256656018,0.0002374204513361653,0.07752378220613007
5.158981414537433,-0.0016423233840193313,0.0002374204513361653,0.07751410821372229
5.1597812840187895,-0.0008302426955261039,0.0002374204513361653,0.0775046368857746
5.160581149732868,-0.0008490075058622953,0.0002374204513361653,0.0774940286908014
5.161381011700186,-0.0008677426605128158,0.0002374204513361653,0.07748262025970332
5.162180869941258,-0.0014033689029008117,0.0002374204513361653,0.0774712098242211
5.162980724476599,-0.00038534350199262435,0.0002374204513361653,0.0774615419933828
5.163780575326724,0.001000857408281805,0.0002374204513361653,0.07745363271523047
5.164580422512151,0.0006188110695071747,0.0002374204513361653,0.07744640569290356
5.165380266053395,-0.0004900147174227015,0.0002374204513361653,0.0774398355723447
5.1661801059709695,-0.00037123431837439436,0.0002374204513361653,0.07743256790512369
5.166979942285393,-0.0013790525672771198,0.0002374204513361653,0.07742347311233612
5.16777977501718,-0.0018223618109027978,0.0002374204513361653,0.07741485135049037
5.168579604186845,-0.0016034721974788751,0.0002374204513361653,0.07740615368701377
5.169379429814904,-0.0011399732539591895,0.0002374204513361653,0.07739748963878297
5.170179251921873,-0.00020099381205301858,0.0002374204513361653,0.07738886366429448
5.170979070528268,0.000605692513966638,0.0002374204513361653,0.07738027749729069
5.171778885654604,-0.0003659145606802472,0.0002374204513361653,0.07737173284895354
5.172578697321397,0.0001233884787545242,0.0002374204513361653,0.0773632314079034
5.173378505549161,0.0006378606224900912,0.0002374204513361653,0.07735477484019981
5.174178310358415,0.0003459122018540234,0.0002374204513361653,0.0773463647893416
5.174978111769671,0.00015773424806042602,0.0002374204513361653,0.07733800287626653
5.175777909803447,-5.568998230533195e-05,0.0002374204513361653,0.07732969069935194
5.176577704480258,-0.0004741602604740186,0.0002374204513361653,0.07732105542681944
5.177377495820619,-2.3554973784895017e-05,0.0002374204513361653,0.07731208410279222
5.178177283845046,0.0004452660448404505,0.0002374204513361653,0.07730134895427387
5.178977068574054,0.00044371448095301136,0.0002374204513361653,0.07729235748379984
5.179776850028159,-0.0004368424043032504,0.0002374204513361653,0.07728379984911905
5.180576628227879,-0.0004948237329282096,0.0002374204513361653,0.07727568353150059
5.181376403193725,-0.0008646145861787996,0.0002374204513361653,0.07727072126097757
5.182176174946217,-0.001104248703138369,0.0002374204513361653,0.07726420475389105
5.182975943505866,-4.2059810429762035e-06,0.0002374204513361653,0.07725837063522885
5.183775708893192,0.0005887560964579069,0.0002374204513361653,0.07725249280380421
5.184575471128708,-0.0010293102383090447,0.0002374204513361653,0.07724869409208754
5.185375230232931,-0.001569957995706417,0.0002374204513361653,0.07724197331417325
5.1861749862263755,-0.0006679167613337089,0.0002374204513361653,0.07723524876172759
5.186974739129558,-0.0003885486936681115,0.0002374204513361653,0.07722798937532528
5.187774488962994,-0.00018774401575709365,0.0002374204513361653,0.07722080519352525
5.188574235747197,-0.000936893978800854,0.0002374204513361653,0.07721371385744194
5.189373979502685,-0.00027400245411247914,0.0002374204513361653,0.07720699276781187
5.190173720249974,-0.00017856181432730767,0.0002374204513361653,0.07720062492503388
5.190973458009578,-0.00013883003974399233,0.0002374204513361653,0.07719459339946383
5.191773192802013,-0.0008223098568827386,0.0002374204513361653,0.07718902268914603
5.192572924647795,-0.0012724932131138317,0.0002374204513361653,0.07718390148234665
5.193372653567439,-0.0001770419862423822,0.0002374204513361653,0.07718182447393207
5.194172379581461,0.0002671173958077866,0.0002374204513361653,0.07718165701634867
5.194972102710377,-0.0007812790709978562,0.0002374204513361653,0.07717619241637283
5.195771822974702,-0.0007435907953155518,0.0002374204513361653,0.07717087245461711
5.1965715403949515,-0.0007624850190384308,0.0002374204513361653,0.07716305739415844
5.1973712549916415,-0.0004656088164961131,0.0002374204513361653,0.07715268195532644
5.198170966785288,-0.0010048002195611888,0.0002374204513361653,0.0771440980985668
5.198970675796406,-0.0013443426570691336,0.0002374204513361653,0.07713614912119754
5.19977038204551,-0.0014568256375060012,0.0002374204513361653,0.07712882887728409
5.200570085553117,-0.00040938525445606555,0.0002374204513361653,0.07712213140150173
5.201369786339743,0.00029475409922677387,0.0002374204513361653,0.0771159280923901
5.202169484425903,-0.0003980292268124519,0.0002374204513361653,0.0771102085863193
5.202969179832113,-0.0003459728292634773,0.0002374204513361653,0.0771049626632491
5.203768872578887,-0.00023151937547520596,0.0002374204513361653,0.07710018024672952
5.204568562686742,5.1559322357327964e-05,0.0002374204513361653,0.0770958514038996
5.2053682501761935,-9.808899889275635e-05,0.0002374204513361653,0.07709196634548755
5.206167935067757,0.00045416698695043,0.0002374204513361653,0.07708851542580987
5.206967617381948,0.0006337879465643237,0.0002374204513361653,0.07708548914277093
5.2077672971392825,0.00013690007524654046,0.0002374204513361653,0.07708244104887878
5.208566974360275,0.0009716492887810041,0.0002374204513361653,0.07707756296751406
5.2093666490654424,0.001265021763410687,0.0002374204513361653,0.07707322094382577
5.210166321275301,0.0006011848732195152,0.0002374204513361653,0.07706825459740954
5.2109659910103625,-0.0016098196496620587,0.0002374204513361653,0.07706269252414302
5.211765658291147,-0.00204874003373616,0.0002374204513361653,0.07705656311760953
5.2125653231381675,-0.000716916297904574,0.0002374204513361653,0.07704745477580491
5.21336498557194,-0.0005340462958408065,0.0002374204513361653,0.07703973379939252
5.214164645612981,2.4893545652548976e-05,0.0002374204513361653,0.07703287957758077
5.214964303281805,0.001142816586791398,0.0002374204513361653,0.07702645016906662
5.215763958598929,0.001236488164311128,0.0002374204513361653,0.07702047391313348
5.216563611584868,0.00017014846341657786,0.0002374204513361653,0.0770140624152079
5.217363262260137,-0.0009303437073012177,0.0002374204513361653,0.0770073811861162
5.218162910645251,-0.0005903988763771018,0.0002374204513361653,0.07700041621844161
5.218962556760727,0.0010014843555717357,0.0002374204513361653,0.07699315338432103
5.219762200627081,0.0009065452839879945,0.0002374204513361653,0.0769855784354459
5.220561842264827,0.0009622470411529555,0.0002374204513361653,0.07697767700306207
5.2213614816944816,-4.314205025210405e-06,0.0002374204513361653,0.07696943459797016
5.22216111893656,0.0006026154465691991,0.0002374204513361653,0.07696166571945776
5.222960754011577,0.0006716841896361875,0.0002374204513361653,0.07695562867495682
5.223760386940051,-0.00047583262577050034,0.0002374204513361653,0.07695102202805224
5.224560017742494,-0.0007598997419340087,0.0002374204513361653,0.07694784441037357
5.225359646439425,-0.0012243805897503152,0.0002374204513361653,0.0769432925542212
5.226159273051357,-0.0007906549799287232,0.0002374204513361653,0.07693737097876747
5.226958897598807,0.0002293262040851396,0.0002374204513361653,0.07692873042626569
5.227758520102289,-0.0011612796735259445,0.0002374204513361653,0.07692523757777656
5.228558140582321,-0.00021419144873846552,0.0002374204513361653,0.07692124505933126
5.2293577590594165,-0.0007279003554490349,0.0002374204513361653,0.07691561298090664
5.230157375554092,-0.0004930966995124603,0.0002374204513361653,0.0769094343665564
5.230956990086863,-0.00030780944984463987,0.0002374204513361653,0.07690147925950476
5.231756602678246,-0.0006364304223315798,0.0002374204513361653,0.0768916804722919
5.232556213348754,-0.0005541785678190164,0.0002374204513361653,0.07687997024477623
5.233355822118906,0.0006076380467771453,0.0002374204513361653,0.07686661696876998
5.234155429009215,9.075416672982284e-05,0.0002374204513361653,0.07685177494230255
5.234955034040199,0.0005775133023389056,0.0002374204513361653,0.07683990841612938
5.235754637232371,0.00043542336885410426,0.0002374204513361653,0.07683427892773767
5.2365542386062485,0.00044556524334471437,0.0002374204513361653,0.07682742042477139
5.237353838182345,0.001084525672398376,0.0002374204513361653,0.0768224031281073
5.238153435981178,-7.284756803403736e-05,0.0002374204513361653,0.07682232331765722
5.238953032023262,-0.0003545754752230512,0.0002374204513361653,0.0768248462002509
5.239752626329114,-0.001230681714015136,0.0002374204513361653,0.0768233418009469
5.240552218919249,-0.0006653009988070308,0.0002374204513361653,0.07681608545735785
5.241351809814181,-0.0008334308839720028,0.0002374204513361653,0.07680832426837747
5.242151399034428,-0.0009254628033946583,0.0002374204513361653,0.07680004215431069
5.242950986600503,-0.0006991838892998758,0.0002374204513361653,0.07679122285735535
5.2437505725329245,-0.00016962187887999136,0.0002374204513361653,0.07678184994160246
5.244550156852208,-0.00039349176970819577,0.0002374204513361653,0.07677190679303615
5.245349739578866,-0.0011457819987636675,0.0002374204513361653,0.07676137661953499
5.246149320733417,-0.0002495842916071661,0.0002374204513361653,0.07675024245087118
5.246948900336374,-0.0003876716805218394,0.0002374204513361653,0.07673060219053174
5.247748478408255,5.099250867335314e-06,0.0002374204513361653,0.07671344131936354
5.248548054969574,-0.00028491425618890065,0.0002374204513361653,0.07670663897350162
5.249347630040848,0.0007711221991070355,0.0002374204513361653,0.07670031315858979
5.250147203642592,0.0012096198438960593,0.0002374204513361653,0.0766944675856838
5.250946775795322,0.0007371600062241745,0.0002374204513361653,0.07668910607439743
5.251746346519552,-7.301181058518014e-05,0.0002374204513361653,0.07668423255290335
5.2525459158358,-0.0009403155108232419,0.0002374204513361653,0.07667962527691581
5.25334548376458,-0.001442650251822969,0.0002374204513361653,0.07667592959211675
5.254145050326406,-0.0007236714139597783,0.0002374204513361653,0.07667311514354028
5.254944615541797,0.00023640049233886185,0.0002374204513361653,0.07666901537901621
5.255744179431267,-0.0007116298869851989,0.0002374204513361653,0.07666496713323176
5.256543742015332,-0.0005947494574598811,0.0002374204513361653,0.0766609740222325
5.257343303314507,0.0003641337201867878,0.0002374204513361653,0.0766570396383937
5.258142863349309,0.0006927545309061561,0.0002374204513361653,0.07665316755041893
5.258942422140251,0.0010395907891163625,0.0002374204513361653,0.0766493613033418
5.259741979707851,0.0009090951022915905,0.0002374204513361653,0.07664647903876637
5.260541536072623,0.000322679052211991,0.0002374204513361653,0.07664411521710131
5.261341091255084,-6.0258174472610504e-05,0.0002374204513361653,0.07663701949129914
5.262140645275748,-0.000752491630764851,0.0002374204513361653,0.07663421388272806
5.262940198155133,0.00038124904585011554,0.0002374204513361653,0.0766309117989291
5.263739749913751,0.001655574397936066,0.0002374204513361653,0.07662712064486679
5.264539300572121,0.0014115921058055064,0.0002374204513361653,0.07662223280521033
5.265338850150758,0.000854411034685601,0.0002374204513361653,0.07661929916746868
5.266138398670176,-0.00018161910114897206,0.0002374204513361653,0.07661440658465353
5.266937946150892,-0.0011917945001443664,0.0002374204513361653,0.07660708435010938
5.267737492613421,-0.00106910702015664,0.0002374204513361653,0.07659953073607947
5.268537038078279,-0.0007457289968032799,0.0002374204513361653,0.07659194178208331
5.2693365825659795,-0.0008083609678928155,0.0002374204513361653,0.0765843181216813
5.270136126097041,-0.0007757818706383701,0.0002374204513361653,0.07657397283944863
5.270935668691978,0.0002306296760568871,0.0002374204513361653,0.07656477419870554
5.2717352103713075,0.0011464737109375955,0.0002374204513361653,0.0765582392927696
5.2725347511555425,0.0007369086425721705,0.0002374204513361653,0.07655324284596646
5.273334291065199,0.0007809669321322682,0.0002374204513361653,0.07654830528816348
5.274133830120794,0.0002737882952200815,0.0002374204513361653,0.07654369857545577
5.274933368342842,0.0012353483282120936,0.0002374204513361653,0.07653941261342116
5.275732905751861,0.0009117195035267395,0.0002374204513361653,0.07653543737878236
5.276532442368363,0.0005440192428314838,0.0002374204513361653,0.07653176291940691
5.277331978212866,0.00024918641903666494,0.0002374204513361653,0.0765275130714836
5.278131513305885,0.0004497663835323906,0.0002374204513361653,0.07652359707904763
5.2789310476679345,0.0008189589178837775,0.0002374204513361653,0.07652000420174371
5.279730581319532,0.0013194220412131724,0.0002374204513361653,0.07651630689718307
5.280530114281192,0.00013320211183222297,0.0002374204513361653,0.07651251112065424
5.281329646573431,-0.0006508562358462505,0.0002374204513361653,0.07650862277361481
5.2821291782167625,-0.0007337301959009362,0.0002374204513361653,0.0765046477036915
5.2829287092317045,-0.0012171933467780005,0.0002374204513361653,0.07650059170468071
5.283728239638772,5.8242562211860416e-05,0.0002374204513361653,0.07649750475751706
5.284527769458478,0.0002447532809479458,0.0002374204513361653,0.07649445534676727
5.285327298711343,-0.00027443122803233466,0.0002374204513361653,0.07649230956478403
5.2861268274178785,-0.001451124102925555,0.0002374204513361653,0.07648779966674688
5.2869263555986015,-0.00103633438998961,0.0002374204513361653,0.07648527981621861
5.287725883274028,0.0002833162329603789,0.0002374204513361653,0.07647723008501825
5.288525410464673,0.001047331547371938,0.0002374204513361653,0.07647004139260022
5.2893249371910525,0.0015421756520636182,0.0002374204513361653,0.0764647356003458
5.29012446347368,0.0011021274931313635,0.0002374204513361653,0.07646134919338134
5.290923989333076,0.0019945128032711756,0.0002374204513361653,0.07646326708616664
5.2917235147897514,0.0014766624877436962,0.0002374204513361653,0.07645953093973087
5.292523039864225,-6.128632408458623e-05,0.0002374204513361653,0.07646021186152545
5.293322564577009,0.00024596414489133633,0.0002374204513361653,0.07645699924537548
5.294122088948622,-0.0009670738097409814,0.0002374204513361653,0.07645238444896275
5.294921612999578,-0.0014746019330779542,0.0002374204513361653,0.07644632603191324
5.295721136750393,-0.0018735975018038115,0.0002374204513361653,0.07644104708640756
5.296520660221583,-0.001041941126140547,0.0002374204513361653,0.07643659307039276
5.297320183433663,-0.0001491190644320045,0.0002374204513361653,0.07643209717301089
5.298119706407149,0.00011560521833135773,0.0002374204513361653,0.07642756996957743
5.298919229162556,0.00012199772488372118,0.0002374204513361653,0.0764237727052578
5.299718751720401,-2.0249804565733442e-05,0.0002374204513361653,0.07642068610023399
5.300518274101198,-0.00035898404727309485,0.0002374204513361653,0.07641930324704153
5.301317796325463,-0.0006001322663082842,0.0002374204513361653,0.07641305571262784
5.302117318413714,0.00019751025519200438,0.0002374204513361653,0.07640687188484281
5.302916840386462,-0.00012225885517119783,0.0002374204513361653,0.07640229802853288
5.303716362264226,0.0006318044462441386,0.0002374204513361653,0.0763973339102364
5.304515884067521,4.800551489997362e-05,0.0002374204513361653,0.07639202253023868
5.305315405816861,0.00039314050384242627,0.0002374204513361653,0.07638640680670244
5.306114927532764,-2.6241635323248635e-05,0.0002374204513361653,0.07638052957566831
5.306914449235745,-0.0005622696866499771,0.0002374204513361653,0.0763749556917553
5.3077139709463195,-0.0005886126615830128,0.0002374204513361653,0.07636970711018407
5.308513492685001,-0.0014367421559431937,0.0002374204513361653,0.07636480586777927
5.309313014472306,-0.0014241978318553228,0.0002374204513361653,0.07636027408297033
5.310112536328753,-0.0011093049231864077,0.0002374204513361653,0.07635579739954249
5.310912058274855,-0.0011913237169016572,0.0002374204513361653,0.07635095058232587
5.311711580331129,-0.0005887048127650174,0.0002374204513361653,0.07634485886090639
5.312511102518087,-0.00048369089272763677,0.0002374204513361653,0.07633747270696689
5.313310624856249,-0.00047989505885469297,0.0002374204513361653,0.07632874219628423
5.3141101473661285,-0.0002935447033407812,0.0002374204513361653,0.0763172678682294
5.314909670068243,-0.00043516731271181497,0.0002374204513361653,0.07630677107235329
5.315709192983104,-0.0007928411606103608,0.0002374204513361653,0.07629729622095875
5.3165087161312305,-0.00025391430441649987,0.0002374204513361653,0.07628888807682145
5.317308239533138,-0.00021227691164719953,0.0002374204513361653,0.07628159175318863
5.318107763209341,-0.0006868729972733523,0.0002374204513361653,0.07627545271378072
5.318907287180355,-0.0001116445790442927,0.0002374204513361653,0.07627051677279015
5.3197068114666965,0.0006399949077579986,0.0002374204513361653,0.07626516117392652
5.320506336088881,0.0019527560198731309,0.0002374204513361653,0.07625966717818498
5.321305861067424,0.0018438128719415608,0.0002374204513361653,0.07625402807072457
5.32210538642284,0.0013273328455482847,0.0002374204513361653,0.07624823707421176
5.322904912175646,0.00044146820385650154,0.0002374204513361653,0.07624228734882031
5.323704438346358,-0.0006606474708269888,0.0002374204513361653,0.07623617199223162
5.324503964955489,0.00014349180837565367,0.0002374204513361653,0.07623012808849419
5.325303492023556,0.00027637280843292866,0.0002374204513361653,0.07622650280702824
5.326103019571076,-0.0010197513986145296,0.0002374204513361653,0.07622215703805883
5.326902547618563,-0.00048338806815632906,0.0002374204513361653,0.07621710121585618
5.327702076186534,-0.00029402554357214894,0.0002374204513361653,0.07621134558028672
5.328501605295503,-0.0006228970418041407,0.0002374204513361653,0.07620582410922469
5.329301134965986,-0.001020607134035359,0.0002374204513361653,0.07620363632386543
5.3301006652185,-0.0003404783816936541,0.0002374204513361653,0.07619981690077655
5.330900196073558,-0.0006228582089876228,0.0002374204513361653,0.07619620588106231
5.331699727551677,-0.000540751600055886,0.0002374204513361653,0.0761916121686829
5.332499259673373,0.00021943701628798773,0.0002374204513361653,0.07618726966063724
5.3332987924591615,0.00026184252798658325,0.0002374204513361653,0.07618317033369724
5.334098325929559,0.0011224497832882513,0.0002374204513361653,0.0761793062399071
5.334897860105078,-0.0002907775727760825,0.0002374204513361653,0.07617566950658337
5.335697395006237,-1.8695578629296383e-05,0.0002374204513361653,0.0761722523363146
5.336496930653551,-0.0007034161460948152,0.0002374204513361653,0.07616904700696193
5.337296467067534,-0.0010935401590668609,0.0002374204513361653,0.07617050398385049
5.338096004268704,-0.0006259109024269321,0.0002374204513361653,0.0761672857379923
5.338895542277575,-0.0006608042358395294,0.0002374204513361653,0.07616330450921903
5.339695081114663,-0.0015766312441688468,0.0002374204513361653,0.07615859100858552
5.340494620800484,-0.002126648872169082,0.0002374204513361653,0.07615322035625445
5.341294161355553,-0.001551408888914127,0.0002374204513361653,0.07614716435636758
5.342093702800386,-0.0006565591392587028,0.0002374204513361653,0.07614039460906884
5.342893245155499,1.6493234283598834e-06,0.0002374204513361653,0.07613476092680525
5.343692788441406,-0.00022223921712803685,0.0002374204513361653,0.07613030730457652
5.344492332678624,0.0008494243452913941,0.0002374204513361653,0.07612532992594526
5.345291877887669,-0.00015832233958404385,0.0002374204513361653,0.07612058339165834
5.346091424089055,0.00010386832838903126,0.0002374204513361653,0.07611607464123851
5.346890971303298,-1.2306018092558824e-05,0.0002374204513361653,0.07611068212476074
5.347690519550916,0.0010668046558517802,0.0002374204513361653,0.07610497808488428
5.348490068852421,0.000806598646025225,0.0002374204513361653,0.07609954400366428
5.349289619228331,0.0008223799258225972,0.0002374204513361653,0.07609437440405632
5.350089170699159,0.0012597135338889565,0.0002374204513361653,0.07608946391847068
5.350888723285425,3.143972225456981e-05,0.0002374204513361653,0.07608480728877265
5.351688277007641,-0.0003170872769120564,0.0002374204513361653,0.07607967963903764
5.352487831886323,0.00031652849761680535,0.0002374204513361653,0.07607410448726139
5.353287387941988,0.00030460444558880195,0.0002374204513361653,0.07606810523523536
5.354086945195151,0.0003064661500635363,0.0002374204513361653,0.07606170516854686
5.354886503666328,0.0007621224284633937,0.0002374204513361653,0.07605605719403134
5.355686063376032,-0.000983107635232433,0.0002374204513361653,0.07604802160597098
5.356485624344782,0.00013524221279495596,0.0002374204513361653,0.07604084511349973
5.357285186593093,0.0007862097739306795,0.0002374204513361653,0.07603451598953359
5.358084750141479,-0.000271512761219006,0.0002374204513361653,0.07602902282677161
5.358884315010456,0.0008401113267559879,0.0002374204513361653,0.07602321811199488
5.3596838812205405,0.001082066542970661,0.0002374204513361653,0.07601713616812143
5.360483448792248,0.0003835498041181856,0.0002374204513361653,0.0760108112815557
5.361283017746093,-0.0008049815842633978,0.0002374204513361653,0.0760042777021875
5.3620825881025915,-0.0010293645093859966,0.0002374204513361653,0.07599756964339302
5.362882159882261,-0.0004164873898532262,0.0002374204513361653,0.07599072128203382
5.363681733105615,0.0004307008148943109,0.0002374204513361653,0.07598448009811505
5.364481307793168,-5.199262558459872e-05,0.0002374204513361653,0.07597885189196968
5.365280883965439,-0.00026230314655775744,0.0002374204513361653,0.07597347369559591
5.366080461642942,-0.000651489914631681,0.0002374204513361653,0.07596976407378392
5.366880040846191,-0.001437956272522009,0.0002374204513361653,0.07596584424595183
5.3676796215957046,-0.0011291679446020358,0.0002374204513361653,0.0759612230088613
5.3684792039119955,-0.0007249115521657801,0.0002374204513361653,0.07595513593878374
5.369278787815581,0.00028844463643805385,0.0002374204513361653,0.07594758453980711
5.370078373326978,0.0005468304508002703,0.0002374204513361653,0.07593995236150541
5.370877960466698,0.00023628594649216517,0.0002374204513361653,0.07593349732509672
5.37167754925526,-0.0005646074759518699,0.0002374204513361653,0.07592713722710354
5.37247713971318,0.0015663320890163812,0.0002374204513361653,0.07592082930946085
5.373276731860971,0.0017141623668971429,0.0002374204513361653,0.07591447625227975
5.374076325719149,0.0020100737074351394,0.0002374204513361653,0.07590808441953749
5.374875921308231,0.001097875830103484,0.0002374204513361653,0.07590166016137528
5.375675518648732,0.0002048915420692493,0.0002374204513361653,0.07589520981409854
5.376475117761168,0.00023132400630175576,0.0002374204513361653,0.0758887397001763
5.3772747186660546,-0.0002126094875775364,0.0002374204513361653,0.07588225612824201
5.378074321383906,-0.0007950649026526591,0.0002374204513361653,0.07587576539309254
5.378873925935239,-0.000685550499865531,0.0002374204513361653,0.0758699116647282
5.379673532340569,5.965794704670957e-05,0.0002374204513361653,0.07586467590077257
5.3804731406204125,-0.0007739434389286842,0.0002374204513361653,0.07585886718148134
5.381272750795284,0.0003048832937174034,0.0002374204513361653,0.07585597833277893
5.382072362885699,0.00013149647493337913,0.0002374204513361653,0.07584996743455293
5.382871976912174,0.0009692268438423607,0.0002374204513361653,0.0758436365778622
5.383671592895223,0.0005830154368557938,0.0002374204513361653,0.07583699395109565
5.384471210855364,-0.0006326385346981794,0.0002374204513361653,0.07583034618846676
5.38527083081311,-0.000781654677646279,0.0002374204513361653,0.07582087607421384
5.386070452788978,-0.0010257318806440874,0.0002374204513361653,0.07581326362917493
5.386870076803484,-0.00116254132697316,0.0002374204513361653,0.07580534229454854
5.387669702877142,-0.0007370034653574747,0.0002374204513361653,0.07579709785284243
5.388469331030469,-0.0010459445422698055,0.0002374204513361653,0.07578627746819422
5.389268961283982,-0.0006592802758292327,0.0002374204513361653,0.07578220843576897
5.390068593658193,0.0002492639243951156,0.0002374204513361653,0.07577735639701105
5.39086822817362,-0.0004875614668330558,0.0002374204513361653,0.07577181176370477
5.391667864850778,-0.0007288886593340566,0.0002374204513361653,0.0757650723727598
5.392467503710182,-0.001733762552856219,0.0002374204513361653,0.07576187239895306
5.393267144772348,-0.0007561254720142435,0.0002374204513361653,0.07575663695355637
5.394066788057793,-0.0014823654825912441,0.0002374204513361653,0.0757494186738644
5.394866433587031,-0.0007974947280097733,0.0002374204513361653,0.07574413198614408
5.395666081380577,0.0001014834227062722,0.0002374204513361653,0.07573759381161806
5.3964657314589495,-0.00026117793571808767,0.0002374204513361653,0.07572981306261453
5.39726538384266,-0.0002978391961809407,0.0002374204513361653,0.0757181007498507
5.398065038552229,0.00027389225730442557,0.0002374204513361653,0.07570391176258649
5.398864695608167,0.0011396634188198806,0.0002374204513361653,0.07569453813478758
5.3996643550309935,0.00081273709645939,0.0002374204513361653,0.07568562648095063
5.400464016841222,0.0007271014384482022,0.0002374204513361653,0.07567719269582016
5.401263681059368,-0.0007611275558761788,0.0002374204513361653,0.07566925281787588
5.402063347705949,-0.0011768801541231777,0.0002374204513361653,0.0756618230293332
5.402863016801479,-0.0007007051625361749,0.0002374204513361653,0.0756540949749084
5.403662688366475,-0.0008367704824279038,0.0002374204513361653,0.07564605316006223
5.40446236242145,-0.0010574866851209147,0.0002374204513361653,0.0756376819852272
5.405262038986922,-0.00017939614056292075,0.0002374204513361653,0.07562896574580767
5.406061718083406,-9.246151232300548e-05,0.0002374204513361653,0.07561988863217918
5.406861399731417,0.0003436737607283996,0.0002374204513361653,0.0756104347296883
5.407661083951471,0.000902758154798261,0.0002374204513361653,0.0756005880186525
5.408460770764084,0.0007920479657839152,0.0002374204513361653,0.07559033237435916
5.4092604601897705,4.084418503171039e-05,0.0002374204513361653,0.07558184170097498
5.410060152249048,0.0005081905435955214,0.0002374204513361653,0.07557306316620349
5.410859846962429,0.0003446430272311951,0.0002374204513361653,0.07556119340156726
5.4116595443504325,-0.0005082456418651904,0.0002374204513361653,0.07554924461307432
5.412459244433573,0.0007528975062946336,0.0002374204513361653,0.07553903430772654
5.413258947232365,0.0009063283024926261,0.0002374204513361653,0.07552831370829242
5.4140586527673245,0.0007847660769459697,0.0002374204513361653,0.07551825160973467
5.414858361058968,0.0010411936284543816,0.0002374204513361653,0.07550887357973726
5.41565807212781,0.0008191960700463102,0.0002374204513361653,0.07550020540378435
5.416457785994367,-3.337685210148822e-05,0.0002374204513361653,0.07549227308516096
5.4172575026791545,-2.888028834051315e-05,0.0002374204513361653,0.07548413276960583
5.4180572222026875,0.0003694465738451891,0.0002374204513361653,0.07547577329593047
5.418856944585481,0.00024462784893371226,0.0002374204513361653,0.07546769562509735
5.4196566698480515,0.0007548159205092442,0.0002374204513361653,0.07545990500328648
5.420456398010916,0.0009797893398854202,0.0002374204513361653,0.07545240675684953
5.421256129094588,0.00178205624666615,0.0002374204513361653,0.07544656012762609
5.422055863119584,0.0018081173393806188,0.0002374204513361653,0.07544230281687597
5.422855600106419,0.002078055828982378,0.0002374204513361653,0.07543794555050237
5.42365534007561,0.0008054324933266521,0.0002374204513361653,0.07543561268039141
5.42445508304767,0.0005235690271962745,0.0002374204513361653,0.07543226830620871
5.4252548290431175,0.00028637289741745287,0.0002374204513361653,0.07542826660867175
5.426054578082466,-0.0004477087725403145,0.0002374204513361653,0.07542363177133717
5.426854330186233,-0.000896885964230168,0.0002374204513361653,0.07541939952488641
5.427654085374932,5.70515853993564e-05,0.0002374204513361653,0.07541352977806061
5.42845384366908,0.0003960231462519226,0.0002374204513361653,0.07540514025856493
5.429253605089191,0.00017498181228313425,0.0002374204513361653,0.07539577685427844
5.430053369655783,-0.0005776248246082277,0.0002374204513361653,0.0753868173794384
5.430853137389371,-0.0010269014719871683,0.0002374204513361653,0.07537830735608687
5.43165290831047,-0.0009535998243449251,0.0002374204513361653,0.0753730198495666
5.432452682439593,0.00019015897353756583,0.0002374204513361653,0.0753649750868835
5.43325245979726,0.0007663486398578334,0.0002374204513361653,0.07535768329005525
5.434052240403986,-0.00043905312456003764,0.0002374204513361653,0.07535009489162355
5.434852024280284,-0.0003483722183817983,0.0002374204513361653,0.0753422303308303
5.435651811446672,-0.00018500607262246505,0.0002374204513361653,0.07533410994543344
5.436451601923663,6.34206282609101e-05,0.0002374204513361653,0.07532701043378605
5.437251395731775,-0.00029621521441097753,0.0002374204513361653,0.07532055188803861
5.438051192891523,-0.0008265687040315689,0.0002374204513361653,0.0753146913113532
5.438850993423421,-0.0016373543695740178,0.0002374204513361653,0.07530938589356653
5.439650797347988,-0.000859323563764447,0.0002374204513361653,0.07530215538867281
5.440450604685736,0.00019519744954293872,0.0002374204513361653,0.07530000711551907
5.4412504154571835,0.001304154748470121,0.0002374204513361653,0.0753003513744375
5.4420502296828435,0.0006649947588617255,0.0002374204513361653,0.07529085015869093
5.442850047383235,-0.00033784491915918313,0.0002374204513361653,0.0752757467558615
5.44364986857887,-0.00047422230877566807,0.0002374204513361653,0.07526173747981722
5.444449693290266,-0.00027604915779784467,0.0002374204513361653,0.0752527015468459
5.445249521537937,0.0003974957850254174,0.0002374204513361653,0.07524359115930371
5.4460493533424,0.0005412153983805207,0.0002374204513361653,0.075234419077365
5.446849188724172,0.00035985843711143495,0.0002374204513361653,0.07522519802332005
5.447649027703765,0.0004433962608488967,0.0002374204513361653,0.07521594068157449
5.448448870301698,0.00021836050184710631,0.0002374204513361653,0.0752066596986494
5.449248716538485,-0.0007051821813810338,0.0002374204513361653,0.07519736768318083
5.450048566434641,-0.0003309708875938594,0.0002374204513361653,0.07518807720591983
5.450848420010683,-0.0001624598884594486,0.0002374204513361653,0.07517882634790922
5.451648277287126,0.0005568594816195843,0.0002374204513361653,0.07516960891784907
5.4524481382844865,-0.0008553237869658448,0.0002374204513361653,0.07516041869719758
5.453248003023278,-0.00018048275170173822,0.0002374204513361653,0.07515117812387304
5.454047871524017,0.0009855390048292417,0.0002374204513361653,0.07514248222137737
5.45484774380722,0.0003481189435781129,0.0002374204513361653,0.07513430375261594
5.455647619893402,0.0003998088823721768,0.0002374204513361653,0.07512721409033797
5.456447499803078,0.0001859576691825987,0.0002374204513361653,0.07511971653431244
5.457247383556765,0.0010908034698335761,0.0002374204513361653,0.07511027041894407
5.458047271174977,0.0002599346402427094,0.0002374204513361653,0.07509966032272318
5.4588471626782304,-0.0001758405032569188,0.0002374204513361653,0.0750900922550443
5.459647058087042,-0.0010524611991752642,0.0002374204513361653,0.0750803028967087
5.460446957421925,0.0004205589098293938,0.0002374204513361653,0.07507087922237213
5.461246860703397,0.0002130122342761942,0.0002374204513361653,0.07506181709108954
5.462046767951972,0.000718889929785041,0.0002374204513361653,0.07505311244452846
5.462846679188167,0.0004290558855600396,0.0002374204513361653,0.0750447613069694
5.463646594432496,0.0006435171656869326,0.0002374204513361653,0.07503494652680662
5.464446513705476,0.0008340443837614869,0.0002374204513361653,0.07502385170955332
5.465246437027622,0.0009082257607371524,0.0002374204513361653,0.07501323058911889
5.466046364419451,0.0006082769821613848,0.0002374204513361653,0.07500310029034622
5.466846295901476,-0.00025349285464240645,0.0002374204513361653,0.07499384521871642
5.467646231494214,-0.0009079947529903321,0.0002374204513361653,0.07498546820113355
5.468446171218182,-0.0009925368499567183,0.0002374204513361653,0.07497539171515467
5.469246115093894,-0.0009979606981040806,0.0002374204513361653,0.0749635190579689
5.470046063141864,-2.7976025164008766e-05,0.0002374204513361653,0.07495373819568257
5.470846015382611,0.00033628740614739805,0.0002374204513361653,0.07494666971813982
5.471645971836648,0.00014014659304639743,0.0002374204513361653,0.07494430950790777
5.472445932524491,-0.0005291235234976127,0.0002374204513361653,0.07493651127018533
5.473245897466657,-0.0006061644942189498,0.0002374204513361653,0.07492764971817542
5.474045866683661,0.000346709501593892,0.0002374204513361653,0.07491954487344873
5.474845840196019,-0.0001121791090794716,0.0002374204513361653,0.07491142483054956
5.475645818024244,-7.898529579264402e-05,0.0002374204513361653,0.07490329641189324
5.476445800188856,-8.3677751316652e-05,0.0002374204513361653,0.07489516640896962
5.477245786710366,0.001751699517357777,0.0002374204513361653,0.07488704158234265
5.478045777609293,0.0031116849831596266,0.0002374204513361653,0.07487864653937017
5.47884577290615,0.0026263122888833673,0.0002374204513361653,0.07486997704316696
5.479645772621455,0.002193733127209288,0.0002374204513361653,0.07486102874079308
5.480445776775723,0.0006238336956930213,0.0002374204513361653,0.0748517971632529
5.4812457853894685,-0.0006244880384673746,0.0002374204513361653,0.07484388549387806
5.482045798483208,-0.0005124579927008877,0.0002374204513361653,0.07483637584716
5.482845816077457,-0.0010015324127940067,0.0002374204513361653,0.07482923511479575
5.483645838192731,-0.00048660141954323666,0.0002374204513361653,0.07482286384068991
5.484445864849545,0.0001133348831312414,0.0002374204513361653,0.07481724592128566
5.485245896068415,0.0008203577618176722,0.0002374204513361653,0.07481236548352442
5.4860459318698584,0.00012686615341869767,0.0002374204513361653,0.07480700403112947
5.486845972274388,-0.00019012743781118835,0.0002374204513361653,0.07480119387350526
5.48764601730252,0.0003788887595079643,0.0002374204513361653,0.07479388116694974
5.488446066974771,0.0005550866534111687,0.0002374204513361653,0.07478449674406103
5.4892461213116555,0.0007584229996811104,0.0002374204513361653,0.07477364998756363
5.4900461803336915,-0.00040201420617037853,0.0002374204513361653,0.07477026667617657
5.490846244061391,-0.0011586399220342714,0.0002374204513361653,0.07476431497441147
5.4916463125152735,8.847570852227316e-05,0.0002374204513361653,0.07475995921648729
5.4924463857158505,0.0005402704886068588,0.0002374204513361653,0.0747555019425633
5.493246463683641,-0.00041644809885386935,0.0002374204513361653,0.07475000124504995
5.494046546439159,-0.0009764317017259133,0.0002374204513361653,0.0747434629262851
5.494846634002919,-9.158515655272037e-05,0.0002374204513361653,0.07473034753019665
5.4956467263954405,-0.00040176140938957827,0.0002374204513361653,0.07472232538473929
5.496446823637235,-0.0007817157046264844,0.0002374204513361653,0.07470941242097477
5.49724692574882,-0.0006309067609902852,0.0002374204513361653,0.07469993860129343
5.498047032750709,0.00022044278769921266,0.0002374204513361653,0.07469177205497345
5.498847144663422,-0.00032760582796380333,0.0002374204513361653,0.07468350803888218
5.499647261507471,-0.00023580741162429475,0.0002374204513361653,0.07467516818014007
5.500447383303372,0.0006581318382393314,0.0002374204513361653,0.07466677405541261
5.501247510071642,0.0022891945959268856,0.0002374204513361653,0.07465895649623387
5.502047641832794,0.0016495322208909674,0.0002374204513361653,0.07465171280535662
5.5028477786073475,0.003056405093505951,0.0002374204513361653,0.07464425969704841
5.5036479204158155,0.002495626089764419,0.0002374204513361653,0.07463656449183391
5.504448067278712,0.0012172867383900277,0.0002374204513361653,0.07462627018841367
5.505248219216557,0.0004556481806753804,0.0002374204513361653,0.07461863374945275
5.506048376249863,0.000287461248391796,0.0002374204513361653,0.0746125171197738
5.506848538399146,0.00011779059331432085,0.0002374204513361653,0.07460570664704094
5.507648705684923,6.51349037876503e-05,0.0002374204513361653,0.07459889770150488
5.508448878127708,0.00050880091939845,0.0002374204513361653,0.0745921403228339
5.509249055748017,-0.00011641836932818617,0.0002374204513361653,0.07458548458332281
5.510049238566365,-0.00035931101305414215,0.0002374204513361653,0.07457898058789365
5.5108494266032695,-0.0007419074078728743,0.0002374204513361653,0.07457213549133226
5.511649619879244,-0.0007861860323131464,0.0002374204513361653,0.07456497841619768
5.512449818414806,-0.0003498307271609796,0.0002374204513361653,0.07455882975913619
5.51325002223047,-2.1404398678856462e-05,0.0002374204513361653,0.07455366714670437
5.514050231346751,-0.0003369198457624928,0.0002374204513361653,0.07454892549249001
5.514850445784165,0.000600874609151425,0.0002374204513361653,0.07454497118287438
5.51565066556323,-4.220597237077073e-05,0.0002374204513361653,0.07454177731715066
5.5164508907044585,0.0001491199927924347,0.0002374204513361653,0.07453931722765952
5.517251121228367,0.001180571441544348,0.0002374204513361653,0.0745318776942602
5.518051357155471,0.0008735915501889846,0.0002374204513361653,0.07452467778232143
5.518851598506286,2.2638498078916824e-05,0.0002374204513361653,0.0745177162083104
5.519651845301328,-0.00036272734695587394,0.0002374204513361653,0.07451179394400849
5.5204520975611135,0.000157549356481268,0.0002374204513361653,0.07450687792740704
5.5212523553061565,0.0007341491217242729,0.0002374204513361653,0.07450293537186313
5.522052618556973,0.0006511440786183265,0.0002374204513361653,0.07449993376610176
5.5228528873340785,0.000730902420380708,0.0002374204513361653,0.0744978408742171
5.5236531616579905,-0.0009598446367522495,0.0002374204513361653,0.07449588408204973
5.5244534415492215,-0.0009601552972871297,0.0002374204513361653,0.07449625435668178
5.525253727028289,-0.0013206728938493922,0.0002374204513361653,0.07448909594279883
5.526054018115709,-0.0011695865076618711,0.0002374204513361653,0.0744826531245455
5.526854314831996,-0.000247210667212977,0.0002374204513361653,0.07447690728070207
5.5276546171976655,-0.000979453768503169,0.0002374204513361653,0.07447183994994776
5.528454925233234,-0.0011879434789918847,0.0002374204513361653,0.07446717902096696
5.529255238959216,-0.0010525765345882204,0.0002374204513361653,0.07445953956805214
5.530055558396128,0.00012488795816151255,0.0002374204513361653,0.07445198379387463
5.530855883564485,0.0016986131995252451,0.0002374204513361653,0.07444454530591159
5.531656214484804,0.0012102351090335917,0.0002374204513361653,0.07443725772206997
5.5324565511775985,-0.00034429427689716685,0.0002374204513361653,0.0744327264166303
5.533256893663387,-0.0012988149763766138,0.0002374204513361653,0.07442588820838032
5.53405724196268,-0.0006522763811780824,0.0002374204513361653,0.07441977864959454
5.534857596095998,0.00026655428091969247,0.0002374204513361653,0.07441497578122501
5.535657956083855,0.0002682796720704511,0.0002374204513361653,0.07441207085240087
5.536458321946768,0.00042227190280974547,0.0002374204513361653,0.07440618138675777
5.537258693705248,0.0013274397802008897,0.0002374204513361653,0.07439946404935302
5.5380590713798155,0.0009123783194541768,0.0002374204513361653,0.07439193687600873
5.538859454990986,0.0007499897542088407,0.0002374204513361653,0.0743836176207209
5.53965984455927,-0.00014760151689478807,0.0002374204513361653,0.07437555183839026
5.540460240105189,-0.0009453415637938611,0.0002374204513361653,0.07436771593343167
5.541260641649254,-0.0010160348745407444,0.0002374204513361653,0.0743554499306247
5.542061049211984,-0.0014394417251795827,0.0002374204513361653,0.07434989698917614
5.542861462813893,-0.00193370612467679,0.0002374204513361653,0.07434301354353788
5.543661882475497,-0.0012277161401692688,0.0002374204513361653,0.07433739512729284
5.544462308217312,0.0002240869061285733,0.0002374204513361653,0.07433225713229306
5.5452627400598535,0.0007515643305365527,0.0002374204513361653,0.07432758236491199
5.546063178023637,-0.00020532912396205305,0.0002374204513361653,0.07432335375082962
5.546863622129176,0.000729295752437048,0.0002374204513361653,0.07431955433503325
5.547664072396988,0.0011087946584680125,0.0002374204513361653,0.07431616728181908
5.54846452884759,0.0012208181192048945,0.0002374204513361653,0.07431315722796039
5.549264991501495,0.0008814029757009956,0.0002374204513361653,0.07430659020051239
5.550065460379221,0.0013595959699683885,0.0002374204513361653,0.07430007112951517
5.550865935501281,0.0013470168561184742,0.0002374204513361653,0.07429360112358842
5.5516664168881915,0.002282526654532574,0.0002374204513361653,0.07428654800516168
5.55246690456047,0.002911918252259893,0.0002374204513361653,0.07427929652631657
5.5532673985386305,0.0012499358158397367,0.0002374204513361653,0.07427183879694274
5.554067898843188,-0.0002642667850211722,0.0002374204513361653,0.07426416683059026
5.554868405494659,-4.8305886778288176e-05,0.0002374204513361653,0.07425627254446912
5.555668918513558,0.0011870426533616002,0.0002374204513361653,0.07424889627307416
5.556469437920403,0.001147569653649233,0.0002374204513361653,0.07424205875660889
5.557269963735707,-0.0006487108708619765,0.0002374204513361653,0.07423578086486625
5.5580704959799885,-0.0005992859615408935,0.0002374204513361653,0.07423008359722817
5.558871034673759,-0.00039815671853465906,0.0002374204513361653,0.07422381315996958
5.559671579837538,0.00035771110905991055,0.0002374204513361653,0.07421901622772048
5.560472131491839,0.0012864000199503955,0.0002374204513361653,0.0742143947176387
5.561272689657178,0.00031793770739831084,0.0002374204513361653,0.07420718720080008
5.562073254354071,-0.00012713958761373378,0.0002374204513361653,0.07419871445641213
5.562873825603033,0.000361813220244131,0.0002374204513361653,0.07419015536421722
5.563674403424579,0.001193975074981507,0.0002374204513361653,0.0741828248579799
5.564474987839227,-0.0003149277334469902,0.0002374204513361653,0.07417671483383774
5.565275578867491,0.0008961326678838116,0.0002374204513361653,0.07417181754583164
5.5660761765298865,0.00155891069881961,0.0002374204513361653,0.0741677753275473
5.566876780846929,0.0018679028176219331,0.0002374204513361653,0.07416341555824622
5.567677391839134,0.0010318767884382046,0.0002374204513361653,0.07415727925481229
5.568478009527018,0.0016576631512413426,0.0002374204513361653,0.07415106804940573
5.569278633931097,0.0015784386250896898,0.0002374204513361653,0.07414477166870438
5.570079265071884,0.0009363305174009545,0.0002374204513361653,0.07413689601572687
5.570879902969898,0.0007188453420043095,0.0002374204513361653,0.07412855631269878
5.571680547645651,0.0007926298335986653,0.0002374204513361653,0.0741201937999528
5.572481199119662,-0.0005464655228619164,0.0002374204513361653,0.07411257004882968
5.573281857412444,-0.0013193582035989776,0.0002374204513361653,0.07410570997571267
5.574082522544515,-0.0003969101501498651,0.0002374204513361653,0.07409963870643724
5.574883194536388,-0.00019657225258620792,0.0002374204513361653,0.07409438157629285
5.575683873408581,-0.0003031877324275456,0.0002374204513361653,0.07408878623596772
5.5764845591816075,0.0016418931959940875,0.0002374204513361653,0.07408341951725754
5.577285251875985,0.0029841574841407703,0.0002374204513361653,0.07407828411211732
5.578085951512228,0.002535173015473152,0.0002374204513361653,0.0740733827435119
5.578886658110851,0.0007353888262216224,0.0002374204513361653,0.07407050346980996
5.579687371692373,0.0004939807352101339,0.0002374204513361653,0.07406868240594909
5.580488092277307,7.063939643593697e-05,0.0002374204513361653,0.07406572715314322
5.581288819886168,0.0007776364270099256,0.0002374204513361653,0.07406233548155218
5.582089554539473,0.0009682313758603844,0.0002374204513361653,0.07405833927525757
5.582890296257737,0.0025012961379195092,0.0002374204513361653,0.07405408073499554
5.583691045061477,0.002278506345342393,0.0002374204513361653,0.07404953127377198
5.584491800971207,0.002233546917922477,0.0002374204513361653,0.07404588112273934
5.5852925640074425,0.0007383937837310561,0.0002374204513361653,0.07403954512178064
5.586093334190701,0.00039668226724887123,0.0002374204513361653,0.07403642950445355
5.586894111541495,-0.0007388625456429265,0.0002374204513361653,0.07403575652008272
5.587694896080343,0.00012437374507565102,0.0002374204513361653,0.07403392599561534
5.58849568782776,3.9699007291615906e-05,0.0002374204513361653,0.07403069706649264
5.589296486804261,0.00015513468334346636,0.0002374204513361653,0.07402727567116983
5.59009729303036,0.00023116258820410351,0.0002374204513361653,0.07402367299036824
5.590898106526576,-0.0002061250279764837,0.0002374204513361653,0.07402104882672736
5.591698927313422,-0.001065208323860839,0.0002374204513361653,0.07401936857031544
5.592499755411414,-1.8965229769268843e-05,0.0002374204513361653,0.07401859786090725
5.5933005908410705,0.001073362547050899,0.0002374204513361653,0.07401684424289338
5.594101433622902,0.0013909351180418639,0.0002374204513361653,0.07401806254648263
5.5949022837774285,0.0010270990671969599,0.0002374204513361653,0.07401743028344264
5.595703141325163,0.0013622571237053988,0.0002374204513361653,0.07401775858439726
5.596504006286622,0.0010614907604334783,0.0002374204513361653,0.07401595992546318
5.597304878682322,0.00035095975834516235,0.0002374204513361653,0.07401462597076924
5.598105758532776,0.0005229911271883297,0.0002374204513361653,0.07401063446614504
5.598906645858503,-0.00019639056360010176,0.0002374204513361653,0.07400445725172101
5.599707540680016,-0.00037325069898445917,0.0002374204513361653,0.07399920861927431
5.600508443017832,0.0009681288329002197,0.0002374204513361653,0.07399493447920516
5.601309352892465,0.003161297131590371,0.0002374204513361653,0.07399166889580656
5.602110270324433,0.0031516171616403493,0.0002374204513361653,0.07398844772360122
5.602911195334249,0.0025989835881225637,0.0002374204513361653,0.07398527308869231
5.603712127942431,0.001231942406076228,0.0002374204513361653,0.0739821470741162
5.604513068169493,-1.900294914128353e-05,0.0002374204513361653,0.0739790717198414
5.605314016035951,-0.0003828476896572258,0.0002374204513361653,0.07397604902276896
5.60611497156232,5.8545650363728274e-05,0.0002374204513361653,0.07397389192745865
5.606915934769118,0.00017414473411059284,0.0002374204513361653,0.07397257017290221
5.607716905676858,-0.0007404064070958977,0.0002374204513361653,0.0739720537090355
5.608517884306056,-0.0008669374359450144,0.0002374204513361653,0.07397231269673919
5.609318870677228,-8.638374316870256e-05,0.0002374204513361653,0.0739733175078419
5.610119864810891,0.0009045828323432231,0.0002374204513361653,0.0739750387251216
5.610920866727557,0.0009345526290173295,0.0002374204513361653,0.07397744714230789
5.611721876447747,0.00016313262913231208,0.0002374204513361653,0.07398051376408384
5.612522893991971,0.00031348705451428316,0.0002374204513361653,0.07398625690045624
5.613323919380748,0.0009874209861928107,0.0002374204513361653,0.07398261267309078
5.614124952634593,0.001756382455683561,0.0002374204513361653,0.07397857417205611
5.614925993774021,0.001498715816786761,0.0002374204513361653,0.07397702403128435
5.615727042819548,0.001191630108695635,0.0002374204513361653,0.07397549593346289
5.6165280997916875,0.0018977625731022435,0.0002374204513361653,0.07397399624871238
5.61732916471096,0.00028564854947153717,0.0002374204513361653,0.07397246836013308
5.618130237597876,-0.0010847811824317571,0.0002374204513361653,0.07397091612731233
5.618931318472955,-0.0002274952276163228,0.0002374204513361653,0.07396934335577333
5.61973240735671,0.001378276590473515,0.0002374204513361653,0.07396756322434173
5.620533504269656,2.4930309870732636e-05,0.0002374204513361653,0.0739659838850923
5.621334609232313,0.00027720394622109124,0.0002374204513361653,0.07396460073702385
5.622135722265191,0.0007987150740187826,0.0002374204513361653,0.07396340918968682
5.62293684338881,0.0003776952724653393,0.0002374204513361653,0.07396236096456327
5.623737972623684,0.00039272481494405376,0.0002374204513361653,0.07396144979826343
5.6245391099903275,-0.0010161249012618084,0.0002374204513361653,0.07396066942475622
5.625340255509257,-0.0010391099271657295,0.0002374204513361653,0.07395841901863415
5.626141409200988,-0.0014408107142939025,0.0002374204513361653,0.07395463049300645
5.626942571086038,-0.00014935659379955446,0.0002374204513361653,0.07395092785205197
5.6277437411849185,0.0008657172015850423,0.0002374204513361653,0.07394510175547202
5.628544919518149,0.0010678800863773708,0.0002374204513361653,0.07394013649340431
5.629346106106243,0.0006720675205096338,0.0002374204513361653,0.07393573180326875
5.630147300969717,-0.0004893280767110098,0.0002374204513361653,0.07393190475871607
5.630948504129086,0.00010838318995087803,0.0002374204513361653,0.07392685617681281
5.631749715604865,6.864798485818613e-05,0.0002374204513361653,0.07392181513297486
5.632550935417572,0.00031425028673565114,0.0002374204513361653,0.07391849814155152
5.633352163587721,-0.00021027509803502042,0.0002374204513361653,0.07391696787806187
5.634153400135826,-0.0005891029466961184,0.0002374204513361653,0.07391595512283676
5.634954645082406,-8.837990442295274e-06,0.0002374204513361653,0.0739154719552544
5.635755898447974,-6.710900148652887e-05,0.0002374204513361653,0.07390940800143779
5.636557160253046,-0.0007738433871199574,0.0002374204513361653,0.0739071467752315
5.637358430518139,-0.0009346778662540633,0.0002374204513361653,0.07390538688778227
5.6381597092637685,6.978340549201878e-05,0.0002374204513361653,0.07390481445883243
5.6389609965104475,0.0006480250669474996,0.0002374204513361653,0.07390503878820287
5.639762292278695,0.0011167121459983442,0.0002374204513361653,0.07390568634246944
5.640563596589024,0.002291993574653553,0.0002374204513361653,0.0739054676007233
5.64136490946195,0.0018712367996281537,0.0002374204513361653,0.07390434921350392
5.642166230917991,0.000581662964996385,0.0002374204513361653,0.07390229755000434
5.64296756097766,-0.000317896429250078,0.0002374204513361653,0.07389927869806849
5.643768899661476,-0.0006963174104581416,0.0002374204513361653,0.07389536634375389
5.644570246989951,0.0005093573990447159,0.0002374204513361653,0.07388888867235587
5.645371602983602,0.001164213241955439,0.0002374204513361653,0.07387930945776086
5.646172967662945,0.0003910007375278052,0.0002374204513361653,0.07387371540808683
5.6469743410484945,0.0005060463226673195,0.0002374204513361653,0.07387007922359053
5.647775723160768,0.001337973197315906,0.0002374204513361653,0.07386847526726378
5.648577114020279,3.215706529550999e-05,0.0002374204513361653,0.07386715232388226
5.6493785136475445,-0.0007636684307504721,0.0002374204513361653,0.07386611522946131
5.65017992206308,-0.0008349955758511773,0.0002374204513361653,0.0738653689038446
5.650981339287401,-0.00022814604791041027,0.0002374204513361653,0.07386574063265527
5.6517827653410215,7.65476018604605e-05,0.0002374204513361653,0.07386497901271892
5.652584200244458,0.0004579989065914558,0.0002374204513361653,0.07386481045322893
5.653385644018229,0.0011631699299009812,0.0002374204513361653,0.07386522956143325
5.654187096682845,0.0034096407914096655,0.0002374204513361653,0.07386811216431916
5.654988558258827,0.004786611978790337,0.0002374204513361653,0.07386793004620076
5.6557900287666865,0.0037115646847309947,0.0002374204513361653,0.07386914262513324
5.65659150822694,0.0037036317306557848,0.0002374204513361653,0.07387037648700515
5.657392996660104,0.002131279610109227,0.0002374204513361653,0.07387232597134098
5.658194494086693,0.00047953344827932065,0.0002374204513361653,0.07387323811285576
5.658996000527225,-2.3682629301746694e-05,0.0002374204513361653,0.07387345348587285
5.659797516002212,0.0001982790536355361,0.0002374204513361653,0.07387232985754504
5.660599040532172,-0.00015633381941183855,0.0002374204513361653,0.07387132689548757
5.6614005741376205,-0.0005089703101327225,0.0002374204513361653,0.07387136491609686
5.6622021168390715,-0.0006553416649060922,0.0002374204513361653,0.07387169276264392
5.663003668657043,0.0007723489817894474,0.0002374204513361653,0.07387232869511998
5.6638052296120485,0.0006033002882435412,0.0002374204513361653,0.0738732910637973
5.664606799724605,0.00030981427025865427,0.0002374204513361653,0.0738740071061944
5.6654083790152265,0.0007703399572787373,0.0002374204513361653,0.07387447243346454
5.6662099675044315,0.0001645728229163479,0.0002374204513361653,0.07387468256851766
5.667011565212732,-0.0004882862258417386,0.0002374204513361653,0.07387463294601879
5.667813172160646,-0.000546953442114459,0.0002374204513361653,0.07387528034383976
5.668614788368688,-0.0004010960982140793,0.0002374204513361653,0.07387589364053095
5.669416413857375,-0.00012153239469672728,0.0002374204513361653,0.07387647596382522
5.670218048647222,8.563213694630367e-05,0.0002374204513361653,0.0738773250516474
5.671019692758742,0.0003211453848226131,0.0002374204513361653,0.07387805045320288
5.671821346212455,0.0008444709986127757,0.0002374204513361653,0.07387862880966004
5.672623009028873,0.0008433126692613119,0.0002374204513361653,0.07387903671072558
5.673424681228515,0.0006337753470873897,0.0002374204513361653,0.07387925069464268
5.6742263628318925,0.0010416588866315052,0.0002374204513361653,0.07387924724819073
5.675028053859524,0.0009313547670041639,0.0002374204513361653,0.07387927067479468
5.675829754331924,0.0008596341142538405,0.0002374204513361653,0.0738750906630845
5.676631464269609,0.0014328777954363409,0.0002374204513361653,0.07387505229803963
5.677433183693093,0.0015791627903749689,0.0002374204513361653,0.07387508375416295
5.678234912622894,0.00048968127163522,0.0002374204513361653,0.07387455376778312
5.679036651079525,0.00046824793649022367,0.0002374204513361653,0.07387421366350903
5.679838399083504,-0.00018706661337646036,0.0002374204513361653,0.07387406600961947
5.680640156655344,-0.0005024262950832081,0.0002374204513361653,0.0738746751765929
5.681441923815564,-0.0006632114267350608,0.0002374204513361653,0.0738760215496911
5.682243700584677,-0.0004501458533232444,0.0002374204513361653,0.0738780857431954
5.683045486983199,-0.000347740398675328,0.0002374204513361653,0.07387921885915986
5.683847283031644,-0.00021041148674158516,0.0002374204513361653,0.0738794666341328
5.684649088750532,0.0013344886824877,0.0002374204513361653,0.07388021063830341
5.685450904160375,0.0015122932202031453,0.0002374204513361653,0.07388201826060582
5.68625272928169,0.0003393741933613442,0.0002374204513361653,0.07388493795806864
5.687054564134992,5.647901946938261e-05,0.0002374204513361653,0.07388671412422539
5.687856408740796,-0.0003702007553770398,0.0002374204513361653,0.0738864802222578
5.688658263119619,-0.0007286908077633186,0.0002374204513361653,0.07388426291589781
5.6894601272919765,0.00032120215153111364,0.0002374204513361653,0.07388212197288732
5.690262001278382,0.0017633221574519242,0.0002374204513361653,0.07388125317108991
5.691063885099355,0.002234501712209014,0.0002374204513361653,0.07388164988208001
5.691865778775408,0.0023658855180443,0.0002374204513361653,0.07388330591406769
5.692667682327057,0.0018020775242214987,0.0002374204513361653,0.07388755116791712
5.693469595774818,0.0009148795984088159,0.0002374204513361653,0.07389135928882251
5.694271519139208,-0.0005687684729365622,0.0002374204513361653,0.07388905805021767
5.69507345244074,-0.001177225430333717,0.0002374204513361653,0.07388874489759864
5.695875395699929,-0.0014777710855885529,0.0002374204513361653,0.07388569746634613
5.696677348937296,-0.0009434865585413038,0.0002374204513361653,0.07388192381387182
5.697479312173351,-0.0008646298927714874,0.0002374204513361653,0.07387748923502374
5.698281285428611,-0.0010793918351761772,0.0002374204513361653,0.07387354915695588
5.6990832687235935,-0.0008977024336846023,0.0002374204513361653,0.07386974788615323
5.699885262078812,-0.00015687403543064582,0.0002374204513361653,0.07386664442375095
5.700687265514784,0.0006794736169630361,0.0002374204513361653,0.0738642549811295
5.701489279052023,0.0012959816163908844,0.0002374204513361653,0.07386259599540662
5.702291302711046,0.000846662705493828,0.0002374204513361653,0.07386002256583554
5.703093336512368,-0.0001470610325357835,0.0002374204513361653,0.07385791359782659
5.703895380476506,0.0005117221666717797,0.0002374204513361653,0.07385627658817989
5.704697434623973,0.000449112032099519,0.0002374204513361653,0.07385511918842368
5.705499498975286,0.00035360144609365707,0.0002374204513361653,0.07385381552957326
5.706301573550961,0.000533386350583448,0.0002374204513361653,0.07385234900555052
5.707103658371513,0.0005353311677068623,0.0002374204513361653,0.07385070297362425
5.707905753457458,0.0009292040938323615,0.0002374204513361653,0.07384886075441009
5.708707858829312,0.0019912741467583844,0.0002374204513361653,0.07384722178523388
5.709509974507589,0.0027268331682375607,0.0002374204513361653,0.0738457854473669
5.710312100512806,0.0035660854753844784,0.0002374204513361653,0.07384203288362201
5.711114236865479,0.001342690351489123,0.0002374204513361653,0.07383751041034234
5.711916383586122,0.0007784689744586293,0.0002374204513361653,0.0738355074628123
5.712718540695251,-4.450715193744792e-05,0.0002374204513361653,0.07383602422112424
5.713520708213383,-0.0010656180882177985,0.0002374204513361653,0.07383470804551295
5.714322886161031,-0.0015437327052555683,0.0002374204513361653,0.07383138068017077
5.715125074558713,-0.0003445922062584872,0.0002374204513361653,0.07382841280002302
5.715927273426945,0.00046906539946127424,0.0002374204513361653,0.07382583093657419
5.71672948278624,0.0008509500100790518,0.0002374204513361653,0.07382231871034234
5.717531702657115,0.0011523495887589552,0.0002374204513361653,0.0738178508745311
5.718333933060086,0.0008293155366213278,0.0002374204513361653,0.0738124019223818
5.719136174015669,0.00030155584633757837,0.0002374204513361653,0.07380594608717096
5.7199384255443775,0.0003721681673045929,0.0002374204513361653,0.07379845734220608
5.72074068766673,-0.00015969269745763626,0.0002374204513361653,0.07378990940082354
5.721542960403239,0.0006826816054559953,0.0002374204513361653,0.07378618995192934
5.722345243774422,0.0016838900319891825,0.0002374204513361653,0.07378228105686878
5.723147537800795,0.0018021141092700033,0.0002374204513361653,0.0737781843340891
5.723949842502871,0.0016458732229603507,0.0002374204513361653,0.07377306703409561
5.724752157901169,0.0018849829686337638,0.0002374204513361653,0.07376651661516839
5.725554484016202,0.001511159976249496,0.0002374204513361653,0.07375878195631569
5.726356820868487,0.00025808052277627447,0.0002374204513361653,0.0737498361407165
5.727159168478539,8.455497321271932e-06,0.0002374204513361653,0.07373965191249882
5.727961526866874,1.717676342442853e-05,0.0002374204513361653,0.07372897195371918
5.728763896054008,0.00043386989775423546,0.0002374204513361653,0.07371551720267049
5.7295662760604555,0.00028033579266124875,0.0002374204513361653,0.07370963405740297
5.730368666906732,0.0004563867327023602,0.0002374204513361653,0.07370335480511254
5.731171068613354,0.0015069765267391316,0.0002374204513361653,0.07369665688002408
5.731973481200838,0.0008355311937424809,0.0002374204513361653,0.07368951757957225
5.732775904689697,-0.0002057325523390635,0.0002374204513361653,0.07368191406439865
5.733578339100449,0.00018997518825049353,0.0002374204513361653,0.07367475781477187
5.734380784453607,0.0009146262680175404,0.0002374204513361653,0.07366806194668238
5.735183240769689,0.0013762201124155188,0.0002374204513361653,0.07366183972158251
5.735985708069211,0.0022609588624939725,0.0002374204513361653,0.07365610454638914
5.736788186372686,0.0015384698018346549,0.0002374204513361653,0.07364819536738469
5.7375906757006305,0.00013383273434755538,0.0002374204513361653,0.07363991372159716
5.738393176073561,0.0002261409361513922,0.0002374204513361653,0.07363124228465796
5.739195687511994,0.0005743526952473599,0.0002374204513361653,0.07362216364112341
5.739998210036442,0.000631988955842766,0.0002374204513361653,0.07361170370645377
5.740388121190422,-0.00027389061951141325,0.0002374204513361653,0.07360398597229541
5.741187354828146,5.1747473425803325e-05,0.0002374204513361653,0.0735982764986813
5.7419865928121,0.000722517716876897,0.0002374204513361653,0.07359342304041687
5.742785835134905,0.0006795396264482334,0.0002374204513361653,0.07358944384549555
5.743585081789179,5.433867850010432e-05,0.0002374204513361653,0.07358588354433167
5.744384332767546,-0.0002336753355719895,0.0002374204513361653,0.07358017628076294
5.745183588062625,-0.0001721459193172875,0.0002374204513361653,0.07357509155813473
5.745982847667036,0.00016934131820187104,0.0002374204513361653,0.07356529613663813
5.746782111573399,0.0011407143771929168,0.0002374204513361653,0.07355793897079578
5.747581379774335,0.002075260602967449,0.0002374204513361653,0.07355050578946887
5.748380652262465,0.0026415353619274745,0.0002374204513361653,0.07354372276562618
5.749179929030408,0.001993041075973409,0.0002374204513361653,0.07353653707570139
5.749979210070785,0.0010541198598154194,0.0002374204513361653,0.07352892712803501
5.750778495376218,0.0003024462449931209,0.0002374204513361653,0.0735208712393715
5.751577784939324,-0.00022731079829364786,0.0002374204513361653,0.07351323387900897
5.752377078752727,-0.0003774034113834118,0.0002374204513361653,0.07350613681917328
5.753176376809045,-0.00014435040699359303,0.0002374204513361653,0.07350145145568653
5.7539756791009,0.00039111660185357777,0.0002374204513361653,0.0734928353210533
5.7547749856209105,-0.0002479695123337039,0.0002374204513361653,0.0734843478006487
5.755574296361697,-0.0006260979932595223,0.0002374204513361653,0.07347599055372213
5.756373611315881,-0.00010496624825781509,0.0002374204513361653,0.07346776526062408
5.7571729304760835,-0.0003368620660307714,0.0002374204513361653,0.07345967362280609
5.757972253834924,-0.000340572813917292,0.0002374204513361653,0.07345171736282163
5.758771581385024,-0.0004526021629473881,0.0002374204513361653,0.07344389822432557
5.759570913119001,-0.00037321654308553054,0.0002374204513361653,0.07343621797207484
5.760370249029479,0.0007671564641061057,0.0002374204513361653,0.07342867839192854
5.761169589109075,0.00039432591760978075,0.0002374204513361653,0.07342128129084795
5.761968933350412,-2.9065660146973538e-05,0.0002374204513361653,0.07341402849689718
5.762768281746109,5.5996113423578686e-05,0.0002374204513361653,0.07340692185924319
5.763567634288787,0.0013841730688472498,0.0002374204513361653,0.07339780945614628
5.764366990971066,0.002298328684017553,0.0002374204513361653,0.07338784873985245
5.765166351785568,0.001978782265636553,0.0002374204513361653,0.07337981604321048
5.76596571672491,0.0016687841261391473,0.0002374204513361653,0.07337246247994893
5.766765085781715,0.0012336867966780268,0.0002374204513361653,0.07336581184362258
5.767564458948604,0.001689168500964025,0.0002374204513361653,0.07335856471112964
5.768363836218194,0.0019219850817917689,0.0002374204513361653,0.07335069395390616
5.76916321758311,0.0016361936033608693,0.0002374204513361653,0.07334217223761427
5.769962603035968,0.0015404770751927532,0.0002374204513361653,0.07333333631031966
5.770761992569391,0.001006195956523015,0.0002374204513361653,0.07332539921153952
5.771561386175999,0.00028772194427641173,0.0002374204513361653,0.07331919663844243
5.772360783848412,0.0004059288227398067,0.0002374204513361653,0.0733148112389539
5.773160185579251,0.00019703758237805957,0.0002374204513361653,0.07331302648332629
5.773959591361137,0.00019013038273454907,0.0002374204513361653,0.07330901544161082
5.774759001186688,0.0002878065243890199,0.0002374204513361653,0.07330444034475868
5.7755584150485255,-0.0003096152432861543,0.0002374204513361653,0.07329932367517501
5.7763578329392695,-0.0003902066737386245,0.0002374204513361653,0.07329405093885306
5.777157254851543,-0.00048363251225894133,0.0002374204513361653,0.07328862985194509
5.777956680777963,0.00028943714237944507,0.0002374204513361653,0.07328306806702077
5.778756110711152,0.0007940304946647547,0.0002374204513361653,0.07327737317306678
5.779555544643729,0.001823088960220473,0.0002374204513361653,0.07327155269548666
5.7803549825683165,0.0027460134020003413,0.0002374204513361653,0.0732656140961005
5.781154424477531,0.001815731647885288,0.0002374204513361653,0.07325956477314409
5.781953870363998,0.0011403755263491855,0.0002374204513361653,0.07325362495376567
5.782753320220334,0.0009159060557458049,0.0002374204513361653,0.07324593675187509
5.783552774039161,-0.0004279283422691793,0.0002374204513361653,0.07323735868314532
5.7843522318130995,-1.6241301878522352e-05,0.0002374204513361653,0.07323010005174858
5.785151693534769,-6.702890790115379e-05,0.0002374204513361653,0.0732235406945906
5.785951159196791,-0.00011950106250713244,0.0002374204513361653,0.07321790847777529
5.7867506287917845,-0.0003991012084915563,0.0002374204513361653,0.07321222664822004
5.7875501023123705,-0.0007023377679477999,0.0002374204513361653,0.07320648817298023
5.78834957975117,-0.0006306248943830223,0.0002374204513361653,0.07320068597637422
5.789149061100804,-5.72582930738752e-05,0.0002374204513361653,0.07319481293998127
5.78994854635389,0.00022904703447659824,0.0002374204513361653,0.07318886190264205
5.790748035503051,0.0006401483100117317,0.0002374204513361653,0.07318106713446404
5.791547528540907,0.00047857390955502455,0.0002374204513361653,0.07317500602502247
5.792347025460077,3.754212818253555e-05,0.0002374204513361653,0.07317072746676077
5.793146526253183,-0.0007174279741127693,0.0002374204513361653,0.07316660913040071
5.793946030912846,-0.0010827358501249995,0.0002374204513361653,0.07316267359437428
5.794745539431683,-0.0009328780451432206,0.0002374204513361653,0.07315814873174821
5.795545051802318,-0.0007914677659667801,0.0002374204513361653,0.07315299498522722
5.79634456801737,-0.0010881987165397428,0.0002374204513361653,0.073147172588809
5.79714408806946,-0.0005707165925192548,0.0002374204513361653,0.07313787266376592
5.797943611951207,-6.264304485090189e-05,0.0002374204513361653,0.07312677835218329
5.798743139655232,-0.00018297671051993591,0.0002374204513361653,0.07311881553134446
5.799542671174155,-0.00018220990853064223,0.0002374204513361653,0.07311336390877923
5.800342206500598,0.0006063974570417879,0.0002374204513361653,0.07310691241410618
5.80114174562718,0.0013693545716358252,0.0002374204513361653,0.07310290497034742
5.801941288546522,0.0017250221852031927,0.0002374204513361653,0.07309819085982136
5.802740835251244,0.0015906142971466447,0.0002374204513361653,0.0730970263533521
5.8035403857339665,0.0015100227532653387,0.0002374204513361653,0.07309860950084719
5.804339939987311,0.001439526740294239,0.0002374204513361653,0.07309761786683999
5.8051394980038955,0.0008025032613136751,0.0002374204513361653,0.07309528185624865
5.805939059776342,0.000325399218118097,0.0002374204513361653,0.07309173889552004
5.80673862529727,0.00034347499174319784,0.0002374204513361653,0.07308704635252013
5.807538194559301,0.00045797982036889506,0.0002374204513361653,0.07308270909708048
5.808337767555056,0.00033343663067987583,0.0002374204513361653,0.0730787262885951
5.809137344277153,0.00042211449577189697,0.0002374204513361653,0.07307509716146587
5.809936924718214,0.00021792453327493244,0.0002374204513361653,0.07307097759779954
5.81073650887086,0.00045773566617279826,0.0002374204513361653,0.07306715583558597
5.81153609672771,-1.4680713741749285e-06,0.0002374204513361653,0.07306240445956416
5.812335688281384,-0.0005114686703342752,0.0002374204513361653,0.07305670353181855
5.813135283524504,-0.0008821976850896251,0.0002374204513361653,0.07305003282805872
5.81393488244969,-0.0012629912972596524,0.0002374204513361653,0.07304237183761544
5.814734485049561,-0.0008994580759514176,0.0002374204513361653,0.07303369976343696
5.81553409131674,-0.00048565453533107317,0.0002374204513361653,0.07302399552208468
5.816333701243845,0.0004098811269755004,0.0002374204513361653,0.07301110877329277
5.817133314823498,0.0014468895307333252,0.0002374204513361653,0.07300582695407073
5.8179329320483175,0.0010175978436236938,0.0002374204513361653,0.07300135224072148
5.818732552910925,0.001111045987605766,0.0002374204513361653,0.07299685236820831
5.819532177403942,0.0010509974736727795,0.0002374204513361653,0.0729921200126956
5.820331805519988,0.0005232138485220944,0.0002374204513361653,0.07298717766050065
5.821131437251682,0.0018578533259375196,0.0002374204513361653,0.0729824607904448
5.821931072591646,0.0029192914332291514,0.0002374204513361653,0.07297797533065706
5.8227307115325,0.0029683775718670896,0.0002374204513361653,0.07297372725496391
5.823530354066865,0.0024012894600188434,0.0002374204513361653,0.07296992077771058
5.82433000018736,0.0008855139615738389,0.0002374204513361653,0.07296615687961715
5.825129649886607,-0.00026456470681454625,0.0002374204513361653,0.07296243341180723
5.825929303157225,-0.0001814063907626673,0.0002374204513361653,0.0729587482062662
5.8267289599918355,0.0005423779646985399,0.0002374204513361653,0.07295526430828228
5.827528620383058,0.0002725687773414698,0.0002374204513361653,0.07295454663922703
5.828328284323514,0.000390625383267465,0.0002374204513361653,0.07295217423006063
5.829127951805822,0.0013300753295669432,0.0002374204513361653,0.07294969631564657
5.829927622822605,0.0012062016416169163,0.0002374204513361653,0.07294711434268017
5.83072729736648,0.001148548479517994,0.0002374204513361653,0.07294442971269967
5.83152697543007,0.0007607387019186729,0.0002374204513361653,0.0729416437820862
5.8323266570059955,0.0004668634214546469,0.0002374204513361653,0.07293875786206326
5.833126342086877,0.001292476291353012,0.0002374204513361653,0.07293577321869575
5.833926030665332,0.001408946935776631,0.0002374204513361653,0.07293269107289019
5.834725722733984,0.00042660194049709554,0.0002374204513361653,0.07292951260039339
5.835525418285453,0.0004277164071898598,0.0002374204513361653,0.07292703220061397
5.836325117312358,0.0003030122431968707,0.0002374204513361653,0.07292451384497628
5.83712481980732,0.000682349119257783,0.0002374204513361653,0.07292195979817336
5.8379245257629595,0.0008739398560298206,0.0002374204513361653,0.07291967318857838
5.838724235171897,0.0007213415921305394,0.0002374204513361653,0.0729176442663405
5.839523948026752,0.0005881405881018043,0.0002374204513361653,0.07291586333847588
5.840323664320147,-0.0001548562241465573,0.0002374204513361653,0.07291432076886746
5.8411233840447006,5.091105247401195e-05,0.0002374204513361653,0.07291300697826507
5.841923107193033,-5.2618743756116526e-05,0.0002374204513361653,0.07291121270860626
5.842722833757766,-0.0003479570719001346,0.0002374204513361653,0.07290929390239331
5.843522563731519,0.00012014459937742528,0.0002374204513361653,0.07290761964883084
5.844322297106913,-0.00043010126708896423,0.0002374204513361653,0.07290618352634863
5.845122033876569,-0.0005768502853791824,0.0002374204513361653,0.07290709546067957
5.845921774033105,-0.00028261054885735104,0.0002374204513361653,0.07290384741530628
5.846721517569143,-0.00046141513646158483,0.0002374204513361653,0.07290282473578477
5.847521264477304,-5.3979612461549364e-05,0.0002374204513361653,0.07290127929101779
5.848321014750207,0.0003553669557414818,0.0002374204513361653,0.0728988332908655
5.849120768380473,-0.0001798455991744441,0.0002374204513361653,0.07289626064394016
5.849920525360723,-0.00037388072723436305,0.0002374204513361653,0.07289356348501272
5.850720285683576,0.00012736041024105638,0.0002374204513361653,0.0728914859446736
5.851520049341654,0.00023308294463302015,0.0002374204513361653,0.07289000061001863
5.852319816327576,-0.0004438133012804185,0.0002374204513361653,0.07288908024904256
5.853119586633963,-0.0006218871604506682,0.0002374204513361653,0.07288869781064027
5.853919360253436,-0.000828692816987095,0.0002374204513361653,0.07288940890069927
5.8547191371786145,-0.0006637408965651792,0.0002374204513361653,0.07288955516851073
5.85551891740212,4.403568738126085e-06,0.0002374204513361653,0.0728926537923641
5.856318700916571,0.0007216824063214222,0.0002374204513361653,0.07289860025601967
5.857118487714589,0.0006574602178263805,0.0002374204513361653,0.07290465695190107
5.857918277788794,0.00016910395930266886,0.0002374204513361653,0.07290538507055389
5.858718071131808,0.0008052192924941359,0.0002374204513361653,0.07291064972762515
5.859517867736249,0.0014135865805143394,0.0002374204513361653,0.0729119178347564
5.86031766759474,0.0014575438297925875,0.0002374204513361653,0.07291099735129127
5.861117470699899,0.0013251618397690235,0.0002374204513361653,0.07290394299598017
5.861917277044347,0.0018267342203600045,0.0002374204513361653,0.07289736358584309
5.862717086620705,0.0013013538287127424,0.0002374204513361653,0.07289091570440677
5.863516899421594,0.0002861977564276724,0.0002374204513361653,0.07288460230652165
5.8643167154396325,0.00037546274506838895,0.0002374204513361653,0.07287842637994914
5.865116534667442,0.0006676650115720606,0.0002374204513361653,0.07287239094536263
5.865916357097643,0.0010126504653306528,0.0002374204513361653,0.07286649905634689
5.866716182722857,0.0009360100999136478,0.0002374204513361653,0.07286075379939856
5.867516011535701,0.0011085660065331127,0.0002374204513361653,0.07285515829392661
5.868315843528798,0.000768327447840722,0.0002374204513361653,0.07284971569225179
5.869115678694769,0.000748718986810254,0.0002374204513361653,0.07284442917960711
5.869915517026231,0.0007508395454696171,0.0002374204513361653,0.07283930197413806
5.87071535851581,0.0009522848244029325,0.0002374204513361653,0.07283433732690274
5.87151520315612,0.0006519705414304577,0.0002374204513361653,0.07282953852187156
5.872315050939786,0.0007112749346227104,0.0002374204513361653,0.07282561264058737
5.873114901859428,-4.000171089368898e-05,0.0002374204513361653,0.07282253510761098
5.873914755907664,-0.0003424610541935408,0.0002374204513361653,0.07281997517794982
5.874714613077114,-0.0007933123114587104,0.0002374204513361653,0.07281796476803735
5.875514473360403,-0.0004252913576510836,0.0002374204513361653,0.07281615903569551
5.876314336750147,6.902615756733399e-05,0.0002374204513361653,0.07281579824991556
5.877114203238968,-0.00023486501255075287,0.0002374204513361653,0.07281151341930803
5.877914072819486,0.00041069142976250805,0.0002374204513361653,0.07280682749378296
5.878713945484322,0.001882724637263869,0.0002374204513361653,0.072801460442304
5.879513821226096,0.0029052542912541,0.0002374204513361653,0.0727953220270778
5.880313700037428,0.0030862471158623755,0.0002374204513361653,0.07279008833366347
5.881113581910939,0.003487060621448851,0.0002374204513361653,0.0727858091392903
5.88191346683925,0.0035918884656094274,0.0002374204513361653,0.07278136608502908
5.882713354814979,0.0022428729209334197,0.0002374204513361653,0.07277676423325928
5.883513245830748,0.0019049336712954473,0.0002374204513361653,0.07277200858311088
5.88431313987918,0.00196474627468618,0.0002374204513361653,0.072766519853323
5.88511303695289,0.0015343609920763085,0.0002374204513361653,0.07276082507744323
5.885912937044503,0.0002641444938988602,0.0002374204513361653,0.07275431372059853
5.886712840146637,0.0002915248566827816,0.0002374204513361653,0.0727486636603533
5.887512746251913,0.0005793725039443254,0.0002374204513361653,0.07274392330487664
5.888312655352951,0.0001523368015310389,0.0002374204513361653,0.07273875177101209
5.889112567442371,0.00045758637484753784,0.0002374204513361653,0.07273178138195784
5.889912482512795,0.0008845848891538416,0.0002374204513361653,0.07272281210906949
5.890712400556843,0.0010884342216456039,0.0002374204513361653,0.07271418933076908
5.891512321567135,0.0013342306732095771,0.0002374204513361653,0.07270682303570837
5.89231224553629,0.001081755154241859,0.0002374204513361653,0.0727007641953425
5.893112172456932,0.000550864792682404,0.0002374204513361653,0.07269394914779947
5.893912102321678,-0.00011349618737580003,0.0002374204513361653,0.07268634765470926
5.894712035123148,0.0017055533363644904,0.0002374204513361653,0.07267792922840312
5.895511970853965,0.00255229010969249,0.0002374204513361653,0.07266946596687225
5.896311909506749,0.0032518419958048744,0.0002374204513361653,0.07265950595008232
5.897111851074119,0.0037894983954923495,0.0002374204513361653,0.07265252629713176
5.897911795548697,0.002351563036317464,0.0002374204513361653,0.07264530290209069
5.898711742923101,0.0010530500467037657,0.0002374204513361653,0.07263429985245091
5.899511693189955,0.0007967337597544338,0.0002374204513361653,0.07262658004456121
5.900311646341875,0.0002505734663050957,0.0002374204513361653,0.07262030259619003
5.901111602371485,-0.0005405104257361903,0.0002374204513361653,0.07261655553647038
5.901911561271404,-0.0006225338646574652,0.0002374204513361653,0.0726117866478147
5.9027115230342515,-0.0008998091387477231,0.0002374204513361653,0.07260567224401795
5.903511487652649,-5.213857982717951e-05,0.0002374204513361653,0.07259926697022107
5.904311455119218,-0.0006458586740412248,0.0002374204513361653,0.07259289825984082
5.905111425426577,-0.0011242805429865638,0.0002374204513361653,0.07258683024261361
5.905911398567347,-0.0006988758176800641,0.0002374204513361653,0.0725810403213119
5.906711374534148,3.2365877939380394e-05,0.0002374204513361653,0.07257550598442229
5.907511353319601,0.00023998111883929973,0.0002374204513361653,0.07257020480614743
5.908311334916327,0.00035415355985353447,0.0002374204513361653,0.07256511444640486
5.909111319316945,0.0003972656413758213,0.0002374204513361653,0.07255712344010942
5.9099113065140765,0.00021659952965431828,0.0002374204513361653,0.07254882878880506
5.910711296500341,0.0002962323519470067,0.0002374204513361653,0.07254023095610812
5.911511289268359,-8.760729427835512e-05,0.0002374204513361653,0.07253133030550607
5.912311284810752,-0.0002481980963027486,0.0002374204513361653,0.07252212710035767
5.913111283120139,0.00038611201046645505,0.0002374204513361653,0.07251314272187216
5.91391128418914,0.0007849452516568711,0.0002374204513361653,0.07250435655108362
5.914711288010378,0.0008257675830749961,0.0002374204513361653,0.07249574803234789
5.915511294576471,0.0006442175924796373,0.0002374204513361653,0.07248521143308766
5.916311303880041,0.0004286917514673416,0.0002374204513361653,0.0724725791879779
5.917111315913707,0.00031693118215310456,0.0002374204513361653,0.07246220576720457
5.917911330670089,4.030496735618616e-05,0.0002374204513361653,0.07245445438193514
5.91871134814181,0.0002275099538319031,0.0002374204513361653,0.07244706080175012
5.919511368321488,-0.00016935474099084857,0.0002374204513361653,0.07244001506983397
5.920311391201744,-0.00013366232603227723,0.0002374204513361653,0.07243330737067241
5.921111416775198,0.0007056109427045071,0.0002374204513361653,0.07242952950114384
5.921911445034472,0.0019899774673727,0.0002374204513361653,0.07242396749456807
5.922711475972186,0.0023922319437598843,0.0002374204513361653,0.07241398039370378
5.923511509580958,0.0022882231019783345,0.0002374204513361653,0.07240392817750016
5.924311545853411,0.0018217288779358576,0.0002374204513361653,0.07239382145408374
5.925111584782163,0.0008557800019531742,0.0002374204513361653,0.07238367080686971
5.925911626359838,0.0003973295856263964,0.0002374204513361653,0.07237348679456154
5.926711670579053,0.0004609029693827954,0.0002374204513361653,0.07236327995115023
5.927511717432431,0.0004743764048224103,0.0002374204513361653,0.07235372788522114
5.92831176691259,2.5954892430221643e-05,0.0002374204513361653,0.07234521159070471
5.929111819012151,-0.00044544944003896414,0.0002374204513361653,0.07233745519646094
5.929911873723736,-0.00017034643200170008,0.0002374204513361653,0.07233044791576716
5.930711931039965,0.00013149337477075251,0.0002374204513361653,0.07232417918306921
5.931511990953456,2.7154992133154865e-05,0.0002374204513361653,0.07232235573365209
5.932312053456831,0.0001941431304309793,0.0002374204513361653,0.07231498888942905
5.933112118542711,0.0007462056424388658,0.0002374204513361653,0.07230668754887731
5.933912186203716,0.00177667862823494,0.0002374204513361653,0.07229848433281456
5.934712256432467,0.0026429778332049403,0.0002374204513361653,0.07229037543772454
5.935512329221583,0.002053443117516096,0.0002374204513361653,0.0722823570518321
5.936312404563684,0.0024320461070468508,0.0002374204513361653,0.07227472299364317
5.937112482451392,0.001819379701720636,0.0002374204513361653,0.07226745762441067
5.937912562877327,0.0009819884674278911,0.0002374204513361653,0.07226054539047085
5.938712645834109,0.0018514893172461716,0.0002374204513361653,0.07225435005058414
5.939512731314359,0.002279127347780824,0.0002374204513361653,0.07225388779415326
5.940312819310696,0.002796872340504214,0.0002374204513361653,0.07224795092860294
5.941112909815743,0.002293379534502177,0.0002374204513361653,0.07224089793534358
5.941913002822118,0.0011457788067590902,0.0002374204513361653,0.07223276930944622
5.942713098322442,0.0007165635491111488,0.0002374204513361653,0.07222461178271866
5.943513196309337,0.0010733516019648809,0.0002374204513361653,0.07221680818347878
5.9443132967754195,0.0008277156423463911,0.0002374204513361653,0.07220937316460652
5.945113399713315,0.00042383899377726464,0.0002374204513361653,0.07220024100719141
5.945913505115639,-0.00029871282859190995,0.0002374204513361653,0.07219087330441962
5.9467136129750156,-0.0006980960504288231,0.0002374204513361653,0.07218126287624776
5.947513723284063,1.6063100287386223e-05,0.0002374204513361653,0.07217078333991397
5.948313836035402,-0.00034990588929310895,0.0002374204513361653,0.07216202370401135
5.949113951221655,0.000800083841285909,0.0002374204513361653,0.07215222964514828
5.949914068835438,0.001085329623051648,0.0002374204513361653,0.07214487563068557
5.9507141888693775,0.0007686055991884128,0.0002374204513361653,0.07213723114888583
5.951514311316088,0.0014276568420093921,0.0002374204513361653,0.07212962187530723
5.9523144361681934,0.0011828561017222794,0.0002374204513361653,0.07212123468205602
5.953114563418313,0.0005522926287531427,0.0002374204513361653,0.07211565785668429
5.953914693059067,0.00036409398991102404,0.0002374204513361653,0.07211248112855123
5.954714825083077,-0.0004395867519670499,0.0002374204513361653,0.07210630212636562
5.955514959482961,-0.0006445596674388987,0.0002374204513361653,0.0720956250113454
5.956315096251341,-0.000717709178216494,0.0002374204513361653,0.07208373941933088
5.957115235380838,-0.0010097700052563302,0.0002374204513361653,0.07207282420550212
5.957915376864073,-0.001590296739223937,0.0002374204513361653,0.07206595368410472
5.958715520693664,-0.0017213626999364878,0.0002374204513361653,0.07205922624170605
5.959515666862232,-0.001256006314967681,0.0002374204513361653,0.07205283496509896
5.9603158153623985,-0.0015624160949390398,0.0002374204513361653,0.07204677226433452
5.9611159661867825,-0.0011638270803030482,0.0002374204513361653,0.07204103060409756
5.961916119328005,-0.0008347324834187403,0.0002374204513361653,0.07203560250370743
5.962716274778686,7.863084844768331e-05,0.0002374204513361653,0.07203048053711823
5.963516432531448,0.00031718080794235215,0.0002374204513361653,0.07202534857326529
5.96431659257891,0.0003947101441642009,0.0002374204513361653,0.07202021154721565
5.965116754913691,0.0002436901844311834,0.0002374204513361653,0.07201507435183815
5.965916919528413,0.0007267747237105077,0.0002374204513361653,0.07200994183780333
5.966717086415697,0.001155966520449872,0.0002374204513361653,0.0720048188135837
5.967517255568161,0.001512636174710008,0.0002374204513361653,0.07199971004545318
5.9683174269784285,0.0013943856864478826,0.0002374204513361653,0.07199462025748712
5.969117600639117,0.0017113313437746996,0.0002374204513361653,0.07198966620478985
5.9699177765428475,0.0012349519605197035,0.0002374204513361653,0.07198484807987166
5.970717954682242,0.0001739197682148197,0.0002374204513361653,0.07198016606819309
5.9715181350499185,0.00013329359018707243,0.0002374204513361653,0.07197562034816404
5.972318317638501,0.0006302590110230516,0.0002374204513361653,0.07197121109114414
5.973118502440606,0.0011591077872663974,0.0002374204513361653,0.07196693846144284
5.9739186894488565,0.0012785840146155303,0.0002374204513361653,0.0719628026163192
5.974718878655871,0.0003257709357848415,0.0002374204513361653,0.0719588037059818
5.975519070054271,-0.000316268037448178,0.0002374204513361653,0.07195494187358896
5.976319263636678,-0.00045105024142440275,0.0002374204513361653,0.07194941879309465
5.97711945939571,-0.0005304147294220574,0.0002374204513361653,0.07194159283625293
5.977919657323989,-0.0008315201375982684,0.0002374204513361653,0.07193594650615114
5.978719857414135,-0.0002156424443476579,0.0002374204513361653,0.07193092541339695
5.979520059658768,0.00014953412535138877,0.0002374204513361653,0.07192655185579971
5.980320264050508,0.000571301802085214,0.0002374204513361653,0.07192247057428022
5.981120470581977,0.001145277616698262,0.0002374204513361653,0.07191868956624459
5.981920679245794,0.0015173420213732969,0.0002374204513361653,0.0719159027743854
5.982720890034582,0.001828772301927406,0.0002374204513361653,0.07191409109301981
5.983521102940957,0.00166240533092199,0.0002374204513361653,0.0719132356884236
5.9843213179575425,0.0007705466774937941,0.0002374204513361653,0.07191190748791688
5.985121535076958,0.0001920317504730401,0.0002374204513361653,0.0719101441722952
5.985921754291824,1.5858085412392975e-05,0.0002374204513361653,0.07190947938963263
5.986721975594761,-5.565155893670626e-05,0.0002374204513361653,0.07190987374328803
5.987522198978389,0.0003026650879018461,0.0002374204513361653,0.07191209124417121
5.988322424435328,0.0010165524768990797,0.0002374204513361653,0.07191368588162239
5.9891226519582,0.001116843355896624,0.0002374204513361653,0.07191468180357756
5.989922881539624,0.0017681741859486844,0.0002374204513361653,0.07191510296631391
5.990723113172221,0.001066124599390969,0.0002374204513361653,0.07191497313444825
5.991523346848611,0.0009021170017156077,0.0002374204513361653,0.07191431588093758
5.992323582561415,0.0009957750244488778,0.0002374204513361653,0.07191315458707775
5.993123820303254,0.0008945913458498073,0.0002374204513361653,0.0719124592253187
5.993924060066747,0.0004902212107952969,0.0002374204513361653,0.07191209226043328
5.9947243018445135,0.00033107604900366183,0.0002374204513361653,0.07191181330950103
5.995524545629176,0.00024912291089347616,0.0002374204513361653,0.07191160390593831
5.996324791413354,0.0002676440994766188,0.0002374204513361653,0.07191013095591983
5.997125039189668,0.00035377416673293416,0.0002374204513361653,0.07190930513872411
5.997925288950738,-0.00016579771723751469,0.0002374204513361653,0.07190903385018918
5.998725540689186,-0.0005658407723646702,0.0002374204513361653,0.07190862991758948
5.999525794397631,-0.00042650561878061766,0.0002374204513361653,0.07190845438756627
6.000326050068693,-0.0001186718083434346,0.0002374204513361653,0.0719077427681161
6.001126307694992,0.00018166825597668024,0.0002374204513361653,0.07190747918373994
6.001926567269151,-0.00026649405235823487,0.0002374204513361653,0.0719076362631157
6.002726828783788,-0.0005248801752793519,0.0002374204513361653,0.07190818674851984
6.003527092231525,-0.0003647337533137368,0.0002374204513361653,0.07190702376792663
6.00432735760498,-7.374360163760196e-05,0.0002374204513361653,0.07190579125688724
6.005127624896777,-4.407318243100644e-05,0.0002374204513361653,0.07190326964293184
6.005927894099533,-7.630160784227735e-05,0.0002374204513361653,0.07190611932925177
6.00672816520587,0.0002618352160239229,0.0002374204513361653,0.07190586939014883
6.007528438208408,0.0004543217330807564,0.0002374204513361653,0.0719030550191405
6.0083287130997665,0.0004715480965415686,0.0002374204513361653,0.07190130623496331
6.009128989872568,0.0002904559904692988,0.0002374204513361653,0.07190015146900222
6.009929268519432,-0.00045606335242721896,0.0002374204513361653,0.07189991848843741
6.0107295490329795,1.5745850439757847e-06,0.0002374204513361653,0.07190067326988532
6.011529831405828,0.0005211901795387219,0.0002374204513361653,0.07190097630971812
6.0123301156306015,0.0008834320941449314,0.0002374204513361653,0.07190083583626264
6.013130401699919,0.001608962210939452,0.0002374204513361653,0.07190025993394027
6.0139306896064,0.0018212030908780624,0.0002374204513361653,0.07189925654326619
6.014730979342666,0.0017931315443435597,0.0002374204513361653,0.07189697904635983
6.015531270901337,0.0012615717717729125,0.0002374204513361653,0.07189460974402148
6.016331564275034,0.0005248675321557206,0.0002374204513361653,0.0718931530188378
6.017131859456375,0.00021407880239178445,0.0002374204513361653,0.07189259075746654
6.017932156437984,0.00032558340443175626,0.0002374204513361653,0.07189281507487655
6.01873245521248,0.00048643580681408116,0.0002374204513361653,0.07189461676204206
6.019532755772482,0.0011554441274758964,0.0002374204513361653,0.07189792403729348
6.020333058110612,0.0008412121823477142,0.0002374204513361653,0.07190286308690172
6.021133362219491,0.00017309835063682166,0.0002374204513361653,0.07190158105675684
6.021933668091736,-0.0005430355997007585,0.0002374204513361653,0.07189936336817442
6.022733975719971,-0.0010565551369788595,0.0002374204513361653,0.07189704417784104
6.023534285096813,-0.0007724997906406045,0.0002374204513361653,0.07189487402031
6.024334596214888,-1.895862791059799e-05,0.0002374204513361653,0.07189335976453767
6.02513490906681,0.00028365315214876063,0.0002374204513361653,0.07189208240366916
6.025935223645202,0.000489125161775239,0.0002374204513361653,0.07189103605166372
6.026735539942686,0.00043349432424494294,0.0002374204513361653,0.07189021486834958
6.0275358579518805,0.0005452804904037406,0.0002374204513361653,0.0718896130594246
6.028336177665406,0.0004643980561030159,0.0002374204513361653,0.07188922487645492
6.029136499075884,0.0008123937490467914,0.0002374204513361653,0.07188904461687673
6.029936822175934,0.0011036379466299595,0.0002374204513361653,0.07188919593560827
6.0307371469581765,0.0006525148468549402,0.0002374204513361653,0.07188889550783009
6.0315374734152325,0.0001402728259564251,0.0002374204513361653,0.07188538023567542
6.032337801539721,-0.00031724905125647684,0.0002374204513361653,0.07188303892914485
6.033138131324264,-0.001047744633951006,0.0002374204513361653,0.07188040290895853
6.033938462761481,-7.425144699280128e-05,0.0002374204513361653,0.07187821702032025
6.0347387958439915,9.054407091793615e-05,0.0002374204513361653,0.0718764718080587
6.035539130564418,0.001129438589975898,0.0002374204513361653,0.07187515793940302
6.036339466915379,0.0018873166794507873,0.0002374204513361653,0.07187426620398195
6.037139804889497,0.001362291873510335,0.0002374204513361653,0.0718737875138244
6.03794014447939,0.0004672191996966252,0.0002374204513361653,0.07187371290336014
6.03874048567768,0.0005006348356359908,0.0002374204513361653,0.07187403352941922
6.039540828476987,-0.00012088825976069861,0.0002374204513361653,0.071874740671233
6.040341172869931,-0.0002473386627316193,0.0002374204513361653,0.07187411447006199
6.041141518849133,-0.001248663758847468,0.0002374204513361653,0.07187341483306009
6.041941866407212,-0.00034646342515530504,0.0002374204513361653,0.07187234020258258
6.042742215536791,0.0014702535122715354,0.0002374204513361653,0.07187088978896564
6.043542566230488,0.001247002698790814,0.0002374204513361653,0.07187235386118286
6.044342918480925,0.0008511241969357958,0.0002374204513361653,0.0718718393076413
6.045143272280721,0.0003818877877362903,0.0002374204513361653,0.07186940431708096
6.045943627622497,0.0005103913672405286,0.0002374204513361653,0.07186711241349178
6.046743984498874,0.0019406219502012129,0.0002374204513361653,0.07186494099997957
6.047544342902472,0.002261382299473591,0.0002374204513361653,0.07186286751542864
6.0483447028259105,0.0027429692689759783,0.0002374204513361653,0.07186086943450122
6.04914506426181,0.003103648967898401,0.0002374204513361653,0.07185530912528507
6.049945427202793,0.0032318016946491224,0.0002374204513361653,0.07185408072272634
6.050745791641479,0.0037956671886303223,0.0002374204513361653,0.07185087082407277
6.0515461575704865,0.0031643583848773305,0.0002374204513361653,0.071850389631692
6.052346524982437,0.0022308447500253292,0.0002374204513361653,0.07185275777016971
6.053146893869952,0.0014093305169890907,0.0002374204513361653,0.07185395901628726
6.05394726422565,7.414409872535943e-06,0.0002374204513361653,0.07185296663385278
6.054747636042154,-0.0004947520259988986,0.0002374204513361653,0.07185038149356823
6.055548009312082,-0.0009450307101256661,0.0002374204513361653,0.0718462153048139
6.056348384028054,-0.0004766980045724234,0.0002374204513361653,0.07184138682600111
6.0571487601826925,0.00010974911107734797,0.0002374204513361653,0.07183587076229131
6.057949137768618,0.00021585808815317853,0.0002374204513361653,0.07182903583500656
6.058749516778448,0.00018703217756041446,0.0002374204513361653,0.07182161635733549
6.059549897204806,0.0007309672367880327,0.0002374204513361653,0.07181228576847411
6.060350279040311,0.0009573296269139997,0.0002374204513361653,0.07179926788933212
6.0611506622775835,0.0012787904048348342,0.0002374204513361653,0.07178512298659834
6.061951046909244,0.0014301520704173148,0.0002374204513361653,0.07177339751818396
6.062751432927913,0.001504759240454276,0.0002374204513361653,0.07175956917017301
6.063551820326211,0.0008974401905820634,0.0002374204513361653,0.0717477955777879
6.064352209096757,2.3014126542555968e-05,0.0002374204513361653,0.0717377518735391
6.065152599232173,0.0006287760330336983,0.0002374204513361653,0.0717330194349138
6.065952990725079,0.0009244340882684499,0.0002374204513361653,0.07172832218457735
6.066753383568096,0.0009925384299150908,0.0002374204513361653,0.07172366031769431
6.067553777753842,0.0013006922061208764,0.0002374204513361653,0.07171903401426555
6.068354173274941,0.0013872631324557821,0.0002374204513361653,0.0717145082640036
6.06915457012401,0.0013284152661873355,0.0002374204513361653,0.07171008064419887
6.069954968293672,0.0008037479590829039,0.0002374204513361653,0.07170574873731196
6.070755367776546,0.0007273973468698708,0.0002374204513361653,0.07170366612794839
6.071555768565252,0.0008380236671692715,0.0002374204513361653,0.0717001065083781
6.072356170652413,0.001244958219051004,0.0002374204513361653,0.07169873975565848
6.073156574030646,0.0009904713354315503,0.0002374204513361653,0.07169864907451398
6.073956978692573,0.0017142224838703896,0.0002374204513361653,0.07169850529375701
6.074757384630814,0.0019755801244604188,0.0002374204513361653,0.0716945677028093
6.075557791837991,0.0017888735357787927,0.0002374204513361653,0.07169105792615173
6.0763582003067205,0.0010311797598291789,0.0002374204513361653,0.07168667404443461
6.0771586100296275,0.0008359888212303712,0.0002374204513361653,0.07168139319647819
6.07795902099933,0.00019928715677325348,0.0002374204513361653,0.07167519224506384
6.0787594332084485,0.00015061290609307,0.0002374204513361653,0.07166797719956469
6.0795598466496035,0.0009070361254248649,0.0002374204513361653,0.07166004025216476
6.080360261315415,0.0009751610252484028,0.0002374204513361653,0.07165004997080152
6.081160677198506,0.000694815471521934,0.0002374204513361653,0.07164344510478192
6.0819610942914935,0.00047518832191772997,0.0002374204513361653,0.07163684849756582
6.082761512586998,0.00018091272867419572,0.0002374204513361653,0.07163027173981944
6.083561932077643,0.0006424031376776329,0.0002374204513361653,0.07162372642106112
6.084362352756046,0.0004439058269119084,0.0002374204513361653,0.07161722412966108
6.085162774614829,-0.0001607795648974203,0.0002374204513361653,0.07161077645284136
6.0859631976466115,0.0002669932090489102,0.0002374204513361653,0.07160492753688086
6.086763621844014,0.00038021832144022327,0.0002374204513361653,0.07159966783351635
6.087564047199657,0.0004008559336638601,0.0002374204513361653,0.07159498796038709
6.088364473706162,-0.00023983983889060145,0.0002374204513361653,0.07159087870103618
6.089164901356147,-0.0005466132823341435,0.0002374204513361653,0.07158478742345276
6.089965330142234,0.00029371124708808816,0.0002374204513361653,0.0715790021717381
6.090765760057043,0.0005681925784215558,0.0002374204513361653,0.07157352759427019
6.091566191093195,0.00025911321150762223,0.0002374204513361653,0.07156836840991727
6.092366623243311,0.0008852083406554606,0.0002374204513361653,0.07156352940803835
6.0931670565000084,0.0009406118679527176,0.0002374204513361653,0.0715590154484835
6.093967490855911,0.0005691277747053025,0.0002374204513361653,0.07155483146159361
6.0947679263036365,1.602561939299807e-05,0.0002374204513361653,0.0715506983118717
6.095568362835808,0.00038719459889541286,0.0002374204513361653,0.07154808134654111
6.096368800445043,0.00029446572470415155,0.0002374204513361653,0.07154473878655429
6.097169239123964,-0.00010559246849412007,0.0002374204513361653,0.0715407030698688
6.097969678865191,7.996609972302227e-05,0.0002374204513361653,0.07153919365616394
6.098770119661342,2.6952185252268612e-05,0.0002374204513361653,0.07153686230536485
6.099570561505042,-9.128900438026832e-06,0.0002374204513361653,0.0715332577646984
6.100371004388908,3.3536085938951077e-06,0.0002374204513361653,0.07152836892406612
6.1011714483055615,-4.453647038157871e-05,0.0002374204513361653,0.0715206169339284
6.101971893247622,0.00037983965642965356,0.0002374204513361653,0.07151383907808488
6.102772339207712,0.00011448929258647822,0.0002374204513361653,0.07150906809675667
6.103572786178449,0.0007647831461082277,0.0002374204513361653,0.07150408256110148
6.1043732341524555,0.0011466284172422375,0.0002374204513361653,0.07149885903545286
6.105173683122351,0.0017455960948675464,0.0002374204513361653,0.07149227103630582
6.105974133080756,0.0019661356954347176,0.0002374204513361653,0.07148675255455077
6.106774584020292,0.0016585420688400715,0.0002374204513361653,0.07148456575183
6.107575035933578,0.0010858581367851339,0.0002374204513361653,0.07148011292516902
6.108375488813234,0.00010169172000069893,0.0002374204513361653,0.07147515362415564
6.1091759426518815,-0.0007737189263798683,0.0002374204513361653,0.07146941120295296
6.109976397442141,-0.0005746279778803404,0.0002374204513361653,0.07146340187986887
6.110776853176633,-0.00047246300211598036,0.0002374204513361653,0.07145710372763686
6.111577309847977,0.0006553903732245819,0.0002374204513361653,0.07145049471420585
6.112377767448793,0.0015549529426445163,0.0002374204513361653,0.07144355270273856
6.113178225971703,0.0019062184917122554,0.0002374204513361653,0.07143998556791618
6.113978685409327,0.0018851130270575583,0.0002374204513361653,0.0714372785231069
6.114779145754284,0.0019795226594204046,0.0002374204513361653,0.07143541360897825
6.115579606999196,0.0015306879604377044,0.0002374204513361653,0.07143437310965255
6.1163800691366825,0.001041220425606157,0.0002374204513361653,0.07143506168660371
6.117180532159364,0.0005429757606403851,0.0002374204513361653,0.07143488975046303
6.1179809960598615,2.2807158124041327e-05,0.0002374204513361653,0.07143139467803461
6.118781460830795,-0.0002620906761661296,0.0002374204513361653,0.07142746405035257
6.119581926464784,-0.00036043199224038147,0.0002374204513361653,0.07142308878987609
6.120382392954451,-0.0005978482387642842,0.0002374204513361653,0.07141825966248276
6.121182860292414,-0.000830277939205093,0.0002374204513361653,0.07141296727746842
6.121983328471295,-0.0010917684578024,0.0002374204513361653,0.07140720208754746
6.122783797483714,-0.00014938757306076633,0.0002374204513361653,0.07140095438885241
6.1235842673222916,0.0004543530027331377,0.0002374204513361653,0.07139421432093332
6.124384737979648,0.0006505109857692648,0.0002374204513361653,0.07138697186675808
6.125185209448403,0.0004134637729320406,0.0002374204513361653,0.07137651133257249
6.125985681721177,9.645760089065092e-05,0.0002374204513361653,0.07136750275456157
6.126786154790592,0.00023846237598194875,0.0002374204513361653,0.07136283563413764
6.127586628649267,0.0004427527842552764,0.0002374204513361653,0.07135833971311938
6.128387103289822,0.0004612449025158949,0.0002374204513361653,0.07135402682155502
6.129187578704879,0.00029169529061987,0.0002374204513361653,0.07134990879901777
6.129988054887058,0.00014741044622866573,0.0002374204513361653,0.07134599749460538
6.130788531828977,-0.0001403291291673936,0.0002374204513361653,0.07134354865552867
6.1315890095232595,-0.0001895246300297887,0.0002374204513361653,0.07134066170352796
6.132389487962524,-0.00013411210213484792,0.0002374204513361653,0.07133731905460149
6.133189967139392,0.0001894298788972376,0.0002374204513361653,0.07133350294835145
6.133990447046484,0.00025971156314556765,0.0002374204513361653,0.07132919544798508
6.134790927676419,0.00036286943962444973,0.0002374204513361653,0.07132437844031378
6.135591409021818,0.0006579608656217262,0.0002374204513361653,0.07131516788688932
6.136391891075302,0.000743940525566783,0.0002374204513361653,0.0713116197432759
6.137192373829492,0.0005013876303684439,0.0002374204513361653,0.07130911224153465
6.137992857277006,0.0010760020249560714,0.0002374204513361653,0.07130664943047964
6.138793341410467,0.0007543697854968529,0.0002374204513361653,0.07130423188296399
6.139593826222493,0.0007580908488643706,0.0002374204513361653,0.07130186013835416
6.140394311705706,0.0002577842678323644,0.0002374204513361653,0.0713046655019322
6.141194797852727,-0.0003562518681180099,0.0002374204513361653,0.07130345295529336
6.141995284656174,0.0002609819976069211,0.0002374204513361653,0.0713008914352429
6.14279577210867,0.00012881255164094718,0.0002374204513361653,0.07129661458776582
6.143596260202834,0.00021480841209765844,0.0002374204513361653,0.07128642445031545
6.144396748931285,-2.242081657388706e-06,0.0002374204513361653,0.07128150440556873
6.145197238286647,-0.0005381031806220987,0.0002374204513361653,0.0712777446351536
6.145997728261537,9.811476355951754e-05,0.0002374204513361653,0.07127518723333817
6.146798218848578,0.00047255780699269334,0.0002374204513361653,0.07127282777187849
6.147598710040388,0.0010074048998147123,0.0002374204513361653,0.07127066842333049
6.148399201829588,0.001397358962041892,0.0002374204513361653,0.07126871137237421
6.1491996942088,0.0007173948116149104,0.0002374204513361653,0.07126695881581507
6.150000187170644,-0.00020154398081559388,0.0002374204513361653,0.07126541296258296
6.150800680707739,-1.6903695078576697e-05,0.0002374204513361653,0.0712640760337325
6.151601174812706,0.0002918474708756974,0.0002374204513361653,0.07126377023453044
6.152401669478166,-9.08690705666293e-05,0.0002374204513361653,0.07126383440277782
6.153202164696739,-0.0004232360652215439,0.0002374204513361653,0.07126426354894132
6.154002660461044,-0.0007838535738351748,0.0002374204513361653,0.07126480855121739
6.154803156763704,-0.0005902724120038366,0.0002374204513361653,0.07126547425371316
6.155603653597337,-0.00020967817737420347,0.0002374204513361653,0.07126591427040208
6.1564041509545655,0.0002864788155465675,0.0002374204513361653,0.07126611982105445
6.157204648828008,0.000889075434453393,0.0002374204513361653,0.07126336441366489
6.158005147210287,0.0014105568529254736,0.0002374204513361653,0.07125783548300309
6.158805646094022,0.0014425227746804603,0.0002374204513361653,0.07125493587352819
6.159606145471831,0.001234072813950604,0.0002374204513361653,0.07125547899990634
6.160406645336338,0.0013854920667288467,0.0002374204513361653,0.07125610553792812
6.161207145680161,0.0011101288476407095,0.0002374204513361653,0.07125681814011041
6.162007646495923,0.0005409312787239273,0.0002374204513361653,0.07125761943790704
6.16280814777624,0.0009179900953206616,0.0002374204513361653,0.0712585120417086
6.163608649513736,0.0010466270180465448,0.0002374204513361653,0.07125929780911501
6.164409151701032,0.0010524578069453228,0.0002374204513361653,0.07126013034884049
6.165209654330745,0.0006343831297630637,0.0002374204513361653,0.07126099806435518
6.1660101573954975,0.0008482335778805528,0.0002374204513361653,0.07126188932733124
6.1668106608879105,0.0007584183254495808,0.0002374204513361653,0.07126279247764267
6.167611164800603,0.0007381642827666984,0.0002374204513361653,0.07126401693224249
6.168411669126196,0.0011728374252446966,0.0002374204513361653,0.07126556341403349
6.16921217385731,0.001360762925020409,0.0002374204513361653,0.07126743271099537
6.170012678986565,0.0010064935599068958,0.0002374204513361653,0.07126962567618415
6.1708131845065815,0.0005741132680116695,0.0002374204513361653,0.07127214322773315
6.17161369040998,9.930141247897761e-05,0.0002374204513361653,0.07127498634885192
6.172414196689381,-0.0002870448563579986,0.0002374204513361653,0.07127815608782716
6.173214703337405,-4.281144298370898e-05,0.0002374204513361653,0.07128153700228754
6.1740152103466714,-0.0004251443337839056,0.0002374204513361653,0.0712851257528191
6.1748157177098015,-0.0006657220227001548,0.0002374204513361653,0.07129087083091408
6.175616225419416,-0.0006840124823782878,0.0002374204513361653,0.07129556260278874
6.176416733468136,-5.4317595588160295e-05,0.0002374204513361653,0.07130044955095742
6.177217241848579,-0.00013136367675815885,0.0002374204513361653,0.07130552761497905
6.1780177505533675,0.00032914305044731695,0.0002374204513361653,0.0713107927728926
6.178818259575122,0.0006369452671335651,0.0002374204513361653,0.07131560464360508
6.179618768906462,0.00021803287540132776,0.0002374204513361653,0.07131998453649042
6.1804192785400085,0.0006874366158972911,0.0002374204513361653,0.07132395359975394
6.181219788468382,0.0007105431826352759,0.0002374204513361653,0.07132787298915436
6.182020298684201,0.0007451075865962387,0.0002374204513361653,0.07133205072326497
6.18282080918009,0.00022846429582248917,0.0002374204513361653,0.07133648104713483
6.183621319948665,0.00041305895862792097,0.0002374204513361653,0.07134115825376364
6.18442183098255,0.0012809565932556527,0.0002374204513361653,0.07134607668410149
6.185222342274362,0.0016483725338547056,0.0002374204513361653,0.07135123072704919
6.186022853816724,0.0017179727212607299,0.0002374204513361653,0.07135590149806054
6.186823365602255,0.0009806200051892255,0.0002374204513361653,0.07136071537049167
6.187623877623577,0.0002295578218487332,0.0002374204513361653,0.07136869025905346
6.188424389873308,0.0003149896355005011,0.0002374204513361653,0.07138043745558484
6.18922490234407,0.00014250662247315693,0.0002374204513361653,0.0713914014589547
6.190025415028483,-0.00021110718683926832,0.0002374204513361653,0.07139967184063117
6.1908259279191675,6.05548066812539e-05,0.0002374204513361653,0.07140241674330684
6.1916264410087445,0.00022482644275888253,0.0002374204513361653,0.07140399255019518
6.192426954289833,0.001004669266816846,0.0002374204513361653,0.07140676715754705
6.1932274677550545,0.0002276565403603048,0.0002374204513361653,0.07140633495017662
6.194027981397029,0.0003095027131551631,0.0002374204513361653,0.07140747614932229
6.194828495208377,0.0005200187106571413,0.0002374204513361653,0.07141017470568484
6.195629009181719,-1.6328545926619364e-05,0.0002374204513361653,0.07141277845563641
6.196429523309674,-9.663916004862272e-06,0.0002374204513361653,0.07141533726999907
6.197230037584864,-0.0002566278769631086,0.0002374204513361653,0.07141803599214223
6.19803055199991,0.00019565845812072324,0.0002374204513361653,0.0714209697241097
6.198831066547431,7.308357489785311e-06,0.0002374204513361653,0.07142389934040931
6.199631581220047,-0.00041211965757372016,0.0002374204513361653,0.07142564130452744
6.200432096010381,-0.00026821406250128466,0.0002374204513361653,0.0714281553995633
6.20123261091105,0.00055545899543194,0.0002374204513361653,0.07143041253677189
6.202033125914676,0.0005544166036212661,0.0002374204513361653,0.07143249436573652
6.20283364101388,0.0005752308097873027,0.0002374204513361653,0.07143467575213167
6.203634156201281,0.0010107117909728264,0.0002374204513361653,0.07143657954790625
6.204434671469501,0.0008707102750986906,0.0002374204513361653,0.07143896934629022
6.2052351868111595,0.0006309216618091834,0.0002374204513361653,0.07144085101023272
6.206035702218878,0.0003199149901455395,0.0002374204513361653,0.0714422029373105
6.206836217685273,8.550001810636587e-05,0.0002374204513361653,0.07144300335483966
6.20763673320297,-0.00020921431927427292,0.0002374204513361653,0.071443230319875
6.208437248764586,-0.0004904769100900069,0.0002374204513361653,0.07144286171921123
6.209237764362744,-7.314236387623296e-05,0.0002374204513361653,0.07144187526938123
6.21003827999006,0.00040659128425031554,0.0002374204513361653,0.07144052705613399
6.210838795639161,0.00043014099815691376,0.0002374204513361653,0.0714381555437205
6.211639311302662,0.0007271048739280611,0.0002374204513361653,0.07143510444403339
6.212439826973185,0.001950739348824157,0.0002374204513361653,0.07143307815106897
6.21324034264335,0.0020913997472588874,0.0002374204513361653,0.0714315371855799
6.214040858305778,0.0017645233213910289,0.0002374204513361653,0.07143024086984957
6.2148413739530906,0.0011456336522479987,0.0002374204513361653,0.07142920064420812
6.215641889577905,0.0007762395686183726,0.0002374204513361653,0.0714284280458885
6.216442405172845,0.0007783057892027934,0.0002374204513361653,0.07142793470902684
6.217242920730529,-0.00043154052358730655,0.0002374204513361653,0.07142787338666806
6.218043436243577,-0.0007007860250116404,0.0002374204513361653,0.07142825031047002
6.218843951704612,-0.0006248218277509349,0.0002374204513361653,0.07142907185323803
6.219644467106252,-0.00012152158004109792,0.0002374204513361653,0.0714303445289235
6.2204449824411165,0.00019089081385081919,0.0002374204513361653,0.07143108719222153
6.22124549770183,0.0008635240298973945,0.0002374204513361653,0.07143126560843016
6.222046012881008,0.0012969238360164698,0.0002374204513361653,0.07143166193105721
6.222846527971274,0.001602532019123748,0.0002374204513361653,0.07143137893895023
6.223647042965248,0.0016854785543841538,0.0002374204513361653,0.07142712443504161
6.224447557855551,0.0015052290160980503,0.0002374204513361653,0.07142106253168451
6.225248072634801,0.001320647070631925,0.0002374204513361653,0.07142034947009242
6.226048587295621,0.0009921507911369032,0.0002374204513361653,0.07141990516334824
6.226849101830628,0.0006727785453091994,0.0002374204513361653,0.07141974288157461
6.227649616232447,0.0005885647409409889,0.0002374204513361653,0.07141987598564546
6.228450130493695,0.0005776549990571256,0.0002374204513361653,0.07141982147320353
6.229250644606992,0.0008070606029791233,0.0002374204513361653,0.07141957364373003
6.230051158564962,0.0003420116708893195,0.0002374204513361653,0.07141944128256567
6.230851672360222,0.0002490945006998896,0.0002374204513361653,0.07141940608880233
6.231652185985394,0.00021502767202598305,0.0002374204513361653,0.07141944980120843
6.2324526994330975,1.8043951883942033e-05,0.0002374204513361653,0.07142248707597533
6.233253212695955,0.0002623824085885018,0.0002374204513361653,0.07142727972150818
6.234053725766583,0.0004563740847068898,0.0002374204513361653,0.07142775855823343
6.234854238637605,0.0008137907566383579,0.0002374204513361653,0.07142771726330498
6.235654751301641,0.0013585450328716941,0.0002374204513361653,0.0714272927477544
6.236455263751311,0.0019264720549958536,0.0002374204513361653,0.07142729938792629
6.237255775979234,0.0024830058020278573,0.0002374204513361653,0.07142775033426321
6.238056287978034,0.0015852389670677064,0.0002374204513361653,0.07142790446346452
6.238856799740327,0.001218578851168231,0.0002374204513361653,0.07142774598349656
6.239657311258736,0.0009124525291428348,0.0002374204513361653,0.07142725902445365
6.240457822525881,0.00029381800858643836,0.0002374204513361653,0.07142642763855797
6.241258333534383,0.00011186938763947663,0.0002374204513361653,0.07142523580015935
6.242058844276861,-0.0008209913275310093,0.0002374204513361653,0.0714236674057364
6.242859354745937,-0.00019871844822075269,0.0002374204513361653,0.07142170627389471
6.243659864934229,0.0004759028888041833,0.0002374204513361653,0.07141933614536868
6.24446037483436,0.00042689586842643845,0.0002374204513361653,0.07141832038736541
6.245260884438949,0.0003459231317291256,0.0002374204513361653,0.07141746307518199
6.246061393740616,0.0006491207853483172,0.0002374204513361653,0.07141676884286273
6.246861902731983,0.0006133833299444141,0.0002374204513361653,0.07141624240682257
6.247662411405669,0.0007044711472462273,0.0002374204513361653,0.07141259416421303
6.248462919754296,0.0006934774757061807,0.0002374204513361653,0.07141064312700775
6.249263427770481,0.001092672881538595,0.0002374204513361653,0.0714104474375827
6.250063935446848,0.0007285884806673831,0.0002374204513361653,0.07141085697339865
6.250864442776016,0.00027692004869604714,0.0002374204513361653,0.07141160747340426
6.251664949750605,0.00031542701339594414,0.0002374204513361653,0.07141123885788567
6.252465456363236,0.00042377671630616787,0.0002374204513361653,0.07140967316154082
6.2532659626065294,3.190424717548768e-05,0.0002374204513361653,0.07141071755549051
6.254066468473106,0.0009727041375397344,0.0002374204513361653,0.07141084028449662
6.254866973955585,-3.26906882830158e-05,0.0002374204513361653,0.0714100198007908
6.255667479046588,0.00030472135082618146,0.0002374204513361653,0.0714065008946064
6.256467983738734,0.0011945495469853629,0.0002374204513361653,0.07140023578794154
6.2572684880246445,0.0014043972284952383,0.0002374204513361653,0.07139456649452838
6.258068991896939,0.0011774650361478373,0.0002374204513361653,0.07139066847292151
6.258869495348239,0.0010297289951250177,0.0002374204513361653,0.07138779886621995
6.259669998371165,0.0006904035977285811,0.0002374204513361653,0.07138598599404301
6.260470500958336,0.00022607050814969776,0.0002374204513361653,0.07138431469669558
6.261271003102373,0.0005589450941405338,0.0002374204513361653,0.07138277743742406
6.262071504795896,0.0011158538933806195,0.0002374204513361653,0.07138136675840741
6.262872006031528,0.0006043659061542445,0.0002374204513361653,0.07138007528075599
6.2636725068018855,0.0004526148939378305,0.0002374204513361653,0.07137889570451206
6.264473007099593,0.0004008335032491539,0.0002374204513361653,0.07137751443160277
6.265273506917266,0.0006090643398863615,0.0002374204513361653,0.07137584925341492
6.266074006247528,0.0005811282963245068,0.0002374204513361653,0.07137390863047947
6.266874505083001,0.000740345837063297,0.0002374204513361653,0.07137170097876427
6.267675003416301,0.0011923629862553575,0.0002374204513361653,0.07136923466967303
6.268475501240052,0.0011360026955902075,0.0002374204513361653,0.07136651803004578
6.269275998546872,0.0010532585545354745,0.0002374204513361653,0.07136355934215918
6.270076495329383,0.0014403556273227675,0.0002374204513361653,0.07136096618964456
6.270876991580205,0.0013751771475096902,0.0002374204513361653,0.07135872298098334
6.271677487291958,0.0009463663266277844,0.0002374204513361653,0.07135681426814332
6.272477982457263,0.0009011978796931164,0.0002374204513361653,0.07135515732895378
6.27327847706874,0.0009596004091750321,0.0002374204513361653,0.0713537343892371
6.27407897111901,0.0005350116226414542,0.0002374204513361653,0.07135252779796675
6.2748794646006925,0.0004982001006213072,0.0002374204513361653,0.07134927779852857
6.275679957506409,-7.630168488087508e-05,0.0002374204513361653,0.07134766394330967
6.276480449828778,-0.0004288413096739524,0.0002374204513361653,0.07134397075076102
6.277280941560421,-0.00023689856748497495,0.0002374204513361653,0.07133826234185571
6.27808143269396,0.0008708795864891261,0.0002374204513361653,0.07133025148324373
6.278881923222012,0.0012973576422450894,0.0002374204513361653,0.07132468620294222
6.279682413137199,-0.00028786716226346376,0.0002374204513361653,0.07132149767096449
6.280482902432143,0.0013827887245142917,0.0002374204513361653,0.0713208238757855
6.281283391099463,0.0013540685372469413,0.0002374204513361653,0.0713157335153989
6.282083879131779,0.0011388260263435757,0.0002374204513361653,0.07130969676166221
6.282884366521712,0.0011996257763530194,0.0002374204513361653,0.0713038526670837
6.283684853261882,0.0012935272905667539,0.0002374204513361653,0.07129820078237223
6.2844853393449105,0.0012824027813117117,0.0002374204513361653,0.07129383654030022
6.285285824763416,0.0009621188120599311,0.0002374204513361653,0.07128906158274621
6.2860863095100195,0.00045178186148389643,0.0002374204513361653,0.07128389829987403
6.2868867935773425,0.00012561555911996813,0.0002374204513361653,0.07127836901234959
6.287687276958004,-0.00017145793283994404,0.0002374204513361653,0.07127249597134033
6.288487759644625,-0.00030758950192900925,0.0002374204513361653,0.07126630135851557
6.289288241629827,-0.0009780305441005471,0.0002374204513361653,0.07126087492382742
6.29008872290623,-0.0015318034154925275,0.0002374204513361653,0.07125564248056629
6.290889203466452,-0.0013127399257473055,0.0002374204513361653,0.07125056250050033
6.291689683303115,-0.0010559386728947046,0.0002374204513361653,0.07124335194609192
6.292490162408842,-0.00030390393855926623,0.0002374204513361653,0.07123533290952984
6.293290640776248,0.00013397928674381554,0.0002374204513361653,0.07122855789034746
6.294091118397959,-0.0005565101891644303,0.0002374204513361653,0.0712216895791209
6.2948915952665905,7.992484600351235e-05,0.0002374204513361653,0.07121472606541862
6.295692071374766,0.00021111353952146805,0.0002374204513361653,0.0712076654313075
6.296492546715106,-0.00024620233529011604,0.0002374204513361653,0.07120050575135208
6.297293021280228,0.0006022835674162758,0.0002374204513361653,0.07119324509261593
6.298093495062756,0.0003364476246637965,0.0002374204513361653,0.07118638637224854
6.2988939680553075,0.00011498066738453716,0.0002374204513361653,0.07118002944120955
6.299694440250505,-0.00015229167260560894,0.0002374204513361653,0.07117263661113124
6.300494911640967,-0.0001889801641103972,0.0002374204513361653,0.07116541600867424
6.301295382219315,-2.4052337605981466e-05,0.0002374204513361653,0.07115841896773259
6.30209585197817,0.0005441351393098703,0.0002374204513361653,0.07114838218208937
6.302896320910152,0.0007777136633846382,0.0002374204513361653,0.071141601669759
6.30369678900788,0.0006951508204113693,0.0002374204513361653,0.07113381610416271
6.304497256263976,0.0014863440781760912,0.0002374204513361653,0.07112627376491153
6.305297722671059,0.0016044676480916897,0.0002374204513361653,0.07111900166211578
6.306098188221752,0.0017709757221946731,0.0002374204513361653,0.07111132693568506
6.306898652908673,0.0015529367237071823,0.0002374204513361653,0.07110324970289589
6.307699116724442,0.0005183927326447707,0.0002374204513361653,0.07109476998919473
6.308499579661682,0.00016046784308414164,0.0002374204513361653,0.07108588772819978
6.30930004171301,0.00020686011074221022,0.0002374204513361653,0.07107660276169997
6.31010050287105,0.0005292988682224914,0.0002374204513361653,0.0710669148396556
6.31090096312842,0.0004589808628934211,0.0002374204513361653,0.07105531818415887
6.31170142247774,8.995078314351368e-05,0.0002374204513361653,0.07104619288381163
6.312501880911633,0.00032948110944729103,0.0002374204513361653,0.07103755664547225
6.313302338422717,0.0007988101420533661,0.0002374204513361653,0.07102942278304582
6.314102795003613,0.0010784627477583436,0.0002374204513361653,0.07102126673972362
6.3149032506469425,0.0008134936116107189,0.0002374204513361653,0.07101308131528035
6.3157037053453235,0.0007161356817301789,0.0002374204513361653,0.07100485931728977
6.316504159091378,0.0007937805689779281,0.0002374204513361653,0.07099659356112448
6.317304611877728,0.0008234042201453323,0.0002374204513361653,0.0709877388291674
6.318105063696991,0.0009247299923845625,0.0002374204513361653,0.07097826709810943
6.318905514541789,0.0011719547327840585,0.0002374204513361653,0.07096815019015565
6.319705964404742,0.0014701737233360074,0.0002374204513361653,0.07095735977302514
6.32050641327847,0.0011608525992619911,0.0002374204513361653,0.07094490834417137
6.321306861155594,0.0001501491363711388,0.0002374204513361653,0.07093280353485536
6.322107308028733,0.0002974021119667991,0.0002374204513361653,0.07092362558122804
6.32290775389051,0.00010458457165272994,0.0002374204513361653,0.07091459173502375
6.323708198733543,-4.374767467077434e-05,0.0002374204513361653,0.07090570443812938
6.3245086425504535,-0.00019104223524296637,0.0002374204513361653,0.07089589034019696
6.3253090853338625,0.0002214459551931891,0.0002374204513361653,0.07088583930169175
6.326109527076389,0.00041433797893149216,0.0002374204513361653,0.07087557078966822
6.3269099677706535,0.0010589997323958156,0.0002374204513361653,0.07086574877474885
6.3277104074092785,0.0012946045618339036,0.0002374204513361653,0.07085636703804939
6.328510845984881,0.0012853003020424358,0.0002374204513361653,0.07084913243342483
6.329311283490084,0.0009975943295040673,0.0002374204513361653,0.0708401503164864
6.330111719917507,0.0006880159309256423,0.0002374204513361653,0.07083087036381104
6.330912155259771,0.0006337992542822524,0.0002374204513361653,0.07082131605867505
6.331712589509495,0.000936304489924697,0.0002374204513361653,0.07081193970031295
6.332513022659301,0.0007850337358257797,0.0002374204513361653,0.07080274758672037
6.333313454701807,0.00017940754061819553,0.0002374204513361653,0.07079374606826702
6.3341138856296375,-0.00037185629667693676,0.0002374204513361653,0.07078494154769498
6.33491431543541,-0.0007306909628109343,0.0002374204513361653,0.07077504684067018
6.335714744111744,-7.644026913314339e-05,0.0002374204513361653,0.07076541209032941
6.336515171651262,0.000983449910172074,0.0002374204513361653,0.07075603340768535
6.337315598046583,0.001790122332876093,0.0002374204513361653,0.07074776200998932
6.338116023290329,0.0013124931342050894,0.0002374204513361653,0.07074021912511542
6.338916447375119,0.001324898944301156,0.0002374204513361653,0.0707359545264696
6.339716870293573,0.0014001724241380076,0.0002374204513361653,0.07073319105297776
6.340517292038315,0.0012206432979136733,0.0002374204513361653,0.07072736052853291
6.341317712601959,0.0008033521260154414,0.0002374204513361653,0.0707190129535349
6.342118131977131,0.0008072078498738144,0.0002374204513361653,0.07071048671289303
6.342918550156449,0.0021846377689115765,0.0002374204513361653,0.0707014883493567
6.343718967132535,0.0022132753976149694,0.0002374204513361653,0.07069204300819053
6.344519382898007,0.0019571879828919753,0.0002374204513361653,0.07067695836511202
6.345319797445486,0.0020434503272027393,0.0002374204513361653,0.07066534877752183
6.346120210767593,0.001175271147617063,0.0002374204513361653,0.07065472164314962
6.346920622856949,0.00038516677442831937,0.0002374204513361653,0.07064512358058915
6.347721033706175,0.00045854932015808314,0.0002374204513361653,0.07063552180625439
6.348521443307888,0.0008878423129466961,0.0002374204513361653,0.07062592170766972
6.349321851654711,0.0007111833769765791,0.0002374204513361653,0.07061632865560356
6.3501222587392645,0.0005067871660374562,0.0002374204513361653,0.07060674800406898
6.350922664554168,1.597602417817423e-05,0.0002374204513361653,0.07059718509032283
6.351723069092043,-0.00016369469966195926,0.0002374204513361653,0.07058795206162251
6.352523472345508,-0.00030764465036418887,0.0002374204513361653,0.07057904204519665
6.353323874307186,-0.00020707419415415262,0.0002374204513361653,0.07057044824779919
6.354124274969695,-9.430657692083289e-05,0.0002374204513361653,0.07056461684741809
6.354924674325655,-0.00038639209109687933,0.0002374204513361653,0.07056056246001247
6.35572507236769,-0.00029411023624713317,0.0002374204513361653,0.07055105291088852
6.356525469088417,0.00013718292676895283,0.0002374204513361653,0.070541098647989
6.357325864480457,-9.649681521782527e-05,0.0002374204513361653,0.07053070641327124
6.358126258536432,-2.8612175809669682e-05,0.0002374204513361653,0.07052087487719934
6.358926651248962,0.0003866150534650309,0.0002374204513361653,0.07051159103793465
6.359727042610664,0.0005629831811618385,0.0002374204513361653,0.07050603717060344
6.360527432614163,0.00030917272234728954,0.0002374204513361653,0.07050322688403668
6.361327821252077,0.0001668099645286275,0.0002374204513361653,0.07049763173373376
6.362128208517027,0.0005322111909686483,0.0002374204513361653,0.0704900453928769
6.362928594401633,0.00022932935874164784,0.0002374204513361653,0.07048343569053607
6.363728978898516,0.0001852673472116234,0.0002374204513361653,0.07047678156058979
6.364529362000296,0.00016860281580002856,0.0002374204513361653,0.07047048933971857
6.3653297436995935,-0.0001781106209291089,0.0002374204513361653,0.07046413181003856
6.366130123989028,-0.000160340634092912,0.0002374204513361653,0.07045771803316526
6.366930502861222,0.0005604792185489454,0.0002374204513361653,0.07045125706804908
6.367730880308794,0.0005261482311643001,0.0002374204513361653,0.07044475797097531
6.368531256324364,0.0014070479975995531,0.0002374204513361653,0.07043806462221927
6.369331630900555,0.001875262003765782,0.0002374204513361653,0.07043117967077073
6.370132004029985,0.0013971227710463663,0.0002374204513361653,0.07042410571313851
6.370932375705276,0.0010835271854743589,0.0002374204513361653,0.07041684529335047
6.371732745919046,0.0013854149377859476,0.0002374204513361653,0.07040940090295389
6.372533114663918,0.0020547311847649297,0.0002374204513361653,0.07040177498101498
6.373333481932511,0.0020442162860968283,0.0002374204513361653,0.0703939699141191
6.374133847717446,0.0021487079093937683,0.0002374204513361653,0.07038598803637154
6.374934212011344,0.0018022617491797316,0.0002374204513361653,0.07037783162939702
6.375734574806824,0.00082007792420212,0.0002374204513361653,0.07036950292233958
6.376534936096507,0.00028059175767557176,0.0002374204513361653,0.07036100409186308
6.377335295873013,0.00016325173546571925,0.0002374204513361653,0.07035233726215136
6.378135654128963,-0.0005841394478328932,0.0002374204513361653,0.07034350450490814
6.378936010856977,-0.0005298933640198039,0.0002374204513361653,0.07033247797367169
6.379736366049675,-0.0002041557639877456,0.0002374204513361653,0.07032243500429104
6.38053671969968,-1.5035205950683639e-05,0.0002374204513361653,0.07031217176619446
6.381337071799608,-0.0005160491938672462,0.0002374204513361653,0.07030199923500109
6.382137422342082,-0.0009641655521024639,0.0002374204513361653,0.07029190554692014
6.382937771319724,-0.00022809086231478926,0.0002374204513361653,0.07028254072566324
6.383738118725151,0.0006395532629400458,0.0002374204513361653,0.07027391863282467
6.384538464550985,0.0009149944657039777,0.0002374204513361653,0.0702660533659876
6.385338808789847,0.00026258429174434716,0.0002374204513361653,0.0702582650009063
6.386139151434356,-0.0003341381552313394,0.0002374204513361653,0.07025054119848607
6.386939492477134,0.00032991780330601794,0.0002374204513361653,0.07024908533675285
6.387739831910799,0.0005359902153501683,0.0002374204513361653,0.07024862419355046
6.388540169727974,0.000500695812941751,0.0002374204513361653,0.07024301628351833
6.389340505921277,0.0006196879260845362,0.0002374204513361653,0.07023583655987356
6.390140840483331,0.00044730884326874,0.0002374204513361653,0.07022713278191271
6.3909411734067545,0.0007402558627992994,0.0002374204513361653,0.07021626635089584
6.391741504684168,0.00015176947148901054,0.0002374204513361653,0.07020128896376411
6.392541834308194,-0.00032260866917616093,0.0002374204513361653,0.07018274833313336
6.39334216227145,0.00072992824080996,0.0002374204513361653,0.07016515396024488
6.394142488566558,0.0002431974371783635,0.0002374204513361653,0.07014877079272412
6.3949428131861366,7.9341336720537e-05,0.0002374204513361653,0.07013662470692177
6.395743136122809,0.0006995031328651258,0.0002374204513361653,0.07012362950261726
6.396543457369194,0.0005930139329209522,0.0002374204513361653,0.07010975800338792
6.397343776917913,0.00027065000791937077,0.0002374204513361653,0.0700995573008161
6.398144094761585,0.0007204505767944847,0.0002374204513361653,0.07008838027803715
6.398944410892831,0.0008087595289773264,0.0002374204513361653,0.07007698871005857
6.399744725304271,0.0007813795386043265,0.0002374204513361653,0.07006701757249653
6.400545037988526,0.00031600008369810084,0.0002374204513361653,0.07005727437436908
6.401345348938217,-0.00015091730766021716,0.0002374204513361653,0.07004878706353328
6.402145658145963,0.000225884141118321,0.0002374204513361653,0.07004167596840685
6.402945965604385,0.000837577663882913,0.0002374204513361653,0.070029271655074
6.403746271306102,0.00011178801041113184,0.0002374204513361653,0.07001784552487178
6.404546575243738,-0.0003181912106865886,0.0002374204513361653,0.07000684856149546
6.40534687740991,-8.358324606089207e-05,0.0002374204513361653,0.06999593368072153
6.40614717779724,0.00034999830824285205,0.0002374204513361653,0.06998510371191516
6.406947476398347,0.0010183849323918553,0.0002374204513361653,0.06997436148856218
6.407747773205854,0.0024857158304718574,0.0002374204513361653,0.06996370984827037
6.408548068212378,0.0024493045902667654,0.0002374204513361653,0.06995315163276836
6.409348361410542,0.0026140185102796615,0.0002374204513361653,0.06994268968790672
6.410148652792965,0.003519691896264693,0.0002374204513361653,0.06993232686365673
6.4109489423522685,0.0024944556442789284,0.0002374204513361653,0.0699220660141113
6.411749230081073,0.002241478330117855,0.0002374204513361653,0.06991190999748467
6.412549515971996,0.0017433877134855613,0.0002374204513361653,0.06990186167611213
6.413349800017662,0.0004254158989398654,0.0002374204513361653,0.0698926431387668
6.414150082210689,0.0009127876691735065,0.0002374204513361653,0.06988316334793572
6.414950362543697,0.0015442906802133893,0.0002374204513361653,0.06987406938749556
6.415750641009309,0.0025537455151635052,0.0002374204513361653,0.06986501392085367
6.4165509176001425,0.002764857443789001,0.0002374204513361653,0.06985600215370177
6.41735119230882,0.0023738714242731856,0.0002374204513361653,0.06984703927711708
6.41815146512796,0.0022147916565641856,0.0002374204513361653,0.06983813046756239
6.418951736050185,0.0018638512441136318,0.0002374204513361653,0.06982928088688647
6.419752005068113,0.002013274502325177,0.0002374204513361653,0.06982049568232368
6.420552272174366,0.0019311235112833974,0.0002374204513361653,0.0698124829596634
6.421352537361564,0.0019129654100370763,0.0002374204513361653,0.06980507327628657
6.422152800622328,0.0012750567609158825,0.0002374204513361653,0.06979823837351964
6.422953061949277,0.0011863909958933216,0.0002374204513361653,0.06979536838634605
6.423753321335034,0.0009707413033055445,0.0002374204513361653,0.06979267523281259
6.4245535787722154,0.00023720544038279,0.0002374204513361653,0.06978825690293233
6.425353834253445,-6.537088508976052e-05,0.0002374204513361653,0.06978078408319588
6.426154087771342,0.0007111515559976439,0.0002374204513361653,0.06977094690863983
6.426954339318526,0.0002811095050170853,0.0002374204513361653,0.0697601514191225
6.42775458888762,0.0008511766374539459,0.0002374204513361653,0.06975172346060182
6.428554836471241,0.0005268775052525987,0.0002374204513361653,0.0697447463153395
6.429355082062012,0.00012036550175419103,0.0002374204513361653,0.06973917216891892
6.430155325652551,-0.00023296484226141556,0.0002374204513361653,0.06973495362754609
6.430955567235481,7.394514422306986e-05,0.0002374204513361653,0.06973290988639426
6.43175580680342,0.0017104146977456047,0.0002374204513361653,0.06972896126738135
6.43255604434899,0.0027001800487446853,0.0002374204513361653,0.06972386158104768
6.433356279864812,0.00247469747799145,0.0002374204513361653,0.06972099251221646
6.434156513343504,0.0021783972550822733,0.0002374204513361653,0.069719253990098
6.434956744777689,0.0015591860163475801,0.0002374204513361653,0.06971605334464798
6.435756974159986,0.0004999797470489065,0.0002374204513361653,0.06970962644016057
6.436557201483015,0.00020558787318454563,0.0002374204513361653,0.06969934796129142
6.437357426739397,0.00036675544699718565,0.0002374204513361653,0.06968626008563117
6.438157649921752,0.0001524706070697851,0.0002374204513361653,0.06967637919847698
6.438957871022701,-2.4155903479705643e-05,0.0002374204513361653,0.06966672518700655
6.439758090034864,-0.0001419189566049528,0.0002374204513361653,0.06965734937409365
6.440558306950862,-0.0007053912491152836,0.0002374204513361653,0.06964750176624404
6.4413585217633145,-0.000983193960110762,0.0002374204513361653,0.06963831426311208
6.442158734464843,-0.00047987158806676866,0.0002374204513361653,0.0696297629481061
6.442958945048066,-5.029942220592665e-05,0.0002374204513361653,0.06962048446791297
6.4437591535056065,-8.195193839238835e-06,0.0002374204513361653,0.0696110310329576
6.444559359830083,0.0002937427516105512,0.0002374204513361653,0.06960141122454018
6.445359564014115,0.00018277521457206458,0.0002374204513361653,0.06959163353282054
6.446159766050326,0.00037975144213651946,0.0002374204513361653,0.0695817063568181
6.446959965931335,0.0006482849733189383,0.0002374204513361653,0.06957232759675555
6.44776016364976,0.00033424406790734384,0.0002374204513361653,0.06956347810192456
6.4485603591982255,0.0005228374260164009,0.0002374204513361653,0.06955513884689876
6.449360552569348,0.0011575161306134896,0.0002374204513361653,0.06954816981318174
6.450160743755751,0.0011806721189420721,0.0002374204513361653,0.06954223028974393
6.4509609327500534,0.0012016607044849775,0.0002374204513361653,0.06953435860908266
6.4517611195448765,0.0014107974000421436,0.0002374204513361653,0.06952449553683272
6.452561304132839,0.00109053197654925,0.0002374204513361653,0.069514936408342
6.453361486506562,0.0010877649800990347,0.0002374204513361653,0.06950566074921666
6.454161666658668,0.0010544374231273163,0.0002374204513361653,0.06949573573982587
6.454961844581773,0.00024226343833350095,0.0002374204513361653,0.06948532186006807
6.455762020268502,-0.00021731847385517145,0.0002374204513361653,0.0694758402139651
6.4565621937114726,-0.0005251182198797583,0.0002374204513361653,0.0694673897325687
6.4573623649033065,0.0002626583388263548,0.0002374204513361653,0.06945756548043967
6.4581625338366235,0.0005633699866158942,0.0002374204513361653,0.06944855995767162
6.458962700504045,0.00046926570030117465,0.0002374204513361653,0.0694404155615297
6.459762864898189,0.0004352572084550116,0.0002374204513361653,0.06943196955066908
6.460563027011678,0.00023641186984636742,0.0002374204513361653,0.06942388086680508
6.461363186837131,-0.00039040990756392113,0.0002374204513361653,0.06941778940770311
6.46216334436717,-0.0008711146525891833,0.0002374204513361653,0.06941241420315813
6.462963499594414,-0.0004082069136089189,0.0002374204513361653,0.069403757586066
6.463763652511485,-6.278725004915664e-05,0.0002374204513361653,0.06939430575298124
6.464563803111001,-0.0002171609852004569,0.0002374204513361653,0.06938459082594016
6.4653639513855845,-0.00019970534354869784,0.0002374204513361653,0.06937461095548193
6.466164097327854,-0.00025102886590618045,0.0002374204513361653,0.06936436418026178
6.466964240930434,0.0004337460413688238,0.0002374204513361653,0.06935384842705149
6.467764382185939,0.0006952158708225242,0.0002374204513361653,0.0693430615107392
6.468564521086993,0.0011315003902713783,0.0002374204513361653,0.0693318527731959
6.469364657626216,0.0013806228044270785,0.0002374204513361653,0.06932095032342644
6.470164791796228,0.002839376929042084,0.0002374204513361653,0.06931036182282073
6.47096492358965,0.004082606277235959,0.0002374204513361653,0.06930009498887132
6.4717650529991015,0.003022935345540767,0.0002374204513361653,0.06929015759517267
6.472565180017203,0.002596473277069841,0.0002374204513361653,0.06928055747142134
6.473365304636577,0.0021782794553905915,0.0002374204513361653,0.06927130250341566
6.474165426849839,0.001624046732730075,0.0002374204513361653,0.0692617773155561
6.4749655466496145,0.0011071481709865327,0.0002374204513361653,0.0692519657473955
6.475765664028521,0.0005671142686819591,0.0002374204513361653,0.06924185150662512
6.47656577897918,0.0003343569612870301,0.0002374204513361653,0.06923141816907578
6.477365891494212,0.0004206170994942582,0.0002374204513361653,0.06922064917871851
6.478166001566237,0.0011883573025945199,0.0002374204513361653,0.06920952784766408
6.478966109187875,0.0006162464441266946,0.0002374204513361653,0.06919803735616406
6.479766214351748,0.0010247953737741872,0.0002374204513361653,0.06918616075261119
6.480566317050474,0.0011285388157116771,0.0002374204513361653,0.06917388095353924
6.481366417276675,0.00021729549209578702,0.0002374204513361653,0.06916190447719404
6.482166515022971,0.0008158747988708526,0.0002374204513361653,0.06915187649755057
6.4829666102819825,0.0027689117763775584,0.0002374204513361653,0.06914305032322106
6.48376670304633,0.00474932328215949,0.0002374204513361653,0.06913529991705764
6.484566793308634,0.0045183089942137655,0.0002374204513361653,0.06912668514595159
6.4853668810615135,0.004038557319974198,0.0002374204513361653,0.0691207999801607
6.486166966297591,0.0023919796313243286,0.0002374204513361653,0.06911356424901623
6.486967049009485,0.0007548307610853178,0.0002374204513361653,0.06910448458417322
6.487767129189818,-5.718903533954989e-05,0.0002374204513361653,0.06909506864616827
6.488567206831209,-0.0011665984853160144,0.0002374204513361653,0.0690841806460581
6.4893672819262775,-0.0014068748899309647,0.0002374204513361653,0.06907350090951611
6.490167354467645,-0.000592670239104448,0.0002374204513361653,0.06906305516453105
6.490967424447933,0.001653340579447854,0.0002374204513361653,0.06905286917988078
6.49176749185976,0.0019182787183839173,0.0002374204513361653,0.06904296876513236
6.4925675566957475,0.0025376072345372064,0.0002374204513361653,0.06903378524179608
6.493367618948516,0.0017539579719625942,0.0002374204513361653,0.06902421806983332
6.494167678610683,0.0005352908578056398,0.0002374204513361653,0.06901423418240704
6.494967735674874,0.00028284957658636367,0.0002374204513361653,0.069003800345915
6.495767790133706,0.002317408479158803,0.0002374204513361653,0.06899521442359748
6.4965678419798,0.003033596420575921,0.0002374204513361653,0.0689872077624671
6.497367891205776,0.002987910190844323,0.0002374204513361653,0.06897978631492861
6.498167937804256,0.002169511474964067,0.0002374204513361653,0.06897264487428899
6.4989679817678585,0.002207972660732249,0.0002374204513361653,0.06896577760095432
6.499768023089206,0.0013936478505931077,0.0002374204513361653,0.06895917869799457
6.500568061760916,0.00093860752285925,0.0002374204513361653,0.06895284241114356
6.501368097775611,-8.451044869943469e-05,0.0002374204513361653,0.06895077428891754
6.50216813112591,-1.3658900553908948e-05,0.0002374204513361653,0.06895054843584061
6.502968161804436,-0.0003140092612310408,0.0002374204513361653,0.06894949608089299
6.503768189803806,-0.0006475020147525545,0.0002374204513361653,0.06894622118632739
6.5045682151166435,0.000198050834366012,0.0002374204513361653,0.06894246764263677
6.505368237735567,0.0010856791377166358,0.0002374204513361653,0.06893689467587984
6.506168257653197,0.0016239784585313083,0.0002374204513361653,0.06892975317414124
6.506968274862155,0.0014283980630582782,0.0002374204513361653,0.0689203689621621
6.50776828935506,0.0016425235568310048,0.0002374204513361653,0.0689126189203612
6.508568301124534,0.0015698271269368458,0.0002374204513361653,0.06890503729931313
6.509368310163195,0.0007278672980590428,0.0002374204513361653,0.06889763229009466
6.510168316463665,0.000851942527470867,0.0002374204513361653,0.06889041211265527
6.5109683200185655,0.0015445081387865517,0.0002374204513361653,0.06888338501581726
6.511768320820514,0.002244572584735427,0.0002374204513361653,0.06887655927727548
6.512568318862134,0.0014999905649469847,0.0002374204513361653,0.06886994320359788
6.513368314136043,0.0016080825679324617,0.0002374204513361653,0.06886354513022457
6.514168306634865,0.0010824867315352704,0.0002374204513361653,0.06885737342146812
6.514968296351216,0.00012419135580771234,0.0002374204513361653,0.06885144702346274
6.515768283277719,0.0003516958812547627,0.0002374204513361653,0.06884549880403892
6.516568267406994,0.0008807764573948024,0.0002374204513361653,0.06883952716170265
6.517368248731662,0.0012914996684774416,0.0002374204513361653,0.06883353044402005
6.518168227244343,0.0016607833624763951,0.0002374204513361653,0.06882750694761816
6.518968202937656,0.0018294757078666374,0.0002374204513361653,0.06882145491818499
6.519768175804224,0.002459299397359893,0.0002374204513361653,0.06881537255046904
6.520568145836664,0.0027123149978859618,0.0002374204513361653,0.06880925798828026
6.5213681130276,0.0019284270319200464,0.0002374204513361653,0.06880310932448984
6.522168077369651,0.001609002795893169,0.0002374204513361653,0.06879692460103039
6.522968038855436,0.0012118394181560577,0.0002374204513361653,0.06879096004919484
6.523767997477576,-0.00010151276481643046,0.0002374204513361653,0.06878520336018075
6.524567953228694,-0.0008037580035768765,0.0002374204513361653,0.0687796422553032
6.525367906101407,-0.0008777952003782286,0.0002374204513361653,0.06877426448599445
6.526167856088337,-0.0006314776802257421,0.0002374204513361653,0.06876877454272955
6.526967803182104,-0.00014530918201274834,0.0002374204513361653,0.06876317148024123
6.527767747375329,0.0015112320053098927,0.0002374204513361653,0.06875745429446098
6.5285676886606305,0.0016028564107190002,0.0002374204513361653,0.06875274082767274
6.529367627030632,0.0013165473116937693,0.0002374204513361653,0.06874843741147776
6.530167562477952,0.0008704083710608101,0.0002374204513361653,0.06874452472973652
6.53096749499521,0.0004654669619667956,0.0002374204513361653,0.06874034907757447
6.531767424575027,-0.0005371908902845751,0.0002374204513361653,0.06873590118293435
6.532567351210026,-0.0009102703393919637,0.0002374204513361653,0.06872939021374011
6.533367274892823,-0.0005919048610248112,0.0002374204513361653,0.06872471116450372
6.5341671956160425,-0.0003911086354210641,0.0002374204513361653,0.06872051270208313
6.534967113372303,-0.000768340922968333,0.0002374204513361653,0.0687169077436525
6.535767028154224,-0.001025846207474021,0.0002374204513361653,0.0687134666938543
6.536566939954427,-0.0008454528277829498,0.0002374204513361653,0.06871018885652433
6.537366848765533,-0.0003533564981728077,0.0002374204513361653,0.06870707353543405
6.5381667545801605,0.00031017528288576623,0.0002374204513361653,0.06870412003429206
6.538966657390931,0.0003797920081085593,0.0002374204513361653,0.06870132765674343
6.539766557190466,0.00033916753896469365,0.0002374204513361653,0.06869851089494887
6.540566453971385,0.0008963876474955279,0.0002374204513361653,0.0686956618896728
6.541366347726307,0.0011709379977715428,0.0002374204513361653,0.06869188350675118
6.542166238447854,0.0004972371513490143,0.0002374204513361653,0.0686874880763498
6.542966126128646,0.00048371677389172363,0.0002374204513361653,0.06867977012407656
6.543766010761304,-7.82650222388992e-06,0.0002374204513361653,0.06867124304260888
6.544565892338447,0.00012082223082633681,0.0002374204513361653,0.06866902673329063
6.545365770852697,0.00040427303067488984,0.0002374204513361653,0.06867145910623176
6.546165646296673,0.0017803462533420439,0.0002374204513361653,0.06867605488477006
6.546965518662995,0.0022540640662904454,0.0002374204513361653,0.06867954791849952
6.5477653879442865,0.0016403912822764988,0.0002374204513361653,0.06868313062674469
6.548565254133164,0.0015267414361705839,0.0002374204513361653,0.06868637948572569
6.5493651172222505,0.0005107926345233188,0.0002374204513361653,0.06868931151554189
6.550164977204165,-1.001544412236599e-05,0.0002374204513361653,0.06869194367357538
6.55096483407153,-0.000248959721227196,0.0002374204513361653,0.06869477886342364
6.551764687816963,-0.0004383358053828834,0.0002374204513361653,0.06869781462971603
6.552564538433085,0.0002639742801349987,0.0002374204513361653,0.06870144750970089
6.553364385912518,0.000706579142314076,0.0002374204513361653,0.06870516170498454
6.554164230247882,0.0016959367454014718,0.0002374204513361653,0.06870782187852364
6.5549640714317965,0.0016380811920335692,0.0002374204513361653,0.06871058242919882
6.555763909456882,0.0026696355588207155,0.0002374204513361653,0.06871312706316354
6.55656374431576,0.0025792498537794833,0.0002374204513361653,0.06871544626739015
6.55736357600105,0.0016675408621987658,0.0002374204513361653,0.06871753048206573
6.558163404505372,0.0011258471230875394,0.0002374204513361653,0.06871681910244799
6.558963229821346,0.0014298019272875329,0.0002374204513361653,0.068714120265326
6.559763051941595,0.0010216353834239383,0.0002374204513361653,0.0687159238428894
6.560562870858737,-0.0004145250580594312,0.0002374204513361653,0.0687180371950998
6.561362686565394,-0.00028002399399482125,0.0002374204513361653,0.06872047232722624
6.562162499054184,-0.0002814880313412871,0.0002374204513361653,0.06872247373884667
6.562962308317728,-0.0005794366056845746,0.0002374204513361653,0.06872402392655715
6.56376211434865,-0.0006608911666124984,0.0002374204513361653,0.06872178236742552
6.5645619171395655,-0.00013523547297056293,0.0002374204513361653,0.06871648333586214
6.565361716683099,-2.3333529952054843e-05,0.0002374204513361653,0.06871365401262819
6.566161512971867,0.0003263000710683195,0.0002374204513361653,0.06871613788631013
6.566961305998493,0.0005065769369127227,0.0002374204513361653,0.06871425504789641
6.567761095755595,0.0004886916720284878,0.0002374204513361653,0.0687117650903503
6.568560882235795,0.0006761231450036348,0.0002374204513361653,0.06870827663053622
6.569360665431715,8.646330776244937e-05,0.0002374204513361653,0.06870423257325999
6.570160445335971,0.0005345791293334123,0.0002374204513361653,0.06870018838425715
6.570960221941188,0.0012191337832489074,0.0002374204513361653,0.06869614611728359
6.571759995239982,0.0036592249633329854,0.0002374204513361653,0.06869210787912411
6.572559765224977,0.005150712525840415,0.0002374204513361653,0.06868834191785436
6.573359531888791,0.0050224979042401,0.0002374204513361653,0.06868483988660153
6.574159295224046,0.0038541833247335844,0.0002374204513361653,0.06868159357501923
6.574959055223362,0.0019853408038734283,0.0002374204513361653,0.06867859490928595
6.575758811879359,0.0004657868702911405,0.0002374204513361653,0.0686758359521065
6.576558565184657,0.0012163506610121666,0.0002374204513361653,0.06867291977358468
6.577358315131876,0.0019795129993921273,0.0002374204513361653,0.06866967268494442
6.57815806171364,0.0022268311004770697,0.0002374204513361653,0.06866610968045828
6.578957804922565,0.0026993335047376388,0.0002374204513361653,0.06866364307395058
6.579757544751274,0.0017217397678287866,0.0002374204513361653,0.06865931936733602
6.5805572811923865,0.0007893107199585248,0.0002374204513361653,0.06865463736243853
6.581357014238522,0.0007019452971125245,0.0002374204513361653,0.06864961550688198
6.582156743882303,0.0008523444563791199,0.0002374204513361653,0.06864459071497846
6.582956470116348,0.0006675519245889772,0.0002374204513361653,0.06863956865023431
6.5837561929332775,0.0005552356577218781,0.0002374204513361653,0.06863455500464084
6.584555912325714,0.0001806003477892032,0.0002374204513361653,0.06862955549867375
6.585355628286275,-0.0005069819798576153,0.0002374204513361653,0.06862425300650626
6.586155340807584,-0.0008504274830618691,0.0002374204513361653,0.06861864079206331
6.586955049882258,-0.000616140220300293,0.0002374204513361653,0.06861271205040582
6.587754755502919,-0.00022938412694885335,0.0002374204513361653,0.06860645990773256
6.588554457662188,6.750654117446131e-05,0.0002374204513361653,0.06860004447496784
6.589354156352686,0.0010747934679979365,0.0002374204513361653,0.06859317766966666
6.590153851567031,0.001389633221335923,0.0002374204513361653,0.0685858567255376
6.590953543297846,0.0019051638844300167,0.0002374204513361653,0.06857161447899227
6.591753231537748,0.0025940187445337715,0.0002374204513361653,0.06855914015443544
6.592552916279361,0.0030015532032920678,0.0002374204513361653,0.06855519543367444
6.593352597515303,0.0032880759274397375,0.0002374204513361653,0.06855096587991208
6.594152275238197,0.004166405532325779,0.0002374204513361653,0.06854461234417669
6.594951949440659,0.0039220816112846835,0.0002374204513361653,0.06853773622870925
6.595751620115314,0.003939868491644155,0.0002374204513361653,0.06852986620829926
6.59655128725478,0.003093173027546442,0.0002374204513361653,0.06852104059639649
6.597350950851677,0.001967655967338708,0.0002374204513361653,0.0685117366988968
6.598150610898627,0.0015850814753207154,0.0002374204513361653,0.0685023330476311
6.59895026738825,0.001283161028043614,0.0002374204513361653,0.06849350427742262
6.599749920313164,0.0011174718458585448,0.0002374204513361653,0.06848558647969112
6.6005495696659935,0.001225837500975463,0.0002374204513361653,0.06847911682010063
6.601349215439357,0.000834648258796658,0.0002374204513361653,0.06846965193258683
6.602148857625873,0.00011109768755566962,0.0002374204513361653,0.06845973962822322
6.602948496218165,-0.000604053019731543,0.0002374204513361653,0.06844894689718507
6.603748131208851,-0.0010173209659643384,0.0002374204513361653,0.06843724702117428
6.6045477625905535,-0.0009881396295092076,0.0002374204513361653,0.06842585199217426
6.60534739035589,-0.0007172824653514792,0.0002374204513361653,0.06841255095354253
6.606147014497484,-0.0005607812287741348,0.0002374204513361653,0.0683970661823424
6.606946635007954,-0.00016723693384317062,0.0002374204513361653,0.06838639307847114
6.607746251879922,0.00020165801112324855,0.0002374204513361653,0.06837585020506193
6.608545865106006,0.0006883714954257075,0.0002374204513361653,0.06836543423693717
6.609345474678828,0.00013074135018256716,0.0002374204513361653,0.06835514189504333
6.610145080591009,0.0008031620318408594,0.0002374204513361653,0.06834496994645056
6.610944682835167,0.0019608859787402094,0.0002374204513361653,0.06833491520435264
6.611744281403926,0.0028852872831503507,0.0002374204513361653,0.06832497452806671
6.6125438762899025,0.002552281837473566,0.0002374204513361653,0.06831514482303391
6.61334346748572,0.0023988989989389975,0.0002374204513361653,0.06830542304081791
6.614143054983996,0.0013358254878401005,0.0002374204513361653,0.06829580617910615
6.614942638777354,0.00039086107843519513,0.0002374204513361653,0.06828629128170895
6.615742218858412,0.0002419276948303628,0.0002374204513361653,0.06827687543855934
6.616541795219792,0.0002535326513035535,0.0002374204513361653,0.06826755578571385
6.617341367854113,0.0006262439605387027,0.0002374204513361653,0.06825758151684926
6.618140936753997,0.0016339381896398747,0.0002374204513361653,0.06824772758056152
6.618940501912063,0.0032832526861161226,0.0002374204513361653,0.06823806382192021
6.619740063320931,0.004524243864369837,0.0002374204513361653,0.06822715030999298
6.620539620973224,0.003939740206317821,0.0002374204513361653,0.06821584942874508
6.62133917486156,0.004709947550960228,0.0002374204513361653,0.06820418240420481
6.6221387249785595,0.005863369570539428,0.0002374204513361653,0.06819262601521159
6.622938271316843,0.006181719839017941,0.0002374204513361653,0.06818118318278733
6.623737813869033,0.005171726460916529,0.0002374204513361653,0.06816985685989002
6.624537352627747,0.004976224635848639,0.0002374204513361653,0.06815791894196162
6.625336887585606,0.0030324133264391095,0.0002374204513361653,0.06814534411163982
6.626136418735232,0.0012545121548301202,0.0002374204513361653,0.06813210686308453
6.626935946069244,0.00028657892338943003,0.0002374204513361653,0.06811462655368294
6.627735469580264,0.0015877070548833139,0.0002374204513361653,0.06809650898110822
6.62853498926091,0.00331754513931945,0.0002374204513361653,0.06807965632259044
6.629334505103804,0.004570456490794433,0.0002374204513361653,0.06806556217338515
6.6301340171015655,0.00636625352018072,0.0002374204513361653,0.06805295077605243
6.630397221981208,0.005989471542876615,0.0002374204513361653,0.0680404515070976
6.631197756203557,0.006136427002228176,0.0002374204513361653,0.06802805518338974
6.631998288283861,0.00596978901367376,0.0002374204513361653,0.06801403183812799
6.63279881822529,0.005406151734259901,0.0002374204513361653,0.06799896470671232
6.633599346031017,0.00450691502392625,0.0002374204513361653,0.06798278871526192
6.634399871704211,0.0032215850403808644,0.0002374204513361653,0.06796453768299639
6.635200395248044,0.0033233251400132946,0.0002374204513361653,0.06794826971955811
6.636000916665688,0.003063198465893216,0.0002374204513361653,0.06793264341187207
6.6368014359603125,0.003047344905822008,0.0002374204513361653,0.06791425620049085
6.637601953135089,0.0030216880970589666,0.0002374204513361653,0.06789375450889173
6.6384024681931875,0.002239783046085353,0.0002374204513361653,0.06787372042899308
6.63920298113778,0.0020770469603818287,0.0002374204513361653,0.06785608032977539
6.640003491972037,0.0024271766552624724,0.0002374204513361653,0.06783927556751315
6.640804000699131,0.0027582052826827935,0.0002374204513361653,0.06782331300865649
6.64160450732223,0.0025742977047435445,0.0002374204513361653,0.06780753532677457
6.642405011844508,0.0022777493068680543,0.0002374204513361653,0.06779197632807527
6.643205514269134,0.0016844582358525595,0.0002374204513361653,0.06777666989534957
6.64400601459928,0.0007631459457289047,0.0002374204513361653,0.06776210395274707
6.644806512838116,0.0004986932703100605,0.0002374204513361653,0.0677471385436811
6.645607008988813,-9.358065149667194e-05,0.0002374204513361653,0.0677317451067923
6.646407503054545,-0.0004801269787551993,0.0002374204513361653,0.0677172881322646
6.647207995038477,-0.0008378553311884085,0.0002374204513361653,0.06770324925782396
6.648008484943786,-0.0005871875757993,0.0002374204513361653,0.06768963288244147
6.64880897277364,-0.00023396462206491664,0.0002374204513361653,0.06767644353176389
6.64960945853121,-0.00016217771451654261,0.0002374204513361653,0.0676636858581125
6.650409942219667,-0.0002508065451438113,0.0002374204513361653,0.06765064746704173
6.651210423842183,-0.0003586956723200113,0.0002374204513361653,0.06763730546958117
6.652010903401929,-0.00031785186179951463,0.0002374204513361653,0.06762363688722567
6.652811380902075,-0.0004097751605618011,0.0002374204513361653,0.06760794506951083
6.653611856345791,-0.0005017089808429798,0.0002374204513361653,0.0675905001148284
6.6544123297362505,-0.0005086221164511545,0.0002374204513361653,0.06757432113812921
6.6552128010766225,-0.0003204802846796112,0.0002374204513361653,0.06756024647312737
6.656013270370079,3.536891802800868e-05,0.0002374204513361653,0.0675460310547921
6.656813737619791,0.0004706226842180472,0.0002374204513361653,0.06753165655311988
6.657614202828929,0.001777910087045767,0.0002374204513361653,0.0675171045737385
6.658414666000665,0.0024888268033540772,0.0002374204513361653,0.06750235665790738
6.659215127138167,0.0023544994962655247,0.0002374204513361653,0.06748739428251754
6.66001558624461,0.0014611186287755151,0.0002374204513361653,0.06747436684364988
6.660816043323162,0.0007421768820824876,0.0002374204513361653,0.06745994246868298
6.661616498376995,0.00032576339273152066,0.0002374204513361653,0.06744513501774664
6.66241695140928,0.00013956746404038267,0.0002374204513361653,0.06742992880988437
6.6632174024231885,0.0006770953584139955,0.0002374204513361653,0.06741552654891338
6.664017851421891,0.0005492536967624667,0.0002374204513361653,0.06740222271262694
6.664818298408557,3.455763447497706e-05,0.0002374204513361653,0.06738894636275615
6.665618743386361,7.619677763984201e-06,0.0002374204513361653,0.06737128113981794
6.66641918635847,-0.00036971867157667426,0.0002374204513361653,0.06735863692319541
6.667219627328057,-0.0009778594529945839,0.0002374204513361653,0.06735094300935314
6.668020066298294,-0.0004389018114168419,0.0002374204513361653,0.06734406316167593
6.66882050327235,0.00041985661957899545,0.0002374204513361653,0.06733369107231414
6.669620938253397,0.0009636896896511316,0.0002374204513361653,0.06732165194001224
6.670421371244606,0.0020093437261928526,0.0002374204513361653,0.06730896445320587
6.671221802249147,0.0022862138324901554,0.0002374204513361653,0.0672956667280246
6.672022231270192,0.0017467303012218827,0.0002374204513361653,0.06728228236379538
6.672822658310911,0.0014858201951092193,0.0002374204513361653,0.06726823464931722
6.673623083374476,0.0009887245205716794,0.0002374204513361653,0.06725355556606492
6.674423506464057,0.0002598388972108595,0.0002374204513361653,0.0672382768641777
6.675223927582827,0.0003975689509289476,0.0002374204513361653,0.06722303123085172
6.676024346733955,0.00027440243593525315,0.0002374204513361653,0.06720878686608521
6.676824763920612,-0.00044382061920233973,0.0002374204513361653,0.06719551302992748
6.67762517914597,-0.0004281031450819456,0.0002374204513361653,0.06718298244712487
6.678425592413199,0.00015012252351181976,0.0002374204513361653,0.0671700683690582
6.6792260037254705,-0.00033513567733960137,0.0002374204513361653,0.06715931166333362
6.680026413085956,-0.0005309115600257847,0.0002374204513361653,0.06714747088329749
6.680826820497825,-0.0002199593050300208,0.0002374204513361653,0.06713392992212439
6.68162722596425,0.0009380627995703994,0.0002374204513361653,0.06712015267701656
6.682427629488401,0.001695757547463081,0.0002374204513361653,0.06710615705006844
6.683228031073449,0.0015606307504283934,0.0002374204513361653,0.06709196081986848
6.684028430722566,0.0020651632218224997,0.0002374204513361653,0.06707758164150016
6.6848288284389215,0.0019449814086616307,0.0002374204513361653,0.06706339573040454
6.6856292242256865,0.0016196135283225999,0.0002374204513361653,0.06704940626048446
6.686429618086034,0.0008586555417781361,0.0002374204513361653,0.06703561639468389
6.687230010023133,0.00030118711746590643,0.0002374204513361653,0.06701790012814397
6.688030400040155,0.00041239100583496946,0.0002374204513361653,0.06699852172240277
6.6888307881402715,-1.8223386112348194e-06,0.0002374204513361653,0.06698038387769505
6.689631174326653,-1.9446241736997827e-05,0.0002374204513361653,0.06696445912457703
6.690431558602471,0.00012574356796261899,0.0002374204513361653,0.06695039174817825
6.691231940970895,0.00014553459197284846,0.0002374204513361653,0.06693674985494225
6.692032321435098,6.356176287242166e-05,0.0002374204513361653,0.06692354749591753
6.69283269999825,-0.0005559774356403979,0.0002374204513361653,0.06691079878472261
6.693633076663521,-0.0012862929615604923,0.0002374204513361653,0.06689851789754499
6.694433451434083,-0.0010970067417118284,0.0002374204513361653,0.06688671907314125
6.6952338243131075,-0.0005727190751249334,0.0002374204513361653,0.06687541661283664
6.696034195303764,-0.00029619597416345733,0.0002374204513361653,0.06686420319205029
6.696834564409224,0.00019872260757634874,0.0002374204513361653,0.06685307689458544
6.697634931632661,1.5861583732901252e-05,0.0002374204513361653,0.06684203573969374
6.698435296977242,9.560996094698515e-05,0.0002374204513361653,0.066831077682076
6.69923566044614,0.0001129442145081927,0.0002374204513361653,0.06682043717271317
6.700036022042526,1.4361831887785281e-05,0.0002374204513361653,0.06680979543086256
6.7008363817695695,-0.00014604484562498465,0.0002374204513361653,0.06679915309580747
6.701636739630445,-0.0004055556195438348,0.0002374204513361653,0.06678851072011065
6.702437095628319,9.523281829307284e-05,0.0002374204513361653,0.0667780764603657
6.703237449766365,0.0011829243253856508,0.0002374204513361653,0.06676784245362123
6.704037802047754,0.0016043260203318643,0.0002374204513361653,0.06675780081537427
6.704838152475657,0.0012445546170103405,0.0002374204513361653,0.06674377194414688
6.705638501053244,0.0012226546164864766,0.0002374204513361653,0.0667311728498966
6.706438847783686,0.0015421342788759645,0.0002374204513361653,0.06671892623765578
6.707239192670155,0.0012197731657495325,0.0002374204513361653,0.06670623049066172
6.7080395357158205,0.0006632505220621338,0.0002374204513361653,0.06669336587955177
6.708839876923856,0.0007879518303622324,0.0002374204513361653,0.06668185751462376
6.70964021629743,0.0008569560798546427,0.0002374204513361653,0.0666723906992296
6.710440553839714,0.002547250712790508,0.0002374204513361653,0.06666263833897901
6.71124088955388,0.0026829373075771545,0.0002374204513361653,0.06665260435604534
6.712041223443098,0.0029021188670357856,0.0002374204513361653,0.06664259199614678
6.71284155551054,0.0031083525691993907,0.0002374204513361653,0.06663304728743182
6.713641885759375,0.0030207701307204404,0.0002374204513361653,0.06662396824126475
6.714442214192776,0.0030538141569328575,0.0002374204513361653,0.06661535292433055
6.715242540813913,0.0031383696197310462,0.0002374204513361653,0.06660719945863469
6.716042865625957,0.002886987415854844,0.0002374204513361653,0.06659950602150351
6.71684318863208,0.0025182549737510496,0.0002374204513361653,0.066592270845583
6.71764350983545,0.001461848025011106,0.0002374204513361653,0.06658549221883955
6.718443829239242,0.0006830412947935321,0.0002374204513361653,0.06657915750953222
6.719244146846625,-8.183240748527165e-06,0.0002374204513361653,0.06657432185395147
6.72004446266077,-4.513890375570928e-05,0.0002374204513361653,0.06657047940117651
6.720844776684847,0.00016642136912958794,0.0002374204513361653,0.06656717506177531
6.7216450889220285,0.0011963773787323773,0.0002374204513361653,0.06656352038457916
6.722445399375484,0.0019385241139633358,0.0002374204513361653,0.06655954370065159
6.7232457080483865,0.002233537099540439,0.0002374204513361653,0.06655527316745351
6.724046014943907,0.0011005821132226146,0.0002374204513361653,0.06655073676884446
6.724846320065214,0.0011895052739010065,0.0002374204513361653,0.0665459623150828
6.7256466234154795,0.0020575607786682965,0.0002374204513361653,0.06654097744282554
6.726446924997876,0.0012694124287819103,0.0002374204513361653,0.06653611345189021
6.727247224815572,0.0007466173008245508,0.0002374204513361653,0.06653136450787545
6.728047522871741,0.0019815027402634716,0.0002374204513361653,0.06652672470142433
6.728847819169551,0.0019155826131012077,0.0002374204513361653,0.06652218804822603
6.729648113712176,0.0017637167877895543,0.0002374204513361653,0.0665180431106669
6.730448406502786,0.0010898809162907391,0.0002374204513361653,0.06651429517256187
6.731248697544551,0.0005519022050487904,0.0002374204513361653,0.06651094953158228
6.732048986840642,0.0005298982669734859,0.0002374204513361653,0.06650801149925671
6.732849274394232,0.00022187651658076013,0.0002374204513361653,0.06650545059802727
6.733649560208489,0.00026404330475764126,0.0002374204513361653,0.06650510798796586
6.734449844286586,0.000723132835358839,0.0002374204513361653,0.06650339849724557
6.735250126631695,0.00044836252477173377,0.0002374204513361653,0.0665022387688537
6.736050407246984,0.0004145114293326868,0.0002374204513361653,0.06650162924698677
6.736850686135625,2.7690765115329086e-06,0.0002374204513361653,0.0665015704289007
6.737650963300791,0.000442456589750867,0.0002374204513361653,0.0665020628649089
6.73845123874565,0.0008931860987997781,0.0002374204513361653,0.06650301056415614
6.739251512473375,0.0003466687593434159,0.0002374204513361653,0.06650441043936665
6.740051784487137,0.0003728795681725988,0.0002374204513361653,0.06651014486692867
6.740852054790105,0.0002642680288831578,0.0002374204513361653,0.06651506781871101
6.741652323385452,0.0002980244059588022,0.0002374204513361653,0.06651808455210717
6.742452590276348,0.00011866222372154678,0.0002374204513361653,0.06651928184460244
6.743252855465965,0.0009118746696200608,0.0002374204513361653,0.066521163240593
6.744053118957472,0.0011192068288861379,0.0002374204513361653,0.06652371822539961
6.744853380754042,0.0007167600284427311,0.0002374204513361653,0.06652693636392425
6.745653640858846,0.000625124625123305,0.0002374204513361653,0.0665308073006475
6.7464538992750525,0.0009592510346457667,0.0002374204513361653,0.06653532075963062
6.747254156005834,0.0011321383393820134,0.0002374204513361653,0.06653878767533011
6.748054411054363,0.001308079745025656,0.0002374204513361653,0.06653903246888751
6.748854664423808,0.0020410212759969237,0.0002374204513361653,0.06653611654043698
6.749654916117342,0.0019739997469061382,0.0002374204513361653,0.06653133924401197
6.750455166138134,0.0017130422781888727,0.0002374204513361653,0.06652825893585117
6.751255414489355,0.0010057124709699355,0.0002374204513361653,0.06652576506189864
6.75205566117418,0.0008617928396228713,0.0002374204513361653,0.06652386047511971
6.752855906195774,0.00039660990042013344,0.0002374204513361653,0.06652254817129748
6.753656149557313,-0.00012624760647933497,0.0002374204513361653,0.06652153095342929
6.754456391261964,0.0005138640251077242,0.0002374204513361653,0.06652031857402332
6.755256631312901,0.0008387049858152446,0.0002374204513361653,0.06651890669194382
6.7560568697132934,0.0011297790795164742,0.0002374204513361653,0.06651687600479197
6.756857106466313,0.0007729977532722615,0.0002374204513361653,0.0665147234830166
6.75765734157513,0.001035564678265724,0.0002374204513361653,0.0665136310111112
6.758457575042915,0.0003323606476769436,0.0002374204513361653,0.06651249191720286
6.759257806872841,0.00024818118771634257,0.0002374204513361653,0.06651130681944233
6.7600580370680765,0.000284250082530621,0.0002374204513361653,0.06651007627249243
6.760858265631795,-4.489679797575752e-06,0.0002374204513361653,0.06650880076752834
6.7616584925671654,-0.0004097364601254455,0.0002374204513361653,0.06650760560135803
6.762458717877359,-0.000255551317657407,0.0002374204513361653,0.06650648618286757
6.763258941565548,0.00025451693937750264,0.0002374204513361653,0.06650543789663435
6.764059163634902,0.00021956111542535683,0.0002374204513361653,0.06650445610292799
6.764859384088592,-0.00030825106005018255,0.0002374204513361653,0.06650353613771012
6.76565960292979,-0.0005134076649537384,0.0002374204513361653,0.06650267331263358
6.766459820161667,-0.0008492064662610627,0.0002374204513361653,0.06650186291504413
6.767260035787392,-0.00022270212938715894,0.0002374204513361653,0.06650110020797893
6.768060249810139,-0.0005772084077554085,0.0002374204513361653,0.06650038043016757
6.768860462233076,-0.0013397902486696062,0.0002374204513361653,0.06649969879603176
6.769660673059376,-0.0014993216474199489,0.0002374204513361653,0.06649546382585042
6.77046088229221,-0.0009200262731743347,0.0002374204513361653,0.06649441754051977
6.771261089934748,-0.0006328140185509201,0.0002374204513361653,0.06649393476729012
6.772061295990159,0.0009788830050106445,0.0002374204513361653,0.06649403193429815
6.772861500461619,0.0014797451656698851,0.0002374204513361653,0.06649472561185152
6.773661703352295,0.0018637663333275628,0.0002374204513361653,0.06649547904879313
6.774461904665359,0.00122611984067382,0.0002374204513361653,0.0664962876490636
6.775262104403983,0.0008314658771124694,0.0002374204513361653,0.06649714679188236
6.7760623025713365,0.0001028488259319088,0.0002374204513361653,0.06649803023095666
6.776862499170591,0.0001210324361540227,0.0002374204513361653,0.06649891244616812
6.777662694204918,0.0003449446106597448,0.0002374204513361653,0.06650225832604122
6.778462887677488,-0.00017945562508832336,0.0002374204513361653,0.06650438932709493
6.779263079591472,-0.00029377551384786316,0.0002374204513361653,0.06650532283809088
6.780063269950041,-0.00021585737133719696,0.0002374204513361653,0.06650548057875362
6.780863458756365,-0.0005794162303627143,0.0002374204513361653,0.06651034375255065
6.781663646013617,-0.0003936550176405762,0.0002374204513361653,0.06651425443015169
6.782463831724967,-9.105195319235315e-05,0.0002374204513361653,0.06651639946648338
6.783264015893585,0.0005911459728830254,0.0002374204513361653,0.06651977828270536
6.784064198522644,0.0012443102105532816,0.0002374204513361653,0.06652299746657699
6.784864379615313,0.002015555555965387,0.0002374204513361653,0.06652608691926651
6.785664559174764,0.0026956933960260443,0.0002374204513361653,0.06652874522293396
6.7864647372041675,0.002642343007755038,0.0002374204513361653,0.06653098935825655
6.787264913706695,0.0020978103447391316,0.0002374204513361653,0.06653283616549746
6.788065088685517,0.0014603588850839455,0.0002374204513361653,0.06653512373580206
6.788865262143805,0.0010784322031488075,0.0002374204513361653,0.06653783603256506
6.78966543408473,8.469081158386793e-05,0.0002374204513361653,0.06654095713648156
6.7904656045114615,0.0008094521562104773,0.0002374204513361653,0.06654447124554953
6.791265773427173,0.001345217081637276,0.0002374204513361653,0.06654830571827432
6.792065940835034,0.0026830511969322818,0.0002374204513361653,0.06655148034826772
6.792866106738214,0.002341467176527695,0.0002374204513361653,0.06655564474590078
6.793666271139886,0.0018525343384699078,0.0002374204513361653,0.06655899252857297
6.794466434043222,0.0015601045002292674,0.0002374204513361653,0.06656884892717825
6.795266595451389,0.0011940011177938303,0.0002374204513361653,0.06657173020789273
6.796066755367563,0.0009484244915002604,0.0002374204513361653,0.0665694211296782
6.796866913794911,0.0011697347724309304,0.0002374204513361653,0.06656799702107197
6.797667070736606,0.0009186338878260369,0.0002374204513361653,0.06656821317905937
6.798467226195817,0.00028320262953174247,0.0002374204513361653,0.06656874505474727
6.799267380175717,0.00046366215511237097,0.0002374204513361653,0.06656897480120816
6.800067532679478,0.0004426025370062453,0.0002374204513361653,0.06656992092293133
6.800867683710266,0.00011692656047344874,0.0002374204513361653,0.0665711654798324
6.8016678332712575,0.00020519359119898495,0.0002374204513361653,0.06657235738230396
6.802467981365622,0.0007526046282659848,0.0002374204513361653,0.06657280834097348
6.803268127996528,0.0013203117731792335,0.0002374204513361653,0.06657212757577723
6.8040682731671485,0.0011603191307811012,0.0002374204513361653,0.0665696860771492
6.804868416880654,0.0009381924047522222,0.0002374204513361653,0.0665704423349422
6.805668559140217,0.0005206353083484494,0.0002374204513361653,0.06657196943494073
6.806468699949006,9.227902738376259e-05,0.0002374204513361653,0.06657388039543753
6.807268839310193,-0.0005841271655369212,0.0002374204513361653,0.06657616371578488
6.80806897722695,-0.0006571694701458103,0.0002374204513361653,0.06657880801123418
6.808869113702445,-0.00034385181595511516,0.0002374204513361653,0.06658180201293593
6.809669248739853,0.0005011549578239627,0.0002374204513361653,0.06658513456793878
6.810469382342341,-1.0773777155304032e-05,0.0002374204513361653,0.0665885818958752
6.811269514513084,0.0002594293873504072,0.0002374204513361653,0.06659070792001995
6.812069645255249,0.0008478271210874411,0.0002374204513361653,0.06659336389015211
6.81286977457201,0.0010926536435540146,0.0002374204513361653,0.06659561625324335
6.813669902466536,0.0013794843293310488,0.0002374204513361653,0.06659746775174731
6.814470028942001,0.0015722811278580384,0.0002374204513361653,0.06659892101590435
6.815270154001571,0.0015240208424933677,0.0002374204513361653,0.06659997856374317
6.8160702776484206,0.0013363104779390428,0.0002374204513361653,0.06660064280108026
6.816870399885721,0.0009925322815262372,0.0002374204513361653,0.06660091602152048
6.817670520716642,0.00098449887053291,0.0002374204513361653,0.06660080040645709
6.818470640144353,0.0012200416186063934,0.0002374204513361653,0.06660029802507185
6.819270758172029,0.0007235970851384305,0.0002374204513361653,0.06659941083433546
6.820070874802836,-3.9643796370988915e-05,0.0002374204513361653,0.06659877023824227
6.82087099003995,-0.00024660565108523824,0.0002374204513361653,0.06659835298605184
6.821671103886539,-0.0003734971698110129,0.0002374204513361653,0.06659813591233701
6.822471216345773,-0.00042582550835119914,0.0002374204513361653,0.06659807732009977
6.823271327420826,0.0005855594009892412,0.0002374204513361653,0.06659964317668746
6.824071437114867,0.0013452774996866312,0.0002374204513361653,0.06660432207741153
6.824871545431067,0.001619155757454624,0.0002374204513361653,0.06660771076467115
6.825671652372598,0.002230066605081682,0.0002374204513361653,0.06660720189815057
6.82647175794263,0.002740871647324894,0.0002374204513361653,0.06660978129265174
6.827271862144335,0.002335340772429889,0.0002374204513361653,0.06660995534639469
6.828071964980884,0.001206653612365008,0.0002374204513361653,0.06660956396738878
6.828872066455446,0.000729323292171985,0.0002374204513361653,0.06660862615659366
6.829672166571194,0.0004685947371966259,0.0002374204513361653,0.06660792054286721
6.830472265331298,0.0011465115708229195,0.0002374204513361653,0.06660743561486122
6.831272362738929,0.0011547408369257245,0.0002374204513361653,0.06660792577844844
6.832072458797258,0.001466625467666044,0.0002374204513361653,0.06660934924663056
6.832872553509457,0.0012729704785900825,0.0002374204513361653,0.06660982268485421
6.8336726468786955,0.0005180873638654798,0.0002374204513361653,0.06660937799447395
6.834472738908145,0.00017815184298697329,0.0002374204513361653,0.06660804679749899
6.835272829600977,-0.00013161111825571448,0.0002374204513361653,0.06660674021109099
6.836072918960363,0.00016839433966403528,0.0002374204513361653,0.06660577096394543
6.836873006989472,0.0004446685953671675,0.0002374204513361653,0.06660449946034327
6.8376730936914765,0.000862828078991712,0.0002374204513361653,0.06660290909413313
6.838473179069546,0.0012954830381681909,0.0002374204513361653,0.06660098315590189
6.839273263126854,0.0009855072398505943,0.0002374204513361653,0.06659870483297235
6.840073345866569,0.000481435794691773,0.0002374204513361653,0.066596784252891
6.8408734272918625,5.683320658242397e-05,0.0002374204513361653,0.06659485258264929
6.841673507405907,-0.0006352939269389374,0.0002374204513361653,0.06659293617693032
6.842473586211871,-0.0004630223274766365,0.0002374204513361653,0.0665915451710606
6.843273663712927,0.000324915670967138,0.0002374204513361653,0.06659068671492194
6.844073739912247,0.0008640224603432001,0.0002374204513361653,0.0665899345503033
6.844873814813,0.0009830222236871244,0.0002374204513361653,0.0665892541850838
6.845673888418358,0.0011949388505069908,0.0002374204513361653,0.06658930220343565
6.846473960731492,0.0013824340146668113,0.0002374204513361653,0.06658773916146346
6.847274031755573,0.0008763872899178876,0.0002374204513361653,0.06658670709302825
6.84807410149377,2.2893767303772128e-05,0.0002374204513361653,0.06658573684677557
6.848874169949258,9.626041826776843e-05,0.0002374204513361653,0.0665848132385855
6.849674237125203,8.641776805498602e-05,0.0002374204513361653,0.06658392108583654
6.8504743030247806,0.00025539432330051737,0.0002374204513361653,0.06658406421536674
6.8512743676511585,0.0006410581040031671,0.0002374204513361653,0.06658573981988045
6.85207443100751,0.0012799980828703678,0.0002374204513361653,0.06658818369931242
6.852874493097004,0.0013470502346063784,0.0002374204513361653,0.06659112815216857
6.853674553922813,0.0008046569371607526,0.0002374204513361653,0.06658933917283093
6.854474613488108,7.77322483477283e-05,0.0002374204513361653,0.06658723874131511
6.855274671796058,0.000869285790372834,0.0002374204513361653,0.06658482230423814
6.856074728849837,0.0018107190711977167,0.0002374204513361653,0.06658208522480849
6.8568747846526135,0.0018854870501042453,0.0002374204513361653,0.0665798127107406
6.857674839207559,0.002128131694107957,0.0002374204513361653,0.06657803057415529
6.858474892517845,0.0020266669442554758,0.0002374204513361653,0.06657676478197204
6.859274944586643,0.0009437303116941326,0.0002374204513361653,0.06657527327883636
6.860074995417123,0.0007936334486643298,0.0002374204513361653,0.06657355256853834
6.860875045012455,0.0014444991239675048,0.0002374204513361653,0.06657159907801877
6.861675093375814,0.0034744347604126202,0.0002374204513361653,0.0665694091573686
6.862475140510366,0.004614199443917416,0.0002374204513361653,0.06656751434904096
6.863275186419284,0.004641433460376723,0.0002374204513361653,0.0665658896080347
6.86407523110574,0.005082711545839724,0.0002374204513361653,0.06656225528569579
6.864875274572904,0.005077171653366547,0.0002374204513361653,0.06655985539304952
6.865675316823947,0.003879288963215141,0.0002374204513361653,0.0665576777196841
6.866475357862039,0.0016647271715114487,0.0002374204513361653,0.06655570003214273
6.867275397690354,0.0007288600982631177,0.0002374204513361653,0.06655619430081033
6.8680754363120595,0.00040228436819099433,0.0002374204513361653,0.06655461966464858
6.868875473730329,0.0006928552053952902,0.0002374204513361653,0.06655036071719125
6.869675509948331,0.0010012151107162137,0.0002374204513361653,0.06654912695411354
6.870475544969239,0.0010120949157353815,0.0002374204513361653,0.0665451937026296
6.871275578796223,0.0008719175428843207,0.0002374204513361653,0.06653604601574188
6.872075611432453,0.001244779290418982,0.0002374204513361653,0.06652511712519009
6.872875642881101,0.0015363729915524593,0.0002374204513361653,0.06651683306871553
6.873675673145338,0.0012319223077871672,0.0002374204513361653,0.06650959223099076
6.874475702228335,0.0014608737245489223,0.0002374204513361653,0.06650249447771507
6.875275730133263,0.0018452665366930632,0.0002374204513361653,0.06649558246957993
6.876075756863292,0.0014346968899483503,0.0002374204513361653,0.06648889898052562
6.876875782421595,0.0011676431679582405,0.0002374204513361653,0.06648248689774122
6.87767580681134,0.000801956927550293,0.0002374204513361653,0.0664763892216633
6.8784758300357005,0.00018805504466701262,0.0002374204513361653,0.06647064906597729
6.879275852097846,-0.00028711256631284987,0.0002374204513361653,0.06646533329169416
6.8800758730009495,0.0002879553665721263,0.0002374204513361653,0.0664594360618899
6.880875892748179,0.0003259283134565,0.0002374204513361653,0.06645291213807324
6.881675911342708,0.00013942547302457642,0.0002374204513361653,0.0664459207738001
6.882475928787707,-0.0006297542622205748,0.0002374204513361653,0.06643884427728938
6.883275945086345,-0.00044499671769991644,0.0002374204513361653,0.06642940865304747
6.884075960241795,0.0003635706919263293,0.0002374204513361653,0.06642082514262027
6.884875974257227,0.0014227988567468292,0.0002374204513361653,0.06641383265508154
6.885675987135813,0.0020419407206880152,0.0002374204513361653,0.06640706099189904
6.886475998880724,0.002441328327539849,0.0002374204513361653,0.06640097559307695
6.887276009495129,0.0025630614188368595,0.0002374204513361653,0.06639830037507216
6.888076018982201,0.0018570114019779843,0.0002374204513361653,0.06639554226967086
6.88887602734511,0.001431052880722053,0.0002374204513361653,0.06639235853666395
6.889676034587028,0.0008020950471937377,0.0002374204513361653,0.06638876501634601
6.890476040711124,0.0009746470353862863,0.0002374204513361653,0.06638477744496586
6.891276045720571,0.0009658376212900027,0.0002374204513361653,0.06638041145472735
6.892076049618539,-0.00015746371822784877,0.0002374204513361653,0.06637530954533968
6.8928760524082,-0.00021164072008411638,0.0002374204513361653,0.06636995996132888
6.893676054092722,-0.00012807633923039852,0.0002374204513361653,0.06636438233834235
6.8944760546752795,-0.00027872567523488934,0.0002374204513361653,0.06635850398310125
6.895276054159042,-0.00012190663152553127,0.0002374204513361653,0.066352911682524
6.896076052547181,-0.0012285217685225475,0.0002374204513361653,0.0663475986059773
6.8968760498428665,-0.0007131899364120481,0.0002374204513361653,0.06634255800451555
6.89767604604927,-0.0006269252877756648,0.0002374204513361653,0.06633778321088037
6.898476041169562,-0.0006638069768991617,0.0002374204513361653,0.06633326763950126
6.899276035206915,0.00037135407056694547,0.0002374204513361653,0.0663290047864948
6.900076028164499,0.0008497121052705031,0.0002374204513361653,0.06632498822966468
6.900876020045483,0.00044141043361342613,0.0002374204513361653,0.06632121162850194
6.901676010853041,7.999779449278932e-05,0.0002374204513361653,0.06631766872418438
6.902476000590342,0.00025380521515912247,0.0002374204513361653,0.0663143533395768
6.903275989260559,0.0006326346648337228,0.0002374204513361653,0.06631136248281644
6.904075976866862,0.0012656576581081963,0.0002374204513361653,0.06630910683835618
6.904875963412421,0.0024364955586640563,0.0002374204513361653,0.06630610738251178
6.905675948900408,0.0024171711697052872,0.0002374204513361653,0.06630217925109276
6.906475933333994,0.0013357853672577302,0.0002374204513361653,0.06629777342916063
6.907275916716348,0.0007992803863096365,0.0002374204513361653,0.06629290155533789
6.908075899050644,0.0012713016678586597,0.0002374204513361653,0.06628806890148697
6.908875880340052,0.0014904362780612523,0.0002374204513361653,0.06628326722061963
6.9096758605877415,0.0014764183272275577,0.0002374204513361653,0.0662745558433779
6.910475839796885,0.0008170267789877478,0.0002374204513361653,0.06626539562870787
6.911275817970654,-0.00035079580147837075,0.0002374204513361653,0.06625808483894378
6.912075795112217,-0.0003675003977197666,0.0002374204513361653,0.06625159480810139
6.912875771224747,-0.00017036237008943855,0.0002374204513361653,0.06624596917482727
6.913675746311414,-0.0002880875788957432,0.0002374204513361653,0.06624103739407959
6.91447572037539,0.00016783165961953284,0.0002374204513361653,0.06623679492004143
6.915275693419845,0.0003072355858358411,0.0002374204513361653,0.06623323743028303
6.916075665447951,0.00047778341387560985,0.0002374204513361653,0.06623040227097544
6.916875636462878,0.0008062769148293736,0.0002374204513361653,0.06622833334316061
6.917675606467798,0.0011326321729576427,0.0002374204513361653,0.06622576106904278
6.918475575465879,0.0014154719878949479,0.0002374204513361653,0.06622269201231702
6.919275543460296,0.0016536364762743255,0.0002374204513361653,0.06621913260901645
6.920075510454218,0.0026080546358962786,0.0002374204513361653,0.06621508916751502
6.920875476450816,0.0016277812858026403,0.0002374204513361653,0.06621056786852547
6.921675441453262,0.000987169982810468,0.0002374204513361653,0.06620557476510115
6.922475405464725,0.0006391284755173643,0.0002374204513361653,0.06620011578263499
6.923275368488378,-0.00016624320365030143,0.0002374204513361653,0.06619311142813986
6.9240753305273905,0.00015537281995423036,0.0002374204513361653,0.0661850068169896
6.924875291584934,0.00042192794123428745,0.0002374204513361653,0.06617623198737485
6.92567525166418,-0.0007979676595253477,0.0002374204513361653,0.06617056871471462
6.926475210768299,-0.0005298648735678063,0.0002374204513361653,0.06616579899983481
6.9272751689004615,0.00012186698098680393,0.0002374204513361653,0.06616092397784006
6.928075126063839,-0.00041210146898118527,0.0002374204513361653,0.06615621193653376
6.9288750822616025,-1.533429226668881e-05,0.0002374204513361653,0.0661515695511003
6.929675037496923,0.0003076217164259265,0.0002374204513361653,0.0661470883962749
6.930474991772972,0.0001703107468953441,0.0002374204513361653,0.06614312366534009
6.931274945092919,0.0006375581155114024,0.0002374204513361653,0.06613737434663887
6.932074897459936,0.0009638805155612745,0.0002374204513361653,0.06613195854499528
6.932874848877193,0.0004555125855345843,0.0002374204513361653,0.06612686743882347
6.933674799347863,-0.0002467391580242978,0.0002374204513361653,0.06612209229604925
6.9344747488751155,0.0003816764696227132,0.0002374204513361653,0.0661176244741086
6.9352746974621216,0.0009185313463273559,0.0002374204513361653,0.06611345541994978
6.936074645112052,0.0013737265739032917,0.0002374204513361653,0.066108489358152
6.9368745918280785,0.0012935781464072232,0.0002374204513361653,0.06610411993558624
6.937674537613372,0.0009870723034679368,0.0002374204513361653,0.06609845436667577
6.938474482471102,0.0008458339425442551,0.0002374204513361653,0.06609488411275886
6.939274426404442,0.0007145011509216287,0.0002374204513361653,0.06609106450361373
6.9400743694165605,0.0005775347261969127,0.0002374204513361653,0.06608699779843942
6.94087431151063,0.0002825314128389461,0.0002374204513361653,0.06608268618444318
6.941674252689821,0.00016368197904965964,0.0002374204513361653,0.06607813177684074
6.942474192957303,0.00030911996595479885,0.0002374204513361653,0.06607333661885592
6.94327413231625,0.0012036074780766431,0.0002374204513361653,0.06606830268172131
6.944074070769831,0.0009611792978991424,0.0002374204513361653,0.0660589910219821
6.944874008321217,0.0002506987914993597,0.0002374204513361653,0.06605043518308432
6.94567394497358,0.0005615708420031729,0.0002374204513361653,0.0660438623732278
6.94647388073009,0.000543028104241644,0.0002374204513361653,0.06603936369724624
6.947273815593919,1.862952639135329e-05,0.0002374204513361653,0.06603451675597939
6.948073749568236,0.0003454349508367621,0.0002374204513361653,0.0660293164724146
6.948873682656214,0.0006232802529159004,0.0002374204513361653,0.06602516742653794
6.949673614861023,0.0004110830901755541,0.0002374204513361653,0.06602056009951088
6.950473546185834,0.00043089229717471755,0.0002374204513361653,0.06601549099985425
6.951273476633818,0.0006569720883412705,0.0002374204513361653,0.06601069795227527
6.9520734062081475,1.7314820877092907e-05,0.0002374204513361653,0.0660057069730013
6.952873334911991,-0.000286103644242669,0.0002374204513361653,0.06600160265008487
6.953673262748521,-0.000470130674066635,0.0002374204513361653,0.06599720862667996
6.9544731897209076,-0.0006160340069706338,0.0002374204513361653,0.0659925251895128
6.955273115832322,0.00013875904643548265,0.0002374204513361653,0.06598755251505076
6.956073041085936,0.00044016522044604267,0.0002374204513361653,0.06598229066950177
6.956872965484919,0.0012300681175162198,0.0002374204513361653,0.0659769211788567
6.957672889032445,0.003395202827983501,0.0002374204513361653,0.06597174903144089
6.9584728117316805,0.0047797896134526285,0.0002374204513361653,0.06596677892040458
6.9592727335858005,0.0058226982396512444,0.0002374204513361653,0.06596201557979885
6.960072654597973,0.0061401940809529265,0.0002374204513361653,0.06595746378457465
6.960872574771372,0.005699668043378389,0.0002374204513361653,0.06595385462974511
6.961672494109166,0.00453916200273613,0.0002374204513361653,0.06595116415106704
6.9624724126145265,0.0029067619512715692,0.0002374204513361653,0.06594936865304718
6.963272330290626,0.002347689160848085,0.0002374204513361653,0.06594643912201163
6.964072247140633,0.0016813760773559255,0.0002374204513361653,0.06594243198780986
6.964872163167719,0.001346628165445618,0.0002374204513361653,0.06593923596972565
6.965672078375058,0.001106752748310319,0.0002374204513361653,0.06593696043095658
6.9664719927658165,0.0006296546884705101,0.0002374204513361653,0.06593495487976424
6.967271906343169,0.0005878533759372251,0.0002374204513361653,0.06593321211190152
6.968071819110284,-0.00017170679076818074,0.0002374204513361653,0.06593172498480755
6.968871731070334,-0.0006490954354294448,0.0002374204513361653,0.06593048641760824
6.96967164222649,-0.0005544141936957986,0.0002374204513361653,0.06592987453349548
6.970471552581922,0.00041279059073115465,0.0002374204513361653,0.06592786270164043
6.971271462139801,0.000549253156789567,0.0002374204513361653,0.0659279271733369
6.9720713709033,0.000636799811340627,0.0002374204513361653,0.06592449247055282
6.972871278875587,0.0005868740942575751,0.0002374204513361653,0.06592144294040438
6.973671186059835,0.0006596930257812411,0.0002374204513361653,0.0659190423557712
6.974471092459214,0.0009307742287398973,0.0002374204513361653,0.06591727039230028
6.975270998076896,0.0011000072403476724,0.0002374204513361653,0.06591610688778617
6.97607090291605,0.0013588339967804536,0.0002374204513361653,0.06591539967359504
6.97687080697985,0.0013635706413904491,0.0002374204513361653,0.06591599599470166
6.977670710271464,0.0018170789929149028,0.0002374204513361653,0.06591427337939032
6.978470612794064,0.001558498093211541,0.0002374204513361653,0.06591226823066007
6.979270514550822,0.0008602705602437088,0.0002374204513361653,0.0659099962570921
6.980070415544909,0.0009619271591357337,0.0002374204513361653,0.0659075824103678
6.9808703157794945,0.0008666346574263128,0.0002374204513361653,0.06590501700485704
6.98167021525775,0.0012579695249032713,0.0002374204513361653,0.06589970022700767
6.982470113982846,0.0008293678211106631,0.0002374204513361653,0.06589521812822638
6.983270011957954,6.520642635211849e-05,0.0002374204513361653,0.06589160286866348
6.984069909186246,0.00014240557539542398,0.0002374204513361653,0.06588888685902616
6.9848698056708916,0.0010809541256942973,0.0002374204513361653,0.06588163224670097
6.985669701415063,0.0012796535785957602,0.0002374204513361653,0.06587536805068946
6.986469596421929,0.0010527928123650887,0.0002374204513361653,0.06586952124246814
6.987269490694662,0.0005586898778074112,0.0002374204513361653,0.06586410907870749
6.988069384236433,0.0001983141033244512,0.0002374204513361653,0.06585914895320129
6.988869277050414,-0.0003255339171417265,0.0002374204513361653,0.06585465839686708
6.989669169139773,0.0006476558846516406,0.0002374204513361653,0.0658506550777464
6.990469060507685,0.0006668088356172469,0.0002374204513361653,0.06584715680100427
6.991268951157317,0.000917084330928436,0.0002374204513361653,0.06584418150892958
6.992068841091843,0.0013923696860049795,0.0002374204513361653,0.065840893037076
6.992868730314432,0.0013501136561067661,0.0002374204513361653,0.06583775824583381
6.993668618828257,0.000981166127646635,0.0002374204513361653,0.06583474300484085
6.994468506636486,0.0014535879998234386,0.0002374204513361653,0.06583222943249879
6.995268393742292,0.001107206381764675,0.0002374204513361653,0.06582843824745446
6.9960682801488465,0.0008324027217499613,0.0002374204513361653,0.06582395648992184
6.996868165859318,0.0007394765934582576,0.0002374204513361653,0.06581846936572745
6.997668050876881,0.0003645805838341648,0.0002374204513361653,0.06581379222477311
6.998467935204704,0.00040969164385501466,0.0002374204513361653,0.06580238838934627
6.999267818845959,0.0010567468046357997,0.0002374204513361653,0.06579619306604947
7.000067701803815,0.0016401870793582574,0.0002374204513361653,0.06578798622837398
7.000867584081445,0.0019154490622359938,0.0002374204513361653,0.06577934071303618
7.0016674656820195,0.0014886162200765107,0.0002374204513361653,0.06577183004817574
7.00246734660871,0.001108928561646988,0.0002374204513361653,0.06576549231642694
7.003267226864686,0.0004115017865675974,0.0002374204513361653,0.06576036596513785
7.00406710645312,-9.468460466562079e-05,0.0002374204513361653,0.06575550995387426
7.004866985377182,-0.00019129167403295066,0.0002374204513361653,0.06575163791019115
7.005666863640044,-0.00030976126373377655,0.0002374204513361653,0.0657487228314067
7.006466741244876,-0.00017777884957777268,0.0002374204513361653,0.06574801848866342
7.007266618194849,-6.263663952843501e-06,0.0002374204513361653,0.0657461416274916
7.008066494493134,0.000485097917428956,0.0002374204513361653,0.0657445092622469
7.008866370142902,0.0006983438228757993,0.0002374204513361653,0.06574264905423088
7.009666245147325,0.0006127677804700499,0.0002374204513361653,0.06574054302273384
7.010466119509572,0.0008560043084233221,0.0002374204513361653,0.06573754092514875
7.011265993232817,0.0009048016676494602,0.0002374204513361653,0.06573312302640107
7.012065866320228,0.0008554551388315207,0.0002374204513361653,0.06572785642806321
7.012865738774977,2.267608727744841e-05,0.0002374204513361653,0.06572174693818916
7.013665610600235,0.00013314465588602775,0.0002374204513361653,0.06571480011262616
7.0144654817991725,0.0007023301912047752,0.0002374204513361653,0.06570724250726148
7.015265352374962,0.0007130966084736984,0.0002374204513361653,0.06570072948544473
7.016065222330773,0.0005635774829187701,0.0002374204513361653,0.06569342579101144
7.016865091669778,-0.00013954590730397287,0.0002374204513361653,0.06568659821560016
7.017664960395145,-0.0002156014930916328,0.0002374204513361653,0.0656802453500106
7.018464828510047,-0.0003783822635030354,0.0002374204513361653,0.06567436592401187
7.019264696017656,0.000326448226130413,0.0002374204513361653,0.06566895880634191
7.020064562921142,0.0015384812289583327,0.0002374204513361653,0.06566402300470782
7.020864429223675,0.002419867593188463,0.0002374204513361653,0.06565833264677651
7.021664294928427,0.0035283887933944824,0.0002374204513361653,0.06565261247043931
7.022464160038569,0.003906227089082462,0.0002374204513361653,0.06564744234511961
7.023264024557271,0.00304239603458914,0.0002374204513361653,0.06564282084571686
7.024063888487705,0.0020187649383631295,0.0002374204513361653,0.06563766353709836
7.024863751833042,0.0012693859746194663,0.0002374204513361653,0.06563196090287976
7.025663614596452,0.0005613756789380614,0.0002374204513361653,0.06562570323720504
7.026463476781107,0.00011691667427930763,0.0002374204513361653,0.06562007313871746
7.027263338390178,-0.00033079599080342026,0.0002374204513361653,0.06561500873686313
7.0280631994268346,-0.00040418922673902957,0.0002374204513361653,0.06560638518702883
7.02886305989425,-0.0003032403694705893,0.0002374204513361653,0.0655977010944108
7.029662919795593,-0.0002446810847244879,0.0002374204513361653,0.06559297121442018
7.0304627791340355,-0.00016037486158070047,0.0002374204513361653,0.06558523026254283
7.031262637912748,-8.659392498737428e-05,0.0002374204513361653,0.06557961071372256
7.032062496134903,-0.00017099491326050265,0.0002374204513361653,0.06557452995262715
7.0328623538036705,0.0001398748991922466,0.0002374204513361653,0.06557001271168583
7.03366221092222,0.00030464691183018644,0.0002374204513361653,0.06556529366212056
7.034462067493725,0.00034617055710321754,0.0002374204513361653,0.06556057849264288
7.035261923521355,0.0009345840773344882,0.0002374204513361653,0.06555505660355936
7.03606177900828,0.0004445085407087518,0.0002374204513361653,0.06555246795491475
7.036861633957674,-8.083662290883642e-05,0.0002374204513361653,0.0655495621056497
7.037661488372706,0.0005335402566637032,0.0002374204513361653,0.06554664737302845
7.0384613422565465,0.0006034917192970918,0.0002374204513361653,0.06554379140942447
7.039261195612367,-0.00012180017784968467,0.0002374204513361653,0.06554017639164778
7.04006104844334,-0.00018281371986667017,0.0002374204513361653,0.0655364736791192
7.040860900752634,0.0001484103618869803,0.0002374204513361653,0.06553250839983688
7.041660752543422,0.00015990154247909338,0.0002374204513361653,0.0655286242250073
7.042460603818872,0.0012936465616695814,0.0002374204513361653,0.06552482032913524
7.043260454582159,0.0030483092790731525,0.0002374204513361653,0.06552109587073894
7.044060304836451,0.0050365220189029225,0.0002374204513361653,0.06551744999234989
7.04486015458492,0.005313258237996207,0.0002374204513361653,0.06551427701099624
7.045660003830737,0.004853442273973926,0.0002374204513361653,0.06551159135424782
7.046459852577074,0.004301320642654399,0.0002374204513361653,0.0655095991927533
7.0472597008271,0.0030625580972867134,0.0002374204513361653,0.06550826808930381
7.048059548583987,0.0011001355294416593,0.0002374204513361653,0.06550723252251844
7.048859395850906,0.00020748158037105224,0.0002374204513361653,0.06550505879819908
7.049659242631027,8.443126732639306e-05,0.0002374204513361653,0.06550175707690421
7.050459088927523,-0.0001386151725314838,0.0002374204513361653,0.06549976219362401
7.051258934743563,0.00048403352335212035,0.0002374204513361653,0.06549761283487521
7.052058780082319,0.0004808274401489204,0.0002374204513361653,0.06549530707438335
7.052858624946961,0.0013000673048313843,0.0002374204513361653,0.06549284288556606
7.053658469340662,0.00201672217569214,0.0002374204513361653,0.06549050537815107
7.054458313266591,0.0024980262404919185,0.0002374204513361653,0.06548722116219119
7.05525815672792,0.0026759302013354275,0.0002374204513361653,0.06548236060640145
7.056057999727819,0.0022880079886766075,0.0002374204513361653,0.06547656082940789
7.056857842269459,0.0017896217495696753,0.0002374204513361653,0.0654714042163704
7.057657684356013,0.0008517741502904463,0.0002374204513361653,0.0654685024452974
7.058457525990649,0.0006280062378583029,0.0002374204513361653,0.06546577907643858
7.05925736717654,0.001716523056130681,0.0002374204513361653,0.06546323892201499
7.0600572079168575,0.0025574992251788525,0.0002374204513361653,0.06546088680769455
7.06085704821477,0.002459115127324163,0.0002374204513361653,0.06545872757259179
7.061656888073451,0.0018644759705483405,0.0002374204513361653,0.06545676606926813
7.062456727496071,0.001146585328204608,0.0002374204513361653,0.06545527240270158
7.063256566485798,0.0008348617460664232,0.0002374204513361653,0.06545424092698077
7.064056405045807,-0.00027934385524089334,0.0002374204513361653,0.06545366609284727
7.064856243179267,0.0004094342923600114,0.0002374204513361653,0.06545354244769475
7.065656080889349,0.0001541858055713191,0.0002374204513361653,0.06545286245904766
7.066455918179225,5.377667437307665e-05,0.0002374204513361653,0.06545190239595153
7.067255755052065,-9.075895034961479e-05,0.0002374204513361653,0.06545064329017515
7.068055591511039,0.00042324142513808227,0.0002374204513361653,0.0654490660383349
7.0688554275593205,0.0007978944191753684,0.0002374204513361653,0.06544715140189454
7.069655263200079,0.00041779101539397845,0.0002374204513361653,0.06544488000716515
7.070455098436485,-0.00023660980247126873,0.0002374204513361653,0.0654422323453058
7.07125493327171,-0.0003365190798090001,0.0002374204513361653,0.06543680292630902
7.072054767708925,-8.946258489501979e-05,0.0002374204513361653,0.06543191487638114
7.072854601751302,-0.00043548965435219467,0.0002374204513361653,0.06542738786877493
7.07365443540201,0.0001711147578664085,0.0002374204513361653,0.06542323436335873
7.074454268664222,0.0001281858770041805,0.0002374204513361653,0.06541946694095369
7.075254101541107,0.0003020702004546405,0.0002374204513361653,0.0654160983033336
7.076053934035837,0.00031852051950270743,0.0002374204513361653,0.06541287300496777
7.076853766151583,-0.00014463667330394392,0.0002374204513361653,0.06541003810844319
7.077653597891516,-0.00021337617751147897,0.0002374204513361653,0.0654076083718102
7.078453429258808,-0.00043195513356224235,0.0002374204513361653,0.06540559866002012
7.0792532602566265,-3.136867143245514e-05,0.0002374204513361653,0.06540402394492444
7.080053090888146,0.0008112349737839225,0.0002374204513361653,0.06540651512357641
7.080852921156536,0.0011303676282120728,0.0002374204513361653,0.065410076367149
7.0816527510649685,0.0015651730444865147,0.0002374204513361653,0.06541568302175534
7.0824525806166125,0.0017989781169046315,0.0002374204513361653,0.06541880243636346
7.083252409814641,0.0025903108481561687,0.0002374204513361653,0.06541872735619464
7.084052238662224,0.003017802791970489,0.0002374204513361653,0.06541986385558686
7.084852067162532,0.002254393689408843,0.0002374204513361653,0.06541860688069658
7.085651895318737,0.0015188132489735856,0.0002374204513361653,0.06541706822277622
7.086451723134011,0.0011726413040630268,0.0002374204513361653,0.06541599877330276
7.087251550611521,0.0009636950735461003,0.0002374204513361653,0.06541527249657542
7.088051377754442,0.0006416433318627845,0.0002374204513361653,0.06541489251035187
7.088851204565944,0.000949809680155525,0.0002374204513361653,0.06541486198897459
7.089651031049196,0.0009578158715538854,0.0002374204513361653,0.06541518416337028
7.0904508572073714,0.001411194450870637,0.0002374204513361653,0.06541539921644103
7.09125068304364,0.0017578950742434263,0.0002374204513361653,0.06541266233466045
7.092050508561172,0.0010209028567477185,0.0002374204513361653,0.06541037248047178
7.092850333763141,0.0011414325067157366,0.0002374204513361653,0.06540854089403284
7.093650158652715,0.0010641194580898322,0.0002374204513361653,0.06540717894146543
7.094449983233067,0.0005003553395842575,0.0002374204513361653,0.06540729439731234
7.095249807507367,-0.00012895850486496774,0.0002374204513361653,0.06540866381054933
7.096049631478786,-0.0002877990095613986,0.0002374204513361653,0.06540902898655529
7.096849455150496,-0.00013797861797562594,0.0002374204513361653,0.06541071220397171
7.097649278525666,5.350270373767618e-05,0.0002374204513361653,0.0654159274064253
7.098449101607469,0.00011636901196987459,0.0002374204513361653,0.0654196381623049
7.099248924399075,0.00015657881142856767,0.0002374204513361653,0.06542296496516173
7.100048746903655,9.934017224377811e-05,0.0002374204513361653,0.0654259079374213
7.10084856912438,-0.000310609853769947,0.0002374204513361653,0.06542846706917016
7.101648391064421,8.990609059798815e-05,0.0002374204513361653,0.06543064221815664
7.102448212726949,0.000706065860930985,0.0002374204513361653,0.06543243310979013
7.103248034115135,0.0003690243155429762,0.0002374204513361653,0.06543383933714148
7.10404785523215,0.000557334354038333,0.0002374204513361653,0.06543486036094283
7.104847676081166,0.0011976364902156894,0.0002374204513361653,0.06543549550958844
7.105647496665352,0.0012326621192498416,0.0002374204513361653,0.06543574397913342
7.10644731698788,0.00021470281020553872,0.0002374204513361653,0.06543560483329484
7.107247137051921,-0.000256842993976214,0.0002374204513361653,0.06543471391376726
7.108046956860645,-0.0006201216175373836,0.0002374204513361653,0.06543293054198066
7.1088467764172245,-0.0004108275613444734,0.0002374204513361653,0.0654317499650112
7.109646595724829,0.00020529459292180363,0.0002374204513361653,0.06543144037939594
7.110446414786631,0.00020344694217216963,0.0002374204513361653,0.06543140207759465
7.111246233605801,-0.000494983045982958,0.0002374204513361653,0.06543165741775114
7.11204605218551,-0.000413516452259996,0.0002374204513361653,0.06543171528181667
7.112845870528926,-0.00024053484307696993,0.0002374204513361653,0.06543157822765269
7.113645688639226,0.0003270940512868914,0.0002374204513361653,0.06543397231093588
7.1144455065195755,0.0006538432192789573,0.0002374204513361653,0.0654352943623601
7.115245324173149,0.0010995579490655633,0.0002374204513361653,0.0654359880010733
7.116045141603115,0.002396710881580527,0.0002374204513361653,0.06543839669981552
7.116844958812647,0.002071618771266312,0.0002374204513361653,0.06544246299336418
7.117644775804912,0.002222485529461457,0.0002374204513361653,0.0654445816979484
7.118444592583085,0.0019771643195594657,0.0002374204513361653,0.06544479511640923
7.119244409150336,0.001154291326392859,0.0002374204513361653,0.06544417190889464
7.120044225509834,0.0007320385298447418,0.0002374204513361653,0.06544266932963895
7.120844041664752,0.0004668492458867607,0.0002374204513361653,0.06543952773502722
7.121643857618261,-0.00010938407511514037,0.0002374204513361653,0.06543684153994958
7.12244367337353,6.186752174668075e-05,0.0002374204513361653,0.06543461435526272
7.123243488933732,0.00027386532348798454,0.0002374204513361653,0.06543284991796458
7.124043304302037,0.0001682869026558148,0.0002374204513361653,0.06543155209119406
7.124843119481618,2.69353626566049e-05,0.0002374204513361653,0.06543072486423168
7.125642934475642,0.00021974091068346913,0.0002374204513361653,0.06543109140694124
7.126442749287284,0.0003458668756626121,0.0002374204513361653,0.06543100570778496
7.127242563919711,0.0002719380031780544,0.0002374204513361653,0.06543332794734018
7.128042378376097,0.00013790640787197939,0.0002374204513361653,0.06543585455730455
7.128842192659613,-0.00026821574321493624,0.0002374204513361653,0.06543777509088552
7.1296420067734285,-0.00016380145732060314,0.0002374204513361653,0.0654355682723179
7.130441820720716,9.642786633916323e-05,0.0002374204513361653,0.06543285657532774
7.1312416345046445,0.0004909930934892809,0.0002374204513361653,0.06543066707405101
7.132041448128386,6.288547503684183e-05,0.0002374204513361653,0.06542879120002969
7.132841261595112,0.00010147743893719474,0.0002374204513361653,0.06542737854674444
7.133641074907993,0.0003355301597962601,0.0002374204513361653,0.06542639728554718
7.134440888070199,0.0007970257120724911,0.0002374204513361653,0.0654249185344106
7.135240701084903,0.0007792454449606911,0.0002374204513361653,0.0654252969639513
7.136040513955274,0.0007035024920002825,0.0002374204513361653,0.06542547763587413
7.136840326684483,9.642469080529958e-05,0.0002374204513361653,0.06542545072899067
7.137640139275704,-0.0005829210104096316,0.0002374204513361653,0.06542520632420087
7.138439951732105,-0.000400294700801454,0.0002374204513361653,0.06542473440449272
7.139239764056858,0.000690528549182029,0.0002374204513361653,0.0654242903424385
7.140039576253132,-0.00011647688227826858,0.0002374204513361653,0.06542498419033684
7.1408393883241015,2.0003530121021074e-05,0.0002374204513361653,0.06542542579162615
7.141639200272936,4.575078820864831e-05,0.0002374204513361653,0.06542558376371668
7.1424390121028045,0.0005477087051345142,0.0002374204513361653,0.06542561016587149
7.143238823816881,0.00016119872302150506,0.0002374204513361653,0.06542443762581848
7.144038635418334,0.0005862415427329293,0.0002374204513361653,0.06542351202583004
7.144838446910337,0.001515191989463871,0.0002374204513361653,0.0654228342933446
7.145638258296058,0.002089510344805437,0.0002374204513361653,0.06542240541395744
7.146438069578671,0.002358245752756463,0.0002374204513361653,0.0654222264314206
7.147237880761344,0.002103238469176996,0.0002374204513361653,0.06542229844764307
7.14803769184725,0.0022610329679395996,0.0002374204513361653,0.0654229699832948
7.1488375028395605,0.0011869874379176193,0.0002374204513361653,0.0654242284725815
7.149637313741445,-0.00026142396161983605,0.0002374204513361653,0.06542606151682781
7.150437124556073,0.0003044012355613579,0.0002374204513361653,0.06542845688447646
7.15123693528662,0.0005627279890697973,0.0002374204513361653,0.0654306427718654
7.152036745936252,0.0009565954539270533,0.0002374204513361653,0.06543263742975054
7.152836556508143,0.0018408704764779071,0.0002374204513361653,0.06543299286699517
7.153636367005465,0.0028769579792148198,0.0002374204513361653,0.0654331765306513
7.154436177431385,0.0031151383711300606,0.0002374204513361653,0.06543320756585387
7.155235987789077,0.002564980877948292,0.0002374204513361653,0.06543310505860142
7.156035798081712,0.0013039356223217835,0.0002374204513361653,0.06543351118142017
7.156835608312459,0.0007886084684967098,0.0002374204513361653,0.06543442017429936
7.1576354184844915,3.2714618788828864e-05,0.0002374204513361653,0.06543582641356213
7.158435228600978,-0.00024223975953110988,0.0002374204513361653,0.06543772441186561
7.159235038665091,0.00012151237982688246,0.0002374204513361653,0.06544102706360327
7.160034848680001,0.0005415655484366511,0.0002374204513361653,0.06544349250926354
7.160834658648879,0.00026446534584791126,0.0002374204513361653,0.06544497799729755
7.1616344685748965,0.0006742172920146394,0.0002374204513361653,0.06544733048738623
7.162434278461223,0.001732007643939673,0.0002374204513361653,0.06544999290268477
7.163234088311031,0.0025217117693480395,0.0002374204513361653,0.0654529526702347
7.1640338981274905,0.0018957743537971888,0.0002374204513361653,0.0654567330520926
7.164833707913774,0.0012869882439237867,0.0002374204513361653,0.06545854083366538
7.16563351767305,0.00041384634326731284,0.0002374204513361653,0.06545940993876484
7.166433327408491,-4.0451693370344155e-05,0.0002374204513361653,0.06545931623071133
7.167233137123269,9.078256440615828e-05,0.0002374204513361653,0.06546032108660335
7.168032946820553,0.0005207671882292708,0.0002374204513361653,0.06546248063557197
7.168832756503515,0.001291654108338508,0.0002374204513361653,0.06546394539780315
7.169632566175325,0.0028458054052302173,0.0002374204513361653,0.06546443181793449
7.170432375839155,0.00346942216674595,0.0002374204513361653,0.06546455549380849
7.171232185498176,0.0031809070910177872,0.0002374204513361653,0.06546534767206505
7.1720319951555584,0.0023707390219273594,0.0002374204513361653,0.06546676417806381
7.172831804814474,0.002074359663427297,0.0002374204513361653,0.06546876104038735
7.173631614478093,0.0012815422787254421,0.0002374204513361653,0.06547154213862692
7.174431424149586,0.00043899346597349453,0.0002374204513361653,0.06547433287075308
7.1752312338321245,0.0006830795183793703,0.0002374204513361653,0.06547480418862464
7.17603104352888,0.0006589262032299509,0.0002374204513361653,0.06547859694127141
7.176830853243023,-5.11918043311077e-06,0.0002374204513361653,0.0654819622002747
7.177630662977725,3.255423623718667e-05,0.0002374204513361653,0.0654846108739003
7.178430472736156,0.0003117868455316808,0.0002374204513361653,0.06548652698492512
7.179230282521487,0.00023328868814977144,0.0002374204513361653,0.0654876943433216
7.180030092336889,0.000872043723074617,0.0002374204513361653,0.06548823400107788
7.1808299021855335,3.623812000876081e-05,0.0002374204513361653,0.0654872383618813
7.181629712070592,-0.0005902089625856866,0.0002374204513361653,0.06548837796369225
7.1824295219952345,-0.000719715870546464,0.0002374204513361653,0.06548972965025757
7.183229331962632,-0.0010208535107547878,0.0002374204513361653,0.06549131320170519
7.184029141975956,-0.0005450562843996171,0.0002374204513361653,0.06549275878362407
7.1848289520383775,-4.160305180070378e-05,0.0002374204513361653,0.06549407121207644
7.185628762153066,-0.00028359300176412916,0.0002374204513361653,0.06549525525549439
7.186428572323196,8.812182587369932e-05,0.0002374204513361653,0.06549631563467824
7.187228382551934,0.0005400756690643188,0.0002374204513361653,0.06549725702279692
7.188028192842454,0.0014579343504740883,0.0002374204513361653,0.06549808404538825
7.188828003197926,0.0018030932699586444,0.0002374204513361653,0.06549905542290706
7.189627813621521,0.0016482686253266043,0.0002374204513361653,0.06550016560075626
7.19042762411641,0.0015715683975638939,0.0002374204513361653,0.06550140905642657
7.191227434685764,0.0005717159187447335,0.0002374204513361653,0.06550278029949567
7.1920272453327545,0.0003255648869312927,0.0002374204513361653,0.0655042738716285
7.19282705606055,0.0004210074405200659,0.0002374204513361653,0.06550588434657774
7.193626866872326,0.000516181606609406,0.0002374204513361653,0.06550760633018281
7.19442667777125,0.0002711769303102435,0.0002374204513361653,0.06550943446037084
7.195226488760492,1.5852435460150804e-05,0.0002374204513361653,0.06551241400190701
7.196026299843227,-0.00017009934725385756,0.0002374204513361653,0.06551503664081518
7.196826111022624,-0.0003213042407856359,0.0002374204513361653,0.06551681271825674
7.197625922301853,-8.356318360239201e-05,0.0002374204513361653,0.06551773408060015
7.198425733684085,-0.00023509953808480144,0.0002374204513361653,0.06551735946105694
7.199225545172492,-0.0007745202482370983,0.0002374204513361653,0.06551752287354035
7.200025356770246,-0.00046042797159524806,0.0002374204513361653,0.06551854167813706
7.200825168480516,0.0001683554484196853,0.0002374204513361653,0.06551982719442465
7.201624980306473,0.0005946272079100645,0.0002374204513361653,0.06552137846350181
7.202424792251289,0.0008657618651502358,0.0002374204513361653,0.06552310901780531
7.203224604318135,0.0016438361036388988,0.0002374204513361653,0.06552251387837812
7.204024416510181,0.0007943112246828199,0.0002374204513361653,0.06552435409742077
7.204824228830598,0.0008984942760776882,0.0002374204513361653,0.06552643314904176
7.20562404128256,0.0036532955771985814,0.0002374204513361653,0.06552850554703075
7.206423853869233,0.004403906388768641,0.0002374204513361653,0.06553056327516948
7.207223666593791,0.0031671536786907345,0.0002374204513361653,0.06553391726050214
7.208023479459405,0.002021442429842507,0.0002374204513361653,0.06553547686855098
7.208823292469245,0.0011877460363611814,0.0002374204513361653,0.06553695767730755
7.209623105626482,0.0012549405313241058,0.0002374204513361653,0.0655382956265138
7.210422918934288,0.00126387219384691,0.0002374204513361653,0.06553809494538981
7.211222732395833,0.0015335106759060552,0.0002374204513361653,0.06553967818060265
7.212022546014289,0.0007025142026257786,0.0002374204513361653,0.06554164562703846
7.212822359792825,0.00029538849411188395,0.0002374204513361653,0.06554282272177064
7.213622173734613,0.0007023445761552422,0.0002374204513361653,0.0655424135773556
7.214421987842827,0.0001145021334565538,0.0002374204513361653,0.06554111560032248
7.215221802120632,-0.0003229280181973465,0.0002374204513361653,0.06553954156870836
7.2160216165712034,-0.0001550234206281753,0.0002374204513361653,0.06553899477390741
7.216821431197712,-5.853406878773837e-05,0.0002374204513361653,0.06553881352088056
7.2176212460033256,0.00020371244292492763,0.0002374204513361653,0.06553901778419448
7.218421060991219,-0.0005946152442728447,0.0002374204513361653,0.06553984105769031
7.21922087616456,0.00023231551650962357,0.0002374204513361653,0.0655409271650446
7.220020691526522,-8.766162910478492e-05,0.0002374204513361653,0.06554227381073188
7.2208205070802745,0.00021118269414718838,0.0002374204513361653,0.06554351084138789
7.221620322828989,6.328457386506336e-05,0.0002374204513361653,0.06554462187336849
7.2224201387758376,0.00018068789058825474,0.0002374204513361653,0.06554559049864564
7.223219954923988,0.00039773418403350747,0.0002374204513361653,0.06554732183653103
7.224019771276615,0.0005335038372942108,0.0002374204513361653,0.06554806260939998
7.224819587836888,0.0005509847202753576,0.0002374204513361653,0.06554955505907863
7.2256194046079765,0.0006662712269479704,0.0002374204513361653,0.06555011630455786
7.226419221593053,4.673696872423139e-05,0.0002374204513361653,0.0655514470919441
7.2272190387952895,-0.00010565316284784354,0.0002374204513361653,0.06555355370008967
7.2280188562178544,2.36087057847445e-05,0.0002374204513361653,0.06555517064859448
7.2288186738639215,-0.0003355410345594334,0.0002374204513361653,0.06555632764164065
7.229618491736659,-0.00032464143999040573,0.0002374204513361653,0.0655570542620055
7.230418309839239,-0.0001691587181966714,0.0002374204513361653,0.06555608059274416
7.231218128174834,8.931279168465645e-05,0.0002374204513361653,0.06555391497300654
7.232017946746612,0.0003948617792125658,0.0002374204513361653,0.06555225322968584
7.232817765557747,0.0009171383957560925,0.0002374204513361653,0.0655520514956102
7.233617584611407,0.0012306255210317862,0.0002374204513361653,0.06555171300301493
7.234417403910766,0.001411008674802386,0.0002374204513361653,0.0655512347399462
7.235217223458992,0.0007102831685065619,0.0002374204513361653,0.06555094947358185
7.236017043259259,0.000731622658313863,0.0002374204513361653,0.06555072363063102
7.236816863314736,0.000983221060509576,0.0002374204513361653,0.06555056162923975
7.237616683628595,0.00042494727175955427,0.0002374204513361653,0.06555046790366546
7.238416504204005,0.00041818823963095386,0.0002374204513361653,0.0655502271420936
7.239216325044139,0.0003205174983162279,0.0002374204513361653,0.06554983529312955
7.2400161461521675,0.00016261339949671938,0.0002374204513361653,0.06554535189462628
7.240815967531261,0.0008933846291151043,0.0002374204513361653,0.06554189536052663
7.241615789184591,0.0009647392928346099,0.0002374204513361653,0.06553926321983149
7.242415611115328,0.0016329421847400827,0.0002374204513361653,0.06553748469561303
7.243215433326643,0.001587343098769095,0.0002374204513361653,0.06553655862986692
7.244015255821709,-2.8598153306205742e-05,0.0002374204513361653,0.06553584767610428
7.2448150786036924,0.0008646549237448092,0.0002374204513361653,0.06553554232533344
7.2456149016757685,0.00042819167415811266,0.0002374204513361653,0.0655353084943504
7.246414725041107,0.0012406841192471318,0.0002374204513361653,0.06553514335744072
7.247214548702878,0.00149763740857628,0.0002374204513361653,0.06553504411372157
7.248014372664254,0.0022776943561412383,0.0002374204513361653,0.06553500798714323
7.248814196928404,0.00207996811016975,0.0002374204513361653,0.06553503222648785
7.2496140214985,0.0017629658334362835,0.0002374204513361653,0.06553511410537093
7.250413846377713,0.0012590628446873808,0.0002374204513361653,0.06553452836062679
7.251213671569214,0.0007054109740983749,0.0002374204513361653,0.0655332443093556
7.252013497076175,-0.00015305829598913356,0.0002374204513361653,0.0655326448964492
7.252813322901765,0.00024320563199092815,0.0002374204513361653,0.06553206980974773
7.253613149049156,0.0007803083421226847,0.0002374204513361653,0.06553156815736831
7.254412975521519,0.0015154740891648588,0.0002374204513361653,0.06553118910062761
7.255212802322024,0.0027290634300139033,0.0002374204513361653,0.06553038440395627
7.256012629453844,0.0026943084267245787,0.0002374204513361653,0.06552918017814581
7.256812456920147,0.002531490595865979,0.0002374204513361653,0.06552823126446036
7.257612284724108,0.0019002358203518005,0.0002374204513361653,0.06552723984058631
7.258412112868894,0.0006152076696074316,0.0002374204513361653,0.06552619530098859
7.2592119413576786,0.00043500294323389754,0.0002374204513361653,0.06552508702026512
7.260011770193631,1.0826054296045329e-05,0.0002374204513361653,0.06552390435314802
7.260811599379925,-0.00019495104116609707,0.0002374204513361653,0.06552117484749441
7.261611428919727,0.0002920413787111803,0.0002374204513361653,0.06552067093393618
7.262411258816211,0.0005019464974843346,0.0002374204513361653,0.06552029865791842
7.263211089072549,1.1479224386989895e-05,0.0002374204513361653,0.06552005543958639
7.26401091969191,0.00027075732893316884,0.0002374204513361653,0.0655199387404532
7.264810750677465,-8.807245591890833e-05,0.0002374204513361653,0.06551994606339967
7.265610582032386,-0.0002309173143130172,0.0002374204513361653,0.06552007495267428
7.266410413759844,-2.612877338289965e-05,0.0002374204513361653,0.06552004714636303
7.267210245863008,0.00028620368462310697,0.0002374204513361653,0.06551984957969492
7.268010078345051,0.00030164086686018665,0.0002374204513361653,0.0655194691460627
7.268809911209143,0.0006703947245000619,0.0002374204513361653,0.06551849137595145
7.269609744458456,0.0006279009082884451,0.0002374204513361653,0.06551765265921364
7.270409578096159,0.0008775784025668171,0.0002374204513361653,0.0655159922693576
7.271209412125426,0.0010201405504934452,0.0002374204513361653,0.06551429012945327
7.272009246549426,0.0012749057658120594,0.0002374204513361653,0.06551254667905825
7.27280908137133,0.0016514259601344838,0.0002374204513361653,0.06551216422954399
7.273608916594308,0.0010211807420519858,0.0002374204513361653,0.06551094521752626
7.274408752221533,-0.0002686935674834634,0.0002374204513361653,0.06550891983253046
7.2752085882561754,-0.0005301295627309216,0.0002374204513361653,0.06550708825874679
7.2760084247014065,-0.0003107535526234856,0.0002374204513361653,0.0655054416727479
7.2768082615603955,0.0002881645007709599,0.0002374204513361653,0.06550397129946986
7.277608098836315,0.0016328184444682342,0.0002374204513361653,0.06550266841221182
7.278407936532336,0.001967565637833832,0.0002374204513361653,0.06550152433263662
7.279207774651629,0.0020086909146338205,0.0002374204513361653,0.06550053043077031
7.2800076131973634,0.0014710935197945335,0.0002374204513361653,0.06549995712297911
7.280807452172713,0.0007340333285303646,0.0002374204513361653,0.06549957427845697
7.281607291580848,0.00046365794888980627,0.0002374204513361653,0.06549937530215624
7.282407131424939,0.0001717467264253092,0.0002374204513361653,0.06549935366144519
7.283206971708155,0.0002594899222471275,0.0002374204513361653,0.06549950288610809
7.284006812433669,0.0004518798590772283,0.0002374204513361653,0.06549704632486818
7.284806653604654,0.0013297704308919689,0.0002374204513361653,0.06549129142740881
7.285606495224277,0.0014560099267805215,0.0002374204513361653,0.06548326919889211
7.286406337295712,0.0015834184232030035,0.0002374204513361653,0.0654775809313503
7.287206179822128,0.0013925253530943232,0.0002374204513361653,0.06547451328832492
7.288006022806696,0.0008399066906873282,0.0002374204513361653,0.06546972261208786
7.288805866252589,0.000555925288664369,0.0002374204513361653,0.06546708819514009
7.289605710162976,0.00043657199882841946,0.0002374204513361653,0.06546458029103984
7.290405554541029,0.0003023766390138627,0.0002374204513361653,0.06546220615161086
7.291205399389918,0.0008465338967917901,0.0002374204513361653,0.06545979177829177
7.292005244712815,0.0014252166585040082,0.0002374204513361653,0.06545733742833479
7.29280509051289,0.0014508366381519172,0.0002374204513361653,0.06545484331994465
7.293604936793315,0.0007936970236467611,0.0002374204513361653,0.06545230963227866
7.294404783557261,0.0003000922781293547,0.0002374204513361653,0.06544973650544521
7.2952046308078975,0.00024923773853623155,0.0002374204513361653,0.06544712404050623
7.296004478548397,-1.4205024603711203e-05,0.0002374204513361653,0.06544477537750823
7.29680432678193,-0.00021477944790859738,0.0002374204513361653,0.06544267851285011
7.297604175511667,0.0007472821250399664,0.0002374204513361653,0.06544082149894527
7.29840402474078,0.0016398773522059151,0.0002374204513361653,0.06543933308002205
7.299203874472439,0.002063785202245913,0.0002374204513361653,0.06543630401492238
7.300003724709814,0.00162739234198217,0.0002374204513361653,0.06543620380641943
7.3008035754560785,0.0013705089036291362,0.0002374204513361653,0.06543352265033357
7.3016034267144025,0.0004942426991555449,0.0002374204513361653,0.06542596611894763
7.302403278487956,0.00016231255535428812,0.0002374204513361653,0.06542036931612262
7.303203130779912,7.196399964216893e-05,0.0002374204513361653,0.0654148460069839
7.304002983593438,6.964682505432307e-05,0.0002374204513361653,0.06540940672308694
7.304802836931708,0.0008825895538967787,0.0002374204513361653,0.06540420203065642
7.305602690797893,0.0011933665997014703,0.0002374204513361653,0.06539923696681353
7.306402545195163,0.0010217018666888872,0.0002374204513361653,0.0653945166431522
7.307202400126688,0.0009422545664668353,0.0002374204513361653,0.06539004624574038
7.308002255595641,1.2985071204979493e-05,0.0002374204513361653,0.0653858310351189
7.308802111605192,-0.00022777802917826884,0.0002374204513361653,0.0653818763463019
7.3096019681585105,5.655934084601577e-05,0.0002374204513361653,0.06537818758877756
7.31040182525877,0.0001495067547655493,0.0002374204513361653,0.06537477024650708
7.31120168290914,0.0004945955574143512,0.0002374204513361653,0.06537162987792554
7.312001541112793,0.0005476054042604095,0.0002374204513361653,0.06536937756619254
7.312801399872898,0.0001848173323790725,0.0002374204513361653,0.06536799499361277
7.313601259192628,-0.0006066682593674766,0.0002374204513361653,0.06536746410686547
7.314401119075151,-0.0005445657034418017,0.0002374204513361653,0.06536776711700465
7.31520097952364,0.00013386057842468269,0.0002374204513361653,0.06536888649945939
7.316000840541267,0.000700833395626807,0.0002374204513361653,0.06537003658763434
7.316800702131201,0.00019635057740029216,0.0002374204513361653,0.06537116760305291
7.3176005642966135,-4.5078870360579226e-05,0.0002374204513361653,0.06536719868462096
7.318400427040675,0.00019584243173913218,0.0002374204513361653,0.06536408478849372
7.31920029036656,-2.5103676737581182e-05,0.0002374204513361653,0.06536144311230903
7.320000154277434,0.0002434489010288421,0.0002374204513361653,0.0653571182958986
7.320800018776471,0.0002880013290781913,0.0002374204513361653,0.06535105302304708
7.321599883866842,0.0003971074468497038,0.0002374204513361653,0.06534632204673592
7.3223997495517175,0.0001845053322829665,0.0002374204513361653,0.06534298842439937
7.323199615834268,0.00034986017495905464,0.0002374204513361653,0.06534004760718043
7.323999482717665,-0.00018049906748406064,0.0002374204513361653,0.06533752210027981
7.32479935020508,-0.0003683201135805392,0.0002374204513361653,0.06533568479945126
7.325599218299684,-0.00026141556100901797,0.0002374204513361653,0.06533389957590281
7.3263990870046465,-0.00023318224624052641,0.0002374204513361653,0.06533215778700172
7.327198956323139,-2.7312221801009673e-05,0.0002374204513361653,0.06533045076637221
7.327998826258333,-0.00020682769052025873,0.0002374204513361653,0.06532876982389527
7.328798696813399,-0.00039638663214494607,0.0002374204513361653,0.06532710624570923
7.3295985679915105,0.00031935414938844,0.0002374204513361653,0.06532470348029584
7.330398439795834,0.00021748842117891298,0.0002374204513361653,0.06532321036312895
7.331198312229543,0.0005311565839589277,0.0002374204513361653,0.06531972172255157
7.3319981852958085,0.00021811808871434468,0.0002374204513361653,0.06531739070572216
7.332798058997802,0.0007931781273238792,0.0002374204513361653,0.06531630872412397
7.333597933338693,0.0023504305709274587,0.0002374204513361653,0.06531710747748078
7.334397808321652,0.003765293112065901,0.0002374204513361653,0.0653184274312601
7.335197683949853,0.0036058584419514095,0.0002374204513361653,0.06531805522862766
7.335997560226464,0.003748654602351298,0.0002374204513361653,0.06531726363070159
7.336797437154657,0.0033046315105163676,0.0002374204513361653,0.06531607536238067
7.337597314737604,0.002078914925723388,0.0002374204513361653,0.06531451299361471
7.338397192978474,0.001083898457758331,0.0002374204513361653,0.06531370101512456
7.339197071880439,0.0009445721697697446,0.0002374204513361653,0.0653136179552629
7.339996951446671,0.0010812689525459968,0.0002374204513361653,0.06531424253309451
7.340796831680339,0.0011517304390275679,0.0002374204513361653,0.06531555365839768
7.341596712584615,0.0010559085369438725,0.0002374204513361653,0.06531753043166415
7.34239659416267,0.000927861630395696,0.0002374204513361653,0.06532015214409949
7.343196476417674,0.000986488922131351,0.0002374204513361653,0.06532273868838197
7.3439963593528,0.0007923911130370553,0.0002374204513361653,0.06532249361067173
7.344796242971217,0.001646362574784871,0.0002374204513361653,0.06532246467112804
7.345596127276098,0.003346686308970573,0.0002374204513361653,0.06532220584605647
7.346396012270611,0.0036440040243713306,0.0002374204513361653,0.06532171038148288
7.3471958979579295,0.0032404018818802116,0.0002374204513361653,0.06532258066884114
7.347995784341223,0.002991273599725286,0.0002374204513361653,0.06532411523177165
7.348795671423664,0.0024479759619285835,0.0002374204513361653,0.06532541257224048
7.349595559208422,0.001912696230446917,0.0002374204513361653,0.06532648006486878
7.35039544769867,0.0012824049640812601,0.0002374204513361653,0.06532551739198418
7.351195336897576,0.0009247357106124399,0.0002374204513361653,0.06532526576296957
7.351995226808312,0.000915003484292562,0.0002374204513361653,0.06532288613620235
7.352795117434051,-0.00014871909983196763,0.0002374204513361653,0.0653201907504352
7.353595008777963,-0.0004048135334266123,0.0002374204513361653,0.06531716519768213
7.354394900843216,9.113661197772405e-05,0.0002374204513361653,0.06531379491135535
7.355194793632985,0.00037682156917691334,0.0002374204513361653,0.06531085529219732
7.35599468715044,0.0004308409368963817,0.0002374204513361653,0.06530836208176985
7.35679458139875,0.00011895066220074524,0.0002374204513361653,0.06530633110137507
7.357594476381088,6.0670531595460875e-05,0.0002374204513361653,0.06530486120688805
7.358394372100625,0.00034965701262239246,0.0002374204513361653,0.06530396508735128
7.35919426856053,0.00032812996129044647,0.0002374204513361653,0.06530365553756601
7.359994165763976,0.0007111468381408997,0.0002374204513361653,0.06530329738894725
7.360794063714133,0.0014305041602310498,0.0002374204513361653,0.06530287852857869
7.361593962414172,0.0019080054994859708,0.0002374204513361653,0.06530238675381142
7.362393861867264,0.0023350639844688242,0.0002374204513361653,0.06530180977226364
7.36319376207658,0.0022734174513493605,0.0002374204513361653,0.06530018023005986
7.363993663045292,0.002137831607252033,0.0002374204513361653,0.0652997368474486
7.36479356477657,0.0022027272478501586,0.0002374204513361653,0.06530051845116032
7.365593467273585,0.0013404441928629857,0.0002374204513361653,0.0653006833847853
7.366393370539508,0.0004647254172455151,0.0002374204513361653,0.0653007426238367
7.3671932745775095,0.00023464414303628334,0.0002374204513361653,0.06530068356706104
7.367993179390761,0.0004832121732121081,0.0002374204513361653,0.06529993633966442
7.368793084982434,0.00026107112232470753,0.0002374204513361653,0.06530055093842244
7.369592991355699,-0.00021184564294646213,0.0002374204513361653,0.06530151574430465
7.370392898513726,-0.00016197885276234003,0.0002374204513361653,0.06530283628078246
7.371192806459687,-5.896958624303228e-05,0.0002374204513361653,0.06530451812225073
7.371992715196754,7.584485590259038e-05,0.0002374204513361653,0.0653065668940276
7.372792624728096,0.00030602115589165035,0.0002374204513361653,0.06530898827235505
7.3735925350568845,8.446986087122521e-05,0.0002374204513361653,0.06531178798439795
7.374392446186292,-0.00015484176172826658,0.0002374204513361653,0.0653149718082451
7.375192358119488,0.00012987329652255908,0.0002374204513361653,0.06531746994787087
7.375992270859642,0.00011147060398813968,0.0002374204513361653,0.06531924659177864
7.376792184409928,0.0003240299728270307,0.0002374204513361653,0.06532026565492774
7.377592098773516,0.0009505885183461737,0.0002374204513361653,0.06531981665898691
7.378392013953576,0.0012199238011624536,0.0002374204513361653,0.0653207221545744
7.37919192995328,0.001547337428874418,0.0002374204513361653,0.06532186584159388
7.379991846775798,0.0025335915367637463,0.0002374204513361653,0.06532325155908858
7.380791764424302,0.0017187246542702955,0.0002374204513361653,0.06532488318817802
7.381591682901963,0.0008942446915615743,0.0002374204513361653,0.06532676465205699
7.38239160221195,0.0006286390988953228,0.0002374204513361653,0.06532897294561482
7.3831915223574365,0.0007590406682271428,0.0002374204513361653,0.06533150917831053
7.383991443341593,0.00021929919818605703,0.0002374204513361653,0.0653343745245835
7.3847913651675885,-0.00026899136836289195,0.0002374204513361653,0.06533757022385421
7.385591287838596,-0.0004771135091814621,0.0002374204513361653,0.0653410975805238
7.386391211357785,-8.164493645185233e-05,0.0002374204513361653,0.06534495796397474
7.3871911357283295,0.0007222382681229406,0.0002374204513361653,0.06535000932107957
7.387991060953397,0.0011163148703325632,0.0002374204513361653,0.06535474712762869
7.38879098703616,0.0006370724781881859,0.0002374204513361653,0.06535919764115662
7.389590913979789,0.0007534483659354663,0.0002374204513361653,0.06536500963312092
7.390390841787456,0.0007198714211987117,0.0002374204513361653,0.06537214471693062
7.39119077046233,0.0007239395868076925,0.0002374204513361653,0.06537782032806157
7.391990700007583,0.001445651770146647,0.0002374204513361653,0.06538735842239445
7.392790630426387,0.001835736821359582,0.0002374204513361653,0.06539971265742066
7.393590561721912,0.0014330275718085483,0.0002374204513361653,0.06541058150594685
7.394390493897329,0.0009642848675090465,0.0002374204513361653,0.0654165055617905
7.395190426955809,0.0013412026130567162,0.0002374204513361653,0.06542262242965305
7.395990360900523,0.0012380294336755832,0.0002374204513361653,0.0654289184120133
7.396790295734642,0.0012380122816268851,0.0002374204513361653,0.06543537983937561
7.397590231461337,0.000559928271068974,0.0002374204513361653,0.06544563436353137
7.398390168083779,0.00032923457285947977,0.0002374204513361653,0.06545393974499783
7.399190105605139,-8.731686529789284e-06,0.0002374204513361653,0.06545825623091425
7.399990044028588,-0.000258990502505857,0.0002374204513361653,0.06546293147549992
7.4007899833572965,-0.00016046145014664281,0.0002374204513361653,0.06546797526722459
7.401589923594437,-0.00043545781527601357,0.0002374204513361653,0.06547339749228202
7.402389864743178,0.0001442861473697904,0.0002374204513361653,0.06547920813458936
7.403189806806692,0.00032207211279344783,0.0002374204513361653,0.06548541727578769
7.40398974978815,7.277477111412856e-05,0.0002374204513361653,0.06549309202783365
7.404789693690722,0.0003223217294548303,0.0002374204513361653,0.06550139396841885
7.405589638517581,8.461358885439307e-05,0.0002374204513361653,0.0655138690649101
7.4063895842718965,0.00024390715474398306,0.0002374204513361653,0.0655272297971895
7.407189530956839,0.00015915830497906236,0.0002374204513361653,0.06553797971644076
7.40798947857558,0.0001781932639702971,0.0002374204513361653,0.06554781993657126
7.408789427131291,0.0005355367835334357,0.0002374204513361653,0.06555592770600763
7.4095893766271415,0.0009059022823875995,0.0002374204513361653,0.06556141037628921
7.410389327066305,0.0009224731894249549,0.0002374204513361653,0.06556723853778881
7.411189278451951,0.0010679428515139866,0.0002374204513361653,0.06557202113452829
7.41198923078725,0.0016103725546229158,0.0002374204513361653,0.06557917858111527
7.412789184075373,0.0017201205300242384,0.0002374204513361653,0.06558502116738091
7.413589138319492,0.0010894138202057757,0.0002374204513361653,0.0655895378250605
7.414389093522777,0.00048349140347989095,0.0002374204513361653,0.06559271707902453
7.4151890496884,0.0004735511036178114,0.0002374204513361653,0.06559536181571088
7.415989006819531,0.0004542706071307273,0.0002374204513361653,0.06559729805486808
7.416788964919341,-0.0006375419067100319,0.0002374204513361653,0.06559966906005105
7.417588923991002,-0.0006209034646207229,0.0002374204513361653,0.06560331707202792
7.418388884037684,-0.0005946105912663507,0.0002374204513361653,0.06560828068806598
7.419188845062558,-0.00017709405606185225,0.0002374204513361653,0.06561459892262538
7.419988807068796,0.00025936507675536347,0.0002374204513361653,0.0656204617474101
7.420788770059567,0.00019925478576812705,0.0002374204513361653,0.06562651886488935
7.4215887340380435,0.00022545059975215276,0.0002374204513361653,0.06563276471411253
7.422388699007396,0.000781543428986925,0.0002374204513361653,0.06563897187563324
7.423188664970797,0.0006880826063155043,0.0002374204513361653,0.0656450636566069
7.423988631931415,0.0006547077792216638,0.0002374204513361653,0.06565102850830914
7.4247885998924215,0.000882387234866458,0.0002374204513361653,0.06565685486029274
7.4255885688569885,0.0012832948232513602,0.0002374204513361653,0.06566253112038743
7.426388538828287,0.0007474629002138106,0.0002374204513361653,0.0656688827833578
7.427188509809486,0.0005698962582200845,0.0002374204513361653,0.06567263973023318
7.42798848180376,0.00037545772412476974,0.0002374204513361653,0.0656767995476259
7.428788454814277,0.0002449798478842691,0.0002374204513361653,0.06568091809152306
7.429588428844208,2.8911038726861515e-05,0.0002374204513361653,0.06568607053190366
7.4303884038967265,0.0002678622354660293,0.0002374204513361653,0.06568999596303698
7.4311883799750005,0.00016561325593010545,0.0002374204513361653,0.06569259569413917
7.431988357082203,-1.66548086705659e-05,0.0002374204513361653,0.06569555220478175
7.432788335221504,-0.0001692833082261036,0.0002374204513361653,0.06569889068704905
7.433588314396075,-0.0003627121908385267,0.0002374204513361653,0.06570263647391433
7.434388294609087,0.00021427470193788323,0.0002374204513361653,0.06570681503923922
7.43518827586371,-0.0004991555175614532,0.0002374204513361653,0.06571090146286963
7.435988258163116,-0.0005842447124597416,0.0002374204513361653,0.06571499476435821
7.436788241510476,-0.0002884466362393229,0.0002374204513361653,0.06571909558124182
7.43758822590896,0.00018112103678968872,0.0002374204513361653,0.06572320455553858
7.438388211361739,0.001008445679957684,0.0002374204513361653,0.06572732233374791
7.439188197871986,0.0012745238487952698,0.0002374204513361653,0.0657314495668505
7.43998818544287,0.0009352017205952884,0.0002374204513361653,0.06573558691030848
7.440788174077562,0.0009910977045473335,0.0002374204513361653,0.06573973502406541
7.441588163779234,0.001234219167003489,0.0002374204513361653,0.06574389457254626
7.442388154551057,0.0009422636864369338,0.0002374204513361653,0.06574806622465679
7.4431881463962,0.0007950927484207809,0.0002374204513361653,0.06575225065378493
7.443988139317836,-0.0006483869855818392,0.0002374204513361653,0.06575644853779951
7.444788133319136,-0.0006855368581580867,0.0002374204513361653,0.06576055045152289
7.445588128403269,-0.00024049899256452234,0.0002374204513361653,0.06576455281395983
7.446388124573409,-0.0003073705283682254,0.0002374204513361653,0.06576845201538069
7.447188121832724,0.00035383173182582106,0.0002374204513361653,0.0657722444173211
7.447988120184387,0.0002748747028115811,0.0002374204513361653,0.0657759263525821
7.448788119631568,-0.0002875979989848537,0.0002374204513361653,0.06577949412522968
7.449588120177438,-0.00040007419053360305,0.0002374204513361653,0.06578294401059573
7.450388121825169,8.596374526045891e-05,0.0002374204513361653,0.06578627225527657
7.45118812457793,-0.0003216908493930415,0.0002374204513361653,0.06578956957869414
7.451988128438893,3.094258047921239e-05,0.0002374204513361653,0.06579282842009242
7.4527881334112305,-7.79497177483407e-05,0.0002374204513361653,0.06579604121961756
7.453588139498112,0.000238041127021138,0.0002374204513361653,0.06579920041831956
7.454388146702707,0.0015527062746281545,0.0002374204513361653,0.06580229845815141
7.455188155028189,0.001770209281340973,0.0002374204513361653,0.06580532778196928
7.455988164477728,0.0008150064847923383,0.0002374204513361653,0.06580681046511297
7.456788175054495,0.0012069051885913729,0.0002374204513361653,0.06580878000839598
7.45758818676166,0.002384050074458549,0.0002374204513361653,0.06581125274307693
7.458388199602396,0.004401976076101613,0.0002374204513361653,0.0658175258077092
7.459188213579873,0.00554236059116453,0.0002374204513361653,0.06582105419702955
7.459988228697261,0.005646933539679516,0.0002374204513361653,0.06582559407767855
7.460788244957731,0.006234926165977608,0.0002374204513361653,0.06582983765107976
7.461588262364457,0.0044213428425561585,0.0002374204513361653,0.0658338401533829
7.4623882809206075,0.003352096529274401,0.0002374204513361653,0.06583706317450891
7.463188300629352,0.002748057399022466,0.0002374204513361653,0.06584175010102845
7.463988321493865,0.002734968038230645,0.0002374204513361653,0.06584580341770047
7.464788343517315,0.0027658265558475476,0.0002374204513361653,0.06585076412219448
7.465588366702874,0.003317322467842179,0.0002374204513361653,0.06585312415506143
7.466388391053711,0.002583070069914997,0.0002374204513361653,0.06585499262102669
7.467188416573001,0.0015496176018623548,0.0002374204513361653,0.06585637628518679
7.467988443263911,0.0018866554047216183,0.0002374204513361653,0.06585728178632307
7.4687884711296135,0.0026482294823338554,0.0002374204513361653,0.06585771563690249
7.469588500173281,0.002286457266807318,0.0002374204513361653,0.06585768422307686
7.470388530398082,0.0003335544168298482,0.0002374204513361653,0.0658571938046829
7.471188561807188,0.001684510843764933,0.0002374204513361653,0.06585654559606338
7.471988594403771,0.003982115445151618,0.0002374204513361653,0.06585573389545481
7.472788628191002,0.0042697696253525125,0.0002374204513361653,0.06585517033972133
7.47358866317205,0.0025012452297345916,0.0002374204513361653,0.06585638516628953
7.474388699350089,0.0018891900864650563,0.0002374204513361653,0.06585859785748709
7.4751887367282865,0.0021729382104532374,0.0002374204513361653,0.06586262389867348
7.475988775309816,0.002085059991996513,0.0002374204513361653,0.06586974600577883
7.476788815097849,0.0012077562608780873,0.0002374204513361653,0.06586940178494465
7.4775888560955535,0.000633967130256069,0.0002374204513361653,0.06586927304209318
7.478388898306103,0.0008040410845469304,0.0002374204513361653,0.065869798461245
7.4791889417326685,0.0015107163854622546,0.0002374204513361653,0.06587000480032719
7.4799889863784195,0.002949506812378655,0.0002374204513361653,0.0658698889638247
7.480789032246528,0.0020173240542763066,0.0002374204513361653,0.06586944775313291
7.481589079340163,0.001573013236559756,0.0002374204513361653,0.06586867786655733
7.482389127662499,0.0019047597528562832,0.0002374204513361653,0.06586815725709567
7.483189177216704,0.0010822053862829667,0.0002374204513361653,0.06586816189075265
7.48398922800595,0.000854751513194113,0.0002374204513361653,0.065867810703116
7.484789280033408,0.0007846397412451939,0.0002374204513361653,0.06586709879934383
7.485589333302251,0.0005555855520603531,0.0002374204513361653,0.06586602119446865
7.486389387815645,0.0009475859246117352,0.0002374204513361653,0.06586457281339851
7.487189443576765,0.0005965214533249774,0.0002374204513361653,0.0658627484909153
7.487989500588782,0.00020020322876486418,0.0002374204513361653,0.06585951317369892
7.488789558854865,4.039705079915412e-05,0.0002374204513361653,0.06585844430179275
7.489589618378186,0.0007322278883454825,0.0002374204513361653,0.06585755924338582
7.490389679161916,0.0004761148706171753,0.0002374204513361653,0.0658568729260492
7.491189741209225,0.00032544967090307464,0.0002374204513361653,0.06585640034274831
7.491989804523285,-0.00014261513693596128,0.0002374204513361653,0.06585615655184118
7.492789869107267,0.00014648277061066195,0.0002374204513361653,0.06585590451831852
7.493589934964342,-0.0004747412344494467,0.0002374204513361653,0.06585564965745765
7.49439000209768,-0.0009842324353970533,0.0002374204513361653,0.0658553973738585
7.4951900705104535,-0.0007689511463751658,0.0002374204513361653,0.0658551530614442
7.495990140205833,5.401078433502071e-05,0.0002374204513361653,0.06585492210346101
7.496790211186987,0.0004302446666359927,0.0002374204513361653,0.06585493713922788
7.4975902834570896,0.00048067868242875067,0.0002374204513361653,0.06585519451259558
7.498390357019312,-5.48292852758786e-05,0.0002374204513361653,0.06585569062801266
7.499190431876823,-0.0007241121713614102,0.0002374204513361653,0.0658576475546973
7.499990508032794,-0.0004241892517681811,0.0002374204513361653,0.06585853612358789
7.500790585490397,5.219746188195318e-05,0.0002374204513361653,0.0658583782389852
7.501590664252802,0.0006345433823007757,0.0002374204513361653,0.06585802172849678
7.50239074432318,0.0007374228433559282,0.0002374204513361653,0.06585623122219458
7.503190825704704,0.0008361591985026617,0.0002374204513361653,0.06585504212951121
7.503990908400542,0.000790143609002189,0.0002374204513361653,0.06585223778927345
7.504790992413867,0.00027197807148193753,0.0002374204513361653,0.06585104023922798
7.50559107774785,-0.00014411346796279478,0.0002374204513361653,0.06585151153467425
7.50639116440566,-0.00026737787316567785,0.0002374204513361653,0.06585187156136307
7.507191252390469,-0.0010129054708433727,0.0002374204513361653,0.06585387673110035
7.507991341705449,-0.001203314401260619,0.0002374204513361653,0.06585572255955312
7.50879143235377,-0.0008034848239503734,0.0002374204513361653,0.06585730438562823
7.509591524338603,-0.0006827828997255786,0.0002374204513361653,0.06585862804747443
7.51039161766312,-0.0004148619125061842,0.0002374204513361653,0.06585969930451802
7.51119171233049,1.81793880496689e-05,0.0002374204513361653,0.0658605238374638
7.511991808343885,0.0003012206825918212,0.0002374204513361653,0.06586110724829394
7.512791905706477,-0.00011192946039839669,0.0002374204513361653,0.06586145506026812
7.513592004421436,-0.00023651021420770246,0.0002374204513361653,0.0658622605210867
7.514392104491932,4.859501985807202e-05,0.0002374204513361653,0.06586300971198761
7.515192205921138,6.331323287896151e-05,0.0002374204513361653,0.06586370036592273
7.515992308712224,3.229222279708954e-05,0.0002374204513361653,0.06586370053254818
7.5167924128683605,-1.8168486164787945e-05,0.0002374204513361653,0.0658629835037748
7.517592518392719,0.0005441663235916522,0.0002374204513361653,0.06586152236424134
7.51839262528847,0.001064174695678724,0.0002374204513361653,0.06585928999131264
7.519192733558785,0.0011503601677924774,0.0002374204513361653,0.0658562590550801
7.519992843206835,0.0012988776330113416,0.0002374204513361653,0.06585320115812443
7.52079295423579,0.0013353959412032018,0.0002374204513361653,0.06585116045994917
7.5215930666488235,0.0012086667807422458,0.0002374204513361653,0.06585245900453021
7.522393180449103,0.0010235468990476143,0.0002374204513361653,0.06585474116740926
7.523193295639802,0.000515694318043658,0.0002374204513361653,0.06585797319529635
7.52399341222409,-0.00027692408093292487,0.0002374204513361653,0.06586298578109302
7.524793530205139,0.00029754923190637717,0.0002374204513361653,0.06586474620042243
7.525593649586121,0.00017369697084676505,0.0002374204513361653,0.06586388859063337
7.526393770370204,0.00012545941536724892,0.0002374204513361653,0.06586479611976466
7.527193892560561,-0.0003494228351026557,0.0002374204513361653,0.06586393594941202
7.527994016160363,-0.0005127447654707518,0.0002374204513361653,0.06586423860213977
7.52879414117278,-0.0002853763669010134,0.0002374204513361653,0.0658668622841627
7.529594267600983,0.00026217580757412207,0.0002374204513361653,0.06587139378498966
7.530394395448144,0.0003158829605628688,0.0002374204513361653,0.06587692644411348
7.531194524717433,0.0004198582363361819,0.0002374204513361653,0.06587903097420567
7.531994655412022,0.0004735837236242435,0.0002374204513361653,0.06587845739289853
7.532794787535082,0.0007692272690303231,0.0002374204513361653,0.06587868593154424
7.533594921089782,0.0008374613665484559,0.0002374204513361653,0.06587967720648646
7.534395056079295,0.00036289973420523813,0.0002374204513361653,0.06588159586779532
7.535195192506792,0.00039193498956012485,0.0002374204513361653,0.06588006406024828
7.5359953303754414,0.00034039426540052875,0.0002374204513361653,0.06587739644561694
7.536795469688418,-0.00011001648912610518,0.0002374204513361653,0.0658743003639412
7.537595610448889,9.774403108533947e-05,0.0002374204513361653,0.06587075863403818
7.538395752660028,0.0009436040354770386,0.0002374204513361653,0.06586665255271529
7.539195896325005,0.0010635934615561005,0.0002374204513361653,0.0658642456338
7.539996041446992,0.0004806662877648721,0.0002374204513361653,0.06586235509622698
7.540796188029159,0.0007193848210430287,0.0002374204513361653,0.06586100014783029
7.541596336074676,0.0007616396171579026,0.0002374204513361653,0.06586020017207954
7.542396485586716,0.000998966276938948,0.0002374204513361653,0.06585882857347819
7.543196636568448,0.000759678744162523,0.0002374204513361653,0.06585686066064753
7.543996789023045,0.0005840626390862663,0.0002374204513361653,0.0658542715720649
7.544796942953677,0.000541791832470509,0.0002374204513361653,0.06584982031277967
7.5455970983635146,-6.83178896179748e-06,0.0002374204513361653,0.0658451271006753
7.546397255255729,3.1880041488629995e-06,0.0002374204513361653,0.06583896674188382
7.547197413633491,0.0006558324178102259,0.0002374204513361653,0.06583449309012993
7.547997573499972,0.0006538238813689617,0.0002374204513361653,0.06583405091979201
7.548797734858343,0.000466053015674775,0.0002374204513361653,0.06583298369245807
7.549597897711775,9.653682241608785e-06,0.0002374204513361653,0.06583130802546898
7.550398062063438,-6.209100858467487e-08,0.0002374204513361653,0.06582904690700264
7.551198227916505,0.0007411661624594362,0.0002374204513361653,0.06582622317979284
7.551998395274145,0.0005009714411682714,0.0002374204513361653,0.06582214392027055
7.55279856413953,0.0003262140927307866,0.0002374204513361653,0.0658177129159625
7.55359873451583,0.0006145224075175953,0.0002374204513361653,0.06581295985196703
7.554398906406218,0.0017435221883926738,0.0002374204513361653,0.06580979421547015
7.555199079813862,0.0016172617663509081,0.0002374204513361653,0.06580554959422777
7.555999254741935,0.000699415176088708,0.0002374204513361653,0.06580358957178857
7.556799431193609,0.0006815579473033739,0.0002374204513361653,0.06580214907995227
7.557599609172052,0.0005004045638755256,0.0002374204513361653,0.06580121941558123
7.558399788680437,0.000458717487712354,0.0002374204513361653,0.06580008096799254
7.559199969721933,-0.00012933086910618674,0.0002374204513361653,0.06579875349854088
7.560000152299716,-0.0007111103252193801,0.0002374204513361653,0.0657972566652498
7.56080033641695,-0.00017768558556835456,0.0002374204513361653,0.06579561002281516
7.561600522076811,-0.0002707957090596763,0.0002374204513361653,0.0657940669874097
7.562400709282468,-0.00025087341461838,0.0002374204513361653,0.06579263085128366
7.563200898037092,-0.00024279584174519142,0.0002374204513361653,0.06579340570862927
7.564001088343856,-0.00014473144058427256,0.0002374204513361653,0.06579708838704862
7.564801280205927,-0.0004314797704915996,0.0002374204513361653,0.06579986772006209
7.565601473626479,-0.0003658268834088457,0.0002374204513361653,0.06580178111722745
7.566401668608683,-0.0005645967352197051,0.0002374204513361653,0.06580286570076287
7.567201865155709,-0.0001630087211341169,0.0002374204513361653,0.06580315830555317
7.568002063270727,0.0005402552972169766,0.0002374204513361653,0.06580269547915385
7.56880226295691,0.001046919695425988,0.0002374204513361653,0.06580230047388874
7.5696024642174295,0.001661078847832953,0.0002374204513361653,0.06580197802354863
7.570402667055453,0.0010664255170784037,0.0002374204513361653,0.06580173282190019
7.571202871474155,0.0014030203069849423,0.0002374204513361653,0.06580156952268594
7.572003077476704,0.0012592577158318935,0.0002374204513361653,0.06580171614594132
7.572803285066272,0.0004718536513968752,0.0002374204513361653,0.06580216839744775
7.57360349424603,0.0002486732313522616,0.0002374204513361653,0.06580292201316167
7.57440370501915,0.0001455761903510766,0.0002374204513361653,0.065803972759213
7.5752039173888015,-6.391545337328108e-05,0.0002374204513361653,0.0658058826384535
7.576004131358156,-0.00010847557103223215,0.0002374204513361653,0.06580736957873805
7.576804346930383,-0.0004262096444570679,0.0002374204513361653,0.06580916197924856
7.577604564108657,-0.0009789903225921187,0.0002374204513361653,0.0658112550614037
7.578404782896145,2.4823536663665102e-05,0.0002374204513361653,0.0658136440817552
7.579205003296021,0.0006177292828825343,0.0002374204513361653,0.06581594309114912
7.580005225311454,0.0013846627660879518,0.0002374204513361653,0.0658181625492305
7.5808054489456165,0.0014775661794618339,0.0002374204513361653,0.06582031283099328
7.581605674201677,0.0014848604216430722,0.0002374204513361653,0.06582240422678197
7.582405901082811,0.0014082637543306464,0.0002374204513361653,0.065824446942293
7.583206129592185,0.0007507222285539072,0.0002374204513361653,0.0658264510985762
7.584006359732971,0.00014457818628597907,0.0002374204513361653,0.06582867804939417
7.584806591508341,1.2939198810194008e-05,0.0002374204513361653,0.06583112777089523
7.5856068249214665,0.0004213421267324907,0.0002374204513361653,0.06583380023354315
7.586407059975517,0.0008921064075574914,0.0002374204513361653,0.06583661945159076
7.587207296673665,0.0013119833737545161,0.0002374204513361653,0.06583958244019844
7.588007535019079,0.0015722356058897047,0.0002374204513361653,0.0658426861859298
7.588807775014932,0.0012984517050294991,0.0002374204513361653,0.0658459276467509
7.589608016664394,0.0008227576765764411,0.0002374204513361653,0.065849303752031
7.590408259970637,0.0009583932914656174,0.0002374204513361653,0.0658528114025419
7.591208504936831,0.00167042551207143,0.0002374204513361653,0.06585555670067218
7.592008751566148,0.0016938674918032665,0.0002374204513361653,0.0658590328748591
7.5928089998617585,0.0016696545423936782,0.0002374204513361653,0.06586326128407546
7.593609249826833,0.0021155940684849522,0.0002374204513361653,0.06586748331882233
7.5944095014645425,0.001660859435356557,0.0002374204513361653,0.06587147499181656
7.5952097547780575,0.0011800673231767284,0.0002374204513361653,0.0658762247638435
7.59601000977055,0.001738081437154898,0.0002374204513361653,0.06587794549208872
7.596810266445193,0.0020649085934691253,0.0002374204513361653,0.0658751900987324
7.597610524805153,0.001373392291033712,0.0002374204513361653,0.06587345242733947
7.598410784853603,0.0009668259304464466,0.0002374204513361653,0.06587643334518226
7.599211046593715,0.0005509382233645915,0.0002374204513361653,0.06587917868277246
7.600011310028659,0.00016505186582230214,0.0002374204513361653,0.06588168735516955
7.600811575161606,-7.221910035121182e-05,0.0002374204513361653,0.06588395814189445
7.601611841995727,0.00028919628820582577,0.0002374204513361653,0.06588220275564335
7.602412110534193,0.00020927472504908562,0.0002374204513361653,0.06588208039904156
7.603212380780175,0.0006576732108780903,0.0002374204513361653,0.06588491267783747
7.604012652736843,0.0007518478762125747,0.0002374204513361653,0.06588793206759633
7.60481292640737,0.002004798287335796,0.0002374204513361653,0.06589113703641948
7.605613201794926,0.0017279035502068135,0.0002374204513361653,0.06589452603693362
7.606413478902681,0.0011985011742612073,0.0002374204513361653,0.06589809750629227
7.607213757733808,0.0010196903483276898,0.0002374204513361653,0.06590184986617535
7.608014038291476,0.00016271897563904791,0.0002374204513361653,0.06590454750552907
7.6088143205788565,-0.00010174364192318264,0.0002374204513361653,0.06590653344171478
7.6096146045991215,-5.8814029068030016e-05,0.0002374204513361653,0.0659040603811841
7.610414890355441,0.0002746109028147897,0.0002374204513361653,0.06590068897509369
7.611215177850986,0.0009311518139423075,0.0002374204513361653,0.06589990095518532
7.612015467088928,0.001199489329914899,0.0002374204513361653,0.06590010000839083
7.612815758072437,0.0008324323422451707,0.0002374204513361653,0.0659032173848152
7.613616050804686,0.0005346248779169033,0.0002374204513361653,0.06590935186741402
7.614416345288844,0.0003778181002324771,0.0002374204513361653,0.06591489039592752
7.615216641528082,5.502977179105972e-05,0.0002374204513361653,0.06591982980865621
7.616016939525572,0.00022562512733005635,0.0002374204513361653,0.06592381168615369
7.616817239284485,0.000974386072416053,0.0002374204513361653,0.06592810149889204
7.6176175408079905,0.0017077362397735774,0.0002374204513361653,0.06593273127376524
7.618417844099261,0.0017666437973674898,0.0002374204513361653,0.06593773309517609
7.619218149161466,0.0019042496129048625,0.0002374204513361653,0.0659422917489341
7.620018455997778,0.0019390616114960402,0.0002374204513361653,0.0659465411243997
7.620818764611368,0.0013163224092699044,0.0002374204513361653,0.06595048559291024
7.621619075005407,0.0010936223312499188,0.0002374204513361653,0.06595452649875139
7.622419387183063,0.0007909348153152529,0.0002374204513361653,0.06595865213577899
7.623219701147511,0.000498276761701083,0.0002374204513361653,0.06596285076503806
7.6240200169019205,0.00041600558832403933,0.0002374204513361653,0.06596711061476229
7.624820334449462,-0.0006535654918390366,0.0002374204513361653,0.06597141988037336
7.625620653793305,-0.0009740076279506765,0.0002374204513361653,0.06597459108094453
7.626420974936624,-0.0004336542562630441,0.0002374204513361653,0.0659778265799497
7.6272212978825875,1.9227827933204766e-05,0.0002374204513361653,0.06598117959153382
7.628021622634368,-0.00026896291588880683,0.0002374204513361653,0.06598464065446653
7.628821949195135,4.4665113460587436e-05,0.0002374204513361653,0.0659882002918324
7.6296222775680596,-0.0001364693507677761,0.0002374204513361653,0.06599184901103046
7.630422607756314,-0.0005252422331999684,0.0002374204513361653,0.0659960118662846
7.631222939763068,-0.0008910157480377517,0.0002374204513361653,0.06599913793300648
7.632023273591493,-0.0011149654174434503,0.0002374204513361653,0.06600278578683734
7.6328236092447606,-0.0005805961441663066,0.0002374204513361653,0.06600694724182046
7.633623946726041,-0.0001572932424342005,0.0002374204513361653,0.06601323347971692
7.634424286038505,0.00014613362162584076,0.0002374204513361653,0.0660181131730479
7.635224627185324,-0.00047999103074854166,0.0002374204513361653,0.06602154336539662
7.636024970169668,-0.0006767280863510111,0.0002374204513361653,0.066025757361791
7.636825314994709,-0.0001233696880206525,0.0002374204513361653,0.06603073826658507
7.63762566166362,0.00028839271420692814,0.0002374204513361653,0.0660352637557208
7.638426010179568,0.00042816339558240935,0.0002374204513361653,0.06603995015543718
7.639226360545726,0.0005311951447587032,0.0002374204513361653,0.06604480533653954
7.640026712765264,0.0012846762057811129,0.0002374204513361653,0.06605001060936959
7.640827066841355,0.001158235115307188,0.0002374204513361653,0.0660554326914209
7.641627422777168,0.0006574099520076232,0.0002374204513361653,0.06606106985700216
7.642427780575874,0.0005965006232283576,0.0002374204513361653,0.06606692037309526
7.6432281402406455,0.0006646386849615687,0.0002374204513361653,0.06607259499516069
7.6440285017746525,0.0005484329990813608,0.0002374204513361653,0.06607848739381371
7.644828865181066,0.00045458650227990505,0.0002374204513361653,0.06608459598870371
7.645629230463058,-0.00024424662547212206,0.0002374204513361653,0.06609091918981054
7.646429597623797,-4.5485508045658984e-05,0.0002374204513361653,0.06609745539744549
7.647229966666456,-0.00012384149213130746,0.0002374204513361653,0.06610420300225098
7.648030337594205,2.920706671891149e-06,0.0002374204513361653,0.0661111603852013
7.648830710410216,-0.00034712197953451485,0.0002374204513361653,0.06611832591760207
7.649631085117659,-0.0006177758815755774,0.0002374204513361653,0.06612569796109083
7.649903784097574,0.00022276647998524524,0.0002374204513361653,0.06613322800046054
7.651203959609886,0.0006182130165437866,0.0002374204513361653,0.06614105250570627
7.6525041180900635,0.0004105902129919181,0.0002374204513361653,0.06614997606277144
7.653804259609227,0.0007575783967506827,0.0002374204513361653,0.06615991654951281
7.655104384238502,0.001020284702758556,0.0002374204513361653,0.06616746057116243
7.656404492049012,0.0010795306618598538,0.0002374204513361653,0.06617466506808109
7.657704583111881,0.0011834418021586662,0.0002374204513361653,0.06618171019038951
7.659004657498233,0.0014428642014127913,0.0002374204513361653,0.06618860228043683
7.660304715279195,0.0010458785114283164,0.0002374204513361653,0.06619534754403356
7.661604756525886,0.0013937364137554115,0.0002374204513361653,0.06620195205045368
7.662904781309434,0.0010777998812533524,0.0002374204513361653,0.06620842173243521
7.664204789700962,-0.00011882994954826032,0.0002374204513361653,0.0662147623861826
7.6655047817715944,0.0004341239982234013,0.0002374204513361653,0.06622132429482032
7.666804757592455,0.00037626062564577456,0.0002374204513361653,0.066228099304039
7.668104717234669,0.0003224885382122761,0.0002374204513361653,0.06623518507238717
7.6694046607693585,0.00039487284387304533,0.0002374204513361653,0.06624171081283356
7.670704588267649,0.00020480842047576608,0.0002374204513361653,0.06624936662529302
7.672004499800664,0.00015677863295408823,0.0002374204513361653,0.06625800187329153
7.673304395439526,-0.00019918516676073472,0.0002374204513361653,0.06626586413298809
7.674604275255365,-0.0006890631933994668,0.0002374204513361653,0.06627293668420672
7.6759041393193,0.0006579969978869338,0.0002374204513361653,0.06628120509443963
7.677203987702455,0.0008984952731487944,0.0002374204513361653,0.06628766763443034
7.6785038204759575,0.0007232850748259412,0.0002374204513361653,0.06629437578724855
7.679803637710928,0.0005285493903767757,0.0002374204513361653,0.06629976228518543
7.681103439478492,6.904612698802048e-05,0.0002374204513361653,0.06630890334738952
7.682403225849775,0.0002226725034471383,0.0002374204513361653,0.06631797397328493
7.683702996895901,0.0006212074764264108,0.0002374204513361653,0.06632627795056052
7.685002752687991,0.00032520554587288364,0.0002374204513361653,0.06633518283119105
7.686302493297173,0.0001231949288899442,0.0002374204513361653,0.06634421827346715
7.68760221879457,0.0003900113973183267,0.0002374204513361653,0.06635341034915532
7.688901929251302,0.00030035290564864314,0.0002374204513361653,0.06636278506871025
7.690201624738501,0.0003003315869756634,0.0002374204513361653,0.06637236995310052
7.691501305327285,1.9778190039052013e-05,0.0002374204513361653,0.06638216675320233
7.692800971088779,-0.00010458688981640485,0.0002374204513361653,0.06639200030054643
7.694100622094109,-1.032150229955675e-05,0.0002374204513361653,0.0664008612704631
7.695400258414399,0.00018194637338248,0.0002374204513361653,0.06640968761903465
7.6966998801207716,0.00022867681721290556,0.0002374204513361653,0.06641683148209092
7.697999487284352,-8.758168981726211e-05,0.0002374204513361653,0.06642081011551093
7.699299079976265,0.0003673754784279948,0.0002374204513361653,0.06643083290191942
7.700598658267632,0.0003763136338646583,0.0002374204513361653,0.06644164255225543
7.701898222229579,0.0010411980624257938,0.0002374204513361653,0.06645396257083645
7.703197771933231,0.0009468870089528736,0.0002374204513361653,0.06646887116436713
7.704497307449712,0.0006297026098001091,0.0002374204513361653,0.06648209265557999
7.7057968288501435,0.0008933429806973342,0.0002374204513361653,0.06649390259748242
7.707096336205652,0.0011555617791396133,0.0002374204513361653,0.06650601218475627
7.708395829587362,0.001015903135018606,0.0002374204513361653,0.06651782700997402
7.709695309066396,0.0011877506800679616,0.0002374204513361653,0.06652901915476993
7.71099477471388,0.002036132752421982,0.0002374204513361653,0.06654043918463037
7.712294226600934,0.001617874206757533,0.0002374204513361653,0.06655243637359257
7.713593664798688,0.0015261269762145702,0.0002374204513361653,0.06656624504044743
7.714893089378262,0.000979927992387955,0.0002374204513361653,0.06657992536410158
7.7161925004107825,0.0007471275743043543,0.0002374204513361653,0.0665934977860484
7.717491897967372,0.000510250130324616,0.0002374204513361653,0.06660729522595675
7.718791282119155,0.000463738279487938,0.0002374204513361653,0.06662132541754436
7.720090652937256,0.0005455092508643428,0.0002374204513361653,0.06663559604224825
7.721390010492799,6.09010193160231e-06,0.0002374204513361653,0.06665011472922479
7.722689354856907,-0.00016258602597211957,0.0002374204513361653,0.06666488905535177
7.723988686100708,-0.0003065152918145658,0.0002374204513361653,0.06667992654522822
7.725288004295321,-0.00014006493620787042,0.0002374204513361653,0.06669523467117644
7.726587309511873,-0.00024538958609852946,0.0002374204513361653,0.06671082085324155
7.727886601821488,-1.2699037867477947e-05,0.0002374204513361653,0.06672669421746526
7.72918588129529,0.0005220862303245699,0.0002374204513361653,0.06674286200956517
7.7304851480044015,0.0007050864483390817,0.0002374204513361653,0.06675933142353688
7.731784402019949,0.0005714167655195002,0.0002374204513361653,0.06677587324509146
7.733083643413056,0.0005718165771852468,0.0002374204513361653,0.06679273016840184
7.734382872254844,0.0005746673583155865,0.0002374204513361653,0.06680989028581441
7.735682088616442,0.0012651268566024193,0.0002374204513361653,0.06682606701974136
7.736981292568971,0.0011756540500785506,0.0002374204513361653,0.0668434472919403
7.738280484183557,0.0011009113437442791,0.0002374204513361653,0.06686205641412771
7.73957966353132,0.0008317261012388694,0.0002374204513361653,0.06688099267225149
7.740878830683388,0.0004964002868441536,0.0002374204513361653,0.06690090716067687
7.742177985710884,0.00044817535067034897,0.0002374204513361653,0.06692096950464818
7.743477128684933,0.0002387337896933711,0.0002374204513361653,0.0669411286807458
7.744776259676659,5.521291824781005e-05,0.0002374204513361653,0.06696187624798763
7.746075378757184,0.0008556845557885356,0.0002374204513361653,0.06698234943433486
7.747374485997635,0.0014780411954534306,0.0002374204513361653,0.067003228289629
7.748673581469133,0.0013248556720913823,0.0002374204513361653,0.06702294963649823
7.749972665242806,0.000746974953897736,0.0002374204513361653,0.06704326110008614
7.751271737389773,9.5924965192562e-05,0.0002374204513361653,0.067064133669049
7.752570797981164,-0.00010532000530467933,0.0002374204513361653,0.06708556669824639
7.7538698470881,-0.0003468512659187961,0.0002374204513361653,0.06710692114913643
7.755168884781704,-0.00043244733442350525,0.0002374204513361653,0.06712822185744811
7.756467911133102,0.0006022050430885273,0.0002374204513361653,0.06714949353043141
7.75776692621342,0.0010266552291554876,0.0002374204513361653,0.06717174925920699
7.759065930093778,0.0005716786060755291,0.0002374204513361653,0.06719408883834857
7.760364922845301,0.0010115924821469113,0.0002374204513361653,0.06721614408044979
7.761663904539115,0.0016567314180108705,0.0002374204513361653,0.06723869345731275
7.762962875246344,0.001381342005412553,0.0002374204513361653,0.06726172425776158
7.764261835038111,0.0008655976577287422,0.0002374204513361653,0.06728456320102144
7.76556078398554,0.0010381239602013925,0.0002374204513361653,0.06730740632340274
7.766859722159756,0.0015793347520194762,0.0002374204513361653,0.06733025980382766
7.768158649631881,0.0011217828437755095,0.0002374204513361653,0.0673531297118785
7.769457566473044,0.00033865891111593827,0.0002374204513361653,0.06737602200779885
7.770756472754366,-3.234595180284794e-06,0.0002374204513361653,0.06739792841739546
7.772055368546968,1.9913999939308313e-05,0.0002374204513361653,0.06741881537279822
7.773354253921981,-0.0002720353071297976,0.0002374204513361653,0.06743895598834036
7.774653128950523,-9.816785228651537e-05,0.0002374204513361653,0.06745830367879035
7.77595199370372,0.00018823371714986326,0.0002374204513361653,0.06747571919059941
7.777250848252699,0.0003874776629594623,0.0002374204513361653,0.06749670555140032
7.778549692668581,0.000264214642358207,0.0002374204513361653,0.06752084748969614
7.779848527022491,0.0006192261572752905,0.0002374204513361653,0.06754378970631184
7.781147351385552,0.0005713157511869627,0.0002374204513361653,0.06756906092272055
7.782446165828891,-0.0005138642826520157,0.0002374204513361653,0.06759245196153847
7.783744970423629,0.00046957924164667264,0.0002374204513361653,0.06761389296730627
7.785043765240893,0.00029646658678859905,0.0002374204513361653,0.06763341482959885
7.786342550351805,-0.0002265975758407035,0.0002374204513361653,0.0676525807407522
7.78764132582749,-0.0005684647061464237,0.0002374204513361653,0.06767458517340755
7.788940091739071,-0.0003129336096801688,0.0002374204513361653,0.06769890504191843
7.7902388481576725,-3.7475511244555726e-05,0.0002374204513361653,0.06772212639630083
7.791537595154422,2.8612716257467308e-05,0.0002374204513361653,0.06774421938312757
7.792836332800439,-0.00023322890125963835,0.0002374204513361653,0.06776494181430415
7.794135061166849,-0.00012449566838393378,0.0002374204513361653,0.06778875892613848
7.795433780324777,6.16703730905721e-05,0.0002374204513361653,0.06781242357464776
7.796732490345348,-0.00010943534840116009,0.0002374204513361653,0.06783594075467386
7.798031191299684,-0.00014882053650676352,0.0002374204513361653,0.06785931532303452
7.799329883258911,0.00017651418206190983,0.0002374204513361653,0.06788316483813518
7.80062856629415,-2.252834087639044e-05,0.0002374204513361653,0.06790746956176642
7.8019272404765285,-0.00020437714518849182,0.0002374204513361653,0.06793263719641297
7.803225905877168,0.0006087683059395332,0.0002374204513361653,0.06795834105503112
7.804524562567196,0.0009329623166832862,0.0002374204513361653,0.06798455624830804
7.805823210617734,0.0008832432270338558,0.0002374204513361653,0.06801125798425722
7.807121850099908,0.0008139742644864001,0.0002374204513361653,0.06803638893749425
7.808420481084839,3.2412481948324023e-05,0.0002374204513361653,0.06806136493345677
7.809719103643654,0.00018019755300850704,0.0002374204513361653,0.06808745213253757
7.811017717847476,0.0007140679352911072,0.0002374204513361653,0.06811303995165346
7.81231632376743,0.0008328638909405328,0.0002374204513361653,0.06813934642295338
7.813614921474639,0.0004601186054725426,0.0002374204513361653,0.06816354648793996
7.814913511040229,-3.810776258708626e-05,0.0002374204513361653,0.0681865278091562
7.81621209253532,-0.00033638753792725185,0.0002374204513361653,0.06820990520359729
7.81751066603104,-0.000508982012939016,0.0002374204513361653,0.06823409448485118
7.818809231598513,-0.00067462039655318,0.0002374204513361653,0.06825909919648677
7.820107789308862,-0.0002541570926358344,0.0002374204513361653,0.06828368206149185
7.821406339233211,0.00010960970409966408,0.0002374204513361653,0.06830862806592035
7.822704881442683,0.00017766090157667058,0.0002374204513361653,0.06833396120982346
7.824003416008405,-1.3372013037901698e-05,0.0002374204513361653,0.06835970554597684
7.825301943001498,5.613036766016766e-05,0.0002374204513361653,0.06838588517987905
7.826600462493091,0.00014541200217210726,0.0002374204513361653,0.0684125242697512
7.827898974554303,0.00014675066261438108,0.0002374204513361653,0.06843879458128932
7.829197479256261,7.216598196602142e-05,0.0002374204513361653,0.06846504120207113
7.830495976670087,0.00021089958699220535,0.0002374204513361653,0.06849124112067835
7.831794466866907,0.0003128021238744949,0.0002374204513361653,0.06851846455287694
7.8330929499178445,-6.097476717660533e-05,0.0002374204513361653,0.06854657195146444
7.834391425894024,-0.0005478589272325807,0.0002374204513361653,0.06857355295808082
7.83568989486657,-0.00020970417097866678,0.0002374204513361653,0.06859948427117159
7.836988356906604,-0.00046224860710401827,0.0002374204513361653,0.06862570655540243
7.8382868120852525,-6.630786606864891e-05,0.0002374204513361653,0.06865221935663865
7.8395852604736405,-4.334231060658389e-05,0.0002374204513361653,0.0686756017734671
7.840883702142889,-0.00022943683996544395,0.0002374204513361653,0.06869643666144536
7.842182137164126,-5.294994156745947e-07,0.0002374204513361653,0.0687184476829703
7.843480565608472,0.00011796039344019738,0.0002374204513361653,0.06874165794553172
7.844778987547053,-0.00011720669925628646,0.0002374204513361653,0.06876609084528207
7.846077403050992,-0.0003453429993704876,0.0002374204513361653,0.06879177006703496
7.847375812191417,-0.0002689688391969425,0.0002374204513361653,0.06881871958426355
7.848674215039447,-6.470907962444206e-05,0.0002374204513361653,0.06884378097227806
7.849972611666208,-8.78730975877734e-05,0.0002374204513361653,0.06886944619513316
7.851271002142825,5.191425202993871e-05,0.0002374204513361653,0.06889570575962775
7.85256938654042,8.303213416538391e-05,0.0002374204513361653,0.06892255022755721
7.853867764930119,0.00024392304470330362,0.0002374204513361653,0.06894973787398538
7.8551661373830495,0.0005053951852867361,0.0002374204513361653,0.0689772503678968
7.8564645039703285,9.676002267219874e-05,0.0002374204513361653,0.06900418311741623
7.8577628647630835,0.00039242631123351246,0.0002374204513361653,0.06903069638456368
7.859061219832439,0.00041602389154887787,0.0002374204513361653,0.0690562121366041
7.860359569249519,0.0008591536681821776,0.0002374204513361653,0.06908202376435046
7.861657913085449,0.0010089552419628306,0.0002374204513361653,0.06910800822062503
7.86295625141135,0.0011267436701125066,0.0002374204513361653,0.06913415227744729
7.864254584298348,0.00031519265390872464,0.0002374204513361653,0.06916044514810676
7.865552911817567,0.00011275858895913593,0.0002374204513361653,0.0691872698470048
7.866851234040131,-8.36418835714059e-05,0.0002374204513361653,0.06921462819025861
7.868149551037164,-0.0004743054170650435,0.0002374204513361653,0.0692425220407834
7.869447862879792,-0.00013869776957922686,0.0002374204513361653,0.06927100914236772
7.870746169639134,0.000163258638563743,0.0002374204513361653,0.06929991657091673
7.872044471386318,0.00029786438360433765,0.0002374204513361653,0.0693296438593303
7.87334276819247,0.0007105968198883317,0.0002374204513361653,0.06935870456315463
7.874641060128711,0.00033740683957064754,0.0002374204513361653,0.06938736581046338
7.875939347266166,0.0005060196666573369,0.0002374204513361653,0.06941583088756666
7.8772376296759585,0.00019641543853485266,0.0002374204513361653,0.0694441118301744
7.878535907429214,-5.916526022280155e-05,0.0002374204513361653,0.0694728442306128
7.879834180597054,0.0006327757017048213,0.0002374204513361653,0.06950201498551235
7.8811324492506065,8.199329844855996e-05,0.0002374204513361653,0.06953161099253037
7.882430713460994,0.0007865435000973114,0.0002374204513361653,0.06956161915035017
7.883728973299339,0.0011354623636354866,0.0002374204513361653,0.06959202635868258
7.885027228836766,0.0009755991459296232,0.0002374204513361653,0.06962266770307063
7.886325480144402,0.0009064587815164338,0.0002374204513361653,0.06965339690723925
7.887623727293367,0.000860359093605198,0.0002374204513361653,0.06968421237358156
7.88892197035479,0.0006217852172546584,0.0002374204513361653,0.0697141687127651
7.89022020939979,0.0005856101759209587,0.0002374204513361653,0.06974472503341365
7.891518444499495,0.00020391521158952264,0.0002374204513361653,0.06977577116869119
7.892816675725028,0.0008724280043814203,0.0002374204513361653,0.0698062055970873
7.89411490314751,0.0009553373802326237,0.0002374204513361653,0.06983803692360814
7.895413126838071,0.0010638970079691196,0.0002374204513361653,0.069870530900172
7.896711346867832,0.0014799261758715598,0.0002374204513361653,0.06990350247725316
7.898009563307916,0.0011976959966707446,0.0002374204513361653,0.06993694942493708
7.899307776229448,0.0010892060447664637,0.0002374204513361653,0.06997074747136602
7.900605985703553,0.0002928269140269335,0.0002374204513361653,0.07000504024180128
7.901904191801356,0.0002355423585421179,0.0002374204513361653,0.07003982484574141
7.903202394593978,0.00010149910797806194,0.0002374204513361653,0.0700750984403857
7.9045005941525455,8.074443615942173e-05,0.0002374204513361653,0.07011065667958412
7.9057987905481815,-5.399935428311575e-05,0.0002374204513361653,0.07014648900578367
7.9070969838520115,-5.039314788435334e-05,0.0002374204513361653,0.07018258484840045
7.908395174135158,-3.80143678398448e-05,0.0002374204513361653,0.07021893362381941
7.909693361468746,-0.00011125499882279344,0.0002374204513361653,0.07025620278428148
7.910991545923901,0.000271406207008551,0.0002374204513361653,0.07029460969504497
7.912289727571744,0.0010085857355481703,0.0002374204513361653,0.0703330726747078
7.913587906483402,0.0005100555105100602,0.0002374204513361653,0.07037159660892581
7.914886082729997,0.0003537794826889429,0.0002374204513361653,0.07041018633684032
7.916184256382655,0.00014683672238295642,0.0002374204513361653,0.07044845458018122
7.917482427512498,-0.0002503904081365277,0.0002374204513361653,0.0704852627212632
7.918780596190653,8.238583243035114e-05,0.0002374204513361653,0.07052186673301641
7.920078762488242,6.251381585474503e-05,0.0002374204513361653,0.0705567925189804
7.921376926476389,0.00015905724855612424,0.0002374204513361653,0.07059107638076187
7.922675088226218,-0.00013584478854936077,0.0002374204513361653,0.07062543969592307
7.923973247808856,-0.0002059064891122564,0.0002374204513361653,0.0706601391445235
7.925271405295424,-0.00012993288711163342,0.0002374204513361653,0.07069517962850595
7.926569560757048,-2.098184327611885e-05,0.0002374204513361653,0.07073056609691827
7.92786771426485,-0.000243025687892362,0.0002374204513361653,0.07076649813358128
7.929165865889956,-0.000185830545906443,0.0002374204513361653,0.07080294789121454
7.93046401570349,0.0003861120993649547,0.0002374204513361653,0.07083991379919538
7.931762163776576,0.000757315380323309,0.0002374204513361653,0.0708776760502416
7.933060310180337,0.001349231142008453,0.0002374204513361653,0.07091747640195897
7.934358454985898,0.0010596083952885138,0.0002374204513361653,0.07095654827928007
7.935656598264384,0.0005968368523124323,0.0002374204513361653,0.0709941336618015
7.936954740086917,0.00030318441699689336,0.0002374204513361653,0.0710310370424553
7.938252880524622,-1.7037457125876343e-05,0.0002374204513361653,0.07106824266319997
7.939551019648626,-9.899206628467827e-05,0.0002374204513361653,0.07110572475188427
7.940849157530048,5.304629872086852e-05,0.0002374204513361653,0.07114368364988842
7.942147294240016,5.969936830629852e-05,0.0002374204513361653,0.07118096631653431
7.943445429849654,0.00020193357943097678,0.0002374204513361653,0.0712185621364662
7.944743564430085,0.0003438529393759854,0.0002374204513361653,0.0712564464213997
7.946041698052431,-0.0003621218595270398,0.0002374204513361653,0.07129388673605312
7.9473398307878185,-0.000203428557725302,0.0002374204513361653,0.07133113990878051
7.948637962707372,0.00030480206146374367,0.0002374204513361653,0.07136684181312641
7.949936093882217,-1.433094190637918e-05,0.0002374204513361653,0.07140489886515924
7.951234224383474,-0.0004793997551086615,0.0002374204513361653,0.07144261677331919
7.952532354282269,-2.2129058184910955e-05,0.0002374204513361653,0.07147967396736084
7.953830483649726,0.0004803967917985791,0.0002374204513361653,0.07151485376811177
7.95512861255697,0.0008066632847529148,0.0002374204513361653,0.07155166786918107
7.956426741075123,0.0005570324008801059,0.0002374204513361653,0.07159028228113
7.957724869275311,0.00022593911073742756,0.0002374204513361653,0.07162929214316155
7.959022997228659,3.794975550955315e-05,0.0002374204513361653,0.07166727837692821
7.9603211250062875,0.0006921478122032115,0.0002374204513361653,0.07170625703683206
7.961619252679323,0.00033717104534532194,0.0002374204513361653,0.07174563137592756
7.96291738031889,-0.00018518928034669258,0.0002374204513361653,0.07178516774845609
7.964215507996112,-0.0001854794078635369,0.0002374204513361653,0.07182405652069306
7.965513635782114,-9.125288325684267e-05,0.0002374204513361653,0.07186342498018905
7.9668117637480185,-0.00048381170482195146,0.0002374204513361653,0.07190319702357764
7.96810989196495,4.06483809958641e-05,0.0002374204513361653,0.07194199999751401
7.969408020504034,-9.372932054579897e-05,0.0002374204513361653,0.07198026523941606
7.970706149436393,-0.0007770100306305344,0.0002374204513361653,0.07201849283664305
7.972004278833152,-0.0005220918479758724,0.0002374204513361653,0.07205667709710678
7.973302408765437,-0.00013407240271445797,0.0002374204513361653,0.07209439043332763
7.974600539304369,0.00027754914019025023,0.0002374204513361653,0.07213164377079176
7.975898670521072,0.00012220552181591016,0.0002374204513361653,0.07216890810128541
7.977196802486672,-0.00012753783227217874,0.0002374204513361653,0.07220617570628475
7.978494935272293,-0.00042207208524508433,0.0002374204513361653,0.07224343881989842
7.97979306894906,-0.00038400291825978206,0.0002374204513361653,0.07228068962886759
7.981091203588093,-0.00019501950135845936,0.0002374204513361653,0.07231842924128293
7.9823893392605205,-0.0003158107785386499,0.0002374204513361653,0.07235662955592333
7.983687476037464,-0.0006804313296815551,0.0002374204513361653,0.07239348093304221
7.98498561399005,-0.0005278676729075921,0.0002374204513361653,0.07242899958188838
7.986283753189402,-0.00020018737190563574,0.0002374204513361653,0.07246734521346083
7.987581893706642,-6.612457446042441e-07,0.0002374204513361653,0.07250656155991682
7.988880035612896,0.00021349595184276537,0.0002374204513361653,0.07254638228967365
7.990178178979288,9.634342503604676e-05,0.0002374204513361653,0.07258679908548438
7.991476323876941,-4.284512243687977e-05,0.0002374204513361653,0.0726267640650465
7.992774470376982,-0.00011185077314657121,0.0002374204513361653,0.0726663104715756
7.994072618550532,-0.00037638088335537057,0.0002374204513361653,0.0727060057691785
7.995370768468716,-0.00018861384070732734,0.0002374204513361653,0.07274586165797618
7.996668920202658,-0.0005788743074076896,0.0002374204513361653,0.07278553142772856
7.997967073823483,-0.0006571347344944828,0.0002374204513361653,0.07282501288226838
7.999265229402316,0.000234095958002431,0.0002374204513361653,0.07286419363967665
8.000563387010278,0.0004009854295974058,0.0002374204513361653,0.07290071608677781
8.001861546718496,0.00015612907709471047,0.0002374204513361653,0.07293940116333116
8.003159708598094,-0.0001259346662326466,0.0002374204513361653,0.07297677612835447
8.004457872720193,8.203232251603743e-05,0.0002374204513361653,0.07301528688379282
8.005756039155921,0.0003695953979157701,0.0002374204513361653,0.07305483399332457
8.0070542079764,0.0005846340701548131,0.0002374204513361653,0.07309400127292957
8.008352379252754,0.001089856605296119,0.0002374204513361653,0.07313385076914171
8.00965055305611,0.0007791341000687735,0.0002374204513361653,0.07317436912170071
8.010948729457587,0.00029861615856204005,0.0002374204513361653,0.07321554315990322
8.012246908528313,-0.00016322050959220735,0.0002374204513361653,0.07325492766552556
8.013545090339413,0.0002062484894964911,0.0002374204513361653,0.0732944149245751
8.014843274962008,0.00034213112928802025,0.0002374204513361653,0.07333659114321178
8.016141462467223,0.0005989946323447654,0.0002374204513361653,0.07338008005553115
8.017439652926184,0.00040840081288553987,0.0002374204513361653,0.07342531055788035
8.018737846410014,0.00045780246982972395,0.0002374204513361653,0.0734665147101015
8.020036042989835,-4.773570572286223e-05,0.0002374204513361653,0.07350810180615554
8.021334242736772,5.6196109649450654e-05,0.0002374204513361653,0.07354976158921216
8.022632445721953,0.0005741092692037458,0.0002374204513361653,0.07359149225735137
8.023930652016498,0.0007091537736924475,0.0002374204513361653,0.0736334759434916
8.025228861691533,0.0008983218222368,0.0002374204513361653,0.07367547996692148
8.02652707481818,0.00037164712587878235,0.0002374204513361653,0.07371719417625666
8.027825291467565,0.0002525151086901073,0.0002374204513361653,0.07375862686022884
8.029123511710813,0.0005336811791047807,0.0002374204513361653,0.07379978619401271
8.030421735619047,0.0006395690913689467,0.0002374204513361653,0.07384068023922476
8.03171996326339,0.0005019045786651966,0.0002374204513361653,0.07388182691269861
8.033018194714968,0.00017337964367226955,0.0002374204513361653,0.07392206319841402
8.034316430044903,0.0001472886010735197,0.0002374204513361653,0.07395954949195827
8.035614669324323,0.00014960056080298711,0.0002374204513361653,0.07399856829377907
8.036912912624347,8.155060680353765e-05,0.0002374204513361653,0.07403983499004674
8.0382111600161,0.000223751218354995,0.0002374204513361653,0.07408169915385375
8.039509411570712,0.00032478243892179737,0.0002374204513361653,0.07412350716181851
8.040807667359303,0.0006003148508149231,0.0002374204513361653,0.0741654008723161
8.042105927452996,0.00046231205589081226,0.0002374204513361653,0.07420795694773949
8.043404191922916,0.0005537302443608949,0.0002374204513361653,0.07424909668250998
8.044702460840188,0.0010836964260522025,0.0002374204513361653,0.0742890372170753
8.046000734275934,0.000902722816229079,0.0002374204513361653,0.07432947669036852
8.04729901230128,0.000891983975874519,0.0002374204513361653,0.07437042646181737
8.048597294987351,0.00027293936603808855,0.0002374204513361653,0.0744115728939342
8.049895582405268,0.0002607665832125988,0.0002374204513361653,0.07445291501648595
8.05119387462616,0.0005250919742207372,0.0002374204513361653,0.07449445189683523
8.052492171721147,0.00033542138873804417,0.0002374204513361653,0.07453618263994106
8.053790473761353,0.0002957309382457113,0.0002374204513361653,0.07457786116188049
8.055088780817906,7.379010687297294e-05,0.0002374204513361653,0.07461949637136307
8.056387092961925,0.00034075470028017973,0.0002374204513361653,0.07466109713785878
8.057685410264538,0.0005879058500975615,0.0002374204513361653,0.07470267229159953
8.05898373279687,0.0004884678612986221,0.0002374204513361653,0.07474422879498305
8.06028206063004,0.00017135322366772232,0.0002374204513361653,0.07478616079067815
8.061580393835175,0.0003156615445334132,0.0002374204513361653,0.07482846162794798
8.0628787324834,0.00011777091212215873,0.0002374204513361653,0.07487112473703425
8.064177076645839,0.00029313323026221305,0.0002374204513361653,0.07491388907424429
8.065475426393617,0.00022204990579215156,0.0002374204513361653,0.07495673836599892
8.066773781797854,0.0004156108260376934,0.0002374204513361653,0.07500013762851768
8.068072142929678,0.00041904251178617735,0.0002374204513361653,0.07504317020005054
8.069370509860212,0.0006874122306143871,0.0002374204513361653,0.07508583583956806
8.070668882660579,0.0004275546242874101,0.0002374204513361653,0.07512921259991404
8.071967261401905,4.639823655851194e-05,0.0002374204513361653,0.07517145443707025
8.073265646155315,0.00014369947392671445,0.0002374204513361653,0.07521379412588806
8.074564036991928,-0.0002486661266532242,0.0002374204513361653,0.07525625746060932
8.075862433982875,-0.00044006452346151415,0.0002374204513361653,0.07529833540203283
8.077160837199276,0.00021974280921818745,0.0002374204513361653,0.07534088750600089
8.078459246712256,0.0002109444070199501,0.0002374204513361653,0.07538284473589288
8.079757662592938,-0.00040273827506706605,0.0002374204513361653,0.07542390446390444
8.081056084912447,-0.00039312181225562015,0.0002374204513361653,0.07546431401311407
8.082354513741906,-0.00018760053483560246,0.0002374204513361653,0.07550407824486688
8.083652949152444,-0.0001938495754752051,0.0002374204513361653,0.07554343478500032
8.084951391215181,-8.419458016316328e-05,0.0002374204513361653,0.07558327147183705
8.086249840001239,0.0005689952900749112,0.0002374204513361653,0.07562360008625277
8.087548295581747,0.0007279667829803715,0.0002374204513361653,0.07566448585386357
8.088846758027826,0.00012558112219097917,0.0002374204513361653,0.07570491069639552
8.090145227410604,-4.9777259465061396e-05,0.0002374204513361653,0.07574502182693668
8.091443703801197,0.00011469392606131001,0.0002374204513361653,0.07578567430911416
8.092742187270739,-0.00013396663965213607,0.0002374204513361653,0.07582608787435649
8.094040677890346,0.0004969938054992101,0.0002374204513361653,0.0758662429870742
8.095339175731148,-0.00011141634381306442,0.0002374204513361653,0.07590680708213053
8.096637680864266,-0.0002959025882519478,0.0002374204513361653,0.07594759738078997
8.097936193360825,-0.0006004121108036109,0.0002374204513361653,0.07598861364323903
8.099234713291949,-0.0005078756219356328,0.0002374204513361653,0.07602985571788042
8.100533240728762,-0.0002824524817405111,0.0002374204513361653,0.07607195015004925
8.10183177574239,-8.154759407938417e-05,0.0002374204513361653,0.07611505052987423
8.103130318403952,-9.741384581235524e-05,0.0002374204513361653,0.07615815380157386
8.104428868784577,-0.00034135153775981253,0.0002374204513361653,0.07620094783549283
8.10572742695539,9.119901442304623e-05,0.0002374204513361653,0.07624342753958899
8.107025992987511,0.000278667436627425,0.0002374204513361653,0.07628542609827933
8.108324566952065,-4.686958194334567e-05,0.0002374204513361653,0.07632653053751934
8.10962314892018,-0.0002857503196250083,0.0002374204513361653,0.07636731656295156
8.110921738962976,-0.00023252105525480016,0.0002374204513361653,0.07640776132248159
8.112220337151578,0.00016245052051006015,0.0002374204513361653,0.0764478419013585
8.11351894355711,0.00036537675768699707,0.0002374204513361653,0.07648888666229943
8.114817558250696,9.421613119428573e-05,0.0002374204513361653,0.0765309380035044
8.116116181303463,-0.00019749830868862062,0.0002374204513361653,0.07657173386367142
8.117414812786533,-6.198939335506914e-05,0.0002374204513361653,0.07661322357465213
8.118713452771027,0.00023376794437954262,0.0002374204513361653,0.07665659708029167
8.120012101328076,-8.835523531645906e-05,0.0002374204513361653,0.07669811897248238
8.121310758528798,-0.00019489491902803524,0.0002374204513361653,0.07673774166480345
8.122609424444322,-0.00034921512369111285,0.0002374204513361653,0.07677734060457501
8.123908099145767,-0.00026764979074211936,0.0002374204513361653,0.07681667079071604
8.12520678270426,-0.00010440791891468126,0.0002374204513361653,0.07685575014725378
8.126505475190925,-0.0003705911158175951,0.0002374204513361653,0.07689499869312827
8.127804176676886,-0.0003838270213116224,0.0002374204513361653,0.07693441836578194
8.129102887233266,-0.0003063602343457844,0.0002374204513361653,0.07697401121094392
8.130401606931192,-0.00039983127820114595,0.0002374204513361653,0.07701314203174017
8.131700335841789,-0.00048435110138014825,0.0002374204513361653,0.07705178838689566
8.132999074036174,0.0001446222135252917,0.0002374204513361653,0.07708948327085403
8.134297821585475,0.0001405093054744483,0.0002374204513361653,0.07712633231521498
8.135596578560822,-3.16671470312474e-05,0.0002374204513361653,0.07716231335595759
8.13689534503333,-0.00017602179615187896,0.0002374204513361653,0.07719908145069411
8.138194121074129,0.0002624980271105082,0.0002374204513361653,0.07723610505134977
8.13949290675434,0.00029795065689464106,0.0002374204513361653,0.07727173630172099
8.140791702145089,0.0004894000563801654,0.0002374204513361653,0.07730722366568726
8.1420905073175,0.0001333362017781614,0.0002374204513361653,0.07734257241722327
8.143389322342696,6.018516597208756e-05,0.0002374204513361653,0.07737778786168187
8.1446881472918,0.0005068722629480299,0.0002374204513361653,0.07741287533579265
8.145986982235941,0.00039237138883936595,0.0002374204513361653,0.07744748802673862
8.14728582724624,-0.00020810476345548,0.0002374204513361653,0.0774816055806442
8.148584682393818,-3.2375824683128496e-05,0.0002374204513361653,0.07751520757052241
8.149883547749802,0.00010184480219123382,0.0002374204513361653,0.07754827349627304
8.15118242338532,0.00026012022583074557,0.0002374204513361653,0.07758275653177277
8.152481309371492,0.0002479781238746981,0.0002374204513361653,0.0776167872530872
8.15378020577944,0.000142543042228771,0.0002374204513361653,0.0776503830343844
8.155079112680294,-0.0003272504988496294,0.0002374204513361653,0.0776856367137446
8.156378030145172,-0.00011294042741584465,0.0002374204513361653,0.0777193446844574
8.157676958245204,0.00041063238915346745,0.0002374204513361653,0.07775402793027487
8.15897589705151,0.00034146718924767117,0.0002374204513361653,0.0777896485029901
8.160274846635215,0.0002763971059916437,0.0002374204513361653,0.07782197686011129
8.161573807067443,0.0003086616061297176,0.0002374204513361653,0.0778539305586541
8.16287277841932,0.00031000682247579736,0.0002374204513361653,0.07788512917452307
8.164171760761967,0.00040273187001764466,0.0002374204513361653,0.07791596512990633
8.165470754166513,0.00044375200771640255,0.0002374204513361653,0.07794849310651288
8.166769758704078,0.00012543900185753298,0.0002374204513361653,0.07798276119270967
8.168068774445784,-4.687354168919633e-06,0.0002374204513361653,0.07801715675594655
8.16936780146276,-4.021558378489165e-05,0.0002374204513361653,0.07805092615017199
8.17066683982613,0.00026488454413649276,0.0002374204513361653,0.07808531838599261
8.171965889607016,5.875225810994533e-05,0.0002374204513361653,0.0781189153369092
8.173264950876543,0.0001818740860683593,0.0002374204513361653,0.07815172573725879
8.174564023705834,0.00010059431955940223,0.0002374204513361653,0.07818424043828033
8.175863108166013,-0.00029908145839604994,0.0002374204513361653,0.0782164486513584
8.177162204328207,-0.00022710141685594598,0.0002374204513361653,0.07824833954328407
8.178461312263536,0.00033256444752803593,0.0002374204513361653,0.07827990223625317
8.17976043204313,0.0004044737778465951,0.0002374204513361653,0.07831412064711951
8.181059563738108,-6.672445670408145e-05,0.0002374204513361653,0.07834855633436195
8.182358707419594,-0.0009519675149085305,0.0002374204513361653,0.07838245529879218
8.183657863158714,-0.0002195042837895289,0.0002374204513361653,0.07841581322706333
8.184957031026594,4.5367629824211164e-05,0.0002374204513361653,0.07844873769471072
8.186256211094355,0.00024406483057150263,0.0002374204513361653,0.07848119786874452
8.187555403433121,0.00036888525729260324,0.0002374204513361653,0.07851410724085395
8.188854608114019,7.94131383975577e-05,0.0002374204513361653,0.07854734405553764
8.190153825208169,-0.00022245345344762413,0.0002374204513361653,0.0785813082504766
8.191453054786702,0.0003324350727111208,0.0002374204513361653,0.07861600682114121
8.192752296920734,0.0006133498008043664,0.0002374204513361653,0.07865085190344784
8.194051551681394,0.000960036015827212,0.0002374204513361653,0.07868582795313168
8.195350819139804,0.000573167534825475,0.0002374204513361653,0.07872148486054183
8.196650099367092,3.08493748463895e-05,0.0002374204513361653,0.0787560899279952
8.197949392434378,-9.394443255497653e-05,0.0002374204513361653,0.07878967263358047
8.199248698412786,0.00035098660330881715,0.0002374204513361653,0.07882367879688741
8.200548017373443,0.0005910079335642027,0.0002374204513361653,0.07885735406962699
8.201847349387469,0.00011923289844099905,0.0002374204513361653,0.07889087523401558
8.203146694525994,-9.525633900515917e-05,0.0002374204513361653,0.07892435501280542
8.204446052860137,-5.7081317071799864e-05,0.0002374204513361653,0.0789588374156503
8.205745424461027,-4.2295382670184956e-05,0.0002374204513361653,0.078993981233386
8.207044809399783,-0.00012702039377675278,0.0002374204513361653,0.0790296151913302
8.20834420774753,8.36267329929613e-05,0.0002374204513361653,0.0790657519170813
8.209643619575393,3.959789386460966e-05,0.0002374204513361653,0.0791017555332478
8.210943044954501,0.0002902638445564515,0.0002374204513361653,0.07913761390967679
8.212242483955972,0.0003722594367546461,0.0002374204513361653,0.0791733149143481
8.21354193665093,0.00040333778380610696,0.0002374204513361653,0.07920884641337436
8.214841403110503,0.0002969112487989367,0.0002374204513361653,0.07924419627100128
8.216140883405812,0.0002977630758938532,0.0002374204513361653,0.07927951023683663
8.21744037760798,-2.2924928811091094e-05,0.0002374204513361653,0.07931428279232319
8.218739885788137,0.0004766832923330244,0.0002374204513361653,0.0793491245514359
8.220039408017403,0.0003530585285260457,0.0002374204513361653,0.07938403737450335
8.221338944366904,0.0005098144233430246,0.0002374204513361653,0.07941762186162361
8.222638494907759,0.0017051122254168743,0.0002374204513361653,0.07945178843279165
8.223938059711099,0.00041849294594192843,0.0002374204513361653,0.079486654380573
8.225237638848043,0.0001742712417158454,0.0002374204513361653,0.07952220160422557
8.226537232389719,0.0001501633988738177,0.0002374204513361653,0.07955627142111113
8.227836840407248,0.00025197580165438327,0.0002374204513361653,0.07958970195768834
8.229136462971757,9.219078859933061e-05,0.0002374204513361653,0.07962297144509771
8.230436100154368,0.0002264693957629571,0.0002374204513361653,0.07965514926970962
8.231735752026205,-0.00013739819234470652,0.0002374204513361653,0.07968706225239443
8.233035418658394,0.0002816173911111275,0.0002374204513361653,0.07971870649229515
8.234335100122058,-6.032571855432711e-05,0.0002374204513361653,0.07975007805429485
8.235634796488318,-0.00019608696821349358,0.0002374204513361653,0.0797811729690161
8.236934507828307,-0.0001362685863594698,0.0002374204513361653,0.07981193834821719
8.238234234213138,-0.00014903019804760054,0.0002374204513361653,0.0798423720929613
8.239533975713943,0.00044681708800727027,0.0002374204513361653,0.07987247205474804
8.240833732401844,0.00024333707926914305,0.0002374204513361653,0.0799015308672243
8.242133504347965,-0.0001702649922086935,0.0002374204513361653,0.07992925387471489
8.243433291623427,-0.00010780430508519623,0.0002374204513361653,0.07995682238831757
8.244733094299363,8.840801107629082e-05,0.0002374204513361653,0.07998430585783917
8.246032912446887,0.000525230839966459,0.0002374204513361653,0.08001407364340705
8.247332746137127,0.0007549850426048776,0.0002374204513361653,0.08004328838283876
8.24863259544121,0.00018601535479931264,0.0002374204513361653,0.08007313980567254
8.249932460430257,0.00035507439826527876,0.0002374204513361653,0.08010241890957576
8.25123234117539,0.0005271859310847921,0.0002374204513361653,0.08013153727228842
8.25253223774774,0.0002591669469911989,0.0002374204513361653,0.08016037425021108
8.253832150218424,0.0002823246087093334,0.0002374204513361653,0.08018947145393111
8.255132078658571,0.0003636894354432929,0.0002374204513361653,0.08021858067708701
8.2564320231393,0.0005462186945456166,0.0002374204513361653,0.08024769590967823
8.257731983731743,0.0004955843849441671,0.0002374204513361653,0.08027681119755227
8.259031960507018,0.0002740416456263467,0.0002374204513361653,0.08030562010460596
8.26033195353625,9.701595659294959e-05,0.0002374204513361653,0.08033413901365867
8.261631962890563,0.00011134682431171439,0.0002374204513361653,0.08036191042962341
8.262931988641085,0.000214366472971253,0.0002374204513361653,0.08038884229306377
8.264232030858935,2.333398851038504e-05,0.0002374204513361653,0.08041361995029074
8.265532089615238,-9.735916812184109e-05,0.0002374204513361653,0.08043895381886783
8.266832164981121,-0.000250361122926826,0.0002374204513361653,0.08046566158388356
8.268132257027705,4.360280442482212e-05,0.0002374204513361653,0.08049299883090369
8.26943236582612,1.754739171233588e-05,0.0002374204513361653,0.0805215448220648
8.27073249144748,-0.00020697786128455464,0.0002374204513361653,0.08054865162399218
8.27203263396292,-2.9455943649642213e-05,0.0002374204513361653,0.0805759782597472
8.273332793443556,0.0003685510762755084,0.0002374204513361653,0.08060355798544537
8.274632969960516,0.00016390529535791065,0.0002374204513361653,0.08063041008321165
8.275933163584924,0.0001638486477861384,0.0002374204513361653,0.08065699429127637
8.277233374387903,0.00020373906787803098,0.0002374204513361653,0.08068384468032674
8.278533602440577,-0.00013766005388658742,0.0002374204513361653,0.08071070891103313
8.27983384781407,-0.0003738788451929931,0.0002374204513361653,0.08073758807281806
8.281134110579508,-0.00023038214144271985,0.0002374204513361653,0.08076532883974867
8.282434390808014,-5.436825615838525e-05,0.0002374204513361653,0.08079282867232482
8.283734688570714,-0.0009023638365244779,0.0002374204513361653,0.08082041825554823
8.285035003938727,-0.0006027014719433149,0.0002374204513361653,0.08084763274991637
8.286335336983182,-0.000281381506264361,0.0002374204513361653,0.08087447622245111
8.2876356877752,-0.00027168482121993354,0.0002374204513361653,0.0809015917589586
8.288936056385909,-0.00014787011859683508,0.0002374204513361653,0.08092813887442579
8.29023644288643,0.00023222091324805183,0.0002374204513361653,0.08095547795224269
8.291536847347889,0.0004979445612097039,0.0002374204513361653,0.08098170393402195
8.292837269841407,0.0002812461359556623,0.0002374204513361653,0.08100575660611305
8.29413771043811,0.0005714835009777569,0.0002374204513361653,0.0810286574576429
8.295438169209124,0.0004415328413335251,0.0002374204513361653,0.08105213308296717
8.296738646225572,0.000478820547284764,0.0002374204513361653,0.08107516738112612
8.298039141558576,-0.00024097421134715302,0.0002374204513361653,0.08109778357227672
8.299339655279262,8.837093864723367e-05,0.0002374204513361653,0.0811213572944565
8.300640187458754,-0.00021306455580392958,0.0002374204513361653,0.08114591711282484
8.301940738168177,-0.0004905466970883399,0.0002374204513361653,0.08117060617678222
8.303241307478652,-0.0003250227010208606,0.0002374204513361653,0.08119549989632065
8.304541895461309,-0.0001032048801475477,0.0002374204513361653,0.08122102880186682
8.305842502187264,0.00016549365361577528,0.0002374204513361653,0.08124670997911904
8.307143127727647,6.820925630125763e-05,0.0002374204513361653,0.08127209345059003
8.308443772153582,0.00033418020490197375,0.0002374204513361653,0.0812971894368348
8.309744435536192,0.00010808345965715449,0.0002374204513361653,0.0813222377561848
8.3110451179466,-2.8931812515523014e-05,0.0002374204513361653,0.08134723940796829
8.312345819455931,-3.862929363165901e-05,0.0002374204513361653,0.08137166608136628
8.31364654013531,0.0004599728081016996,0.0002374204513361653,0.08139549828591777
8.314947280055858,0.00012070056561769293,0.0002374204513361653,0.08141959845559747
8.316248039288705,-0.00021747747835276776,0.0002374204513361653,0.08144398100670011
8.31754881790497,5.74467932520778e-05,0.0002374204513361653,0.08146795797416949
8.318849615975777,-9.069571244110786e-05,0.0002374204513361653,0.08149215241349202
8.320150433572254,-0.00038742881924772044,0.0002374204513361653,0.08151652645070852
8.32145127076552,-0.00013832996159832134,0.0002374204513361653,0.08153920536888613
8.322752127626707,7.334883474188758e-05,0.0002374204513361653,0.08156400719196105
8.324053004226933,-0.0004988194736358503,0.0002374204513361653,0.08158993750412641
8.325353900637323,-1.7547179362267795e-05,0.0002374204513361653,0.08161675765223429
8.326654816928999,0.00022015656553593665,0.0002374204513361653,0.08164115568508802
8.327955753173091,0.0006396171196611511,0.0002374204513361653,0.0816661203944506
8.329256709440719,0.00036523572289283435,0.0002374204513361653,0.08169091424950166
8.330557685803008,0.0003221033178161803,0.0002374204513361653,0.08171603844410052
8.33185868233108,0.0002015925479672831,0.0002374204513361653,0.08174117683402805
8.333159699096063,-0.0002450367620660532,0.0002374204513361653,0.0817659666487073
8.334460736169078,-0.0001708327810270721,0.0002374204513361653,0.08179041039537295
8.335761793621252,0.00021729053417521293,0.0002374204513361653,0.08181444052438633
8.337062871523708,0.00046192483969005604,0.0002374204513361653,0.08183818502001439
8.338363969947569,0.0002805441427402994,0.0002374204513361653,0.08186392941909891
8.339665088963962,0.0004355037262178396,0.0002374204513361653,0.08188717837466912
8.340966228644007,0.00014523410754757604,0.0002374204513361653,0.0819096084639455
8.342267389058827,0.0005247048075750077,0.0002374204513361653,0.08193121432255539
8.343568570279556,8.375513095669473e-05,0.0002374204513361653,0.08195295462800134
8.344869772377308,0.00018636702902477542,0.0002374204513361653,0.08197475298456387
8.346170995423211,-9.663794568975925e-05,0.0002374204513361653,0.08199498106019686
8.347472239488388,0.0002811070141487543,0.0002374204513361653,0.08201357896524561
8.348773504643964,-2.0516430947470354e-05,0.0002374204513361653,0.08203048636079639
8.350074790961061,-5.2250758089400495e-06,0.0002374204513361653,0.08205159125550854
8.35137609851081,0.0007610858678405025,0.0002374204513361653,0.08207266414547172
8.352677427364327,0.0007107676736395618,0.0002374204513361653,0.08209370522870185
8.353978777592738,0.000616821972993134,0.0002374204513361653,0.08211545666509473
8.355280149267172,0.000663736100883619,0.0002374204513361653,0.08213788236910505
8.356581542458748,8.772718587618522e-05,0.0002374204513361653,0.08215956742033631
8.357882957238592,8.635992484437582e-05,0.0002374204513361653,0.08218101554022642
8.359184393677829,-0.0001378965728975612,0.0002374204513361653,0.08220335769590455
8.360485851847582,-0.0002849575142029881,0.0002374204513361653,0.08222658271905345
8.361787331818972,0.00010651931881783261,0.0002374204513361653,0.08225067974600489
8.363088833663129,0.00024063651165323607,0.0002374204513361653,0.08227510785213794
8.364390357451175,-9.173527309880303e-05,0.0002374204513361653,0.08229769506304901
8.365691903254232,0.00024167495720214816,0.0002374204513361653,0.08231914100374432
8.366993471143426,0.00012506388994687478,0.0002374204513361653,0.08234097038089198
8.368295061189881,-0.00012494151184763713,0.0002374204513361653,0.08236234704770352
8.369596673464722,-0.0001626685044775339,0.0002374204513361653,0.08238346768242821
8.370898308039072,5.377291207939172e-05,0.0002374204513361653,0.08240497626129031
8.372199964984054,0.00020309102699635206,0.0002374204513361653,0.08242674167143844
8.373501644370792,0.00036696740254744953,0.0002374204513361653,0.08244834406663139
8.374803346270415,0.00018177633542522387,0.0002374204513361653,0.0824715285109666
8.376105070754042,0.0003813612284988138,0.0002374204513361653,0.0824948054879457
8.3774068178928,0.0003409647696603346,0.0002374204513361653,0.08251835333995748
8.37870858775781,0.00013339980591006717,0.0002374204513361653,0.0825421600209948
8.3800103804202,7.599601068110362e-05,0.0002374204513361653,0.08256557847009609
8.381312195951091,-0.00033296094080415006,0.0002374204513361653,0.08258877626877736
8.382614034421607,-0.00024035536571685723,0.0002374204513361653,0.08261176053387774
8.383915895902875,4.8770932570732506e-05,0.0002374204513361653,0.08263453832891628
8.385217780466018,-5.708859830844126e-05,0.0002374204513361653,0.08265737169870367
8.38651968818216,0.0004488975410062157,0.0002374204513361653,0.08268123970605898
8.387821619122423,0.000284737769525617,0.0002374204513361653,0.0827060099037686
8.389123573357935,0.0002614207161021759,0.0002374204513361653,0.08273066250503255
8.390425550959819,-0.0004995734976190741,0.0002374204513361653,0.0827548632230493
8.391727551999196,-0.0003218194204465813,0.0002374204513361653,0.08277795385750904
8.393029576547193,-0.00025237294538202337,0.0002374204513361653,0.0828008220515889
8.394331624674935,-0.00026367230630436334,0.0002374204513361653,0.08282346729539145
8.395633696453544,-9.326879340390559e-05,0.0002374204513361653,0.08284647205261479
8.396935791954144,0.0003731122831578254,0.0002374204513361653,0.08286981252671477
8.398237911247858,0.0005300021216244066,0.0002374204513361653,0.08289205029699552
8.399540054405815,0.00030189803510997926,0.0002374204513361653,0.08291454134190615
8.400842221499136,-5.8347896492422224e-05,0.0002374204513361653,0.08293729641833422
8.402144412598945,2.075729638867374e-06,0.0002374204513361653,0.08295947098606518
8.403446627776367,0.00011295894512163007,0.0002374204513361653,0.08298249369281392
8.404748867102525,0.00014545813867163082,0.0002374204513361653,0.08300498759457502
8.406051130648544,0.00029766192859696783,0.0002374204513361653,0.08302769829439781
8.407353418485549,0.0003761024365159932,0.0002374204513361653,0.08305061531518779
8.408655730684663,4.5151960234482424e-05,0.0002374204513361653,0.08307328586504123
8.409958067317005,5.1387599057289846e-05,0.0002374204513361653,0.08309612064892365
8.411260428453708,-0.0003528960592242003,0.0002374204513361653,0.08311946013647104
8.412562814165895,0.00021056996243694337,0.0002374204513361653,0.08314309761618666
8.413865224524685,0.0004035746229670567,0.0002374204513361653,0.0831670594066601
8.415167659601204,0.0005176122390552207,0.0002374204513361653,0.08319112963011947
8.41647011946658,0.00045518586968347485,0.0002374204513361653,0.08321540650349643
8.417772604191931,0.00016867464463571347,0.0002374204513361653,0.08323982816502014
8.419075113848383,4.849349654850732e-05,0.0002374204513361653,0.08326433671081283
8.420377648507065,0.0002649548185266887,0.0002374204513361653,0.08328877778768833
8.421680208239096,0.00010857638557103255,0.0002374204513361653,0.08331350621923687
8.4229827931156,-0.00011137128939256447,0.0002374204513361653,0.08333850926171917
8.424285403207703,0.00021211969280597598,0.0002374204513361653,0.08336377423355487
8.42558803858653,-0.00012481017386216375,0.0002374204513361653,0.0833886660044612
8.426890699323204,-5.393611781565055e-05,0.0002374204513361653,0.08341394043536932
8.428193385488848,0.0002576302522803997,0.0002374204513361653,0.08343945410758224
8.429496097154589,2.056548034119754e-05,0.0002374204513361653,0.08346519461785291
8.430798834391545,0.0006712688504187103,0.0002374204513361653,0.08349126832341659
8.432101597270847,0.0001588701393466646,0.0002374204513361653,0.08351578347437641
8.43340438586362,-6.697840319527804e-05,0.0002374204513361653,0.0835394256456542
8.43470720024098,-0.0003678254239005141,0.0002374204513361653,0.08356316949506935
8.43601004047406,-0.0002243816887246286,0.0002374204513361653,0.08358701830123624
8.437312906633975,0.0002092645513095126,0.0002374204513361653,0.08361097538082395
8.438615798791858,0.00015193830333501412,0.0002374204513361653,0.0836354217046369
8.439918717018829,-0.00011058804836884539,0.0002374204513361653,0.08366037530666422
8.44122166138601,-0.00015378998761444995,0.0002374204513361653,0.08368525587013854
8.44252463196453,6.740417012682243e-05,0.0002374204513361653,0.08371040448928704
8.443827628825508,-3.247231293009023e-05,0.0002374204513361653,0.08373546991818388
8.445130652040072,0.00021579983718164608,0.0002374204513361653,0.08376064608378482
8.446433701679346,-0.0003498653861407769,0.0002374204513361653,0.08378463214269133
8.447736777814452,4.148752233031072e-05,0.0002374204513361653,0.08380964788613818
8.449039880516516,0.00011963856934181505,0.0002374204513361653,0.0838330089581082
8.450343009856661,0.00017021764407768036,0.0002374204513361653,0.08385440070389293
8.451646165906011,0.00024109026346247342,0.0002374204513361653,0.08387777196732243
8.45294934873569,8.391243451602581e-05,0.0002374204513361653,0.0839037514999859
8.454252558416824,-0.0001843434642248981,0.0002374204513361653,0.08392770194610132
8.455555795020537,-0.0004897842315515905,0.0002374204513361653,0.0839521779516753
8.45685905861795,-0.0003815834577418076,0.0002374204513361653,0.08397665861136573
8.458162349280189,-8.681939349616807e-05,0.0002374204513361653,0.08400098872696794
8.45946566707838,8.0979871962511e-05,0.0002374204513361653,0.08402516722956853
8.460769012083643,0.0002472861530462833,0.0002374204513361653,0.08404919301333688
8.462072384367106,0.00041918157416877266,0.0002374204513361653,0.08407306493552391
8.463375783999892,0.0006067716812693663,0.0002374204513361653,0.08409678181646228
8.464679211053125,0.0004133197819711082,0.0002374204513361653,0.0841199252672497
8.46598266559793,0.00020821653431041254,0.0002374204513361653,0.08414267305745018
8.467286147705426,-9.819861585755318e-05,0.0002374204513361653,0.0841653375856066
8.468589657446744,0.0002653894706467069,0.0002374204513361653,0.08418671454299445
8.469893194893007,-0.00018315484761506629,0.0002374204513361653,0.08420938366168007
8.471196760115335,6.97494124968362e-05,0.0002374204513361653,0.08423371018244226
8.472500353184854,0.0001542404442160944,0.0002374204513361653,0.08425803477840474
8.47380397417269,0.00046713128934923465,0.0002374204513361653,0.08428236516341751
8.475107623149967,0.0005822689309080559,0.0002374204513361653,0.08430670905186738
8.476411300187806,0.000352083708221651,0.0002374204513361653,0.08433107415867683
8.477715005357334,6.0022686731081576e-05,0.0002374204513361653,0.08435513768425693
8.479018738729675,0.00046446170881225823,0.0002374204513361653,0.08437911551342395
8.48032250037595,0.0007249135657884931,0.0002374204513361653,0.08440300754641963
8.481626290367288,0.0007408147154168987,0.0002374204513361653,0.08442729630591926
8.482930108774811,5.160967481783463e-05,0.0002374204513361653,0.08445125208254149
8.48423395566964,4.420346981390266e-05,0.0002374204513361653,0.0844748276499254
8.485537831122905,-0.00027335957073923445,0.0002374204513361653,0.08449872382674618
8.486841735205726,-6.215180686676425e-05,0.0002374204513361653,0.08452079969161104
8.488145667989226,-0.00032068753359332236,0.0002374204513361653,0.08454425333049537
8.489449629544534,-0.00041098848159802637,0.0002374204513361653,0.08456658538670464
8.490753619942772,-0.0005538644114140845,0.0002374204513361653,0.08458797608249324
8.492057639255062,-0.00013100853285499814,0.0002374204513361653,0.0846135112643404
8.49336168755253,-0.00020925794239298745,0.0002374204513361653,0.0846403211683138
8.4946657649063,-0.0001602156756362605,0.0002374204513361653,0.08466609711074562
8.495969871387496,0.00024597151053232236,0.0002374204513361653,0.08469058261057028
8.497274007067244,-0.00022624449739161445,0.0002374204513361653,0.08471484684830019
8.498578172016664,0.00012404949806096854,0.0002374204513361653,0.08473887412831303
8.499882366306883,0.0002932028034639683,0.0002374204513361653,0.08476282978939163
8.501186590009025,0.00010165161151891311,0.0002374204513361653,0.08478745892301635
8.502490843194213,-0.00011444429388794697,0.0002374204513361653,0.0848121259467616
8.503795125933573,-0.0004823798189440842,0.0002374204513361653,0.08483686741408948
8.505099438298227,-0.0001523686122662099,0.0002374204513361653,0.0848617198980061
8.5064037803593,0.0002717591193702601,0.0002374204513361653,0.08488676011993396
8.507708152187918,-5.360605091105086e-05,0.0002374204513361653,0.0849119837607756
8.5090125538552,0.00018292228576290148,0.0002374204513361653,0.084937386538675
8.510316985432278,1.8094029352239138e-05,0.0002374204513361653,0.08496296420901794
8.51162144699027,0.00010942100941258026,0.0002374204513361653,0.08498834999024744
8.512925938600299,0.0002944157245387269,0.0002374204513361653,0.08501351036525792
8.514230460333494,0.0004782801385567609,0.0002374204513361653,0.08503854934186443
8.515535012260976,0.0006308303257227255,0.0002374204513361653,0.0850658012462931
8.516839594453872,0.0001140305627509719,0.0002374204513361653,0.08509283734129487
8.518144206983305,-4.934169471157435e-06,0.0002374204513361653,0.0851190814349909
8.519448849920396,-0.0001368738187660784,0.0002374204513361653,0.08514457149531598
8.520753523336271,-0.0002675439260129697,0.0002374204513361653,0.08516998518782713
8.522058227302058,-0.00015781058184557994,0.0002374204513361653,0.08519533231318398
8.523362961888877,0.0002367898379956601,0.0002374204513361653,0.08522059422403985
8.52466772716785,0.0004513922437360679,0.0002374204513361653,0.08524614313992465
8.525972523210108,0.00030922253230097896,0.0002374204513361653,0.08527057088263963
8.527277350086768,0.00017405686734769943,0.0002374204513361653,0.08529382480587018
8.52858220786896,-0.0005040147286720642,0.0002374204513361653,0.0853176439894417
8.529887096627803,0.0003119292864304374,0.0002374204513361653,0.08534207302959256
8.531192016434426,2.464158641587999e-05,0.0002374204513361653,0.08536568343397345
8.532496967359949,0.00015529172736845898,0.0002374204513361653,0.08538915882155697
8.5338019494755,5.314521852205212e-05,0.0002374204513361653,0.08541251373753142
8.535106962852199,0.00036070945069503757,0.0002374204513361653,0.08543522479394619
8.536412007561172,0.00033627978599927444,0.0002374204513361653,0.08545776848757422
8.537717083673545,0.00041771980077455473,0.0002374204513361653,0.08548025736564732
8.539022191260441,0.00046889806805636147,0.0002374204513361653,0.08550268572143409
8.540327330392982,0.00024967623999785915,0.0002374204513361653,0.08552518911089364
8.541632501142296,0.000243773942543421,0.0002374204513361653,0.0855486481116293
8.5429377035795,0.00021439988914775943,0.0002374204513361653,0.08557301599909455
8.544242937775728,-0.00027298054868599153,0.0002374204513361653,0.08559958097949137
8.545548203802097,-0.00021380986562952176,0.0002374204513361653,0.08562181925174786
8.546853501729736,0.00018943359502693324,0.0002374204513361653,0.08564381445383058
8.548158831629761,0.0003085126421507739,0.0002374204513361653,0.08566556596512809
8.549464193573305,0.00018097206925360432,0.0002374204513361653,0.08568774313079221
8.550769587631487,0.00017358790221458364,0.0002374204513361653,0.08571003427160033
8.552075013875434,-0.00021788595864620508,0.0002374204513361653,0.08573243034619249
8.55338047237627,-0.0003336204009947441,0.0002374204513361653,0.08575528505827501
8.554685963205118,-0.0002758596505986616,0.0002374204513361653,0.08577857504891113
8.5559914864331,-0.00015587340823071394,0.0002374204513361653,0.08580167516972131
8.557297042131344,1.513524233276442e-05,0.0002374204513361653,0.0858249023187695
8.558602630370974,0.000489246902710086,0.0002374204513361653,0.0858468441258036
8.55990825122311,6.325118418520903e-05,0.0002374204513361653,0.08586916892161425
8.561213904758878,0.00026277147393861944,0.0002374204513361653,0.08589140637535822
8.562519591049405,-9.201277437397015e-05,0.0002374204513361653,0.08591464527555155
8.563825310165813,0.00020342655067011328,0.0002374204513361653,0.08593935549475987
8.565131062179224,6.641194807543993e-05,0.0002374204513361653,0.08596342290931443
8.566436847160768,-1.0910800319743896e-05,0.0002374204513361653,0.08598963968897085
8.567742665181562,-4.0459694012465186e-05,0.0002374204513361653,0.08601203758815788
8.569048516312735,-0.00012120913771063169,0.0002374204513361653,0.0860345307969911
8.570354400625408,0.00012598605941947782,0.0002374204513361653,0.08605706277789454
8.57166031819071,4.1636527127561496e-05,0.0002374204513361653,0.08607964214229251
8.57296626907976,-0.00012103947908560786,0.0002374204513361653,0.08610227749054301
8.574272253363684,-8.507253900384704e-05,0.0002374204513361653,0.08612497741193911
8.575578271113608,0.0005779055716775006,0.0002374204513361653,0.08614795831928372
8.576884322400652,0.0005153819225349604,0.0002374204513361653,0.08617115547179655
8.578190407295944,0.00038543756930796425,0.0002374204513361653,0.0861919267821879
8.579496525870606,0.0006743782873982612,0.0002374204513361653,0.08621327216979408
8.580802678195765,0.000102646892965505,0.0002374204513361653,0.08623520006299626
8.58210886434254,8.417661152912426e-05,0.0002374204513361653,0.08625797803059397
8.583415084382057,0.0004946093942351515,0.0002374204513361653,0.08628160457520058
8.584721338385442,6.448623794018393e-05,0.0002374204513361653,0.08630607845150624
8.586027626423821,8.164090726142659e-05,0.0002374204513361653,0.08632909019947313
8.587333948568316,0.0004123252115627446,0.0002374204513361653,0.08635240623007016
8.588640304890047,0.0004999456774117811,0.0002374204513361653,0.0863760065521766
8.589946695460142,-5.1624756765622504e-05,0.0002374204513361653,0.08639899431112374
8.591253120349727,1.276759853634235e-05,0.0002374204513361653,0.08642140691587911
8.592559579629922,-5.0912186802032355e-05,0.0002374204513361653,0.08644295092719922
8.593866073371855,0.00032786462893867607,0.0002374204513361653,0.08646488764056785
8.595172601646647,-0.00013561193370023594,0.0002374204513361653,0.08648703925624501
8.596479164525425,-0.00019930664900880135,0.0002374204513361653,0.08650984811552037
8.597785762079308,0.0003655576572864083,0.0002374204513361653,0.086532907593041
8.599092394379426,9.66744262560909e-05,0.0002374204513361653,0.08655619937226969
8.600399061496901,0.001115131405978187,0.0002374204513361653,0.08657970517312721
8.601705763502858,0.002058120129695834,0.0002374204513361653,0.08660140849219863
8.603012500468418,0.0010043751682280444,0.0002374204513361653,0.08662390786000124
8.604319272464707,6.163190991229084e-05,0.0002374204513361653,0.08664622174813183
8.60562607956285,0.0002615709906162861,0.0002374204513361653,0.08666873723436258
8.606932921833971,0.00024573075134326494,0.0002374204513361653,0.08669164958087205
8.608239799349194,-0.00012266059736980306,0.0002374204513361653,0.08671430015660658
8.609546712179643,-0.0001274958769388601,0.0002374204513361653,0.08673806448583699
8.61085366039644,0.002700572649339303,0.0002374204513361653,0.08676136534814267
8.61216064407071,0.0002380594504810679,0.0002374204513361653,0.08678421695530483
8.613467663273582,-0.00024318852767510335,0.0002374204513361653,0.08680689930570773
8.614774718076173,-0.00031022855597470644,0.0002374204513361653,0.08682918052067558
8.616081808549612,-0.00033948781163961606,0.0002374204513361653,0.08685212862142903
8.617388934765021,-0.0004079458988128365,0.0002374204513361653,0.08687573044401252
8.618696096793526,-0.0005544560217367184,0.0002374204513361653,0.08689984143353834
8.620003294706247,-0.00021217171350695896,0.0002374204513361653,0.0869225715580981
8.621310528574314,-0.00025265199059591736,0.0002374204513361653,0.086944912092251
8.622617798468847,-0.00020178289942746064,0.0002374204513361653,0.08696683902283525
8.62392510446097,0.00037614716899059264,0.0002374204513361653,0.08698984844374592
8.625232446621807,0.0011909881378857484,0.0002374204513361653,0.08701446829185716
8.626539825022487,0.0007250424442359904,0.0002374204513361653,0.08704000917016941
8.62784723973413,0.0006232193815811499,0.0002374204513361653,0.08706532454385794
8.62915469082786,-0.00016831217869349435,0.0002374204513361653,0.08709069608726615
8.630462178374803,0.00015335277900789535,0.0002374204513361653,0.08711611063350709
8.631769702446078,-1.1862494658093636e-05,0.0002374204513361653,0.08714183851188538
8.633077263112819,0.00042003634314168037,0.0002374204513361653,0.08716785529360398
8.63438486044614,0.00043296344350200744,0.0002374204513361653,0.08719413663005116
8.635692494517171,6.998718222002431e-05,0.0002374204513361653,0.08722005208039604
8.637000165397035,-0.00017801789452845385,0.0002374204513361653,0.08724552873742265
8.638307873156855,8.736574347112391e-05,0.0002374204513361653,0.08727031954115552
8.639615617867754,0.00010727805720713024,0.0002374204513361653,0.08729546113494017
8.64092339960086,6.856661330313651e-05,0.0002374204513361653,0.0873209594294229
8.642231218427295,-0.00011934900659975323,0.0002374204513361653,0.08734693633349133
8.643539074418184,-7.498808673442325e-05,0.0002374204513361653,0.08737207560699083
8.644846967644648,0.00035156526655023834,0.0002374204513361653,0.08739641168932742
8.646154898177816,0.00011094579669167215,0.0002374204513361653,0.08742050302078612
8.647462866088807,0.00010435027199337532,0.0002374204513361653,0.087444814628289
8.64877087144875,-0.0002054790254902017,0.0002374204513361653,0.08746921545415526
8.650078914328768,0.00011180038829236572,0.0002374204513361653,0.08749370561780366
8.651386994799982,4.618792643881764e-05,0.0002374204513361653,0.08751788509045859
8.652695112933518,0.0002999154086042177,0.0002374204513361653,0.08754171800171048
8.6540032688005,0.00038555896219748254,0.0002374204513361653,0.08756707878334372
8.655311462472053,0.0001148345836494008,0.0002374204513361653,0.08759090913728905
8.656619694019302,-5.703212362281884e-05,0.0002374204513361653,0.0876142502316378
8.65792796351337,0.0003147925612263236,0.0002374204513361653,0.08763675641373518
8.659236271025376,-0.0005096005351502009,0.0002374204513361653,0.08766228249326447
8.660544616626453,0.0002989031851412527,0.0002374204513361653,0.0876879064338554
8.66185300038772,-0.00018245686452762755,0.0002374204513361653,0.08771305024988246
8.663161422380302,7.736506571340285e-05,0.0002374204513361653,0.08773898993659024
8.664469882675325,-0.00021885469548856007,0.0002374204513361653,0.08776567890451653
8.665778381343909,-4.411958141883887e-05,0.0002374204513361653,0.08779132352745526
8.667086918457183,-0.0003157171296816058,0.0002374204513361653,0.08781597567237795
8.668395494086267,-0.00011379110523919433,0.0002374204513361653,0.0878400788346639
8.669704108302287,8.934744901895053e-05,0.0002374204513361653,0.0878645741578525
8.67101276117637,3.4582765803314874e-05,0.0002374204513361653,0.0878870890044734
8.672321452779634,-8.691868559954075e-05,0.0002374204513361653,0.08791135004306329
8.673630183183207,0.0002203069249841899,0.0002374204513361653,0.08793583473335508
8.674938952458213,-5.917703040467237e-06,0.0002374204513361653,0.08796046792542817
8.676247760675775,-0.0001805284542744645,0.0002374204513361653,0.08798519069933132
8.677556607907018,-8.244013619276847e-05,0.0002374204513361653,0.08801144297089217
8.678865494223068,-0.00029364661046046847,0.0002374204513361653,0.08803719122566495
8.680174419695042,-0.0002437125498778031,0.0002374204513361653,0.0880628390692758
8.681483384394072,-0.0005949771957257932,0.0002374204513361653,0.08808839291786692
8.68279238839128,-0.0005577858846516071,0.0002374204513361653,0.08811385912680343
8.684101431757789,0.00038235989566014206,0.0002374204513361653,0.08813924399067205
8.685410514564722,0.00020107550689167641,0.0002374204513361653,0.08816452441489915
8.686719636883208,-0.00012666743148713466,0.0002374204513361653,0.08818893611790285
8.688028798784364,-0.00020361997036839885,0.0002374204513361653,0.0882127344930953
8.689338000339319,0.0001979753406213397,0.0002374204513361653,0.08823866102833877
8.690647241619198,-0.00040985266409568344,0.0002374204513361653,0.08826347443276593
8.691956522695122,-9.751880977718064e-05,0.0002374204513361653,0.0882873395247505
8.693265843638216,-0.00013595559016854608,0.0002374204513361653,0.08831050278521534
8.694575204519603,0.0005016037317049776,0.0002374204513361653,0.0883329450172991
8.69588460541041,4.5930716255526693e-05,0.0002374204513361653,0.08835464677488475
8.69719404638176,0.0003825094247828509,0.0002374204513361653,0.08837781515885473
8.698503527504778,0.0006221169512670155,0.0002374204513361653,0.08840328228832647
8.699813048850585,0.0008784465339691239,0.0002374204513361653,0.08843034072291908
8.701122610490309,0.0005501587542170866,0.0002374204513361653,0.08845613102663863
8.702432212495069,0.00029628489845172357,0.0002374204513361653,0.0884805756992667
8.703741854935995,0.00016900840182026977,0.0002374204513361653,0.08850492176396682
8.70505153788421,4.298644901673532e-05,0.0002374204513361653,0.08852916972434015
8.706361261410834,1.552691586668986e-05,0.0002374204513361653,0.08855313894949675
8.707671025586995,6.408204155855524e-05,0.0002374204513361653,0.08857783673697392
8.708980830483814,8.179238806343969e-05,0.0002374204513361653,0.08860209582953561
8.710290676172418,-0.0007630435841192162,0.0002374204513361653,0.08862591373740229
8.711600562723932,-6.259423372123596e-05,0.0002374204513361653,0.08864979849570531
8.712910490209477,5.179674112275323e-05,0.0002374204513361653,0.0886743874994036
8.71422045870018,0.0002471407405659626,0.0002374204513361653,0.08869946428274393
8.71553046826716,8.171855968178154e-05,0.0002374204513361653,0.08872502759195784
8.716840518981547,1.0053309100352403e-05,0.0002374204513361653,0.08875107628042656
8.718150610914464,-6.728960629627523e-05,0.0002374204513361653,0.08877760930868443
8.719460744137033,9.002377099162628e-05,0.0002374204513361653,0.08880316269272949
8.720770918720378,-6.913371843414451e-06,0.0002374204513361653,0.08882834446320753
8.722081134735625,-0.0003434912151063785,0.0002374204513361653,0.0888541604424521
8.723391392253898,-0.0004998584077047091,0.0002374204513361653,0.0888809855352722
8.72470169134632,-0.00012439973043798513,0.0002374204513361653,0.0889088772619375
8.726012032084016,0.00022969167134911928,0.0002374204513361653,0.08893584890099993
8.727322414538111,8.954169240678322e-05,0.0002374204513361653,0.08896334702431166
8.728632838779726,-0.0001360316657844085,0.0002374204513361653,0.08899076074805574
8.729943304879988,-0.00038192951164441047,0.0002374204513361653,0.08901692044272756
8.731253812910019,-0.00027148691048232976,0.0002374204513361653,0.0890439057089464
8.732564362940947,-0.0006401056306876984,0.0002374204513361653,0.0890707514991132
8.733874955043891,1.1972731541243231e-05,0.0002374204513361653,0.08909746990613918
8.735185589289978,2.063552915111677e-05,0.0002374204513361653,0.08912425604540228
8.736496265750333,0.0004448243577612615,0.0002374204513361653,0.08915065211433222
8.737806984496078,0.000572051769408749,0.0002374204513361653,0.08917738823419694
8.739117745598339,0.0002593957317105072,0.0002374204513361653,0.08920376156815064
8.74042854912824,9.759075599144462e-05,0.0002374204513361653,0.0892325616531643
8.7417393951569,0.00020955905573614986,0.0002374204513361653,0.0892599306738099
8.743050283755451,6.307832902602284e-05,0.0002374204513361653,0.089287646512793
8.744361214995012,0.0001663677015764503,0.0002374204513361653,0.08931571695260644
8.745672188946712,0.0004596266609177141,0.0002374204513361653,0.08934414982803551
8.746983205681666,0.00032816194090869166,0.0002374204513361653,0.08937227164181644
8.748294265271007,0.000383114606867907,0.0002374204513361653,0.08940011736195329
8.749605367785858,0.0004807238334813557,0.0002374204513361653,0.08942842177856347
8.750916513297339,-0.0002162720450810396,0.0002374204513361653,0.08945722512189531
8.752227701876578,1.3139588502783517e-05,0.0002374204513361653,0.08948651061796128
8.753538933594694,0.00012730754360530672,0.0002374204513361653,0.08951516832945158
8.754850208522818,-0.0001226421465554267,0.0002374204513361653,0.08954405259089787
8.75616152673207,-3.881517158382808e-05,0.0002374204513361653,0.08957314092059485
8.757472888293574,6.0940440164095055e-05,0.0002374204513361653,0.08960010649072732
8.758784293278458,0.00021437763372293694,0.0002374204513361653,0.0896280554722314
8.760095741757839,0.0004987084991236596,0.0002374204513361653,0.0896562016617461
8.76140723380285,0.00025766482637121224,0.0002374204513361653,0.08968384528154584
8.762718769484605,0.0006758866058699242,0.0002374204513361653,0.08971170947901227
8.764030348874238,0.0007268445944241392,0.0002374204513361653,0.0897396480777415
8.765341972042865,0.0006791050558938444,0.0002374204513361653,0.08976869373612713
8.766653639061616,4.4884555239266266e-05,0.0002374204513361653,0.08979782857184052
8.767965350001614,0.0004933517834074669,0.0002374204513361653,0.08982705404579562
8.76927710493398,6.268693491182087e-05,0.0002374204513361653,0.08985637157504348
8.770588903929841,0.0003838171596524803,0.0002374204513361653,0.08988562613832582
8.771900747060322,0.0009268510249368644,0.0002374204513361653,0.08991482526881343
8.772243834906678,0.00021289109747954504,0.0002374204513361653,0.08994453458606824
8.773538787121286,0.00014625663396571065,0.0002374204513361653,0.0899747393363076
8.774833764614767,-4.871609136651578e-05,0.0002374204513361653,0.09000453268288049
8.776128767336093,0.0002923681714487175,0.0002374204513361653,0.09003425308919452
8.777423795234228,9.129487114437063e-05,0.0002374204513361653,0.09006482229315489
8.778718848258137,-3.746020486099233e-05,0.0002374204513361653,0.09009517005166008
8.780013926356792,5.580343980855773e-05,0.0002374204513361653,0.09012529022697971
8.781309029479157,0.0001945091751510003,0.0002374204513361653,0.09015671215177366
8.782604157574195,-0.00011923608526774598,0.0002374204513361653,0.09018654988186206
8.783899310590881,-0.00018264610866504383,0.0002374204513361653,0.09021588194817085
8.785194488478174,-3.3933460967985885e-05,0.0002374204513361653,0.09024423241778826
8.786489691185048,0.0004022222672325493,0.0002374204513361653,0.09027449608598265
8.787784918660464,4.8615083422881566e-05,0.0002374204513361653,0.09030501398838277
8.78908017085339,-0.00016635278368934414,0.0002374204513361653,0.09033630502855552
8.790375447712796,0.00014407160838902922,0.0002374204513361653,0.09036811585864751
8.791670749187647,0.0002527824526567246,0.0002374204513361653,0.09039895355693929
8.792966075226907,0.000307181682879451,0.0002374204513361653,0.09043012059945676
8.794261425779547,0.0002339349428484988,0.0002374204513361653,0.0904603410459731
8.795556800794532,0.0003797991580933302,0.0002374204513361653,0.09049019359848905
8.796852200220831,0.0002434557269593851,0.0002374204513361653,0.09052059409749194
8.798147624007406,0.00031490878701581626,0.0002374204513361653,0.09055156348419909
8.799443072103232,-0.0004268227404097963,0.0002374204513361653,0.09058227005316391
8.800738544457264,-0.0004172053530448472,0.0002374204513361653,0.09061226879773229
8.80203404101848,-0.0003963094285297508,0.0002374204513361653,0.09064246641239378
8.80332956173584,-0.00024479080311477774,0.0002374204513361653,0.09067283354255569
8.804625106558316,-4.601578839052989e-06,0.0002374204513361653,0.0907018244941373
8.805920675434871,-0.0002832556756732635,0.0002374204513361653,0.09073137984306173
8.807216268314473,-0.0003648294082268938,0.0002374204513361653,0.09076149252511619
8.808511885146089,-5.4438237391610245e-05,0.0002374204513361653,0.09079215555265467
8.809807525878686,-7.936754508613975e-05,0.0002374204513361653,0.09082353884288615
8.81110319046123,-2.822153310914899e-05,0.0002374204513361653,0.09085525760632537
8.81239887884269,-5.602842973197186e-05,0.0002374204513361653,0.09088758029627497
8.81369459097203,-1.682294169279286e-05,0.0002374204513361653,0.09091999272812382
8.814990326798219,0.0002707716521651027,0.0002374204513361653,0.09095246330652332
8.816286086270221,0.00020987822409403167,0.0002374204513361653,0.09098566814481412
8.817581869337006,-3.068261340075096e-05,0.0002374204513361653,0.09101895842087081
8.81887767594754,-0.00022499616153215385,0.0002374204513361653,0.09105277080962118
8.82017350605079,-0.00022846463173574472,0.0002374204513361653,0.09108709641400536
8.821469359595723,-0.00016672361175060213,0.0002374204513361653,0.09112135186652028
8.822765236531303,0.0001907204507570065,0.0002374204513361653,0.0911547122832115
8.8240611368065,-0.00012801297046162452,0.0002374204513361653,0.09118600400245158
8.825357060370282,-0.0004664224827801017,0.0002374204513361653,0.0912164236693846
8.826653007171613,-0.00034171367531288244,0.0002374204513361653,0.09124825156578038
8.82794897715946,6.177315356652169e-05,0.0002374204513361653,0.09128151182756172
8.82924497028279,-0.0006970819259631417,0.0002374204513361653,0.09131514411795852
8.830540986490572,-7.50388865163043e-05,0.0002374204513361653,0.0913503436693374
8.831837025731769,-0.0003214005803309494,0.0002374204513361653,0.09138353416095257
8.833133087955352,-0.00020045494620674065,0.0002374204513361653,0.09141667929424692
8.834429173110285,0.0001473340462153222,0.0002374204513361653,0.09145048494518954
8.835725281145537,-0.00027258223409448723,0.0002374204513361653,0.09148303772010576
8.837021412010074,-0.0002448584603942233,0.0002374204513361653,0.09151631068937245
8.838317565652861,-0.00023032662570363072,0.0002374204513361653,0.09154975307584397
8.83961374202287,-7.052091201480148e-05,0.0002374204513361653,0.09158335577128471
8.840909941069059,-0.00016997437268762017,0.0002374204513361653,0.09161710962032765
8.842206162740403,-0.00038669655787529345,0.0002374204513361653,0.09165100542047544
8.843502406985866,-0.0002983491451269693,0.0002374204513361653,0.09168483119804943
8.844798673754415,9.989063839160872e-05,0.0002374204513361653,0.09171856979271217
8.846094962995014,8.24311568621422e-05,0.0002374204513361653,0.09175275356667083
8.847391274656639,0.0002833652072221776,0.0002374204513361653,0.09178583957210022
8.848687608688245,-0.00020867342349972784,0.0002374204513361653,0.09181904389834424
8.849983965038808,-0.00014425243335633442,0.0002374204513361653,0.09185306154183324
8.851280343657287,-0.00015543842177424827,0.0002374204513361653,0.09188792848554976
8.852576744492655,-0.0001760763761247952,0.0002374204513361653,0.09192266444915798
8.853873167493877,-0.0004277383884137148,0.0002374204513361653,0.09195728099263842
8.85516961260992,-0.00015029641562920582,0.0002374204513361653,0.09199083721776073
8.85646607978975,0.00020847220716377346,0.0002374204513361653,0.09202459926106171
8.857762568982334,0.0003274278605589348,0.0002374204513361653,0.09205917224638131
8.85905908013664,0.00025852402206251457,0.0002374204513361653,0.0920940524241115
8.860355613201632,0.00010706097503070111,0.0002374204513361653,0.09212946732649581
8.861652168126282,0.00021085882170204795,0.0002374204513361653,0.0921659450960673
8.862948744859553,-0.00012243866762660927,0.0002374204513361653,0.09220296576317584
8.864245343350413,-0.0003690212023802347,0.0002374204513361653,0.0922398014518034
8.865541963547827,-0.00012892935479159873,0.0002374204513361653,0.09227680915442547
8.866838605400766,9.683187676587379e-05,0.0002374204513361653,0.09231444340089877
8.868135268858193,0.00068332069300929,0.0002374204513361653,0.09235240992509716
8.869431953869075,0.0008399209106599859,0.0002374204513361653,0.09239070127476025
8.870728660382381,0.00014880140322486024,0.0002374204513361653,0.09242930999798508
8.872025388347078,-1.015849943930558e-05,0.0002374204513361653,0.09246808169852286
8.87332213771213,0.00026970495954298235,0.0002374204513361653,0.09250635905132276
8.874618908426507,0.0003430951828903295,0.0002374204513361653,0.09254224417055693
8.875915700439172,0.00010468805728557073,0.0002374204513361653,0.09257528990273546
8.877212513699096,-3.5696434024429236e-05,0.0002374204513361653,0.09261260673865276
8.878509348155243,7.501367508963575e-05,0.0002374204513361653,0.09265026919713869
8.879806203756583,0.00018913143768964358,0.0002374204513361653,0.09268827891881067
8.88110308045208,3.351934287330882e-05,0.0002374204513361653,0.09272663754871856
8.882399978190701,-0.00020566668193239268,0.0002374204513361653,0.09276506392266903
8.883696896921414,-0.000169220846094692,0.0002374204513361653,0.09280439839117707
8.884993836593187,-4.1916511709233495e-06,0.0002374204513361653,0.0928431162712257
8.886290797154981,-5.271925682889811e-05,0.0002374204513361653,0.09288174417927116
8.88758777855577,-0.0003260340000160039,0.0002374204513361653,0.09292135691642218
8.888884780744517,-0.00033025235340379544,0.0002374204513361653,0.09295852452495414
8.890181803670194,-0.0001393430320962008,0.0002374204513361653,0.09299799916286436
8.891478847281757,-6.368632743168623e-05,0.0002374204513361653,0.09303758801970913
8.892775911528185,-0.00024219121283519662,0.0002374204513361653,0.09307777399570834
8.894072996358435,-9.654922210683425e-05,0.0002374204513361653,0.093118536403427
8.895370101721483,-0.00014227259647149604,0.0002374204513361653,0.0931579526405003
8.896667227566287,-3.4324314651293375e-05,0.0002374204513361653,0.09319871589489138
8.89796437384182,7.172942941557903e-05,0.0002374204513361653,0.09323795057058826
8.899261540497045,-8.392228801838708e-05,0.0002374204513361653,0.09327980489141646
8.900558727480934,-8.423227862507099e-05,0.0002374204513361653,0.09332015945095888
8.901855934742446,0.00011014507567613796,0.0002374204513361653,0.0933612742697387
8.903153162230558,-8.890502205913253e-06,0.0002374204513361653,0.09340313486071132
8.904450409894226,-0.00045503951327836856,0.0002374204513361653,0.09344493738393468
8.905747677682426,-0.0001716333775736989,0.0002374204513361653,0.09348669895073601
8.907044965544118,5.7111623865749306e-05,0.0002374204513361653,0.0935288702982851
8.908342273428275,0.00011559083602163955,0.0002374204513361653,0.0935714341539521
8.909639601283859,-0.00020662635926627093,0.0002374204513361653,0.09361456091665774
8.910936949059836,7.849355991512708e-05,0.0002374204513361653,0.0936573839413595
8.91223431670518,0.0002282749486312713,0.0002374204513361653,0.09370060590587427
8.91353170416885,0.0002349483919684009,0.0002374204513361653,0.09374434377492921
8.914829111399817,0.0004031341665680921,0.0002374204513361653,0.09378751704957354
8.916126538347047,-0.0002125577436658116,0.0002374204513361653,0.09382939739403333
8.917423984959507,0.00023374456661683085,0.0002374204513361653,0.09387269845404732
8.918721451186162,7.470903183916244e-05,0.0002374204513361653,0.09391568822480152
8.920018936975982,-0.0001913773882268044,0.0002374204513361653,0.09395835229670627
8.921316442277933,0.0001462850881398664,0.0002374204513361653,0.09400187886173433
8.92261396704098,6.866398409199892e-05,0.0002374204513361653,0.09404635979698805
8.923911511214092,-8.306296767318644e-06,0.0002374204513361653,0.09409213547823565
8.925209074746236,5.287447365706632e-05,0.0002374204513361653,0.0941384403863535
8.926506657586375,0.00018448727411719823,0.0002374204513361653,0.09418526957876316
8.92780425968348,-7.456855052596911e-05,0.0002374204513361653,0.09423217285933276
8.929101880986517,-0.00010242774890073525,0.0002374204513361653,0.09427990153144504
8.930399521444453,0.00011140561138929528,0.0002374204513361653,0.09432801728684553
8.931697181006252,0.0004169074291740238,0.0002374204513361653,0.09437648279912045
8.932994859620885,-0.00010807973958652795,0.0002374204513361653,0.09442249442617592
8.934292557237315,0.00026022446784854103,0.0002374204513361653,0.09446869596217082
8.935590273804513,0.00021867380065657138,0.0002374204513361653,0.0945154911609184
8.936888009271442,-2.9814896116864276e-05,0.0002374204513361653,0.09456252142066436
8.93818576358707,-0.0001976765053271351,0.0002374204513361653,0.09460959826340679
8.939483536700367,0.00011011960873612281,0.0002374204513361653,0.09465819525118106
8.940781328560295,-0.00015685384909316924,0.0002374204513361653,0.09470532643344784
8.942079139115824,-0.0003296068039465444,0.0002374204513361653,0.09475161896634117
8.943376968315919,-0.0001727388034886007,0.0002374204513361653,0.09479787194222447
8.944674816109549,-0.00032015381067991566,0.0002374204513361653,0.09484407173694691
8.945972682445682,-0.0006131579471289755,0.0002374204513361653,0.09489149572136739
8.947270567273277,-0.00037921753857853013,0.0002374204513361653,0.09493825893262396
8.94856847054131,-0.00017103545397162412,0.0002374204513361653,0.09498474878307685
8.949866392198741,-9.702367636439668e-05,0.0002374204513361653,0.09503107465377848
8.951164332194544,0.00010268922950146253,0.0002374204513361653,0.09507848079725396
8.95246229047768,0.00014153095689464767,0.0002374204513361653,0.09512659124186051
8.953760266997119,4.303670233804513e-05,0.0002374204513361653,0.09517442265875034
8.955058261701824,-0.0005789620041571353,0.0002374204513361653,0.09522159317373545
8.956356274540767,-0.0004039622869310422,0.0002374204513361653,0.09526863794269441
8.957654305462912,-0.0004473061640442588,0.0002374204513361653,0.09531583141067361
8.958952354417226,-0.0002706863240451024,0.0002374204513361653,0.09536317579351046
8.960250421352674,-0.00018762636938332578,0.0002374204513361653,0.09541139318490975
8.961548506218227,-3.706710184625539e-07,0.0002374204513361653,0.09545897119248585
8.962846608962849,-0.0001786151262617025,0.0002374204513361653,0.09550562377423874
8.964144729535509,-7.734020056236746e-05,0.0002374204513361653,0.09555134807165329
8.965442867885171,0.00016125133656236246,0.0002374204513361653,0.09559714412639866
8.966741023960806,9.835403335697879e-05,0.0002374204513361653,0.09564351201738232
8.968039197711374,-0.0001264845923855673,0.0002374204513361653,0.09569019722523107
8.96933738908585,0.0001506252107625755,0.0002374204513361653,0.09573563273916337
8.970635598033194,0.0005506051514243687,0.0002374204513361653,0.0957809902020892
8.971933824502377,0.000593409398130601,0.0002374204513361653,0.09582626252631168
8.973232068442362,0.0004586601411946528,0.0002374204513361653,0.09587107363161718
8.974530329802123,-4.0604785991479875e-05,0.0002374204513361653,0.09591826394184631
8.97582860853062,-6.085760474230928e-05,0.0002374204513361653,0.09596564263886487
8.977126904576822,4.522565320530525e-05,0.0002374204513361653,0.0960133058426196
8.978425217889697,8.513610265936666e-05,0.0002374204513361653,0.09606079646711639
8.97972354841821,-0.0002624975388412637,0.0002374204513361653,0.09610824042159329
8.981021896111328,-9.481226040142232e-05,0.0002374204513361653,0.09615645008263113
8.98232026091802,-0.00022666759376512025,0.0002374204513361653,0.09620435196266602
8.983618642787253,4.5401610356918254e-05,0.0002374204513361653,0.0962519336876469
8.98491704166799,-0.0003381418652831508,0.0002374204513361653,0.09629918275776814
8.9862154575092,-0.00029437251764827255,0.0002374204513361653,0.09634670320548885
8.987513890259851,-4.341660441276041e-06,0.0002374204513361653,0.09639437944889312
8.988812339868907,7.828432627519921e-05,0.0002374204513361653,0.09644219378152981
8.99011080628534,0.0002195341132393419,0.0002374204513361653,0.09648963602246885
8.991409289458112,0.00042339389171910935,0.0002374204513361653,0.09653733482722744
8.99270778933619,0.00036678096387239567,0.0002374204513361653,0.09658564496242307
8.994006305868544,4.185018624321135e-05,0.0002374204513361653,0.09663215347250075
8.99530483900414,-0.0005071619241535791,0.0002374204513361653,0.0966774150646312
8.996603388691941,-0.00020074641174550045,0.0002374204513361653,0.0967235850529147
8.99790195488092,-5.127720707066852e-05,0.0002374204513361653,0.09677087201394016
8.99920053752004,-0.00025110647800324903,0.0002374204513361653,0.09681890509400867
9.000499136558266,5.705386187712658e-05,0.0002374204513361653,0.0968669295169938
9.001797751944572,0.0002627659690360995,0.0002374204513361653,0.09691492374784456
9.003096383627918,0.00026709779663883215,0.0002374204513361653,0.0969632304657502
9.004395031557271,0.0005395719209876637,0.0002374204513361653,0.09701295166381947
9.005693695681604,0.0004539366236221837,0.0002374204513361653,0.09706218613376985
9.006992375949878,0.0005311798257661426,0.0002374204513361653,0.09711282949232462
9.008291072311062,0.00019032320137363223,0.0002374204513361653,0.09716171153010103
9.009589784714121,-7.932267305071905e-05,0.0002374204513361653,0.09720874410405551
9.010888513108025,-8.10146859135108e-05,0.0002374204513361653,0.0972548820418554
9.01218725744174,-0.00023075920536391736,0.0002374204513361653,0.09730110128146895
9.01348601766423,-0.00020769371713207085,0.0002374204513361653,0.09734740301317935
9.014784793724466,1.3344153771355227e-05,0.0002374204513361653,0.09739378846444818
9.01608358557141,-0.00017766060994309218,0.0002374204513361653,0.09744028940132239
9.017382393154035,-0.00010217897170394785,0.0002374204513361653,0.09748711131484325
9.018681216421303,-9.482689366020758e-05,0.0002374204513361653,0.09753382521767921
9.019980055322184,7.55881877675807e-05,0.0002374204513361653,0.0975793862712176
9.021278909805641,-4.073936056837868e-05,0.0002374204513361653,0.09762688354233243
9.022577779820645,0.0001127162254106473,0.0002374204513361653,0.09767488343671239
9.023876665316159,-7.094858762282663e-06,0.0002374204513361653,0.09772339434738012
9.025175566241154,-2.8057156117852755e-05,0.0002374204513361653,0.09777239893682474
9.026474482544593,-0.00014011725424727117,0.0002374204513361653,0.09782188005232878
9.027773414175448,-0.0001632204501640644,0.0002374204513361653,0.09786991475727876
9.029072361082678,-5.901315768944149e-05,0.0002374204513361653,0.09791770936475688
9.030371323215258,-9.685510151083432e-06,0.0002374204513361653,0.0979644240174133
9.031670300522148,0.00025257008032925077,0.0002374204513361653,0.09801236159107678
9.032969292952318,0.00011703316326151791,0.0002374204513361653,0.09806149386642478
9.034268300454736,0.00018883379610472317,0.0002374204513361653,0.0981111848648327
9.035567322978368,0.00037960037058855367,0.0002374204513361653,0.09816004848301034
9.03686636047218,-0.00014939781226440407,0.0002374204513361653,0.09820877038127242
9.03816541288514,-0.00022514791863685601,0.0002374204513361653,0.09825630557237233
9.039464480166215,1.7071054784711936e-05,0.0002374204513361653,0.09830443776602951
9.04076356226437,0.0003490970294052209,0.0002374204513361653,0.0983530843225575
9.042062659128574,0.0005212985914714446,0.0002374204513361653,0.09840151863446067
9.04336177070779,0.0002598594841064644,0.0002374204513361653,0.09844971840842202
9.04466089695099,0.000184643411399954,0.0002374204513361653,0.09849772219120823
9.04596003780714,0.00021776478265554677,0.0002374204513361653,0.09854551000254479
9.047259193225203,0.0005372411285701068,0.0002374204513361653,0.09859306185704905
9.048558363154148,-8.842656641276647e-05,0.0002374204513361653,0.09863963870157262
9.049857547542944,-4.946108810244265e-05,0.0002374204513361653,0.09868610591646428
9.051156746340554,-0.00010354635618360641,0.0002374204513361653,0.09873194125902078
9.05245595949595,-0.00034947947152458303,0.0002374204513361653,0.09877713607526459
9.053755186958092,-7.941183339756075e-05,0.0002374204513361653,0.09882168158244316
9.055054428675954,0.00011588033027093436,0.0002374204513361653,0.09886584621187378
9.056353684598497,-7.078305311286615e-05,0.0002374204513361653,0.09891120400849432
9.05765295467469,1.638340546550321e-05,0.0002374204513361653,0.09895603753099508
9.0589522388535,-0.0002322651544577059,0.0002374204513361653,0.09900289992039438
9.060251537083895,-0.00023833284253169107,0.0002374204513361653,0.09905095079405815
9.06155084931484,0.00012380534063700932,0.0002374204513361653,0.09909603069697502
9.062850175495306,-0.0004561721434277466,0.0002374204513361653,0.09914120186978591
9.064149515574252,-0.00024247520933869116,0.0002374204513361653,0.0991864711823456
9.065448869500653,5.108152745039729e-05,0.0002374204513361653,0.0992314172722613
9.066748237223468,0.0004257088609328774,0.0002374204513361653,0.09927617867284541
9.068047618691672,-9.898713063559439e-05,0.0002374204513361653,0.0993209884025465
9.069347013854225,0.0001981382659795583,0.0002374204513361653,0.09936597967813439
9.0706464226601,2.7002286105762274e-05,0.0002374204513361653,0.0994082547364538
9.071945845058258,0.00014887059141865944,0.0002374204513361653,0.09945207994794643
9.073245280997671,0.0002627302092449296,0.0002374204513361653,0.09949574961860098
9.074544730427302,-0.00012216170400458637,0.0002374204513361653,0.09953929144119641
9.07584419329612,-6.977016132800329e-05,0.0002374204513361653,0.09958269534215478
9.07714366955309,-0.0001392422233228302,0.0002374204513361653,0.09962665993283508
9.078443159147183,-0.0002805872962865913,0.0002374204513361653,0.0996712027126383
9.079742662027357,-0.00024395872233735905,0.0002374204513361653,0.09971614537564266
9.081042178142589,-8.177872416766097e-05,0.0002374204513361653,0.09975994803881232
9.08234170744184,0.00012834407504196121,0.0002374204513361653,0.09980452697181914
9.08364124987408,0.00025473637523112935,0.0002374204513361653,0.0998487482286871
9.084940805388273,0.0002295455243624539,0.0002374204513361653,0.0998929511529475
9.086240373933387,0.00033450676998797446,0.0002374204513361653,0.099936857633266
9.087539955458388,0.00037093412140702664,0.0002374204513361653,0.0999813919848646
9.088839549912246,-7.54071037376014e-07,0.0002374204513361653,0.10002541833743189
9.090139157243923,1.0532417990760656e-05,0.0002374204513361653,0.10006892471420319
9.09143877740239,2.4680637650181803e-05,0.0002374204513361653,0.10011324302020566
9.092738410336612,-0.0002606762747302954,0.0002374204513361653,0.1001561220120579
9.094038055995558,-0.0004298816270344591,0.0002374204513361653,0.1001985850456733
9.095337714328192,-0.0001396801018748034,0.0002374204513361653,0.10024083107336948
9.096637385283481,-0.0006341142808919675,0.0002374204513361653,0.10028300188518847
9.097937068810396,-0.00019110831986857146,0.0002374204513361653,0.10032509068196722
9.099236764857897,0.00040081342327387415,0.0002374204513361653,0.10036709074985563
9.100536473374955,0.0008973975550616436,0.0002374204513361653,0.10040945812390589
9.101836194310536,3.840618137164464e-05,0.0002374204513361653,0.1004529757950291
9.103135927613607,0.00015642130514120778,0.0002374204513361653,0.10049598337011185
9.104435673233137,-0.00040570843116334576,0.0002374204513361653,0.10053786200661378
9.105735431118092,-0.0003329587153496072,0.0002374204513361653,0.10057869128602415
9.107035201217435,-9.802522721216733e-05,0.0002374204513361653,0.10061925401501214
9.108334983480137,0.00013285811031736594,0.0002374204513361653,0.10065839157458487
9.109634777855163,0.00012119694093665201,0.0002374204513361653,0.10069743071948492
9.110934584291481,-0.00016400655115077212,0.0002374204513361653,0.1007363648538464
9.112234402738055,-0.00011079295542958112,0.0002374204513361653,0.10077340869594262
9.11353423314386,2.817070404936839e-05,0.0002374204513361653,0.10081164387907046
9.11483407545785,3.6574475680742347e-05,0.0002374204513361653,0.10084980555875361
9.116133929629001,-0.00016219883916870903,0.0002374204513361653,0.10088816989416376
9.117433795606278,-0.00028499006202364896,0.0002374204513361653,0.1009258887303429
9.11873367333865,0.00011498802226887761,0.0002374204513361653,0.10096324443416835
9.120033562775077,-0.00020119736240170605,0.0002374204513361653,0.10100019976906573
9.121333463864532,-0.0001463808284196122,0.0002374204513361653,0.10103671753955816
9.12263337655598,0.00016139682716155568,0.0002374204513361653,0.10107381298308762
9.123933300798392,-0.00012759108845974976,0.0002374204513361653,0.10110983252837932
9.125233236540723,-0.000293832716546677,0.0002374204513361653,0.10114610321909438
9.126533183731954,0.00018148310900582831,0.0002374204513361653,0.10118299809482678
9.127833142321041,0.00024758318600248685,0.0002374204513361653,0.1012200411142957
9.129133112256957,0.000350487813252337,0.0002374204513361653,0.10125625329592967
9.130433093488667,5.386792802385132e-05,0.0002374204513361653,0.10129304619850667
9.131733085965141,-0.000207638030651075,0.0002374204513361653,0.10133035304983001
9.13303308963534,-0.0002425133905632898,0.0002374204513361653,0.1013671691937507
9.134333104448237,0.00012926298772820977,0.0002374204513361653,0.10140374308675004
9.13563313035279,0.0007135723668843241,0.0002374204513361653,0.10144144938370919
9.136933167297977,0.0005384394481402349,0.0002374204513361653,0.10147841189072303
9.138233215232754,0.0001581209217105528,0.0002374204513361653,0.10151475956139598
9.139533274106098,-9.294017304897761e-05,0.0002374204513361653,0.10155048357560596
9.140833343866968,3.119035085386024e-05,0.0002374204513361653,0.10158576963376074
9.142133424464335,0.00046619947857974575,0.0002374204513361653,0.10162077670852299
9.143433515847164,0.0003985180114596115,0.0002374204513361653,0.10165521420474154
9.144733617964425,0.00010232207606959698,0.0002374204513361653,0.1016890614797837
9.14603373076508,-1.3665308391405673e-05,0.0002374204513361653,0.10172229787031344
9.147333854198099,0.00013853171013131216,0.0002374204513361653,0.101755416482089
9.148633988212449,0.0004420416386837628,0.0002374204513361653,0.10178841653147597
9.149934132757094,0.00035992745043879337,0.0002374204513361653,0.1018208517106253
9.151234287781005,0.00010264876287227609,0.0002374204513361653,0.10185270422550106
9.152534453233146,7.677986206962306e-05,0.0002374204513361653,0.10188520687912742
9.153834629062484,4.361432888884409e-05,0.0002374204513361653,0.10191875249482771
9.15513481521799,9.311598182749903e-05,0.0002374204513361653,0.10195256661221612
9.156435011648622,-0.00026287800331266375,0.0002374204513361653,0.10198543143465373
9.157735218303355,-0.0002534340198839108,0.0002374204513361653,0.10201734333094505
9.159035435131152,-0.000132985939033603,0.0002374204513361653,0.10204829854889141
9.160335662080984,3.8505194730614756e-06,0.0002374204513361653,0.102078293215291
9.161635899101809,0.00024228994137953652,0.0002374204513361653,0.10210680558796674
9.162936146142604,0.0002865985588484943,0.0002374204513361653,0.10213635978731947
9.16423640315233,0.0003182778365617561,0.0002374204513361653,0.10216560833110051
9.165536670079957,0.00019622786428494243,0.0002374204513361653,0.10219453812053567
9.166836946874449,-0.0001699386938868036,0.0002374204513361653,0.10222513789979679
9.168137233484773,-0.0002024094535798271,0.0002374204513361653,0.10225551175131652
9.169437529859898,-0.00043991787639043045,0.0002374204513361653,0.1022852976912808
9.17073783594879,-0.00034040003675316066,0.0002374204513361653,0.10231449910457807
9.172038151700415,-0.0005649208265703504,0.0002374204513361653,0.1023434714786703
9.173338477063739,-0.0005046289749272431,0.0002374204513361653,0.10237220419567414
9.174638811987732,-0.00011868477321667903,0.0002374204513361653,0.10240068673277425
9.175939156421357,5.1333380216553315e-05,0.0002374204513361653,0.10242874772800746
9.177239510313587,0.00020763867938328184,0.0002374204513361653,0.10245647379060938
9.178539873613381,0.00044085231804726066,0.0002374204513361653,0.10248297690537496
9.179840246269713,0.0001816395123461212,0.0002374204513361653,0.10250925945965252
9.181140628231544,8.644461052800811e-05,0.0002374204513361653,0.10253594796056917
9.182441019447847,5.975579554905186e-05,0.0002374204513361653,0.10256301943380176
9.18374141986758,5.8383123517913305e-05,0.0002374204513361653,0.10258935027113414
9.18504182943972,0.0002976575197745357,0.0002374204513361653,0.10261532486399798
9.186342248113226,-6.646755080051692e-05,0.0002374204513361653,0.10264191899247636
9.18764267583707,-9.246695915203496e-05,0.0002374204513361653,0.10266746647768264
9.188943112560214,0.00013651761512734062,0.0002374204513361653,0.10269274698712715
9.19024355823163,0.00025201866989219,0.0002374204513361653,0.10271776475790556
9.19154401280028,-0.00030926413302037603,0.0002374204513361653,0.10274230523841062
9.192844476215138,-4.9659391003972764e-05,0.0002374204513361653,0.1027658239190835
9.19414494842516,0.00022066247942582884,0.0002374204513361653,0.10278899118708844
9.195445429379324,-0.00020515588758535097,0.0002374204513361653,0.1028135652993056
9.196745919026588,6.0548817576430713e-05,0.0002374204513361653,0.10283785315702139
9.198046417315927,-0.0001744728653697708,0.0002374204513361653,0.10286142626969716
9.1993469241963,-0.00025631658731060936,0.0002374204513361653,0.10288559087917792
9.20064743961668,0.00010417422230563078,0.0002374204513361653,0.10290876523895033
9.20194796352603,5.704019668384408e-05,0.0002374204513361653,0.10293096366481758
9.203248495873316,0.00017653424683058971,0.0002374204513361653,0.10295255287122176
9.20454903660751,-7.731783693913641e-05,0.0002374204513361653,0.10297323817183465
9.205849585677575,-0.0001328441900175087,0.0002374204513361653,0.10299491918791202
9.207150143032477,8.679204500944282e-05,0.0002374204513361653,0.1030169294828508
9.208450708621188,0.00035326499854342053,0.0002374204513361653,0.10303875700605025
9.20975128239267,0.00045706838335288213,0.0002374204513361653,0.10306124755242681
9.21105186429589,0.00030853156099229506,0.0002374204513361653,0.10308285299094129
9.212352454279817,-0.0002495303622040007,0.0002374204513361653,0.10310377891072733
9.213653052293417,-0.00014964311591272872,0.0002374204513361653,0.1031269924068511
9.214953658285657,-0.00010113468459367614,0.0002374204513361653,0.1031466990285443
9.216254272205502,2.5409076015309173e-05,0.0002374204513361653,0.10316655565012034
9.217554894001923,0.00020125441704031688,0.0002374204513361653,0.10318592403532177
9.218855523623883,7.263604875544505e-05,0.0002374204513361653,0.10320363312008002
9.22015616102035,0.00026037481828244946,0.0002374204513361653,0.10322251807360783
9.221456806140292,1.6770882333122517e-05,0.0002374204513361653,0.1032407884565684
9.222757458932676,4.148454293655124e-05,0.0002374204513361653,0.10325845966897748
9.224058119346465,-0.0003777633551638876,0.0002374204513361653,0.10327540135142574
9.22535878733063,-0.0004644141669351426,0.0002374204513361653,0.10329159515135826
9.226659462834139,-2.8480196430785698e-05,0.0002374204513361653,0.10330748382025995
9.227960145805953,0.0001497056786222417,0.0002374204513361653,0.10332243226824929
9.229260836195044,-2.354558318359845e-06,0.0002374204513361653,0.10333653472790744
9.230561533950377,0.00039908181776444895,0.0002374204513361653,0.10335169739641602
9.231862239020918,0.00032984381644418637,0.0002374204513361653,0.10336918623128465
9.233162951355636,4.547406381340269e-05,0.0002374204513361653,0.10338682379723664
9.234463670903496,5.865580076791499e-05,0.0002374204513361653,0.10340346506068392
9.235764397613465,0.00021638612339265617,0.0002374204513361653,0.10341992447863364
9.237065131434509,0.0001439775710269514,0.0002374204513361653,0.10343622715863598
9.238365872315603,0.00015938251044010643,0.0002374204513361653,0.10345172246785661
9.239666620205702,0.00021460113030000172,0.0002374204513361653,0.10346696189984249
9.240967375053778,0.00029125016746278654,0.0002374204513361653,0.10348192263877398
9.242268136808795,0.00017986327383501255,0.0002374204513361653,0.10349719285780018
9.243568905419728,-1.7585388785254508e-05,0.0002374204513361653,0.10351196237471794
9.244869680835535,-0.00017895895366899783,0.0002374204513361653,0.10352592857181302
9.246170463005189,-8.23131498875751e-05,0.0002374204513361653,0.10353872951922058
9.247471251877654,-0.0003182925484264826,0.0002374204513361653,0.10355203568166045
9.248772047401896,-0.00014498863810437357,0.0002374204513361653,0.10356473927305535
9.250072849526882,-0.00023206188606839095,0.0002374204513361653,0.10357757903351147
9.251373658201581,-0.00027774777734446143,0.0002374204513361653,0.10359054737239137
9.252674473374958,-7.262083993479773e-05,0.0002374204513361653,0.10360290492491969
9.253975294995982,1.0870957758493671e-05,0.0002374204513361653,0.10361464986613267
9.255276123013616,9.294119063804618e-05,0.0002374204513361653,0.10362578036594057
9.256576957376833,-0.00018318946157598603,0.0002374204513361653,0.10363629458912368
9.257877798034592,-2.311406845829922e-05,0.0002374204513361653,0.10364894768861672
9.259178644935865,0.00036383993558651573,0.0002374204513361653,0.10366025526318015
9.26047949802962,0.00029474005482398036,0.0002374204513361653,0.1036694364779833
9.26178035726482,4.869763171995445e-05,0.0002374204513361653,0.10367689031397627
9.263081222590433,0.00012420663403961418,0.0002374204513361653,0.1036832009648067
9.264382093955426,0.0002553054047234188,0.0002374204513361653,0.10369162141598798
9.265682971308769,-0.0001349239063106744,0.0002374204513361653,0.1037001959393822
9.266983854599424,-0.0003349317674725544,0.0002374204513361653,0.10370891033344704
9.26828474377636,-0.0003544399512290103,0.0002374204513361653,0.10371681119733193
9.269585638788545,-0.0002706446414022373,0.0002374204513361653,0.10372447411910715
9.270886539584943,-0.000103228842830691,0.0002374204513361653,0.10373055661023614
9.272187446114522,0.00024324017582873225,0.0002374204513361653,0.10373676701423606
9.273488358326253,-2.7601281502087627e-05,0.0002374204513361653,0.10374409407142712
9.274789276169095,0.00010078824930703778,0.0002374204513361653,0.10375183251943916
9.276090199592023,0.00017277069454252336,0.0002374204513361653,0.10375882412890894
9.277391128543997,0.0001925574509142186,0.0002374204513361653,0.1037656664654753
9.278692062973988,0.0003764588458281537,0.0002374204513361653,0.10377257599454182
9.279993002830961,-9.775638417063026e-05,0.0002374204513361653,0.10377863653255305
9.281293948063883,-0.00015915940246755134,0.0002374204513361653,0.10378439543132055
9.282594898621722,-7.575510058079049e-05,0.0002374204513361653,0.10378984749358688
9.283895854453444,9.812225745749192e-05,0.0002374204513361653,0.10379435061129083
9.285196815508018,0.0002630465478888899,0.0002374204513361653,0.10379948038806931
9.286497781734406,-0.0002615786775088391,0.0002374204513361653,0.1038045985257415
9.28779875308158,-0.0002387051711090632,0.0002374204513361653,0.10380875592933374
9.289099729498504,0.00013484439258451553,0.0002374204513361653,0.10381256338922444
9.290400710934144,0.0004056288362006416,0.0002374204513361653,0.10381664034253152
9.291701697337471,3.303475270961809e-05,0.0002374204513361653,0.10381909199051516
9.293002688657445,-0.00017740321689097005,0.0002374204513361653,0.1038214168464603
9.29430368484304,-7.042821263106291e-05,0.0002374204513361653,0.1038242856847796
9.295604685843221,0.0002866752200142708,0.0002374204513361653,0.10382770919494681
9.296905691606955,-0.0001405478541981614,0.0002374204513361653,0.1038306550680035
9.298206702083203,-0.00016115481038696255,0.0002374204513361653,0.10383283281038973
9.299507717220939,-0.00022791681671265052,0.0002374204513361653,0.10383393171254121
9.300808736969124,-1.5622804704518156e-05,0.0002374204513361653,0.10383640709669248
9.302109761276736,-0.0001359932771149014,0.0002374204513361653,0.10383884342535847
9.303410790092727,0.00034177394599180233,0.0002374204513361653,0.10384124345946491
9.304711823366075,6.486559810392478e-05,0.0002374204513361653,0.10384386743676631
9.306012861045739,-3.295072203196581e-05,0.0002374204513361653,0.1038444469072411
9.307313903080694,0.000657944211087863,0.0002374204513361653,0.1038458916210042
9.308614949419898,0.00018724967224174882,0.0002374204513361653,0.10384761234402765
9.309916000012324,0.00020140474459984237,0.0002374204513361653,0.10384960423339788
9.311217054806937,0.00020425717247314623,0.0002374204513361653,0.10385220423700312
9.312518113752706,-7.549848703360118e-05,0.0002374204513361653,0.10385293677350885
9.313819176798594,0.0003095434996901736,0.0002374204513361653,0.1038537152201385
9.315120243893572,-5.374686528043793e-05,0.0002374204513361653,0.10385454021069501
9.316421314986599,-4.034560850775526e-05,0.0002374204513361653,0.10385777727918852
9.317722390026653,-0.00030106958372536075,0.0002374204513361653,0.10385886559473259
9.319023468962694,-0.00038479388106159307,0.0002374204513361653,0.10385961970519961
9.320324551743688,-2.9430856888890133e-05,0.0002374204513361653,0.10385986833469577
9.321625638318608,4.592930868228817e-05,0.0002374204513361653,0.10385960714846221
9.322926728636414,3.520417783597907e-05,0.0002374204513361653,0.10385813982023759
9.324227822646076,0.00024796351059569455,0.0002374204513361653,0.1038564025772094
9.325528920296561,0.00013693750204966937,0.0002374204513361653,0.10385511718463174
9.326830021536836,-0.0001860942783456221,0.0002374204513361653,0.10385371712425756
9.328131126315865,0.00030200129248925123,0.0002374204513361653,0.10385220926407775
9.32943223458262,-3.89037509910678e-05,0.0002374204513361653,0.10385042842524303
9.330733346286065,1.6953245190132193e-05,0.0002374204513361653,0.10384870838731487
9.332034461375166,2.5105574545131182e-05,0.0002374204513361653,0.10384630326365898
9.333335579798892,-0.00019596108040413618,0.0002374204513361653,0.1038434355102601
9.334636701506208,7.439370422657188e-05,0.0002374204513361653,0.10384011922456977
9.335937826446077,0.00037910674574677394,0.0002374204513361653,0.10383511608342438
9.337238954567477,-6.899697941908922e-05,0.0002374204513361653,0.10383013179184618
9.338540085819362,-6.613626687333729e-05,0.0002374204513361653,0.10382358636105966
9.33984122015071,-0.00016336893036279776,0.0002374204513361653,0.10381713411533339
9.341142357510481,-3.2077898988278064e-05,0.0002374204513361653,0.1038128186360339
9.342443497847643,-5.282181132364172e-05,0.0002374204513361653,0.10380899675153703
9.343744641111167,0.00025616095924926863,0.0002374204513361653,0.10380474724634478
9.345045787250012,0.0008805221183001144,0.0002374204513361653,0.10380056091857955
9.34634693621315,4.2561343589778144e-05,0.0002374204513361653,0.1037968361141815
9.34764808794955,-0.00034219034363280887,0.0002374204513361653,0.10379254147142729
9.348949242408175,-0.0001941748509651925,0.0002374204513361653,0.10378748786517009
9.350250399537991,0.0001228142414704675,0.0002374204513361653,0.10378287605323067
9.351551559287968,0.0004235943801817049,0.0002374204513361653,0.10377905971343852
9.352852721607071,0.00012373478246767433,0.0002374204513361653,0.10377597362088985
9.354153886444267,-0.0001201720155935837,0.0002374204513361653,0.10376954155482201
9.355455053748527,0.0001398310678117909,0.0002374204513361653,0.10376253888199985
9.35675622346881,0.00016219248366794448,0.0002374204513361653,0.10375494853577578
9.35805739555409,0.00011973348680591189,0.0002374204513361653,0.10374745846118921
9.359358569953327,0.00023817104223412822,0.0002374204513361653,0.10374104561622872
9.360659746615495,-0.0002437591488454599,0.0002374204513361653,0.10373375851042863
9.361960925489553,3.356959128532344e-05,0.0002374204513361653,0.10372558932755915
9.36326210652448,0.0001765690464216596,0.0002374204513361653,0.10371708890719705
9.36456328966923,-0.000313837152000368,0.0002374204513361653,0.10370872994089014
9.365864474872776,4.73636496998997e-06,0.0002374204513361653,0.10369992630787593
9.367165662084084,-0.00012945141183554054,0.0002374204513361653,0.10369226065930408
9.368466851252123,-1.5883376839054275e-05,0.0002374204513361653,0.10368359969666732
9.369768042325855,0.0001334108003727269,0.0002374204513361653,0.10367516692174243
9.371069235254252,0.0003572408418802131,0.0002374204513361653,0.10366605166841715
9.372370429986276,0.00010414274931308531,0.0002374204513361653,0.10365631788632698
9.373671626470896,0.00031107033480677615,0.0002374204513361653,0.10364615276431637
9.374972824657082,-0.00020610662220904574,0.0002374204513361653,0.10363555731363726
9.376274024493794,-9.868684707853292e-05,0.0002374204513361653,0.1036245325565364
9.377575225930007,-2.2350491859210453e-05,0.0002374204513361653,0.10361290130662147
9.378876428914683,-0.0004571510952420116,0.0002374204513361653,0.1036006716810107
9.380177633396785,-5.865028026967589e-05,0.0002374204513361653,0.10358890544124613
9.38147883932529,-8.546235113371381e-05,0.0002374204513361653,0.10357723642151045
9.382780046649156,9.523593890244098e-05,0.0002374204513361653,0.10356598048358545
9.384081255317355,-0.00011316723802809459,0.0002374204513361653,0.10355513564355193
9.38538246527885,-9.326264132496209e-05,0.0002374204513361653,0.1035441522049775
9.386683676482612,0.00030742126257027325,0.0002374204513361653,0.10353324455127429
9.387984888877604,0.00031232070657583044,0.0002374204513361653,0.10352304916500972
9.389286102412795,0.00010253403434000441,0.0002374204513361653,0.10351227515476406
9.390587317037154,0.0003615300050781589,0.0002374204513361653,0.10349856343921986
9.39188853269964,0.0003413517227153634,0.0002374204513361653,0.10348450415871063
9.393189749349231,0.00030278718572684937,0.0002374204513361653,0.10347250564415364
9.394490966934884,0.00023671129695837512,0.0002374204513361653,0.10346040049978605
9.395792185405572,0.00017460440376709796,0.0002374204513361653,0.10344805692971379
9.397093404710258,7.076910484959953e-06,0.0002374204513361653,0.10343910165899264
9.398394624797913,-0.00026830127495282297,0.0002374204513361653,0.10342846935018792
9.399695845617497,0.0004508398857670237,0.0002374204513361653,0.10341718286249034
9.400997067117984,0.0005158570917068034,0.0002374204513361653,0.10340514070032454
9.402298289248337,0.0002471446687241641,0.0002374204513361653,0.10339236696928188
9.403599511957527,0.00036790660017202437,0.0002374204513361653,0.10337888566737713
9.404900735194515,0.00017994623121120323,0.0002374204513361653,0.10336515754556756
9.406201958908271,5.470957803649368e-06,0.0002374204513361653,0.10335115123461888
9.407503183047762,-0.00023478037254068274,0.0002374204513361653,0.10333687174329576
9.408804407561956,-0.0002687537304921078,0.0002374204513361653,0.1033223240984761
9.410105632399814,-0.0003283750421533005,0.0002374204513361653,0.10330766430092096
9.41140685751031,-0.00014668312290901098,0.0002374204513361653,0.10329197954187434
9.412708082842407,-0.00011694688887822768,0.0002374204513361653,0.10327677438094306
9.414009308345076,-3.994337973069195e-05,0.0002374204513361653,0.10325992594268973
9.415310533967276,0.00018716873938470768,0.0002374204513361653,0.10324405784009597
9.416611759657982,-0.000136263088392638,0.0002374204513361653,0.10322764734674228
9.417912985366154,0.0001516895940716495,0.0002374204513361653,0.10321081499496802
9.419214211040766,9.986897033112396e-05,0.0002374204513361653,0.10319505374519924
9.420515436630778,8.927817945282579e-05,0.0002374204513361653,0.10318019509766506
9.421816662085162,-3.23232900343029e-05,0.0002374204513361653,0.10316443452655308
9.42311788735288,-0.00048307611595449496,0.0002374204513361653,0.10314738085461417
9.424419112382905,9.007984042724848e-05,0.0002374204513361653,0.10313106442817867
9.425720337124199,-0.0002161665249607453,0.0002374204513361653,0.10311448505556194
9.427021561525732,0.00011679968805662633,0.0002374204513361653,0.10309764705191773
9.428322785536468,0.0004561092652142773,0.0002374204513361653,0.10308079159527804
9.429624009105373,0.0004246036261852243,0.0002374204513361653,0.10306391361629916
9.43092523218142,0.00019802748826325267,0.0002374204513361653,0.10304700812786212
9.432226454713568,-0.00015205543445942493,0.0002374204513361653,0.10302975821169447
9.43352767665079,0.00011818950083640478,0.0002374204513361653,0.10301287593108277
9.43482889794205,4.086961508123488e-05,0.0002374204513361653,0.1029942056808508
9.436130118536315,8.800975120482057e-05,0.0002374204513361653,0.10297616406206556
9.437431338382552,0.0003493031397016483,0.0002374204513361653,0.10295893333188574
9.438732557429729,0.00016038361690752512,0.0002374204513361653,0.10294178179531224
9.44003377562681,0.00021461435802459794,0.0002374204513361653,0.10292572566014
9.441334992922767,0.000218519702895964,0.0002374204513361653,0.10290812661714552
9.442636209266562,-0.00016043807625357176,0.0002374204513361653,0.1028907289670577
9.443937424607164,-0.00016737709088944508,0.0002374204513361653,0.10287319812110385
9.445238638893539,0.00022085068031640898,0.0002374204513361653,0.10285553132658606
9.446539852074654,-3.5090456763919864e-06,0.0002374204513361653,0.10283824501013818
9.447841064099476,1.5436476059754733e-06,0.0002374204513361653,0.1028210248567426
9.449142274916971,0.00019507732985175885,0.0002374204513361653,0.10280207331235355
9.450443484476109,-0.0002307338552451771,0.0002374204513361653,0.10278270188466442
9.451744692725853,-0.00023838945255004462,0.0002374204513361653,0.1027628973380258
9.45304589961517,-6.675562949221003e-05,0.0002374204513361653,0.10274264638883068
9.454347105093033,-3.9110426823765754e-05,0.0002374204513361653,0.10272243992151635
9.4556483091084,-0.0001183041329958362,0.0002374204513361653,0.10270326653979556
9.456949511610244,5.5424784805704896e-05,0.0002374204513361653,0.10268421545001168
9.458250712547526,0.0001693579272408069,0.0002374204513361653,0.10266418198231848
9.459551911869223,0.00026251162600289535,0.0002374204513361653,0.10264381242883533
9.460853109524292,0.00025659373987048373,0.0002374204513361653,0.10262409197657825
9.462154305461706,-0.0001266144570015587,0.0002374204513361653,0.10260419156742129
9.463455499630426,-0.00012684400995797984,0.0002374204513361653,0.10258422863729465
9.464756691979424,8.978831465984716e-05,0.0002374204513361653,0.10256373218544981
9.466057882457664,0.0003205795301800263,0.0002374204513361653,0.10254242861304619
9.467359071014117,0.0005586969281213827,0.0002374204513361653,0.10252100091727126
9.468660257597742,7.405944424111743e-05,0.0002374204513361653,0.10249947412627024
9.469961442157516,2.3589832472081795e-05,0.0002374204513361653,0.10247866497956486
9.471262624642396,9.151922810633761e-05,0.0002374204513361653,0.1024590588795493
9.472563805001357,0.0005387731337768709,0.0002374204513361653,0.10243756711093736
9.473864983183358,0.00035444181006814846,0.0002374204513361653,0.10241629937982523
9.475166159137375,-6.495229234861066e-05,0.0002374204513361653,0.10239524309532308
9.476467332812364,-0.00017685684736190588,0.0002374204513361653,0.10237450279164756
9.477768504157304,-7.577387391904944e-06,0.0002374204513361653,0.1023521423799453
9.47906967312115,0.000371563348494669,0.0002374204513361653,0.10232975769975339
9.48037083965288,-5.048606544653944e-05,0.0002374204513361653,0.10230768202551022
9.48167200370145,-0.0004823687357231321,0.0002374204513361653,0.10228590003734594
9.482973165215835,-0.0001976169125127436,0.0002374204513361653,0.10226468322774243
9.484274324144998,-0.00021588608086817174,0.0002374204513361653,0.10224218618570305
9.485575480437907,0.00010319567256127093,0.0002374204513361653,0.10221863279201325
9.48687663404353,0.00024731026185177696,0.0002374204513361653,0.10219484372025285
9.488177784910832,0.00011891672395659969,0.0002374204513361653,0.10217085187465678
9.48947893298878,-0.0001723200036271022,0.0002374204513361653,0.10214686538513959
9.490780078226342,1.2434331834079715e-05,0.0002374204513361653,0.10212291019299477
9.492081220572482,4.3403875509079315e-05,0.0002374204513361653,0.10210069402560926
9.493382359976172,0.00016818373026225575,0.0002374204513361653,0.10207940326680903
9.494683496386376,-0.00017324394122084086,0.0002374204513361653,0.10205757436584836
9.49598462975206,-0.00023070372167427466,0.0002374204513361653,0.10203469243647478
9.49728576002219,-0.0001898768826469749,0.0002374204513361653,0.1020107901280075
9.498586887145736,0.00011847326114348966,0.0002374204513361653,0.10198643359609882
9.499888011071663,0.00013982290747946435,0.0002374204513361653,0.10196163375543721
9.501189131748937,-0.0001797075073498855,0.0002374204513361653,0.10193730057559863
9.502490249126527,-0.00013190115787600765,0.0002374204513361653,0.10191343773503818
9.503791363153399,1.4306064784669337e-05,0.0002374204513361653,0.10188996302871536
9.50509247377852,-0.0001509231622427859,0.0002374204513361653,0.10186606012361724
9.506393580950856,-0.00017340643107895126,0.0002374204513361653,0.10184173943000975
9.507694684619375,4.925905032540645e-05,0.0002374204513361653,0.10181717862796215
9.508995784733044,-6.81154020368141e-05,0.0002374204513361653,0.10179239441301555
9.510296881240826,-9.769522785110785e-05,0.0002374204513361653,0.10176764638799246
9.511597974091694,-0.00019685381086549658,0.0002374204513361653,0.10174294150398198
9.512899063234611,0.00010818633642339925,0.0002374204513361653,0.10171759132618065
9.514200148618544,-4.248925181968288e-05,0.0002374204513361653,0.10169206181166268
9.515501230192463,-0.00014621934731691433,0.0002374204513361653,0.10166730382252381
9.516802307905328,-1.763484013031502e-05,0.0002374204513361653,0.10164258469449687
9.518103381706114,-0.0006112093344772807,0.0002374204513361653,0.10161802183909392
9.519404451543783,-0.00011116676954690818,0.0002374204513361653,0.1015934291187855
9.520705517367306,0.00041531401524350087,0.0002374204513361653,0.10156882118807825
9.522006579125641,-0.0001322028273833542,0.0002374204513361653,0.10154421598862173
9.523307636767766,-0.0002664612516990045,0.0002374204513361653,0.10152111614891374
9.524608690242639,2.0731979234356324e-05,0.0002374204513361653,0.10149732139502553
9.525909739499232,-2.016576701430184e-05,0.0002374204513361653,0.1014732594200551
9.52721078448651,-8.633218637518758e-05,0.0002374204513361653,0.10144789823654146
9.528511825153442,0.000253816492971945,0.0002374204513361653,0.10142260219234285
9.52981286144899,0.00013297059809769252,0.0002374204513361653,0.10139739686695454
9.531113893322127,-0.00022200974574212995,0.0002374204513361653,0.10137212196273937
9.532414920721813,-0.0002991350994080294,0.0002374204513361653,0.10134623607419314
9.533715943597022,-0.00012076585565487519,0.0002374204513361653,0.10132110821757889
9.535016961896714,-0.00014595190573440942,0.0002374204513361653,0.1012967346638731
9.536317975569862,0.0002902676656589692,0.0002374204513361653,0.10127351727987527
9.537618984565428,0.0001851508798066115,0.0002374204513361653,0.10125143120363525
9.538919988832383,0.0005227653620838435,0.0002374204513361653,0.10122709255080968
9.54022098831969,0.00020527653820802405,0.0002374204513361653,0.10120357047751234
9.541521982976322,-6.586437226739628e-05,0.0002374204513361653,0.10117844508862878
9.542822972751235,0.00018524441061661123,0.0002374204513361653,0.10115328411257497
9.544123957593408,0.00024742474354175203,0.0002374204513361653,0.10113027192091105
9.5454249374518,0.00046664992983909415,0.0002374204513361653,0.1011047884488892
9.546725912275381,0.0001253750354106714,0.0002374204513361653,0.10108023775467782
9.548026882013115,0.00010229533881442321,0.0002374204513361653,0.10105561067504579
9.549327846613973,-9.785776039442085e-05,0.0002374204513361653,0.10103181350819318
9.550628806026918,-6.159062040296537e-05,0.0002374204513361653,0.10100775003730195
9.55192976020092,-6.140769961450465e-05,0.0002374204513361653,0.10098611713668014
9.553230709084943,-0.0002377573151225304,0.0002374204513361653,0.10096290192000215
9.554531652627956,-0.00014525427953329673,0.0002374204513361653,0.10094088743662967
9.555832590778923,-9.90147648942119e-05,0.0002374204513361653,0.10091696059129342
9.557133523486817,-0.00017191323437107386,0.0002374204513361653,0.1008936873194899
9.5584344507006,-0.00012498699910001854,0.0002374204513361653,0.1008702145824748
9.55973537236924,-0.00012351131449984953,0.0002374204513361653,0.10084656222981601
9.561036288441699,-9.876098177015458e-05,0.0002374204513361653,0.10082351215889607
9.56233719886695,-0.0006967347132686708,0.0002374204513361653,0.10080172195809754
9.563638103593961,-0.00043862513719059026,0.0002374204513361653,0.10077958462151702
9.564939002571696,0.00048543468911321774,0.0002374204513361653,0.10075584669930263
9.56623989574912,0.0005890353845343921,0.0002374204513361653,0.1007316489202958
9.567540783075204,0.00039949732901151114,0.0002374204513361653,0.10070703708095818
9.56884166449891,0.00023511324341440876,0.0002374204513361653,0.10068306363504255
9.570142539969211,3.2931611994233e-05,0.0002374204513361653,0.10065973405133394
9.571443409435068,2.700072301470291e-05,0.0002374204513361653,0.10063686959564899
9.57274427284545,0.00019401707365315768,0.0002374204513361653,0.10061443825782233
9.574045130149324,0.00042051831760439584,0.0002374204513361653,0.10059077662344255
9.575345981295659,0.0002536980494406982,0.0002374204513361653,0.10056733448904533
9.576646826233418,0.00017471750650865925,0.0002374204513361653,0.10054342722716784
9.57794766491157,-1.4477287059458388e-05,0.0002374204513361653,0.10052049369363307
9.579248497279083,7.836419591128463e-05,0.0002374204513361653,0.10049727983819982
9.580549323284918,2.2154332680185407e-05,0.0002374204513361653,0.10047409331993838
9.581850142878052,-3.5674071951097286e-05,0.0002374204513361653,0.10045087456378851
9.583150956007442,0.0001463374866437911,0.0002374204513361653,0.10042797108987922
9.584451762622061,0.00020399106134397216,0.0002374204513361653,0.10040713829737856
9.585752562670871,-0.00022707221550929968,0.0002374204513361653,0.10038534765033652
9.587053356102846,-0.00010662216297555038,0.0002374204513361653,0.10036265758961682
9.588354142866946,0.0004186765794630676,0.0002374204513361653,0.10034036955433143
9.58965492291214,9.310831286980792e-05,0.0002374204513361653,0.10031562464073522
9.590955696187395,0.0004790378125253264,0.0002374204513361653,0.10029253681022408
9.59225646264168,0.00041429459613515074,0.0002374204513361653,0.1002698530831163
9.593557222223959,0.00046975187236507343,0.0002374204513361653,0.10024846416610485
9.594857974883201,0.00014969224296144945,0.0002374204513361653,0.10022720097410724
9.596158720568368,0.00010912891800704538,0.0002374204513361653,0.10020608492681661
9.597459459228437,-5.687205659714312e-05,0.0002374204513361653,0.10018453705563882
9.598760190812362,-0.00035193419646199764,0.0002374204513361653,0.10016300180368147
9.60006091526912,-0.00010656538299876062,0.0002374204513361653,0.10014243625714644
9.601361632547672,-0.00016382506274320585,0.0002374204513361653,0.10012228414241343
9.602662342596988,9.375814014553341e-05,0.0002374204513361653,0.10010254125433506
9.603963045366033,-0.00016880541840171015,0.0002374204513361653,0.10008320341151287
9.605263740803775,-0.0003473768622130058,0.0002374204513361653,0.10006564229761179
9.60656442885918,-0.00012506156154609704,0.0002374204513361653,0.10004602580411662
9.607865109481216,-0.0001967343669205951,0.0002374204513361653,0.10002699345428741
9.609165782618849,-3.7991409947563115e-06,0.0002374204513361653,0.10000789340688748
9.610466448221047,-0.00023136700807015187,0.0002374204513361653,0.09999083707945879
9.611767106236773,4.195399646496345e-05,0.0002374204513361653,0.09997292718380993
9.613067756615001,-0.0004460435600340401,0.0002374204513361653,0.09995472034537463
9.61436839930469,-9.615799796063029e-05,0.0002374204513361653,0.0999354162689727
9.615669034254813,8.704704465978264e-05,0.0002374204513361653,0.0999170190566104
9.616969661414332,0.00012185185191357362,0.0002374204513361653,0.09989800881441041
9.618270280732219,3.3531985669840725e-05,0.0002374204513361653,0.09987868615151232
9.619570892157437,-0.00014297178322533743,0.0002374204513361653,0.09986014290310541
9.620871495638953,-0.00025558099760114583,0.0002374204513361653,0.09984157600868865
9.622172091125735,-0.000210243963811238,0.0002374204513361653,0.09982276367873599
9.62347267856675,9.580042617814144e-05,0.0002374204513361653,0.0998045503995651
9.624773257910967,0.0001488082498466159,0.0002374204513361653,0.09978704228730663
9.626073829107348,-0.00017668465832393343,0.0002374204513361653,0.09976959556572182
9.62737439210486,-0.00020230780963104156,0.0002374204513361653,0.09975220136190471
9.628674946852474,-0.000250021450850485,0.0002374204513361653,0.09973485067758933
9.629975493299156,7.131899427478827e-05,0.0002374204513361653,0.09971780626441472
9.63127603139387,0.0004033966052034016,0.0002374204513361653,0.09970169884010074
9.632576561085587,4.34690765950263e-05,0.0002374204513361653,0.09968655404528608
9.63387708232327,0.0002587764840814438,0.0002374204513361653,0.09967184535968819
9.635177595055888,-0.0001940996234647413,0.0002374204513361653,0.09965789557369399
9.636478099232404,-0.0004008602575629461,0.0002374204513361653,0.09964441946953659
9.63777859480179,-0.00011428998696699777,0.0002374204513361653,0.09963165442208358
9.639079081713012,1.2446909355548486e-05,0.0002374204513361653,0.09961834477042256
9.640379559915036,-0.0002471654134609258,0.0002374204513361653,0.09960450173793625
9.641680029356827,-0.00033403661599408496,0.0002374204513361653,0.0995910758810911
9.642980489987355,-8.821976391164277e-05,0.0002374204513361653,0.09957768528500162
9.644280941755584,-0.00010976085366748434,0.0002374204513361653,0.09956526704150125
9.645581384610484,0.00014319633511247765,0.0002374204513361653,0.09955272994415201
9.646881818501019,-0.00026876830096977944,0.0002374204513361653,0.09954008198763213
9.648182243376157,-0.00039535248831591707,0.0002374204513361653,0.09952487167311486
9.649482659184862,2.2930346845806415e-05,0.0002374204513361653,0.09951131350253613
9.650783065876109,9.384910822797521e-05,0.0002374204513361653,0.09949784778603256
9.652083463398855,0.00026290958690962374,0.0002374204513361653,0.0994846417558265
9.653383851702074,-0.00011908300414159578,0.0002374204513361653,0.09947188962864943
9.654684230734727,4.12359114666111e-05,0.0002374204513361653,0.09945959054666931
9.655984600445787,9.56462455737328e-05,0.0002374204513361653,0.0994482914372783
9.657284960784215,-9.266571225477471e-06,0.0002374204513361653,0.09943839493260652
9.658585311698985,-0.0005566162032636934,0.0002374204513361653,0.09942805190162192
9.659885653139057,4.669823196619405e-05,0.0002374204513361653,0.09941729043310835
9.661185985053402,9.25614209948411e-05,0.0002374204513361653,0.09940613834475337
9.662486307390983,0.000639187452279838,0.0002374204513361653,0.09939427653516662
9.66378662010077,0.0024733929780514086,0.0002374204513361653,0.09938315881560836
9.665086923131732,0.002676905116582348,0.0002374204513361653,0.09937255913046328
9.666387216432828,0.0003589845313450024,0.0002374204513361653,0.09936328538701572
9.667687499953033,-0.00013866738471086937,0.0002374204513361653,0.09935464361928528
9.668987773641309,-0.00023488938626217704,0.0002374204513361653,0.09934575228287829
9.670288037446625,0.0002087029189316858,0.0002374204513361653,0.09933631156095091
9.671588291317947,0.00040637677681358564,0.0002374204513361653,0.0993269381456294
9.672888535204244,0.00043433836459554065,0.0002374204513361653,0.09931755624311302
9.67418876905448,0.00037277375860850226,0.0002374204513361653,0.09930950208411089
9.675488992817622,0.00018806343789841418,0.0002374204513361653,0.09930139599983195
9.676789206442638,0.00014194384816069994,0.0002374204513361653,0.09929278328369708
9.678089409878494,5.595115077519641e-05,0.0002374204513361653,0.09928398755072292
9.679389603074158,-0.000155738362878452,0.0002374204513361653,0.09927566999683832
9.680689785978597,3.626698414550822e-05,0.0002374204513361653,0.0992681833592533
9.681989958540775,-0.0001425585015127906,0.0002374204513361653,0.09926046334801118
9.683290120709664,-0.00015357249686046015,0.0002374204513361653,0.0992520363005902
9.684590272434228,0.00017647965114314657,0.0002374204513361653,0.09924242935563349
9.685890413663431,0.000246661398455042,0.0002374204513361653,0.09923598470972898
9.687190544346244,-8.962914405703792e-05,0.0002374204513361653,0.09923018853413325
9.688490664431633,-0.00032838477102781205,0.0002374204513361653,0.09922502332914077
9.689790773868562,-0.00019304576958618924,0.0002374204513361653,0.09921955822972692
9.691090872606003,0.00010590248316305617,0.0002374204513361653,0.09921448020196678
9.692390960592917,0.00016181153581103225,0.0002374204513361653,0.09921050252450009
9.693691037778278,0.00011242688165265247,0.0002374204513361653,0.09920680096743154
9.694991104111045,-4.563766874458863e-05,0.0002374204513361653,0.09920327181874897
9.69629115954019,-0.00021142486249152437,0.0002374204513361653,0.09919939653261399
9.697591204014678,-1.9467793791846932e-05,0.0002374204513361653,0.099195688060678
9.698891237483476,-5.25785558759817e-05,0.0002374204513361653,0.09919193405042642
9.700191259895552,-0.00014615055820453582,0.0002374204513361653,0.09918899853028178
9.701491271199874,7.53841356193885e-05,0.0002374204513361653,0.09918572520858086
9.702791271345403,-0.00047609458732379706,0.0002374204513361653,0.09918354077782711
9.70409126028111,-0.00010170445731837174,0.0002374204513361653,0.09918120194643858
9.705391237955963,-0.00024418582167910763,0.0002374204513361653,0.09917920104349028
9.706691204318929,6.128134916336125e-05,0.0002374204513361653,0.09917754439762232
9.70799115931897,-7.602408152812545e-06,0.0002374204513361653,0.09917623826517272
9.709291102905059,-0.00029180274992626765,0.0002374204513361653,0.0991754741779242
9.710591035026159,-0.00031509970000843934,0.0002374204513361653,0.09917526543093126
9.711890955631238,-7.9182727119112e-05,0.0002374204513361653,0.09917530720239542
9.713190864669262,-8.448185897307059e-05,0.0002374204513361653,0.09917560042627144
9.714490762089198,-0.0002330803068770898,0.0002374204513361653,0.09917582782501624
9.715790647840013,-0.00019723455890070796,0.0002374204513361653,0.09917615432235437
9.717090521870677,-0.000592576571942463,0.0002374204513361653,0.09917713096696507
9.718390384130153,-0.00025898626843925965,0.0002374204513361653,0.09917855898251328
9.719690234567407,-0.00039079570040978506,0.0002374204513361653,0.09917990458738395
9.720990073131409,-5.0425184495439535e-05,0.0002374204513361653,0.09918272015293529
9.722289899771125,-0.0001412785315207804,0.0002374204513361653,0.09918671171275247
9.723589714435523,7.39373094056639e-05,0.0002374204513361653,0.0991911526402539
9.724889517073567,-3.104369719789113e-05,0.0002374204513361653,0.09919382202430256
9.726189307634225,-0.0001295629845692592,0.0002374204513361653,0.09919736013767966
9.727489086066464,-0.000345010628471365,0.0002374204513361653,0.09920028663894598
9.728788852319251,-0.00042096759119529537,0.0002374204513361653,0.09920004848234748
9.730088606341553,0.00019761100580557855,0.0002374204513361653,0.09920163485813391
9.731388348082337,0.00014203768443872555,0.0002374204513361653,0.09920410601603413
9.732688077490572,-2.8759965326016768e-05,0.0002374204513361653,0.09920747766543771
9.733987794515219,0.00020011075525859512,0.0002374204513361653,0.09921176563606374
9.73528749910525,-0.00012096585318716047,0.0002374204513361653,0.09921698587796397
9.736587191209628,0.00019614123591445154,0.0002374204513361653,0.09922270012822532
9.737886870777322,-0.00035083952815141706,0.0002374204513361653,0.0992289069698359
9.739186537757302,-0.00018325725487293443,0.0002374204513361653,0.09923520591706331
9.74048619209853,-0.00024635824880769874,0.0002374204513361653,0.09924161136094709
9.741785833749974,2.3359926205598902e-05,0.0002374204513361653,0.09924851676408922
9.7430854626606,-0.00019610650599753698,0.0002374204513361653,0.09925590886323893
9.744385078779379,8.799986847135566e-06,0.0002374204513361653,0.09926377437431338
9.745684682055273,9.437212026248976e-05,0.0002374204513361653,0.0992722600708095
9.746984272437253,-2.8476477294495095e-05,0.0002374204513361653,0.09928098693550229
9.748283849874282,-0.00010927505647306823,0.0002374204513361653,0.09928975444791482
9.74958341431533,-0.0004213273865606437,0.0002374204513361653,0.09929867086162944
9.75088296570936,-3.287739396048983e-06,0.0002374204513361653,0.09930773754778632
9.752182504005347,0.00022339308822813542,0.0002374204513361653,0.0993164557788716
9.753482029152247,7.407706101843214e-05,0.0002374204513361653,0.09932659438702038
9.754781541099035,-4.501920914606883e-05,0.0002374204513361653,0.09933737507839663
9.756081039794672,-0.00018283767624172054,0.0002374204513361653,0.09934830215565689
9.75738052518813,-0.00010283966675489475,0.0002374204513361653,0.09935938453275323
9.758679997228372,-0.00016930883529010787,0.0002374204513361653,0.09937089749544276
9.759979455864368,2.1074286335576176e-05,0.0002374204513361653,0.09938259283986069
9.761278901045085,0.00015164826281521826,0.0002374204513361653,0.09939445912242711
9.762578332719487,7.130319178066946e-05,0.0002374204513361653,0.09940648480360234
9.76387775083654,0.0003090874134391991,0.0002374204513361653,0.09941945765508968
9.765177155345215,0.00016178175088363278,0.0002374204513361653,0.09943132708626876
9.766476546194475,0.00031026073764328643,0.0002374204513361653,0.09944379064927991
9.76777592333329,5.02254623654802e-05,0.0002374204513361653,0.0994559056343511
9.769075286710624,-0.00027509315430808423,0.0002374204513361653,0.09946799596277843
9.770374636275449,-0.000555804853947725,0.0002374204513361653,0.09948006598634845
9.771673971976725,-0.0001815007339351915,0.0002374204513361653,0.09949132238915995
9.772973293763423,-9.80448640717918e-05,0.0002374204513361653,0.09950411140253922
9.774272601584507,-0.0003195522626835978,0.0002374204513361653,0.09951696600272643
9.775571895388948,-0.0006576693683998242,0.0002374204513361653,0.09953018646242563
9.77687117512571,-0.00041410872302487245,0.0002374204513361653,0.09954375402376874
9.77817044074376,-0.00034864847129470466,0.0002374204513361653,0.09955711003208446
9.779469692192068,-0.00014199606682302468,0.0002374204513361653,0.09957117780188944
9.780768929419596,-0.00027530709622029803,0.0002374204513361653,0.09958650382697197
9.782068152375313,-0.00026101500831859914,0.0002374204513361653,0.09960103383593791
9.783367361008187,8.536265775903329e-05,0.0002374204513361653,0.09961617949960473
9.784666555267185,0.00015584516444096252,0.0002374204513361653,0.09963226768546332
9.785965735101268,0.00019483640374019784,0.0002374204513361653,0.09964925732444521
9.787264900459412,1.848228172680877e-05,0.0002374204513361653,0.09966395748646298
9.788564051290576,-4.4539201698903796e-05,0.0002374204513361653,0.0996787930154852
9.789863187543732,0.0003642986832734646,0.0002374204513361653,0.09969402265972815
9.791162309167847,0.000381938067476148,0.0002374204513361653,0.09970944492211067
9.792461416111882,0.0003351998228141445,0.0002374204513361653,0.09972591321735197
9.79376050832481,0.0003590151715776174,0.0002374204513361653,0.09974200456072123
9.795059585755595,0.00030858084789693596,0.0002374204513361653,0.09975758888875354
9.796358648353205,0.0001603429092265768,0.0002374204513361653,0.0997734263420603
9.797657696066606,-0.0001287997468951696,0.0002374204513361653,0.09978952704621864
9.798956728844766,-0.00016189435174802924,0.0002374204513361653,0.09980630417206354
9.80025574663665,-2.6481876906347956e-05,0.0002374204513361653,0.09982375182693926
9.801554749391224,-0.0003426317892454289,0.0002374204513361653,0.09984089766499843
9.802853737057461,-0.00035332750696313864,0.0002374204513361653,0.09985692198898972
9.804152709584322,6.808339455845192e-05,0.0002374204513361653,0.09987473489378278
9.805451666920776,0.00011283254373094243,0.0002374204513361653,0.09989206994655174
9.806750609015786,-0.00010680593375705927,0.0002374204513361653,0.0999089144953307
9.808049535818325,-0.00034933974445786053,0.0002374204513361653,0.09992513399204948
9.809348447277355,0.00015012294573128748,0.0002374204513361653,0.099943050641613
9.81064734334185,0.0001775863013384893,0.0002374204513361653,0.09996111212660116
9.811946223960767,0.00012797440694284345,0.0002374204513361653,0.09997895384529497
9.81324508908308,0.00010735100314016033,0.0002374204513361653,0.09999654639477423
9.814543938657751,6.747177649707448e-05,0.0002374204513361653,0.10001356211101274
9.81584277263375,-0.00010823033978943353,0.0002374204513361653,0.1000311451876085
9.817141590960047,0.00015212304981870872,0.0002374204513361653,0.10004877902547175
9.818440393585602,0.00013295182852912646,0.0002374204513361653,0.10006648893037903
9.819739180459383,-0.00018369883655887376,0.0002374204513361653,0.10008505859668547
9.821037951530363,-0.00030509899110701955,0.0002374204513361653,0.10010430091956579
9.822336706747501,-0.0005108864095510202,0.0002374204513361653,0.1001242041770516
9.82363544605977,-8.979200255228303e-05,0.0002374204513361653,0.10014300780081628
9.82493416941613,0.0002759572590915471,0.0002374204513361653,0.10016004669515098
9.826232876765557,-3.4514696099691156e-05,0.0002374204513361653,0.1001776320062634
9.827531568057012,0.00028144919884502684,0.0002374204513361653,0.10019554548705852
9.82883024323946,0.00026221778603123524,0.0002374204513361653,0.10021383221454912
9.830128902261873,-0.00015437784367178242,0.0002374204513361653,0.100233295624567
9.831427545073216,-0.0003359930588854587,0.0002374204513361653,0.10025228172722245
9.832726171622454,-0.0004042789510758371,0.0002374204513361653,0.1002714890168705
9.83402478185856,1.7085515375533933e-05,0.0002374204513361653,0.10029060588182383
9.835323375730491,5.7787849216714426e-05,0.0002374204513361653,0.10030983520809393
9.836621953187219,0.00041230081183268874,0.0002374204513361653,0.1003289790102516
9.837920514177712,-9.089525299227352e-05,0.0002374204513361653,0.10034805345913991
9.839219058650936,-0.00021680189535371042,0.0002374204513361653,0.10036707468138507
9.840517586555858,0.0003507164694535603,0.0002374204513361653,0.10038605875939707
9.841816097841445,3.1714004436467214e-06,0.0002374204513361653,0.10040638095879727
9.843114592456661,-1.1967347114491544e-05,0.0002374204513361653,0.10042614330509363
9.844413070350479,9.323707466565856e-05,0.0002374204513361653,0.1004463972338579
9.845711531471858,8.514553506892841e-05,0.0002374204513361653,0.1004654406206369
9.84700997576977,0.00017708061020126065,0.0002374204513361653,0.10048438987786425
9.848308403193181,-4.027766724747084e-05,0.0002374204513361653,0.1005032453248157
9.849606813691059,4.1690715162412406e-05,0.0002374204513361653,0.10052245608441482
9.850905207212369,9.929871246854016e-05,0.0002374204513361653,0.10054219668745987
9.852203583706077,0.00016813195396007952,0.0002374204513361653,0.10056146011222179
9.85350194312115,-0.00016133027449052872,0.0002374204513361653,0.10058026738808387
9.85480028540656,-0.000196138981255492,0.0002374204513361653,0.10059790850604562
9.856098610511268,-0.00018420637890041724,0.0002374204513361653,0.10061611694512952
9.857396918384241,-0.00029412351864889497,0.0002374204513361653,0.10063434252101894
9.85869520897445,-0.00026417897615962915,0.0002374204513361653,0.10065259507371048
9.859993482230857,-0.000213992084807893,0.0002374204513361653,0.10067115833348293
9.861291738102434,-0.00015361194701311864,0.0002374204513361653,0.10069003127018084
9.862589976538143,0.00029797779290589854,0.0002374204513361653,0.10070799857059934
9.863888197486954,-0.00020896650524608595,0.0002374204513361653,0.10072715928046452
9.865186400897832,7.625259978494281e-05,0.0002374204513361653,0.10074668461357968
9.866484586719746,0.0001723114560825828,0.0002374204513361653,0.10076618052492511
9.86778275490166,-0.00015864029006606994,0.0002374204513361653,0.1007851699252638
9.869080905392543,0.00046829081775885684,0.0002374204513361653,0.10080189666630679
9.87037903814136,0.00030857321071905974,0.0002374204513361653,0.10082084267333348
9.871677153097083,0.0005256250149211494,0.0002374204513361653,0.10083827435237643
9.87297525020867,0.0002236527450303477,0.0002374204513361653,0.10085598285336658
9.8742733294251,0.0001681992900303686,0.0002374204513361653,0.10087458759233359
9.875571390695326,0.0004309132647717512,0.0002374204513361653,0.10089169091684327
9.876869433968324,0.0001752661532825467,0.0002374204513361653,0.10090878052089251
9.878167459193058,0.00022188515633177197,0.0002374204513361653,0.1009273924867719
9.879465466318495,0.000281741528436949,0.0002374204513361653,0.10094528470608528
9.880763455293602,6.862120169254249e-05,0.0002374204513361653,0.10096161490184004
9.88206142606735,0.000116643025327684,0.0002374204513361653,0.10097815838579577
9.883359378588695,0.00043302674453347956,0.0002374204513361653,0.10099233200962533
9.884657312806617,0.0005258158727009521,0.0002374204513361653,0.10100841052707303
9.885955228670072,0.00041178252368920254,0.0002374204513361653,0.10102367006355305
9.887253126128034,0.00032939247868865595,0.0002374204513361653,0.10104091263505412
9.888551005129466,-0.0004220780472290325,0.0002374204513361653,0.10105762924973742
9.889848865623337,-2.923632952715749e-05,0.0002374204513361653,0.10107490292626754
9.891146707558612,-0.00012490765836520312,0.0002374204513361653,0.10109272925237613
9.89244453088426,5.764882009477723e-05,0.0002374204513361653,0.10110973365562553
9.893742335549247,0.0003125019485184649,0.0002374204513361653,0.10112518915867644
9.895040121502538,0.0006525624690021659,0.0002374204513361653,0.10113986408825802
9.896337888693102,0.0007005763712542301,0.0002374204513361653,0.10115411295011287
9.897635637069905,0.0003791402865643001,0.0002374204513361653,0.10116895333908739
9.898933366581913,0.0004981326880581921,0.0002374204513361653,0.10118441279445368
9.900231077178097,0.0002708674718238241,0.0002374204513361653,0.10120077434136483
9.901528768807419,0.0003262445656434382,0.0002374204513361653,0.10121635607834999
9.902826441418847,-3.3558404909636574e-05,0.0002374204513361653,0.10123118349860682
9.904124094961348,0.0006417448369722689,0.0002374204513361653,0.10124522383227341
9.905421729383892,8.434607447954656e-05,0.0002374204513361653,0.1012592078361709
9.906719344635443,0.0001932588347096087,0.0002374204513361653,0.10127298099128337
9.908016940664966,0.00016768531673688747,0.0002374204513361653,0.10128704709476967
9.909314517421434,0.0001351556009381305,0.0002374204513361653,0.10130102734572204
9.910612074853805,-5.148132762147761e-05,0.0002374204513361653,0.10131503288791391
9.911909612911051,-6.111000287180313e-05,0.0002374204513361653,0.10132953370783801
9.91320713154214,0.00013419581078003007,0.0002374204513361653,0.10134408645810253
9.91450463069604,0.00028973814928273667,0.0002374204513361653,0.10135830197351879
9.91580211032171,0.00014757787779511033,0.0002374204513361653,0.10136974486493303
9.917099570368126,3.759114094711857e-05,0.0002374204513361653,0.1013822667594582
9.91839701078425,-0.00014663170542419945,0.0002374204513361653,0.10139590939464449
9.91969443151905,-0.00011287344603276572,0.0002374204513361653,0.10140940238804536
9.92099183252149,0.0005238851304225495,0.0002374204513361653,0.101422738936924
9.922289213740546,0.000928748777270616,0.0002374204513361653,0.10143653935227767
9.92358657512517,0.0012402434555606884,0.0002374204513361653,0.10144940964839752
9.924883916624346,0.0007525176934476269,0.0002374204513361653,0.10146197951056184
9.926181238187025,0.0005307783132858929,0.0002374204513361653,0.10147483595196591
9.927478539762184,0.00012290201109176058,0.0002374204513361653,0.10148812542700214
9.928775821298787,-0.00020798696044711795,0.0002374204513361653,0.10150183961267377
9.930073082745801,-0.00028800767156449136,0.0002374204513361653,0.1015169216510123
9.931370324052189,-0.00011627401789507386,0.0002374204513361653,0.1015332894330563
9.932667545166925,0.0001851999822863465,0.0002374204513361653,0.1015449132798456
9.93396474603897,0.00013789034027274216,0.0002374204513361653,0.101556949292208
9.935261926617295,0.00042999543413253793,0.0002374204513361653,0.10156823639356688
9.936559086850863,0.00024255672202729006,0.0002374204513361653,0.1015773433847917
9.937856226688647,0.0004747447058939813,0.0002374204513361653,0.10158813863378868
9.939153346079605,0.0003314070816266973,0.0002374204513361653,0.10159806776715603
9.94045044497271,0.00039654325126571577,0.0002374204513361653,0.10160712428612712
9.941747523316927,0.00031808977082126155,0.0002374204513361653,0.10161368971672824
9.943044581061223,-0.00015270848157164507,0.0002374204513361653,0.10162164448214323
9.944341618154565,-0.00035984038581966804,0.0002374204513361653,0.10162954719368174
9.945638634545922,3.776708031423548e-05,0.0002374204513361653,0.10163850509130665
9.946935630184258,0.0004441294428096515,0.0002374204513361653,0.10164653300756046
9.94823260501854,-0.00012453280378973974,0.0002374204513361653,0.10165447981927053
9.949529558997735,1.6750133813095425e-05,0.0002374204513361653,0.10166268831226268
9.950826492070812,-0.00041028132195994327,0.0002374204513361653,0.10167117389219155
9.952123404186732,-0.00011213048897154576,0.0002374204513361653,0.10167995211824107
9.953420295294471,0.0004907231097300568,0.0002374204513361653,0.10168863742778622
9.95471716534299,0.00013543853386553673,0.0002374204513361653,0.10169734155437861
9.956014014281253,0.0004588013640663968,0.0002374204513361653,0.10170597088594066
9.957310842058236,-0.00022107543071908653,0.0002374204513361653,0.10171451794715283
9.958607648622898,0.0002416104842193484,0.0002374204513361653,0.10172297530344547
9.959904433924208,-0.00010139090563281161,0.0002374204513361653,0.10173133556099642
9.961201197911134,0.00023032001063000296,0.0002374204513361653,0.10173959136673266
9.962497940532641,0.0002503576813361885,0.0002374204513361653,0.10174755552085628
9.9637946617377,0.0005737803748218084,0.0002374204513361653,0.10175522789405941
9.96509136147527,-1.7459592471236185e-06,0.0002374204513361653,0.10176258628543712
9.966388039694325,-0.00018534022514060666,0.0002374204513361653,0.10176927055741056
9.967684696343829,1.8049468909361877e-05,0.0002374204513361653,0.10177527027661357
9.96898133137275,-0.00018335094604883528,0.0002374204513361653,0.1017810336400155
9.970277944730055,9.955722794846578e-05,0.0002374204513361653,0.10178812017109731
9.971574536364708,0.00040492964952668076,0.0002374204513361653,0.10179723205108258
9.972871106225679,3.4207994629928407e-05,0.0002374204513361653,0.10180459741970249
9.974167654261933,-4.3039609453940364e-05,0.0002374204513361653,0.10181038603077226
9.97546418042244,0.00024366650956741953,0.0002374204513361653,0.1018153408235308
9.976760684656162,0.00047760419807198196,0.0002374204513361653,0.10182007407185484
9.978057166912071,0.00016435003469185416,0.0002374204513361653,0.10182473346995002
9.979353627139126,0.000294020193076186,0.0002374204513361653,0.10183001276760276
9.980650065286305,-0.00021446678796291363,0.0002374204513361653,0.10183590070059162
9.981946481302565,0.00013655001987783466,0.0002374204513361653,0.10184122375207483
9.98324287513688,0.0001406227681741562,0.0002374204513361653,0.10184600203206443
9.98453924673821,0.0003409470742865711,0.0002374204513361653,0.10185090667459279
9.985835596055527,0.00020406340892978325,0.0002374204513361653,0.10185591646605932
9.987131923037797,0.00012695483770092109,0.0002374204513361653,0.10185993469462748
9.988428227633987,-0.00032820971312769176,0.0002374204513361653,0.10186224178494752
9.98972450979306,-2.4924310312868236e-07,0.0002374204513361653,0.10186468025711234
9.991020769463988,-0.00024714908467265984,0.0002374204513361653,0.10186754985262286
9.992317006595735,6.430528816009362e-05,0.0002374204513361653,0.10187087766724291
9.99361322113727,0.00021122990992125668,0.0002374204513361653,0.10187865023989036
9.994909413037556,-0.000230503326399234,0.0002374204513361653,0.10188439174100909
9.996205582245565,-9.314906559418357e-05,0.0002374204513361653,0.10188822225967971
9.997501728710258,-0.00016531361703740755,0.0002374204513361653,0.10189054044535781
9.998797852380608,-0.00018878776863531788,0.0002374204513361653,0.10189236913976461
10.000093953205578,-0.00030253291741047517,0.0002374204513361653,0.10189487412991056
10.001390031134134,-4.558935424762989e-05,0.0002374204513361653,0.1018980824811403
10.002686086115249,0.0002729410215881467,0.0002374204513361653,0.10190073230221887
10.00398211809788,0.00048537289181388443,0.0002374204513361653,0.10190335479255656
10.005278127031001,-8.468266026163962e-05,0.0002374204513361653,0.10190504036167172
10.00657411286358,-0.00030942914523804377,0.0002374204513361653,0.10190732798561591
10.007870075544579,-0.00021575991041158926,0.0002374204513361653,0.10191024204967364
10.009166015022966,-0.0003015705644264094,0.0002374204513361653,0.1019130572876819
10.010461931247711,0.0001849341530114068,0.0002374204513361653,0.10191644051435078
10.011757824167777,0.00017389843927675952,0.0002374204513361653,0.10191940964536883
10.013053693732132,4.93048588078443e-05,0.0002374204513361653,0.10192231441159055
10.014349539889745,7.767418222134892e-05,0.0002374204513361653,0.1019249005627085
10.01564536258958,-0.0002977656036354387,0.0002374204513361653,0.1019275714119208
10.016941161780606,-6.14808752696927e-05,0.0002374204513361653,0.10193032547203373
10.018236937411787,0.00011528078258896124,0.0002374204513361653,0.10193271270838403
10.019532689432094,-0.0001540193752809088,0.0002374204513361653,0.1019347144312087
10.02082841779049,0.00012492586423203111,0.0002374204513361653,0.10193770313481552
10.022124122435944,0.00019133234900389762,0.0002374204513361653,0.10194142279578591
10.023419803317422,-6.928619349563792e-05,0.0002374204513361653,0.10194510584528382
10.024715460383891,0.00013179861667589332,0.0002374204513361653,0.10194705975530662
10.026011093584318,0.00039051319526041406,0.0002374204513361653,0.1019479372699583
10.027306702867671,0.00013062601587494893,0.0002374204513361653,0.10194890233994319
10.028602288182915,-2.4875996992385074e-05,0.0002374204513361653,0.10195006314496975
10.029897849479015,0.0003159908701465125,0.0002374204513361653,0.1019521116346136
10.031193386704944,4.176661655931613e-05,0.0002374204513361653,0.10195462851358686
10.032488899809664,-0.00044355893239146627,0.0002374204513361653,0.10195587327159399
10.033784388742143,-0.0002513772531587133,0.0002374204513361653,0.10195649221813659
10.035079853451348,-0.0002754490459839498,0.0002374204513361653,0.10195772275382689
10.036375293886246,-0.00017640230407818536,0.0002374204513361653,0.10195909679917711
10.037670709995805,-0.00011894721835346844,0.0002374204513361653,0.1019606136278298
10.038966101728992,0.00012552313227853773,0.0002374204513361653,0.10196227262627282
10.040261469034768,6.61437138646942e-05,0.0002374204513361653,0.10196407329384218
10.041556811862105,0.00016263251515534483,0.0002374204513361653,0.10196601524271866
10.04285213015997,-0.00029540254717497216,0.0002374204513361653,0.10196801882019066
10.04414742387733,0.0001760437114532304,0.0002374204513361653,0.10196989891680353
10.04544269296315,-9.285604445989637e-05,0.0002374204513361653,0.10197106299115061
10.0467379373664,8.18643312411188e-05,0.0002374204513361653,0.10197143707731414
10.04803315703604,0.0003042003578965641,0.0002374204513361653,0.10197186401102779
10.049328351921044,0.00015178304920000774,0.0002374204513361653,0.10197264154077565
10.050623521970374,8.798925866826401e-05,0.0002374204513361653,0.10197279417379519
10.051918667133004,0.00016141544722758638,0.0002374204513361653,0.1019722954576952
10.053213787357892,-0.000187804800392391,0.0002374204513361653,0.10197111880848186
10.05450888259401,-2.7603485241542436e-05,0.0002374204513361653,0.10196887020064593
10.055803952790324,-0.00029974430006235453,0.0002374204513361653,0.10196867729794326
10.0570989978958,0.00029294413043549905,0.0002374204513361653,0.10196771208740496
10.058394017859406,0.0004069071706195443,0.0002374204513361653,0.10196762493477098
10.059689012630107,-0.00023656671715294175,0.0002374204513361653,0.10196729206500364
10.060983982156873,-6.222371920221181e-05,0.0002374204513361653,0.1019667189125942
10.062278926388668,-1.5896458168990213e-05,0.0002374204513361653,0.10196747127207091
10.063573845274458,-4.4895026279509476e-05,0.0002374204513361653,0.10196675912568233
10.064868738763215,-0.00026119653583013547,0.0002374204513361653,0.10196594900858996
10.0661636068039,-0.00019694603626167762,0.0002374204513361653,0.1019650407427929
10.067458449345484,1.3127777388419193e-05,0.0002374204513361653,0.10196403416083753
10.068753266336934,-0.00021757268868867474,0.0002374204513361653,0.1019629291058214
10.070048057727211,-6.63892187961479e-05,0.0002374204513361653,0.10196214044407662
10.071342823465288,0.00012388727209879102,0.0002374204513361653,0.10196172067124872
10.07263756350013,-0.0001664486492341105,0.0002374204513361653,0.1019611267628545
10.073932277780703,-0.0001521162780506874,0.0002374204513361653,0.1019603333865232
10.075226966255974,-8.401788601157534e-05,0.0002374204513361653,0.10195933442508491
10.076521628874914,-9.257212679969484e-05,0.0002374204513361653,0.10195939077418369
10.077816265586483,0.00018523077440715796,0.0002374204513361653,0.10195923794460723
10.07911087633965,-0.00018160748752334144,0.0002374204513361653,0.10195924113964704
10.080405461083386,-4.9272579581469134e-05,0.0002374204513361653,0.10195871751483845
10.081700019766652,0.00014038699974633362,0.0002374204513361653,0.10195769917423032
10.08299455233842,-6.414584797101441e-05,0.0002374204513361653,0.10195658902758117
10.084289058747652,4.5011368689465425e-05,0.0002374204513361653,0.10195464924228698
10.08558353894332,-7.063117901207061e-05,0.0002374204513361653,0.1019528086805915
10.086877992874387,-0.00031056424636112523,0.0002374204513361653,0.10195111071410491
10.088172420489819,-9.805141364754855e-05,0.0002374204513361653,0.10194982019374721
10.089466821738588,1.9678960461025352e-05,0.0002374204513361653,0.10194834366442812
10.090761196569657,-0.0001720150921152297,0.0002374204513361653,0.10194668700755065
10.092055544931995,1.0696201625456925e-05,0.0002374204513361653,0.10194501158118725
10.093349866774567,0.0004511009488274431,0.0002374204513361653,0.1019433170482364
10.09464416204634,0.00045592665926426357,0.0002374204513361653,0.10194077171610903
10.095938430696279,-0.0009117313730662435,0.0002374204513361653,0.10193805862325263
10.097232672673357,-0.00018888362978025652,0.0002374204513361653,0.1019366662593799
10.098526887926532,-0.00033363733246273564,0.0002374204513361653,0.10193581555683638
10.099821076404782,8.22864211345864e-06,0.0002374204513361653,0.10193552234294725
10.10111523805706,0.00042729831339403945,0.0002374204513361653,0.10193517433200602
10.102409372832348,0.00011457236467357634,0.0002374204513361653,0.10193453730632489
10.1037034806796,1.9198962110819617e-05,0.0002374204513361653,0.1019336238354791
10.104997561547792,0.00027947589517261784,0.0002374204513361653,0.10193218972560655
10.106291615385885,0.00021660746728791036,0.0002374204513361653,0.10193096126864462
10.10758564214285,-7.090589843436468e-05,0.0002374204513361653,0.1019290296480259
10.108879641767649,-2.7225742689138133e-05,0.0002374204513361653,0.10192640363474906
10.110173614209254,0.00019022239773303085,0.0002374204513361653,0.10192274839473078
10.111467559416626,0.00011665990861244036,0.0002374204513361653,0.10192020247468488
10.112761477338742,0.00044508768405621124,0.0002374204513361653,0.10191879412813488
10.114055367924555,0.00024713661288708333,0.0002374204513361653,0.10191675452240512
10.115349231123043,0.00014375879554301418,0.0002374204513361653,0.1019154833542439
10.116643066883166,0.0003174003713507789,0.0002374204513361653,0.10191220302323964
10.117936875153898,-8.88012722131959e-06,0.0002374204513361653,0.10191238645192792
10.119230655884198,0.00035547687372088077,0.0002374204513361653,0.10191349357039862
10.120524409023039,0.000555972058641302,0.0002374204513361653,0.1019131951523415
10.121818134519383,0.0004902128681061046,0.0002374204513361653,0.10191218180480133
10.1231118323222,0.0003852503710811833,0.0002374204513361653,0.10190885396179102
10.124405502380457,0.0004606184080971354,0.0002374204513361653,0.1019061483503017
10.125699144643118,-0.0001139461911309203,0.0002374204513361653,0.1019052689747179
10.126992759059155,2.1891023491510397e-05,0.0002374204513361653,0.10190400812116539
10.12828634557753,-8.551832387670988e-05,0.0002374204513361653,0.10190182439987913
10.12957990414721,4.369798553062465e-05,0.0002374204513361653,0.10189834676771962
10.130338571441305,0.00010341155074782005,0.0002374204513361653,0.10189460403989918
10.131639279731125,9.657071674075424e-05,0.0002374204513361653,0.1018909076325619
10.132939985365033,-8.76700409855602e-05,0.0002374204513361653,0.10188747052738384
10.134240688347644,-0.00026190582395664574,0.0002374204513361653,0.10188396588187928
10.135541388683574,-0.0005615570622689997,0.0002374204513361653,0.10188037371345086
10.136842086377435,-0.0003852848318126739,0.0002374204513361653,0.1018767147553553
10.138142781433844,0.000424030575631118,0.0002374204513361653,0.10187330172071032
10.13944347385742,-8.441600289654794e-05,0.0002374204513361653,0.1018697858392165
10.140744163652773,-3.245813075981874e-05,0.0002374204513361653,0.10186616246955704
10.14204485082452,8.386502120950878e-05,0.0002374204513361653,0.10186242695008815
10.143345535377279,2.7735070078749313e-05,0.0002374204513361653,0.10185857459883679
10.14464621731566,-0.0001771369892467206,0.0002374204513361653,0.10185460071350017
10.14594689664428,0.00018820767299936036,0.0002374204513361653,0.10185123986856927
10.147247573367757,0.00016159389989309214,0.0002374204513361653,0.10184917802765277
10.148548247490705,6.0226208246819124e-05,0.0002374204513361653,0.10184661632294124
10.149848919017737,-0.00015377540235027298,0.0002374204513361653,0.10184366849797326
10.151149587953471,-0.00013303854553287087,0.0002374204513361653,0.10184039748325827
10.15245025430252,0.00010199012482212111,0.0002374204513361653,0.10183848086596263
10.153750918069504,0.0005393576339266792,0.0002374204513361653,0.10183401957307898
10.15505157925903,0.00015479191959560934,0.0002374204513361653,0.1018288937047033
10.156352237875721,-3.1642932208503227e-06,0.0002374204513361653,0.10182418557988988
10.157652893924187,-0.0006798900065400904,0.0002374204513361653,0.10182016020953184
10.158953547409046,-0.00041205005657109217,0.0002374204513361653,0.10181740294798416
10.160254198334911,-0.00015442797651926687,0.0002374204513361653,0.101813380570531
10.161554846706402,-0.0001046898684304437,0.0002374204513361653,0.10181004033252113
10.16285549252813,0.0002476594445052632,0.0002374204513361653,0.10180625872867005
10.164156135804712,0.00011679923671970016,0.0002374204513361653,0.1018033315791781
10.165456776540761,-0.00014821199154635423,0.0002374204513361653,0.1017994027090258
10.166757414740896,-4.397922180660041e-05,0.0002374204513361653,0.101794755599643
10.168058050409726,0.00038109631978826275,0.0002374204513361653,0.10179043075112112
10.169358683551875,0.0002799477542688722,0.0002374204513361653,0.10178599477850066
10.170659314171951,8.276953458220826e-05,0.0002374204513361653,0.10178186919348244
10.171959942274574,0.00015203574030117628,0.0002374204513361653,0.10177684071429337
10.173260567864354,0.00035139832813874117,0.0002374204513361653,0.10177275510304083
10.17456119094591,-9.041579786163434e-05,0.0002374204513361653,0.10176769444849051
10.175861811523859,0.00018768528343134083,0.0002374204513361653,0.10176345499746738
10.177162429602811,1.7144031535784587e-05,0.0002374204513361653,0.10175897620571647
10.178463045187385,4.030321881209886e-05,0.0002374204513361653,0.10175427758549922
10.179763658282194,0.00021317371978266109,0.0002374204513361653,0.10174943205699274
10.181064268891857,1.786595149179393e-05,0.0002374204513361653,0.10174441126225524
10.182364877020985,0.0001758484836301144,0.0002374204513361653,0.10173947997655039
10.183665482674197,-0.00013557605523810412,0.0002374204513361653,0.1017353453999289
10.184966085856102,-0.0003636799762931353,0.0002374204513361653,0.10173117256438699
10.186266686571322,-0.0005095398699255238,0.0002374204513361653,0.10172806419833005
10.187567284824471,-0.0006529214413536627,0.0002374204513361653,0.10172384830974533
10.188867880620162,-0.00036862138373366937,0.0002374204513361653,0.10172107319974062
10.190168473963011,-0.00016238022456846468,0.0002374204513361653,0.10171744902647761
10.191469064857634,-0.00013568177482835286,0.0002374204513361653,0.10171300210014789
10.192769653308643,-0.00021607443833975004,0.0002374204513361653,0.10170872331102519
10.19407023932066,-0.00042064195176585994,0.0002374204513361653,0.10170460017579512
10.195370822898294,-0.00044360273926259686,0.0002374204513361653,0.10169949201125025
10.196671404046162,-0.00016177213313378624,0.0002374204513361653,0.1016941572099864
10.19797198276888,6.208956241111896e-05,0.0002374204513361653,0.10168760365850994
10.199272559071064,3.06333623152355e-05,0.0002374204513361653,0.10168214230024689
10.200573132957327,8.603152160800709e-05,0.0002374204513361653,0.10167652517071028
10.201873704432284,0.0001305442767529641,0.0002374204513361653,0.10167148746551945
10.203174273500554,0.00018354890886788933,0.0002374204513361653,0.101666804960254
10.204474840166748,-4.1934078249927786e-05,0.0002374204513361653,0.10166486281584064
10.205775404435487,-0.0003399236232442676,0.0002374204513361653,0.10166124843793137
10.207075966311379,-0.00035150591733427994,0.0002374204513361653,0.10165644144637953
10.208376525799043,-0.00033123916944825804,0.0002374204513361653,0.1016523964525923
10.209677082903093,-0.00020533108020145963,0.0002374204513361653,0.10164726819700871
10.210977637628147,-9.333828144796052e-05,0.0002374204513361653,0.1016430285473569
10.212278189978816,-0.0001233890035201718,0.0002374204513361653,0.10163891091263846
10.21357873995972,-0.00020602475319066171,0.0002374204513361653,0.10163429513169846
10.21487928757547,0.00017731227583919762,0.0002374204513361653,0.1016297177978932
10.216179832830685,0.00016155954538306372,0.0002374204513361653,0.1016251720971806
10.217480375729975,-0.0002491883704664466,0.0002374204513361653,0.1016206512212482
10.218780916277963,-0.00019993966238553151,0.0002374204513361653,0.10161614836751447
10.220081454479255,0.0002572527439438643,0.0002374204513361653,0.10161140853705354
10.221381990338475,0.00016720816451139264,0.0002374204513361653,0.10160641532331058
10.222682523860232,0.00037157303408937026,0.0002374204513361653,0.10160161886244377
10.223983055049144,0.00017566445621590432,0.0002374204513361653,0.10159702068668801
10.225283583909826,-6.439432524733835e-05,0.0002374204513361653,0.10159262239972208
10.226584110446892,-0.00030924284545610914,0.0002374204513361653,0.10158934450217054
10.22788463466496,-7.902721933025769e-05,0.0002374204513361653,0.10158491138735873
10.229185156568642,0.00028565600146035486,0.0002374204513361653,0.101580831686471
10.230485676162555,0.0003803136386270334,0.0002374204513361653,0.1015757445788399
10.231786193451313,0.00023563255505240632,0.0002374204513361653,0.1015712362271062
10.233086708439536,3.31270882315271e-05,0.0002374204513361653,0.10156704608821311
10.234387221131833,-6.642957888640388e-05,0.0002374204513361653,0.10156202506384435
10.235687731532822,-2.4594652806214645e-05,0.0002374204513361653,0.1015575312653301
10.236988239647117,-7.397134603032152e-05,0.0002374204513361653,0.10155277720145608
10.238288745479334,0.00013452018242213204,0.0002374204513361653,0.10154781278116207
10.23958924903409,-7.457846151985581e-05,0.0002374204513361653,0.10154301019729212
10.240889750315997,-0.0002951787732473621,0.0002374204513361653,0.10153875299599327
10.242190249329672,-0.00028057557566611713,0.0002374204513361653,0.10153460047356203
10.24349074607973,-0.00029424837374741886,0.0002374204513361653,0.10153033146048573
10.244791240570787,0.0003852822392671068,0.0002374204513361653,0.10152593293591544
10.246091732807459,-8.384115611510812e-05,0.0002374204513361653,0.10152244999803502
10.247392222794357,-0.00015189286737517238,0.0002374204513361653,0.10151906885813879
10.248692710536101,0.00015414236875135878,0.0002374204513361653,0.10151578505257736
10.249993196037305,-4.35165597877929e-05,0.0002374204513361653,0.101512614334997
10.251293679302583,0.0001032598041178362,0.0002374204513361653,0.10150955305558733
10.25259416033655,-0.00010807321267805592,0.0002374204513361653,0.10150488275420323
10.253894639143823,1.0937417502923652e-05,0.0002374204513361653,0.10150127307853257
10.255195115729016,0.00019116950261896526,0.0002374204513361653,0.10149751657478517
10.256495590096744,0.00011646010850367705,0.0002374204513361653,0.1014935251587343
10.257796062251623,-1.4934123207743788e-05,0.0002374204513361653,0.10148913789353835
10.259096532198269,0.00012742214861918844,0.0002374204513361653,0.10148434273186899
10.260396999941294,0.0002504057307253643,0.0002374204513361653,0.10147765535792937
10.26169746548532,6.89044999414995e-05,0.0002374204513361653,0.10146900643529505
10.262997928834952,-0.0002364281989325756,0.0002374204513361653,0.1014645120330923
10.264298389994815,-0.00029558357079749464,0.0002374204513361653,0.10145914024864375
10.26559884896952,2.3617044947049637e-06,0.0002374204513361653,0.10145627828046143
10.26689930576368,0.0001076684719719112,0.0002374204513361653,0.10145216092126455
10.268199760381917,-1.0249816724483551e-05,0.0002374204513361653,0.10144918528103691
10.269500212828838,-0.00011679390246081833,0.0002374204513361653,0.1014455118307083
10.270800663109062,-0.00019708224091331827,0.0002374204513361653,0.10144160644432494
10.272101111227208,0.00209355206150752,0.0002374204513361653,0.10143914747281502
10.273401557187885,0.001305596379292867,0.0002374204513361653,0.10143731519311308
10.274702000995713,1.5378337241064854e-05,0.0002374204513361653,0.1014355558995062
10.276002442655304,3.404727410721842e-05,0.0002374204513361653,0.1014323670154423
10.277302882171274,-0.00018385451515604,0.0002374204513361653,0.10143010481570489
10.278603319548239,-0.0001645106623491266,0.0002374204513361653,0.10142764764481066
10.279903754790814,-0.00045364098741924874,0.0002374204513361653,0.10142500707009953
10.281204187903613,-0.000277953619348445,0.0002374204513361653,0.10142219458305951
10.282504618891254,-0.0005902807932855886,0.0002374204513361653,0.10141922159932966
10.283805047758351,-0.0007241289556248198,0.0002374204513361653,0.10141806101692309
10.285105474509518,-0.00045565812588219123,0.0002374204513361653,0.10141557501887707
10.286405899149372,-0.00037199436346270487,0.0002374204513361653,0.10141274694890587
10.287706321682526,-0.00016552412062473265,0.0002374204513361653,0.10141000463349178
10.289006742113598,-0.00021940607664099054,0.0002374204513361653,0.10140734049276935
10.290307160447203,-0.0004828670288209991,0.0002374204513361653,0.10140609764010865
10.291607576687952,-0.0004062962034158957,0.0002374204513361653,0.10140299854671761
10.292907990840463,-5.327654758660594e-05,0.0002374204513361653,0.10140000330459502
10.294208402909355,-1.1964611014159132e-05,0.0002374204513361653,0.10139711776156311
10.295508812899238,0.0002006069997895904,0.0002374204513361653,0.10139649674188825
10.296809220814728,0.00029153672373247175,0.0002374204513361653,0.10139370580898367
10.298109626660443,-0.00016157828289643794,0.0002374204513361653,0.10139278223489767
10.299410030440997,-0.00015633515776930507,0.0002374204513361653,0.10139122361069655
10.300710432161004,0.0004120839481478594,0.0002374204513361653,0.10138845733233563
10.302010831825081,-5.9514698646762065e-05,0.0002374204513361653,0.10138369790792753
10.30331122943784,0.0001970875141428241,0.0002374204513361653,0.10138195766743867
10.3046116250039,0.00028562902296433434,0.0002374204513361653,0.10137964201032523
10.305912018527874,9.450974370162069e-05,0.0002374204513361653,0.10137961602506079
10.30721241001438,0.0003065368407858121,0.0002374204513361653,0.10138043053963136
10.30851279946803,0.00032671360470157285,0.0002374204513361653,0.10137996873779732
10.30981318689344,-9.083286453781536e-05,0.0002374204513361653,0.10137916687619974
10.311113572295227,-0.00022165603902150888,0.0002374204513361653,0.10137584104604436
10.312413955678002,-0.00038366323434613214,0.0002374204513361653,0.101372818649666
10.313714337046386,-0.000237848690440301,0.0002374204513361653,0.10137039242759095
10.31501471640499,-0.0002393796853095015,0.0002374204513361653,0.10136769922406012
10.316315093758433,-0.00025385856918569427,0.0002374204513361653,0.1013647219529412
10.317615469111328,-0.0005622742099912897,0.0002374204513361653,0.10136196955896151
10.318915842468288,-0.0002096574503888532,0.0002374204513361653,0.10135964724339366
10.32021621383393,-6.600213076601857e-05,0.0002374204513361653,0.10135776597277135
10.32151658321287,0.00013905022680778256,0.0002374204513361653,0.10135628307029135
10.322816950609726,-0.00014060594250032976,0.0002374204513361653,0.10135560073528267
10.324117316029108,-0.0002732012647838622,0.0002374204513361653,0.1013504268564833
10.325417679475635,-0.00020627069852111046,0.0002374204513361653,0.10134629711973563
10.326718040953917,-0.0001881905293920627,0.0002374204513361653,0.10134356681560136
10.328018400468576,-0.00018855616797586183,0.0002374204513361653,0.10134105758250667
10.329318758024224,-0.00036637721715433724,0.0002374204513361653,0.10133874324616274
10.330619113625476,-0.00032359008411060597,0.0002374204513361653,0.10133661203461598
10.331919467276945,-0.00015723096415351523,0.0002374204513361653,0.10133409431982944
10.333219818983252,-0.00016388132853516202,0.0002374204513361653,0.10133317155984803
10.334520168749009,-9.43121611630543e-05,0.0002374204513361653,0.10133331091336703
10.33582051657883,-9.48856193387776e-05,0.0002374204513361653,0.1013357454718112
10.337120862477331,5.355876418712546e-05,0.0002374204513361653,0.10134076841300375
10.33842120644913,-0.00025547315935758874,0.0002374204513361653,0.10134455022994884
10.33972154849884,-0.00018717527055997496,0.0002374204513361653,0.10134713127817502
10.341021888631074,-0.00021801662430398494,0.0002374204513361653,0.10134825042447076
10.34232222685045,0.0001590429646858016,0.0002374204513361653,0.10134860676607389
10.343622563161585,2.594942002642764e-05,0.0002374204513361653,0.10134790264002998
10.344922897569091,-4.46305012865994e-05,0.0002374204513361653,0.10134611296420855
10.346223230077586,-0.00020642938249090803,0.0002374204513361653,0.1013447310531881
10.34752356069168,-1.8879968249660428e-05,0.0002374204513361653,0.10134373390027054
10.348823889415993,-5.401379026477582e-05,0.0002374204513361653,0.10134108052011498
10.350124216255141,4.987480456940252e-05,0.0002374204513361653,0.1013385024606294
10.351424541213735,-0.00036120943943715456,0.0002374204513361653,0.10133473803040242
10.352724864296393,-0.0001415929426331064,0.0002374204513361653,0.10133017788235098
10.354025185507732,-0.0003528838332642198,0.0002374204513361653,0.10132479304505712
10.355325504852363,-5.811337459685206e-05,0.0002374204513361653,0.10132112053479748
10.356625822334903,0.00013793466372105656,0.0002374204513361653,0.10131874942558529
10.357926137959968,3.66251873337442e-05,0.0002374204513361653,0.10131664237651536
10.359226451732171,-0.00018151750191816585,0.0002374204513361653,0.1013141610556465
10.36052676365613,-0.00011347356190788416,0.0002374204513361653,0.10131053978339039
10.361827073736462,-0.00017827387269921113,0.0002374204513361653,0.10130701317493064
10.363127381977776,-7.826956674582275e-05,0.0002374204513361653,0.10130410349983793
10.364427688384692,8.817005951806955e-05,0.0002374204513361653,0.10130090056437857
10.365727992961824,6.692019846706032e-05,0.0002374204513361653,0.1012974054249281
10.367028295713787,2.7930992634206397e-05,0.0002374204513361653,0.1012938793500399
10.368328596645197,-6.026082661601817e-05,0.0002374204513361653,0.10129031284362609
10.369628895760668,-0.0005720648255401195,0.0002374204513361653,0.10128695670320575
10.370929193064816,-0.0003414160142265199,0.0002374204513361653,0.10128421860466881
10.372229488562256,-0.00018646357331356112,0.0002374204513361653,0.10128170511548158
10.373529782257604,-0.00036451239748416797,0.0002374204513361653,0.10127791776669158
10.374830074155476,-8.07706378526396e-05,0.0002374204513361653,0.10127439244537823
10.376130364260481,-0.00012393702973992338,0.0002374204513361653,0.10127140604289298
10.377430652577242,-0.0001555546140063757,0.0002374204513361653,0.10126891700210934
10.378730939110373,-8.109429627561893e-05,0.0002374204513361653,0.10126610770447611
10.380031223864487,5.819099923788651e-05,0.0002374204513361653,0.10126286285491062
10.3813315068442,0.00013553428164216064,0.0002374204513361653,0.1012595726068779
10.382631788054125,0.00014470282956756397,0.0002374204513361653,0.10125623304260103
10.38393206749888,0.00036834791193153527,0.0002374204513361653,0.10125284021142611
10.38523234518308,0.0003309834743134704,0.0002374204513361653,0.10125162528629165
10.386532621111341,0.00015476273683447117,0.0002374204513361653,0.10124968378527768
10.387832895288277,3.270488232744173e-05,0.0002374204513361653,0.1012482201858486
10.389133167718501,0.00016070605200745047,0.0002374204513361653,0.10124758878610177
10.390433438406632,6.094980379878212e-05,0.0002374204513361653,0.10124632148231763
10.391733707357284,-0.0002488004192273824,0.0002374204513361653,0.10124442627062856
10.393033974575072,-3.4585530801128916e-05,0.0002374204513361653,0.10124059108625424
10.39433424006461,8.216965902524409e-05,0.0002374204513361653,0.10123840463162279
10.395634503830516,-0.00011475004260212696,0.0002374204513361653,0.1012363697512741
10.396934765877402,-0.00014857212803356945,0.0002374204513361653,0.10123448369746908
10.398235026209887,-0.00021378462679372268,0.0002374204513361653,0.101232778657571
10.399535284832583,-8.28510524034376e-05,0.0002374204513361653,0.10123125054017683
10.400835541750109,-1.440826178389365e-05,0.0002374204513361653,0.10122989528576266
10.402135796967075,1.1730398494683159e-05,0.0002374204513361653,0.10122798605489135
10.4034360504881,0.00042641979537452745,0.0002374204513361653,0.10122575634083614
10.404736302317797,0.0006705206424405252,0.0002374204513361653,0.10122359704043044
10.406036552460783,0.0007781863573237124,0.0002374204513361653,0.10122150765021759
10.407336800921673,0.0006762348613791325,0.0002374204513361653,0.1012181699406928
10.408637047705081,0.0006652433515825368,0.0002374204513361653,0.10121494383554913
10.409937292815625,0.0009886143952856918,0.0002374204513361653,0.10121166172525342
10.411237536257918,0.0006718004909842534,0.0002374204513361653,0.10120903479517689
10.412537778036574,0.00044962500790581006,0.0002374204513361653,0.1012076420217241
10.413838018156213,0.0004914401475673985,0.0002374204513361653,0.10120644942958333
10.415138256621447,0.00012741164515603365,0.0002374204513361653,0.10120696530200904
10.416438493436889,-0.00015493041027303533,0.0002374204513361653,0.10120645806046724
10.417738728607157,0.00038332327023933577,0.0002374204513361653,0.10120497292504789
10.419038962136867,-8.308650100959103e-05,0.0002374204513361653,0.1012030946364148
10.420339194030632,-8.728452122755415e-05,0.0002374204513361653,0.10120115873728257
10.421639424293069,0.00020551532224373503,0.0002374204513361653,0.10119998173990628
10.422939652928791,0.0005564268595189131,0.0002374204513361653,0.10119938550585375
10.424239879942418,0.0011486933114073922,0.0002374204513361653,0.1011993105109544
10.42554010533856,0.0009043799552162501,0.0002374204513361653,0.10119877405708115
10.426840329121834,0.0006151684411001973,0.0002374204513361653,0.10119800339614592
10.428140551296856,0.0003357296634410589,0.0002374204513361653,0.10119698213008288
10.429440771868242,-2.8826693042494078e-05,0.0002374204513361653,0.10119569377269909
10.430740990840606,-0.00040982513971686563,0.0002374204513361653,0.10119289507976363
10.432041208218562,-0.00015238594860148003,0.0002374204513361653,0.10119128112839908
10.433341424006727,-0.00029934561121640335,0.0002374204513361653,0.1011908261074582
10.434641638209715,-0.00013139926939115254,0.0002374204513361653,0.10119067720307486
10.435941850832144,-3.38206878573305e-05,0.0002374204513361653,0.10118898313916284
10.437242061878626,-0.00022165042530157553,0.0002374204513361653,0.10118768236539862
10.438542271353779,-0.00035511796325002343,0.0002374204513361653,0.10118611811903006
10.439842479262214,-0.0003238097407661372,0.0002374204513361653,0.10118495889110246
10.44114268560855,-7.061520403792154e-05,0.0002374204513361653,0.10118353989124584
10.442442890397404,-0.00021546367689899426,0.0002374204513361653,0.1011819909320276
10.443743093633385,0.00028874470502955607,0.0002374204513361653,0.10118029968905269
10.445043295321113,0.00028050702752006884,0.0002374204513361653,0.1011788267673656
10.446343495465202,9.938523776549524e-05,0.0002374204513361653,0.10117572265549617
10.447643694070269,-3.70596934374523e-05,0.0002374204513361653,0.10117370486729417
10.448943891140924,-0.0003299023323218714,0.0002374204513361653,0.10116899559476998
10.450244086681789,-0.00011042343660666587,0.0002374204513361653,0.10116434596149282
10.451544280697473,-5.726837240399574e-05,0.0002374204513361653,0.10116364031878305
10.452844473192597,4.465838793067667e-05,0.0002374204513361653,0.10116067253948863
10.454144664171771,-9.241093933611e-05,0.0002374204513361653,0.10115851169629524
10.455444853639614,-0.0003442404560856094,0.0002374204513361653,0.10115603236232207
10.45674504160074,-3.68628124407383e-05,0.0002374204513361653,0.10115197514513777
10.458045228059763,0.00019057436864286514,0.0002374204513361653,0.10114868093699053
10.4593454130213,-1.7111477896958327e-05,0.0002374204513361653,0.10114727317303603
10.460645596489965,-0.0003994236336730822,0.0002374204513361653,0.10114677465831538
10.461945778470374,-2.5997747489819867e-05,0.0002374204513361653,0.10114616204293064
10.463245958967144,-0.0003389662966460094,0.0002374204513361653,0.10114500987685221
10.464546137984888,-0.000230813055766943,0.0002374204513361653,0.10114415099394607
10.465846315528221,0.0001556609146310256,0.0002374204513361653,0.10114388264071977
10.467146491601758,-0.00016928933477393382,0.0002374204513361653,0.10114443071787
10.468446666210117,-0.0005235251932641932,0.0002374204513361653,0.10114466969781746
10.46974683935791,-0.0002876265395847649,0.0002374204513361653,0.1011443303064474
10.471047011049754,-0.0005324290054561642,0.0002374204513361653,0.10114350750235818
10.472347181290264,-0.000631678150253695,0.0002374204513361653,0.10114222073373239
10.473647350084054,-0.00038924149077071424,0.0002374204513361653,0.10114166104281763
10.47494751743574,-0.00041987213761668363,0.0002374204513361653,0.10114064352805112
10.476247683349941,-7.602038850623716e-05,0.0002374204513361653,0.10113918692636242
10.477547847831264,3.7305689606595416e-05,0.0002374204513361653,0.10113673890004453
10.478848010884333,0.0002661307303443994,0.0002374204513361653,0.10113327302712437
10.480148172513756,-3.081161790328968e-05,0.0002374204513361653,0.10113060554928115
10.481448332724154,0.0002440077266861601,0.0002374204513361653,0.1011280490245514
10.48274849152014,1.394178083637121e-05,0.0002374204513361653,0.10112552114850526
10.484048648906327,0.0001475282018815055,0.0002374204513361653,0.10112189601947964
10.485348804887334,6.715408984417359e-05,0.0002374204513361653,0.10111969738679938
10.486648959467773,-0.0001205556721164125,0.0002374204513361653,0.10111863694731721
10.487949112652261,-0.00023783725761451768,0.0002374204513361653,0.10111765899940288
10.489249264445414,8.281114218346153e-05,0.0002374204513361653,0.10111648606947393
10.490549414851847,0.0002539655987256334,0.0002374204513361653,0.10111451576073618
10.491849563876173,0.0005039587597091832,0.0002374204513361653,0.10111292178833646
10.493149711523008,0.00025556709207572026,0.0002374204513361653,0.10111143645028921
10.494449857796969,0.0004227674597442749,0.0002374204513361653,0.10110995642105894
10.495750002702671,-9.964870975515128e-05,0.0002374204513361653,0.10110899329681017
10.497050146244726,0.00039659624874946453,0.0002374204513361653,0.10110722273495316
10.498350288427753,2.0494883031352273e-05,0.0002374204513361653,0.10110631572988951
10.499650429256368,0.00018119883868507325,0.0002374204513361653,0.10110528809324257
10.500950568735181,-0.0007377214924246533,0.0002374204513361653,0.10110448879995819
10.502250706868812,-0.0012081225471181206,0.0002374204513361653,0.10110369006540093
10.503550843661875,0.0008282532142610266,0.0002374204513361653,0.10110243079009903
10.504850979118984,0.0003574794978842416,0.0002374204513361653,0.10110069816783279
10.506151113244755,0.00018831963380182282,0.0002374204513361653,0.10109997985739319
10.507451246043804,0.00021948307167524161,0.0002374204513361653,0.10109966874329958
10.508751377520746,-0.00033334923610173206,0.0002374204513361653,0.10109883144337667
10.510051507680195,-0.00016265901491979706,0.0002374204513361653,0.10109836348687198
10.511351636526769,0.00014416133665101638,0.0002374204513361653,0.10109788164474282
10.512651764065078,-0.00032681079262629475,0.0002374204513361653,0.10109736646263598
10.513951890299742,-5.996087710061215e-05,0.0002374204513361653,0.10109782383177865
10.515252015235376,8.590389076759686e-05,0.0002374204513361653,0.10109749965838329
10.516552138876593,-0.00010546814412785988,0.0002374204513361653,0.10109740345798279
10.51785226122801,4.71330075677151e-05,0.0002374204513361653,0.1010968174270568
10.51915238229424,8.026980005218509e-05,0.0002374204513361653,0.10109669582333689
10.520452502079904,0.0002332813820950519,0.0002374204513361653,0.10109589647855816
10.521752620589607,0.00047102877045601677,0.0002374204513361653,0.10109639105784979
10.523052737827975,0.00027206218999761833,0.0002374204513361653,0.10109818764916198
10.524352853799616,7.583791867511736e-05,0.0002374204513361653,0.10109820628688829
10.52565296850915,-0.00020611113134645642,0.0002374204513361653,0.10109904596900958
10.526953081961187,-0.0002558476478793231,0.0002374204513361653,0.10109964653015852
10.528253194160348,-8.177875695407344e-05,0.0002374204513361653,0.10109968164106709
10.529553305111245,0.0001294756123426527,0.0002374204513361653,0.1011001378585213
10.530853414818493,0.0003407686094469564,0.0002374204513361653,0.1011008993729906
10.532153523286707,0.000382153644350805,0.0002374204513361653,0.10110281505292125
10.533453630520507,0.00045693884442321586,0.0002374204513361653,0.10110413988445137
10.5347537365245,-0.00011163860329446718,0.0002374204513361653,0.1011049012290665
10.536053841303309,-0.00024302171981097076,0.0002374204513361653,0.10110306921972415
10.537353944861545,-0.00031425257447674493,0.0002374204513361653,0.10110291554527777
10.538654047203824,-0.00011653628020412421,0.0002374204513361653,0.10110402712651785
10.53995414833476,-0.00014307240370711738,0.0002374204513361653,0.10110442138537352
10.541254248258971,4.702464452037425e-05,0.0002374204513361653,0.10110651649432895
10.54255434698107,0.00013328593674910572,0.0002374204513361653,0.10110710169206755
10.543854444505675,0.0007182286734642579,0.0002374204513361653,0.10110789712057118
10.545154540837398,0.000614300236625856,0.0002374204513361653,0.10110894572957191
10.546454635980856,0.0006366436504946921,0.0002374204513361653,0.10111006436901256
10.547754729940664,0.0004970240833603728,0.0002374204513361653,0.10111124584106229
10.549054822721438,-5.158832102900024e-05,0.0002374204513361653,0.101112816149458
10.55035491432779,-0.00037632086279093535,0.0002374204513361653,0.10111549981636368
10.55165500476434,-0.00023100926676580813,0.0002374204513361653,0.10111758378282244
10.5529550940357,-0.00028697394566305767,0.0002374204513361653,0.10111908443992845
10.554255182146488,-0.00040488244186318023,0.0002374204513361653,0.10112001797880461
10.555555269101314,-0.0002718261611806133,0.0002374204513361653,0.1011209746225449
10.5568553549048,-0.00013520743533525226,0.0002374204513361653,0.10112344437737153
10.558155439561554,-4.4740912385973775e-05,0.0002374204513361653,0.10112482087103725
10.559455523076197,-9.120278048724284e-05,0.0002374204513361653,0.10112761692580581
10.560755605453343,-3.121237080667971e-05,0.0002374204513361653,0.10113036150264827
10.562055686697606,-0.00012264326822895855,0.0002374204513361653,0.10113181466919009
10.5633557668136,3.8713963680978014e-05,0.0002374204513361653,0.1011331354979537
10.564655845805945,6.13584401197298e-05,0.0002374204513361653,0.10113412909552837
10.565955923679253,-0.00018581025303048004,0.0002374204513361653,0.10113595811376562
10.567256000438139,-8.908034909747842e-05,0.0002374204513361653,0.10113827923387154
10.568556076087217,7.384649400539456e-05,0.0002374204513361653,0.1011407276189947
10.569856150631107,3.0621463845290076e-05,0.0002374204513361653,0.1011432428534925
10.57115622407442,7.4255062147352e-05,0.0002374204513361653,0.10114603585916819
10.572456296421771,4.6737019379350375e-05,0.0002374204513361653,0.10114850809634512
10.57375636767778,6.872620599943091e-05,0.0002374204513361653,0.10115123729446326
10.575056437847055,0.0001963642381621611,0.0002374204513361653,0.10115421006463192
10.576356506934218,-4.486036730422249e-05,0.0002374204513361653,0.10115741305556827
10.577656574943882,-3.5951730487371325e-06,0.0002374204513361653,0.10116083295360039
10.578956641880659,0.00014494170051668198,0.0002374204513361653,0.10116445648266136
10.58025670774917,-0.00048389999613264456,0.0002374204513361653,0.10116744153258235
10.581556772554025,0.0002573543482367602,0.0002374204513361653,0.1011707750829137
10.582856836299843,0.0004745494477683271,0.0002374204513361653,0.10117443821761628
10.584156898991235,5.817347778472315e-05,0.0002374204513361653,0.10117807245046626
10.585456960632822,0.0001736138126569725,0.0002374204513361653,0.10118169666714039
10.586757021229214,0.00024686750420868653,0.0002374204513361653,0.10118508753579893
10.58805708078503,-0.00023271553222566077,0.0002374204513361653,0.10118833670374112
10.589357139304882,-0.00032295488249392545,0.0002374204513361653,0.10119145669520803
10.590657196793389,-0.00024834988567858096,0.0002374204513361653,0.10119648974779534
10.591957253255163,-7.589413446557058e-06,0.0002374204513361653,0.10120012223454382
10.59325730869482,7.61435614053535e-05,0.0002374204513361653,0.10120588496520767
10.594557363116976,-0.00030054130673541624,0.0002374204513361653,0.10121024963914735
10.595857416526247,-0.00010801771075755195,0.0002374204513361653,0.10121446969707937
10.597157468927247,0.00034449467093905506,0.0002374204513361653,0.10121621030516774
10.59845752032459,-0.00042308639107922763,0.0002374204513361653,0.10121923005725823
10.599757570722893,-0.00043694935099151955,0.0002374204513361653,0.10122138061799493
10.60105762012677,-0.0001295004176215392,0.0002374204513361653,0.10122452114455474
10.602357668540838,-0.00027508208190589467,0.0002374204513361653,0.10122826157568951
10.603657715969712,5.8760298758647744e-05,0.0002374204513361653,0.10123101751970827
10.604957762418005,-3.550711912278515e-05,0.0002374204513361653,0.10123306825475649
10.606257807890335,-0.00013187273011641687,0.0002374204513361653,0.10123525499936663
10.607557852391317,0.0004075033241134757,0.0002374204513361653,0.10123903112735504
10.608857895925565,0.0014863707576032587,0.0002374204513361653,0.1012420649664741
10.610157938497693,0.0010229023649121344,0.0002374204513361653,0.10124545450503415
10.611457980112318,0.0001353610890307555,0.0002374204513361653,0.10124943636195982
10.612758020774056,-0.0001987982020326684,0.0002374204513361653,0.1012537890085205
10.61405806048752,-5.93833780064279e-05,0.0002374204513361653,0.101258520732299
10.615358099257326,-0.0002147459980293004,0.0002374204513361653,0.10126159988807618
10.616658137088093,-0.000639470394762684,0.0002374204513361653,0.10126602942645332
10.61795817398443,-0.00018817258905032275,0.0002374204513361653,0.10127178990457761
10.619258209950958,0.00020262489085723367,0.0002374204513361653,0.10127842054795563
10.620558244992289,-5.190526163509346e-05,0.0002374204513361653,0.10128406544697768
10.621858279113036,0.0002496921575467076,0.0002374204513361653,0.10128735026758877
10.623158312317818,-0.0001696647867524409,0.0002374204513361653,0.1012926902435504
10.624458344611249,-0.0003212785019587744,0.0002374204513361653,0.10129793000516153
10.625758375997947,-2.7099079983508578e-05,0.0002374204513361653,0.10130308002024443
10.627058406482522,-0.00028273270632200864,0.0002374204513361653,0.10130762725163317
10.628358436069593,-0.00023616952615571063,0.0002374204513361653,0.10131308481190156
10.629658464763775,0.00035160502115069714,0.0002374204513361653,0.10131880333895806
10.63095849256968,0.00014670106089155477,0.0002374204513361653,0.1013243539916649
10.632258519491929,-0.0005291132656460584,0.0002374204513361653,0.10132919590162424
10.63355854553513,0.0002676989752134762,0.0002374204513361653,0.10133441378526034
10.634858570703905,-0.0003345029491842316,0.0002374204513361653,0.1013367929981975
10.636158595002865,-4.5830025550544495e-05,0.0002374204513361653,0.10133981678791379
10.637458618436627,1.8205610691546248e-05,0.0002374204513361653,0.10134184255226274
10.638758641009806,-0.00027851631501231433,0.0002374204513361653,0.10134328612682793
10.640058662727018,0.00019798872416880442,0.0002374204513361653,0.1013461751637463
10.641358683592877,-0.00011200754670685764,0.0002374204513361653,0.10134892198352419
10.642658703611998,-6.452847873247847e-05,0.0002374204513361653,0.10135319454309562
10.643958722788996,0.00015471702761324369,0.0002374204513361653,0.10135755485339318
10.645258741128488,0.00014994398692755317,0.0002374204513361653,0.1013617438818274
10.64655875863509,6.721762254283115e-05,0.0002374204513361653,0.10136755917930804
10.647858775313413,0.0001885930511904832,0.0002374204513361653,0.1013717747382516
10.649158791168079,-0.00017755188324336535,0.0002374204513361653,0.10137583871760562
10.650458806203694,-6.688423408213184e-05,0.0002374204513361653,0.10137999444526744
10.65175882042488,0.00010949284969132,0.0002374204513361653,0.10138423784051667
10.653058833836251,-0.00014209848711981,0.0002374204513361653,0.10138820578847113
10.654358846442422,7.191536276836274e-05,0.0002374204513361653,0.1013914638559746
10.655658858248009,0.0001467446167238845,0.0002374204513361653,0.10139528908784531
10.656958869257625,0.0003378352243485899,0.0002374204513361653,0.10139969902242472
10.658258879475886,4.1818484051547866e-05,0.0002374204513361653,0.10140435395626811
10.659558888907409,-0.00010468835064915416,0.0002374204513361653,0.10140945540602912
10.660858897556805,-0.00037088410909129343,0.0002374204513361653,0.10141464215123078
10.662158905428695,0.0001100368089379522,0.0002374204513361653,0.10141989659664612
10.663458912527693,0.00020347405750474612,0.0002374204513361653,0.10142632319141018
10.664758918858409,-0.00015119720872917852,0.0002374204513361653,0.10143098644922433
10.666058924425464,-0.00010919662089670101,0.0002374204513361653,0.10143736712364532
10.667358929233473,2.8578649101856923e-05,0.0002374204513361653,0.10144030835094243
10.668658933287045,4.049783187662359e-05,0.0002374204513361653,0.10143921692642294
10.669958936590803,0.0006373552356055134,0.0002374204513361653,0.10143789455554514
10.671258939149357,0.0005846867787276527,0.0002374204513361653,0.10143762343786504
10.672558940967326,-0.00021529218323984578,0.0002374204513361653,0.10143843616693468
10.673858942049323,0.00043655705051055815,0.0002374204513361653,0.10144007435048238
10.675158942399964,0.00010443716732036479,0.0002374204513361653,0.10144258283818523
10.676458942023862,-3.033480012445966e-05,0.0002374204513361653,0.10144616711200068
10.677758940925637,5.189817012375697e-05,0.0002374204513361653,0.10144934797406834
10.679058939109899,-0.00018668969507375233,0.0002374204513361653,0.10145228711683571
10.680358936581268,-8.27069283779458e-05,0.0002374204513361653,0.1014570546926359
10.681658933344355,0.00016283252422197303,0.0002374204513361653,0.10146159554926391
10.682958929403776,-0.00021883041508830026,0.0002374204513361653,0.10146590988897687
10.68425892476415,-7.470039679972895e-05,0.0002374204513361653,0.10147049880964694
10.685558919430088,6.382937208303241e-05,0.0002374204513361653,0.10147510076780863
10.686858913406207,3.080356989641764e-05,0.0002374204513361653,0.10147970984564979
10.688158906697122,-0.0003518471616387464,0.0002374204513361653,0.10148432010447758
10.68945889930745,-8.274252928977543e-05,0.0002374204513361653,0.10148892558471764
10.690758891241803,-0.0002550862181658897,0.0002374204513361653,0.10149352030591685
10.6920588825048,0.0004742708914657612,0.0002374204513361653,0.1014980982667412
10.693358873101051,0.0002120565893434373,0.0002374204513361653,0.10150244353527962
10.694658863035176,8.985139906303452e-05,0.0002374204513361653,0.10150788106063889
10.695958852311787,0.0001240888267298318,0.0002374204513361653,0.1015130266929009
10.697258840935502,-0.0002754151645809749,0.0002374204513361653,0.10151935031287956
10.698558828910937,1.621593073931893e-05,0.0002374204513361653,0.10152655094520509
10.699858816242703,6.856373071903454e-05,0.0002374204513361653,0.10153325878473829
10.701158802935419,-0.00011970686985707246,0.0002374204513361653,0.10153921570899128
10.702458788993695,0.00040939858801507245,0.0002374204513361653,0.10154338101542207
10.703758774422154,0.0003274456108783991,0.0002374204513361653,0.10154738713273483
10.705058759225407,-0.00029149132650924114,0.0002374204513361653,0.10155282724179615
10.706358743408067,-0.00029817341924480434,0.0002374204513361653,0.10155858128156897
10.707658726974755,-7.577604432670859e-05,0.0002374204513361653,0.1015636417752156
10.708958709930078,-0.00013228486182238763,0.0002374204513361653,0.10156905475686481
10.710258692278662,0.0005853966783068848,0.0002374204513361653,0.10157482318156362
10.711558674025111,0.00018493960595832026,0.0002374204513361653,0.10158073971637357
10.71285865517405,-6.079032934092066e-06,0.0002374204513361653,0.10158665671449744
10.714158635730088,-0.00019514532183989575,0.0002374204513361653,0.10159257482630349
10.715458615697845,-0.00039783000220774967,0.0002374204513361653,0.10159849467835814
10.716758595081929,9.565549069574797e-05,0.0002374204513361653,0.10160248959863838
10.718058573886962,0.0007452415241685773,0.0002374204513361653,0.10160730147726028
10.719358552117557,-0.00013669375263063166,0.0002374204513361653,0.10161208983286966
10.72065852977833,-0.00014903727645630693,0.0002374204513361653,0.10161645408685675
10.721958506873893,-0.00042196192172549996,0.0002374204513361653,0.10162185966655311
10.723258483408866,-0.000255617358223853,0.0002374204513361653,0.10162835509540935
10.724558459387861,5.524877591193966e-05,0.0002374204513361653,0.10163490736301407
10.725858434815494,-0.0003051853554526113,0.0002374204513361653,0.10164134628776136
10.72715840969638,-0.00011805085395864834,0.0002374204513361653,0.10164842095259026
10.728458384035136,0.00018147233584418776,0.0002374204513361653,0.10165609910686672
10.729758357836374,2.6689711576599606e-05,0.0002374204513361653,0.1016624352861902
10.731058331104713,0.00010665871862296228,0.0002374204513361653,0.10166747069975754
10.732358303844764,0.00029037947009044607,0.0002374204513361653,0.10167534968413565
10.733658276061146,0.00010450802557770977,0.0002374204513361653,0.10168182491337151
10.734958247758474,0.00023264476160878012,0.0002374204513361653,0.10168784697724188
10.73625821894136,-0.00015915026486972017,0.0002374204513361653,0.10169447932761802
10.737558189614424,-0.00010508441859476136,0.0002374204513361653,0.10170107237626363
10.738858159782275,0.00018197861688454275,0.0002374204513361653,0.10170809526953956
10.740158129449533,0.00033268316810755594,0.0002374204513361653,0.10171438202408946
10.741458098620813,0.00011753224558860853,0.0002374204513361653,0.10172082875299673
10.74275806730073,0.00018391514634691353,0.0002374204513361653,0.10172742963789558
10.744058035493897,-0.0003267224763325305,0.0002374204513361653,0.10173326061235403
10.745358003204933,-0.00022600483526817594,0.0002374204513361653,0.10173835703859044
10.746657970438447,-7.906278750824391e-05,0.0002374204513361653,0.10174185767063794
10.747957937199061,-0.00035776631280058646,0.0002374204513361653,0.10174634319495252
10.749257903491387,0.0002763061424220087,0.0002374204513361653,0.10175185706648286
10.75055786932004,0.00014311025020997958,0.0002374204513361653,0.10175836727882777
10.751857834689638,6.286083959530786e-05,0.0002374204513361653,0.10176585555053373
10.753157799604793,0.0004212135404200873,0.0002374204513361653,0.10177165949879184
10.754457764070121,-0.00013614768386066567,0.0002374204513361653,0.10177672773628348
10.755757728090238,-0.00044201369590446404,0.0002374204513361653,0.10178108336729395
10.75705769166976,-0.000185738483428316,0.0002374204513361653,0.10178597102579569
10.7583576548133,-0.0005309969817138965,0.0002374204513361653,0.10179085027319522
10.759657617525475,-0.0002778729897036508,0.0002374204513361653,0.1017957138953304
10.7609575798109,0.0003035176787611754,0.0002374204513361653,0.1018005546673597
10.762257541674188,0.00015674957757073893,0.0002374204513361653,0.10180739784593577
10.763557503119959,0.00026627925799985186,0.0002374204513361653,0.1018124491046631
10.764857464152822,0.00028332236620433326,0.0002374204513361653,0.1018162811832384
10.766157424777399,0.0002683484895881355,0.0002374204513361653,0.10181972784294195
10.7674573849983,0.00029326112567545914,0.0002374204513361653,0.10182576715416324
10.768757344820143,4.4399481775342364e-05,0.0002374204513361653,0.10183172506333983
10.770057304247542,-0.00012075724996897519,0.0002374204513361653,0.1018391208949341
10.771357263285113,1.0655836573003619e-05,0.0002374204513361653,0.10184560238440243
10.77265722193747,0.00012007256322436877,0.0002374204513361653,0.1018512091596876
10.77395718020923,0.00042701390693908325,0.0002374204513361653,0.10185671946987414
10.775257138105006,0.000388419386086275,0.0002374204513361653,0.10186209819039482
10.776557095629416,-0.0001718644409163389,0.0002374204513361653,0.10186734522396787
10.777857052787073,-7.654126961829932e-05,0.0002374204513361653,0.1018724604189969
10.779157009582596,0.0002419086987320157,0.0002374204513361653,0.10187818031713065
10.780456966020594,2.9574339021259943e-05,0.0002374204513361653,0.10188569301969111
10.781756922105686,-0.0002028415131209993,0.0002374204513361653,0.10189073784618154
10.783056877842489,0.00023185504115258437,0.0002374204513361653,0.10189359725139413
10.784356833235613,-0.0005296898327536853,0.0002374204513361653,0.10189942169882321
10.785656788289677,4.299286647482803e-06,0.0002374204513361653,0.10190600589269631
10.786956743009299,-0.00023238388813001665,0.0002374204513361653,0.10191296621976037
10.788256697399087,-0.00027293426629571016,0.0002374204513361653,0.10191916402097052
10.78955665146366,3.7556359511151105e-05,0.0002374204513361653,0.10192424575887402
10.790856605207635,-0.0001977213857499993,0.0002374204513361653,0.10192854066239934
10.792156558635623,-0.00047503408314450435,0.0002374204513361653,0.10193295155231322
10.793456511752245,-0.00025540315297155336,0.0002374204513361653,0.10193748280788163
10.794756464562111,-0.0006141909880854751,0.0002374204513361653,0.1019423061948749
10.796056417069838,-0.0004875492804683884,0.0002374204513361653,0.10194743470803343
10.797356369280044,-0.000336511056609895,0.0002374204513361653,0.10195188064857712
10.798656321197338,-0.00036501653047368854,0.0002374204513361653,0.10195505365660229
10.799956272826343,-3.614834995412097e-05,0.0002374204513361653,0.1019591918520057
10.801256224171667,4.7885351942167365e-05,0.0002374204513361653,0.10196429961944017
10.80255617523793,-0.00018544188435946907,0.0002374204513361653,0.10196941924899985
10.803856126029746,0.0005220810166284284,0.0002374204513361653,0.10197458802182578
10.805156076551727,0.0006641495708234052,0.0002374204513361653,0.1019786245947114
10.806456026808494,-0.00021046650084557972,0.0002374204513361653,0.10198331786465537
10.80775597680466,-0.00012127188689864399,0.0002374204513361653,0.10198849507755002
10.809055926544838,0.00012862589438610017,0.0002374204513361653,0.10199397065549617
10.810355876033645,-4.6031645328487025e-05,0.0002374204513361653,0.10199957185418115
10.811655825275697,-0.0003191623138566607,0.0002374204513361653,0.10200530401374332
10.812955774275606,-4.4210010634107566e-05,0.0002374204513361653,0.10201100557753275
10.814255723037993,7.276499400782344e-05,0.0002374204513361653,0.10201667544239866
10.815555671567468,0.00047028917977889884,0.0002374204513361653,0.10202164482915821
10.81685561986865,-2.2489997689500996e-05,0.0002374204513361653,0.10202728476726038
10.81815556794615,6.496747538757564e-05,0.0002374204513361653,0.10203339767412234
10.819455515804588,8.156809408105259e-06,0.0002374204513361653,0.10203994974276479
10.820755463448574,7.284803321426503e-05,0.0002374204513361653,0.10204717862672534
10.822055410882726,0.0006047135910304535,0.0002374204513361653,0.10205281652818174
10.823355358111662,0.0006995875044529531,0.0002374204513361653,0.10205847147542405
10.824655305139993,0.00032684621541860526,0.0002374204513361653,0.10206414802612856
10.825955251972337,0.0004653252270628433,0.0002374204513361653,0.10207028395366533
10.827255198613308,-0.00010941232117994693,0.0002374204513361653,0.10207529529207587
10.82855514506752,-0.00024064045312338633,0.0002374204513361653,0.10208175226202801
10.82985509133959,-9.378665144230136e-05,0.0002374204513361653,0.10208802554877357
10.831155037434133,-0.0005513215503834545,0.0002374204513361653,0.10209457712248304
10.832454983355765,0.00014509855143014783,0.0002374204513361653,0.10210130836243708
10.833754929109096,0.0002722123336111604,0.0002374204513361653,0.10210785030749239
10.83505487469875,-3.2397298811714936e-07,0.0002374204513361653,0.10211421974494231
10.836354820129337,0.0004236544009759702,0.0002374204513361653,0.10212074638475278
10.837654765405473,-4.92149886759663e-05,0.0002374204513361653,0.10212678941596307
10.838954710531771,0.00010445669881682662,0.0002374204513361653,0.10213232808487614
10.840254655512851,0.0013163580082453663,0.0002374204513361653,0.10213882589287115
10.841554600353325,0.0006457699463568306,0.0002374204513361653,0.1021454401107147
10.84285454505781,0.0008581732866443925,0.0002374204513361653,0.10215285018455489
10.844154489630917,0.0005480260178849089,0.0002374204513361653,0.10216067892790016
10.845454434077267,-8.544660571917218e-05,0.0002374204513361653,0.10216682066446275
10.846754378401473,0.0002983313482452926,0.0002374204513361653,0.10217389316885377
10.848054322608148,-3.45697216920654e-05,0.0002374204513361653,0.10218087466564273
10.849354266701912,-8.727186361524863e-05,0.0002374204513361653,0.10218835669350967
10.850654210687376,0.0005924475273490354,0.0002374204513361653,0.1021965113156696
10.851954154569155,0.0004274713338520836,0.0002374204513361653,0.1022039589684209
10.853254098351867,0.0006228769441690846,0.0002374204513361653,0.10221255988142136
10.854554042040126,0.00048433011507791057,0.0002374204513361653,0.10221966232660053
10.85585398563855,0.00016150361035756344,0.0002374204513361653,0.10222636626070129
10.85715392915175,0.0002212734177178266,0.0002374204513361653,0.10223158384209162
10.858453872584342,0.0005589456515111835,0.0002374204513361653,0.10223809108583896
10.859753815940943,-0.00016446956556137593,0.0002374204513361653,0.10224473480594815
10.861053759226166,0.000460762111698515,0.0002374204513361653,0.10225152914234084
10.862353702444628,1.2733033972520125e-05,0.0002374204513361653,0.10225804337427047
10.863653645600944,-0.0003976215471830913,0.0002374204513361653,0.10226338467683775
10.864953588699732,0.00024231985758345342,0.0002374204513361653,0.1022692880105818
10.8662535317456,-0.0002588116316768613,0.0002374204513361653,0.1022757840832927
10.86755347474317,-8.556888517009809e-05,0.0002374204513361653,0.1022818226376142
10.868853417697055,-5.232316257365588e-05,0.0002374204513361653,0.10228763917742134
10.87015336061187,-0.00017298563812422063,0.0002374204513361653,0.10229321708919129
10.871453303492228,-0.0002500222336873359,0.0002374204513361653,0.10229853967495796
10.872753246342748,-9.381504703737109e-05,0.0002374204513361653,0.10230390085728011
10.874053189168045,0.0002561114746361115,0.0002374204513361653,0.10231066580890745
10.875353131972732,1.7027913418787843e-05,0.0002374204513361653,0.10231721188195327
10.876653074761425,-0.0001510291838468375,0.0002374204513361653,0.10232411707237375
10.87795301753874,0.000206258206290999,0.0002374204513361653,0.10233219944970019
10.879252960309291,4.1546262046332494e-05,0.0002374204513361653,0.10233891957903311
10.880552903077694,-1.8136788382749902e-05,0.0002374204513361653,0.10234490198757497
10.881852845848567,0.00018776666475785186,0.0002374204513361653,0.10234936802408168
10.88315278862652,0.00036853313973608803,0.0002374204513361653,0.10235515271533968
10.88445273141617,0.00022415675761514042,0.0002374204513361653,0.10236077036397152
10.885752674222132,0.0007082310600608072,0.0002374204513361653,0.10236735967822988
10.887052617049026,0.0001795120852591814,0.0002374204513361653,0.10237364356269378
10.888352559901461,-0.00032643969111251225,0.0002374204513361653,0.10237807200937643
10.889652502784056,-0.0002444035863466143,0.0002374204513361653,0.10238353656424722
10.890952445701425,-0.00026687646094203377,0.0002374204513361653,0.10238892690403315
10.892252388658182,-6.034258919818125e-06,0.0002374204513361653,0.10239455648116344
10.893552331658944,-0.0005161348606271959,0.0002374204513361653,0.10240122982032683
10.894852274708326,0.00011328632572156494,0.0002374204513361653,0.10240786423439427
10.896152217810943,-0.00011632389600377269,0.0002374204513361653,0.10241533787567886
10.897452160971408,-0.0006275888642208738,0.0002374204513361653,0.10242211970619769
10.89875210419434,-0.0003002792974611951,0.0002374204513361653,0.10242894332058763
10.900052047484355,-0.00015901808002896645,0.0002374204513361653,0.10243580863341145
10.901351990846063,-0.00025854908089742445,0.0002374204513361653,0.10244249523929866
10.902651934284084,-0.0002503548483271667,0.0002374204513361653,0.10245003442963177
10.903951877803028,-0.0003245550637890199,0.0002374204513361653,0.10245892531639332
10.905251821407518,-0.00019879037734203686,0.0002374204513361653,0.10246707505516044
10.90655176510216,-1.3633477270985628e-05,0.0002374204513361653,0.1024737799544597
10.90785170889158,-0.0002445825935691731,0.0002374204513361653,0.10247997236035102
10.909151652780382,-0.0002088277723527321,0.0002374204513361653,0.10248687324197417
10.910451596773187,-2.4663422216741893e-06,0.0002374204513361653,0.10249352796402132
10.911751540874613,-0.00015374287395378272,0.0002374204513361653,0.10249977248176807
10.913051485089271,2.168874885373484e-05,0.0002374204513361653,0.10250608170373106
10.914351429421776,-0.00013393441024101005,0.0002374204513361653,0.10251168424610943
10.915651373876747,0.00011538904274163708,0.0002374204513361653,0.10251831358131255
10.916951318458795,-0.0003790932828868915,0.0002374204513361653,0.10252594861214598
10.918251263172536,-0.0001875026885504727,0.0002374204513361653,0.10253293398968058
10.919551208022588,0.0003339630095450935,0.0002374204513361653,0.10253987342163809
10.920851153013563,0.00017713682177007695,0.0002374204513361653,0.10254678894057324
10.92215109815008,0.00014824031606398835,0.0002374204513361653,0.10255237147338205
10.923451043436751,0.0007645858530898331,0.0002374204513361653,0.1025599055134536
10.924750988878193,0.0004319433520708349,0.0002374204513361653,0.10256506630369976
10.926050934479019,1.495385611866018e-06,0.0002374204513361653,0.10257137361986743
10.927350880243846,-0.0003253971779084014,0.0002374204513361653,0.10257765574485297
10.92865082617729,4.288878388003514e-05,0.0002374204513361653,0.1025846617585362
10.929950772283965,-3.537573256223725e-05,0.0002374204513361653,0.10259236432232197
10.931250718568485,-9.09246359561966e-05,0.0002374204513361653,0.10260054775609392
10.932550665035468,0.00010394480085855473,0.0002374204513361653,0.10260919739703024
10.933850611689527,-5.2310925687540366e-05,0.0002374204513361653,0.10261693020188653
10.93515055853528,-0.0004976431804047388,0.0002374204513361653,0.10262466222188175
10.936450505577339,5.213726126253315e-05,0.0002374204513361653,0.10263239017836714
10.93775045282032,-0.000178755684082349,0.0002374204513361653,0.10264023209446602
10.93905040026884,-0.0001717958910102263,0.0002374204513361653,0.10264776445844312
10.940350347927515,7.989111285730544e-05,0.0002374204513361653,0.10265499628722126
10.941650295800956,0.00018639611050112748,0.0002374204513361653,0.10266217774051471
10.942950243893781,-0.00013208074064462172,0.0002374204513361653,0.10266907067938004
10.944250192210605,-0.00024653785844692966,0.0002374204513361653,0.1026761361145848
10.945550140756042,-0.0004140648366238592,0.0002374204513361653,0.10268515008420159
10.94685008953471,0.00042429115079976876,0.0002374204513361653,0.10269386696078024
10.948150038551223,0.00011078955974351545,0.0002374204513361653,0.10270224926177654
10.949449987810194,0.0002674353818870462,0.0002374204513361653,0.10271110588152003
10.95074993731624,1.3775638605675877e-05,0.0002374204513361653,0.10271709050960112
10.95204988707398,-0.00039098671325356327,0.0002374204513361653,0.10272326400534043
10.953349837088023,4.266614428646842e-05,0.0002374204513361653,0.1027296829452877
10.954649787362985,-0.0001175986234268761,0.0002374204513361653,0.10273567062618229
10.955949737903486,-0.00013020838143441849,0.0002374204513361653,0.10274168339906085
10.957249688714137,-2.13949279248421e-05,0.0002374204513361653,0.10274789964993714
10.958549639799555,2.4590025137327665e-05,0.0002374204513361653,0.10275243642104066
10.959849591164355,0.00028522124612868904,0.0002374204513361653,0.10275820997086176
10.961149542813152,-0.0002705913322547243,0.0002374204513361653,0.10276188403923966
10.962449494750562,-0.00025649633950526607,0.0002374204513361653,0.10276628472082137
10.963749446981197,8.114009161246105e-05,0.0002374204513361653,0.10277157894500387
10.965049399509677,-3.2709741477149334e-05,0.0002374204513361653,0.10277727723462225
10.966349352340615,-0.0002952969130686489,0.0002374204513361653,0.10278428808723963
10.967649305478625,-1.193747965823333e-05,0.0002374204513361653,0.10279195251893901
10.968949258928324,0.0012878748861686884,0.0002374204513361653,0.10279909286733031
10.970249212694325,0.00016458055606438649,0.0002374204513361653,0.10280545057921191
10.971549166781248,-8.642249023407822e-05,0.0002374204513361653,0.10281104918710439
10.972849121193704,0.00021333074411447606,0.0002374204513361653,0.1028188120537685
10.97414907593631,0.0007062379238106653,0.0002374204513361653,0.10282566232344571
10.97544903101368,0.0006739102420170451,0.0002374204513361653,0.10283195226655074
10.97674898643043,0.00065464615280722,0.0002374204513361653,0.10283854281544684
10.978048942191176,0.0008848622449840055,0.0002374204513361653,0.10284357613099829
10.979348898300533,0.0006765075169329893,0.0002374204513361653,0.10285027272540391
10.980648854763114,0.00097829472997564,0.0002374204513361653,0.10285724990060499
10.981948811583536,0.0006676050551218393,0.0002374204513361653,0.10286426479879315
10.983248768766414,0.0007533560314354343,0.0002374204513361653,0.10287131246040479
10.984548726316365,-1.691552402742491e-05,0.0002374204513361653,0.10287852433346688
10.985848684238002,-0.00035661047831936354,0.0002374204513361653,0.10288590078179456
10.98714864253594,-7.650347898488508e-05,0.0002374204513361653,0.10289333284420292
10.988448601214795,-3.1313183714576365e-06,0.0002374204513361653,0.10290071395884928
10.989748560279184,-5.074634298642133e-05,0.0002374204513361653,0.10290804447527273
10.991048519733718,-0.00011269734178524782,0.0002374204513361653,0.10291511928753505
10.992348479583018,0.0001572134324517721,0.0002374204513361653,0.10292193077083142
10.993648439831695,-0.000258258336360076,0.0002374204513361653,0.10292847123278671
10.994948400484365,-0.00020285908108591544,0.0002374204513361653,0.10293464642067714
10.996248361545645,-0.00022547620483337472,0.0002374204513361653,0.10294185254549479
10.997548323020146,-0.00020691778116865844,0.0002374204513361653,0.10294649053006075
10.998848284912487,0.00038997671455780203,0.0002374204513361653,0.1029513546023654
11.000148247227283,0.0009058958969333369,0.0002374204513361653,0.10295702407394532
11.001448209969148,0.0007329529611431185,0.0002374204513361653,0.10296356101067021
11.002748173142699,0.0006772197979637296,0.0002374204513361653,0.10297028156955734
11.00404813675255,0.00038528778955967957,0.0002374204513361653,0.1029771660404203
11.005348100803316,0.00012800417219420435,0.0002374204513361653,0.10298449791243547
11.006648065299611,-9.033551839482401e-05,0.0002374204513361653,0.10299366767570584
11.007948030246054,-0.00025333771912391945,0.0002374204513361653,0.10300016495626554
11.009247995647256,-0.00035873911192049746,0.0002374204513361653,0.10300656902982587
11.010547961507836,-0.00015141065210426408,0.0002374204513361653,0.10301269014951815
11.011847927832406,-4.064817971834167e-05,0.0002374204513361653,0.10301888279872035
11.013147894625584,-0.0002525226873498071,0.0002374204513361653,0.10302550572591723
11.014447861891984,-0.00041034357807608057,0.0002374204513361653,0.10303185165713499
11.01574782963622,-6.106712557446548e-05,0.0002374204513361653,0.10303831603259313
11.01704779786291,7.362796434817742e-06,0.0002374204513361653,0.10304512389788255
11.018347766576666,-0.0006644671564723231,0.0002374204513361653,0.10305225548364337
11.019647735782106,-0.0005210101350254515,0.0002374204513361653,0.10305814090873786
11.020947705483845,-0.0001898378809521012,0.0002374204513361653,0.1030635730635585
11.022247675686495,-0.00010516936646651209,0.0002374204513361653,0.10306894516182816
11.023547646394677,-0.00020635882341921152,0.0002374204513361653,0.10307425421181933
11.024847617613,0.00014345961762662895,0.0002374204513361653,0.10307949732216964
11.026147589346083,0.0002911462572907225,0.0002374204513361653,0.10308467170402341
11.027447561598542,0.0006265553770067045,0.0002374204513361653,0.10309055727876941
11.02874753437499,5.441619279071552e-05,0.0002374204513361653,0.10309567203488561
11.030047507680042,0.0008834578868415072,0.0002374204513361653,0.10310002656006044
11.031347481518313,0.0012444485418522805,0.0002374204513361653,0.10310495572217705
11.032647455894422,0.0012436260767523383,0.0002374204513361653,0.10311045848866102
11.033947430812981,0.0017427454048581092,0.0002374204513361653,0.1031171562308984
11.035247406278605,0.0017272899944126563,0.0002374204513361653,0.10312492811433485
11.03654738229591,0.0015687773894762086,0.0002374204513361653,0.10313035444812058
11.037847358869511,0.0008241450154931468,0.0002374204513361653,0.10313502321316176
11.039147336004024,0.0001015563463038216,0.0002374204513361653,0.10314068400633482
11.040447313704066,7.568133338846372e-05,0.0002374204513361653,0.10314841126066553
11.041747291974248,0.00011025502793003683,0.0002374204513361653,0.10315344544790521
11.043047270819187,-0.0003483208123645082,0.0002374204513361653,0.10315886923919791
11.0443472502435,-0.00012899654675255223,0.0002374204513361653,0.10316395953977238
11.0456472302518,0.0005992469408410417,0.0002374204513361653,0.10316858338188334
11.046947210848703,-1.0143278305424497e-05,0.0002374204513361653,0.10317339896419976
11.048247192038826,-0.0001485586830058533,0.0002374204513361653,0.10317839796082881
11.049547173826781,-3.232127255395345e-05,0.0002374204513361653,0.10318410511836032
11.050847156217184,-0.00010420019317475271,0.0002374204513361653,0.10318849241388461
11.052147139214652,0.0001614256369597833,0.0002374204513361653,0.1031920968972645
11.0534471228238,-9.094546514640256e-06,0.0002374204513361653,0.10319507141379984
11.05474710704924,0.00016369982558384066,0.0002374204513361653,0.10319740615348166
11.056047091895591,9.33911947603866e-05,0.0002374204513361653,0.10320044464597873
11.057347077367467,-7.915877696464124e-05,0.0002374204513361653,0.103204039919578
11.058647063469484,9.072057623757401e-05,0.0002374204513361653,0.10320627352035597
11.059947050206256,0.00022843943444808557,0.0002374204513361653,0.10321042977090328
11.0612470375824,-0.0001797687697689676,0.0002374204513361653,0.10321416884444654
11.062547025602528,0.0003387351155055285,0.0002374204513361653,0.10321839907713892
11.063847014271259,7.236538192628705e-05,0.0002374204513361653,0.1032193586216611
11.065147003593205,-4.7152633840294444e-05,0.0002374204513361653,0.1032229218590448
11.066446993572983,0.0005339689761560407,0.0002374204513361653,0.10322663425915528
11.067746984215209,3.566521110549836e-05,0.0002374204513361653,0.10322920607555043
11.069046975524495,-0.00035269540418504663,0.0002374204513361653,0.10323116177464307
11.07034696750546,-0.00026980355211728146,0.0002374204513361653,0.10323288226650988
11.071646960162717,-6.432796032346255e-05,0.0002374204513361653,0.1032354477923987
11.072946953500882,-1.6306962924053647e-05,0.0002374204513361653,0.10324011146407494
11.074246947524571,-0.00017887060836821456,0.0002374204513361653,0.10324372179013691
11.075546942238397,-0.0001847678525867813,0.0002374204513361653,0.10324779208476155
11.076846937646977,-1.3782813833712604e-05,0.0002374204513361653,0.10325076415079147
11.078146933754926,-8.78422013955854e-05,0.0002374204513361653,0.10325268359042979
11.079446930566862,-3.414707723663202e-05,0.0002374204513361653,0.10325468694557739
11.080746928087395,2.3460002016556514e-05,0.0002374204513361653,0.1032566098525068
11.08204692632114,-0.0002949804019040658,0.0002374204513361653,0.10325775621332346
11.083346925272718,5.3008401855514364e-05,0.0002374204513361653,0.10325820922208839
11.084646924946739,0.0002785725612870632,0.0002374204513361653,0.1032595194260135
11.085946925347823,-2.8684376610244033e-05,0.0002374204513361653,0.10326105554079719
11.087246926480582,0.00016490481722275518,0.0002374204513361653,0.10326283444730593
11.088546928349631,-0.00018746337365985188,0.0002374204513361653,0.10326449966062605
11.089846930959586,0.00026286106608097715,0.0002374204513361653,0.10326604971404955
11.091146934315063,0.0003390771053997377,0.0002374204513361653,0.10326747968977097
11.092446938420675,-3.1582919861591896e-05,0.0002374204513361653,0.10326882737480307
11.09374694328104,-0.00010506285448332042,0.0002374204513361653,0.10326949920301316
11.095046948900771,4.072953984320116e-05,0.0002374204513361653,0.10327099004216035
11.096346955284485,3.715691153791112e-05,0.0002374204513361653,0.10327258388416413
11.097646962436796,-0.00031819443735421615,0.0002374204513361653,0.10327437661042822
11.098946970362322,-0.00015158796747276326,0.0002374204513361653,0.10327561914636908
11.100246979065673,0.0001745042146674286,0.0002374204513361653,0.10327643761050598
11.101546988551469,0.0003191828713260403,0.0002374204513361653,0.10327681869902117
11.102846998824324,-0.00016207165271922563,0.0002374204513361653,0.10327964983796502
11.104147009888852,5.314059866369514e-05,0.0002374204513361653,0.10328267558087591
11.105447021749669,0.0003331519708784231,0.0002374204513361653,0.103285052855163
11.10674703441139,0.00017281994748123697,0.0002374204513361653,0.10328709339717791
11.10804704787863,0.00017887454994382213,0.0002374204513361653,0.10328867148141879
11.109347062156006,-8.532974724936859e-05,0.0002374204513361653,0.10329032678989099
11.11064707724813,-0.0004289457806746222,0.0002374204513361653,0.10329146255109321
11.11194709315962,-0.0003965921012294288,0.0002374204513361653,0.10329181840936315
11.113247109895092,-0.0003586436129290188,0.0002374204513361653,0.10329393185091361
11.114547127459158,-0.0006229926219369075,0.0002374204513361653,0.1032957641788508
11.115847145856435,0.00013612897042346306,0.0002374204513361653,0.1032972456646404
11.11714716509154,-2.4823437205112597e-05,0.0002374204513361653,0.10329843861342135
11.118447185169083,-0.0001221647229903422,0.0002374204513361653,0.103299333212376
11.119747206093686,0.0003718168081839751,0.0002374204513361653,0.10330015829623104
11.121047227869958,0.0004468046259835101,0.0002374204513361653,0.10330154863857996
11.12234725050252,0.00042817083788496135,0.0002374204513361653,0.1033028272539564
11.123647273995982,0.0005506311867406605,0.0002374204513361653,0.10330403370306827
11.124947298354963,0.0004914586472283822,0.0002374204513361653,0.10330546568890599
11.126247323584076,0.0004825983617471191,0.0002374204513361653,0.10330711785780147
11.127547349687937,9.124038896636544e-05,0.0002374204513361653,0.10330829935620288
11.128847376671162,-9.180782988313374e-05,0.0002374204513361653,0.1033097214998915
11.130147404538365,9.005959462118907e-05,0.0002374204513361653,0.10331182637242049
11.131447433294163,-0.00031350784108175045,0.0002374204513361653,0.10331378437704875
11.13274746294317,0.00015137061855463596,0.0002374204513361653,0.10331558357158079
11.13404749349,-0.00030555755383479544,0.0002374204513361653,0.10331772731635996
11.13534752493927,0.00014070490749272524,0.0002374204513361653,0.10332017377200152
11.136647557295595,-7.816253619714886e-05,0.0002374204513361653,0.10332293443558904
11.13794759056359,-0.0004672533130892359,0.0002374204513361653,0.10332553644482534
11.13924762474787,-0.00023682356820067807,0.0002374204513361653,0.10332811775240637
11.14054765985305,0.000157845683859556,0.0002374204513361653,0.10333068007536085
11.141847695883747,2.0839125268817815e-05,0.0002374204513361653,0.10333322505218823
11.143147732844575,0.00036395637958692995,0.0002374204513361653,0.10333564129849164
11.144447770740149,0.0002592837377973639,0.0002374204513361653,0.1033380515521095
11.145747809575084,0.0006030496515756351,0.0002374204513361653,0.10334045832756361
11.147047849353996,0.0006286763432816617,0.0002374204513361653,0.10334224073888096
11.148347890081501,0.0001758371134876341,0.0002374204513361653,0.10334369786701052
11.149647931762212,0.00047786943470307097,0.0002374204513361653,0.10334476290668887
11.150947974400745,-1.614275654328312e-05,0.0002374204513361653,0.10334543920973982
11.152248018001718,-0.000224828031069782,0.0002374204513361653,0.10334573088734714
11.15354806256974,0.00016942698981117776,0.0002374204513361653,0.10334735460188442
11.154848108109434,0.0003530482386375905,0.0002374204513361653,0.10334907242503165
11.15614815462541,0.00025549192975901636,0.0002374204513361653,0.10335063204252654
11.157448202122284,0.0006465427089122899,0.0002374204513361653,0.10335198002637436
11.158748250604672,-0.00019994900338934918,0.0002374204513361653,0.10335342759700859
11.160048300077191,-0.00027747802455464765,0.0002374204513361653,0.10335476751245916
11.161348350544452,-5.2743511588945746e-05,0.0002374204513361653,0.1033564785279393
11.162648402011074,-0.0003563051759584712,0.0002374204513361653,0.10335826045463366
11.163948454481671,-5.705554552414005e-05,0.0002374204513361653,0.10336024973630395
11.16524850796086,0.00036044360820267074,0.0002374204513361653,0.10336469130938937
11.16654856245325,0.0003774331971308498,0.0002374204513361653,0.10336947249042386
11.167848617963465,0.00022764167749128594,0.0002374204513361653,0.10337389304828788
11.169148674496112,0.0003825764238229584,0.0002374204513361653,0.10337796092866558
11.170448732055812,-0.0003381369765558112,0.0002374204513361653,0.10338242883845278
11.171748790647177,-0.000637165877342416,0.0002374204513361653,0.10338727498480871
11.173048850274826,-0.00019838472574995603,0.0002374204513361653,0.10339247771722808
11.17434891094337,0.00016537963162421843,0.0002374204513361653,0.10339770514440884
11.175648972657427,-0.0001799425959314871,0.0002374204513361653,0.10340199505905687
11.176949035421611,-9.43752626908767e-05,0.0002374204513361653,0.1034068817606664
11.178249099240537,-0.00028680365274770525,0.0002374204513361653,0.10341149571984774
11.179549164118821,-0.00021812473408815147,0.0002374204513361653,0.1034155257900609
11.18084923006108,-0.000162671714688839,0.0002374204513361653,0.10341836981734058
11.182149297071925,-0.00015017885214164972,0.0002374204513361653,0.10342086245182558
11.183449365155974,-0.00044336466264782715,0.0002374204513361653,0.10342298862304078
11.184749434317842,-0.000247828232901412,0.0002374204513361653,0.10342364590167168
11.186049504562146,-7.558252200021154e-05,0.0002374204513361653,0.1034248862258019
11.187349575893494,-0.00011995953288848615,0.0002374204513361653,0.10342786557818197
11.18864964831651,-6.375674282879662e-05,0.0002374204513361653,0.10343036093483617
11.189949721835806,-0.00013098988012125168,0.0002374204513361653,0.10343263474188882
11.191249796455997,-0.0001934959130431152,0.0002374204513361653,0.10343527050796786
11.192549872181697,0.00019012845694567349,0.0002374204513361653,0.10343892681858317
11.193849949017523,0.00014929922920167704,0.0002374204513361653,0.10344251214105032
11.19515002696809,-0.0003161652659885439,0.0002374204513361653,0.10344602563309345
11.196450106038013,-0.00015996525339195822,0.0002374204513361653,0.10344946642623364
11.197750186231907,-0.00018622496780799913,0.0002374204513361653,0.10345277036609407
11.199050267554387,-0.00047052678357473177,0.0002374204513361653,0.10345686709805145
11.20035035001007,-0.0007194328486897356,0.0002374204513361653,0.1034617749903963
11.201650433603568,-0.00038251281457228614,0.0002374204513361653,0.10346518202541628
11.2029505183395,-0.00034198318324844823,0.0002374204513361653,0.10346811822988412
11.204250604222478,-0.0003712800091130314,0.0002374204513361653,0.1034705843665942
11.205550691257121,-0.0007582948140888307,0.0002374204513361653,0.10347299435967713
11.20685077944804,-0.0003359172104872715,0.0002374204513361653,0.103475332413532
11.208150868799851,-0.0004322757298863139,0.0002374204513361653,0.10347788223883944
11.209450959317172,-0.0003824437543394482,0.0002374204513361653,0.10348005687997838
11.210751051004616,-0.00030841748065782437,0.0002374204513361653,0.10348334356908735
11.2120511438668,-8.009620214363689e-05,0.0002374204513361653,0.10348619904313544
11.213351237908336,-0.0003834837549510778,0.0002374204513361653,0.10348904755507943
11.214651333133844,-0.000515588080101187,0.0002374204513361653,0.1034909639926769
11.215951429547935,-0.00035965933853032706,0.0002374204513361653,0.10349272767608204
11.217251527155225,-0.00010370980458701551,0.0002374204513361653,0.10349386179608817
11.218551625960332,-0.0002450338502859306,0.0002374204513361653,0.10349550907285247
11.21985172596787,-0.0001997661497594727,0.0002374204513361653,0.10349747831982885
11.22115182718245,-0.0002568661603315342,0.0002374204513361653,0.10350035899784962
11.222451929608694,-0.0003703866388009014,0.0002374204513361653,0.10350410235882684
11.223752033251213,-0.00026962153886882223,0.0002374204513361653,0.10350630270542902
11.225052138114622,-0.0007403786837835158,0.0002374204513361653,0.10350870112131201
11.22635224420354,-0.0005109108544899127,0.0002374204513361653,0.1035112861974825
11.227652351522577,-0.0004257149829184903,0.0002374204513361653,0.10351313670459514
11.228952460076354,-0.00036947913917624586,0.0002374204513361653,0.10351576574933151
11.23025256986948,-0.0005291165712985879,0.0002374204513361653,0.1035169511166996
11.231552680906576,-0.00010595985542080633,0.0002374204513361653,0.10351768771623043
11.232852793192254,0.00021169892909406185,0.0002374204513361653,0.10351767542194736
11.234152906731131,-1.1752393217767665e-06,0.0002374204513361653,0.10351641443527476
11.23545302152782,-0.0001612635546511254,0.0002374204513361653,0.10351417863690832
11.236753137586938,-0.0003102043249511438,0.0002374204513361653,0.1035119046215388
11.2380532549131,-0.0006952719191988671,0.0002374204513361653,0.10351035731486599
11.23935337351092,-0.0005487092860291531,0.0002374204513361653,0.1035088882442168
11.240653493385013,-0.0006138038601635892,0.0002374204513361653,0.10350648806624425
11.241953614539996,-7.85253872903624e-05,0.0002374204513361653,0.10350397996136683
11.243253736980485,-0.0002238803997585831,0.0002374204513361653,0.10350130158151924
11.244553860711095,-0.00022057889238295825,0.0002374204513361653,0.1034981976667334
11.245853985736439,0.00010993723556271262,0.0002374204513361653,0.10349544219336679
11.247154112061134,0.00013153799053620963,0.0002374204513361653,0.10349130149593544
11.248454239689792,0.0003083585012001039,0.0002374204513361653,0.10348634249671065
11.249754368627034,0.0005327995012086723,0.0002374204513361653,0.10348130270450732
11.25105449887747,0.00010687769488354482,0.0002374204513361653,0.10347553979031565
11.25235463044572,0.0005245166902403398,0.0002374204513361653,0.10346961168452316
11.253654763336394,0.000281755843181547,0.0002374204513361653,0.10346327164447773
11.25495489755411,0.00035562141932034275,0.0002374204513361653,0.10345645043348331
11.256255033103484,9.6317494272663e-06,0.0002374204513361653,0.10344979185127098
11.25755516998913,0.00010229276217720018,0.0002374204513361653,0.10344342892451663
11.258855308215665,0.00043698844148895577,0.0002374204513361653,0.10343803145881164
11.260155447787701,0.0001921925634729149,0.0002374204513361653,0.10343192011122754
11.261455588709856,0.00015863114165814984,0.0002374204513361653,0.1034254050783768
11.262755730986745,0.0001145714229543876,0.0002374204513361653,0.10341816037835434
11.264055874622983,-9.886395258679181e-05,0.0002374204513361653,0.10341017394636128
11.265356019623184,0.0003351051041128178,0.0002374204513361653,0.10340296542905768
11.26665616599196,-0.00014497100457508405,0.0002374204513361653,0.10339601799780604
11.267956313733936,-0.00043288086910089896,0.0002374204513361653,0.10338920890782076
11.269256462853718,0.0001305950128859673,0.0002374204513361653,0.10338204156253346
11.270556613355927,0.00025478623017255453,0.0002374204513361653,0.10337550020119252
11.271856765245175,0.0002614268205727577,0.0002374204513361653,0.10336948943678474
11.273156918526078,0.00021072712308785324,0.0002374204513361653,0.10336212404059103
11.274457073203253,4.330228868804076e-05,0.0002374204513361653,0.10335476054318983
11.275757229281313,5.859108790662315e-05,0.0002374204513361653,0.1033471418573122
11.277057386764874,-3.21456225169936e-05,0.0002374204513361653,0.10333715728560122
11.27835754565855,-0.00010660653374279516,0.0002374204513361653,0.10332655489856557
11.27965770596696,0.0001868592022997162,0.0002374204513361653,0.10331539541589736
11.280957867694715,-8.032263633268866e-05,0.0002374204513361653,0.10330271235829416
11.28225803084643,0.000498969173827149,0.0002374204513361653,0.10329096394498223
11.283558195426727,-6.941627850763632e-05,0.0002374204513361653,0.10327903476602815
11.284858361440213,6.038164842264715e-05,0.0002374204513361653,0.10326740286537325
11.286158528891507,0.0005654735632218411,0.0002374204513361653,0.10325566602022428
11.287458697785224,0.0002122367770579503,0.0002374204513361653,0.10324374223816675
11.28875886812598,0.00035547068951864713,0.0002374204513361653,0.10323142705157314
11.29005903991839,0.0007730661222751095,0.0002374204513361653,0.10321872832488269
11.291359213167068,0.0005346493315611378,0.0002374204513361653,0.10320571287096716
11.292659387876629,0.0005979714662621427,0.0002374204513361653,0.1031922918727261
11.29395956405169,0.0006907354193573662,0.0002374204513361653,0.10317845872617168
11.295259741696864,0.0005390218285398762,0.0002374204513361653,0.10316405717746766
11.29655992081677,0.0004653407549230909,0.0002374204513361653,0.10314976717772856
11.297860101416019,-3.7279433577425136e-05,0.0002374204513361653,0.10313410878412752
11.29916028349923,-2.4886490638476033e-05,0.0002374204513361653,0.10311775644102597
11.300460467071016,0.0002411736568940226,0.0002374204513361653,0.10310338322654194
11.301760652135991,0.00032609490801709107,0.0002374204513361653,0.10309014479927728
11.303060838698773,0.0006836150166072974,0.0002374204513361653,0.1030770414849133
11.304361026763974,0.0010740188464824357,0.0002374204513361653,0.103061311233013
11.305661216336214,0.001146588999747511,0.0002374204513361653,0.10304689604116715
11.306961407420104,0.0015033590122576629,0.0002374204513361653,0.10303463908163099
11.308261600020263,0.001051147989827056,0.0002374204513361653,0.10302028667520165
11.3095617941413,0.001737964665877667,0.0002374204513361653,0.103005411534526
11.310861989787838,0.0017710478322134904,0.0002374204513361653,0.10299000658963783
11.312162186964487,0.0008488954164327656,0.0002374204513361653,0.10297406482800608
11.313462385675864,0.001171326575014578,0.0002374204513361653,0.10295760989164339
11.314762585926584,0.0010838408276045708,0.0002374204513361653,0.10294063121355854
11.316062787721263,0.0010003066369308478,0.0002374204513361653,0.10292351021115209
11.317362991064515,0.0008305390812350932,0.0002374204513361653,0.10290622553649557
11.318663195960955,0.00036462767475298197,0.0002374204513361653,0.10289099712938274
11.319963402415201,0.0008857892136147072,0.0002374204513361653,0.10287532247883904
11.321263610431863,0.0010696099697026784,0.0002374204513361653,0.1028577437382198
11.322563820015564,0.0016961755882726054,0.0002374204513361653,0.1028382947098512
11.32386403117091,0.0018827833619642909,0.0002374204513361653,0.10281821478643514
11.325164243902524,0.0012933505101390547,0.0002374204513361653,0.10279750373010416
11.326464458215018,0.00131068302760097,0.0002374204513361653,0.10277566560024586
11.327764674113006,0.0007343761205333421,0.0002374204513361653,0.10275285823392924
11.329064891601107,0.00021319349111270647,0.0002374204513361653,0.1027290738549984
11.330365110683932,-0.00016726522119063503,0.0002374204513361653,0.10270527919268528
11.331665331366096,-0.00019642549232345985,0.0002374204513361653,0.10268102636969638
11.33296555365222,0.00034210853490987403,0.0002374204513361653,0.10265632463191017
11.334265777546916,0.0001754054208378264,0.0002374204513361653,0.1026306542831979
11.335566003054797,0.00020578152624727009,0.0002374204513361653,0.10260400140168778
11.336866230180481,7.53697901757222e-05,0.0002374204513361653,0.10257634537010525
11.338166458928582,-0.00029107433172806396,0.0002374204513361653,0.10254622459006801
11.339466689303716,-0.00040877524964892664,0.0002374204513361653,0.10251835151238563
11.340766921310498,0.00010114328875343581,0.0002374204513361653,0.10248999397611272
11.342067154953542,4.583285333253917e-05,0.0002374204513361653,0.10246115744267348
11.343367390237466,-5.379634704880121e-05,0.0002374204513361653,0.1024314717543695
11.344667627166881,-0.0002619912968170601,0.0002374204513361653,0.102401157157356
11.345967865746408,-0.00023322903766188896,0.0002374204513361653,0.1023713057288786
11.347268105980659,0.0003437623140989249,0.0002374204513361653,0.10234110167668974
11.348568347874247,0.000522522559739641,0.0002374204513361653,0.10230939587395033
11.349868591431791,0.0001867786932523846,0.0002374204513361653,0.10227673104326848
11.351168836657903,0.00023730377551889337,0.0002374204513361653,0.10224466802454048
11.352469083557203,-0.00013154922534892866,0.0002374204513361653,0.10221299287840749
11.353769332134302,0.0002642031080400675,0.0002374204513361653,0.10218235296544624
11.355069582393817,0.00010417278134357277,0.0002374204513361653,0.1021506609343771
11.356369834340361,0.00022030458797848984,0.0002374204513361653,0.10211792025498342
11.357670087978553,-0.00023816247086845543,0.0002374204513361653,0.10208526517769649
11.358970343313004,0.00019900815260733007,0.0002374204513361653,0.10205245359831686
11.360270600348334,0.0006201892774101714,0.0002374204513361653,0.10201791820575337
11.361570859089154,0.00028568397082660846,0.0002374204513361653,0.10198229692638591
11.362871119540081,-0.00018680936929414693,0.0002374204513361653,0.10194576238394454
11.364171381705733,-0.0003334832774250923,0.0002374204513361653,0.1019083078420833
11.36547164559072,-0.0005070040298335715,0.0002374204513361653,0.10186979293674471
11.36677191119966,2.641813280518379e-05,0.0002374204513361653,0.10182899699294629
11.368072178537167,-6.624078791858667e-05,0.0002374204513361653,0.10178941825616451
11.369372447607859,-4.584877469114568e-05,0.0002374204513361653,0.10174936893084169
11.37067271841635,0.00024596688097630603,0.0002374204513361653,0.1017100421914841
11.371972990967254,-0.00023298613168265536,0.0002374204513361653,0.10166717390118167
11.373273265265187,-0.00014890891388441574,0.0002374204513361653,0.10162556167381122
11.374573541314764,-0.0003791633730767241,0.0002374204513361653,0.101583472627691
11.3758738191206,-0.0003735692546094904,0.0002374204513361653,0.10154048931854702
11.37717409868731,-0.0002961035264470724,0.0002374204513361653,0.10149724557465882
11.37847438001951,-0.00028922556531761623,0.0002374204513361653,0.10145310617737893
11.379774663121818,0.00018002782522308358,0.0002374204513361653,0.101408422162426
11.381074947998844,0.0002236945157471082,0.0002374204513361653,0.10136233226527001
11.382375234655205,0.000333514314317801,0.0002374204513361653,0.10131655114122738
11.383675523095519,1.6726654850793277e-05,0.0002374204513361653,0.10127053990708243
11.384975813324397,0.00019548160713148133,0.0002374204513361653,0.10122462513864364
11.38627610534646,0.00010504276502452947,0.0002374204513361653,0.10117876013284012
11.387576399166315,-0.0005235432228555131,0.0002374204513361653,0.10113235647274724
11.388876694788584,-0.0003175525756726888,0.0002374204513361653,0.10108507750322317
11.39017699221788,-5.7710958366180565e-06,0.0002374204513361653,0.10103818320393328
11.391477291458818,0.0003481877465505989,0.0002374204513361653,0.10098796979650539
11.392777592516014,-4.0222751870516715e-05,0.0002374204513361653,0.10093935432741061
11.394077895394084,-0.0004805496215928018,0.0002374204513361653,0.10089151007443242
11.395378200097639,4.448841816723226e-05,0.0002374204513361653,0.10084428120041926
11.3966785066313,-4.159330764046121e-05,0.0002374204513361653,0.10079529742847122
11.397978814999679,2.392361329331405e-06,0.0002374204513361653,0.10074605621619509
11.399279125207391,9.201480217699287e-05,0.0002374204513361653,0.10069927480866218
11.400579437259053,-0.00010657267384672764,0.0002374204513361653,0.10065277357223398
11.401879751159278,0.00040896274677351685,0.0002374204513361653,0.10060608662692283
11.403180066912684,0.0005761959571533304,0.0002374204513361653,0.10055994790579925
11.404480384523882,0.00017425593563440145,0.0002374204513361653,0.10051113225191774
11.405780703997493,0.00013257534858503173,0.0002374204513361653,0.10046274582455803
11.40708102533813,-0.00011674117557317065,0.0002374204513361653,0.10041325119768998
11.408381348550405,-4.32943856318313e-05,0.0002374204513361653,0.10036420974646737
11.409681673638936,0.0002645373428911135,0.0002374204513361653,0.10031614253542656
11.410982000608339,-7.601729732464868e-06,0.0002374204513361653,0.10026794181015358
11.412282329463228,-1.7672972814422594e-05,0.0002374204513361653,0.10021972836547383
11.413582660208219,-0.00017158780946173458,0.0002374204513361653,0.10017150779275158
11.414882992847925,-2.213045225173127e-05,0.0002374204513361653,0.10012188901124949
11.416183327386964,0.0003380732721639662,0.0002374204513361653,0.10007200417791837
11.41748366382995,0.0002445216225013397,0.0002374204513361653,0.10002186366393151
11.418784002181498,0.0003853526109513228,0.0002374204513361653,0.09997147791303465
11.420084342446224,0.00042236238205542453,0.0002374204513361653,0.09992141557786657
11.421384684628745,0.0005922943252738844,0.0002374204513361653,0.099871033014782
11.422685028733671,0.00016876561993257877,0.0002374204513361653,0.09982034399462872
11.423985374765623,-4.0064197704234306e-05,0.0002374204513361653,0.09976936233763542
11.42528572272921,-5.7393249380102707e-05,0.0002374204513361653,0.09971813320498876
11.426586072629055,-0.0001453985159589194,0.0002374204513361653,0.09966666452185627
11.427886424469767,0.0002886880083163429,0.0002374204513361653,0.09961496427332414
11.429186778255964,0.00028126843314377203,0.0002374204513361653,0.0995625383276526
11.43048713399226,-0.00012574759503840294,0.0002374204513361653,0.09951101481559015
11.431787491683272,-0.00022928111044527577,0.0002374204513361653,0.0994590932251501
11.433087851333614,-0.0002493544315160523,0.0002374204513361653,0.09940696513552191
11.4343882129479,-0.0002920575325797703,0.0002374204513361653,0.09935370451896544
11.435688576530747,-0.00047557133207176694,0.0002374204513361653,0.09930122885952869
11.436988942086769,-0.0005853781763838911,0.0002374204513361653,0.0992511505931724
11.438289309620584,0.00010021458836792507,0.0002374204513361653,0.09919884155524698
11.439589679136805,-5.935043711235988e-05,0.0002374204513361653,0.09914732828647391
11.440890050640048,-0.00014651423787599704,0.0002374204513361653,0.09909608418333152
11.442190424134925,-0.0004399331018317548,0.0002374204513361653,0.09904592558001343
11.443490799626057,-0.0001971196839392897,0.0002374204513361653,0.09899476199009996
11.444791177118056,0.00039538720160041396,0.0002374204513361653,0.09894160085786653
11.446091556615535,-0.00028141921416907634,0.0002374204513361653,0.0988881404083229
11.447391938123113,-6.901492242653018e-05,0.0002374204513361653,0.09883439823103018
11.448692321645405,0.000591188903527301,0.0002374204513361653,0.09878034631310914
11.449992707187025,0.000376358777241681,0.0002374204513361653,0.09872600052500513
11.45129309475259,-1.4425859889255488e-05,0.0002374204513361653,0.09867212388428528
11.45259348434671,2.189013823888919e-05,0.0002374204513361653,0.09861814633018987
11.453893875974007,0.0006512825593061461,0.0002374204513361653,0.09856408911649367
11.455194269639092,0.0001164396578873933,0.0002374204513361653,0.09850968297301292
11.456494665346582,0.00041370365325368863,0.0002374204513361653,0.09845493799228687
11.457795063101091,0.000430348232359698,0.0002374204513361653,0.09840071743564727
11.459095462907236,0.00038717756349114507,0.0002374204513361653,0.09834566718452756
11.460395864769632,0.00024829322511973895,0.0002374204513361653,0.09829177370690215
11.46169626869289,2.7644837048895754e-05,0.0002374204513361653,0.09823898833044828
11.462996674681632,0.0003683660556637186,0.0002374204513361653,0.09818401220861081
11.464297082740469,0.00018296333931887288,0.0002374204513361653,0.09812836599304214
11.465597492874016,-0.0002614186249812467,0.0002374204513361653,0.09807288851706343
11.46689790508689,-0.0004124040412785829,0.0002374204513361653,0.09801763784250883
11.468198319383706,-0.00037609076454454826,0.0002374204513361653,0.09796262068192266
11.46949873576908,-0.0001605654893740427,0.0002374204513361653,0.09790784387705434
11.470799154247624,6.487165356854063e-05,0.0002374204513361653,0.09785352855665122
11.472099574823956,-0.0008683031997019225,0.0002374204513361653,0.09779967332299055
11.47339999750269,0.000754985792943863,0.0002374204513361653,0.0977476333058106
11.474700422288445,0.00039677652504063743,0.0002374204513361653,0.09769542102485418
11.47600084918583,8.924791462332216e-05,0.0002374204513361653,0.09764305896568988
11.477301278199464,0.0003054717033382781,0.0002374204513361653,0.0975923586817771
11.478601709333962,0.00010944803259843594,0.0002374204513361653,0.09753927269753707
11.47990214259394,0.00022953199819991665,0.0002374204513361653,0.09748656650859897
11.481202577984009,-0.00011420823919357226,0.0002374204513361653,0.09743424488273719
11.48250301550879,4.054702459363457e-05,0.0002374204513361653,0.09738231274283665
11.483803455172895,-0.0011134152197231212,0.0002374204513361653,0.09733077516689259
11.485103896980938,-0.0011254415190457695,0.0002374204513361653,0.09727963738801104
11.486404340937538,-0.0002465133161861782,0.0002374204513361653,0.09722890479440915
11.487704787047308,0.00016243737266392888,0.0002374204513361653,0.09717858292941498
11.489005235314863,4.34979554625875e-05,0.0002374204513361653,0.09712904656344779
11.49030568574482,-0.00036739564461742147,0.0002374204513361653,0.09708026613776762
11.491606138341792,-0.0004883346715621878,0.0002374204513361653,0.09703117469372124
11.492906593110396,-0.00019953817192595869,0.0002374204513361653,0.0969816482815952
11.494207050055245,-0.00019296284273723208,0.0002374204513361653,0.09693170441568584
11.495507509180957,-0.00035115268725939563,0.0002374204513361653,0.0968813605161902
11.496807970492146,5.323202832863139e-05,0.0002374204513361653,0.0968292026194256
11.498108433993428,-3.425915384040745e-05,0.0002374204513361653,0.09677573720902802
11.499408899689415,8.575606594747598e-05,0.0002374204513361653,0.09672262435732853
11.500709367584726,4.8476929568469496e-05,0.0001955507855376806,0.09666988236836237
11.502009837683977,4.082321132686806e-05,0.0001955507855376806,0.0966167550515418
11.503310309991779,-0.00011648452111980012,0.0001955507855376806,0.09656409424718401
11.50461078451275,-0.0001417735572977752,0.0001955507855376806,0.09651127238906018
11.505911261251505,-3.693831422345306e-05,0.0001955507855376806,0.09645797887944538
11.507211740212657,0.0003504499455657534,0.0001955507855376806,0.09640529130680824
11.508512221400826,-5.634917937924477e-06,0.0001955507855376806,0.09635272212627209
11.50981270482062,-0.00010132552087907531,0.0001955507855376806,0.09630028484952476
11.511113190476662,-0.00019305050293143278,0.0001955507855376806,0.09624868489075294
11.512413678373562,-0.00029237738041146266,0.0001955507855376806,0.0961969481343708
11.51371416851594,0.000590347443355066,0.0001955507855376806,0.09614623482778079
11.515014660908406,0.00038677698015807116,0.0001955507855376806,0.0960965156566814
11.51631515555558,9.342081808874636e-06,0.0001955507855376806,0.09604776168405743
11.517615652462073,0.0002821300005208943,0.0001955507855376806,0.09599844949546919
11.518916151632503,-0.0005403935250845315,0.0001955507855376806,0.09594861022483242
11.520216653071484,-0.0004493140460260364,0.0001955507855376806,0.09589900469112131
11.52151715678363,-0.0001462851912081703,0.0001955507855376806,0.09584880953190472
11.522817662773562,-0.00026608060609416284,0.0001955507855376806,0.09579803921420223
11.524118171045888,-0.0005653990956447086,0.0001955507855376806,0.09574575027852511
11.525418681605226,-0.00039380865390452324,0.0001955507855376806,0.09569357557873517
11.526719194456193,-0.00032880443023446115,0.0001955507855376806,0.09564151866391626
11.528019709603404,-6.618951861318834e-05,0.0001955507855376806,0.09558914724436074
11.52932022705147,-0.0002805761568217269,0.0001955507855376806,0.09553648232977538
11.53062074680501,8.702973181703988e-05,0.0001955507855376806,0.09548257255513201
11.53192126886864,0.00011160650753956614,0.0001955507855376806,0.09542723372893376
11.533221793246971,0.0001088448654602836,0.0001955507855376806,0.09537279505879735
11.534522319944625,-8.090139473616864e-05,0.0001955507855376806,0.09531829453300969
11.53582284896621,-0.00031056787628666593,0.0001955507855376806,0.0952637487069425
11.537123380316347,0.0006125800789869851,0.0001955507855376806,0.09520872212129232
11.538423913999647,-4.10041860085808e-05,0.0001955507855376806,0.09515359410503606
11.539724450020728,-0.00012531069414147,0.0001955507855376806,0.09509892222353879
11.541024988384203,1.0201270390031159e-05,0.0001955507855376806,0.09504492664955472
11.54232552909469,0.00012952894864479148,0.0001955507855376806,0.0949903055869943
11.543626072156803,0.0002750843597250502,0.0001955507855376806,0.09493512329229359
11.544926617575156,0.0001318774071410317,0.0001955507855376806,0.0948799035854337
11.546227165354365,0.0004767972596172315,0.0001955507855376806,0.09482506170802396
11.547527715499044,0.0004342796503883223,0.0001955507855376806,0.09477062018253088
11.54882826801381,0.0002829888707146233,0.0001955507855376806,0.09471713801422725
11.550128822903282,0.0009144427754467638,0.0001955507855376806,0.09466384587218926
11.551429380172067,0.0013484985110970432,0.0001955507855376806,0.09461071564916718
11.552729939824788,0.0011537612484044252,0.0001955507855376806,0.09455694848075422
11.554030501866054,0.0014415321032699713,0.0001955507855376806,0.09450302470462685
11.555331066300482,0.0002737293524926049,0.0001955507855376806,0.09445109542682179
11.55663163313269,0.00032424098799770096,0.0001955507855376806,0.09439968705018514
11.557932202367292,0.000583920343595265,0.0001955507855376806,0.09434722276800307
11.559232774008901,0.0006325405793074224,0.0001955507855376806,0.094294719480265
11.560533348062133,6.169687332407969e-05,0.0001955507855376806,0.09424136948976927
11.561833924531607,0.00036963319128897887,0.0001955507855376806,0.09418965345504154
11.563134503421935,0.00025557191815937796,0.0001955507855376806,0.09413864225341075
11.564435084737731,-0.00010989867946048504,0.0001955507855376806,0.09408833197068348
11.565735668483612,-0.00010792760069791574,0.0001955507855376806,0.09403871896162458
11.567036254664194,-0.0001554464818856599,0.0001955507855376806,0.09398929920188148
11.56833684328409,-0.00033490785039604065,0.0001955507855376806,0.09394054029639037
11.569637434347918,-0.000146170483979996,0.0001955507855376806,0.09389118907497035
11.570938027860292,-0.00033076095392210736,0.0001955507855376806,0.09384181622187596
11.572238623825827,1.957379941963655e-06,0.0001955507855376806,0.09379227376855187
11.573539222249137,-0.00022094698042009198,0.0001955507855376806,0.09374209126307415
11.574839823134838,0.00013270039200440065,0.0001955507855376806,0.093692252490651
11.576140426487546,0.0001314453694168244,0.0001955507855376806,0.09364521786667797
11.577441032311878,0.00032813371181439344,0.0001955507855376806,0.0935971188593839
11.578741640612446,-0.00032608977747596024,0.0001955507855376806,0.09354964171979935
11.580042251393868,-0.000126607602237927,0.0001955507855376806,0.09350043054703802
11.581342864660757,6.992785521105216e-05,0.0001955507855376806,0.09345128745519321
11.582643480417728,-5.0831868126793855e-06,0.0001955507855376806,0.09340217376801468
11.583944098669397,0.0003497425563960821,0.0001955507855376806,0.09335334169756238
11.58524471942038,-0.00017479714430677917,0.0001955507855376806,0.09330485812016931
11.586545342675294,0.00017466431716728348,0.0001955507855376806,0.09325627635393438
11.58784596843875,0.000386762898800852,0.0001955507855376806,0.09320758991407578
11.589146596715365,-9.935848663567004e-05,0.0001955507855376806,0.09315763338682277
11.590447227509754,0.0001433130269812427,0.0001955507855376806,0.09310625261536072
11.591747860826533,0.00020536468655785178,0.0001955507855376806,0.09305455208311206
11.593048496670317,-6.34047237454971e-05,0.0001955507855376806,0.09300210769429548
11.594349135045723,3.66137516614462e-05,0.0001955507855376806,0.09294929565076829
11.595649775957362,-0.00014137043391200532,0.0001955507855376806,0.09289707234403871
11.596950419409852,-0.00012375785718414523,0.0001955507855376806,0.09284422431982901
11.59825106540781,-0.0001373995257912125,0.0001955507855376806,0.09279011428190126
11.599551713955847,-0.00026598552919705754,0.0001955507855376806,0.09273573656877607
11.60085236505858,-0.0003440271126646244,0.0001955507855376806,0.09268094545742125
11.602153018720626,-0.00069927705706406,0.0001955507855376806,0.09262538964394716
11.6034536749466,-0.0002618466285762566,0.0001955507855376806,0.09257017085323886
11.604754333741113,-0.00011416653999535287,0.0001955507855376806,0.09251734677147005
11.606054995108785,-0.0003952015875545306,0.0001955507855376806,0.09246299599069521
11.60735565905423,-0.0006029398761762811,0.0001955507855376806,0.0924075921314635
11.608656325582064,-0.0004541865948935325,0.0001955507855376806,0.09235115134837885
11.6099569946969,0.0003625792737001893,0.0001955507855376806,0.09229447280040823
11.611257666403354,2.824906405318739e-05,0.0001955507855376806,0.09223825245969622
11.612558340706041,0.00014353823902206464,0.0001955507855376806,0.09218165322784164
11.613859017609578,0.00025723698325434696,0.0001955507855376806,0.0921256067952603
11.615159697118578,0.00031912266805823875,0.0001955507855376806,0.09207014040249958
11.616460379237658,0.00010529438350422027,0.0001955507855376806,0.09201354166582967
11.617761063971432,0.0005153391570944105,0.0001955507855376806,0.09195687476335428
11.619061751324516,0.00044065121304368016,0.0001955507855376806,0.09190025946818636
11.620362441301525,0.0005005575697533682,0.0001955507855376806,0.09184478787381636
11.621663133907076,0.0001812454919938311,0.0001955507855376806,0.09178851457624376
11.62296382914578,7.719474691342265e-05,0.0001955507855376806,0.09173220093382799
11.624264527022255,0.00020380059435176623,0.0001955507855376806,0.09167586534623012
11.625565227541117,0.0005688634023103406,0.0001955507855376806,0.091619526194887
11.62686593070698,-0.00022167738542971938,0.0001955507855376806,0.09156320184301078
11.62816663652446,0.00013062003386608845,0.0001955507855376806,0.09150539946849504
11.629467344998172,0.0007181334179423848,0.0001955507855376806,0.09144864752455703
11.63076805613273,0.0009734199273922078,0.0001955507855376806,0.0913927956872427
11.632068769932749,0.0008938112566456852,0.0001955507855376806,0.09133377325493988
11.633369486402847,0.0005424717242819704,0.0001955507855376806,0.09127326040572237
11.63467020554764,0.0005035674927558464,0.0001955507855376806,0.09121236821174764
11.635970927371737,0.0003961760853620211,0.0001955507855376806,0.09115049672537041
11.63727165187976,0.0008530855487296346,0.0001955507855376806,0.09108804710498605
11.638572379076319,-0.00015410959996231544,0.0001955507855376806,0.09102330241845596
11.639873108966034,0.00039620444164138735,0.0001955507855376806,0.09096023381973549
11.641173841553515,-3.542854173509136e-05,0.0001955507855376806,0.09089727985492449
11.642474576843384,-0.00028643351637430703,0.0001955507855376806,0.09083444067873664
11.64377531484025,0.00015576490341280558,0.0001955507855376806,0.09077171648960011
11.64507605554873,0.0011936321381408183,0.0001955507855376806,0.09071023846520973
11.64637679897344,0.001645607482932826,0.0001955507855376806,0.09064906467223313
11.647677545118997,0.0020621008923913664,0.0001955507855376806,0.09058706781364091
11.648978293990012,0.002420985965463779,0.0001955507855376806,0.09052424776095083
11.650279045591105,0.0011692067655034166,0.0001955507855376806,0.09045920401049865
11.651579799926889,0.000822246284229694,0.0001955507855376806,0.09039320963329861
11.652880557001977,3.405403456047118e-05,0.0001955507855376806,0.09032796304003327
11.654181316820988,0.0002934934866515443,0.0001955507855376806,0.09026399949105865
11.655482079388536,-0.0002193261554622461,0.0001955507855376806,0.09020000490371165
11.656782844709234,-0.0001659656815530819,0.0001955507855376806,0.09013587932062221
11.658083612787697,0.0001741788803171912,0.0001955507855376806,0.09007164417437971
11.659384383628547,0.00030185642573787863,0.0001955507855376806,0.0900073829835766
11.660685157236394,0.0003083220366800199,0.0001955507855376806,0.08994350039541614
11.661985933615851,9.534250397749688e-06,0.0001955507855376806,0.08988017482735455
11.663286712771537,0.0002137665401220068,0.0001955507855376806,0.08981735097403681
11.664587494708067,0.0004402832285490266,0.0001955507855376806,0.08975550901905852
11.665888279430057,0.0004461861031104797,0.0001955507855376806,0.08969488701127026
11.667189066942118,0.0002449794281323553,0.0001955507855376806,0.08963442181223877
11.668489857248868,0.00010545169455956904,0.0001955507855376806,0.08957371040246179
11.669790650354924,0.00047572141527135736,0.0001955507855376806,0.08951335628307364
11.6710914462649,2.8417898550348042e-05,0.0001955507855376806,0.08945200234978248
11.67239224498341,-4.3220184199638245e-05,0.0001955507855376806,0.08939069914827247
11.67369304651507,0.0003095749123378233,0.0001955507855376806,0.0893294575989306
11.674993850864494,-1.9669116928730523e-05,0.0001955507855376806,0.08926828861345587
11.6762946580363,-0.0001277018135047575,0.0001955507855376806,0.08920695201527164
11.677595468035099,-7.747443737883553e-05,0.0001955507855376806,0.08914503327752796
11.678896280865512,0.00025747662402261784,0.0001955507855376806,0.08908267539461975
11.68019709653215,0.00037845549864407024,0.0001955507855376806,0.08902106437698079
11.68149791503963,-0.0005518160883444534,0.0001955507855376806,0.08895965905487753
11.682798736392566,-6.545579940553381e-05,0.0001955507855376806,0.08889822746952843
11.684099560595575,-0.0003498505945723901,0.0001955507855376806,0.08883621608186013
11.68540038765327,0.0002715036234932078,0.0001955507855376806,0.08877293507764729
11.686701217570267,0.00020574812101389894,0.0001955507855376806,0.08871076111671913
11.688002050351182,-0.00012112242261896888,0.0001955507855376806,0.08865152784573974
11.68930288600063,-3.0093561989921747e-05,0.0001955507855376806,0.08859014360209827
11.690603724523228,0.000343067471909847,0.0001955507855376806,0.08852771368603674
11.691904565923588,-4.012316502163826e-05,0.0001955507855376806,0.08846587794535993
11.693205410206327,0.0002717093915742541,0.0001955507855376806,0.08840448316792751
11.694506257376059,0.0007280540914886557,0.0001955507855376806,0.08834329554775433
11.695807107437401,0.0003998154626114331,0.0001955507855376806,0.08828231984072425
11.697107960394966,0.0005154638588683313,0.0001955507855376806,0.0882211538522489
11.698408816253371,0.000853862381663073,0.0001955507855376806,0.08815982977875436
11.699709675017232,0.001654328665384494,0.0001955507855376806,0.0880989724178135
11.701305840676131,0.0015172907363856653,0.0001955507855376806,0.08803826714940635
11.703804243347525,0.000990351131721412,0.0001955507855376806,0.08797583690627461
11.706302655167063,0.0005413458041587382,0.0001955507855376806,0.0879141407301311
11.708801076102779,0.0004025697437822634,0.0001955507855376806,0.08785453801116533
11.711299506122712,0.00021828840084153756,0.0001955507855376806,0.08779383441384817
11.713797945194898,0.0003298682153343724,0.0001955507855376806,0.08773336056338746
11.716296393287374,0.0005088445229573801,0.0001955507855376806,0.08767348444705919
11.718794850368177,0.000718534806202209,0.0001955507855376806,0.08761393234618317
11.721293316405344,0.001466970645368229,0.0001955507855376806,0.0875545992990781
11.723791791366908,0.0030531436613058377,0.0001955507855376806,0.08749578542642741
11.726290275220913,0.0038612349921390843,0.0001955507855376806,0.0874386062867668
11.728788767935388,0.002284075487802295,0.0001955507855376806,0.08738188988873727
11.731287269478374,0.0012512007592301172,0.0001955507855376806,0.0873253421598709
11.733785779817905,0.00029081056777131853,0.0001955507855376806,0.08726865491647659
11.73628429892202,0.00012547768803854165,0.0001955507855376806,0.08721184151367026
11.738782826758756,0.0002915501322347386,0.0001955507855376806,0.08715488456159323
11.741281363296148,-0.00017768163862350028,0.0001955507855376806,0.08709779841723903
11.74377990850223,-6.362407339952081e-05,0.0001955507855376806,0.08704092222940499
11.746278462345044,-0.00012227842552089974,0.0001955507855376806,0.08698344656907117
11.748777024792624,-4.4226408447547993e-05,0.0001955507855376806,0.08692536572524576
11.751275595813006,0.00023263725719016581,0.0001955507855376806,0.08686729305379806
11.753774175374229,0.0002454300471989995,0.0001955507855376806,0.0868099097597689
11.75627276344433,0.0002734348141119891,0.0001955507855376806,0.08675324414038366
11.75877135999134,-0.0003638115345812182,0.0001955507855376806,0.08669415683493022
11.7612699649833,-0.00016080752671915333,0.0001955507855376806,0.0866347933447568
11.763768578388246,-0.000513775076029066,0.0001955507855376806,0.0865755443925014
11.766267200174218,-0.00037119171514335414,0.0001955507855376806,0.08651560642989889
11.768765830309247,-0.0004004604672978307,0.0001955507855376806,0.08645601818824909
11.771264468761371,-0.00020532669084397104,0.0001955507855376806,0.08639639725083256
11.77376311549863,-0.00010799996917512655,0.0001955507855376806,0.08633706775672692
11.776261770489056,-0.0004176176988261726,0.0001955507855376806,0.08627864303856653
11.77876043370069,-0.0009036360241691244,0.0001955507855376806,0.08621928552888888
11.781259105101565,-0.0007370268785233253,0.0001955507855376806,0.0861596727540627
11.78375778465972,-0.000884221133226476,0.0001955507855376806,0.08610011874811271
11.78625647234319,-0.0005519982831287823,0.0001955507855376806,0.08604061994772126
11.788755168120014,-0.000454697694683745,0.0001955507855376806,0.08598360678996379
11.791253871958226,-0.0003938138052856227,0.0001955507855376806,0.08592744873540903
11.793752583825865,-0.0005860822734129328,0.0001955507855376806,0.08587350903744326
11.796251303690966,3.545501020528474e-05,0.0001955507855376806,0.08581878738250426
11.798750031521564,-0.0002808176399525658,0.0001955507855376806,0.08576274860365007
11.801248767285701,-0.0006493584832681087,0.0001955507855376806,0.0857076226149576
11.803747510951407,-0.0004695678625898647,0.0001955507855376806,0.08565237318221433
11.806246262486725,-8.873983928260609e-05,0.0001955507855376806,0.08559702706541955
11.808745021859687,-0.00010133377041524061,0.0001955507855376806,0.08554194154573452
11.81124378903833,-0.00042464400546901593,0.0001955507855376806,0.0854874783618565
11.813742563990695,-0.0003799807169441588,0.0001955507855376806,0.08543286541819142
11.816241346684814,-0.000499869341276632,0.0001955507855376806,0.08537930520812773
11.818740137088724,-8.116766406565668e-06,0.0001955507855376806,0.08532514984176372
11.821238935170465,3.419495733647526e-05,0.0001955507855376806,0.08527234880771378
11.823737740898071,-0.00024299843620735617,0.0001955507855376806,0.08522067119172524
11.826236554239578,-0.00018279640473142789,0.0001955507855376806,0.08516758715926384
11.828735375163024,-0.00041517495703063956,0.0001955507855376806,0.08511339908925358
11.831234203636447,-0.0006210393545791337,0.0001955507855376806,0.08505708241849479
11.83373303962788,-0.0008127936637481598,0.0001955507855376806,0.08500331693989731
11.836231883105363,-0.0006345459634010259,0.0001955507855376806,0.0849491949643448
11.83873073403693,-0.0002913600378196407,0.0001955507855376806,0.08489571168331717
11.841229592390619,-0.0004297904860650764,0.0001955507855376806,0.08484025062374806
11.843728458134468,-0.000218947414524287,0.0001955507855376806,0.08478567626518038
11.846227331236511,-6.305204384206287e-05,0.0001955507855376806,0.08473258062445632
11.848726211664788,-0.00020150933832609186,0.0001955507855376806,0.08467983984491262
11.851225099387332,-0.00012265566766289648,0.0001955507855376806,0.08462731393852957
11.85372399437218,-0.00033257924450347254,0.0001955507855376806,0.08457502268816058
11.85622289658737,0.00013671052497835068,0.0001955507855376806,0.08452298585641971
11.85872180600094,6.0312679813143144e-05,0.0001955507855376806,0.08447104700083702
11.861220722580924,0.00017307173928110542,0.0001955507855376806,0.08441918177679364
11.863719646295362,-0.000252496415732148,0.0001955507855376806,0.08437009128165501
11.866218577112285,-7.506588512624923e-05,0.0001955507855376806,0.08431905927647851
11.868717514999734,0.00018807764527960236,0.0001955507855376806,0.08426853588396528
11.871216459925744,0.0005507049865193375,0.0001955507855376806,0.08421764744652141
11.873715411858354,0.0005439092269829693,0.0001955507855376806,0.08416775675736904
11.876214370765599,0.0002724362158214172,0.0001955507855376806,0.08411686093501869
11.878713336615514,0.0001225941592988694,0.0001955507855376806,0.08406414490838977
11.881212309376137,2.3778020526860066e-05,0.0001955507855376806,0.08401377904962443
11.883711289015505,-5.0627689664878295e-05,0.0001955507855376806,0.08396446266230659
11.886210275501657,0.0004499849581351828,0.0001955507855376806,0.08391554805356657
11.888709268802625,0.0004949464352869692,0.0001955507855376806,0.08386702997598346
11.891208268886448,0.0005235140960541673,0.0001955507855376806,0.0838189031581657
11.89370727572116,0.0007194399202999635,0.0001955507855376806,0.08377103903042676
11.896206289274803,0.0006049443643251634,0.0001955507855376806,0.0837232144418425
11.898705309515412,0.0007441631575244856,0.0001955507855376806,0.08367511638969477
11.901204336411018,0.0007348019536874001,0.0001955507855376806,0.08362533709990169
11.903703369929666,0.0007358236795844963,0.0001955507855376806,0.08357604658477069
11.906202410039388,0.0006541821398097641,0.0001955507855376806,0.08352726158779664
11.908701456708219,0.00031494217496436105,0.0001955507855376806,0.08347747056778654
11.9112005099042,0.0001018942098596487,0.0001955507855376806,0.0834307639530646
11.913699569595362,4.400498809184472e-05,0.0001955507855376806,0.08338447310947597
11.91619863574975,0.0002362150342979097,0.0001955507855376806,0.08333858409453535
11.918697708335392,0.00015558081293290393,0.0001955507855376806,0.08329308295266047
11.92119678732033,1.4616198735634134e-06,0.0001955507855376806,0.08324740165826763
11.9236958726726,0.000418687011090213,0.0001955507855376806,0.08320189434513137
11.926194964360235,0.0006212631076873004,0.0001955507855376806,0.08315600418436833
11.928694062351276,0.0008627237662805765,0.0001955507855376806,0.08311034335917233
11.931193166613758,0.0002741988957965791,0.0001955507855376806,0.08306424464782292
11.933692277115718,0.0008609581788202036,0.0001955507855376806,0.0830181888293463
11.936191393825192,0.0007034272967109539,0.0001955507855376806,0.08297320073999483
11.938690516710217,0.0004197066189851745,0.0001955507855376806,0.08293020684800523
11.94118964573883,0.00040283862920369173,0.0001955507855376806,0.08288486500478442
11.943688780879066,0.0005432980524555653,0.0001955507855376806,0.08284030331127254
11.946187922098963,0.0003086701738947567,0.0001955507855376806,0.08279574577027007
11.948687069366557,0.00017677710958266535,0.0001955507855376806,0.08275273527194763
11.951186222649886,-1.1380050797538122e-07,0.0001955507855376806,0.08271016312048401
11.953685381916985,1.4870039889564035e-06,0.0001955507855376806,0.08266841283209561
11.95618454713589,7.45330701411584e-05,0.0001955507855376806,0.08262726419321814
11.958683718274642,4.8294422070133125e-05,0.0001955507855376806,0.0825858109410891
11.961182895301276,0.00019033116742329936,0.0001955507855376806,0.08254552476238297
11.963682078183824,0.00041947638010107757,0.0001955507855376806,0.0825063495626159
11.966181266890327,0.000902280094667543,0.0001955507855376806,0.0824680281196099
11.96868046138882,0.0010173330373034195,0.0001955507855376806,0.08242967948031027
11.97117966164734,0.00046541266135742554,0.0001955507855376806,0.08239131215942436
11.973678867633925,0.000246711362256416,0.0001955507855376806,0.08235221512511667
11.976178079316611,0.0006241523740971727,0.0001955507855376806,0.0823133146990545
11.978677296663433,0.0004128471572593384,0.0001955507855376806,0.08227337873134635
11.981176519642428,0.00017805422363907641,0.0001955507855376806,0.08223237563983524
11.983675748221636,0.0003547546986529676,0.0001955507855376806,0.08219027345636157
11.98617498236909,0.0002157069813642637,0.0001955507855376806,0.08214949584931973
11.988674222052826,0.0001561237164389856,0.0001955507855376806,0.08210872880163045
11.991173467240884,5.145143682870612e-05,0.0001955507855376806,0.08206868804489495
11.993672717901298,-0.0003721589871254066,0.0001955507855376806,0.08202937924368844
11.996171974002106,-0.00012983693553313136,0.0001955507855376806,0.08199014000811813
11.998671235511344,0.00032454400080685064,0.0001955507855376806,0.08195123032255461
12.001170502397049,0.0001323495260988905,0.0001955507855376806,0.08191210006143661
12.003669774627259,0.0002125223310871227,0.0001955507855376806,0.08187275724110873
12.006169052170007,0.00025164459164996045,0.0001955507855376806,0.08183437884023947
12.008668334993333,-7.21257792927893e-05,0.0001955507855376806,0.0817969617539565
12.011167623065273,0.00010402097743271443,0.0001955507855376806,0.08176015044965804
12.013666916353861,7.768900226642894e-05,0.0001955507855376806,0.08172395624705865
12.01616621482714,4.728062627354368e-05,0.0001955507855376806,0.08169001483611787
12.018665518453137,0.0006188391611219313,0.0001955507855376806,0.08165686878701342
12.021164827199897,0.000275472357359155,0.0001955507855376806,0.08162328108981992
12.023664141035454,6.700347201039902e-05,0.0001955507855376806,0.08159024166298176
12.026163459927844,-0.00015550415688549146,0.0001955507855376806,0.0815567009669807
12.028662783845103,0.0002112779744956883,0.0001955507855376806,0.08152178486229213
12.03116211275527,4.8756974917393836e-05,0.0001955507855376806,0.08148760388515189
12.033661446626379,1.9057903316438418e-05,0.0001955507855376806,0.08145206700176141
12.036160785426468,3.77969191547034e-05,0.0001955507855376806,0.081417414856437
12.038660129123574,0.00020734246501746822,0.0001955507855376806,0.08138375972288708
12.041159477685733,0.0004544161895518456,0.0001955507855376806,0.0813501823335803
12.04365883108098,-0.0002198179681599799,0.0001955507855376806,0.08131669844244016
12.046158189277357,0.00037634642793310524,0.0001955507855376806,0.08128276589765265
12.048657552242894,-0.00025068952552266544,0.0001955507855376806,0.08124837864822695
12.051156919945631,5.499446860825208e-05,0.0001955507855376806,0.0812135303837407
12.053656292353606,-0.00017247665560671255,0.0001955507855376806,0.08117821453433971
12.056155669434853,0.000292843994097583,0.0001955507855376806,0.08114203747952725
12.058655051157409,0.0006820743726781986,0.0001955507855376806,0.0811050448289278
12.061154437489312,0.0007106139627283403,0.0001955507855376806,0.08106720370954312
12.063653828398598,0.0004932103133415966,0.0001955507855376806,0.08103007523008712
12.066153223853304,5.977105641036262e-05,0.0001955507855376806,0.0809926479919698
12.068652623821466,-1.347578328134147e-06,0.0001955507855376806,0.0809557264762959
12.07115202827112,0.00048095021793144455,0.0001955507855376806,0.08091838441501165
12.073651437170303,1.731903717368255e-05,0.0001955507855376806,0.08088067515285965
12.076150850487053,0.00021182907250652527,0.0001955507855376806,0.08084257860281688
12.078650268189406,0.0012395950618029755,0.0001955507855376806,0.08080407447872348
12.081149690245399,0.0013832653348682944,0.0001955507855376806,0.08076516276195975
12.083649116623066,0.0009154790454119072,0.0001955507855376806,0.0807258235614418
12.086148547290447,7.081231832239965e-05,0.0001955507855376806,0.0806876189384928
12.088647982215578,0.0005743845325203445,0.0001955507855376806,0.08064953913718212
12.091147421366495,0.00012966529816191286,0.0001955507855376806,0.08061170763440721
12.093646864711232,5.626709933208296e-05,0.0001955507855376806,0.08057410942135484
12.096146312217831,0.0002184216037968978,0.0001955507855376806,0.08053672951004433
12.098645763854325,0.0002723751805435992,0.0001955507855376806,0.08049608184006363
12.10114521958875,0.0003374433844429703,0.0001955507855376806,0.08045701822158155
12.103644679389147,0.0002732634229919706,0.0001955507855376806,0.08041593580900924
12.106144143223547,8.687074182832377e-05,0.0001955507855376806,0.08037435396826184
12.10864361105999,-1.301867116823563e-05,0.0001955507855376806,0.08033540320905064
12.111143082866514,-0.00035098153827398115,0.0001955507855376806,0.08029523429933444
12.113642558611152,0.0002680866461970549,0.0001955507855376806,0.0802548589441696
12.116142038261943,-1.0474774786550789e-05,0.0001955507855376806,0.08021400314672941
12.118641521786921,-0.00010802268699880435,0.0001955507855376806,0.08017245136266837
12.121141009154126,0.0005118265807130956,0.0001955507855376806,0.08013091482733631
12.123640500331597,0.0001978726748354115,0.0001955507855376806,0.08009058479852295
12.126139995287362,5.441139722761612e-05,0.0001955507855376806,0.08005050695787976
12.128639493989462,-3.209332018361266e-06,0.0001955507855376806,0.08001067601380529
12.131138996405939,7.136597247899001e-05,0.0001955507855376806,0.07997108669991229
12.133638502504821,0.00010980461980643341,0.0001955507855376806,0.07993191397861274
12.13613801225415,-7.920577690417874e-06,0.0001955507855376806,0.07989217885233618
12.138637525621961,0.0002233532387900805,0.0001955507855376806,0.07985308203440802
12.14113704257629,-0.0003756751806395092,0.0001955507855376806,0.0798146350850156
12.143636563085174,0.0008629094387531955,0.0001955507855376806,0.07977633243251439
12.146136087116652,0.0006605400712388632,0.0001955507855376806,0.07973832530324279
12.148635614638756,0.000513419032979176,0.0001955507855376806,0.0796978149479555
12.151135145619527,0.000137787033443873,0.0001955507855376806,0.07965583704900349
12.153634680027,-5.7946687608528835e-05,0.0001955507855376806,0.07961253022810501
12.15613421782921,-0.0002103709153913058,0.0001955507855376806,0.07957017572478829
12.158633758994199,0.00017466357509256236,0.0001955507855376806,0.07952835593367022
12.161133303489997,7.582807556223703e-05,0.0001955507855376806,0.07948725961646712
12.163632851284643,0.00011516185925289357,0.0001955507855376806,0.07944695118955983
12.166132402346175,-2.8953884570678823e-05,0.0001955507855376806,0.0794067061480758
12.168631956642628,0.00015630125553660335,0.0001955507855376806,0.07936723107582029
12.171131514142042,0.00023567454640920082,0.0001955507855376806,0.07932624006109475
12.173631074812448,8.874910599453167e-05,0.0001955507855376806,0.07928522325510251
12.176130638621887,0.00015787641921091722,0.0001955507855376806,0.07924538166912573
12.178630205538395,0.00023568939760401642,0.0001955507855376806,0.07920570653334003
12.181129775530007,-0.00014999632204416857,0.0001955507855376806,0.07916620229811046
12.18362934856476,0.0002694326894194521,0.0001955507855376806,0.07912581960811357
12.186128924610694,0.0007296479948710882,0.0001955507855376806,0.07908652123913916
12.18862850363584,0.0008786027842172389,0.0001955507855376806,0.0790473677944355
12.19112808560824,0.0006733942617135197,0.0001955507855376806,0.07900828023578707
12.193627670495925,0.00031746478885030793,0.0001955507855376806,0.07896927724025099
12.196127258266937,0.0004623552235432371,0.0001955507855376806,0.0789305891462625
12.19862684888931,0.00046723135015079575,0.0001955507855376806,0.07889222609183502
12.20112644233108,0.0005736482563980516,0.0001955507855376806,0.07885337201883563
12.203626038560287,0.0009243945500696377,0.0001955507855376806,0.07881415776220038
12.206125637544964,0.0006497429178611014,0.0001955507855376806,0.07877554558054523
12.20862523925315,0.0004081613833302189,0.0001955507855376806,0.07873833759963884
12.211124843652879,0.0006234381522328969,0.0001955507855376806,0.07870252443214734
12.213624450712192,0.0004146672868084872,0.0001955507855376806,0.07866809702559044
12.216124060399121,0.000815769494453264,0.0001955507855376806,0.07863299463742957
12.218623672681705,0.0005262565395453694,0.0001955507855376806,0.07859814196860522
12.221123287527979,0.00060250134532297,0.0001955507855376806,0.07856354434780372
12.223622904905984,0.0007271009996049627,0.0001955507855376806,0.07852900097192239
12.22612252478375,0.0009308434583762959,0.0001955507855376806,0.0784945091272801
12.228622147129318,0.0009096574733923751,0.0001955507855376806,0.07846006601138383
12.231121771910725,0.0011585776854775576,0.0001955507855376806,0.07842449256421108
12.233621399096007,0.0008369981571635654,0.0001955507855376806,0.07838867344875865
12.236121028653198,0.00037090876500117664,0.0001955507855376806,0.07835367585939798
12.238620660550337,0.0004270408859177177,0.0001955507855376806,0.07832002516349881
12.241120294755461,0.0004238970273468534,0.0001955507855376806,0.078285640921645
12.243619931236605,0.0005157710951712302,0.0001955507855376806,0.07825175184063747
12.24611956996181,0.0014194944954744604,0.0001955507855376806,0.0782183904795002
12.248619210899106,0.0014215724557804787,0.0001955507855376806,0.07818512382292947
12.251118854016534,0.0007469264477670684,0.0001955507855376806,0.0781519665454225
12.253618499282128,0.0002873092013571804,0.0001955507855376806,0.07812023060816627
12.256118146663928,4.6084747352417854e-05,0.0001955507855376806,0.07808859512208036
12.258617796129968,0.0005508636503233078,0.0001955507855376806,0.07805708436594788
12.261117447648285,0.0007348573739237863,0.0001955507855376806,0.07802723600300099
12.263617101186917,0.001069613474960665,0.0001955507855376806,0.07799712552405055
12.2661167567139,0.0013166878226954504,0.0001955507855376806,0.07796674624498143
12.26861641419727,0.0008153628793141632,0.0001955507855376806,0.07793559188238103
12.271116073605063,0.0004076205609063466,0.0001955507855376806,0.07790336878220111
12.273615734905318,0.001970802575907468,0.0001955507855376806,0.077871115546537
12.276115398066072,0.003102062244095913,0.0001955507855376806,0.07783926862789468
12.278615063055357,0.0029574512276178827,0.0001955507855376806,0.0778072515860621
12.281114729841212,0.0008559327508579628,0.0001955507855376806,0.07777607870580093
12.283614398391677,-0.00029467550719408653,0.0001955507855376806,0.07774501249593357
12.286114068674785,0.00032787345140966595,0.0001955507855376806,0.07771406026882574
12.288613740658572,0.000324278791289892,0.0001955507855376806,0.0776846302259598
12.291113414311077,0.0002581246210963256,0.0001955507855376806,0.07765414762798661
12.293613089600335,0.000269691330691893,0.0001955507855376806,0.0776229853669699
12.296112766494385,0.00042130200755866043,0.0001955507855376806,0.07759205160415134
12.298612444961263,8.438780824433778e-05,0.0001955507855376806,0.07756088391624713
12.301112124969002,-0.000125825825040754,0.0001955507855376806,0.07752971648239385
12.303611806485643,-0.0002578062698230521,0.0001955507855376806,0.07749878687514156
12.30611148947922,6.409489430783677e-05,0.0001955507855376806,0.07746810067112285
12.308611173917772,-6.926644212312816e-05,0.0001955507855376806,0.07743719711823187
12.311110859769332,-0.0002584644217324822,0.0001955507855376806,0.07740579757112578
12.313610547001941,-0.00018756800677850738,0.0001955507855376806,0.0773721917196544
12.316110235583633,3.6233977602967427e-05,0.0001955507855376806,0.07734026863270164
12.318609925482445,0.000704525907355591,0.0001955507855376806,0.07730896372672044
12.321109616666412,0.00011985188259285018,0.0001955507855376806,0.07727828242594091
12.323609309103576,-9.490861082858681e-06,0.0001955507855376806,0.0772477835086984
12.326109002761969,-0.00021338274259274925,0.0001955507855376806,0.07721690821193475
12.328608697609626,-2.7304807193234693e-05,0.0001955507855376806,0.0771856665953678
12.33110839361459,-0.0002505379867402402,0.0001955507855376806,0.07715499097468174
12.33360809074489,-0.0005515863541818017,0.0001955507855376806,0.07712489928176314
12.33610778896857,-0.0006117586692124949,0.0001955507855376806,0.07709743466301418
12.338607488253665,-0.0004540516570984282,0.0001955507855376806,0.07706913831469178
12.341107188568206,-0.00045178512633867185,0.0001955507855376806,0.07704005099378014
12.343606889880235,3.009246339563676e-05,0.0001955507855376806,0.07701114253953147
12.346106592157787,-0.00020807681204515482,0.0001955507855376806,0.07698104034064887
12.3486062953689,-0.00050149364255761,0.0001955507855376806,0.07695178753064133
12.351105999481607,-0.00014439340229177589,0.0001955507855376806,0.07692340280782409
12.35360570446395,-8.640566003054184e-05,0.0001955507855376806,0.07689510834761111
12.356105410283963,-0.0001996126447869062,0.0001955507855376806,0.07686692288351504
12.358605116909679,0.0003709224047061671,0.0001955507855376806,0.07683857777770056
12.361104824309141,0.0007763537864315523,0.0001955507855376806,0.0768100755581754
12.363604532450381,0.0016306156785526604,0.0001955507855376806,0.07678026989704935
12.366104241301437,0.0010943757912409424,0.0001955507855376806,0.07675082326736396
12.36860395083035,0.001773687248456432,0.0001955507855376806,0.07672171826379781
12.371103661005149,0.003252288879870377,0.0001955507855376806,0.07669325918331023
12.373603371793873,0.005732933853377323,0.0001955507855376806,0.076664820528873
12.376103083164562,0.005322131144033321,0.0001955507855376806,0.07663645412164374
12.37860279508525,0.002511979053122282,0.0001955507855376806,0.07660818111264989
12.381102507523975,0.00038685019298291545,0.0001955507855376806,0.07658002262077623
12.383602220448774,0.0004830354583151564,0.0001955507855376806,0.07655361802153685
12.38610193382768,0.0008176213104195695,0.0001955507855376806,0.07652803055035215
12.388601647628732,0.00014388645757767993,0.0001955507855376806,0.07650198247669898
12.391101361819969,0.0008377490082830952,0.0001955507855376806,0.07647588564914232
12.393601076369425,0.0023752394839944707,0.0001955507855376806,0.07644974897076795
12.396100791245134,0.0026446853922977853,0.0001955507855376806,0.07642399759169932
12.398600506415137,0.0019080297153975523,0.0001955507855376806,0.07639865641360133
12.401100221847472,0.00049885283774459,0.0001955507855376806,0.07637371434421225
12.40359993751017,0.0012268478160083612,0.0001955507855376806,0.07634744861692326
12.406099653371271,0.0024909805339755203,0.0001955507855376806,0.07632110761138225
12.408599369398814,0.002127025384086323,0.0001955507855376806,0.07629507513047509
12.41109908556083,0.0005263443101295867,0.0001955507855376806,0.07626935739928051
12.413598801825358,-0.00011789468783234003,0.0001955507855376806,0.0762433460017895
12.416098518160437,-6.733030852913713e-05,0.0001955507855376806,0.07621843767491676
12.4185982345341,-0.00019785767583914426,0.0001955507855376806,0.07619400085349315
12.421097950914389,0.00031412866917937543,0.0001955507855376806,0.07616972943781133
12.423597667269334,0.00013959485889346313,0.0001955507855376806,0.07614538300016363
12.426097383566976,-0.00022264199326609002,0.0001955507855376806,0.07611973145435162
12.428597099775349,7.204396828375259e-05,0.0001955507855376806,0.07609379618512851
12.43109681586249,9.076363615613536e-05,0.0001955507855376806,0.07606611055017376
12.43359653179644,0.00014538914477572884,0.0001955507855376806,0.07604015105596987
12.43609624754523,0.0004612919309519292,0.0001955507855376806,0.07601431129532935
12.4385959630769,0.0003314047330578995,0.0001955507855376806,0.07598805138293038
12.441095678359485,0.0009929573568598082,0.0001955507855376806,0.07596240685093433
12.443595393361022,0.0020505808523911817,0.0001955507855376806,0.07593739113514143
12.446095108049548,0.0017289891874463503,0.0001955507855376806,0.07591257456888917
12.448594822393098,0.0015849635009552998,0.0001955507855376806,0.07588771158951639
12.451094536359712,0.0038532282646530774,0.0001955507855376806,0.07586352594952353
12.453594249917424,0.0046669538309394715,0.0001955507855376806,0.07583934299290496
12.456093963034272,0.0018042548685511528,0.0001955507855376806,0.07581514602240318
12.45859367567829,0.0004200705865994442,0.0001955507855376806,0.07579005716924606
12.46109338781752,-5.094901264630913e-05,0.0001955507855376806,0.075764026234902
12.463593099419993,-0.00010737131933552524,0.0001955507855376806,0.07573887015804275
12.466092810453748,0.00022833908892198884,0.0001955507855376806,0.07571461048164886
12.468592520886824,0.000266205972670297,0.0001955507855376806,0.07569089553995204
12.471092230687253,0.00028913658244685003,0.0001955507855376806,0.07566815088619144
12.473591939823073,0.0003233781321679008,0.0001955507855376806,0.07564467680614374
12.476091648262324,0.000684995583812742,0.0001955507855376806,0.07562085576980188
12.47859135597304,0.0007139967385632745,0.0001955507855376806,0.07559752372135065
12.481091062923255,0.00025320470634013215,0.0001955507855376806,0.07557383301260906
12.483590769081012,0.00024246142605345578,0.0001955507855376806,0.07554972268166929
12.486090474414342,0.00010868457497761885,0.0001955507855376806,0.07552521243458582
12.488590178891283,0.0003651525332453581,0.0001955507855376806,0.07550093706386299
12.491089882479873,0.0007091819092675256,0.0001955507855376806,0.07547690406436407
12.493589585148147,0.0006716118123416409,0.0001955507855376806,0.07545312095699315
12.496089286864144,0.0013190561061584977,0.0001955507855376806,0.07542977852027014
12.4985889875959,0.0014148077098477124,0.0001955507855376806,0.07540694452953228
12.50108868731145,0.0006744326514211141,0.0001955507855376806,0.07538202365876794
12.503588385978832,0.00040812323809133466,0.0001955507855376806,0.07535915942851922
12.50608808356608,0.00044081124132054617,0.0001955507855376806,0.07533656284151524
12.508587780041236,0.001211790660330267,0.0001955507855376806,0.0753142307942786
12.511087475372332,0.001746127193027941,0.0001955507855376806,0.07529216020000591
12.513587169527407,0.0027493626719627406,0.0001955507855376806,0.07527034798856745
12.516086862474495,0.005324562921319442,0.0001955507855376806,0.07524959090043037
12.518586554181635,0.006937705826017021,0.0001955507855376806,0.07522907895802164
12.521086244616864,0.00550949523821756,0.0001955507855376806,0.07520886224951491
12.523585933748215,0.002205218407473661,0.0001955507855376806,0.0751883972598128
12.52608562154373,0.0008204763599737736,0.0001955507855376806,0.07516803726062633
12.528585307971444,0.0005612308657767795,0.0001955507855376806,0.07514777356535343
12.53108499299939,0.00021388933853358494,0.0001955507855376806,0.07512772565946141
12.533584676595607,0.0003716458699313252,0.0001955507855376806,0.07510861411464875
12.536084358728134,0.000850346279099759,0.0001955507855376806,0.07508956893549804
12.538584039365002,0.001177928058836833,0.0001955507855376806,0.07507061585876318
12.541083718474255,0.0021520372605285804,0.0001955507855376806,0.07505181188795396
12.543583396023925,0.0022292495112305466,0.0001955507855376806,0.07503316414265886
12.546083071982048,0.0011484958737118522,0.0001955507855376806,0.0750143341300751
12.548582746316663,0.0006955946489032167,0.0001955507855376806,0.07499531553259639
12.551082418995804,0.00040185389837388286,0.0001955507855376806,0.07497610190744913
12.553582089987511,0.00033824902052945194,0.0001955507855376806,0.07495668668669156
12.55608175925982,0.00018340576591178992,0.0001955507855376806,0.07493706317721477
12.558581426780764,0.0001666433863494743,0.0001955507855376806,0.07491780077783639
12.561081092518384,0.0011657637150676164,0.0001955507855376806,0.07489855490607794
12.563580756440714,0.0017275570166579574,0.0001955507855376806,0.07487989999436886
12.566080418515792,0.0014817066116786654,0.0001955507855376806,0.0748610835399076
12.568580078711657,0.00030444542286085785,0.0001955507855376806,0.07484211144181435
12.571079736996337,0.00013575758906295143,0.0001955507855376806,0.07482245445746734
12.573579393337878,0.0006951504900952199,0.0001955507855376806,0.07480243491657679
12.576079047704315,0.00024884060883469117,0.0001955507855376806,0.07478119464046182
12.578578700063678,-2.8265793686005347e-05,0.0001955507855376806,0.07476314827126113
12.581078350384011,0.0006261434646739478,0.0001955507855376806,0.07474584817734392
12.583577998633348,0.001329788028382184,0.0001955507855376806,0.0747282785930497
12.586077644779726,0.00167705813730179,0.0001955507855376806,0.07471231195348024
12.58857728879118,0.002845510099721324,0.0001955507855376806,0.07469592265957856
12.591076930635749,0.0027496239168162545,0.0001955507855376806,0.07467922869268476
12.593576570281467,0.0036474183955206435,0.0001955507855376806,0.07466241955140132
12.596076207696376,0.0036004069310193038,0.0001955507855376806,0.07464600697642118
12.598575842848504,0.0019909457317271034,0.0001955507855376806,0.07462797872491048
12.601075475705896,0.0004647610787687495,0.0001955507855376806,0.07460866428385353
12.603575106236585,0.00010970349232608534,0.0001955507855376806,0.07458801805930221
12.606074734408606,-0.00011682664768163098,0.0001955507855376806,0.07456794832677444
12.60857436019,9.408812575713299e-05,0.0001955507855376806,0.07454843867650851
12.611073983548799,0.00024887420635157087,0.0001955507855376806,0.07452947288182216
12.613573604453041,0.00021560832741529534,0.0001955507855376806,0.07451103489911196
12.616073222870765,0.00026076996768739646,0.0001955507855376806,0.07449220977425673
12.618572838770003,0.0008456673891318461,0.0001955507855376806,0.07447304718985415
12.6210724521188,0.0007889725121764946,0.0001955507855376806,0.07445589619494342
12.623572062885183,0.0011042313624305689,0.0001955507855376806,0.07443792101768198
12.626071671037193,0.0005825568456527541,0.0001955507855376806,0.0744206761985662
12.628571276542868,0.0002847540994420361,0.0001955507855376806,0.07440171665167122
12.631070879370244,0.0010167853172839691,0.0001955507855376806,0.07438152756282847
12.633570479487355,0.0021409786946936793,0.0001955507855376806,0.07436275455850722
12.63607007686224,0.002558609156535288,0.0001955507855376806,0.07434356278924509
12.638569671462935,0.0010226756470617937,0.0001955507855376806,0.07432447762867378
12.641069263257478,0.00012245565392952906,0.0001955507855376806,0.07430550842179563
12.643568852213901,0.00028111409449692315,0.0001955507855376806,0.07428592019230912
12.646068438300247,0.0002485799855305726,0.0001955507855376806,0.0742656935502928
12.64856802148455,0.0004937311088998447,0.0001955507855376806,0.07424517568759653
12.651067601734844,0.0002545728000495906,0.0001955507855376806,0.07422436109780382
12.65356717901917,-0.00019825517318522445,0.0001955507855376806,0.07420155498940756
12.656066753305563,0.001031311462220491,0.0001955507855376806,0.07417855101807794
12.658566324562058,0.0009533947851582542,0.0001955507855376806,0.07415662009102122
12.66106589275669,0.0003005475132156349,0.0001955507855376806,0.07413484442895579
12.663565457857503,0.0004547398710925826,0.0001955507855376806,0.07411392234565888
12.666065019832528,0.0004093231915228701,0.0001955507855376806,0.07409386512384303
12.668564578649804,0.00015076340898710627,0.0001955507855376806,0.07407219484234095
12.671064134277364,7.412177232236916e-05,0.0001955507855376806,0.07405273434901877
12.673563686683247,9.56703597701225e-05,0.0001955507855376806,0.07403375640029963
12.67606323583549,0.0003057334583753263,0.0001955507855376806,0.074013587729495
12.678562781702132,0.0006628089502855317,0.0001955507855376806,0.073991876429032
12.681062324251203,0.0023909103272047733,0.0001955507855376806,0.07397166107023326
12.683561863450745,0.0022378875382700752,0.0001955507855376806,0.07395110766454367
12.686061399268795,0.0007375072645885716,0.0001955507855376806,0.07393023948907734
12.688560931673386,7.693382080398159e-06,0.0001955507855376806,0.07390907977841243
12.691060460632556,0.0003786409774132887,0.0001955507855376806,0.07388765172459097
12.693559986114346,0.0006465450418654262,0.0001955507855376806,0.07386587477430268
12.696059508086785,0.0004000163733277329,0.0001955507855376806,0.07384376204064055
12.698559026517916,0.00020383974001954297,0.0001955507855376806,0.07382132656380928
12.70105854137577,-2.6884422455783485e-05,0.0001955507855376806,0.07379858131112554
12.703558052628388,-0.00010238537810458581,0.0001955507855376806,0.07377553917701804
12.706057560243806,0.0003381314392969237,0.0001955507855376806,0.07375221298302741
12.708557064190062,0.0004132282101561163,0.0001955507855376806,0.07372961746726989
12.711056564435188,0.00023663977182096507,0.0001955507855376806,0.07370642842480113
12.713556060947225,0.0002231804415634836,0.0001955507855376806,0.0736826647404672
12.716055553694204,6.5092278025633e-05,0.0001955507855376806,0.07365834513450495
12.71855504264417,-1.3922163461008163e-05,0.0001955507855376806,0.07363385474393505
12.721054527765153,0.000201097910109041,0.0001955507855376806,0.07360919741173896
12.723554009025193,0.0005795223000165661,0.0001955507855376806,0.07358408485504273
12.726053486392324,0.001561186173041268,0.0001955507855376806,0.0735585094968744
12.728552959834586,0.003454230472714856,0.0001955507855376806,0.07353283020165302
12.731052429320012,0.003446453574586686,0.0001955507855376806,0.0735070245691059
12.73355189481664,0.0015151728150705202,0.0001955507855376806,0.0734810023121713
12.73605135629251,0.000530830829569201,0.0001955507855376806,0.07345447171816767
12.738550813715655,0.0002473260793741522,0.0001955507855376806,0.0734284606261234
12.741050267054112,0.0002946419719304233,0.0001955507855376806,0.07340347188685446
12.743549716275915,0.0005401308310985925,0.0001955507855376806,0.07337868086418914
12.746049161349108,0.0010271471687208072,0.0001955507855376806,0.0733509611899947
12.748548602241721,0.0009991555328731777,0.0001955507855376806,0.07332464175630163
12.751048038921793,0.0002058645746018939,0.0001955507855376806,0.0732981337433503
12.753547471357361,0.00037427509507834134,0.0001955507855376806,0.07327167585881571
12.75604689951646,0.0011484270229917132,0.0001955507855376806,0.07324551946209848
12.75854632336713,0.0007996853191133413,0.0001955507855376806,0.07321896989687054
12.761045742877403,0.000762871799272577,0.0001955507855376806,0.07319235241565458
12.76354515801532,0.00035624576734186175,0.0001955507855376806,0.07316565661991048
12.766044568748915,0.0003298298670128541,0.0001955507855376806,0.07313887207426577
12.768543975046226,0.0008379506804295916,0.0001955507855376806,0.07311198830651526
12.771043376875289,0.0008898497489230883,0.0001955507855376806,0.07308499480762148
12.773542774204138,0.0013104420487528995,0.0001955507855376806,0.07305788103171444
12.776042167000817,0.0035492302754119437,0.0001955507855376806,0.07303063639609206
12.778541555233353,0.0024076441362148593,0.0001955507855376806,0.07300461949885734
12.78104093886979,0.0006124939519029787,0.0001955507855376806,0.07297687041415243
12.783540317878163,0.0002044731085439483,0.0001955507855376806,0.07294979574400882
12.786039692226506,0.0001355641862562651,0.0001955507855376806,0.07292492773333804
12.78853906188286,-8.082995464550602e-06,0.0001955507855376806,0.07289849516074856
12.791038426815257,0.0001383295035034121,0.0001955507855376806,0.07287115918971857
12.793537786991736,4.269371714370196e-05,0.0001955507855376806,0.07284437759614901
12.796037142380333,9.977350440099064e-05,0.0001955507855376806,0.07281756988006109
12.798536492949086,0.00017661462401505346,0.0001955507855376806,0.07279056866044391
12.801035838666031,0.0005163509503287311,0.0001955507855376806,0.07276337308355102
12.803535179499205,0.00035775822177259997,0.0001955507855376806,0.07273605510314587
12.806034515416643,0.0016337884234032818,0.0001955507855376806,0.07270787608580334
12.808533846386382,0.002337205225528202,0.0001955507855376806,0.07268115139527084
12.81103317237646,0.003107828353253156,0.0001955507855376806,0.07265445294487158
12.813532493354915,0.002351977962630411,0.0001955507855376806,0.07262778686609955
12.816031809289777,0.0009940965095925208,0.0001955507855376806,0.0726011592575643
12.81853112014909,0.0003963550659836085,0.0001955507855376806,0.07257457618499073
12.821030425900886,0.001076025335673969,0.0001955507855376806,0.07254804368121942
12.823529726513208,0.003383022344447928,0.0001955507855376806,0.07252156774620647
12.826029021954081,0.003587747411898115,0.0001955507855376806,0.07249543481724499
12.828528312191555,0.0011900465007778221,0.0001955507855376806,0.07247074134228378
12.831027597193657,0.0008085071156161694,0.0001955507855376806,0.07244491908357478
12.833526876928428,0.0006769150526282908,0.0001955507855376806,0.07241931293109613
12.836026151363903,0.00041547319918137926,0.0001955507855376806,0.07239392773068493
12.83852542046812,0.0003743299591458804,0.0001955507855376806,0.0723687683266874
12.841024684209115,0.00042446445562731305,0.0001955507855376806,0.07234383956195883
12.843523942554926,0.0006651964736819199,0.0001955507855376806,0.0723191462778632
12.846023195473586,0.0008653490302686917,0.0001955507855376806,0.072293881466752
12.848522442933135,0.0007201131579809145,0.0001955507855376806,0.07226801850049337
12.851021684901607,0.0002606738646180329,0.0001955507855376806,0.07224153050461307
12.853520921347041,0.00046146182134249036,0.0001955507855376806,0.07221609576099891
12.856020152237475,0.0003899200887389348,0.0001955507855376806,0.0721908336572845
12.85851937754094,0.0007926135950519775,0.0001955507855376806,0.0721659194602969
12.86101859722548,0.0008222894061861441,0.0001955507855376806,0.07214134970645505
12.863517811259124,0.0008226949842859016,0.0001955507855376806,0.0721171209768572
12.866017019609911,0.001563952383844755,0.0001955507855376806,0.07209240376712217
12.868516222245882,0.0027148150244567376,0.0001955507855376806,0.0720708542201107
12.871015419135071,0.0044390439659036385,0.0001955507855376806,0.07204741953411856
12.873514610245515,0.004784913601764765,0.0001955507855376806,0.07202343507574488
12.876013795545246,0.0022140872627707947,0.0001955507855376806,0.07199835195532497
12.878512975002307,0.0008811259412698641,0.0001955507855376806,0.07197297880480034
12.881012148584734,0.0005890689114780301,0.0001955507855376806,0.07194763483822926
12.883511316260558,0.0016898915252483437,0.0001955507855376806,0.07192273778145065
12.886010477997822,0.0015939913661194294,0.0001955507855376806,0.07189829368393891
12.888509633764558,0.0007303024375558687,0.0001955507855376806,0.07187430866985411
12.891008783528807,0.0011706520457917813,0.0001955507855376806,0.07184956598466538
12.893507927258602,0.0010157198736502338,0.0001955507855376806,0.07182689309811652
12.896007064921982,0.0006907086595913658,0.0001955507855376806,0.07180631406000296
12.898506196486982,0.0005814941839800414,0.0001955507855376806,0.07178334632252589
12.90100532192164,0.0006454781616307692,0.0001955507855376806,0.0717581019951754
12.903504441193991,0.0003864739102091702,0.0001955507855376806,0.07173284131692437
12.906003554272074,0.00046743835081534957,0.0001955507855376806,0.07170757706486232
12.908502661123924,0.0009592194744688087,0.0001955507855376806,0.07168232196458951
12.911001761717577,0.00045378982468537166,0.0001955507855376806,0.07165761033649064
12.91350085602107,0.0003549855414029246,0.0001955507855376806,0.07163343410077774
12.91599994400244,0.00043438902825641834,0.0001955507855376806,0.07160978528989145
12.918499025629723,0.001919317457178521,0.0001955507855376806,0.07158665604850101
12.92099810087096,0.004750535735245157,0.0001955507855376806,0.07156403863350327
12.923497169694182,0.004276508896867939,0.0001955507855376806,0.07154119672263445
12.925996232067428,0.001857602971691255,0.0001955507855376806,0.07151669475267544
12.928495287958734,0.0010229508232152823,0.0001955507855376806,0.07149312495535051
12.930994337336136,0.00012939007522783097,0.0001955507855376806,0.07147021999395889
12.933493380167674,0.00020079208107154356,0.0001955507855376806,0.0714469083928694
12.93599241642138,0.000266567493314801,0.0001955507855376806,0.07142407765871775
12.938491446065294,-7.192700681232789e-05,0.0001955507855376806,0.0714015016527253
12.94099046906745,-9.476845318419358e-05,0.0001955507855376806,0.07137959228923493
12.943489485395888,-0.00015813637033654238,0.0001955507855376806,0.07135769640162798
12.945988495018643,5.523552060357484e-05,0.0001955507855376806,0.07133629908227193
12.948487497903752,0.00019036411098803663,0.0001955507855376806,0.07131539319853415
12.950986494019249,-1.1091112981864715e-05,0.0001955507855376806,0.07129607240085385
12.953485483333175,7.647336598530508e-05,0.0001955507855376806,0.07127552905682151
12.955984465813561,0.00026687364132597924,0.0001955507855376806,0.07125380354000024
12.95848344142845,0.0004321461586436204,0.0001955507855376806,0.0712321044067172
12.960982410145874,0.001588797613617049,0.0001955507855376806,0.07121042477098444
12.963481371933872,0.0022285743116683687,0.0001955507855376806,0.0711893266765212
12.965980326760482,0.0011326106748106857,0.0001955507855376806,0.07116882514414262
12.968479274593737,0.0026805362539359806,0.0001955507855376806,0.07114857043074017
12.970978215401672,0.004550172841754921,0.0001955507855376806,0.07112856361188097
12.97347714915233,0.0026347257906846194,0.0001955507855376806,0.07110605860433822
12.975976075813744,0.0010139562914362604,0.0001955507855376806,0.0710846671065328
12.978474995353952,0.0006858876480842213,0.0001955507855376806,0.07106442692458452
12.980973907740989,0.0009541353526762442,0.0001955507855376806,0.07104440958188674
12.983472812942892,0.001533604831602961,0.0001955507855376806,0.07102461598329377
12.9859717109277,0.0013236851826845392,0.0001955507855376806,0.07100480484575468
12.988470601663446,0.00042930447748461276,0.0001955507855376806,0.0709850587053943
12.990969485118168,-0.0004584070651008493,0.0001955507855376806,0.07096478514788951
12.993468361259902,-0.00041572354207425333,0.0001955507855376806,0.07094480915004131
12.995967230056689,-0.00015307403926301255,0.0001955507855376806,0.07092518031135175
12.99846609147656,-0.00040543336830128895,0.0001955507855376806,0.07090590756243796
13.000964945487555,0.0005726273576238394,0.0001955507855376806,0.07088699985389282
13.003463792057708,0.0009075311494328164,0.0001955507855376806,0.07086792547475552
13.005962631155057,0.00042112458910453787,0.0001955507855376806,0.07084867245965376
13.00846146274764,-0.0001767905240239176,0.0001955507855376806,0.0708292287001393
13.010960286803494,0.0002844902793369408,0.0001955507855376806,0.07081022744028989
13.013459103290652,0.0003985131852907581,0.0001955507855376806,0.07079168130381833
13.015957912177154,0.00047435216336835784,0.0001955507855376806,0.0707736029660222
13.018456713431034,0.0035211506904911233,0.0001955507855376806,0.07075619772173403
13.02095550702033,0.005073592590729328,0.0001955507855376806,0.07073891632005086
13.02345429291308,0.0021397276637553364,0.0001955507855376806,0.07072258332581359
13.02595307107732,-5.5555699242260115e-05,0.0001955507855376806,0.07070778138921957
13.028451841481083,0.0015269015773339278,0.0001955507855376806,0.07069273306236173
13.03095060409241,0.004863889855389478,0.0001955507855376806,0.07067627459059521
13.033449358879336,0.005302603567329242,0.0001955507855376806,0.07065847903135034
13.035948105809897,0.003445496035512266,0.0001955507855376806,0.07064093022629847
13.038446844852132,0.0017390717332974731,0.0001955507855376806,0.07062295907956112
13.040945575974078,0.0025508025936772094,0.0001955507855376806,0.07060631409003593
13.043444299143767,0.002017115009996809,0.0001955507855376806,0.07058990109393998
13.04594301432924,0.000584556238504258,0.0001955507855376806,0.07057372116356944
13.048441721498529,0.00015531908285762452,0.0001955507855376806,0.07055777534461656
13.050940420619677,0.00011894232650451475,0.0001955507855376806,0.07054206465617016
13.053439111660715,0.0002356047365300734,0.0001955507855376806,0.07052659009071552
13.055937794589683,-7.250126023483627e-06,0.0001955507855376806,0.07051135261413449
13.058436469374616,-4.0966009364387657e-05,0.0001955507855376806,0.07049635316570557
13.060935135983552,0.000529886703334842,0.0001955507855376806,0.07048198745098364
13.063433794384528,0.00018674418821303107,0.0001955507855376806,0.07046837352672086
13.06593244454558,0.0006792606228635256,0.0001955507855376806,0.07045498231619103
13.06843108643474,0.0036974898456970107,0.0001955507855376806,0.07044180233459191
13.070929720020052,0.005224819036230524,0.0001955507855376806,0.07042828373605306
13.07342834526955,0.002631406042608614,0.0001955507855376806,0.07041607505228309
13.07592696215127,0.0008031441649367782,0.0001955507855376806,0.07040417127365611
13.078425570633245,0.0006059098059769674,0.0001955507855376806,0.07039256503439201
13.08092417068352,0.00141144681582972,0.0001955507855376806,0.07038124896646686
13.083422762270123,0.0011958968663528247,0.0001955507855376806,0.07037000308088318
13.085921345361099,0.0010977188971816182,0.0001955507855376806,0.07035869534376335
13.088419919924478,0.0009645549776583495,0.0001955507855376806,0.07034737126828716
13.090918485928297,0.00042586201273396573,0.0001955507855376806,0.07033602850879841
13.093417043340597,0.00020735743875335833,0.0001955507855376806,0.0703246646255037
13.095915592129412,-5.220975887725021e-05,0.0001955507855376806,0.07031327708447285
13.09841413226278,0.00019015313670350809,0.0001955507855376806,0.07030186325763911
13.100912663708733,-4.719074162953807e-06,0.0001955507855376806,0.07029042042279952
13.103411186435315,-6.629830274980375e-05,0.0001955507855376806,0.07027894576361544
13.105909700410557,0.00022842121464779208,0.0001955507855376806,0.07026714328826658
13.108408205602498,0.0004083830244136222,0.0001955507855376806,0.07025454092141181
13.110906701979173,0.0003240282216385587,0.0001955507855376806,0.07024284090922994
13.11340518950862,0.0009086244586245518,0.0001955507855376806,0.07023062924642076
13.115903668158875,0.0007785927778276303,0.0001955507855376806,0.07021880053219637
13.118402137897975,0.0031858023167320587,0.0001955507855376806,0.07020748608828019
13.120900598693959,0.0070109222648713915,0.0001955507855376806,0.07019678528050458
13.12339905051486,0.00488868404172195,0.0001955507855376806,0.07018671985199579
13.125897493328715,0.00178004919359101,0.0001955507855376806,0.07017683797062993
13.128395927103561,0.0021166668358594404,0.0001955507855376806,0.07016714322418818
13.130894351807438,0.0030071382484020137,0.0001955507855376806,0.07015763915926146
13.133392767408376,0.0018728994817824585,0.0001955507855376806,0.07014832928124957
13.135891173874418,0.0013535210431376565,0.0001955507855376806,0.07013921705436252
13.1383895711736,0.000546854961017279,0.0001955507855376806,0.07013013203508682
13.140887959273952,0.000465674465768659,0.0001955507855376806,0.07012167752437831
13.143386338143518,0.00045473768079941357,0.0001955507855376806,0.07011331668859641
13.14588470775033,0.00027183312068530807,0.0001955507855376806,0.07010504809527263
13.14838306806243,0.000529212699775003,0.0001955507855376806,0.07009687023332623
13.150881419047849,0.0005828182398244369,0.0001955507855376806,0.07008878151306461
13.153379760674627,0.0007547417437104714,0.0001955507855376806,0.07008078026618361
13.155878092910799,0.0005662367346590536,0.0001955507855376806,0.0700728879978679
13.158376415724403,0.0006216265703491708,0.0001955507855376806,0.07006489885781599
13.160874729083472,0.0011830464514291372,0.0001955507855376806,0.07005735290877205
13.163373032956049,0.0011447244463991119,0.0001955507855376806,0.07004990050896542
13.165871327310166,0.0007673962568148646,0.0001955507855376806,0.0700425399467531
13.16836961211386,0.0023331967296523065,0.0001955507855376806,0.07003526943402479
13.17086788733517,0.005630941750657453,0.0001955507855376806,0.07002733378023637
13.17336615294213,0.0041263479344264276,0.0001955507855376806,0.07001990148925377
13.175864408902777,0.0015983915726830167,0.0001955507855376806,0.07001298761448166
13.178362655185149,0.000994984183035924,0.0001955507855376806,0.07000634525076216
13.180860891757284,0.0004133655833907096,0.0001955507855376806,0.06999997941263217
13.183359118587212,0.00052338957441736,0.0001955507855376806,0.06999389509373613
13.185857335642979,4.357137696836544e-06,0.0001955507855376806,0.06998809726682631
13.188355542892614,0.0003411709280125297,0.0001955507855376806,0.06998259088376296
13.190853740304156,0.0006117876090620256,0.0001955507855376806,0.0699773808755147
13.193351927845645,0.0007902891371383558,0.0001955507855376806,0.06997247215215846
13.195850105485114,0.0005532377453328352,0.0001955507855376806,0.06996786960287993
13.1983482731906,0.0008638536843970646,0.0001955507855376806,0.06996357809597371
13.20084643093014,0.0018250923162685118,0.0001955507855376806,0.06995960247884352
13.203344578671771,0.002380078619954651,0.0001955507855376806,0.06995610978497827
13.205842716383529,0.0010647836351795753,0.0001955507855376806,0.06995311110670735
13.20834084403345,0.0004417907755352307,0.0001955507855376806,0.06995061756437955
13.210838961589575,0.00015426791088306302,0.0001955507855376806,0.06994828939660876
13.213337069019934,-0.00014620970700431057,0.0001955507855376806,0.06994612417947713
13.215835166292567,-2.3028239754169233e-05,0.0001955507855376806,0.06994411941127797
13.218333253375514,0.0003787810622304655,0.0001955507855376806,0.06994169472933556
13.220831330236804,0.003624881138184155,0.0001955507855376806,0.06993985037388292
13.22332939684448,0.006600442863575487,0.0001955507855376806,0.06993666320347303
13.225827453166577,0.0053173237270721235,0.0001955507855376806,0.06993411192728255
13.22832549917113,0.003703948873157767,0.0001955507855376806,0.06993168952899209
13.230823534826177,0.002192726927800079,0.0001955507855376806,0.0699293936597467
13.233321560099753,0.0013082114541744932,0.0001955507855376806,0.06992667498935842
13.2358195749599,0.0005689947341674523,0.0001955507855376806,0.06992458199131998
13.238317579374646,0.0001433542084823547,0.0001955507855376806,0.06992275763118719
13.240815573312036,0.0009153810322121009,0.0001955507855376806,0.0699212051079188
13.243313556740102,0.0018391002442259413,0.0001955507855376806,0.0699193212269342
13.24581152962688,0.0018436945631876006,0.0001955507855376806,0.06991708563600975
13.248309491940411,0.002292857913072127,0.0001955507855376806,0.06991447777504439
13.250807443648727,0.0024121657074321345,0.0001955507855376806,0.06991147687606011
13.253305384719868,0.0017689807975927174,0.0001955507855376806,0.06990899701715958
13.255803315121868,0.0010575901682617628,0.0001955507855376806,0.06990702238813279
13.258301234822763,0.00036403510391162797,0.0001955507855376806,0.0699031433961488
13.260799143790594,0.00039751285502209743,0.0001955507855376806,0.06989917758238451
13.263297041993395,0.0005826667042497374,0.0001955507855376806,0.06989487486904745
13.2657949293992,0.00029969640725201196,0.0001955507855376806,0.06989188172997629
13.268292805976053,1.8473550251280058e-05,0.0001955507855376806,0.06988977948464037
13.270790671691984,0.001818061699888296,0.0001955507855376806,0.06988658858700442
13.273288526515032,0.005225347367134994,0.0001955507855376806,0.06988398770271276
13.275786370413233,0.005397522204343155,0.0001955507855376806,0.06988147953057414
13.278284203354621,0.0024871399275353534,0.0001955507855376806,0.06987906296169315
13.28078202530724,0.0009891353522770985,0.0001955507855376806,0.06987673683986825
13.283279836239121,0.0015671539465436646,0.0001955507855376806,0.0698744999615922
13.285777636118299,0.002371707920262131,0.0001955507855376806,0.06987235107605212
13.288275424912817,0.0025607585486803752,0.0001955507855376806,0.06987028888512986
13.290773202590707,0.006909230951389511,0.0001955507855376806,0.06986831204340284
13.293270969120007,0.0072703537971146315,0.0001955507855376806,0.06986599892961556
13.29576872446875,0.004172892674312173,0.0001955507855376806,0.06986333181700112
13.29826646860498,0.0008203048155756287,0.0001955507855376806,0.06986029280478628
13.300764201496731,0.00031251960851932936,0.0001955507855376806,0.06985686381819192
13.303261923112036,0.00031987337566402596,0.0001955507855376806,0.06985302660843418
13.305759633418933,0.0003130152894384036,0.0001955507855376806,0.06984876275272538
13.308257332385462,0.0011405240204374056,0.0001955507855376806,0.06984405365427485
13.310755019979656,0.0027053963627326066,0.0001955507855376806,0.06983888054228976
13.313252696169553,0.002065166432047405,0.0001955507855376806,0.06983389495312983
13.315750360923188,0.0009781238993939317,0.0001955507855376806,0.06983042532556342
13.318248014208601,0.0007896419966096774,0.0001955507855376806,0.06982544258024098
13.320745655993827,0.000591544436899849,0.0001955507855376806,0.06982074291178492
13.323243286246903,0.0019170465577039442,0.0001955507855376806,0.06981633669087572
13.325740904935863,0.006855947868327578,0.0001955507855376806,0.0698122343439903
13.328238512028747,0.006618659614431824,0.0001955507855376806,0.06980844635340189
13.330736107493589,0.003014549038311276,0.0001955507855376806,0.06980490405165551
13.333233691298428,0.0016401214926205915,0.0001955507855376806,0.06980161496287479
13.3357312634113,0.00040487935205811565,0.0001955507855376806,0.06979858664309879
13.338228823800243,-6.61820623525794e-05,0.0001955507855376806,0.06979582668028174
13.34072637243329,-8.43265697969553e-06,0.0001955507855376806,0.06979334269429308
13.343223909278478,-0.00027910263675123836,0.0001955507855376806,0.06979114233691722
13.345721434303847,-0.00020597181804453413,0.0001955507855376806,0.06978819122658392
13.348218947477433,-0.00016748045594479344,0.0001955507855376806,0.06978572952621984
13.35071644876727,0.0003513286382796077,0.0001955507855376806,0.06978377361297255
13.353213938141396,0.0001254264149606471,0.0001955507855376806,0.069782339965482
13.355711415567848,0.0002615094948463237,0.0001955507855376806,0.06978106392061195
13.358208881014663,0.0005933549306820912,0.0001955507855376806,0.06977994738431856
13.360706334449876,0.0008525456593101305,0.0001955507855376806,0.06977899224910557
13.363203775841527,0.0009797474834472991,0.0001955507855376806,0.0697782003940247
13.365701205157647,0.001134816812874792,0.0001955507855376806,0.06977719244383362
13.368198622366277,0.0026187480699444154,0.0001955507855376806,0.06977595547512642
13.370696027435455,0.0022303205280867072,0.0001955507855376806,0.0697745470145715
13.373193420333212,0.0008945241457921915,0.0001955507855376806,0.06977387605425012
13.37569080102759,0.0022246133009638236,0.0001955507855376806,0.06977181249840461
13.378188169486624,0.0053443185622799455,0.0001955507855376806,0.06976955403720357
13.380685525678349,0.004726431801361022,0.0001955507855376806,0.0697679818693453
13.383182869570803,0.001932632000307813,0.0001955507855376806,0.06976712035876326
13.385680201132022,0.0008430576622847213,0.0001955507855376806,0.06976652922896377
13.388177520330043,2.4134009332543727e-05,0.0001955507855376806,0.0697662151649981
13.390674827132903,0.0008537898505993624,0.0001955507855376806,0.06976618487947955
13.393172121508638,0.0006628039515759743,0.0001955507855376806,0.06976644511258412
13.395669403425288,0.0006277679057173358,0.0001955507855376806,0.06976700263204984
13.398166672850884,0.00011158853351234121,0.0001955507855376806,0.06976752862007544
13.400663929753465,0.0003002279826804649,0.0001955507855376806,0.06976801689239634
13.403161174101069,0.0003991048705068584,0.0001955507855376806,0.06976846119112662
13.405658405861729,0.0005072157980064995,0.0001955507855376806,0.06976885518475956
13.408155625003488,0.0009886395413925136,0.0001955507855376806,0.06976919246816829
13.410652831494376,0.001468082932116685,0.0001955507855376806,0.06976946656260602
13.413150025302434,0.0018557282786474671,0.0001955507855376806,0.06976967091570643
13.415647206395697,0.0023155430316255526,0.0001955507855376806,0.06976837492029557
13.418144374742202,0.000734284559037568,0.0001955507855376806,0.06976852740567938
13.420641530309986,0.002115861647364256,0.0001955507855376806,0.06976755969530626
13.423138673067083,0.007181308757301441,0.0001955507855376806,0.06976622420764109
13.425635802981533,0.009263473803534511,0.0001955507855376806,0.06976663990664755
13.42813292002137,0.007491300247165045,0.0001955507855376806,0.06976817986250979
13.430630024154635,0.0062695521631241785,0.0001955507855376806,0.06976930384310509
13.433127115349361,0.00682944330542852,0.0001955507855376806,0.06977057721355169
13.435624193573583,0.005673998473478548,0.0001955507855376806,0.0697720014480889
13.438121258795341,0.0038544400767743653,0.0001955507855376806,0.06977357801113579
13.44061831098267,0.0019420733576887284,0.0001955507855376806,0.06977530835729148
13.443115350103607,0.0008020910630954364,0.0001955507855376806,0.06977719393133498
13.44561237612619,0.0003859851773934664,0.0001955507855376806,0.06977923616822562
13.448109389018454,0.0015606769835467826,0.0001955507855376806,0.06978143649310299
13.450606388748437,0.002366188735636432,0.0001955507855376806,0.06978379632128731
13.453103375284172,0.0032440869160817315,0.0001955507855376806,0.06978631705827903
13.455600348593702,0.0020632601547904,0.0001955507855376806,0.06978900009975966
13.458097308645057,0.0012060761507894369,0.0001955507855376806,0.06979184683159143
13.46059425540628,0.0015527243379382244,0.0001955507855376806,0.06979485862981769
13.4630911888454,0.001032639373969954,0.0001955507855376806,0.06979791086305315
13.46558810893046,0.001650436921597609,0.0001955507855376806,0.06979996899068769
13.468085015629496,0.002142726431675415,0.0001955507855376806,0.06980363111084381
13.47058190891054,0.0030238448550946873,0.0001955507855376806,0.06980740394449861
13.471664030959964,0.0038297816382654726,0.0001955507855376806,0.06981140750798248
13.474167215564458,0.004851221109870463,0.0001955507855376806,0.06981539704327677
13.476670372052817,0.00472602791762422,0.0001955507855376806,0.06981949356401743
13.479173500499467,0.00362013437810281,0.0001955507855376806,0.06982369576535549
13.481676600978838,0.0029112794562063393,0.0001955507855376806,0.06982800231238141
13.484179673565365,0.004641651333198438,0.0001955507855376806,0.0698324118401251
13.486682718333471,0.004903517062120097,0.0001955507855376806,0.0698369229535559
13.489185735357589,0.0030028681925083484,0.0001955507855376806,0.06984153422758316
13.491688724712148,0.002172180669291382,0.0001955507855376806,0.06984624420705628
13.494191686471579,0.0023263608990716916,0.0001955507855376806,0.0698508726323677
13.496694620710311,0.0023202571858884358,0.0001955507855376806,0.06985541105970003
13.499197527502771,0.0036185542575443153,0.0001955507855376806,0.06985985096128206
13.501700406923394,0.005206194554963878,0.0001955507855376806,0.06986504289764428
13.504203259046609,0.005076805239565524,0.0001955507855376806,0.06986723973097175
13.50670608394684,0.0027202270098319603,0.0001955507855376806,0.06987145568120115
13.509208881698523,0.0011431803622797554,0.0001955507855376806,0.06987603739726513
13.511711652376086,0.0006683136715409654,0.0001955507855376806,0.06988099509040843
13.514214396053957,0.0010894685395891751,0.0001955507855376806,0.06988633903655533
13.51671711280657,0.0010246726706059084,0.0001955507855376806,0.06989207957630969
13.519219802708347,0.0008453333912506605,0.0001955507855376806,0.06989781536554605
13.521722465833728,0.001081056702730454,0.0001955507855376806,0.06990354091659484
13.524225102257134,0.0011097288584989706,0.0001955507855376806,0.0699092506823375
13.526727712053,0.0012530589370354506,0.0001955507855376806,0.06991493905620699
13.529230295295756,0.0016869362186642534,0.0001955507855376806,0.0699190160713811
13.531732852059827,0.0015080229953374352,0.0001955507855376806,0.06992133786179228
13.534235382419645,0.0016776141793116983,0.0001955507855376806,0.06992437610881405
13.536737886449641,0.004185941437665583,0.0001955507855376806,0.06992982700654525
13.539240364224247,0.006615039857898686,0.0001955507855376806,0.06993553536949065
13.541742815817887,0.004667653078253717,0.0001955507855376806,0.06994150702332738
13.544245241304996,0.003290356213755355,0.0001955507855376806,0.06994774782555001
13.546747640760001,0.0031412508275698997,0.0001955507855376806,0.06995372115531023
13.549250014257332,0.0027670681084203813,0.0001955507855376806,0.06995941190845964
13.55175236187142,0.0024831423588659862,0.0001955507855376806,0.06996480484912287
13.554254683676694,0.0023711905544158557,0.0001955507855376806,0.06996988460969847
13.556756979747583,0.002146146362089346,0.0001955507855376806,0.06997463569085932
13.559259250158517,0.0021830417299643495,0.0001955507855376806,0.06997980029785529
13.56176149498393,0.0016392544690811417,0.0001955507855376806,0.069985392038223
13.564263714298242,0.0012365571117523566,0.0001955507855376806,0.06999142461623029
13.566765908175894,0.0009658775683464432,0.0001955507855376806,0.06999791183287615
13.569268076691309,0.0011595172765848788,0.0001955507855376806,0.07000486758588993
13.571770219918918,0.0012702469164149466,0.0001955507855376806,0.07001188006436765
13.574272337933152,0.001058483093140855,0.0001955507855376806,0.07001894685723245
13.576774430808438,0.0012217732911004586,0.0001955507855376806,0.07002563971823732
13.579276498619212,0.001981106820780093,0.0001955507855376806,0.07003260464319115
13.581778541439895,0.002770466462635429,0.0001955507855376806,0.07003935597287973
13.584280559344926,0.002816171832762962,0.0001955507855376806,0.0700458813034787
13.586782552408726,0.0022104272127781988,0.0001955507855376806,0.0700507838293955
13.58928452070573,0.002661075795729967,0.0001955507855376806,0.07005684571599188
13.591786464310369,0.005006951879168803,0.0001955507855376806,0.07006411056155326
13.59428838329707,0.006404264162606879,0.0001955507855376806,0.07007140693426492
13.596790277740261,0.004243905648712867,0.0001955507855376806,0.07007873199749483
13.599292147714374,0.0029417351453787793,0.0001955507855376806,0.07008608288167052
13.601793993293843,0.003570360389747451,0.0001955507855376806,0.07009345668427903
13.60429581455309,0.0042951256647218855,0.0001955507855376806,0.07010085046986761
13.606797611566547,0.0037888945164166465,0.0001955507855376806,0.07010826127004341
13.60929938440865,0.002757646036580935,0.0001955507855376806,0.07011568608347418
13.61180113315382,0.001792893589623673,0.0001955507855376806,0.07012312187588843
13.614302857876494,0.0015373004337296131,0.0001955507855376806,0.07013056558007535
13.616804558651097,0.0016261451068980692,0.0001955507855376806,0.07013801409588552
13.619306235552061,0.002141181879173684,0.0001955507855376806,0.07014546429023083
13.621807888653814,0.0025834793285194196,0.0001955507855376806,0.07015300057597948
13.624309518030788,0.0027190891815074697,0.0001955507855376806,0.0701605353378218
13.626811123757413,0.0031844749670636024,0.0001955507855376806,0.07016867592344828
13.629312705908116,0.0026423438588767667,0.0001955507855376806,0.07017689040312203
13.631814264557327,0.0023187976627678936,0.0001955507855376806,0.07018517793663548
13.634315799779479,0.002041408886317944,0.0001955507855376806,0.07019353766832241
13.636817311648999,0.002181274739193176,0.0001955507855376806,0.07020196872705806
13.639318800240318,0.002903426953449681,0.0001955507855376806,0.0702104702262593
13.641820265627867,0.0031067164964020816,0.0001955507855376806,0.07021904126388467
13.644321707886071,0.004151021970884544,0.0001955507855376806,0.07022768092243481
13.646823127089366,0.006625580091462344,0.0001955507855376806,0.0702363882689521
13.649324523312176,0.007457091780136843,0.0001955507855376806,0.07024516235502112
13.651825896628935,0.005564136660922356,0.0001955507855376806,0.0702540022167692
13.654327247114072,0.003950074722270713,0.0001955507855376806,0.07026270660492134
13.656828574842017,0.0034796014061724972,0.0001955507855376806,0.07027009299503167
13.659329879887196,0.0037551635785009613,0.0001955507855376806,0.0702761070656587
13.661831162324043,0.003758785578804852,0.0001955507855376806,0.07028069406571874
13.664332422226988,0.004186867673480324,0.0001955507855376806,0.07028560231284521
13.666833659670457,0.004850700633548213,0.0001955507855376806,0.07029208337963778
13.669334874728884,0.005330335481016704,0.0001955507855376806,0.0703001996152496
13.671836067476697,0.005297935396789771,0.0001955507855376806,0.07030844214430958
13.674337237988324,0.0064425550989838515,0.0001955507855376806,0.0703168133783662
13.676838386338197,0.008157207770799355,0.0001955507855376806,0.07032531574215929
13.679339512600746,0.007750692553212771,0.0001955507855376806,0.07033383810756534
13.681840616850401,0.006334295158556019,0.0001955507855376806,0.07034237852447037
13.684341699161587,0.006873066228186814,0.0001955507855376806,0.07035093502171963
13.68684275960874,0.00786194859026744,0.0001955507855376806,0.07035950560711751
13.689343798266288,0.008176667023429118,0.0001955507855376806,0.0703680882674281
13.69184481520866,0.007080843860285152,0.0001955507855376806,0.07037668096837518
13.694345810510285,0.006742516381462907,0.0001955507855376806,0.07038528165464224
13.696846784245594,0.006954151178410584,0.0001955507855376806,0.07039373683104402
13.699347736489017,0.008276867086821418,0.0001955507855376806,0.07040203853198113
13.701848667314982,0.010940561855037098,0.0001955507855376806,0.0704101787251726
13.704349576797922,0.013465627261111335,0.0001955507855376806,0.0704181493116563
13.706850465012263,0.012440979345070144,0.0001955507855376806,0.07042594212578934
13.709351332032437,0.013631094006694502,0.0001955507855376806,0.07043354893524863
13.711852177932874,0.014727684513559297,0.0001955507855376806,0.07044096144103121
13.714353002788004,0.011990210024939899,0.0001955507855376806,0.07044817127745501
13.716853806672255,0.005909120762183348,0.0001955507855376806,0.07045517001215883
13.719354589660059,0.0037789970418185964,0.0001955507855376806,0.07046217026878199
13.721855351825841,0.0027972205774125652,0.0001955507855376806,0.07046917205114181
13.724356093244037,0.0030825609029679485,0.0001955507855376806,0.07047617536303005
13.726856813989075,0.003586836491412726,0.0001955507855376806,0.07048318020821279
13.729357514135382,0.003991348164713929,0.0001955507855376806,0.07049018659043021
13.73185819375739,0.0026997594546495363,0.0001955507855376806,0.07049719451339687
13.73435885292953,0.0018689770068154032,0.0001955507855376806,0.07050420398080195
13.736859491726229,0.0013649841741050772,0.0001955507855376806,0.07051121499630875
13.73936011022192,0.0013707285454562373,0.0001955507855376806,0.07051822756355505
13.74186070849103,0.0009720002079094126,0.0001955507855376806,0.07052524168615303
13.744361286607987,0.0009101749508962503,0.0001955507855376806,0.07053225736768927
13.746861844647226,0.0008472345336634768,0.0001955507855376806,0.07053927461172486
13.749362382683174,0.0010609945270702026,0.0001955507855376806,0.07054629342179543
13.75186290079026,0.0010282096963860898,0.0001955507855376806,0.07055331380141089
13.754363399042914,0.0016586129191415028,0.0001955507855376806,0.07056033575405586
13.756863877515569,0.003748605539200589,0.0001955507855376806,0.07056735928318927
13.759364336282651,0.006171694335122338,0.0001955507855376806,0.07057438439224477
13.761864775418593,0.00468087144999757,0.0001955507855376806,0.07058141108463042
13.76436519499782,0.003384743574855284,0.0001955507855376806,0.07058843936372902
13.766865595094766,0.0022919165107049833,0.0001955507855376806,0.0705954692328977
13.76936597578386,0.002131040133657877,0.0001955507855376806,0.07060250069546826
13.771866337139532,0.002150718443188593,0.0001955507855376806,0.07060953375474735
13.774366679236207,0.0019494701143267096,0.0001955507855376806,0.07061656841401573
13.776867002148322,0.0015321606191634196,0.0001955507855376806,0.07062360467652931
13.779367305950304,0.0015183676750497033,0.0001955507855376806,0.07063064254551826
13.781867590716582,0.001673172863393274,0.0001955507855376806,0.07063768202418752
13.784367856521584,0.001539077757582677,0.0001955507855376806,0.07064472311571676
13.786868103439744,0.0013903930222437105,0.0001955507855376806,0.0706517658232601
13.789368331545491,0.001210460695117807,0.0001955507855376806,0.07065881014994652
13.791868540913251,0.0013650858354696122,0.0001955507855376806,0.0706658319167832
13.794368731617459,0.001694097024025551,0.0001955507855376806,0.07067285447965058
13.79686890373254,0.0015651453710504304,0.0001955507855376806,0.07067987783824392
13.799369057332925,0.0014008632782486208,0.0001955507855376806,0.07068690199225769
13.801869192493047,0.0015702312912631161,0.0001955507855376806,0.07069392694138604
13.804369309287335,0.0017757736674847424,0.0001955507855376806,0.07070095268532231
13.806869407790213,0.0018111945453244682,0.0001955507855376806,0.07070797922375949
13.809369488076117,0.0019365442155090812,0.0001955507855376806,0.07071500655638979
13.811869550219475,0.0027186459991475898,0.0001955507855376806,0.0707220346829048
13.814369594294716,0.0046540338523615304,0.0001955507855376806,0.0707290636029958
13.81686962037627,0.0053354106125045875,0.0001955507855376806,0.0707360933163532
13.819369628538569,0.003913792802554841,0.0001955507855376806,0.07074312382266701
13.821869618856038,0.002952851526493591,0.0001955507855376806,0.07075015512162658
13.824369591403114,0.0024654799934053923,0.0001955507855376806,0.07075718721292078
13.82686954625422,0.0026979459294816516,0.0001955507855376806,0.07076422009623781
13.829369483483788,0.002261366131300957,0.0001955507855376806,0.07077125377126531
13.831869403166248,0.0015778361827421261,0.0001955507855376806,0.07077828823769029
13.83436930537603,0.0014538956867115038,0.0001955507855376806,0.07078532349519943
13.836869190187565,0.0019265461129318179,0.0001955507855376806,0.07079235954347857
13.839369057675281,0.001933718316389027,0.0001955507855376806,0.07079939638221301
13.841868907913607,0.001751775770803654,0.0001955507855376806,0.07080643401108766
13.844368740976975,0.0018960176843341309,0.0001955507855376806,0.07081347242978667
13.846868556939816,0.002811013612060584,0.0001955507855376806,0.07082051163799374
13.849368355876555,0.003358937033286935,0.0001955507855376806,0.07082755163539198
13.851868137861624,0.002711142950847567,0.0001955507855376806,0.07083459242166379
13.854367902969454,0.002408856537123763,0.0001955507855376806,0.0708416339964913
13.856867651274474,0.0028132742841479458,0.0001955507855376806,0.07084867635955576
13.859367382851113,0.0035233144462534227,0.0001955507855376806,0.07085571951053812
13.861867097773802,0.003489240951221051,0.0001955507855376806,0.07086276344911854
13.864366796116972,0.0026623510249651205,0.0001955507855376806,0.07086980817497673
13.866866477955048,0.0024090964711548785,0.0001955507855376806,0.07087685368779187
13.869366143362464,0.0034693101195553133,0.0001955507855376806,0.07088389998724254
13.871865792413649,0.005524954927757439,0.0001955507855376806,0.07089094707300667
13.874365425183033,0.0048138860013490214,0.0001955507855376806,0.0708979949447619
13.876865041745045,0.004618769142707688,0.0001955507855376806,0.07090504360218489
13.879364642174114,0.004424449572717218,0.0001955507855376806,0.07091209304495213
13.881864226544673,0.0033844867262188827,0.0001955507855376806,0.07091914327273936
13.884363794931147,0.0032860687038751973,0.0001955507855376806,0.07092619428522186
13.88686334740797,0.003794812780724771,0.0001955507855376806,0.07093324608207421
13.88936288404957,0.004517649013367958,0.0001955507855376806,0.07094029866297064
13.891862404930375,0.004010080150924147,0.0001955507855376806,0.07094735202758459
13.89436191012482,0.0038927375499127476,0.0001955507855376806,0.07095440617558918
13.89686139970733,0.003328840670124303,0.0001955507855376806,0.07096146110665674
13.899360873752334,0.0027520288411986837,0.0001955507855376806,0.07096851682045921
13.901860332334268,0.002424238064841308,0.0001955507855376806,0.07097557331666801
13.904359775527556,0.003159457211214342,0.0001955507855376806,0.07098263059495391
13.90685920340663,0.002949562281361867,0.0001955507855376806,0.07098968865498717
13.909358616045918,0.0028704088506507075,0.0001955507855376806,0.07099674749643758
13.911858013519852,0.005234025077848356,0.0001955507855376806,0.07100380711897411
13.914357395902863,0.00610912940016059,0.0001955507855376806,0.07101086752226549
13.916856763269376,0.004229546433662287,0.0001955507855376806,0.07101792870597978
13.919356115693825,0.0034414387167385624,0.0001955507855376806,0.07102499066978449
13.921855453250638,0.004052561700277957,0.0001955507855376806,0.07103205341334656
13.924354776014244,0.004266173373063772,0.0001955507855376806,0.07103911693633254
13.926854084059077,0.00553731376532933,0.0001955507855376806,0.07104618123840817
13.929353377459563,0.008134723165734922,0.0001955507855376806,0.07105324631923898
13.93185265629013,0.0068321507716092855,0.0001955507855376806,0.07106031217848957
13.934351920625213,0.005256537906886474,0.0001955507855376806,0.07106737881582437
13.936851170539237,0.00678144262573116,0.0001955507855376806,0.071074446230907
13.939350406106636,0.007171913454325413,0.0001955507855376806,0.07108151442340077
13.941849627401835,0.0046143131560623385,0.0001955507855376806,0.0710885833929682
13.944348834499268,0.004682757024786974,0.0001955507855376806,0.07109565313927149
13.946848027473361,0.004745575347545744,0.0001955507855376806,0.07110272366197216
13.94934720639855,0.004288944919518103,0.0001955507855376806,0.07110979496073133
13.951846371349257,0.005417581842962552,0.0001955507855376806,0.0711168670352095
13.954345522399919,0.005522492379858898,0.0001955507855376806,0.0711239398850666
13.95684465962496,0.006898825777601453,0.0001955507855376806,0.0711310135099621
13.959343783098815,0.008790035703925253,0.0001955507855376806,0.07113808790955492
13.961842892895906,0.007287421433843283,0.0001955507855376806,0.07114516308350335
13.964341989090672,0.006476145065727218,0.0001955507855376806,0.07115223903146536
13.966841071757536,0.006417400559383932,0.0001955507855376806,0.07115931575309817
13.96934014097093,0.005862711372144891,0.0001955507855376806,0.07116639324805868
13.971839196805286,0.006501844018883873,0.0001955507855376806,0.07117347151600303
13.97433823933503,0.006966265765032953,0.0001955507855376806,0.07118055055658706
13.976837268634595,0.007585128611525854,0.0001955507855376806,0.07118763036946593
13.979336284778409,0.008626646918750064,0.0001955507855376806,0.0711947109542943
13.981835287840903,0.00922379482144381,0.0001955507855376806,0.07120179231072638
13.984334277896505,0.012157883609762998,0.0001955507855376806,0.07120887443841573
13.986833255019645,0.013906257181988749,0.0001955507855376806,0.07121595733701555
13.989332219284757,0.014668818406940023,0.0001955507855376806,0.07122304100617827
13.991831170766263,0.016480010501968234,0.0001955507855376806,0.07123012544555625
13.994330109538598,0.016596589276803353,0.0001955507855376806,0.07123721065480076
13.996829035676194,0.01175023055336362,0.0001955507855376806,0.07124429663356287
13.999327949253475,0.008579571986395501,0.0001955507855376806,0.07125138338149317
14.001826850344873,0.007247226313404992,0.0001955507855376806,0.07125847089824161
14.004325739024821,0.008761409567776213,0.0001955507855376806,0.07126555918345763
14.006824615367742,0.01112613497605515,0.0001955507855376806,0.0712726482367902
14.009323479448074,0.012481299169123439,0.0001955507855376806,0.07127973805788777
14.011822331340241,0.012225175760355117,0.0001955507855376806,0.07128682864639824
14.014321171118674,0.011345922505529349,0.0001955507855376806,0.07129392000196902
14.016819998857803,0.010596361602287704,0.0001955507855376806,0.07130101212424701
14.01931881463206,0.010825523178186233,0.0001955507855376806,0.07130810501287857
14.02181761851587,0.011392735290813527,0.0001955507855376806,0.07131519866750963
14.024316410583667,0.012046184149072534,0.0001955507855376806,0.07132229308778533
14.026815190909879,0.012938186564015242,0.0001955507855376806,0.0713293882733508
14.029313959568936,0.014199177275579483,0.0001955507855376806,0.0713364842238502
14.031812716635267,0.015729839953235472,0.0001955507855376806,0.07134358093892737
14.034311462183306,0.016223998831280728,0.0001955507855376806,0.07135067841822575
14.036810196287476,0.017598183626078928,0.0001955507855376806,0.07135777666138793
14.039308919022211,0.020179071718017097,0.0001955507855376806,0.07136487566805645
14.04180763046194,0.022153803148789605,0.0001955507855376806,0.07137197543787281
14.044306330681092,0.016177679039311887,0.0001955507855376806,0.07137907597047863
14.0468050197541,0.005750378574945064,0.0001955507855376806,0.07138617726551447
14.049303697755391,0.0015682621560463156,0.0001955507855376806,0.07139327932262074
14.051802364759395,0.00046496515655877757,0.0001955507855376806,0.07140038214143714
14.054301020840539,0.0007955853743084051,0.0001955507855376806,0.07140748572160294
14.05679966607326,0.0006975215931666889,0.0001955507855376806,0.07141459006275694
14.059298300531982,0.0004120811177854705,0.0001955507855376806,0.07142169516453742
14.061796924291135,0.0008700055090652276,0.0001955507855376806,0.07142880102658213
14.064295537425151,0.0006645303829612842,0.0001955507855376806,0.07143590764852849
14.06679414000846,0.0004515125563884226,0.0001955507855376806,0.07144301503001302
14.069292732115489,0.000725072306462321,0.0001955507855376806,0.07145012317067218
14.071791313820668,0.0007663468171568294,0.0001955507855376806,0.07145723207014174
14.074289885198432,0.0006430643395251429,0.0001955507855376806,0.07146434172805695
14.076788446323205,0.00160526524105091,0.0001955507855376806,0.0714714521440526
14.07928699726942,0.0017701830859071649,0.0001955507855376806,0.07147856331776292
14.081785538111504,0.0010764983494678942,0.0001955507855376806,0.0714856752488219
14.084284068923889,0.0010575878397279942,0.0001955507855376806,0.0714927879368628
14.086782589781004,0.001382816327774053,0.0001955507855376806,0.0714999013815183
14.08928110075728,0.0005837419842905922,0.0001955507855376806,0.07150701558242085
14.091779601927144,0.00034501469245459826,0.0001955507855376806,0.07151413053920228
14.094278093365029,0.0003462185384054406,0.0001955507855376806,0.07152124625149386
14.096776575145364,3.2037345696359076e-05,0.0001955507855376806,0.07152836271892657
14.099275047342577,0.00036530142631728546,0.0001955507855376806,0.07153547994113069
14.101773510031098,0.00017922519977378593,0.0001955507855376806,0.07154259791773619
14.104271963285358,-5.988926374896064e-05,0.0001955507855376806,0.07154971664837236
14.106770407179786,0.0004682919895544757,0.0001955507855376806,0.0715568361326682
14.109268841788813,6.527882549718644e-05,0.0001955507855376806,0.0715639563702521
14.111767267186869,-1.1436164597894427e-05,0.0001955507855376806,0.07157107736075197
14.11426568344838,0.0008477164584923813,0.0001955507855376806,0.0715781991037954
14.11676409064778,0.0014902717432598162,0.0001955507855376806,0.07158532159900922
14.1192624888595,0.0011476637204892864,0.0001955507855376806,0.07159244484602006
14.121760878157964,0.0017404998061689297,0.0001955507855376806,0.07159956884445379
14.124259258617606,0.0020076070925705014,0.0001955507855376806,0.07160669359393607
14.126757630312854,0.0012385848366547325,0.0001955507855376806,0.0716138190940919
14.129255993318141,0.0005239495385472165,0.0001955507855376806,0.07162094534454586
14.13175434770789,0.0008333968017023158,0.0001955507855376806,0.07162807234492208
14.134252693556538,0.0014818748599319392,0.0001955507855376806,0.07163520009484407
14.13675103093851,0.0015169286844824437,0.0001955507855376806,0.0716423285939351
14.13924935992824,0.0009704871288327283,0.0001955507855376806,0.07164945784181778
14.141747680600155,0.00044275426065759627,0.0001955507855376806,0.07165658783811443
14.144245993028685,0.0005745650452733397,0.0001955507855376806,0.07166371858244652
14.146744297288258,0.0001715222359920665,0.0001955507855376806,0.0716708500744355
14.149242593453309,0.0004201307839533097,0.0001955507855376806,0.07167798231370212
14.151740881598263,0.0006968610189815039,0.0001955507855376806,0.0716851152998666
14.15423916179755,0.0007573611389977003,0.0001955507855376806,0.07169224903254885
14.156737434125603,0.0006286864379094342,0.0001955507855376806,0.0716993835113682
14.159235698656849,0.0015169623584217196,0.0001955507855376806,0.07170651873594353
14.161733955465719,0.002743910853577697,0.0001955507855376806,0.07171365470589323
14.164232204626641,0.002912767661778587,0.0001955507855376806,0.0717207914208354
14.16673044621405,0.001893703211794065,0.0001955507855376806,0.07172792888038731
14.16922868030237,0.0018895430996885981,0.0001955507855376806,0.0717350670841662
14.171726906966033,0.0030892861261146154,0.0001955507855376806,0.0717422060317885
14.174225126279467,0.005648165350545076,0.0001955507855376806,0.07174934572287031
14.176723338317105,0.006563945131519672,0.0001955507855376806,0.07175648615702726
14.179221543153375,0.004576236696712407,0.0001955507855376806,0.07176362733387454
14.181719740862707,0.0015808885139774187,0.0001955507855376806,0.07177076925302689
14.18421793151953,7.820154482185426e-05,0.0001955507855376806,0.07177791191409841
14.186716115198276,0.00040594960535003666,0.0001955507855376806,0.07178505531670301
14.189214291973373,0.000523498345111964,0.0001955507855376806,0.07179219946045393
14.191712461919249,0.00019550891748350285,0.0001955507855376806,0.07179934434496404
14.194210625110339,0.00032636364134708273,0.0001955507855376806,0.07180648996984587
14.196708781621068,0.000764513976042519,0.0001955507855376806,0.07181363633471116
14.199206931525868,0.0002935265414465288,0.0001955507855376806,0.07182078343917146
14.201705074899168,0.0002779412966451428,0.0001955507855376806,0.0718279312828379
14.204203211815399,0.0018578728393477267,0.0001955507855376806,0.07183507986532094
14.206701342348989,0.007443867174735899,0.0001955507855376806,0.07184222918623068
14.209199466574367,0.011724680859020467,0.0001955507855376806,0.07184937924517684
14.211697584565966,0.009490367570676825,0.0001955507855376806,0.07185653004176866
14.214195696398216,0.004045645483579663,0.0001955507855376806,0.07186368157561483
14.21669380214554,0.0020067626399951494,0.0001955507855376806,0.0718708338463237
14.219191901882377,0.003632787384179617,0.0001955507855376806,0.07187798685350308
14.221689995683152,0.0032735424730931245,0.0001955507855376806,0.07188514059676038
14.224188083622295,0.0017060279927585964,0.0001955507855376806,0.07189229507570258
14.226686165774236,0.0006603080184760801,0.0001955507855376806,0.07189945028993613
14.229184242213403,0.000639630328044663,0.0001955507855376806,0.07190660623906714
14.231682313014229,0.0005588540341553982,0.0001955507855376806,0.07191376292270124
14.234180378251146,0.0015101633160360534,0.0001955507855376806,0.07192092034044353
14.236678437998576,0.0011062611417249485,0.0001955507855376806,0.0719280784918987
14.239176492330953,0.0007418490034507702,0.0001955507855376806,0.07193523737667118
14.241674541322709,-9.75848228971371e-05,0.0001955507855376806,0.07194239699436458
14.24417258504827,0.00016285700400069103,0.0001955507855376806,0.07194955734458239
14.246670623582068,0.0003716538405425518,0.0001955507855376806,0.07195671842692758
14.249168656998533,0.000786195841282672,0.0001955507855376806,0.07196388024100261
14.251666685372093,0.0003419514882644359,0.0001955507855376806,0.07197104278640959
14.25416470877718,0.00037772981539203887,0.0001955507855376806,0.07197820606274999
14.256662727288221,0.00023318820136591922,0.0001955507855376806,0.07198537006962508
14.259160740979649,-6.010768465217198e-05,0.0001955507855376806,0.0719925348066357
14.261658749925889,-0.0004978927924203097,0.0001955507855376806,0.07199970027338193
14.264156754201377,0.0003542786452792046,0.0001955507855376806,0.07200686646946382
14.266654753880537,0.0005550272663453343,0.0001955507855376806,0.07201403339448065
14.269152749037803,0.00024176962349818643,0.0001955507855376806,0.07202120104803153
14.271650739747605,0.0002752047491802051,0.0001955507855376806,0.07202836942971494
14.274148726084368,3.222301470875988e-05,0.0001955507855376806,0.07203553853912895
14.276646708122525,0.00021082504472241803,0.0001955507855376806,0.07204270837587134
14.279144685936506,0.0014134496055585172,0.0001955507855376806,0.07204987893953939
14.281642659600744,0.00321527999342526,0.0001955507855376806,0.07205705022972975
14.28414062918966,0.0025188777877381135,0.0001955507855376806,0.07206422224603895
14.28663859477769,0.0008000992803966905,0.0001955507855376806,0.07207139498806292
14.289136556439264,-0.0002226482942419561,0.0001955507855376806,0.07207856845539717
14.29163451424881,0.0003586418714429662,0.0001955507855376806,0.07208574264763679
14.29413246828076,0.002714017415599873,0.0001955507855376806,0.07209291756437647
14.29663041860954,0.00567263505774572,0.0001955507855376806,0.07210009320521041
14.299128365309583,0.005125475793495163,0.0001955507855376806,0.07210726956973237
14.301626308455317,0.0029392791358918285,0.0001955507855376806,0.07211444665753594
14.304124248121173,0.0016539316124549452,0.0001955507855376806,0.07212162446821388
14.30662218438158,0.0011622219750502677,0.0001955507855376806,0.07212880300135882
14.309120117310968,0.0011799915328177951,0.0001955507855376806,0.07213598225656281
14.311618046983767,0.0010520300279690392,0.0001955507855376806,0.07214316223341763
14.314115973474406,0.0023114107070108525,0.0001955507855376806,0.07215034293151451
14.316613896857314,0.002324011428935055,0.0001955507855376806,0.07215752435044419
14.319111817206926,0.0009367369380500618,0.0001955507855376806,0.07216470648979723
14.321609734597663,0.0007116645206238364,0.0001955507855376806,0.07217188934916358
14.324107649103965,0.0035414687653099464,0.0001955507855376806,0.07217907292813279
14.326605560800255,0.006451259173834739,0.0001955507855376806,0.07218625722629408
14.329103469760962,0.006116265926767894,0.0001955507855376806,0.07219344224323615
14.331601376060517,0.003217350127162455,0.0001955507855376806,0.07220062797854737
14.334099279773355,0.0015907719510239032,0.0001955507855376806,0.07220781443181558
14.3365971809739,0.0007234117090459125,0.0001955507855376806,0.07221500160262842
14.339095079736582,0.0018379705854209977,0.0001955507855376806,0.07222218949057277
14.341592976135834,0.00517258211291631,0.0001955507855376806,0.07222937809523539
14.344090870246083,0.006477254967013971,0.0001955507855376806,0.07223656741620263
14.34658876214176,0.005230538346315747,0.0001955507855376806,0.07224375745306022
14.349086651897297,0.0031208218021240297,0.0001955507855376806,0.07225094820539354
14.351584539587119,0.001514878289347113,0.0001955507855376806,0.0722581396727877
14.354082425285657,0.000937077946008058,0.0001955507855376806,0.07226533185482722
14.356580309067345,0.0005074082110583245,0.0001955507855376806,0.07227252475109647
14.359078191006606,0.0008360794307217395,0.0001955507855376806,0.07227971836117902
14.361576071177875,0.0014821119853811876,0.0001955507855376806,0.07228691268465846
14.364073949655582,0.0019791858607077772,0.0001955507855376806,0.07229410772111752
14.366571826514154,0.0010641435097993868,0.0001955507855376806,0.07230130347013888
14.369069701828021,0.0003333330503512977,0.0001955507855376806,0.07230849993130475
14.371567575671616,0.0001642657625262195,0.0001955507855376806,0.07231569710419683
14.374065448119365,0.0003057156397272831,0.0001955507855376806,0.07232289498839645
14.376563319245697,0.00034801862580693954,0.0001955507855376806,0.07233009358348452
14.379061189125046,0.00034361197640701835,0.0001955507855376806,0.0723372928890416
14.38155905783184,0.0005181291130008092,0.0001955507855376806,0.07234449290464792
14.384056925440508,0.0009499620447664531,0.0001955507855376806,0.07235169362988317
14.38655479202548,0.0004129390565059815,0.0001955507855376806,0.07235883726612599
14.389052657661189,0.000589092460620777,0.0001955507855376806,0.07236592610633813
14.391550522422058,0.000683068571036824,0.0001955507855376806,0.07237296242535576
14.394048386382522,0.0011827509529437202,0.0001955507855376806,0.0723799484798897
14.39654624961701,0.0008132335256419293,0.0001955507855376806,0.07238688650852552
14.39904411219995,0.001458463980645447,0.0001955507855376806,0.07239377873172334
14.401541974205776,0.0038594287128477095,0.0001955507855376806,0.07240062735181782
14.404039835708913,0.0072216355348259376,0.0001955507855376806,0.07240743455301851
14.406537696783792,0.006217354665474004,0.0001955507855376806,0.07241420250140945
14.409035557504843,0.004107668239196324,0.0001955507855376806,0.07242093334494945
14.411533417946497,0.002854395239789073,0.0001955507855376806,0.07242762921347182
14.414031278183185,0.0023565159246236866,0.0001955507855376806,0.07243429221868478
14.41652913828933,0.0020433467705483765,0.0001955507855376806,0.07244092445417094
14.419026998339373,0.0011110051160144185,0.0001955507855376806,0.07244752799538783
14.421524858407732,0.0015578864476978177,0.0001955507855376806,0.07245418348770624
14.424022718568843,0.0048042176600755215,0.0001955507855376806,0.07246246868542684
14.426520578897136,0.006870425986886475,0.0001955507855376806,0.0724700533906501
14.42901843946704,0.005455414711964798,0.0001955507855376806,0.0724769643172477
14.431516300352984,0.0023251667638461426,0.0001955507855376806,0.07248322796998463
14.434014161629399,0.00037490452372694605,0.0001955507855376806,0.07248995959700982
14.436512023370714,0.00026617328124563244,0.0001955507855376806,0.07249456505462909
14.439009885651357,0.0003473699943607744,0.0001955507855376806,0.07249935358548426
14.441507748545762,0.00045127562220785566,0.0001955507855376806,0.07250432153297895
14.444005612128354,0.0002901937259234544,0.0001955507855376806,0.07250946526216581
14.446503476473566,0.0006572657196171894,0.0001955507855376806,0.07251478115974597
14.449001341655826,0.0007854792583914527,0.0001955507855376806,0.07252026563406977
14.451499207749569,0.0007998826763807032,0.0001955507855376806,0.0725257553304502
14.453997074829216,0.000480437646002127,0.0001955507855376806,0.07253125304052972
14.456494942969202,-8.193018963607857e-05,0.0001955507855376806,0.07253676152749797
14.45899281224396,0.0005869509471678053,0.0001955507855376806,0.07254228352609102
14.461490682727911,0.002089671757510611,0.0001955507855376806,0.07254783996078368
14.463988554495492,0.004592954023222795,0.0001955507855376806,0.07255343278653983
14.46648642762113,0.004446444535996172,0.0001955507855376806,0.07255906393558267
14.468984302179255,0.002544415190847818,0.0001955507855376806,0.07256473531739457
14.471482178244296,0.0010230871345296988,0.0001955507855376806,0.07257044881871716
14.473980055890687,0.0002822025072860279,0.0001955507855376806,0.07257620630355094
14.476477935192852,0.00035925966832640877,0.0001955507855376806,0.07258200961315593
14.478975816225224,0.0004928504774235065,0.0001955507855376806,0.07258786056605085
14.481473699062233,0.0011748102133282146,0.0001955507855376806,0.07259376095801381
14.483971583778306,0.003320852224649687,0.0001955507855376806,0.07259971256208195
14.486469470447876,0.00544368146699524,0.0001955507855376806,0.07260571712855143
14.488967359145374,0.004733919867883879,0.0001955507855376806,0.0726117763849776
14.491465249945222,0.0026041775220804753,0.0001955507855376806,0.07261789203617466
14.493963142921858,0.0008386009556250185,0.0001955507855376806,0.07262406576421593
14.49646103814971,0.00036351474843906995,0.0001955507855376806,0.07263029922843377
14.498958935703206,0.00013653343849610866,0.0001955507855376806,0.07263659406541957
14.501456835656773,0.0004930231823942616,0.0001955507855376806,0.07264295188902345
14.503954738084847,0.00011266976792367878,0.0001955507855376806,0.07264942521097192
14.506452643061857,0.0013606470444155472,0.0001955507855376806,0.0726560135792183
14.508950550662227,0.007829685500798308,0.0001955507855376806,0.07266271653494018
14.511448460960393,0.013718820459609801,0.0001955507855376806,0.07266953361253942
14.513946374030782,0.011503906850123286,0.0001955507855376806,0.07267646433964227
14.516444289947824,0.006105401881427511,0.0001955507855376806,0.07268350823709913
14.51894220878595,0.002584618005523079,0.0001955507855376806,0.07269066481898474
14.521440130619586,0.0012971917302328773,0.0001955507855376806,0.07269793359259813
14.523938055523166,0.0027579349825750943,0.0001955507855376806,0.07270531405846262
14.52643598357112,0.004881769155192381,0.0001955507855376806,0.07271280571032568
14.528933914837875,0.004317715919190432,0.0001955507855376806,0.0727204080351591
14.53143184939786,0.002293585124178349,0.0001955507855376806,0.07272812051315894
14.533929787325508,0.003129878174831499,0.0001955507855376806,0.07273594261774535
14.536427728695248,0.004499620925376216,0.0001955507855376806,0.07274387381556294
14.538925673581508,0.003930007885803888,0.0001955507855376806,0.07275191356648031
14.541423622058721,0.0023062791580219927,0.0001955507855376806,0.07276006132359042
14.543921574201313,0.000617092116435361,0.0001955507855376806,0.07276831653321025
14.546419530083716,0.0004284319377403367,0.0001955507855376806,0.07277667863488119
14.54891748978036,0.0008561806798309118,0.0001955507855376806,0.07278514706136865
14.551415453365673,0.0012617778171639532,0.0001955507855376806,0.07279372123866226
14.553913420914085,0.0013151980020041781,0.0001955507855376806,0.07280240058597587
14.55641139250003,0.0007883860916862023,0.0001955507855376806,0.0728111845157473
14.558909368197932,0.000701624364452702,0.0001955507855376806,0.07282007243363875
14.561407348082223,0.0009780040333516316,0.0001955507855376806,0.07282906373853633
14.563905332227336,0.0008272347087766169,0.0001955507855376806,0.07283815782255043
14.566403320707696,0.00025987967199254947,0.0001955507855376806,0.0728473540710155
14.568901313597733,0.00031600756588251455,0.0001955507855376806,0.07285665186249002
14.57139931097188,0.0007116074652389615,0.0001955507855376806,0.07286605056875661
14.573897312904565,0.00016592995674984123,0.0001955507855376806,0.07287554955482195
14.576395319470219,0.00028858470576885453,0.0001955507855376806,0.07288514817891684
14.57889333074327,0.000434593369851341,0.0001955507855376806,0.07289484579249611
14.581391346798148,0.0012574624198485457,0.0001955507855376806,0.07290464174023853
14.583889367709284,0.0020848763629933154,0.0001955507855376806,0.07291453536004697
14.586387393551107,0.00375095445366401,0.0001955507855376806,0.07292452598304835
14.588885424398049,0.005031412340904318,0.0001955507855376806,0.07293461293359357
14.591383460324533,0.0036236179230772353,0.0001955507855376806,0.07294479552925762
14.593881501404997,0.0019248141617997927,0.0001955507855376806,0.07295507308083905
14.596379547713868,0.0005135320515516906,0.0001955507855376806,0.07296544489236091
14.598877599325572,0.00037658886587838003,0.0001955507855376806,0.07297591026107
14.601375656314541,0.0013945850446639013,0.0001955507855376806,0.07298646847743684
14.603873718755212,0.000924327810897213,0.0001955507855376806,0.07299711882515625
14.606371786722002,0.0010063778803930529,0.0001955507855376806,0.07300786058114662
14.60886986028935,0.0017223494099345427,0.0001955507855376806,0.0730186930155505
14.611367939531682,0.0018404172228373705,0.0001955507855376806,0.07302961539173405
14.61386602452343,0.0005771320708614913,0.0001955507855376806,0.07304062696628755
14.616364115339021,0.0006633142020872757,0.0001955507855376806,0.0730517269890251
14.618862212052887,0.002020864311099671,0.0001955507855376806,0.07306291470298446
14.621360314739459,0.0014447966416953478,0.0001955507855376806,0.07307418934442725
14.62385842347316,0.0005438827126036244,0.0001955507855376806,0.07308555014283911
14.62635653832843,0.0006147379029880079,0.0001955507855376806,0.0730969963209292
14.628854659379693,4.713867738116717e-05,0.0001955507855376806,0.07310852709463059
14.631352786701376,0.00016896426520326968,0.0001955507855376806,0.07312016889318751
14.633850920367912,0.00046889395299862247,0.0001955507855376806,0.07313191983899017
14.636349060453734,0.00046766697168880433,0.0001955507855376806,0.07314377805618555
14.638847207033267,0.0004279983044104402,0.0001955507855376806,0.07315574167067718
14.641345360180942,0.000761330828354001,0.0001955507855376806,0.07316780881012512
14.64384351997119,0.0017602243666456907,0.0001955507855376806,0.0731799776039459
14.64634168647844,0.0023080954786369873,0.0001955507855376806,0.07319224618331258
14.648839859777121,0.002636874960644589,0.0001955507855376806,0.07320461268115504
14.651338039941665,0.004537036043297235,0.0001955507855376806,0.0732170752321595
14.653836227046497,0.005470567570710405,0.0001955507855376806,0.0732296319727688
14.656334421166052,0.0038294114317575095,0.0001955507855376806,0.07324228104118236
14.65883262237476,0.0022991425129869625,0.0001955507855376806,0.07325502057735635
14.661330830747046,0.0020105187579697176,0.0001955507855376806,0.07326798482871416
14.663829046357344,0.002080235633469582,0.0001955507855376806,0.07328116653861358
14.666327269280082,0.001187830108629398,0.0001955507855376806,0.0732945584948328
14.66882549958969,0.0004616767474515532,0.0001955507855376806,0.07330815352957046
14.671323737360597,-7.973693008245242e-05,0.0001955507855376806,0.0733219445194459
14.673821982667233,0.0004007946696425735,0.0001955507855376806,0.0733359243854994
14.676320235584031,0.0002313121473964258,0.0001955507855376806,0.07335008609319177
14.678818496185416,0.00032291788976328284,0.0001955507855376806,0.07336442265240543
14.681316764545821,0.001170803183689409,0.0001955507855376806,0.07337892711744379
14.683815040739674,0.001424196169298786,0.0001955507855376806,0.07339359258703128
14.686313324841406,0.002334161754577388,0.0001955507855376806,0.0734084122043144
14.688811616925445,0.002625170804393659,0.0001955507855376806,0.07342239137435587
14.691309917066224,0.0015008191610376143,0.0001955507855376806,0.0734393501543556
14.69380822533817,0.00020541824433970013,0.0001955507855376806,0.0734574638089028
14.696306541815714,-7.575840660486999e-05,0.0001955507855376806,0.07347316979971169
14.698804866573287,3.5264006775198586e-05,0.0001955507855376806,0.07348651926671543
14.701303199685315,9.143435729808136e-05,0.0001955507855376806,0.07350090990892047
14.70380154122623,0.000716073657099886,0.0001955507855376806,0.07351514902001355
14.706299891270461,0.0006263070602450793,0.0001955507855376806,0.07352924181871927
14.708798249892443,0.0004856895191870242,0.0001955507855376806,0.07354319347280368
14.711296617166598,0.0012563240349154903,0.0001955507855376806,0.07355765624668048
14.71379499316736,0.0025315201574116347,0.0001955507855376806,0.07357162629720093
14.716293377969155,0.00373361177686439,0.0001955507855376806,0.07358566815071724
14.718791771646417,0.0034743636143511752,0.0001955507855376806,0.07359977854127137
14.721290174273578,0.0021635038680047902,0.0001955507855376806,0.07361395421773355
14.72378858592506,0.00133759621573519,0.0001955507855376806,0.0736281919438014
14.726287006675301,0.0010348846286630797,0.0001955507855376806,0.07364248849800073
14.728785436598724,0.0017146273921886668,0.0001955507855376806,0.07365684067368503
14.731283875769764,0.002003267534703368,0.0001955507855376806,0.07367124527903607
14.733782324262846,0.0008379870627573671,0.0001955507855376806,0.07368569913706335
14.736280782152402,0.00013210446920182417,0.0001955507855376806,0.07370019908560468
14.738779249512865,0.00012107695209553904,0.0001955507855376806,0.0737147419773259
14.741277726418659,-0.00016371746458107572,0.0001955507855376806,0.07372932467972133
14.74377621294422,0.0002893718050382549,0.0001955507855376806,0.07374394407511306
14.746274709163968,0.00031225452601756076,0.0001955507855376806,0.07375859706065196
14.748773215152346,0.00016052889664289194,0.0001955507855376806,0.07377328054831703
14.751271730983772,7.975804142140719e-05,0.0001955507855376806,0.07378799146491602
14.753770256732682,0.00044574865866718605,0.0001955507855376806,0.07380272675208463
14.756268792473506,0.0010830756566156674,0.0001955507855376806,0.07381748336628774
14.758767338280672,0.0009777376197967202,0.0001955507855376806,0.07383225827881841
14.76126589422861,0.000947355085502366,0.0001955507855376806,0.0738470484757986
14.76376446039175,0.001203474616831804,0.0001955507855376806,0.0738618509581789
14.76626303684452,0.0003475595840193857,0.0001955507855376806,0.07387666274173879
14.768761623661353,0.0003005817010060807,0.0001955507855376806,0.07389148085708655
14.771260220916675,0.00023639552669105224,0.0001955507855376806,0.07390630234965942
14.77375882868492,-0.0004277841837324603,0.0001955507855376806,0.07392112427972364
14.776257447040516,0.0003796858834937411,0.0001955507855376806,0.07393594372237444
14.778756076057894,0.00292525663809437,0.0001955507855376806,0.07395075776753623
14.78125471581148,0.004055596181959414,0.0001955507855376806,0.07396556351996258
14.783753366375706,0.0028434020993980264,0.0001955507855376806,0.07398035809923625
14.786252027825002,0.001960004527600076,0.0001955507855376806,0.0739944570781761
14.7887507002338,0.00181485801581463,0.0001955507855376806,0.07400858992204441
14.791249383676526,0.0019132685049816217,0.0001955507855376806,0.07402275264049624
14.793748078227608,0.0020778815591666333,0.0001955507855376806,0.0740369412654465
14.796246783961484,0.00039412016115898674,0.0001955507855376806,0.0740511518510699
14.798745500952576,0.0008259707202711852,0.0001955507855376806,0.07406538047380112
14.801244229275317,0.0007090306723675083,0.0001955507855376806,0.07407962323233477
14.803742969004137,0.000432506432000726,0.0001955507855376806,0.07409343713382838
14.806241720213466,0.00045165352573797724,0.0001955507855376806,0.0741068357429718
14.808740482977731,0.0005059249961176099,0.0001955507855376806,0.07411983250910012
14.811239257371367,0.000527397579435554,0.0001955507855376806,0.07413244076619246
14.813738043468797,0.0007638444159145941,0.0001955507855376806,0.07414467373287187
14.816236841344455,0.0006608421926866115,0.0001955507855376806,0.07415654451240467
14.818735651072771,0.0004787430031823747,0.0001955507855376806,0.07417168833767696
14.821234472728175,0.0011414548318740142,0.0001955507855376806,0.07418114743028797
14.823733306385094,0.0021839226775050846,0.0001955507855376806,0.07419177481552325
14.82623215211796,0.00270914777744187,0.0001955507855376806,0.07420352598716731
14.828731010001201,0.001565573436020054,0.0001955507855376806,0.07421456067365832
14.83122988010925,0.000310043735182286,0.0001955507855376806,0.07422482149556461
14.833728762516534,0.0009343676588263738,0.0001955507855376806,0.07423433900251594
14.836227657297483,0.0012865016467406842,0.0001955507855376806,0.0742463895327031
14.838726564526528,0.0008922407657347836,0.0001955507855376806,0.07425811746344871
14.8412254842781,0.000669270556396262,0.0001955507855376806,0.0742695341823576
14.843724416626626,0.0020948250391397832,0.0001955507855376806,0.07428065097303096
14.846223361646535,0.0033642363866433905,0.0001955507855376806,0.07429147901506565
14.848722319412259,0.0028527754938020705,0.0001955507855376806,0.07430202938405371
14.851221289998229,0.0011300305564148488,0.0001955507855376806,0.07431231305158174
14.853720273478872,0.00018771942809737985,0.0001955507855376806,0.07432234088523049
14.85621926992862,0.0004071519802282403,0.0001955507855376806,0.07433212364857435
14.8587182794219,0.0012240396074122,0.0001955507855376806,0.07434167200118069
14.861217302033143,0.001997589363844865,0.0001955507855376806,0.07435099649860925
14.86371633783678,0.0016501071200659967,0.0001955507855376806,0.07436010759241196
14.86621538690724,0.0017614768187994984,0.0001955507855376806,0.07436990345802993
14.868714449318954,0.000894405197203893,0.0001955507855376806,0.07438035911582186
14.87121352514635,0.00027313139098295025,0.0001955507855376806,0.07439144976035011
14.873712614463859,-7.925850680962077e-06,0.0001955507855376806,0.07440165856230642
14.87621171734591,-2.476484835461923e-05,0.0001955507855376806,0.07441102026514194
14.878710833866931,0.00024044254797919717,0.0001955507855376806,0.07442074487762856
14.881209964101355,0.00146515404818659,0.0001955507855376806,0.07443081991816865
14.88370910812361,0.0021791272931628997,0.0001955507855376806,0.07444240854977466
14.886208266008127,0.0009053883837225052,0.0001955507855376806,0.07445686968016393
14.888707437829336,0.0012972384070561033,0.0001955507855376806,0.07446894040955979
14.891206623661665,0.005319696641498159,0.0001955507855376806,0.07447960018894012
14.893705823579543,0.00928634727612243,0.0001955507855376806,0.07449277764543147
14.896205037657404,0.008562558495925715,0.0001955507855376806,0.07450698634469732
14.898704265969675,0.0045690694595395265,0.0001955507855376806,0.07451599329172803
14.901203508590784,0.0004023775793327161,0.0001955507855376806,0.07452507460871205
14.903702765595165,-0.0004122482497571772,0.0001955507855376806,0.07453518846048982
14.906202037057245,0.0004762545483623648,0.0001955507855376806,0.07454486323992274
14.908701323051453,0.001523508504203866,0.0001955507855376806,0.07455561386728024
14.911200623652222,0.003985874288416652,0.0001955507855376806,0.07456614313544602
14.91369993893398,0.0034794463303744055,0.0001955507855376806,0.07457645958053563
14.916199268971154,0.0023859364590121668,0.0001955507855376806,0.07458657164928012
14.918698613838178,0.004297696057532829,0.0001955507855376806,0.07459648769902544
14.921197973609482,0.007242763717963743,0.0001955507855376806,0.07460621599773191
14.923697348359493,0.007073466598559661,0.0001955507855376806,0.07461576472397413
14.926196738162641,0.004536152578825475,0.0001955507855376806,0.07462514196693976
14.928696143093358,0.00214114272595467,0.0001955507855376806,0.07463465328616573
14.93119556322607,0.001876455749988501,0.0001955507855376806,0.07464429478707127
14.933694998635213,0.0010722398758472307,0.0001955507855376806,0.07465406257892301
14.936194449395211,0.00038389689376903957,0.0001955507855376806,0.07466395277483523
14.938693915580494,0.0015304131347337463,0.0001955507855376806,0.07467396149176998
14.941193397265495,0.0017999666703613498,0.0001955507855376806,0.07468435612462465
14.943692894524645,0.0014481825810840065,0.0001955507855376806,0.07469512203592507
14.946192407432369,0.0026681111067169555,0.0001955507855376806,0.07470624467704279
14.9486919360631,0.003960496041331946,0.0001955507855376806,0.07471747406155183
14.951191480491264,0.003478759352299368,0.0001955507855376806,0.07472880516243494
14.953691040791295,0.0026227278016979494,0.0001955507855376806,0.0747402329677265
14.95619061703762,0.0029955070035627973,0.0001955507855376806,0.07475271726864921
14.958690209304672,0.0032461376910548068,0.0001955507855376806,0.0747636001814541
14.96118981766688,0.0034414722064092795,0.0001955507855376806,0.07477294249451877
14.963689442198671,0.005099708212265228,0.0001955507855376806,0.07478571445245144
14.966189082974475,0.006105040380217253,0.0001955507855376806,0.07479600841113873
14.968688740068725,0.005635467830213278,0.0001955507855376806,0.0748059713928094
14.971188413555849,0.008018461561503987,0.0001955507855376806,0.07481561626433439
14.973688103510275,0.009961831345196376,0.0001955507855376806,0.07482495576333609
14.976187810006438,0.011047779116490908,0.0001955507855376806,0.07483430394251667
14.97868753311876,0.011376334123529577,0.0001955507855376806,0.07484366132206194
14.981187272921678,0.010390262691632055,0.0001955507855376806,0.07485302838735217
14.98368702948962,0.005662144111647588,0.0001955507855376806,0.07486240558896254
14.986186802897011,0.001134614301448858,0.0001955507855376806,0.07487179334266235
14.988686593218288,0.0007910434212711481,0.0001955507855376806,0.07488239783831607
14.991186400527877,0.0015363971256171366,0.0001955507855376806,0.0748914483620908
14.993686224900205,0.0009701385001717328,0.0001955507855376806,0.074900145385452
14.996186066409708,0.00147039162554774,0.0001955507855376806,0.07490850407659788
14.998685925130811,0.0012758683234832813,0.0001955507855376806,0.07491684904554263
15.001185801137945,0.0005186804533599404,0.0001955507855376806,0.07492518287190741
15.003685694505542,0.0001531002151704125,0.0001955507855376806,0.07493350807912434
15.00618560530803,0.0002985887252996977,0.0001955507855376806,0.07494182713443581
15.008685533619836,-0.0002125915471697798,0.0001955507855376806,0.07495014244889428
15.011185479515394,-0.0004278926877733791,0.0001955507855376806,0.07495845637736157
15.013685443069134,-3.4127709832687536e-05,0.0001955507855376806,0.07496677121850895
15.016185424355482,0.0003664233433493813,0.0001955507855376806,0.07497508921481644
15.01868542344887,0.00019370076207922415,0.0001955507855376806,0.07498341255257215
15.02118544042373,0.0007876653603147432,0.0001955507855376806,0.07499174336187273
15.023685475354487,0.000988176532754681,0.0001955507855376806,0.07500014382653306
15.026185528315573,0.0002744261068396564,0.0001955507855376806,0.0750086182943103
15.02868559938142,0.00018898626619535952,0.0001955507855376806,0.07501717107490943
15.031185688626454,0.0006344861324930062,0.0001955507855376806,0.07502621369368674
15.03368579612511,0.0008061085066628504,0.0001955507855376806,0.07503573422788798
15.03618592195181,0.00044117402943766315,0.0001955507855376806,0.07504572084429306
15.038686066180993,0.0014563609552656481,0.0001955507855376806,0.07505616179921587
15.04118622888708,0.0021957525531439287,0.0001955507855376806,0.07506892752835095
15.043686410144506,0.003975332835320561,0.0001955507855376806,0.07507849133036726
15.0461866100277,0.0027842232236370973,0.0001955507855376806,0.07509018346902767
15.04868682861109,0.0021287003926226816,0.0001955507855376806,0.07510392690923641
15.05118706596911,0.0020114065886664007,0.0001955507855376806,0.07511505874839133
15.053687322176183,0.0028549931289644642,0.0001955507855376806,0.07512597517250288
15.056187597306746,0.0033025486031834222,0.0001955507855376806,0.0751366906225269
15.058687891435222,0.0018450008208225066,0.0001955507855376806,0.07514759510818564
15.061188204636046,0.0013474059750615414,0.0001955507855376806,0.07515703954408301
15.063688536983646,0.0019523549567947024,0.0001955507855376806,0.07516731030957433
15.066188888552453,0.0017451357687743863,0.0001955507855376806,0.07517842753229248
15.068689259416896,0.00114613164669497,0.0001955507855376806,0.07519041155873607
15.071189649651403,0.0022622394525641937,0.0001955507855376806,0.0752021504477805
15.073690059330405,0.003967258770804533,0.0001955507855376806,0.0752163011769193
15.076190488528333,0.004448463340325143,0.0001955507855376806,0.0752321642658868
15.078690937319616,0.0032171335039902355,0.0001955507855376806,0.07524680867932759
15.08119140577868,0.002776063219603747,0.0001955507855376806,0.0752602792919086
15.083691893979962,0.0021711181169726534,0.0001955507855376806,0.07527550173046185
15.086192401997886,0.0019434338766144976,0.0001955507855376806,0.07529030882840615
15.088692929906884,0.0023697402307282928,0.0001955507855376806,0.07530488013928574
15.091193477781388,0.00193183381751863,0.0001955507855376806,0.07531923529998993
15.093694045695825,0.0008221487814559503,0.0001955507855376806,0.07533385431665326
15.096194633724624,0.0009351690253928124,0.0001955507855376806,0.07534873829245248
15.098695241942217,0.0007978680978588115,0.0001955507855376806,0.0753638693953339
15.101195870423032,-0.00010970054717827915,0.0001955507855376806,0.07537924801725984
15.103696519241499,-8.240975930356997e-06,0.0001955507855376806,0.07539487455609463
15.106197188472049,0.0007568070506268482,0.0001955507855376806,0.0754107494156047
15.108697878189112,0.0013519827683237118,0.0001955507855376806,0.07542733352377409
15.111198588467115,0.003112898063611466,0.0001955507855376806,0.07544415776990945
15.11369931938049,0.0024451420563795373,0.0001955507855376806,0.0754612223523359
15.11620007100367,0.0008579531396527978,0.0001955507855376806,0.07547852747818376
15.118700843411077,-0.0001413252300893203,0.0001955507855376806,0.07549682613309436
15.121201636677146,0.000747299231662224,0.0001955507855376806,0.07551657388241972
15.123702450876308,0.001564593126077582,0.0001955507855376806,0.07553490610128424
15.12620328608299,0.0010277355857033627,0.0001955507855376806,0.07555335524132245
15.128704142371621,0.0007531996077178998,0.0001955507855376806,0.07557192600802914
15.131205019816633,0.0008631341353844135,0.0001955507855376806,0.07559062308155551
15.133705918492456,0.00017170805522725985,0.0001955507855376806,0.07560945111670804
15.136206838473518,-0.00040430995909199186,0.0001955507855376806,0.0756284147429488
15.138707779834249,0.0005498806312838889,0.0001955507855376806,0.07564751856439515
15.141208742649079,0.0008529408300887165,0.0001955507855376806,0.07566671420256921
15.143709726992439,0.0001581567155317931,0.0001955507855376806,0.07568600415803714
15.14621073293876,0.0002726046327581333,0.0001955507855376806,0.075706329630476
15.148711760562465,0.0007133588866926888,0.0001955507855376806,0.07572641877029285
15.151212809937993,0.0005304722151523722,0.0001955507855376806,0.07574741500934015
15.153713881139767,9.530096640782137e-05,0.0001955507855376806,0.07576928793188317
15.15621497424222,0.0008727856399193545,0.0001955507855376806,0.07579104481749813
15.15871608931978,0.0016796750667067983,0.0001955507855376806,0.07581269387145742
15.161217226446878,0.002565159909098086,0.0001955507855376806,0.0758342432164003
15.163718385697944,0.004145808099796644,0.0001955507855376806,0.07585570089233289
15.166219567147406,0.005152554061980744,0.0001955507855376806,0.07587707485662673
15.168720770869696,0.003636047747455004,0.0001955507855376806,0.07589837298401829
15.171221996939241,0.003083861367059973,0.0001955507855376806,0.07591960306660861
15.173723245430475,0.0037115388164711133,0.0001955507855376806,0.0759415625670296
15.176224516417827,0.00453558151760694,0.0001955507855376806,0.07596422778277068
15.17872580997572,0.006784258504177201,0.0001955507855376806,0.07598757517604939
15.181227126178591,0.006068210053524203,0.0001955507855376806,0.07601158137381281
15.183728465100872,0.00286969129538886,0.0001955507855376806,0.07603457627684904
15.186229826816982,0.0009155808309370544,0.0001955507855376806,0.0760566021731805
15.18873121140136,0.0002304803812232803,0.0001955507855376806,0.07607770099973299
15.191232618928433,0.0008056758723887503,0.0001955507855376806,0.07610075072724146
15.193734049472631,0.0009317511009681173,0.0001955507855376806,0.07612295254468324
15.196235503108383,0.0012229434108994852,0.0001955507855376806,0.07614434390565714
15.198736979910121,0.001012950183891248,0.0001955507855376806,0.07616581135727113
15.201238479952272,0.00015284649032490383,0.0001955507855376806,0.07618735802343485
15.203740003309267,-0.00035277505407915744,0.0001955507855376806,0.07620898697709205
15.206241550055537,3.405885003046616e-05,0.0001955507855376806,0.07623070124021905
15.208743120265508,0.0002666623993422407,0.0001955507855376806,0.0762525037838246
15.211244714013615,-0.000172517564851149,0.0001955507855376806,0.07627439752794965
15.213746331374285,-0.0003713904040061472,0.0001955507855376806,0.07629638534166666
15.216247972421947,0.0005026394671843043,0.0001955507855376806,0.07631847004307912
15.21874963723103,0.0004957136845105681,0.0001955507855376806,0.07634177670856923
15.221251325875969,0.0003213023998166198,0.0001955507855376806,0.07636626353313239
15.22375303843119,0.00039410169012836505,0.0001955507855376806,0.0763918890122988
15.22625477497112,0.00020627388813597436,0.0001955507855376806,0.07641861194213692
15.228756535570191,0.0005494728126132636,0.0001955507855376806,0.07644436373970165
15.231258320302837,0.0017028399951175277,0.0001955507855376806,0.07646918423843854
15.233760129243484,0.0011301870663522479,0.0001955507855376806,0.07649311293728306
15.23626196246656,0.0004898037830612101,0.0001955507855376806,0.0765161890006574
15.238763820046499,0.0005720947435862017,0.0001955507855376806,0.07653910994938852
15.241265702057728,0.000996297328706694,0.0001955507855376806,0.07656188814924195
15.243767608574679,0.0010724725995190643,0.0001955507855376806,0.07658519453760348
15.24626953967178,0.002120727472536721,0.0001955507855376806,0.07660901509384509
15.248771495423458,0.003168999219335278,0.0001955507855376806,0.07663333587540405
15.251273475904148,0.0018843927150512807,0.0001955507855376806,0.07665814301778417
15.25377548118828,0.0006796728080772918,0.0001955507855376806,0.07668265409533269
15.256277511350277,0.0003387597322944136,0.0001955507855376806,0.07670723391071896
15.258779566464577,0.000687101051049091,0.0001955507855376806,0.07673188528344724
15.261281646605605,0.0005424848001766569,0.0001955507855376806,0.076756610979161
15.26378375184779,0.00013848484135975392,0.0001955507855376806,0.07678141370964409
15.266285882265564,0.002259593385698047,0.0001955507855376806,0.07680652822085757
15.268788037933358,0.0016073550463692882,0.0001955507855376806,0.0768329744494299
15.2712902189256,5.708477458550576e-05,0.0001955507855376806,0.07685921800933546
15.27379242531672,-0.0001374326808430415,0.0001955507855376806,0.07688526862230224
15.276294657181149,0.0003991192131157506,0.0001955507855376806,0.07691113588551235
15.278796914593313,0.00038034365589821595,0.0001955507855376806,0.07693716942948381
15.281299197627645,-0.0002122633176312172,0.0001955507855376806,0.07696336510138818
15.283801506358575,0.00019578586393813324,0.0001955507855376806,0.07698971873066873
15.28630384086053,0.0006809002598543584,0.0001955507855376806,0.07701622612904159
15.288806201207942,0.0007799073890296104,0.0001955507855376806,0.0770428830904956
15.29130858747524,0.001609133646222019,0.0001955507855376806,0.07707104599700895
15.293810999736857,0.002279739949498996,0.0001955507855376806,0.07709867050785078
15.29631343806722,0.0012218252200281582,0.0001955507855376806,0.07712588183345757
15.298815902540758,0.0007654818978256456,0.0001955507855376806,0.07715324853640498
15.3013183932319,0.0017113803322643117,0.0001955507855376806,0.07718029986899871
15.303820910215078,0.0017787444158236937,0.0001955507855376806,0.07720703730273581
15.306323453564723,0.00013728407190724545,0.0001955507855376806,0.07723346216009938
15.30882602335526,0.0004006387780562809,0.0001955507855376806,0.07725957561455876
15.311328619661124,0.0012011691347159903,0.0001955507855376806,0.07728537869057103
15.313831242556743,0.001873135388549843,0.0001955507855376806,0.07731087226358137
15.316333892116544,0.003071111348553243,0.0001955507855376806,0.07733645358575147
15.31883656841496,0.002645417051812704,0.0001955507855376806,0.07736210749643255
15.32133927152642,0.0010167083287186268,0.0001955507855376806,0.07738821533328685
15.323842001525355,0.0007977189737117113,0.0001955507855376806,0.07741389922426378
15.326344758486192,0.003419390867003602,0.0001955507855376806,0.07744018922618973
15.328847542483363,0.00376654404949954,0.0001955507855376806,0.07746418716662001
15.331350353591295,0.002370120456156602,0.0001955507855376806,0.07748751815180144
15.33385319188442,0.0012935729625164066,0.0001955507855376806,0.07751375404891081
15.336356057437172,0.0020098714617225594,0.0001955507855376806,0.07754084599927841
15.338858950323973,0.0015549725562226807,0.0001955507855376806,0.07756712404251112
15.341361870619256,0.0013847352235212135,0.0001955507855376806,0.07759171479683068
15.343864818397451,0.0041798786901394575,0.0001955507855376806,0.07761643336400592
15.346367793732988,0.006317960297089975,0.0001955507855376806,0.07764155580705792
15.348870796700297,0.004929086790950249,0.0001955507855376806,0.07766640535161282
15.351373827373807,0.0026249082795396783,0.0001955507855376806,0.0776919747949302
15.353876885827948,0.0011151765416275855,0.0001955507855376806,0.07771770607548767
15.356379972137148,0.0004678692870823259,0.0001955507855376806,0.07774358710928937
15.35888308637584,8.31688607214609e-05,0.0001955507855376806,0.07776960581948897
15.361386228618455,0.000641569795578889,0.0001955507855376806,0.0777957501363892
15.363889398939417,0.0006746988813593618,0.0001955507855376806,0.07782182460336945
15.36639259741316,-4.503042792995682e-05,0.0001955507855376806,0.07784837674771973
15.368895824114114,0.0004076251081954474,0.0001955507855376806,0.07787389941310263
15.371399079116706,0.0011175757941203762,0.0001955507855376806,0.07789941248698376
15.373902362495368,0.0013833550338734485,0.0001955507855376806,0.07792490855599636
15.37640567432453,0.0009879120956916149,0.0001955507855376806,0.07795038017506999
15.37890901467862,0.0010386027792201463,0.0001955507855376806,0.07797581986743052
15.381412383632068,0.0006860564452980111,0.0001955507855376806,0.07800122012460042
15.383915781259306,0.0010818639150789455,0.0001955507855376806,0.07802657340639954
15.386419207634761,0.0025933618667222796,0.0001955507855376806,0.07805187214094458
15.388922662832863,0.0022859454294754528,0.0001955507855376806,0.07807710872464996
15.391426146928046,0.0003537277400281619,0.0001955507855376806,0.07810302343376338
15.393929659994734,6.368482218380156e-05,0.0001955507855376806,0.07812916750482839
15.39643320210736,0.0006018085208732149,0.0001955507855376806,0.07815420521054162
15.398936773340354,0.00047916532953903856,0.0001955507855376806,0.07817824095092683
15.401440373768144,0.00019271962935235587,0.0001955507855376806,0.07819744871029291
15.403944003465163,0.0010679682876694463,0.0001955507855376806,0.07821687413981136
15.406447662505837,0.0019200769644219101,0.0001955507855376806,0.07823650349675322
15.408951350964598,0.001981686029898219,0.0001955507855376806,0.07825632303970442
15.411455068915874,0.002422030328944516,0.0001955507855376806,0.07827631902856563
15.413958816434096,0.0038956996869567856,0.0001955507855376806,0.07829647772455234
15.416462593593694,0.003716312292263449,0.0001955507855376806,0.07831678539019461
15.418966400469097,0.0025923164642508573,0.0001955507855376806,0.07833722828933701
15.421470237134736,0.002089675203255273,0.0001955507855376806,0.07835779268713883
15.42397410366504,0.0018610391697146539,0.0001955507855376806,0.07837917367156526
15.42647800013444,0.00031385926583600565,0.0001955507855376806,0.07840065150603771
15.428981926617363,0.0005681761116059364,0.0001955507855376806,0.07842221171757897
15.431485883188241,0.0008559604632043943,0.0001955507855376806,0.07844383982707975
15.433989869921502,0.0012824136283292181,0.0001955507855376806,0.0784653043695773
15.436493886891578,0.00015684991750178345,0.0001955507855376806,0.07848659946543923
15.438997934172898,-6.432452770459285e-05,0.0001955507855376806,0.07850800380493445
15.44150201183989,0.0008339002837845777,0.0001955507855376806,0.07852995673933688
15.444006119966987,0.0004681101015164696,0.0001955507855376806,0.07855245866280816
15.446510258628619,0.0012006120172566997,0.0001955507855376806,0.0785755101225326
15.449014427899211,0.001953146367817196,0.0001955507855376806,0.07859911181871973
15.451518627853195,0.0023905229935405198,0.0001955507855376806,0.07862334127966708
15.454022858565004,0.0025928111178630253,0.0001955507855376806,0.07864793742091392
15.456527120109065,0.0026584614872698087,0.0001955507855376806,0.07866905239647526
15.459031412559806,0.0029398741388554223,0.0001955507855376806,0.07869573220364129
15.461535735991662,0.001319818372423634,0.0001955507855376806,0.07872129975272593
15.464040090479058,0.00012808372273433177,0.0001955507855376806,0.07874517766839956
15.466544476096423,0.00018872124173581473,0.0001955507855376806,0.07877002085891532
15.469048892918192,0.0003219452767667663,0.0001955507855376806,0.07879612442726802
15.471553341018792,-8.229821540263471e-05,0.0001955507855376806,0.07882055111891337
15.474057820472652,0.0007002863247116409,0.0001955507855376806,0.07884245374242593
15.4765623313542,0.001243567283977176,0.0001955507855376806,0.07886460178765808
15.479066873737873,0.000914804489795279,0.0001955507855376806,0.07888700792535741
15.481571447698093,0.0010373599807722983,0.0001955507855376806,0.07890981006481054
15.484076053309293,0.0018166530776643763,0.0001955507855376806,0.07893301597051852
15.486580690645905,0.0011698109170989318,0.0001955507855376806,0.07895663347783313
15.489085359782354,0.0001539999866786712,0.0001955507855376806,0.07898067049295834
15.491590060793072,0.0006151532515054764,0.0001955507855376806,0.07900526019838676
15.494094793752492,0.0006987580709973268,0.0001955507855376806,0.07903040567278281
15.496599558735038,0.00042772638942897845,0.0001955507855376806,0.0790561101049782
15.499104355815145,-0.00026886421573420194,0.0001955507855376806,0.07908237679397319
15.50160918506724,0.0006205277317873625,0.0001955507855376806,0.07910920914893897
15.50411404656575,0.0006319666718959394,0.0001955507855376806,0.0791356873515465
15.50661894038511,0.00026687813658744786,0.0001955507855376806,0.07916234555275517
15.50912386659975,-4.571703546567274e-05,0.0001955507855376806,0.07918843045651602
15.511628825284093,0.0005915710682683484,0.0001955507855376806,0.0792167518897603
15.514133816512578,0.0002696276866016867,0.0001955507855376806,0.07924581954773062
15.516638840359628,0.0013220842489808093,0.0001955507855376806,0.0792744518166198
15.519143896899674,0.004531034326526906,0.0001955507855376806,0.07930264246099472
15.521648986207147,0.005288411408617064,0.0001955507855376806,0.07932916248794672
15.524154108356477,0.0032277399265762396,0.0001955507855376806,0.07935248333677634
15.526659263422093,0.002609037198577052,0.0001955507855376806,0.07937817375723055
15.529164451478426,0.0027263891687857172,0.0001955507855376806,0.07940539104096013
15.531669672599905,0.0013579794372437087,0.0001955507855376806,0.07943023350962627
15.534174926860956,0.00037486664044769635,0.0001955507855376806,0.0794534404048698
15.536680214336014,0.0004891642426888138,0.0001955507855376806,0.07948242346264721
15.539185535099511,0.0004214303839070732,0.0001955507855376806,0.0795120809762179
15.54169088922587,0.0005499330095676269,0.0001955507855376806,0.07953986315798006
15.544196276789522,-0.00036240676164586705,0.0001955507855376806,0.07956882802725529
15.546701697864902,0.0007195581789798677,0.0001955507855376806,0.07959650058381953
15.549207152526435,0.0019497016383976107,0.0001955507855376806,0.07962490976473516
15.55171264084855,0.0032463440870752064,0.0001955507855376806,0.07965222912569983
15.55421816290568,0.004561000140080124,0.0001955507855376806,0.07968077213642777
15.556723718772256,0.005611324362810727,0.0001955507855376806,0.07971050665392038
15.559229308522703,0.0044405188806135865,0.0001955507855376806,0.07973822561976937
15.561734932231454,0.0014523159303028027,0.0001955507855376806,0.07976720071797888
15.564240589972938,0.0013944368464907791,0.0001955507855376806,0.07979327897852476
15.566746281821583,0.0012312780581166666,0.0001955507855376806,0.07981951999096676
15.569252007851823,0.00017944516921575282,0.0001955507855376806,0.07984574688336182
15.570818910081366,0.004141284729034758,0.0001955507855376806,0.07987182751839589
15.573323082375875,0.0037199504913716652,0.0001955507855376806,0.07989801675978628
15.575827235216757,0.002495396018248275,0.0001955507855376806,0.0799250111838388
15.578331368645113,0.001506038805166185,0.0001955507855376806,0.07995160329537693
15.580835482702055,0.0007933956491368438,0.0001955507855376806,0.07997800931482528
15.583339577428687,0.0002849040535092967,0.0001955507855376806,0.08000401105620812
15.585843652866117,7.58054634685118e-05,0.0001955507855376806,0.08003059222595524
15.588347709055446,0.0004720764503160779,0.0001955507855376806,0.08005660541232615
15.590851746037787,0.0006439160183677045,0.0001955507855376806,0.08008261710807199
15.593355763854243,0.0008543435854450748,0.0001955507855376806,0.08010565493095904
15.595859762545915,0.0011932601288942302,0.0001955507855376806,0.08013048040096457
15.59836374215392,0.001390751414683672,0.0001955507855376806,0.08015714547356015
15.600867702719354,0.0012926579577066527,0.0001955507855376806,0.08018059628140503
15.603371644283328,0.00042409166181316127,0.0001955507855376806,0.08020669136113767
15.605875566886947,0.0004707240172969196,0.0001955507855376806,0.08023338340716668
15.608379470571318,-6.980571193446194e-05,0.0001955507855376806,0.08026067721104913
15.610883355377547,2.6676098517905422e-05,0.0001955507855376806,0.08028857770588216
15.613387221346741,0.00010479035790585123,0.0001955507855376806,0.08031677646533698
15.615891068520003,6.21991770136665e-05,0.0001955507855376806,0.08034545110814482
15.618394896938444,0.0010816726273792376,0.0001955507855376806,0.08037458741818256
15.620898706643164,0.00452070414646559,0.0001955507855376806,0.08040217461269938
15.623402497675274,0.011149165212400183,0.0001955507855376806,0.08042960196638758
15.625906270075879,0.012108583035030027,0.0001955507855376806,0.08045596203070599
15.628410023886083,0.008816061254406884,0.0001955507855376806,0.08048403711622944
15.630913759146996,0.004169230797871001,0.0001955507855376806,0.08051256967121698
15.63341747589972,0.0011111667498220068,0.0001955507855376806,0.08054225431195877
15.635921174185363,0.00035350964112700056,0.0001955507855376806,0.08057276169277922
15.638424854045033,0.00011280548847918126,0.0001955507855376806,0.08060330589951786
15.640928515519834,0.00039980073921820625,0.0001955507855376806,0.08063341532213805
15.643432158650871,0.0005439397396629492,0.0001955507855376806,0.0806637883777309
15.645935783479253,0.0005907444724018024,0.0001955507855376806,0.08069442849014281
15.648439390046086,0.0002874396452774153,0.0001955507855376806,0.08072533909153082
15.650942978392472,-0.00018892885634547163,0.0001955507855376806,0.08075652362236378
15.653446548559522,5.329334923220852e-05,0.0001955507855376806,0.08078798553142369
15.65595010058834,1.4138097867752442e-05,0.0001955507855376806,0.08081972827580752
15.658453634520034,0.0003248866368069647,0.0001955507855376806,0.08085203858570492
15.660957150395706,0.00033635285586912367,0.0001955507855376806,0.08088220397803306
15.663460648256468,0.00040764092154414733,0.0001955507855376806,0.08091096860719812
15.66596412814342,0.0012829412302136078,0.0001955507855376806,0.0809402411628242
15.668467590097672,0.0020992745306204763,0.0001955507855376806,0.08096959805541787
15.67097103416033,0.0025160259246908706,0.0001955507855376806,0.08099902284340357
15.673474460372498,0.001730497902116851,0.0001955507855376806,0.08102849898391457
15.675977868775282,0.0005629962900566832,0.0001955507855376806,0.08105800983279275
15.678481259409795,9.779596641598665e-05,0.0001955507855376806,0.0810855812782334
15.680984632317132,9.336866073272887e-05,0.0001955507855376806,0.08111677865473574
15.683487987538406,-5.157326567015175e-06,0.0001955507855376806,0.08114631993932156
15.685991325114726,0.00015471888769687248,0.0001955507855376806,0.08117412241720462
15.688494645087191,0.0002597889897885952,0.0001955507855376806,0.08120487266945718
15.69099794749691,0.00032735713344934914,0.0001955507855376806,0.08123629002508118
15.69350123238499,0.00048316618097450637,0.0001955507855376806,0.08126844490404847
15.696004499792538,0.000315768226452226,0.0001955507855376806,0.08130086875136555
15.698507749760656,0.0005365481787024534,0.0001955507855376806,0.08133355040233342
15.701010982330457,0.00039200933079847067,0.0001955507855376806,0.08136647867211518
15.70351419754304,0.00028817479320566997,0.0001955507855376806,0.08139964235573635
15.706017395439515,2.7225773682915122e-05,0.0001955507855376806,0.08143303022808479
15.708520576060987,-0.00011961639657660783,0.0001955507855376806,0.08146663104391105
15.711023739448564,-0.00019533167612692526,0.0001955507855376806,0.08150043353782868
15.713526885643349,-4.3245495391780464e-05,0.0001955507855376806,0.08153440442083859
15.716030014686448,9.481201259692318e-05,0.0001955507855376806,0.08156975383991089
15.718533126618974,0.0008998490196309994,0.0001955507855376806,0.08160634095584265
15.721036221482024,0.0015908107057901605,0.0001955507855376806,0.08164122169545762
15.723539299316709,0.0021139079849576553,0.0001955507855376806,0.08167651330115946
15.726042360164135,0.0019122940983459652,0.0001955507855376806,0.0817122362288817
15.728545404065407,0.001557593809012145,0.0001955507855376806,0.08174841100898744
15.731048431061634,0.0012847628548707246,0.0001955507855376806,0.08178457932605279
15.733551441193917,0.005912962069702182,0.0001955507855376806,0.08182074329085487
15.736054434503364,0.01301370628786512,0.0001955507855376806,0.08185690494391965
15.738557411031087,0.014784196536210825,0.0001955507855376806,0.08189306625552298
15.741060370818182,0.01034802115087878,0.0001955507855376806,0.08192987737988336
15.743563313905764,0.004670649805869079,0.0001955507855376806,0.08196731441943181
15.746066240334933,0.0017444424878186593,0.0001955507855376806,0.08200487467252096
15.748569150146798,0.00044297873077603356,0.0001955507855376806,0.08204155803412203
15.751072043382468,0.0007180033510338496,0.0001955507855376806,0.0820782518994635
15.753574920083041,0.0015654628287859185,0.0001955507855376806,0.08211544670600285
15.756077780289631,0.0020908805766058636,0.0001955507855376806,0.08215233838350079
15.758580624043342,0.001777415847611985,0.0001955507855376806,0.08218916065577403
15.761083451385277,0.0015000363909522946,0.0001955507855376806,0.08222923342573354
15.763586262356545,0.00036115800310963786,0.0001955507855376806,0.08226928469031047
15.766089056998254,0.000179522321675174,0.0001955507855376806,0.08230896316092787
15.768591835351508,0.00011449482803080335,0.0001955507855376806,0.08234716169457243
15.771094597457411,9.418710287750764e-05,0.0001955507855376806,0.0823855524913776
15.773597343357071,0.0005032800419673689,0.0001955507855376806,0.08242371485677363
15.776100073091595,0.000496792192068482,0.0001955507855376806,0.08246166152392168
15.778602786702088,8.104175083591125e-05,0.0001955507855376806,0.08249931279476203
15.781105484229656,0.00016698882948015803,0.0001955507855376806,0.08253922302453455
15.783608165715407,0.00011526597809870254,0.0001955507855376806,0.08257617856535658
15.786110831200446,3.0046302005731773e-05,0.0001955507855376806,0.08261345249375976
15.788613480725878,0.0004569264639495557,0.0001955507855376806,0.0826498855506172
15.79111611433281,0.002960689529623778,0.0001955507855376806,0.08268544711316067
15.79361873206235,0.005739626428328093,0.0001955507855376806,0.08272128390035426
15.7961213339556,0.006535112804011367,0.0001955507855376806,0.08275739653708225
15.798623920053672,0.004972516236894375,0.0001955507855376806,0.08279378572834455
15.801126490397666,0.004146584841240794,0.0001955507855376806,0.0828304522592587
15.803629045028691,0.0037520894815536165,0.0001955507855376806,0.08286739699506145
15.806131583987854,0.0026851242301723227,0.0001955507855376806,0.08290462088111061
15.808634107316259,0.001355426753455874,0.0001955507855376806,0.08294212494288708
15.811136615055016,0.000553196043209761,0.0001955507855376806,0.08297908894567496
15.813639107245226,0.0010377707811150966,0.0001955507855376806,0.08301586544945254
15.816141583927998,0.0010956678159761701,0.0001955507855376806,0.08305205808657565
15.818644045144438,0.0005351798431740967,0.0001955507855376806,0.08308808864105532
15.821146490935652,0.0002495476220080589,0.0001955507855376806,0.08312451830387582
15.823648921342745,0.0001178150954039836,0.0001955507855376806,0.0831619260726091
15.826151336406824,0.0001061639879787607,0.0001955507855376806,0.08320035123800096
15.828653736168997,-0.0001262151698711439,0.0001955507855376806,0.0832367151382214
15.831156120670368,0.00035755865237901974,0.0001955507855376806,0.08327456070728911
15.833658489952043,0.0007051421059759283,0.0001955507855376806,0.08331389882585222
15.83616084405513,0.0008072370218996372,0.0001955507855376806,0.0833543790718502
15.838663183020731,0.0009046248865926393,0.0001955507855376806,0.08339364005825578
15.841165506889958,0.0005306654900660429,0.0001955507855376806,0.08343252109561597
15.843667815703915,-6.409954686231734e-06,0.0001955507855376806,0.0834722347227042
15.846170109503705,-0.00010088530326350653,0.0001955507855376806,0.08351275095333273
15.848672388330437,-0.00015411163502573877,0.0001955507855376806,0.0835546140857014
15.851174652225216,0.00010095489974935867,0.0001955507855376806,0.08359576631608254
15.85367690122915,-5.32246728673913e-05,0.0001955507855376806,0.0836358356717817
15.856179135383343,-0.00035096307178454633,0.0001955507855376806,0.08367485745994804
15.858681354728903,-0.00020834548731540892,0.0001955507855376806,0.08371278361573949
15.861183559306935,-0.00033739357614977206,0.0001955507855376806,0.08374956577832923
15.863685749158545,-0.00030789301677108805,0.0001955507855376806,0.08378515529090079
15.866187924324839,-0.00041061578863535453,0.0001955507855376806,0.08382161197974708
15.868690084846925,-0.00020007988549070044,0.0001955507855376806,0.08385896835995173
15.871192230765908,-0.00013770944388785678,0.0001955507855376806,0.0838972572878281
15.873694362122894,-0.00056400978376972,0.0001955507855376806,0.08393651196092529
15.876196478958988,-0.0001962632166027517,0.0001955507855376806,0.08397608088195588
15.878698581315295,-0.00037966084908873377,0.0001955507855376806,0.08401597136990907
15.881200669232927,0.0001517415325765631,0.0001955507855376806,0.08405550583265754
15.883702742752986,0.00012226125232435436,0.0001955507855376806,0.08409466529623541
15.886204801916577,0.0004094456055577095,0.0001955507855376806,0.0841334307139153
15.888706846764808,0.0009147535106483473,0.0001955507855376806,0.08417178296620861
15.891208877338787,0.000592402999127814,0.0001955507855376806,0.08421050224276214
15.893710893679616,-2.124802525135805e-05,0.0001955507855376806,0.0842492383338116
15.896212895828404,-1.0776923852831577e-05,0.0001955507855376806,0.08428798909902219
15.898714883826258,-3.97997660017968e-05,0.0001955507855376806,0.0843267524572832
15.901216857714282,-3.459554631517203e-05,0.0001955507855376806,0.08436552638670733
15.903718817533582,-0.00015948709589501397,0.0001955507855376806,0.08440406755394665
15.906220763325264,-8.990722333442058e-05,0.0001955507855376806,0.08444126765883832
15.908722695130434,-0.0001168005421153806,0.0001955507855376806,0.08447861713864628
15.911224612990202,0.00019555808702539923,0.0001955507855376806,0.08451612170775431
15.913726516945669,0.00029754400339372655,0.0001955507855376806,0.08455378720179144
15.916228407037947,0.0003386011850275289,0.0001955507855376806,0.08459126581471507
15.918730283308134,0.0004767232446574454,0.0001955507855376806,0.08462854991559848
15.921232145797342,0.001053571193722444,0.0001955507855376806,0.08466586639135162
15.923733994546678,0.0015625855535358474,0.0001955507855376806,0.08470319833383838
15.926235829597243,0.00099670264385468,0.0001955507855376806,0.08474018867515992
15.928737650990149,0.00025204584827714926,0.0001955507855376806,0.08477536514061967
15.931239458766496,-9.666704173443008e-05,0.0001955507855376806,0.08481262950700089
15.933741252967396,-3.605979097319467e-05,0.0001955507855376806,0.0848484791126105
15.936243033633952,-0.0002308802369915125,0.0001955507855376806,0.08488391910174412
15.938744800807271,4.8340358391602e-05,0.0001955507855376806,0.0849194059057497
15.941246554528458,9.792281040518769e-05,0.0001955507855376806,0.0849549767842212
15.94374829483862,0.00022755762116724587,0.0001955507855376806,0.0849906127827223
15.946250021778866,8.093004794625103e-05,0.0001955507855376806,0.08502631589591872
15.948751735390296,0.00015459109201274024,0.0001955507855376806,0.0850620882381454
15.95125343571402,0.0001094232934270023,0.0001955507855376806,0.08509793204340685
15.953755122791145,-0.00011017095439294633,0.0001955507855376806,0.08513343728011127
15.956256796662775,-7.964825306758239e-05,0.0001955507855376806,0.08516876243498572
15.958758457370015,3.516574723121113e-05,0.0001955507855376806,0.08520347478793198
15.961260104953976,0.0019792427423784564,0.0001955507855376806,0.0852384188679209
15.963761739455759,0.0046759733649241325,0.0001955507855376806,0.08527359246377657
15.966263360916473,0.004839342106699743,0.0001955507855376806,0.08530881417341715
15.968764969377224,0.0032738284476478974,0.0001955507855376806,0.08534400783043491
15.971266564879118,0.0012214265250080902,0.0001955507855376806,0.08537893180955253
15.973768147463261,2.720115830220915e-05,0.0001955507855376806,0.08541343062538624
15.976269717170759,-2.1482720612697737e-05,0.0001955507855376806,0.08544666863405895
15.978771274042716,0.00039616180640442145,0.0001955507855376806,0.08548250285968904
15.98127281812024,0.0007024444758348125,0.0001955507855376806,0.0855179608749722
15.983774349444438,0.000979742947950335,0.0001955507855376806,0.08555276798138914
15.986275868056417,0.00141304709589396,0.0001955507855376806,0.08558691853732173
15.98877737399728,0.00438023589083901,0.0001955507855376806,0.08562040684229266
15.991278867308136,0.007435150276438637,0.0001955507855376806,0.08565322713696613
15.99378034803009,0.007595516713663264,0.0001955507855376806,0.08568537360314737
15.996281816204247,0.005176953124263223,0.0001955507855376806,0.08571684036378396
15.998783271871714,0.002782407711881596,0.0001955507855376806,0.08574762148296523
16.001284715073595,0.0026324189304863244,0.0001955507855376806,0.0857779016950679
16.003786145851002,0.002653189951374882,0.0001955507855376806,0.0858073952180989
16.00628756424504,0.0028600248436750353,0.0001955507855376806,0.08583760934783355
16.00878897029681,0.0031689063165029063,0.0001955507855376806,0.08586754407875583
16.01129036404742,0.002417710114585289,0.0001955507855376806,0.08589718723778271
16.01379174553798,0.0017528213718973479,0.0001955507855376806,0.08592652672191112
16.01629311480959,0.001573297416981645,0.0001955507855376806,0.08595559027863778
16.018794471903362,0.0015155955044407476,0.0001955507855376806,0.08598553558831207
16.021295816860395,0.001098017216198427,0.0001955507855376806,0.08601407197356518
16.023797149721805,0.0008860777204878351,0.0001955507855376806,0.08604122847272326
16.026298470528687,0.0005761397132449803,0.0001955507855376806,0.08606795576427548
16.028799779322156,0.0004896296127173821,0.0001955507855376806,0.08609346797604625
16.03130107614332,0.00020496651714768666,0.0001955507855376806,0.08611854164148133
16.033802361033274,0.00020213609022305679,0.0001955507855376806,0.08614450714450117
16.036303634033132,0.0005904695624396328,0.0001955507855376806,0.08617036901675604
16.038804895184,0.0009163242210043221,0.0001955507855376806,0.08620087918626393
16.04130614452698,0.001340854686803769,0.0001955507855376806,0.0862311568670951
16.043807382103182,0.0012323340864563853,0.0001955507855376806,0.0862608973922734
16.046308607953712,0.0013376907530088106,0.0001955507855376806,0.08629009635915244
16.048809822119676,0.0012948333135135853,0.0001955507855376806,0.08631874932615129
16.051311024642178,0.0013072324947919073,0.0001955507855376806,0.08634729439990554
16.053812215562324,0.0005420598001200788,0.0001955507855376806,0.08637535141236893
16.056313394921222,0.00044071282663081524,0.0001955507855376806,0.08640349495952405
16.058814562759977,0.0004998889644591692,0.0001955507855376806,0.08643169414461255
16.061315719119698,0.0004994632733393012,0.0001955507855376806,0.08645947378310166
16.06381686404149,0.00018625716159967332,0.0001955507855376806,0.08648663305159268
16.066317997566454,0.00035023636217246246,0.0001955507855376806,0.0865129883157432
16.068819119735704,0.0007165969175433606,0.0001955507855376806,0.08653854118964058
16.071320230590338,0.0003837586503810386,0.0001955507855376806,0.0865637451465085
16.07382133017147,0.00023042478417707735,0.0001955507855376806,0.08658860139721197
16.076322418520203,2.516002890329272e-05,0.0001955507855376806,0.08661377178214988
16.07882349567764,-0.00026466208623260323,0.0001955507855376806,0.08663789362795471
16.08132456168489,-0.0002525155720260325,0.0001955507855376806,0.08666097125484032
16.083825616583063,-0.00017854040754888834,0.0001955507855376806,0.08668348631155859
16.086326660413263,9.075384511043894e-05,0.0001955507855376806,0.08670542387667002
16.08882769321659,8.130692439718701e-05,0.0001955507855376806,0.08672668929023764
16.091328715034155,0.00040756154378139564,0.0001955507855376806,0.08674753395562279
16.093829725907064,0.0002081289585541407,0.0001955507855376806,0.08676804299929823
16.09633072587642,0.00028805608517484815,0.0001955507855376806,0.08678821248915407
16.09883171498334,-7.205341012940514e-05,0.0001955507855376806,0.08680837327244668
16.101332693268915,0.00028664591965932296,0.0001955507855376806,0.08682969738576325
16.103833660774264,0.0004949661943246947,0.0001955507855376806,0.08684928789600517
16.106334617540483,0.0021840687575922085,0.0001955507855376806,0.08686796794093544
16.108835563608682,0.00583399577185674,0.0001955507855376806,0.08688792246528257
16.11133649901997,0.010313653613796978,0.0001955507855376806,0.0869080966343428
16.11383742381545,0.011924400607760358,0.0001955507855376806,0.08692847586268379
16.11633833803623,0.008838057739253974,0.0001955507855376806,0.08694904579621722
16.118839241723414,0.0033304283790834277,0.0001955507855376806,0.08696843653871916
16.12134013491811,0.0011147264546018387,0.0001955507855376806,0.08698725261891205
16.123841017661423,0.0006247092137978555,0.0001955507855376806,0.08700550073056915
16.126341889994457,0.00037561308524457215,0.0001955507855376806,0.0870234263302474
16.128842751958324,0.0004411974136143415,0.0001955507855376806,0.08704089639864887
16.13134360359413,0.00023313604600740112,0.0001955507855376806,0.08705790314626909
16.133844444942973,0.00022333859338384554,0.0001955507855376806,0.08707443880717966
16.136345276045965,0.00013531471405502093,0.0001955507855376806,0.08709049563902892
16.138846096944214,0.00041736702366654277,0.0001955507855376806,0.08710744778508049
16.141346907678823,0.0006663359193414403,0.0001955507855376806,0.08712277444644898
16.1438477082909,0.0002657042228712131,0.0001955507855376806,0.08713691753042832
16.146348498821542,0.00030815700828118464,0.0001955507855376806,0.08715259659566034
16.148849279311868,0.00042499413358781934,0.0001955507855376806,0.0871650421995046
16.15135004980298,0.0001315788584305838,0.0001955507855376806,0.08717703139433519
16.15385081033598,-4.6469282428268643e-05,0.0001955507855376806,0.08718857599493515
16.156351560951986,0.00017784085513145031,0.0001955507855376806,0.08719968788611208
16.158852301692086,0.0004968781255137444,0.0001955507855376806,0.08721037902269796
16.161353032597397,0.0003537608331012909,0.0001955507855376806,0.0872206614295484
16.163853753709027,2.803397268212604e-05,0.0001955507855376806,0.08723047634098355
16.16635446506808,-0.00018955284660572558,0.0001955507855376806,0.08723981210753443
16.168855166715655,-5.88520485088756e-05,0.0001955507855376806,0.08724857318982185
16.17135585869287,0.0005910350635663225,0.0001955507855376806,0.08725735915247435
16.17385654104082,0.00034213628017401576,0.0001955507855376806,0.08726512996312638
16.17635721380062,0.0004483752714138367,0.0001955507855376806,0.08727204222127344
16.178857877013375,0.0008583927405896308,0.0001955507855376806,0.08727964283216239
16.181358530720185,0.00147194252993528,0.0001955507855376806,0.08728631776641166
16.183859174962162,0.001245859569187463,0.0001955507855376806,0.08729297039207151
16.18635980978041,0.00109521833919074,0.0001955507855376806,0.0872988087322226
16.188860435216036,0.0015373818805241857,0.0001955507855376806,0.08730568295872271
16.191361051310142,0.00140417259972761,0.0001955507855376806,0.08731128579139212
16.193861658103838,0.0014919161287080401,0.0001955507855376806,0.08731556555026647
16.19636225563823,0.0011154385097327801,0.0001955507855376806,0.08732177267905489
16.198862843954426,0.0010580619848178513,0.0001955507855376806,0.08732648421048414
16.201363423093532,0.0007460802073141065,0.0001955507855376806,0.08733389909487599
16.203863993096647,0.0007667269259604426,0.0001955507855376806,0.08734012242647207
16.206364554004885,0.0007244543680812454,0.0001955507855376806,0.08734558616825544
16.20886510585935,0.000657232983144268,0.0001955507855376806,0.08735080188991427
16.211365648701143,0.0007836352471770613,0.0001955507855376806,0.08735472961423218
16.213866182571383,0.0005391373130892996,0.0001955507855376806,0.08735839724573416
16.216366707511163,0.0010811814485093135,0.0001955507855376806,0.08736073549046577
16.218867223561592,0.002731578048712366,0.0001955507855376806,0.08736238261829202
16.22136773076378,0.0025747328691046734,0.0001955507855376806,0.08736354652146035
16.223868229158832,0.002331482882124286,0.0001955507855376806,0.08736345586992267
16.226368718787853,0.002436573580493581,0.0001955507855376806,0.08736324938050866
16.22886919969195,0.003850205549299629,0.0001955507855376806,0.08736237416324527
16.231369671912226,0.005058471781860627,0.0001955507855376806,0.08736390270267738
16.23387013548979,0.004366288935457083,0.0001955507855376806,0.08736578007520399
16.236370590465754,0.001889587613116278,0.0001955507855376806,0.08736796654138163
16.23887103688121,0.0006661256311503438,0.0001955507855376806,0.087368674479058
16.24137147477728,0.0001692504763804309,0.0001955507855376806,0.08736719168297623
16.24387190419506,0.00019581660596507122,0.0001955507855376806,0.08736678947162117
16.24637232517566,0.00023167338423406292,0.0001955507855376806,0.08736646235185659
16.248872737760177,-6.114267905642234e-05,0.0001955507855376806,0.08736675461751586
16.25137314198973,0.00022903408808690184,0.0001955507855376806,0.08736361107839968
16.253873537905424,0.00038242030656386594,0.0001955507855376806,0.08736053578447342
16.256373925548353,0.00023758688247070558,0.0001955507855376806,0.08735748376509261
16.258874304959637,0.00023601324684109637,0.0001955507855376806,0.08735421680105358
16.261374676180374,0.0005464626867745237,0.0001955507855376806,0.08734997413983557
16.263875039251673,0.00087677356328765,0.0001955507855376806,0.08734534334637035
16.26637539421464,0.002700685434920913,0.0001955507855376806,0.08734032914671228
16.268875741110385,0.005189991260344293,0.0001955507855376806,0.08733507356880749
16.271376079980005,0.0058812312792643345,0.0001955507855376806,0.0873288844747975
16.273876410864613,0.004589411763379139,0.0001955507855376806,0.08732174486325966
16.276376733805314,0.0017026691643061698,0.0001955507855376806,0.08731443460697516
16.278877048843214,0.0004303777728228708,0.0001955507855376806,0.08730794170426853
16.281377356019412,0.0001570545623951758,0.0001955507855376806,0.08730158560624762
16.28387765537503,0.00034860623473524643,0.0001955507855376806,0.08729459703641163
16.28637794695116,-0.00018861118362722973,0.0001955507855376806,0.08728699417261841
16.288878230788914,-0.00033182829980765716,0.0001955507855376806,0.08727879515769107
16.291378506929398,-7.231573263734303e-05,0.0001955507855376806,0.08727034622785662
16.293878775413713,5.8974084793925186e-05,0.0001955507855376806,0.0872616524345795
16.296379036282975,-0.0001108448672190454,0.0001955507855376806,0.08725242430293897
16.29887928957828,0.00029780174911832324,0.0001955507855376806,0.08724546849646
16.301379535340743,0.00030499927374443014,0.0001955507855376806,0.08724021751853789
16.303879773611463,0.0014415661922819734,0.0001955507855376806,0.08723533242042825
16.306380004431553,0.0006753007129902261,0.0001955507855376806,0.0872307979357565
16.308880227842113,0.0005158089704295488,0.0001955507855376806,0.08722659900217802
16.31138044388425,0.0004992376745915073,0.0001955507855376806,0.0872210779459672
16.31388065259907,0.0007762128065553764,0.0001955507855376806,0.08721487323750271
16.316380854027685,0.0010795716785025194,0.0001955507855376806,0.08720938728774077
16.318881048211193,0.002199252204198046,0.0001955507855376806,0.08720469366454081
16.321381235190707,0.0026677436085084244,0.0001955507855376806,0.08719851296826829
16.323881415007328,0.002701849515805557,0.0001955507855376806,0.0871922207789842
16.326381587702166,0.0019537159378389124,0.0001955507855376806,0.08718582244630195
16.328881753316324,0.0011773397241340577,0.0001955507855376806,0.08717932336439492
16.331381911890908,0.00010483845252330648,0.0001955507855376806,0.0871726655843075
16.33388206346703,8.24460710790037e-05,0.0001955507855376806,0.08716585213275677
16.33638220808579,-0.00014285188152227124,0.0001955507855376806,0.08715888606191101
16.338882345788296,0.000331674158878692,0.0001955507855376806,0.08715177044938974
16.341382476615653,0.00018049817603496554,0.0001955507855376806,0.08714450839826324
16.343882600608968,0.000249621998985719,0.0001955507855376806,0.0871371030370528
16.346382717809348,0.0005490758098023879,0.0001955507855376806,0.08712955751973037
16.3488828282579,0.0003902663958727792,0.0001955507855376806,0.08712187502571893
16.351382931995726,5.707467059226645e-05,0.0001955507855376806,0.08711242378071535
16.353883029063937,0.00015644554832446034,0.0001955507855376806,0.0871028395967588
16.35638311950364,0.00019354515160942276,0.0001955507855376806,0.08709332046078633
16.358883203355933,0.00011469731400461092,0.0001955507855376806,0.08708387901660979
16.361383280661926,0.0003659798766424138,0.0001955507855376806,0.08707354501748604
16.363883351462732,0.0003643947192548541,0.0001955507855376806,0.0870634645355837
16.366383415799447,0.0002040536731921644,0.0001955507855376806,0.08705364579855487
16.368883473713186,0.00015657724375761628,0.0001955507855376806,0.08704409717091818
16.371383525245047,0.00017156021313471936,0.0001955507855376806,0.08703417147721143
16.37388357043614,0.0002517928169697009,0.0001955507855376806,0.08702512414318324
16.376383609327576,-3.0289880671025005e-06,0.0001955507855376806,0.08701694131374699
16.378883641960453,-1.217607396587772e-05,0.0001955507855376806,0.0870072361216899
16.381383668375875,1.1779933083558292e-05,0.0001955507855376806,0.08699700565262775
16.38388368861496,0.00026742499756336746,0.0001955507855376806,0.08698623910338175
16.386383702718806,0.00012161833834947733,0.0001955507855376806,0.08697640984623384
16.388883710728525,0.0003026451671104824,0.0001955507855376806,0.08696662204250158
16.39138371268521,0.0004058633077048679,0.0001955507855376806,0.08695623413397313
16.393883708629986,3.100623842816619e-06,0.0001955507855376806,0.08694524653926514
16.396383698603945,0.0005473130612358018,0.0001955507855376806,0.08693283815952328
16.398883682648197,0.0022170827886946604,0.0001955507855376806,0.08692001162291675
16.401383660803848,0.0024236935671076154,0.0001955507855376806,0.08690679343462207
16.403883633112002,0.0021066238724474773,0.0001955507855376806,0.08689357361942297
16.406383599613775,0.0008746054623500754,0.0001955507855376806,0.08688155706364831
16.40888356035026,0.0004838931906397115,0.0001955507855376806,0.08686914972465767
16.411383515362573,0.0003213381108281843,0.0001955507855376806,0.0868577693709551
16.413883464691818,0.00014384350300400417,0.0001955507855376806,0.08684741184351177
16.416383408379097,7.972788731080982e-05,0.0001955507855376806,0.08683816935840075
16.418883346465517,-9.30047005777701e-05,0.0001955507855376806,0.08682740250623663
16.421383278992188,8.618772276847153e-05,0.0001955507855376806,0.08681714237255167
16.423883206000212,9.358667946759991e-05,0.0001955507855376806,0.0868063050167105
16.4263831275307,0.00025016145548145685,0.0001955507855376806,0.08679579826934178
16.42888304362475,0.000359829696844699,0.0001955507855376806,0.08678563033401154
16.431382954323478,0.000367613402811634,0.0001955507855376806,0.08677513896497695
16.433882859667982,3.983905305487978e-05,0.0001955507855376806,0.0867643447677218
16.436382759699374,0.0001814839178793659,0.0001955507855376806,0.0867545870811747
16.43888265445876,0.00044504001592152176,0.0001955507855376806,0.08674416954203165
16.441382543987242,0.0007163284378972484,0.0001955507855376806,0.08673477902029256
16.443882428325924,0.0006073564170978457,0.0001955507855376806,0.08672490084476028
16.44638230751592,0.00034969893313478717,0.0001955507855376806,0.0867152788548113
16.44888218159833,0.0004501469283391124,0.0001955507855376806,0.08670591224859929
16.451382050614267,0.0004100236368422133,0.0001955507855376806,0.08669561366522252
16.453881914604832,0.0002693243554118263,0.0001955507855376806,0.08668534806638958
16.456381773611128,3.12754096289114e-05,0.0001955507855376806,0.0866746490572898
16.458881627674266,0.0002187245350691175,0.0001955507855376806,0.08666464931313134
16.461381476835353,0.00023298090489240475,0.0001955507855376806,0.086655266903684
16.463881321135492,-0.00010363961357831575,0.0001955507855376806,0.08664649581298842
16.46638116061579,0.00014039297069762258,0.0001955507855376806,0.08663850536540181
16.468880995317353,0.0008488654718876165,0.0001955507855376806,0.08663190424184981
16.47138082528129,0.0017535228203141018,0.0001955507855376806,0.08662424999806614
16.473880650548704,0.0016695670773890503,0.0001955507855376806,0.08661500814385828
16.4763804711607,0.002236308221239519,0.0001955507855376806,0.08660657629649715
16.478880287158386,0.0025597262953492572,0.0001955507855376806,0.08659821238148957
16.48138009858287,0.0024581447861096867,0.0001955507855376806,0.08658852719260056
16.483879905475256,0.0021346924653184995,0.0001955507855376806,0.08657805334523788
16.486379707876655,0.0008351710096603515,0.0001955507855376806,0.0865661800941161
16.488879505828162,0.000407771287283365,0.0001955507855376806,0.08655537095219921
16.49137929937089,0.00020470820802784284,0.0001955507855376806,0.08654606841658041
16.49387908854595,0.0005195907489171786,0.0001955507855376806,0.0865371102576481
16.49637887339444,0.0007858457803986835,0.0001955507855376806,0.08652849332028764
16.49887865395747,0.0009866845471535601,0.0001955507855376806,0.08652021450970464
16.501378430276144,0.002114218911763041,0.0001955507855376806,0.08651266607597949
16.503878202391572,0.00259164034964951,0.0001955507855376806,0.08650544194064365
16.506377970344854,0.0023172871408052576,0.0001955507855376806,0.08649561405014122
16.5088777341771,0.001866793390785354,0.0001955507855376806,0.08648580596171121
16.511377493929423,0.000536486981464801,0.0001955507855376806,0.08647699556747562
16.513877249642917,-0.0002452673674576411,0.0001955507855376806,0.08646782863505773
16.51637700135869,-0.00026068724454135495,0.0001955507855376806,0.08645833229143299
16.518876749117858,-0.0002687563399821069,0.0001955507855376806,0.08644897963493006
16.52137649296152,-0.00016389300317830313,0.0001955507855376806,0.08643977972608022
16.52387623293078,-0.0001003590390819542,0.0001955507855376806,0.08643074158426267
16.526375969066745,-0.00012261291569311272,0.0001955507855376806,0.08642187418770406
16.528875701410524,3.493032109048999e-05,0.0001955507855376806,0.0864131864734788
16.531375430003223,-0.00012847021612689968,0.0001955507855376806,0.08640468733750933
16.533875154885948,4.067983243864759e-05,0.0001955507855376806,0.08639765830663651
16.536374876099806,0.0014185857848283134,0.0001955507855376806,0.08639084891963672
16.538874593685897,0.002092531496000888,0.0001955507855376806,0.08638290306364106
16.541374307685334,0.0038126335757286967,0.0001955507855376806,0.08637534757720641
16.54387401813922,0.003646942707123721,0.0001955507855376806,0.08636970830021426
16.546373725088664,0.002524192175237694,0.0001955507855376806,0.08636403944499392
16.548873428574773,0.001382207544611297,0.0001955507855376806,0.08635835800456414
16.551373128638645,0.00021289324340931226,0.0001955507855376806,0.08635268086920951
16.553872825321392,-0.00030098955217225387,0.0001955507855376806,0.08634702482648016
16.556372518664123,-0.0001533463961337217,0.0001955507855376806,0.08634140656119216
16.55887220870794,0.00012291479561475638,0.0001955507855376806,0.08633588654409385
16.561371895493945,-0.0001577737056366879,0.0001955507855376806,0.08633046038329384
16.563871579063253,-0.0002764597659651036,0.0001955507855376806,0.08632547745753716
16.566371259456965,-0.0004952321857637221,0.0001955507855376806,0.08632087150417611
16.56887093671619,-1.863101407639789e-05,0.0001955507855376806,0.0863146912311273
16.571370610882028,0.00014157495960297195,0.0001955507855376806,0.08631052903210615
16.573870281995596,-0.00031472368052073985,0.0001955507855376806,0.08630673786196044
16.57636995009799,-6.977149140162398e-05,0.0001955507855376806,0.08630331925178907
16.578869615230325,0.0005346600255878575,0.0001955507855376806,0.08630023841048898
16.581369277433698,0.00024911632889049184,0.0001955507855376806,0.08629751626993334
16.583868936749216,0.0003470995300065699,0.0001955507855376806,0.08629515371831437
16.58636859321799,0.0008252823814341864,0.0001955507855376806,0.08629332719542661
16.588868246881127,0.00134495537109669,0.0001955507855376806,0.08629203059207147
16.59136789777973,0.0013284243248738586,0.0001955507855376806,0.08629125783881161
16.593867545954904,0.000974453916880752,0.0001955507855376806,0.08629082403257732
16.596367191447758,0.0003731827695179629,0.0001955507855376806,0.08629115230687326
16.598866834299397,-3.492808845267925e-05,0.0001955507855376806,0.0862901944094445
16.60136647455093,0.0006031758498048351,0.0001955507855376806,0.08628981121842463
16.60386611224346,0.00201315526320682,0.0001955507855376806,0.08628991964639521
16.606365747418092,0.002663318004308357,0.0001955507855376806,0.0862903565868561
16.60886538011593,0.0024698201527251357,0.0001955507855376806,0.08628969683585799
16.611365010378087,0.0020127543251833857,0.0001955507855376806,0.08629033426753113
16.613864638245666,0.0007834656100087212,0.0001955507855376806,0.08629157099520797
16.616364263759774,0.0005620953327370171,0.0001955507855376806,0.08629164078445277
16.618863886961513,0.000387494727576404,0.0001955507855376806,0.08629175578247272
16.621363507891996,0.000562136967534474,0.0001955507855376806,0.08629193673632482
16.623863126592322,0.00038723589464330355,0.0001955507855376806,0.0862922043213929
16.626362743103606,-0.0001654407654650275,0.0001955507855376806,0.08629257914138856
16.628862357466943,2.7836791510069125e-05,0.0001955507855376806,0.08629489840408805
16.631361969723446,0.00011987068787173982,0.0001955507855376806,0.08629652958549033
16.633861579914225,-2.7327999727405627e-05,0.0001955507855376806,0.08629891603848402
16.63636118808038,-0.000192854857309549,0.0001955507855376806,0.0863020534963677
16.638860794263014,3.0566024637260214e-05,0.0001955507855376806,0.0863059624205122
16.641360398503238,0.00047958910930184784,0.0001955507855376806,0.08630971004793554
16.64386000084216,0.0010375714242700368,0.0001955507855376806,0.08631330489974606
16.646359601320885,0.002262784534036444,0.0001955507855376806,0.08631675534264645
16.648859199980514,0.003046875768561344,0.0001955507855376806,0.08631984191801784
16.651358796862162,0.00401097692317498,0.0001955507855376806,0.08632315760917453
16.653858392006928,0.0034786285943700923,0.0001955507855376806,0.08632665505892989
16.656357985455916,0.003419498315443706,0.0001955507855376806,0.08633167619320839
16.658857577250245,0.006965047380938366,0.0001955507855376806,0.08633690834709105
16.661357167431007,0.013921882917173112,0.0001955507855376806,0.08634242295377319
16.663856756039316,0.01611242550512508,0.0001955507855376806,0.08634733267396129
16.666356343116277,0.01086974981442379,0.0001955507855376806,0.08635227577161371
16.668855928702992,0.004082008656426994,0.0001955507855376806,0.08635685994562556
16.67135551284057,0.0009543582700118763,0.0001955507855376806,0.08636107948145871
16.673855095570122,0.0004425702558488731,0.0001955507855376806,0.08636590137809316
16.676354676932743,-5.1249062846508986e-05,0.0001955507855376806,0.08637124050102593
16.67885425696955,0.00011102836811950623,0.0001955507855376806,0.08637828498728037
16.681353835721644,0.00026114056684815867,0.0001955507855376806,0.0863842847284761
16.683853413230132,0.00019371229727918604,0.0001955507855376806,0.08639081579427489
16.686352989536122,3.0276308712579025e-05,0.0001955507855376806,0.08639787984489221
16.68885256468072,0.00011642881649058523,0.0001955507855376806,0.08640501829492728
16.691352138705025,0.00020170723070944696,0.0001955507855376806,0.08641251304794093
16.69385171165015,-0.00013432510444233436,0.0001955507855376806,0.08641905754170234
16.6963512835572,3.5425956390638946e-05,0.0001955507855376806,0.08642553500032743
16.69885085446728,0.0002002842178440295,0.0001955507855376806,0.08643237800125178
16.701350424421502,0.00024706113555604536,0.0001955507855376806,0.08643840281671866
16.703849993460963,4.08081407056865e-05,0.0001955507855376806,0.08644483585474148
16.706349561626773,5.0863941997797424e-05,0.0001955507855376806,0.08645225999784634
16.70884912896004,0.00048361565996367373,0.0001955507855376806,0.08646043492298339
16.711348695501872,0.0005600735596624357,0.0001955507855376806,0.08647035249717214
16.713848261293364,0.00015184797059752952,0.0001955507855376806,0.08647877167549568
16.71634782637563,-8.229584029363635e-05,0.0001955507855376806,0.08648705472752663
16.718847390789787,0.001037291667640508,0.0001955507855376806,0.08649564948089045
16.72134695457692,0.002845511300103701,0.0001955507855376806,0.08650409088444201
16.72384651777815,0.003857961733430837,0.0001955507855376806,0.08651279146042934
16.726346080434578,0.003660217508673999,0.0001955507855376806,0.08652174739966893
16.72884564258731,0.002807691811208643,0.0001955507855376806,0.08653095484293419
16.73134520427745,0.0011466224638329997,0.0001955507855376806,0.08654095316150562
16.73384476554611,0.0002941596019781223,0.0001955507855376806,0.08655043423795318
16.736344326434388,-0.00032348269246032513,0.0001955507855376806,0.08656047267348216
16.738843886983403,-5.914774702943382e-05,0.0001955507855376806,0.08657036405694199
16.741343447234247,0.0003755422472048464,0.0001955507855376806,0.08658215321327326
16.743843007228037,0.00019421883658453376,0.0001955507855376806,0.08659313182984504
16.746342567005872,2.1202683335955208e-05,0.0001955507855376806,0.08660423660455419
16.748842126608864,0.00017503552658074129,0.0001955507855376806,0.08661588973676998
16.751341686078113,0.0001439247511388353,0.0001955507855376806,0.08662649640526934
16.753841245454726,-2.3222219057150717e-05,0.0001955507855376806,0.08663748266977624
16.756340804779814,9.713715584559746e-05,0.0001955507855376806,0.08664952748541177
16.758840364094485,-6.948700007071429e-05,0.0001955507855376806,0.08666206324225109
16.761339923439834,2.0552524857997412e-05,0.0001955507855376806,0.08667509719383726
16.763839482856977,0.0002393347562553022,0.0001955507855376806,0.08668772784055206
16.766339042387013,-4.6474091722037425e-05,0.0001955507855376806,0.08669997908222288
16.768838602071057,5.625622838341393e-05,0.0001955507855376806,0.08671280694074993
16.771338161950208,0.00035930705249703765,0.0001955507855376806,0.0867261978184809
16.773837722065572,0.00044456132235384804,0.0001955507855376806,0.08674013815988174
16.776337282458258,5.8898168391677275e-05,0.0001955507855376806,0.08675232423909107
16.778836843169373,0.00025941290589674704,0.0001955507855376806,0.08676527732193595
16.781336404240022,0.00024287102775168157,0.0001955507855376806,0.0867784321391073
16.78383596571131,-0.00015811675055693586,0.0001955507855376806,0.0867896945403974
16.786335527624342,-0.00047569168400267425,0.0001955507855376806,0.08680247776114905
16.788835090020232,8.378058148951484e-05,0.0001955507855376806,0.08681554860295451
16.791334652940073,0.0003158153157752086,0.0001955507855376806,0.08682891721392211
16.793834216424983,9.90163833517188e-05,0.0001955507855376806,0.08684259369794677
16.79633378051606,-0.00011516410319478698,0.0001955507855376806,0.0868569949499193
16.79883334525442,7.1795759932907766e-06,0.0001955507855376806,0.08687211484200828
16.80133291068116,0.0006299059942481561,0.0001955507855376806,0.08688766798934942
16.803832476837385,0.00225120779478874,0.0001955507855376806,0.08690363760422576
16.806332043764208,0.003144394569631767,0.0001955507855376806,0.08692000689805501
16.808831611502733,0.002968491193828998,0.0001955507855376806,0.0869363391363949
16.811331180094065,0.0018177624770826795,0.0001955507855376806,0.08695238258924722
16.81383074957931,0.0006215006030695358,0.0001955507855376806,0.08696795145529221
16.816330319999576,-0.00014127186243750867,0.0001955507855376806,0.08698586790909321
16.818829891395964,-0.00025253380921128055,0.0001955507855376806,0.08700308850051397
16.821329463809587,-0.00029593876486908033,0.0001955507855376806,0.08701961999020803
16.82382903728155,0.00016844659102456527,0.0001955507855376806,0.08703546883296309
16.826328611852958,0.00019825080875532364,0.0001955507855376806,0.08705064117770045
16.82882818756491,6.106890951600163e-05,0.0001955507855376806,0.08706543560731325
16.831327764458525,0.0005026597465733751,0.0001955507855376806,0.08707984604307985
16.8338273425749,0.0015399022984106947,0.0001955507855376806,0.08709386619221816
16.836326921955145,0.0017815945043424264,0.0001955507855376806,0.08710934797109199
16.838826502640362,0.0017963738935848766,0.0001955507855376806,0.08712383503337233
16.841326084671664,0.0020362234606361995,0.0001955507855376806,0.0871392396068712
16.84382566809015,0.001896662096071644,0.0001955507855376806,0.08715532727600309
16.846325252936932,0.0009080568206439044,0.0001955507855376806,0.08717158761514429
16.848824839253112,0.0003367855924276686,0.0001955507855376806,0.08718899806667207
16.8513244270798,0.00013004582293164868,0.0001955507855376806,0.0872056631268038
16.853824016458095,0.000131661980662362,0.0001955507855376806,0.0872235407227073
16.856323607429115,0.00036916134970367553,0.0001955507855376806,0.087241799004695
16.858823200033953,0.00035209140075156964,0.0001955507855376806,0.08726043641064601
16.861322794313725,7.202983201701207e-05,0.0001955507855376806,0.0872778836986199
16.863822390309533,0.000660008339021273,0.0001955507855376806,0.08729657969823046
16.86632198806248,0.0012788732318085028,0.0001955507855376806,0.08731649028708649
16.868821587613677,0.0010483804730245239,0.0001955507855376806,0.08733650644440558
16.87132118900423,0.0007036431615045219,0.0001955507855376806,0.08735464014250724
16.873820792275247,0.0009096244085613353,0.0001955507855376806,0.08737161004114233
16.87632039746783,0.0005915622418538463,0.0001955507855376806,0.08738920573564021
16.878820004623087,0.0003939371973886857,0.0001955507855376806,0.08740824089612145
16.881319613782118,0.00029166538408598175,0.0001955507855376806,0.08742544677648624
16.88381922498604,0.0019388105167711805,0.0001955507855376806,0.08744179157440488
16.88631883827595,0.005850653744901221,0.0001955507855376806,0.08745665477379813
16.88881845369296,0.00919888292198337,0.0001955507855376806,0.0874745374445399
16.891318071278175,0.008990467446095857,0.0001955507855376806,0.08749180539391221
16.8938176910727,0.006874499840408388,0.0001955507855376806,0.08750841436937268
16.896317313117642,0.006870541847975656,0.0001955507855376806,0.08752668064517585
16.898816937454104,0.010075618622775298,0.0001955507855376806,0.08754614111908329
16.901316564123196,0.009401911302214072,0.0001955507855376806,0.0875659059013252
16.903816193166023,0.005084090672888827,0.0001955507855376806,0.08758596714840008
16.906315824623693,0.0014554701353548666,0.0001955507855376806,0.08760631703629138
16.908815458537305,0.0005030248678431215,0.0001955507855376806,0.08762694776046809
16.911315094947973,9.351357343412303e-05,0.0001955507855376806,0.08764785153588386
16.9138147338968,-2.6600252323441542e-05,0.0001955507855376806,0.08766902059697737
16.916314375424896,0.0002033884650600032,0.0001955507855376806,0.08768995589144474
16.918814019573357,0.00011967370996350535,0.0001955507855376806,0.08771063065033713
16.921313666383302,-0.0001089203405635758,0.0001955507855376806,0.08773180546458353
16.923813315895828,-0.0003253477083628581,0.0001955507855376806,0.08775348382984904
16.926312968152043,0.000236505235098744,0.0001955507855376806,0.08777566935061556
16.928812623193053,0.0006215502127513983,0.0001955507855376806,0.08779515927647565
16.93131228105997,0.00028306778699145607,0.0001955507855376806,0.08781669101553341
16.933811941793895,0.00024238932309575412,0.0001955507855376806,0.08783943786337606
16.936311605435932,0.0006007103295387201,0.0001955507855376806,0.08786097202742174
16.93881127202719,0.0006421176079494939,0.0001955507855376806,0.08788174240457514
16.941310941608776,0.00010633038264555583,0.0001955507855376806,0.08790126503693083
16.9438106142218,4.1778490469657203e-05,0.0001955507855376806,0.08792320952716712
16.946310289907355,-0.00022753890910999497,0.0001955507855376806,0.08794467122190128
16.94880996870656,0.00043432644710912627,0.0001955507855376806,0.08796473180510153
16.951309650660516,0.0001311971589489508,0.0001955507855376806,0.08798513893699228
16.953809335810327,-0.00017341411422151787,0.0001955507855376806,0.08800665772032323
16.956309024197104,-0.00024031054783589523,0.0001955507855376806,0.0880275433734092
16.958808715861952,0.00035558271905758443,0.0001955507855376806,0.0880491024092882
16.961308410845977,0.0002341526558554824,0.0001955507855376806,0.08807003872398288
16.963808109190282,-0.00011401482600374713,0.0001955507855376806,0.08809037355800375
16.966307810935973,-3.2283953954048705e-05,0.0001955507855376806,0.08811115681827975
16.968807516124162,0.0004003630073164538,0.0001955507855376806,0.08813236030535404
16.97130722479595,-6.917148618509894e-05,0.0001955507855376806,0.08815338492125106
16.97380693699245,-0.0005325075505032278,0.0001955507855376806,0.08817423410966668
16.976306652754754,0.0004446946405601837,0.0001955507855376806,0.08819491122026968
16.978806372123984,0.0017890458635857337,0.0001955507855376806,0.0882174435302541
16.98130609514124,0.003354955781623592,0.0001955507855376806,0.08823932668068622
16.983805821847625,0.003713061895460029,0.0001955507855376806,0.08826016249442215
16.986305552284243,0.0029825140004902384,0.0001955507855376806,0.08827998703226284
16.98880528649221,0.0016730828391125357,0.0001955507855376806,0.08829990306567266
16.991305024512627,0.0006007781542921586,0.0001955507855376806,0.08831947027195995
16.9938047663866,-4.448165367311463e-05,0.0001955507855376806,0.08833892993584966
16.996304512155234,-0.0003226544975347273,0.0001955507855376806,0.08835828293074266
16.998804261859636,0.0002235977001349282,0.0001955507855376806,0.08837855235825692
17.001304015540914,0.0004099300058020977,0.0001955507855376806,0.08839852045180033
17.003803773240172,8.3761453459813e-05,0.0001955507855376806,0.08841818843513566
17.00630353499852,-0.00015690413943438009,0.0001955507855376806,0.08843796539495763
17.008803300857053,-0.00016881521867390115,0.0001955507855376806,0.08845851796116272
17.01130307085689,0.00023832950978312784,0.0001955507855376806,0.08847858767283204
17.013802845039134,5.229928952527052e-05,0.0001955507855376806,0.08849813663567915
17.016302623444886,-0.00014241165992483207,0.0001955507855376806,0.08851889385695834
17.018802406115253,5.1831138947786015e-05,0.0001955507855376806,0.08853990563844469
17.021302193091348,7.154669498637967e-05,0.0001955507855376806,0.0885636117982705
17.023801984414273,0.000433179879252385,0.0001955507855376806,0.08858509975597356
17.026301780125134,-8.020518239557073e-05,0.0001955507855376806,0.08860614474871438
17.028801580265036,-0.0003294803157153636,0.0001955507855376806,0.08862643240417922
17.031301384875086,0.0013617819397698377,0.0001955507855376806,0.0886471894981335
17.03380119399639,0.0024670593492035903,0.0001955507855376806,0.08866822551287087
17.036301007670055,0.001707648711524623,0.0001955507855376806,0.08868793752323506
17.038800825937187,0.0001934470118394177,0.0001955507855376806,0.08870800178271261
17.04130064883889,0.00011235247674636073,0.0001955507855376806,0.08872842944658718
17.043800476416273,0.00024539527926895066,0.0001955507855376806,0.08874923173523502
17.046300308710443,2.923132792000127e-05,0.0001955507855376806,0.08877041993412535
17.048800145762502,-7.320707386537784e-05,0.0001955507855376806,0.08879099997131136
17.051299987613557,0.00021634753132798723,0.0001955507855376806,0.08881094429277
17.05379983430472,0.000426131934181756,0.0001955507855376806,0.0888304270574509
17.05629968587709,0.00012092135526153847,0.0001955507855376806,0.08884941222184442
17.058799542371776,-0.00031700520431814094,0.0001955507855376806,0.0888701370514601
17.06129940382988,0.00014807081466340632,0.0001955507855376806,0.0888918365076029
17.06379927029252,0.00018360198738077982,0.0001955507855376806,0.0889136314433395
17.066299141800787,-0.00010623056958566912,0.0001955507855376806,0.08893550782965912
17.0687990183958,3.4482868213822626e-05,0.0001955507855376806,0.08895795799117412
17.071298900118656,-6.998187726245386e-05,0.0001955507855376806,0.08898098751152186
17.073798787010467,0.0003254154610242421,0.0001955507855376806,0.08900323052939448
17.076298679112334,0.0004449811291007827,0.0001955507855376806,0.08902747625419319
17.07879857646537,-9.504497882487084e-05,0.0001955507855376806,0.08905011506756587
17.081298479110675,0.00017323877613255323,0.0001955507855376806,0.08907267331407764
17.08379838708936,0.0006147403724953843,0.0001955507855376806,0.08909501577832003
17.08629830044252,0.0007981030794727145,0.0001955507855376806,0.08911713410249256
17.088798219211277,0.0005744216438626493,0.0001955507855376806,0.0891398394369856
17.091298143436727,-4.644825358950111e-05,0.0001955507855376806,0.0891625461332178
17.09379807315998,0.0006099937293878865,0.0001955507855376806,0.0891858204648113
17.096298008422142,0.002807542478095948,0.0001955507855376806,0.08920963973711127
17.098797949264316,0.00857896035666697,0.0001955507855376806,0.08923404094859128
17.101297895727612,0.013557342946750844,0.0001955507855376806,0.08925663366235356
17.10379784785313,0.012163249247288066,0.0001955507855376806,0.08927745101396675
17.106297805681987,0.006293730890451252,0.0001955507855376806,0.08929631404890806
17.108797769255276,0.0018777988628787684,0.0001955507855376806,0.08931559870867231
17.111297738614116,0.0014459088085169158,0.0001955507855376806,0.08933628645645889
17.113797713799602,0.0027876411146618013,0.0001955507855376806,0.08935730347709403
17.11629769485285,0.003807252266027336,0.0001955507855376806,0.08937867364791804
17.11879768181496,0.0033835324330951655,0.0001955507855376806,0.08940062312405547
17.121297674727035,0.0016353429378588996,0.0001955507855376806,0.08942366052383308
17.123797673630193,4.1538636087662395e-05,0.0001955507855376806,0.08944684428419611
17.126297678565525,6.687014577713701e-05,0.0001955507855376806,0.08946870024026451
17.12879768957415,0.0002836984593504732,0.0001955507855376806,0.08949024176836937
17.13129770669717,0.00020572682874753223,0.0001955507855376806,0.0895114613339718
17.133797729975687,-0.00021330741903162476,0.0001955507855376806,0.0895323512929637
17.13629775945081,0.0007836065243024964,0.0001955507855376806,0.08955290389166716
17.138797795163647,0.0019027482145904523,0.0001955507855376806,0.08957270017238507
17.1412978371553,0.0015988460373624197,0.0001955507855376806,0.0895927735147202
17.14379788546688,0.0008261426664775973,0.0001955507855376806,0.08961613136967794
17.14629794013949,0.0005356941351498251,0.0001955507855376806,0.0896382072670813
17.14879800121424,0.0003212403035167122,0.0001955507855376806,0.08966016972534835
17.15129806873223,0.00025620388448031883,0.0001955507855376806,0.08968334153223378
17.15379814273457,5.909688632815824e-06,0.0001955507855376806,0.08970620206269209
17.156298223262368,0.0001780403122623314,0.0001955507855376806,0.08972910052976502
17.158798310356726,0.0005939019927335976,0.0001955507855376806,0.08975215413285795
17.161298404058748,0.0005029490545474108,0.0001955507855376806,0.08977536552884079
17.16379850440955,6.953217053938532e-05,0.0001955507855376806,0.08979873739043545
17.166298611450227,0.00023518129529667697,0.0001955507855376806,0.08982420998205373
17.168798725221894,0.0006584282652875861,0.0001955507855376806,0.08984696148040239
17.17129884576565,0.0006277919499731305,0.0001955507855376806,0.08986827477617709
17.173798973122604,0.00023318170263252058,0.0001955507855376806,0.08988954163250051
17.176299107333865,-3.45486448422444e-05,0.0001955507855376806,0.08991218456244593
17.178799248440537,0.00021638303540653936,0.0001955507855376806,0.08993492466098821
17.181299396483727,0.00043459261770557867,0.0001955507855376806,0.0899561712543803
17.18379955150454,0.0002847479024127436,0.0001955507855376806,0.08997781982644687
17.186299713544077,-0.00026446324885465167,0.0001955507855376806,0.08999987855567959
17.188799882643455,-9.394401851468837e-05,0.0001955507855376806,0.09002235570997638
17.191300058843773,0.0004035518161420726,0.0001955507855376806,0.09004525964664212
17.19380024218614,0.0005467864564916436,0.0001955507855376806,0.09006859881238852
17.19630043271166,0.0006786121791688277,0.0001955507855376806,0.0900920824624615
17.198800630461434,8.674598908917086e-05,0.0001955507855376806,0.09011570762211883
17.20130083547658,0.00048168775115206564,0.0001955507855376806,0.09013911134049166
17.203801047798198,0.0017173203657636776,0.0001955507855376806,0.09016244178214924
17.206301267467396,0.00289018684090131,0.0001955507855376806,0.0901857154444779
17.208801494525275,0.0030460389764345036,0.0001955507855376806,0.09021121405330002
17.211301729012945,0.0029352343584898855,0.0001955507855376806,0.09023442586231532
17.213801970971513,0.0035519544536067593,0.0001955507855376806,0.09025771414608949
17.216302220442085,0.006020187330913071,0.0001955507855376806,0.09028107621116549
17.218802477465765,0.008679431818285996,0.0001955507855376806,0.09030450933027709
17.221302742083658,0.011631213822303157,0.0001955507855376806,0.09033048304673286
17.223803014336877,0.013977891712413981,0.0001955507855376806,0.09035446073207448
17.22630329426652,0.012937718920178726,0.0001955507855376806,0.09037780249182378
17.2288035819137,0.009068843273562291,0.0001955507855376806,0.09040051768304315
17.231303877319515,0.0052298135228793785,0.0001955507855376806,0.09042420011658935
17.233804180525077,0.0028858734814250775,0.0001955507855376806,0.09044698389318005
17.236304491571495,0.0021603615951031885,0.0001955507855376806,0.09047066861280122
17.238804810499868,0.0011609451660756775,0.0001955507855376806,0.09049344572430493
17.241305137351304,0.0002401706942913584,0.0001955507855376806,0.09051474091158379
17.243805472166915,-0.00032725752024548305,0.0001955507855376806,0.09053458682075088
17.246305814987803,0.00014212779277529564,0.0001955507855376806,0.09055480303006319
17.24880616585507,-0.0001921220990530742,0.0001955507855376806,0.09057539753876404
17.251306524809824,-0.0003973783955470711,0.0001955507855376806,0.09059637843398374
17.253806891893177,-0.00019083248871795688,0.0001955507855376806,0.09061775389073927
17.25630726714623,0.00033586192592582886,0.0001955507855376806,0.09063953217193538
17.25880765061009,8.055277375738912e-05,0.0001955507855376806,0.09066195194052966
17.26130804232587,-0.0004195753362185306,0.0001955507855376806,0.09068501249707073
17.263808442334664,-0.000440674884994649,0.0001955507855376806,0.09070871330219858
17.266308850677582,-1.1591478762854046e-05,0.0001955507855376806,0.09073289039330032
17.268809267395735,3.3460838431448314e-05,0.0001955507855376806,0.09075666474888408
17.271309692530227,-0.00029577317278309256,0.0001955507855376806,0.09077918868169334
17.27381012612216,-0.000359812262780701,0.0001955507855376806,0.09080135503326922
17.276310568212644,8.448010515424431e-05,0.0001955507855376806,0.09082312506768406
17.278811018842788,0.00010173886594658232,0.0001955507855376806,0.09084634867134347
17.28131147805369,-4.489843661514836e-05,0.0001955507855376806,0.09086861490331688
17.283811945886466,-0.0001184060850596691,0.0001955507855376806,0.09089113136769351
17.286312422382213,-0.00019099962942696613,0.0001955507855376806,0.09091414643823452
17.288812907582045,0.00028163771863251585,0.0001955507855376806,0.0909370820122219
17.291313401527063,0.00016489688941775937,0.0001955507855376806,0.0909574332282458
17.293813904258375,-9.949284827931448e-05,0.0001955507855376806,0.09097529322491116
17.296314415817083,-0.0004183891323834149,0.0001955507855376806,0.09099416366914136
17.2988149362443,-0.0003175104213563734,0.0001955507855376806,0.09101407066987652
17.301315465581126,3.9753572881939814e-05,0.0001955507855376806,0.09103504061049222
17.303816003868672,0.00030284280714543144,0.0001955507855376806,0.09105614500786599
17.306316551148043,1.3688381968190999e-05,0.0001955507855376806,0.09107757861232213
17.308817107460342,7.528316377647393e-05,0.0001955507855376806,0.09109934985341281
17.311317672846677,0.00044073300388923486,0.0001955507855376806,0.09112146719927952
17.31381824734816,0.000494296870393901,0.0001955507855376806,0.09114331098661599
17.316318831005884,0.00014039235700424868,0.0001955507855376806,0.0911641462226575
17.31881942386097,0.0013308283196051818,0.0001955507855376806,0.09118698837300954
17.321320025954513,0.0033922075792016254,0.0001955507855376806,0.09121029683931094
17.323820637327625,0.003682156599863942,0.0001955507855376806,0.09123318933952503
17.32632125802141,0.002466877798961223,0.0001955507855376806,0.09125570554084
17.328821888076973,0.00100285700896309,0.0001955507855376806,0.09127792883559391
17.331322527535423,0.0003887128404864021,0.0001955507855376806,0.09130059825025277
17.333823176437868,7.376096010081046e-05,0.0001955507855376806,0.09132598242678527
17.336323834825404,3.960507007531866e-05,0.0001955507855376806,0.09134938791948875
17.33882450273915,-0.00042020479347534834,0.0001955507855376806,0.09137380442378218
17.341325180220203,-4.682902549435486e-05,0.0001955507855376806,0.09139825489503416
17.343825867309675,4.3645046945456345e-05,0.0001955507855376806,0.09142216530827663
17.346326564048663,0.00021825533403387054,0.0001955507855376806,0.09144617966921784
17.34882727047829,0.00018919097207738267,0.0001955507855376806,0.09146921701295871
17.351327986639642,0.0028071830314985724,0.0001955507855376806,0.09149186158068856
17.35382871257384,0.01153548455395502,0.0001955507855376806,0.09151541095882015
17.356329448321986,0.021108642899020882,0.0001955507855376806,0.09154009259481967
17.358830193925183,0.018692118933257354,0.0001955507855376806,0.09156492073149672
17.361330949424538,0.008836408600826753,0.0001955507855376806,0.091589505926179
17.36383171486116,0.002045175274614508,0.0001955507855376806,0.09161385887219828
17.366332490276157,0.0011440449815678655,0.0001955507855376806,0.09163799012687457
17.368833275710628,0.0019076821908725894,0.0001955507855376806,0.09166341206543521
17.371334071205684,0.003322652331594969,0.0001955507855376806,0.0916881067397027
17.37383487680243,0.003541345746173194,0.0001955507855376806,0.09171206548794167
17.376335692541975,0.003592460491730773,0.0001955507855376806,0.09173526557541392
17.378836518465416,0.0011460143700051661,0.0001955507855376806,0.09175768397679948
17.381337354613873,0.00022714386315603186,0.0001955507855376806,0.09178060434971214
17.38383820102844,0.0002173132895426505,0.0001955507855376806,0.09180497588581917
17.38633905775023,0.0005252050156977911,0.0001955507855376806,0.09182904976857412
17.388839924820346,0.000558506449940252,0.0001955507855376806,0.09185528213905375
17.391340802279892,-7.945100908142433e-05,0.0001955507855376806,0.0918795711588602
17.393841690169978,-0.00030352137302222526,0.0001955507855376806,0.09190383534826368
17.396342588531713,0.00038532764232766803,0.0001955507855376806,0.091928077831261
17.398843497406197,0.0018587028158603691,0.0001955507855376806,0.09195240018171419
17.40134441683454,0.004147101173599607,0.0001955507855376806,0.09197748834001077
17.403845346857846,0.005126483462834161,0.0001955507855376806,0.09200336795100235
17.406346287517223,0.004710753836144943,0.0001955507855376806,0.0920290951587582
17.408847238853774,0.0030318863012423897,0.0001955507855376806,0.09205465834811022
17.411348200908613,0.0009394059395054083,0.0001955507855376806,0.09208011145867853
17.413849173722834,-0.0003013050524683647,0.0001955507855376806,0.09210662226713459
17.416350157337554,-0.0004886806632411339,0.0001955507855376806,0.09213419886690573
17.418851151793874,-2.196571062831887e-06,0.0001955507855376806,0.0921624264984197
17.421352157132898,-5.714519124032369e-05,0.0001955507855376806,0.09219129735710749
17.423853173395738,0.0004602973894608925,0.0001955507855376806,0.09222168894126334
17.426354200623493,-6.626999164492664e-05,0.0001955507855376806,0.09225299877652074
17.42885523885728,-0.00023764370162183968,0.0001955507855376806,0.0922838973359413
17.431356288138193,0.00027216185324166475,0.0001955507855376806,0.09231409979621033
17.433857348507345,0.00027118220113206415,0.0001955507855376806,0.09234430949796413
17.43635842000584,-0.00020076358930913585,0.0001955507855376806,0.09237451133219216
17.438859502674784,-0.0003647006276472492,0.0001955507855376806,0.0924036229054995
17.44136059655529,-0.00037050255501251683,0.0001955507855376806,0.09243270122338085
17.44386170168845,0.00021182392164446895,0.0001955507855376806,0.09246173210351548
17.446362818115386,0.00033486380508236657,0.0001955507855376806,0.0924910576839722
17.448863945877193,0.0001569642373376312,0.0001955507855376806,0.09252094539614863
17.451365085014977,0.0008197881987639516,0.0001955507855376806,0.0925514111699395
17.453866235569855,0.0019277547642087278,0.0001955507855376806,0.09257953799730677
17.456367397582923,0.0016764634194458838,0.0001955507855376806,0.09260827884348384
17.458868571095287,0.0003530112846158451,0.0001955507855376806,0.09263765361048017
17.46136975614806,-0.0003823217538483359,0.0001955507855376806,0.09266829992806647
17.463870952782344,-0.00013910785544724025,0.0001955507855376806,0.09270021346778043
17.466372161039242,0.00044413054917299966,0.0001955507855376806,0.09273308578289846
17.468873380959867,-0.0003865635271621398,0.0001955507855376806,0.09276690140399471
17.47137461258532,-0.00024732115260509,0.0001955507855376806,0.09279999748600246
17.47387585595671,-0.00023738381841255374,0.0001955507855376806,0.09283098484616664
17.47637711111514,0.00037633117310352515,0.0001955507855376806,0.09286315066404932
17.47887837810172,0.00023663719785244064,0.0001955507855376806,0.09289528599105465
17.481379656957554,-0.00026829823233447125,0.0001955507855376806,0.09292738144750083
17.48388094772375,-0.0006144401256005794,0.0001955507855376806,0.09295942757736328
17.486382250441412,-0.0001374993890727455,0.0001955507855376806,0.09299150381012913
17.488883565151646,-9.256325607924498e-05,0.0001955507855376806,0.09302360398546063
17.49138489189556,0.00016012693845052217,0.0001955507855376806,0.09305572189352071
17.493886230714256,-6.197810907962453e-05,0.0001955507855376806,0.09308785127497296
17.496387581648847,0.0002517746247420044,0.0001955507855376806,0.09311998582098091
17.498888944740433,0.003807457644875112,0.0001955507855376806,0.09315374958499512
17.501390320030122,0.009371781333104706,0.0001955507855376806,0.09318903802370074
17.503891707559024,0.011686615779590279,0.0001955507855376806,0.09322153100173514
17.50639310736824,0.009062021483369362,0.0001955507855376806,0.09325582697403069
17.508894519498877,0.003868541520261934,0.0001955507855376806,0.09328704633791357
17.511395943992046,0.0012011660269876379,0.0001955507855376806,0.09331837293950715
17.513897380888842,0.00037556228811493064,0.0001955507855376806,0.09334982759256888
17.516398830230386,-0.00021890970022611644,0.0001955507855376806,0.09338171323465527
17.518900292057772,8.775351894144134e-05,0.0001955507855376806,0.09341403943479551
17.52140176641211,0.0002761775707559172,0.0001955507855376806,0.09344704468327196
17.52390325333451,-8.504614538520916e-05,0.0001955507855376806,0.09348072541540924
17.526404752866075,-0.00046577029833341776,0.0001955507855376806,0.09351467764196712
17.528906265047908,-7.976477895874079e-05,0.0001955507855376806,0.09354888254273783
17.531407789921122,0.0006143621392603049,0.0001955507855376806,0.09358299129008173
17.533909327526818,0.000290885154192122,0.0001955507855376806,0.09361699818703667
17.5364108779061,-0.00010514037450470859,0.0001955507855376806,0.0936516479700086
17.53891244110008,-0.0005422132982279559,0.0001955507855376806,0.09368588690085547
17.541414017149865,0.00020527609944162584,0.0001955507855376806,0.09372321819331769
17.543915606096554,0.00048409547237077133,0.0001955507855376806,0.09375889900459654
17.546417207981257,-9.652354872685676e-05,0.0001955507855376806,0.09379356085336293
17.54891882284508,-0.0002955256749743451,0.0001955507855376806,0.0938272298310873
17.551420450729132,-0.000259415853572767,0.0001955507855376806,0.09386129646273622
17.55392209167452,0.00018240662481396053,0.0001955507855376806,0.09389483611772752
17.55642374572234,0.00032954639723072054,0.0001955507855376806,0.09392802815028603
17.55892541291371,-1.940740290903853e-06,0.0001955507855376806,0.09396087242888562
17.561427093289726,0.0016389822502528573,0.0001955507855376806,0.09399413028966054
17.563928786891502,0.005480570714973196,0.0001955507855376806,0.09402747266685407
17.56643049376014,0.007251700913137149,0.0001955507855376806,0.09406349963935098
17.56893221393675,0.0053240815548303705,0.0001955507855376806,0.0940975039349827
17.571433947462435,0.0016505418945283457,0.0001955507855376806,0.09413018683494286
17.5739356943783,-9.447887082432438e-05,0.0001955507855376806,0.09416476015585969
17.576437454725454,0.00014926656568904628,0.0001955507855376806,0.09419997944152282
17.578939228545,0.0003524211753654499,0.0001955507855376806,0.09423588127385224
17.581441015878045,-0.0002625271012061531,0.0001955507855376806,0.09426869413563849
17.583942816765703,-0.0006165275952913357,0.0001955507855376806,0.09430212405150916
17.58644463124907,-0.00038025999717059,0.0001955507855376806,0.09433843127233418
17.588946459369254,-0.00023068021557247353,0.0001955507855376806,0.09437438247172875
17.591448301167365,-1.3351506713568662e-05,0.0001955507855376806,0.0944076501430002
17.593950156684507,-0.00022672500764484016,0.0001955507855376806,0.09443946868187744
17.59645202596178,-0.00043363294769274696,0.0001955507855376806,0.0944711160894769
17.598953909040304,0.0005577253639802854,0.0001955507855376806,0.09450286029238883
17.601455805961173,0.0005016472374552855,0.0001955507855376806,0.09453474727707344
17.6039577167655,0.00018064109559477737,0.0001955507855376806,0.0945657529604361
17.60645964149439,-0.00021191577833779007,0.0001955507855376806,0.09459644310499396
17.608961580188943,0.0007224282194880222,0.0001955507855376806,0.09462740287317573
17.61146353289027,0.0006674828715218517,0.0001955507855376806,0.09465863798401282
17.61396549963948,0.00043798442930641224,0.0001955507855376806,0.09469043446911637
17.616467480477677,0.00044463291648588754,0.0001955507855376806,0.0947206819842141
17.618969475445965,0.00013749962363561463,0.0001955507855376806,0.09475181795679252
17.62147148458545,0.0005430236753510148,0.0001955507855376806,0.09478428743500733
17.62397350793724,0.0011491241090435256,0.0001955507855376806,0.09481811795269209
17.626475545542444,0.002758182380860022,0.0001955507855376806,0.09485222766470783
17.62897759744216,0.004794014723858653,0.0001955507855376806,0.09488705248360277
17.631479663677503,0.0047538958466382675,0.0001955507855376806,0.09492235481372198
17.633981744289574,0.0028868939059091686,0.0001955507855376806,0.0949581282379823
17.636483839319478,0.000931136539094754,0.0001955507855376806,0.09499436642952502
17.638985948808326,-0.00011744863223094038,0.0001955507855376806,0.09503118807856803
17.641488072797223,-6.630713481561856e-05,0.0001955507855376806,0.09506931627688324
17.64399021132727,0.00016322710654324835,0.0001955507855376806,0.09510945294165504
17.64649236443958,0.0005813596688505063,0.0001955507855376806,0.09514637087069241
17.64899453217526,7.075221602205473e-05,0.0001955507855376806,0.09518331386017251
17.6514967145754,-0.00042766659646614746,0.0001955507855376806,0.0952202691059244
17.653998911681132,-0.00013370245946761616,0.0001955507855376806,0.09525722376496587
17.65650112353354,0.00022819002058260818,0.0001955507855376806,0.09529452377509738
17.65900335017374,0.00010694782719497531,0.0001955507855376806,0.0953289520924189
17.661505591642836,-3.379401227815437e-05,0.0001955507855376806,0.09536540452903136
17.66400784798194,0.00014007155408822525,0.0001955507855376806,0.09540183512255518
17.66651011923215,-0.00019562118750163227,0.0001955507855376806,0.09543959624089046
17.66901240543458,3.598864677448188e-06,0.0001955507855376806,0.09547749039452229
17.671514706630322,-9.894719511432948e-06,0.0001955507855376806,0.09551645373119558
17.674017022860497,-0.00012943147811396438,0.0001955507855376806,0.09555475149490991
17.676519354166206,0.000635386084542014,0.0001955507855376806,0.09559241181660139
17.67902170058855,0.00046470780756087404,0.0001955507855376806,0.09562921274376254
17.681524062168645,0.000590482448021859,0.0001955507855376806,0.09566597250795078
17.684026438947594,7.290032416859549e-05,0.0001955507855376806,0.09570269739002704
17.686528830966495,-0.00023458085233263315,0.0001955507855376806,0.09573939359951819
17.689031238266463,0.000432826383563234,0.0001955507855376806,0.09577606727461575
17.691533660888602,0.00027986889185827035,0.0001955507855376806,0.09581314818529893
17.69403609887402,0.0002930688917237856,0.0001955507855376806,0.09585043032738376
17.696538552263817,8.768204416194358e-05,0.0001955507855376806,0.09588789356699268
17.699041021099106,0.0007246589565175349,0.0001955507855376806,0.09592423890518981
17.701543505420986,0.000557624022887851,0.0005010371330692923,0.09596090188539597
17.70404600527057,0.0003870565829237199,0.0005010371330692923,0.09599785699564473
17.706548520688962,-0.00012888272661668032,0.0005010371330692923,0.09603507877127457
17.70905105171727,0.00011838023699023426,0.0005010371330692923,0.09607095838931981
17.71155359839659,0.0011608011551264147,0.0005010371330692923,0.09610601114388923
17.714056160768045,0.004014353887322658,0.0005010371330692923,0.09614105447048858
17.716558738872724,0.004983267222564258,0.0005010371330692923,0.0961779256144938
17.719061332751746,0.0040449476543107515,0.0005010371330692923,0.09621659564424956
17.72156394244621,0.0026528908514404093,0.0005010371330692923,0.09625644705614803
17.724066567997227,0.000861062730747042,0.0005010371330692923,0.09629289082573977
17.7265692094459,0.0002572151331195899,0.0005010371330692923,0.09632605670965763
17.729071866833337,0.0004497692321203256,0.0005010371330692923,0.09635943375117997
17.73157454020064,0.000569312572339456,0.0005010371330692923,0.09639340358346943
17.734077229588916,0.0008874258566395343,0.0005010371330692923,0.09642671091269289
17.736579935039277,0.0005971007517709681,0.0005010371330692923,0.09645881261625203
17.739082656592824,0.0005980637279487111,0.0005010371330692923,0.09649209234514113
17.741585394290666,-0.0002711354315161618,0.0005010371330692923,0.0965266031880114
17.74408814817391,-0.0003853842985475642,0.0005010371330692923,0.09656109068897126
17.74659091828365,-0.0002725882937947288,0.0005010371330692923,0.09659555790453611
17.74909370466101,0.0004776091402702576,0.0005010371330692923,0.09662900748058847
17.751596507347088,6.489460165648442e-05,0.0005010371330692923,0.09666250115951674
17.75409932638299,-0.00014194582228535535,0.0005010371330692923,0.09669639538253563
17.756602161809816,2.342658925627572e-05,0.0005010371330692923,0.09673068256722317
17.759105013668687,0.00013423291711880947,0.0005010371330692923,0.09676352721959963
17.761607882000696,4.519065191083138e-07,0.0005010371330692923,0.09679585939560748
17.76411076684695,0.000388675314648132,0.0005010371330692923,0.0968298299378933
17.766613668248567,0.0008795228541919331,0.0005010371330692923,0.09686443678152429
17.769116586246643,0.0012824623558972958,0.0005010371330692923,0.09689876063538169
17.771619520882282,0.0014232303247324746,0.0005010371330692923,0.0969331136305467
17.7741224721966,0.000981698502122333,0.0005010371330692923,0.0969674993093363
17.776625440230692,0.0006296094885629849,0.0005010371330692923,0.09700192117629591
17.77912842502567,0.00046017805573619897,0.0005010371330692923,0.09703570215314021
17.781631426622646,0.00033557356066292454,0.0005010371330692923,0.0970697093652951
17.784134445062715,5.248864252876961e-06,0.0005010371330692923,0.09710633568625722
17.78663748038699,-0.00042343796736278583,0.0005010371330692923,0.09714175508525189
17.789140532636573,-0.00024403505959805227,0.0005010371330692923,0.09717595918305813
17.791643601852574,-0.00011395938866295974,0.0005010371330692923,0.09721051517419341
17.794146688076097,0.0005918049365691985,0.0005010371330692923,0.09724552493321009
17.796649791348248,0.0005168641105686572,0.0005010371330692923,0.09728086208121811
17.79915291171013,0.00039604025278786037,0.0005010371330692923,0.09731651046032347
17.80165604920286,0.0008285230639446944,0.0005010371330692923,0.09735245398093616
17.80415920386754,0.0012914032205402909,0.0005010371330692923,0.0973822394505782
17.806662375745265,0.0011563504582227102,0.0005010371330692923,0.09741483375041461
17.809165564877155,0.001057717298897462,0.0005010371330692923,0.09744775980463827
17.811668771304305,0.000812417118344011,0.0005010371330692923,0.09748117208955967
17.814171995067827,0.00029557003250689495,0.0005010371330692923,0.09751506570875379
17.816675236208834,-0.00016013087034701112,0.0005010371330692923,0.09754924266203932
17.81917849476842,-0.0005667798791957057,0.0005010371330692923,0.09758432587719346
17.821681770787695,-0.00024720421014982896,0.0005010371330692923,0.0976195754919712
17.824185064307766,-0.0007185205649724857,0.0005010371330692923,0.09765476340717702
17.826688375369745,-2.413883817985185e-05,0.0005010371330692923,0.09768988891457668
17.82919170401473,0.0005979886273758256,0.0005010371330692923,0.09772495122359884
17.831695050283823,0.0024325543865200416,0.0005010371330692923,0.09776054132549605
17.834198414218143,0.003953663171022637,0.0005010371330692923,0.097796634783008
17.836701795858794,0.004154019116871424,0.0005010371330692923,0.09783361048760036
17.83920519524687,0.003592695435432544,0.0005010371330692923,0.0978718025832885
17.84170861242349,0.0014694269888633898,0.0005010371330692923,0.09790888955866933
17.844212047429753,0.0002971009592368373,0.0005010371330692923,0.09794629059365062
17.846715500306768,-0.0001447365224561542,0.0005010371330692923,0.09798147177621969
17.84921897109564,-1.0190370537774274e-05,0.0005010371330692923,0.0980189471845959
17.851722459837482,0.0001774052846143931,0.0005010371330692923,0.09805734299712207
17.854225966573388,-0.0002643007306182138,0.0005010371330692923,0.09809662328110746
17.85672949134447,-0.00021448759243899995,0.0005010371330692923,0.09813510079978734
17.859233034191835,-0.0007678452304475808,0.0005010371330692923,0.09817023442929196
17.86173659515659,-0.0005230152285054523,0.0005010371330692923,0.0982062114625955
17.86424017427984,6.72147556558117e-05,0.0005010371330692923,0.09824178849228826
17.866743771602685,-0.00023445337608993255,0.0005010371330692923,0.09827752436870371
17.869247387166244,-0.0003258923416698811,0.0005010371330692923,0.09831228808855276
17.87175102101161,-0.0002623995299933929,0.0005010371330692923,0.09834744414673728
17.8742546731799,-0.00011707465014403062,0.0005010371330692923,0.09838377393591968
17.876758343712215,-0.00019872876592434696,0.0005010371330692923,0.09842127588847563
17.87926203264966,-0.00030039002507167845,0.0005010371330692923,0.09845964742184608
17.881765740033345,-0.0003501437086701892,0.0005010371330692923,0.09849785287130015
17.884269465904367,-6.9580995468152e-05,0.0005010371330692923,0.09853561905956032
17.886773210303847,-6.223636179940317e-05,0.0005010371330692923,0.09857296232395754
17.889276973272878,-0.0003094987582209774,0.0005010371330692923,0.09861035287499584
17.891780754852572,-0.00043191523020884304,0.0005010371330692923,0.098647788619135
17.894284555084035,-0.00027914945080911857,0.0005010371330692923,0.09868673596829586
17.896788374008374,-0.00022593645245994054,0.0005010371330692923,0.09872689490844452
17.899292211666694,-9.416181583310479e-05,0.0005010371330692923,0.09876608881613222
17.901796068100097,-0.000506863132494248,0.0005010371330692923,0.09880433223973897
17.904299943349695,-0.000574883200324311,0.0005010371330692923,0.09884094039070744
17.90680383745659,-0.000469459548817483,0.0005010371330692923,0.09887937214709652
17.909307750461895,-0.0003444713431678126,0.0005010371330692923,0.09891732549645832
17.91181168240671,-0.00016643086050971423,0.0005010371330692923,0.098955357584949
17.91431563333214,-2.965876596010275e-05,0.0005010371330692923,0.09899346930350923
17.916819603279293,0.000262981521781655,0.0005010371330692923,0.09903040311382519
17.919323592289278,0.0017169918336974732,0.0005010371330692923,0.09906857986816747
17.921827600403198,0.0020099738904577474,0.0005010371330692923,0.09910822321697825
17.92433162766216,0.0015751184025310089,0.0005010371330692923,0.0991474163928697
17.92683567410727,0.0009767872048468962,0.0005010371330692923,0.09918618058981953
17.929339739779635,0.0029736668391416865,0.0005010371330692923,0.09922713950065928
17.93184382472036,0.005678807621795498,0.0005010371330692923,0.09926764169651323
17.934347928970553,0.007652227721339999,0.0005010371330692923,0.0993077020015085
17.93685205257132,0.006775700094225068,0.0005010371330692923,0.09934733500593784
17.93935619556376,0.003956635709198408,0.0005010371330692923,0.09938655506625797
17.94186035798899,0.002251607679745443,0.0005010371330692923,0.09942571635558134
17.94436453988811,0.003514979287612338,0.0005010371330692923,0.09946672234343276
17.94686874130223,0.00377644792095512,0.0005010371330692923,0.09950774734518952
17.94937296227245,0.0031389058701708356,0.0005010371330692923,0.09954879966421729
17.95187720283988,0.0015940139928175417,0.0005010371330692923,0.09959205198616011
17.954381463045628,0.0002872769553510235,0.0005010371330692923,0.09963686746103076
17.956885742930794,-0.0002489514483373506,0.0005010371330692923,0.09968057409192721
17.95939004253649,-0.0004236899523784171,0.0005010371330692923,0.09972317553687948
17.96189436190382,-0.000798989362536251,0.0005010371330692923,0.09976588849211074
17.964398701073893,-0.0002840677049321533,0.0005010371330692923,0.09980870399372743
17.966903060087812,-5.017782265030746e-05,0.0005010371330692923,0.09985164526114798
17.969407438986682,-0.00021742848151706795,0.0005010371330692923,0.09989473548317535
17.971911837811614,-0.0003655386421869966,0.0005010371330692923,0.09993472767735084
17.974416256603707,-0.00045874641311347,0.0005010371330692923,0.09997627140744117
17.976920695404072,8.33599648645128e-05,0.0005010371330692923,0.10001787729149487
17.979425154253814,0.0004577748439487245,0.0005010371330692923,0.10006087311261466
17.98511753860538,-5.374241376696065e-05,0.0005010371330692923,0.10010378887707119
17.99111142277484,-0.00023270791327424656,0.0005010371330692923,0.10014628143809805
17.9971053674596,-0.00042580435897500435,0.0005010371330692923,0.10018829377782817
18.00309937245859,-0.0006045066817046141,0.0005010371330692923,0.10023149905191751
18.009093437570726,-8.677133148961291e-05,0.0005010371330692923,0.10027613205655483
18.015087562594946,-0.0003758771926604676,0.0005010371330692923,0.1003197250842292
18.021081747330165,0.0003746450583911737,0.0005010371330692923,0.10036328322532762
18.027075991575316,0.004513135884407701,0.0005010371330692923,0.10040720209993136
18.03307029512932,0.0038670653161368695,0.0005010371330692923,0.10045149850614514
18.03906465779111,-4.151401617520645e-05,0.0005010371330692923,0.10049618926898075
18.0450590793596,0.000246044484572272,0.0005010371330692923,0.1005397112863476
18.05105355963372,-0.000219047738598252,0.0005010371330692923,0.1005867899800189
18.057048098412398,0.00034717707615074256,0.0005010371330692923,0.10063599966303519
18.063042695494566,-0.00033980763775871836,0.0005010371330692923,0.10068258464772302
18.069037350679135,0.00026297294777957725,0.0005010371330692923,0.10072899512077692
18.075032063765047,-1.5362412083705368e-05,0.0005010371330692923,0.1007766199436411
18.081026834551214,-2.0766553671600074e-05,0.0005010371330692923,0.10082454361771462
18.087021662836566,-0.0004237269095115903,0.0005010371330692923,0.10087273769375137
18.09301654842003,-0.00023105642144943817,0.0005010371330692923,0.10092025119512378
18.099011491100534,-0.0001232094614077306,0.0005010371330692923,0.10096974496500138
18.105006490677,0.00023293833726695246,0.0005010371330692923,0.10101814400198585
18.111001546948355,0.00036751129355690193,0.0005010371330692923,0.1010655069099913
18.11699665971352,0.00017476601866645014,0.0005010371330692923,0.10111178941630598
18.12299182877143,-0.0010343097204270624,0.0005010371330692923,0.10115850517828842
18.128987053921005,0.00031959732560676857,0.0005010371330692923,0.10120564964079178
18.13498233496117,8.346166980667535e-05,0.0005010371330692923,0.10125321826435946
18.140977671690848,5.922179360630386e-05,0.0005010371330692923,0.10130111729236978
18.146973063908977,-0.00013456348952568808,0.0005010371330692923,0.10134927744576572
18.152968511414468,0.0027625017178795758,0.0005010371330692923,0.10139738823943989
18.158964014006255,0.004712487960019787,0.0005010371330692923,0.10144543411685084
18.164959571483262,0.002048642117309124,0.0005010371330692923,0.1014936838395614
18.170955183644416,0.003754468110828621,0.0005010371330692923,0.10154211031387742
18.17695085028864,0.009115780443483448,0.0005010371330692923,0.10159235840458478
18.182946571214863,0.007117719807366724,0.0005010371330692923,0.10164317829356628
18.188942346222003,0.001656304570703107,0.0005010371330692923,0.1016958552750723
18.194938175108994,-4.9890360275695045e-05,0.0005010371330692923,0.10174743615841607
18.20093405767476,0.0009627537590523316,0.0005010371330692923,0.10179691478965916
18.206929993718223,-0.0001503629076638341,0.0005010371330692923,0.10184722519147552
18.212925983038314,0.00011008959938854646,0.0005010371330692923,0.10189943820906008
18.218922025433955,1.2260050281001633e-05,0.0005010371330692923,0.10194893551789663
18.22491812070407,0.0005370332564130914,0.0005010371330692923,0.10199690332332273
18.23091426864759,-0.00017991284697244092,0.0005010371330692923,0.10204434464804196
18.23691046906344,0.0002506204530437067,0.0005010371330692923,0.10209128832776954
18.24290672175054,0.000352243225508142,0.0005010371330692923,0.10213862215078567
18.24890302650782,0.0041306404115373785,0.0005010371330692923,0.102186340319464
18.254899383134205,0.005124028897892055,0.0005010371330692923,0.10223455324890092
18.260895791428617,0.0014018961727176454,0.0005010371330692923,0.10228325052803056
18.26689225118999,-0.00023404531238337134,0.0005010371330692923,0.10233177948847555
18.272888762217246,-0.00043800494295058445,0.0005010371330692923,0.10238010489037644
18.278885324309307,1.3716042258679617e-05,0.0005010371330692923,0.1024281913352509
18.284881937265098,0.0006523389954216363,0.0005010371330692923,0.10247600326599252
18.290878600883556,-0.00019490767021000666,0.0005010371330692923,0.10252521847906654
18.296875314963593,0.001299653694604594,0.0005010371330692923,0.10257586427349441
18.30287207930414,0.0035287339546871965,0.0005010371330692923,0.10262713656336654
18.308868893704126,0.0018870795493409753,0.0005010371330692923,0.10267901222201414
18.314865757962473,-0.0004639781432009965,0.0005010371330692923,0.10273058378928995
18.320862671878107,0.00023198651550726535,0.0005010371330692923,0.10278536525530552
18.326859635249953,0.001410646198994489,0.0005010371330692923,0.1028382521500816
18.332856647876937,0.0008760025793127374,0.0005010371330692923,0.10289161603761174
18.338853709557988,0.0020354604674453908,0.0005010371330692923,0.10294584974817991
18.344850820092027,0.00028324419758850305,0.0005010371330692923,0.10299923665152333
18.350847979277983,0.00043865372390956836,0.0005010371330692923,0.10305308531929833
18.356845186914782,-2.2696176183542582e-05,0.0005010371330692923,0.10310737496112034
18.362842442801348,-5.212404034554696e-05,0.0005010371330692923,0.10315968051139733
18.368839746736608,0.002431313484030237,0.0005010371330692923,0.10321424552013417
18.37483709851948,0.0036286538174036542,0.0005010371330692923,0.10326637984953102
18.3808344979489,0.0010030307390073573,0.0005010371330692923,0.10332294695842092
18.38683194482379,0.0007914550778223978,0.0005010371330692923,0.10338020736121975
18.392829438943078,-0.00022978196787896976,0.0005010371330692923,0.10343611194271084
18.398826980105685,-5.694615998928787e-05,0.0005010371330692923,0.1034926155098829
18.404824568110538,-0.0005668079847049728,0.0005010371330692923,0.10354969365440111
18.410822202756563,-0.00033779778807993543,0.0005010371330692923,0.10360702868221307
18.41681988384269,0.00032523747692191074,0.0005010371330692923,0.1036645851098673
18.422817611167837,0.0002093451461804008,0.0005010371330692923,0.10372138213517598
18.428815384530935,-0.00035298824039002585,0.0005010371330692923,0.1037774219098209
18.43481320373091,0.0007347390302080009,0.0005010371330692923,0.1038330495725403
18.440811068566685,-0.0006737500891181997,0.0005010371330692923,0.10388914747714675
18.446808978837186,0.00013441956335534522,0.0005010371330692923,0.10394491552374771
18.45280693434134,-0.0004223379069558525,0.0005010371330692923,0.10400136284046678
18.458804934878067,0.0006929817715968928,0.0005010371330692923,0.10405484245528435
18.464802980246304,-0.00010924348388237359,0.0005010371330692923,0.10410948814110171
18.470801070244967,0.0015511651072172145,0.0005010371330692923,0.10416475042699111
18.47679920467299,0.0009886751837123453,0.0005010371330692923,0.10422066189142015
18.48279738332929,0.0013962420690400573,0.0005010371330692923,0.10427583598637388
18.488795606012793,0.0001620867705510176,0.0005010371330692923,0.10433118245854509
18.494793872522436,0.0002622654281475706,0.0005010371330692923,0.10438653589712849
18.50079218265713,-0.0003710209616269444,0.0005010371330692923,0.10444190337204334
18.50679053621581,3.6702592071946594e-06,0.0005010371330692923,0.10449649991659055
18.5127889329974,0.0002748940489747109,0.0005010371330692923,0.10455061233337312
18.518787372800823,-0.00013354068545219644,0.0005010371330692923,0.1046046043586159
18.52478585542501,0.000885690244606066,0.0005010371330692923,0.10465847867913297
18.530784380668877,0.005226713081178863,0.0005010371330692923,0.10471223797927016
18.53678294833136,0.003834985755995529,0.0005010371330692923,0.10476506895184876
18.54278155821138,-0.0006372945462505275,0.0005010371330692923,0.10481781900588666
18.548780210107864,0.0014483994728365923,0.0005010371330692923,0.10487049291249602
18.554778903819734,-0.00041225734356507837,0.0005010371330692923,0.10492357665745661
18.560777639145922,0.0007313910323605288,0.0005010371330692923,0.10497607901931452
18.56677641588535,-0.0005659043731334468,0.0005010371330692923,0.10502806552090377
18.57277523383694,0.0006239399332883255,0.0005010371330692923,0.10508056383135209
18.578774092799627,0.0007283630867932628,0.0005010371330692923,0.10513449496599384
18.58477299257233,0.002453124152774641,0.0005010371330692923,0.1051901679291461
18.59077193295397,0.001591496609038498,0.0005010371330692923,0.10524733879414663
18.596770913743484,0.0009116603890053643,0.0005010371330692923,0.1053057798167186
18.602769934739793,-0.0005871280966379122,0.0005010371330692923,0.10536547709723226
18.60876899574182,0.00030845806744157767,0.0005010371330692923,0.10542611564726327
18.61476809654849,0.0005446144585049134,0.0005010371330692923,0.1054872063262088
18.620767236958738,0.0044647811374376595,0.0005010371330692923,0.1055487227459985
18.626766416771478,0.0030471570881093896,0.0005010371330692923,0.10561063873548346
18.632765635785645,0.0010388150090717557,0.0005010371330692923,0.10567142534553592
18.638764893800154,0.0005897149271310159,0.0005010371330692923,0.10573109361006322
18.644764190613945,0.001718626612163654,0.0005010371330692923,0.10578965431198888
18.65076352602593,0.0011737336994199071,0.0005010371330692923,0.10584711798325105
18.65676289983504,-0.00024194116617567984,0.0005010371330692923,0.1059034949048013
18.662762311840204,5.4679031803006595e-05,0.0005010371330692923,0.1059587951066023
18.668761761840344,-0.0001794762746543943,0.0005010371330692923,0.10601302836762713
18.674761249634386,0.00035495583409418663,0.0005010371330692923,0.10606709402296097
18.680760775021255,-0.0008659392268796084,0.0005010371330692923,0.1061209660415732
18.686760337799882,-9.667712145529361e-05,0.0005010371330692923,0.10617461842046753
18.692759937769186,-0.000659299934861704,0.0005010371330692923,0.10622802518468119
18.698759574728093,0.0005341512394811954,0.0005010371330692923,0.1062804070185944
18.70475924847553,0.0002955855706587296,0.0005010371330692923,0.10633038538428463
18.710758958810427,0.004563338402772815,0.0005010371330692923,0.10638320385945278
18.716758705531706,0.0075115870522070305,0.0005010371330692923,0.10643571516534575
18.72275848843829,0.002680987391323289,0.0005010371330692923,0.10648790337256048
18.728758307329112,0.0003498214115828374,0.0005010371330692923,0.1065397525805406
18.73475816200309,-0.0003167817787476379,0.0005010371330692923,0.10659084791921125
18.740758052259157,-0.0004938664964821982,0.0005010371330692923,0.10664182437624062
18.746757977896227,0.0006946620016582,0.0005010371330692923,0.10669267637976201
18.75275793871324,0.0032415760995892356,0.0005010371330692923,0.10674385210956762
18.758757934509113,0.0012728604908348456,0.0005010371330692923,0.10679452708217076
18.764757965082772,0.00012664049652172382,0.0005010371330692923,0.1068446813403442
18.770758030233146,-0.00047120146136307717,0.0005010371330692923,0.10689350880699282
18.77675812975916,0.00032663128090545945,0.0005010371330692923,0.10694272217748842
18.782758263459737,-0.00029802777085216614,0.0005010371330692923,0.10699233911794122
18.788758431133804,-7.794667138953659e-05,0.0005010371330692923,0.10704263742212425
18.79475863258029,0.0008789682908552088,0.0005010371330692923,0.1070928335204483
18.800758867598113,-4.00838887251731e-06,0.0005010371330692923,0.10714292462161853
18.806759135986205,-0.00030597492502006107,0.0005010371330692923,0.10719290805657533
18.81275943754349,0.0007467536999817281,0.0005010371330692923,0.10724301400719796
18.818759772068898,-0.0009519178433390896,0.0005010371330692923,0.10729257173547646
18.82476013936135,0.0010323522921373701,0.0005010371330692923,0.10734173008926273
18.830760539219767,0.0014572584730632998,0.0005010371330692923,0.10739045925415519
18.83676097144308,0.0005191310644878794,0.0005010371330692923,0.10744005949105673
18.842761435830216,0.0002843999109703177,0.0005010371330692923,0.1074890915375368
18.8487619321801,0.0006626444458710939,0.0005010371330692923,0.10753752105542871
18.854762460291656,0.001171476085537096,0.0005010371330692923,0.10758531371930928
18.860763019963812,-0.0007206052933353552,0.0005010371330692923,0.10763284704232132
18.86676361099549,0.0010213862265914114,0.0005010371330692923,0.10768043446160633
18.87276423318562,0.000765931838088485,0.0005010371330692923,0.10772607926151662
18.878764886333123,0.0013349796958036647,0.0005010371330692923,0.10777001070588284
18.88476557023693,0.0006913652781104368,0.0005010371330692923,0.10781216935664287
18.890766284695964,0.0009058809593726624,0.0005010371330692923,0.10785249545276326
18.89676702950915,-4.054247458087912e-05,0.0005010371330692923,0.1078956487845696
18.902767804475413,0.0010446304795502237,0.0005010371330692923,0.10794258379734142
18.90876860939368,0.00025323190769351023,0.0005010371330692923,0.10798989642466918
18.914769444062877,0.00044215712888782954,0.0005010371330692923,0.10803435011561954
18.920770308281927,0.0005970201694203148,0.0005010371330692923,0.10807853189910008
18.926771201849764,0.0003631723387832464,0.0005010371330692923,0.10812243941981814
18.9327721245653,0.0008558754392142265,0.0005010371330692923,0.10816607043649068
18.938773076227474,-0.0006296931342865963,0.0005010371330692923,0.10820984781831094
18.944774056635204,0.00015699837150916218,0.0005010371330692923,0.10825375268730475
18.95077506558742,-0.001044679357138506,0.0005010371330692923,0.10829714656077224
18.956776102883044,-0.00018082305086015993,0.0005010371330692923,0.10834005135578241
18.962777168321,-0.00032848842956663404,0.0005010371330692923,0.10838338540451353
18.96877826170022,0.0014622238529044401,0.0005010371330692923,0.10842675408629723
18.974779382819627,-0.0006050192362122842,0.0005010371330692923,0.1084710258022891
18.980780531478143,-0.00012963972467971985,0.0005010371330692923,0.1085169151432321
18.986781707474698,0.00045648118248504954,0.0005010371330692923,0.10856238680210979
18.992782910608216,0.0027267659260276494,0.0005010371330692923,0.1086077377653717
18.998784140677625,0.006899909272215232,0.0005010371330692923,0.10865485238540165
19.004785397481847,0.006053514253179737,0.0005010371330692923,0.10870403960848783
19.010786680819812,0.02030380382170638,0.0005010371330692923,0.10875490531856224
19.016787990490442,0.01094052186221059,0.0005010371330692923,0.10880555493532879
19.022789326292664,0.0011031756474793458,0.0005010371330692923,0.10885596414220118
19.0287906880254,0.0005951716844685012,0.0005010371330692923,0.10890476433606745
19.03479207548758,0.0006798708472524756,0.0005010371330692923,0.10895105951718176
19.040793488478133,0.0003459775618790545,0.0005010371330692923,0.10899449935657557
19.04679492679598,0.000634308240340789,0.0005010371330692923,0.1090376652780585
19.052796390240044,0.0008439722681243128,0.0005010371330692923,0.10908056766689997
19.058797878609255,0.0014443353308740414,0.0005010371330692923,0.10912321721746232
19.06479939170254,0.0011120448022712143,0.0005010371330692923,0.10916475314457225
19.07080092931882,-3.8601913217889416e-05,0.0005010371330692923,0.10920515296321756
19.07680249125702,4.071087302584542e-05,0.0005010371330692923,0.10924439423427011
19.082804077316077,-0.0004869509466338129,0.0005010371330692923,0.10928349446775526
19.0888056872949,-0.00015461686306775246,0.0005010371330692923,0.10932557168343693
19.094807320992427,-0.00022008745026180776,0.0005010371330692923,0.1093666913057182
19.100808978207578,-0.0003566056591756128,0.0005010371330692923,0.10940722315723415
19.10681065873928,-0.00020094287639776942,0.0005010371330692923,0.10944683631758736
19.11281236238646,-1.1127261549545575e-05,0.0005010371330692923,0.10948551753896595
19.118814088948042,0.00010606600719599568,0.0005010371330692923,0.10952325366201116
19.124815838222954,0.0010208317933067673,0.0005010371330692923,0.1095593710297792
19.13081761001012,0.0017971576178658494,0.0005010371330692923,0.10959394906921638
19.13681940410847,0.0009982458567258795,0.0005010371330692923,0.10962722917827869
19.142821220316915,6.598052759104744e-05,0.0005010371330692923,0.10966003222805572
19.1488230584344,-0.0006309274753511229,0.0005010371330692923,0.10969234918804155
19.154824918259838,1.5670594129144066e-05,0.0005010371330692923,0.10972355572772821
19.160826799592158,0.0005009122295969726,0.0005010371330692923,0.1097552158494814
19.166828702230287,0.0005293087933258,0.0005010371330692923,0.10978399351136778
19.172830625973152,-0.00013844087725005394,0.0005010371330692923,0.10980988923189589
19.178832570619672,-0.0006451824283056073,0.0005010371330692923,0.10983660389721259
19.18483453596878,-0.00013893438502579625,0.0005010371330692923,0.1098627702194993
19.190836521819396,-0.00031797280546994044,0.0005010371330692923,0.10988877522203767
19.196838527970453,-5.707710645851127e-05,0.0005010371330692923,0.10991458942541463
19.20284055422087,2.3171971927804513e-05,0.0005010371330692923,0.10993617201981654
19.208842600369575,0.00041077848151052643,0.0005010371330692923,0.10995624131252187
19.21484466621549,0.0002930811727923921,0.0005010371330692923,0.10997646534639718
19.22084675155755,-0.0006054348175860147,0.0005010371330692923,0.10999686111668866
19.22684885619467,-0.0002222314158616956,0.0005010371330692923,0.11001726181883521
19.232850979925786,0.0004972185844013821,0.0005010371330692923,0.11003770627004641
19.238853122549816,0.00498070815735209,0.0005010371330692923,0.11005770968448195
19.24485528386569,0.016802965597347314,0.0005010371330692923,0.11007787748216591
19.250857463672325,0.007009251167862177,0.0005010371330692923,0.11009816666132827
19.256859661768658,0.0006883038549323345,0.0005010371330692923,0.11011803311343346
19.26286187795361,0.0005466716118578963,0.0005010371330692923,0.11013640181797901
19.268864112026105,2.7098208358514175e-05,0.0005010371330692923,0.11015325175047704
19.274866363785073,0.00012343166535601358,0.0005010371330692923,0.11016910739692981
19.280868633029435,0.0001196582567986465,0.0005010371330692923,0.11018400951369131
19.28687091955812,0.002536454599670987,0.0005010371330692923,0.11019799899762589
19.29287322317005,0.0020965150893234863,0.0005010371330692923,0.11021064464390784
19.298875543664153,1.8898618473026096e-05,0.0005010371330692923,0.11022196932310707
19.30487788083936,0.0003115645562814934,0.0005010371330692923,0.1102319771005533
19.310880234494586,0.007711994044576051,0.0005010371330692923,0.11023903315474481
19.316882604428766,0.006654320044946538,0.0005010371330692923,0.11024621016795919
19.32288499044082,-0.00013632797410963182,0.0005010371330692923,0.11025352112628906
19.328887392329673,0.0004191208268124885,0.0005010371330692923,0.11025983988842812
19.334889809894257,0.00017077240322856124,0.0005010371330692923,0.11026390420229555
19.340892242933492,0.001587489385306673,0.0005010371330692923,0.11026762364562066
19.346894691246305,0.01302363451060791,0.0005010371330692923,0.11026966280068132
19.352897154631624,0.010162040197278413,0.0005010371330692923,0.1102711428353021
19.35889963288837,0.00031550353039405676,0.0005010371330692923,0.11027205742080934
19.364902125815473,-0.0006881389746302286,0.0005010371330692923,0.1102738593718057
19.370904633211858,-0.000748358345951064,0.0005010371330692923,0.11027132208770946
19.37690715487645,0.00016313250457102024,0.0005010371330692923,0.11026802094064286
19.382909690608173,0.00015332050010903597,0.0005010371330692923,0.11026399618303945
19.388912240205954,-0.0009714388456062151,0.0005010371330692923,0.11026098266379611
19.394914803468723,8.905518935581336e-05,0.0005010371330692923,0.11025832534236277
19.4009173801954,0.0004344803858963159,0.0005010371330692923,0.11025602320868108
19.40691997018491,0.0022691346726882583,0.0005010371330692923,0.11025122818112743
19.41292257323618,0.00831182260423624,0.0005010371330692923,0.11024587180196732
19.41892518914814,0.008487644556861337,0.0005010371330692923,0.11023999451901564
19.42492781771971,0.0054763735854492235,0.0005010371330692923,0.110232026226754
19.430930458749817,0.0035829585151170296,0.0005010371330692923,0.11022373745433814
19.43693311203739,0.003501544743399601,0.0005010371330692923,0.11021513544018693
19.442935777381354,0.007206183887439613,0.0005010371330692923,0.1102039766315835
19.44893845458063,0.0028036743904623768,0.0005010371330692923,0.11019207866761041
19.454941143434148,0.0006074485766420085,0.0005010371330692923,0.11017852806252873
19.460943843740832,-5.84059623876948e-05,0.0005010371330692923,0.11016340979228431
19.466946555299607,0.0001644393131051275,0.0005010371330692923,0.11014686960881881
19.472949277909404,0.0013983480570089468,0.0005010371330692923,0.11012896348020804
19.47895201136914,0.0007194865903838721,0.0005010371330692923,0.11011162773218937
19.484954755477748,0.0014160516023565828,0.0005010371330692923,0.11009484355742999
19.490957510034146,0.0002529454060223868,0.0005010371330692923,0.1100804730915379
19.496960274837267,0.0005867387322883166,0.0005010371330692923,0.11006438880979275
19.502963049686038,0.00022332426407691008,0.0005010371330692923,0.11004665954865392
19.508965834379378,0.0012073195270733555,0.0005010371330692923,0.11002587529643286
19.514968628716215,0.0009696793750296612,0.0005010371330692923,0.1100040477094501
19.520971432495475,0.00045934568714338375,0.0005010371330692923,0.10998263196929647
19.526974245516083,0.0007764536834448388,0.0005010371330692923,0.10996136068723077
19.53297706757697,0.00038151584283664663,0.0005010371330692923,0.10994022816297566
19.538979898477052,0.0003752953746824078,0.0005010371330692923,0.10991772413905812
19.544982738015264,0.001639278047763218,0.0005010371330692923,0.10989563002826548
19.55098558599052,0.0006386316279004267,0.0005010371330692923,0.10987157442895973
19.55698844220176,0.0008011211609320057,0.0005010371330692923,0.10984528108659228
19.562991306447906,0.0009751538517578373,0.0005010371330692923,0.10981859558638649
19.568994178527873,0.0008326214434093426,0.0005010371330692923,0.10979153536741884
19.574997058240598,0.0009696656711476043,0.0005010371330692923,0.10976352554513234
19.580999945385003,0.0055046173181300395,0.0005010371330692923,0.1097339568851217
19.587002839760014,0.012758507868179919,0.0005010371330692923,0.10970273173556994
19.593005741164557,0.009948371984565677,0.0005010371330692923,0.10967462700921543
19.599008649397554,0.0030405696410525096,0.0005010371330692923,0.10964634292301383
19.605011564257936,0.0008226146726262734,0.0005010371330692923,0.10961698115726823
19.611014485544626,0.00072681803472531,0.0005010371330692923,0.1095865421646589
19.617017413056548,0.00020086733528124068,0.0005010371330692923,0.10955388808544111
19.623020346592636,0.0004083858048555683,0.0005010371330692923,0.10951906443593512
19.6290232859518,0.0009398922955307087,0.0005010371330692923,0.10948293001091085
19.635026230932983,0.0007974637651194105,0.0005010371330692923,0.10944732268389167
19.6410291813351,0.0008475332269241298,0.0005010371330692923,0.10941372705217531
19.647032136957076,0.0009220094624643876,0.0005010371330692923,0.10938098712149048
19.653035097597847,0.0013517176496376654,0.0005010371330692923,0.10934766024952358
19.659038063056325,0.0011811540764862932,0.0005010371330692923,0.10931316734701153
19.665041033131445,0.0013578064391742833,0.0005010371330692923,0.10927754928562025
19.671044007622132,0.0004752081811317116,0.0005010371330692923,0.10924184651472042
19.677046986327312,0.0007420434142430543,0.0005010371330692923,0.10920606714499176
19.683049969045904,0.004831588877704213,0.0005010371330692923,0.1091711263723467
19.689052955576837,0.00552121040338463,0.0005010371330692923,0.10913553470775714
19.69505594571904,0.002110675853339572,0.0005010371330692923,0.10909902713920083
19.70105893927144,0.0010235639267450192,0.0005010371330692923,0.10906162296372057
19.707061936032957,0.0007672377142144554,0.0005010371330692923,0.10902064507374397
19.713064935802514,0.0008402386852743998,0.0005010371330692923,0.10897885434065857
19.719067938379048,0.0022273933601999196,0.0005010371330692923,0.10893618731661038
19.725070943561477,0.009688082033835713,0.0005010371330692923,0.10889558957898422
19.731073951148726,0.004737062941833375,0.0005010371330692923,0.10885714402457529
19.737076960939724,0.0011160469073287355,0.0005010371330692923,0.10881699700660044
19.743079972733394,0.00023696142267665143,0.0005010371330692923,0.10877515608376079
19.749082986328663,0.00033667706031480227,0.0005010371330692923,0.1087318398750157
19.755086001524457,0.00020116592009236656,0.0005010371330692923,0.10868980332851344
19.7610890181197,-0.0002729985941193058,0.0005010371330692923,0.10864849859914619
19.767092035913322,-9.231604686305017e-05,0.0005010371330692923,0.10860798344334263
19.77309505470425,-0.001055256595160009,0.0005010371330692923,0.10856766636901803
19.779098074291394,-0.00022216851015745276,0.0005010371330692923,0.10852756129747532
19.7851010944737,-0.0012150741736678267,0.0005010371330692923,0.10848785369994093
19.791104115050082,0.00024797891381096726,0.0005010371330692923,0.10844854131507226
19.797107135819466,0.00029165499286457064,0.0005010371330692923,0.1084088987946206
19.803110156580782,-0.0007562641000661979,0.0005010371330692923,0.1083689527943234
19.809113177132954,0.00014617302720341951,0.0005010371330692923,0.10832911132695044
19.81511619727491,-0.0004203220718439066,0.0005010371330692923,0.10828938567052168
19.82111921680557,0.005894484221327254,0.0005010371330692923,0.10824978710371393
19.827122235523863,0.009689615759804412,0.0005010371330692923,0.10821002474640658
19.833125253228715,0.0019911253396804607,0.0005010371330692923,0.10817009816573805
19.83912826971905,0.0003813888285187361,0.0005010371330692923,0.10813030022247694
19.845131284793794,-0.0009482585158432227,0.0005010371330692923,0.10809169047237385
19.85113429825188,-0.00010756174508017025,0.0005010371330692923,0.10805064443354104
19.85713730989222,-0.0008204723033333611,0.0005010371330692923,0.10801221527432592
19.86314031951375,-0.0005295470399527685,0.0005010371330692923,0.10797408738526743
19.869143326915392,0.00014609426972733708,0.0005010371330692923,0.10793581553760578
19.875146331896072,-1.5510827090003954e-05,0.0005010371330692923,0.10789596921883272
19.88114933425472,0.0007507389416210458,0.0005010371330692923,0.10785592395065623
19.88715233379025,-0.000812106710829083,0.0005010371330692923,0.10781568708706141
19.893155330301603,-9.018085796502762e-05,0.0005010371330692923,0.10777542681824166
19.89915832358769,0.0002358812325087417,0.0005010371330692923,0.10773514386190819
19.905161313447447,0.012548162194009546,0.0005010371330692923,0.10769483886219586
19.911164299679797,0.02009760551511261,0.0005010371330692923,0.10765451238966334
19.917167282083664,0.0027562076127917584,0.0005010371330692923,0.10761416494129292
19.923170260457976,-0.0009913288781366464,0.0005010371330692923,0.10757592020024334
19.929173234601656,9.999950664679735e-05,0.0005010371330692923,0.10753759930021436
19.93517620431363,0.007836991519166406,0.0005010371330692923,0.10749919779875984
19.941179169392825,0.004300267486363751,0.0005010371330692923,0.10746071113814154
19.94718212963817,-0.0007229238457972104,0.0005010371330692923,0.10742213464533029
19.953185084848585,-0.0005281266578283511,0.0005010371330692923,0.10738438747364204
19.959188034822997,-0.0009576091076538978,0.0005010371330692923,0.10734750518255148
19.965190979360333,0.00022769991930732258,0.0005010371330692923,0.1073115234943052
19.971193918259516,-0.0001289570321287431,0.0005010371330692923,0.10727557623651171
19.977196851319476,-0.0005045892763463761,0.0005010371330692923,0.10723966449050441
19.983199778339134,-0.0006846777994093112,0.0005010371330692923,0.10720378922821365
19.98920269911742,0.00016001914867747047,0.0005010371330692923,0.10716795131216642
19.995205613453262,0.0011194081010603152,0.0005010371330692923,0.10713268166070955
20.001208521145575,-0.0006423540231289826,0.0005010371330692923,0.10709800146828946
20.007211421993293,0.0010285431123111949,0.0005010371330692923,0.10706393197991373
20.01321431579534,0.00021297140306500428,0.0005010371330692923,0.10703049449114876
20.019217202350642,-0.0011712244424543078,0.0005010371330692923,0.10699771034812047
20.025220081458126,-1.0432649796346394e-05,0.0005010371330692923,0.1069656009475149
20.031222952916714,-0.0011761536998588923,0.0005010371330692923,0.10693461893176164
20.037225816525336,0.0007244416617896571,0.0005010371330692923,0.10690476868534643
20.04322867208291,0.0017748944173831133,0.0005010371330692923,0.10687605477866012
20.04923151938837,0.0010809472160940442,0.0005010371330692923,0.10684848196799772
20.055234358240643,0.0003793881416954692,0.0005010371330692923,0.10682482058121412
20.061237188438643,-0.000762518448020777,0.0005010371330692923,0.10680030980908733
20.067240009781305,-0.0009429085521095171,0.0005010371330692923,0.10677503087625959
20.073242822067556,-0.0008576201434738473,0.0005010371330692923,0.10675082818015827
20.079245625096313,-0.00017895377702099868,0.0005010371330692923,0.10672771213664373
20.08524841866651,-9.672841236055274e-05,0.0005010371330692923,0.1067069564325988
20.091251202577073,-0.0010866170374874556,0.0005010371330692923,0.10668650014049647
20.09725397662692,-0.0004619322452450725,0.0005010371330692923,0.10666666035638175
20.10325674061498,-6.39308602889549e-05,0.0005010371330692923,0.10664744981396387
20.109259494340183,0.0018168542284430073,0.0005010371330692923,0.10662594367434215
20.11526223760145,0.0018553969830596845,0.0005010371330692923,0.10660372630994185
20.12126497019771,-0.0007783519073563533,0.0005010371330692923,0.10658135443380695
20.127267691927884,-0.0010809181960199782,0.0005010371330692923,0.10655880943947502
20.133270402590902,-0.0007356464365952525,0.0005010371330692923,0.10653607248076932
20.139273101985687,-0.00037566416564778493,0.0005010371330692923,0.10651371455663006
20.145275789911164,-0.0001302061837394619,0.0005010371330692923,0.10649162724755451
20.151278466166264,-0.0008315628177626155,0.0005010371330692923,0.10646978885334595
20.157281130549908,0.000607776251664971,0.0005010371330692923,0.10644771743719074
20.163283782861022,-0.0010703737611257869,0.0005010371330692923,0.10642666933321063
20.169286422898534,0.0004453457733115812,0.0005010371330692923,0.10640697678840133
20.17528905046137,-0.0003269225182691432,0.0005010371330692923,0.10638867355171328
20.18129166534845,-0.000587886053793743,0.0005010371330692923,0.10637179361238164
20.187294267358702,0.0008862072026938478,0.0005010371330692923,0.10635637119992453
20.193296856291056,-0.0002509072574510135,0.0005010371330692923,0.10634243860131548
20.199299431944436,-0.0003929242760509488,0.0005010371330692923,0.10633003280187803
20.205301994117768,-0.0007552775266433803,0.0005010371330692923,0.10631826335499055
20.211304542609973,-0.001128289051197967,0.0005010371330692923,0.10630712958043237
20.21730707721998,-4.444144596287003e-05,0.0005010371330692923,0.10629670232361282
20.223309597746717,-0.0006855893388289375,0.0005010371330692923,0.10628697798537709
20.229312103989106,0.0029748432175449174,0.0005010371330692923,0.10627795295019188
20.235314595746072,0.008231191644674854,0.0005010371330692923,0.10626974942803655
20.241317072816543,0.0037865272456602816,0.0005010371330692923,0.10626236864844302
20.24731953499945,-8.487948204907725e-05,0.0005010371330692923,0.1062558118625248
20.25332198209371,-0.0012408249185766052,0.0005010371330692923,0.10625008034297774
20.259324413898245,0.0005956113109945455,0.0005010371330692923,0.10624517538407885
20.265326830211997,-0.0008519684777098802,0.0005010371330692923,0.10624109830168565
20.271329230833878,-0.00027205608409990034,0.0005010371330692923,0.1062378504332363
20.27733161556282,0.0003203869426861433,0.0005010371330692923,0.1062354331377478
20.283333984197743,-0.0005799707559101114,0.0005010371330692923,0.106233847795817
20.289336336537573,-0.0001622045226489094,0.0005010371330692923,0.10623354199297151
20.295338672381245,-0.0008097215582126699,0.0005010371330692923,0.10623881625557743
20.301340991527674,-0.00018683975255735785,0.0005010371330692923,0.10624110864102101
20.307343293775798,-0.0010408582026097263,0.0005010371330692923,0.1062436252094261
20.313345578924526,0.00017004737426988548,0.0005010371330692923,0.1062463898601099
20.319347846772796,0.008317581817018069,0.0005010371330692923,0.10624942634042892
20.32535009711953,0.004684649593067344,0.0005010371330692923,0.10625352888655612
20.331352329763657,0.004765660402873795,0.0005010371330692923,0.1062586903478499
20.337354544504095,0.011459674498837447,0.0005010371330692923,0.10626461476060332
20.343356741139775,0.009546584458505258,0.0005010371330692923,0.10627106458723046
20.349358919469623,0.002849709807467099,0.0005010371330692923,0.10627803494506655
20.355361079292564,-0.0009747894468764284,0.0005010371330692923,0.10628617306483693
20.361363220407522,0.0001775400125844928,0.0005010371330692923,0.10629544802560034
20.36736534261342,-1.147903069370626e-05,0.0005010371330692923,0.10630582903799368
20.373367445709196,-0.0009773585605432622,0.0005010371330692923,0.10631728544422625
20.37936952949376,0.0008916195084699291,0.0005010371330692923,0.10632817197701167
20.385371593766052,-0.0005848809973392349,0.0005010371330692923,0.10633852234521013
20.391373638324986,-0.00028829398396522377,0.0005010371330692923,0.10635071807013509
20.39737566296949,-8.898040368489346e-05,0.0005010371330692923,0.10636403853355392
20.403377667498496,-0.0006704991009229694,0.0005010371330692923,0.10637849508166897
20.40937965171093,0.000736762272201541,0.0005010371330692923,0.10639381079768243
20.415381615405703,-0.0006459474572391988,0.0005010371330692923,0.1064099860824209
20.42138355838176,0.0029766148627110023,0.0005010371330692923,0.10642702136590704
20.427385480438012,0.0036580886540500818,0.0005010371330692923,0.10644491710735757
20.433387381373393,-0.00030499070657349914,0.0005010371330692923,0.10646323418709622
20.43938926098682,0.0004563044440112629,0.0005010371330692923,0.10648465420978646
20.445391119077236,-0.0007209185354725839,0.0005010371330692923,0.10651299681100027
20.45139295544355,-0.00020683507636477805,0.0005010371330692923,0.10653528307345037
20.45739476988469,0.0005971107177196733,0.0005010371330692923,0.10655755494911615
20.463396562199588,-0.00038362767908237116,0.0005010371330692923,0.10657984489627681
20.46939833218717,0.0014480880563872978,0.0005010371330692923,0.10660285652407389
20.47540007964635,0.00041657266879467636,0.0005010371330692923,0.10662656052048006
20.481401804376066,-0.0008233758088046217,0.0005010371330692923,0.10665157221387897
20.48740350617524,0.0003322157861260361,0.0005010371330692923,0.10667787094050507
20.493405184842796,-0.0009897266988516118,0.0005010371330692923,0.10670450273324789
20.499406840177663,0.00016111424879820813,0.0005010371330692923,0.1067314262132105
20.50540847197876,-0.0008243173300563067,0.0005010371330692923,0.10675996689348759
20.511410080045025,-0.00013549427141283654,0.0005010371330692923,0.10678526448207892
20.517411664175366,0.00023661415815927345,0.0005010371330692923,0.10680940100315225
20.523413224168724,-9.203585690370497e-07,0.0005010371330692923,0.1068333582117989
20.52941475982402,0.0007080942938726964,0.0005010371330692923,0.1068549808271171
20.53541627094018,0.0006993714277641477,0.0005010371330692923,0.10687464590906592
20.541417757316125,-3.9725162980619455e-05,0.0005010371330692923,0.10689224575315245
20.547419218750786,0.0012450401070060457,0.0005010371330692923,0.10690954190365123
20.553420655043087,-0.00016196300836281152,0.0005010371330692923,0.10692649774095772
20.559422065991953,0.0010725707820783137,0.0005010371330692923,0.1069433423213779
20.565423451396313,0.007599287459085086,0.0005010371330692923,0.1069611122940258
20.571424811055085,0.011187089370453665,0.0005010371330692923,0.1069798311874142
20.577426144767202,0.003608440361455467,0.0005010371330692923,0.10699859548161805
20.58342745233159,0.00015408706511289838,0.0005010371330692923,0.10701739324203581
20.589428733547166,1.997722380256417e-06,0.0005010371330692923,0.10703718683959662
20.595429988212867,0.0005999829365675724,0.0005010371330692923,0.10705643945798853
20.60143121612761,-0.00010720280714064667,0.0005010371330692923,0.10707515966285248
20.60743241709033,0.0018871225833548416,0.0005010371330692923,0.10709335581839521
20.61343359089994,0.0005945759500485814,0.0005010371330692923,0.10710995459190484
20.619434737355377,0.0007575114891285734,0.0005010371330692923,0.10712733915791732
20.62543585625556,0.000804390786765849,0.0005010371330692923,0.10714549472625864
20.63143694739942,-0.000505898565141924,0.0005010371330692923,0.10716403607806783
20.637438010585875,0.0023722429302683035,0.0005010371330692923,0.10718293448410454
20.643439045613857,0.0004220866304706916,0.0005010371330692923,0.10720283869019034
20.649440052282287,0.00038431085948556487,0.0005010371330692923,0.10722200269973621
20.655441030390097,0.004937134601177909,0.0005010371330692923,0.10724043852140841
20.66144197973621,0.009052260634845627,0.0005010371330692923,0.10725879493510881
20.667442900119546,0.004119559079457491,0.0005010371330692923,0.1072771082049045
20.673443791339043,0.0009331149142563361,0.0005010371330692923,0.10729458443249101
20.679444653193613,0.0006466691153153709,0.0005010371330692923,0.10731657270084947
20.68544548548219,0.0017188704301303037,0.0005010371330692923,0.1073351073829503
20.6914462880037,0.0007233354181129387,0.0005010371330692923,0.10735636898350509
20.69744706055706,0.0016886805030608548,0.0005010371330692923,0.10737760283997752
20.703447802941206,0.0010675851862644997,0.0005010371330692923,0.10739886688219855
20.70944851495506,-4.963853987181854e-05,0.0005010371330692923,0.10741885363612852
20.715449196397547,0.0008324856832047922,0.0005010371330692923,0.10743756826883
20.72144984706759,0.0008139968134946302,0.0005010371330692923,0.1074545987406252
20.727450466764125,0.0006919221847577622,0.0005010371330692923,0.10746993339930161
20.733451055286064,0.001992472715212981,0.0005010371330692923,0.10748675750591848
20.73945161243234,0.000196703389450395,0.0005010371330692923,0.10750241460334212
20.745452138001877,0.001252845046110257,0.0005010371330692923,0.10751700802892529
20.751452631793605,0.0008796919987434371,0.0005010371330692923,0.10753074305283272
20.757453093606443,0.0012060524897728603,0.0005010371330692923,0.10754398286663182
20.76345352323932,0.0016054725290286231,0.0005010371330692923,0.10755673354322276
20.76945392049116,0.00011888567250833981,0.0005010371330692923,0.10756900103591965
20.775454285160894,0.001048455018197933,0.0005010371330692923,0.10758055340932146
20.78145461704744,0.004643839044513584,0.0005010371330692923,0.10759131707478342
20.78745491594973,0.010880905399711788,0.0005010371330692923,0.10760121826371566
20.793455181666687,0.0059559097840185815,0.0005010371330692923,0.10760976347123684
20.799455413997237,0.0005768647891658124,0.0005010371330692923,0.10761789937711533
20.805455612740303,0.0003917314969311553,0.0005010371330692923,0.1076261534236192
20.811455777694817,0.0011235678840486457,0.0005010371330692923,0.1076345347846254
20.8174559086597,-0.000684384837725191,0.0005010371330692923,0.10764305276098332
20.823456005433876,0.0008405770190262896,0.0005010371330692923,0.10765171678051272
20.829456067816274,0.0009596230143894824,0.0005010371330692923,0.10766053639800355
20.835456095605817,0.00012366875093375307,0.0005010371330692923,0.10766795245592334
20.841456088601436,0.001207992565193286,0.0005010371330692923,0.1076755141121472
20.84745604660205,-0.0005602286940174644,0.0005010371330692923,0.1076841221652406
20.853455969406593,0.0007026642128396959,0.0005010371330692923,0.10769367733543082
20.859455856813984,0.0008125335385638088,0.0005010371330692923,0.10770140494467621
20.86545570862315,-0.0005552809223038913,0.0005010371330692923,0.10770859407123443
20.871455524633014,0.0013965714951045954,0.0005010371330692923,0.10771425809367549
20.877455304642506,0.00018641341160646752,0.0005010371330692923,0.10772038225717058
20.88345504845055,3.0818384418873634e-05,0.0005010371330692923,0.10772586203072276
20.88945475585607,0.0014184837096050534,0.0005010371330692923,0.1077303704184264
20.895454426658,0.00036320991835371574,0.0005010371330692923,0.10773238194527479
20.901454060655258,0.00018068266358779728,0.0005010371330692923,0.10773571437029072
20.907453657646766,0.0004872183458787538,0.0005010371330692923,0.10773931345908047
20.913453217431456,-0.00013894748919093813,0.0005010371330692923,0.1077431764190605
20.919452739808257,0.0004325535648530693,0.0005010371330692923,0.10774553844097748
20.925452224576084,-4.4177601312991865e-05,0.0005010371330692923,0.1077469823182318
20.931451671533875,0.00011642473513676088,0.0005010371330692923,0.10774746229768968
20.937451080480542,0.0012726253005321125,0.0005010371330692923,0.10774921453606473
20.943450451215025,0.00022528523019782476,0.0005010371330692923,0.10775128150226537
20.949449783536238,0.001338066532314247,0.0005010371330692923,0.10775497783797347
20.951028057560258,0.000599110253450344,0.0005010371330692923,0.10775945934952008
20.957039041918737,0.000551995561979074,0.0005010371330692923,0.1077604700050099
20.963049915718283,0.00020831269293267174,0.0005010371330692923,0.10776655467536361
20.969060679358495,0.0006006106060112287,0.0005010371330692923,0.10777015860415655
20.97507133323898,-6.632728318713144e-05,0.0005010371330692923,0.10776488455785792
20.981081877759333,0.001962972014326214,0.0005010371330692923,0.10776011468101775
20.987092313319167,0.00845404085125423,0.0005010371330692923,0.10775590763176054
20.993102640318074,0.008009507977568206,0.0005010371330692923,0.10775237035032116
20.999112859155673,0.0021775458806246734,0.0005010371330692923,0.10774952776929737
21.00512297023155,0.0005666635371706641,0.0005010371330692923,0.10774544949664025
21.01113297394532,-3.0394547017642548e-05,0.0005010371330692923,0.10774008530657135
21.017142870696578,0.00019042963432469584,0.0005010371330692923,0.10773142906394524
21.02315266088493,4.1203841489409476e-05,0.0005010371330692923,0.10772394096679155
21.029162344909977,0.0011559077046013055,0.0005010371330692923,0.10771553968499081
21.035171923171326,-7.548961012746047e-05,0.0005010371330692923,0.10770979108937156
21.041181396068577,0.00022709824301231363,0.0005010371330692923,0.10770667088635058
21.047190764001332,-0.0002464183510366563,0.0005010371330692923,0.1077001677289549
21.0532000273692,-0.001081154550505184,0.0005010371330692923,0.10769621081678965
21.059209186571778,-0.00046634980217138966,0.0005010371330692923,0.10769462902247084
21.06521824200867,2.9409927285853343e-05,0.0005010371330692923,0.10768997717323371
21.071227194079476,0.0003620314361511834,0.0005010371330692923,0.10768229504009866
21.077236043183806,0.000848319605097278,0.0005010371330692923,0.10767409596918717
21.083244789721256,-0.00010618996606170938,0.0005010371330692923,0.10766551420418005
21.089253434091436,-0.00027998813818785884,0.0005010371330692923,0.10765485574068873
21.09526197669394,0.0005373776938742553,0.0005010371330692923,0.10764390937375087
21.101270417928383,0.00019297323324590776,0.0005010371330692923,0.10763266956089756
21.107278758194354,0.001224830132705343,0.0005010371330692923,0.1076202166477849
21.113286997891464,0.0013914121841021032,0.0005010371330692923,0.10760598240124576
21.11929513741932,0.0010474620117610772,0.0005010371330692923,0.1075899465797674
21.125303177177514,0.0005688873808142036,0.0005010371330692923,0.10757309255642779
21.13131111756566,-0.0006386724450713338,0.0005010371330692923,0.10755594937670529
21.137318958983354,0.0003195909792171048,0.0005010371330692923,0.10753851447682175
21.143326701830194,0.003006053178921997,0.0005010371330692923,0.10752161991537591
21.149334346505796,0.012478120894571051,0.0005010371330692923,0.10750781373374034
21.155341893409755,0.012275471735297458,0.0005010371330692923,0.10749620840265853
21.161349342941673,0.003756639630184272,0.0005010371330692923,0.1074848547202748
21.167356695501155,0.0035766974639105664,0.0005010371330692923,0.10747066879256298
21.173363951487808,0.007916420205555011,0.0005010371330692923,0.10745780404985589
21.179371111301226,0.010533678901005802,0.0005010371330692923,0.10744322998074224
21.18537817534102,0.003230891697050209,0.0005010371330692923,0.10742716062231672
21.191385144006787,-0.0003805384161831987,0.0005010371330692923,0.10740969879679695
21.197392017698135,-0.0009283698876496049,0.0005010371330692923,0.10739186196048683
21.203398796814664,-0.0017728588983116217,0.0005010371330692923,0.10737364197604687
21.20940548175598,-0.0006326896634479134,0.0005010371330692923,0.10735408744953197
21.21541207292168,0.00015121323345734794,0.0005010371330692923,0.10733467396985841
21.22141857071137,0.0005317893268064061,0.0005010371330692923,0.10731527793047048
21.227424975524652,-0.0002180235483067311,0.0005010371330692923,0.10729591879890651
21.233431287761135,0.001183641506985078,0.0005010371330692923,0.10727697261033829
21.239437507820416,0.0006839189328671225,0.0005010371330692923,0.10725728692672723
21.245443636102095,0.0013507924059963372,0.0005010371330692923,0.1072368226136908
21.251449673005787,0.004318530149105909,0.0005010371330692923,0.10721411694017124
21.257455618931083,0.0042934649225489785,0.0005010371330692923,0.10719053004168858
21.263461474277587,-0.0011289140642040674,0.0005010371330692923,0.10716706004360951
21.269467239444907,-0.00019033914770555382,0.0005010371330692923,0.10714479801828665
21.275472914832644,-0.00041448043818530234,0.0005010371330692923,0.10712735757498579
21.281478500840397,-0.00045823068184856763,0.0005010371330692923,0.10711144717707322
21.287483997867778,0.0008545783950066749,0.0005010371330692923,0.10709369121115378
21.293489406314382,0.000966697008542905,0.0005010371330692923,0.10707669954354256
21.299494726579816,0.00012018282022412119,0.0005010371330692923,0.10706020909395447
21.30549995906368,-0.00015114287791791192,0.0005010371330692923,0.10704263797300145
21.31150510416558,-0.0006015692993155825,0.0005010371330692923,0.10702372555801448
21.317510162285114,0.0002445263079126764,0.0005010371330692923,0.1070035031931277
21.32351513382189,0.0025717395552306566,0.0005010371330692923,0.10698390587258688
21.329520019175508,0.009222550946201905,0.0005010371330692923,0.10696494758379992
21.33552481874557,0.008281680072987935,0.0005010371330692923,0.10694624577520095
21.341529532931684,0.002569104393889618,0.0005010371330692923,0.10692651488274191
21.34753416213345,-0.0005988884067449629,0.0005010371330692923,0.10690834818444371
21.35353870675047,0.00037623960593125005,0.0005010371330692923,0.10689701425380463
21.35954316718235,0.0015606109276364716,0.0005010371330692923,0.10687730786096124
21.365547543828683,0.009421203258047822,0.0005010371330692923,0.10685677182091272
21.371551837089086,0.017810640330387498,0.0005010371330692923,0.10683526879703531
21.377556047363154,0.008167666514766178,0.0005010371330692923,0.10681281311108323
21.383560175050494,0.0009860483339129839,0.0005010371330692923,0.10678941875334846
21.389564220550703,-0.00014478912965648627,0.0005010371330692923,0.10676509938266318
21.395568184263386,-0.0005255576138369911,0.0005010371330692923,0.1067405448700971
21.401572066588145,-0.0007150247967684792,0.0005010371330692923,0.10671901274865334
21.40757586792459,-3.707549802769994e-05,0.0005010371330692923,0.10669796946204035
21.41357958867232,0.0004969053536118956,0.0005010371330692923,0.10667742612655659
21.419583229230934,0.0023733144246168014,0.0005010371330692923,0.10665722652974362
21.42558679000004,0.0017821862855245951,0.0005010371330692923,0.10663737543911014
21.431590271379235,-0.0002033597226507866,0.0005010371330692923,0.10661786048898184
21.437593673768127,-0.001028773460565513,0.0005010371330692923,0.10659868716537838
21.44359699756632,-0.0005096312936155867,0.0005010371330692923,0.10657986096783148
21.44960024317341,-0.0013327306827431024,0.0005010371330692923,0.10656138740938309
21.45560341098901,-0.00010034326854417575,0.0005010371330692923,0.10654301246800538
21.46160650141271,0.0016370282594688063,0.0005010371330692923,0.10652446680682248
21.467609514844128,0.0016281304995530432,0.0005010371330692923,0.10650674612847003
21.473612451682857,0.0008822880169713221,0.0005010371330692923,0.10648983892490733
21.479615312328498,0.0003267788740373839,0.0005010371330692923,0.10647379545486073
21.485618097180662,0.0007308986269594503,0.0005010371330692923,0.10645860689151919
21.491620806638945,7.704618656158291e-05,0.0005010371330692923,0.10644426457322578
21.497623441102956,-0.0004255510071494023,0.0005010371330692923,0.10643463441110285
21.503626000972293,-0.00032934242607976505,0.0005010371330692923,0.10641885375513908
21.50962848664656,7.249285857337251e-05,0.0005010371330692923,0.1064038553438246
21.515630898525366,0.0010157851808816065,0.0005010371330692923,0.10638963649499157
21.521633237008302,0.0007248318253057634,0.0005010371330692923,0.10637619464221974
21.527635502494977,0.0004458969539650054,0.0005010371330692923,0.10636352733483659
21.533637695384996,0.001519874498713214,0.0005010371330692923,0.10635163223791391
21.539639816077965,0.00020039882131960007,0.0005010371330692923,0.10633962600801641
21.54564186497348,-0.0003884034060798597,0.0005010371330692923,0.10632754151004523
21.551643842471144,0.0010352240007978492,0.0005010371330692923,0.10631541144805746
21.557645748970565,0.0008603514617533253,0.0005010371330692923,0.10630310555880117
21.56364758487134,8.49812134793293e-05,0.0005010371330692923,0.10629062751003326
21.569649350573073,0.0002093583235746599,0.0005010371330692923,0.1062779807631796
21.575651046475375,0.001273185277331279,0.0005010371330692923,0.1062651685733362
21.58165267297784,3.9663523628899466e-05,0.0005010371330692923,0.10624931799860005
21.587654230480073,0.0002859621212304292,0.0005010371330692923,0.10623516283917316
21.59365571938168,2.031549883110828e-06,0.0005010371330692923,0.10622278107100531
21.599657140082254,-0.0002399165742444781,0.0005010371330692923,0.10621041693939864
21.605658492981412,0.0008907946456207377,0.0005010371330692923,0.10619807811376597
21.611659778478753,-0.0008810403544848022,0.0005010371330692923,0.10618393799080927
21.617660996973875,-1.3976787629918497e-05,0.0005010371330692923,0.10616999435431723
21.62366214886638,-0.0005940556868459235,0.0005010371330692923,0.10615719255057374
21.629663234555878,0.0005119830712121548,0.0005010371330692923,0.10614551100852293
21.635664254441966,4.812347587837551e-05,0.0005010371330692923,0.10613712945488138
21.64166520892425,-0.00028846539800839177,0.0005010371330692923,0.10613053181081714
21.64766609840233,0.0003160974370328695,0.0005010371330692923,0.10612514673669604
21.653666923275814,0.001538078610561447,0.0005010371330692923,0.10612095606399594
21.6596676839443,0.0037880586145049716,0.0005010371330692923,0.10611794183196564
21.66566838080739,0.010460906336391865,0.0005010371330692923,0.10611247496695222
21.671669014264697,0.011087773621280078,0.0005010371330692923,0.10610703678353406
21.67766958471581,0.0033317007117941444,0.0005010371330692923,0.10610163520079438
21.68367009256034,-0.00010733830522269283,0.0005010371330692923,0.10609676692260639
21.689670538197888,-0.0004170471777568824,0.0005010371330692923,0.10609245764942501
21.69567092202806,-0.00035082949902479066,0.0005010371330692923,0.10608843431705936
21.701671244450452,-0.0004302087407014876,0.0005010371330692923,0.10608471099252613
21.707671505864674,0.00037302676464116835,0.0005010371330692923,0.10608130162461848
21.713671706670326,-0.001049355429668719,0.0005010371330692923,0.10607822004390777
21.719671847267012,-0.0005578552639509404,0.0005010371330692923,0.10607548223287538
21.725671928054332,-0.0015698613214201185,0.0005010371330692923,0.10607309959748444
21.73167194943189,-0.0013148728690926398,0.0005010371330692923,0.10607108561413393
21.737671911799293,-0.0002850639548551692,0.0005010371330692923,0.10606945364100405
21.74367181555614,0.0013850076881435774,0.0005010371330692923,0.10606814249123218
21.74967166110203,0.0009200371830770243,0.0005010371330692923,0.10606716240315948
21.755671448836576,0.0004967824138300964,0.0005010371330692923,0.10606652347451082
21.761671179159375,0.0005255614451858542,0.0005010371330692923,0.10606631196665064
21.76767085247003,-5.028745965572623e-05,0.0005010371330692923,0.10606653466804956
21.773670469168145,-0.00012857989097428413,0.0005010371330692923,0.10606719825050895
21.77967002965332,-0.0003591205007486553,0.0005010371330692923,0.10606830926916505
21.78566953432516,-0.0004619322134020304,0.0005010371330692923,0.10606987416248886
21.791668983583268,0.0009222617926530063,0.0005010371330692923,0.10607189925228683
21.79766837782725,5.9422521838423115e-05,0.0005010371330692923,0.10607455987373526
21.8036677174567,-0.0008388949976652488,0.0005010371330692923,0.10607785540369871
21.809667002871237,-0.0005016246790535001,0.0005010371330692923,0.10608178515545122
21.815666234470445,0.000970923805103302,0.0005010371330692923,0.10608588434967135
21.82166541265394,-0.0017754818398842548,0.0005010371330692923,0.10608761164303432
21.82766453782132,0.005885492338883011,0.0005010371330692923,0.10609186569866816
21.833663610372184,0.01454676821036209,0.0005010371330692923,0.10609567053412344
21.839662630706144,0.02364461603674728,0.0005010371330692923,0.10609910941759274
21.845661599222797,0.03794162940847626,0.0005010371330692923,0.10610226523295521
21.85166051632175,0.017684009145559842,0.0005010371330692923,0.10610591507639677
21.857659382402602,0.0020247902596379486,0.0005010371330692923,0.10611005064479817
21.863658197864954,0.0001552245684056791,0.0005010371330692923,0.10611496393735978
21.869656963108415,-0.0004681311997563886,0.0005010371330692923,0.10612065797924253
21.875655678532585,0.00012868740956839542,0.0005010371330692923,0.10612763441671438
21.88165434453707,0.002864305014914928,0.0005010371330692923,0.10613519808256991
21.88765296152146,0.004029788588718219,0.0005010371330692923,0.10614330589395563
21.89365152988538,0.0010580368318978822,0.0005010371330692923,0.10615119531609685
21.899650050028413,-0.00032352552541613233,0.0005010371330692923,0.1061588515841341
21.905648522350173,-0.0002886876574877961,0.0005010371330692923,0.1061679389187078
21.911646947250254,-5.721228908202314e-05,0.0005010371330692923,0.10617850693925482
21.917645325128273,-0.0010859238555043366,0.0005010371330692923,0.10618936294675971
21.92364365638382,-0.0011597016583828196,0.0005010371330692923,0.10620051942496296
21.929641941416502,-0.0009514501874428316,0.0005010371330692923,0.10621198864826581
21.93564018062592,-0.0012483285469300637,0.0005010371330692923,0.10622378268173267
21.941638374411685,-0.0010301742409895842,0.0005010371330692923,0.10623591338109291
21.94763652317339,0.002448125142765656,0.0005010371330692923,0.10624990859003025
21.95363462731064,0.005461994413483204,0.0005010371330692923,0.10626571958059869
21.959632687223046,0.0006078475722671173,0.0005010371330692923,0.10628033091908867
21.9656307033102,0.00015959791673234025,0.0005010371330692923,0.10629093667331391
21.971628675971715,2.4419088139771006e-05,0.0005010371330692923,0.10629821381886811
21.977626605607185,-0.0005271821451234282,0.0005010371330692923,0.10631147258290893
21.98362449261622,-0.0002266633608292573,0.0005010371330692923,0.10632564003549741
21.989622337398412,-0.0005316207682910246,0.0005010371330692923,0.10634165344337976
21.995620140353378,-0.00013970562666909547,0.0005010371330692923,0.10635836890857188
22.00161790188071,0.00018293345984210507,0.0005010371330692923,0.1063757558270492
22.00761562238002,-0.0007305403968042995,0.0005010371330692923,0.10639378350584425
22.013613302250906,-0.0004816345969977237,0.0005010371330692923,0.10641133930925964
22.01961094189297,0.00046657081327722283,0.0005010371330692923,0.10642843529525209
22.025608541705815,-7.090964115968879e-05,0.0005010371330692923,0.10644508309346785
22.031606102089043,0.0009185841848196596,0.0005010371330692923,0.10645888508116352
22.037603623442262,-0.0007554338630589297,0.0005010371330692923,0.10647463625874606
22.04360110616507,-0.000971428006125194,0.0005010371330692923,0.10649244189616866
22.049598550657073,-0.00010850882727038436,0.0005010371330692923,0.10651002602026281
22.055595957317873,-0.000329469207121319,0.0005010371330692923,0.1065287846402963
22.061593326547076,-0.0008835324123971644,0.0005010371330692923,0.10654868245354371
22.06759065874428,-0.0003325734107853806,0.0005010371330692923,0.10657064338288752
22.073587954309083,0.006236151240981869,0.0005010371330692923,0.10659459412567356
22.079585213641103,0.01640425083042417,0.0005010371330692923,0.10662046171067083
22.085582437139927,0.008429134020281573,0.0005010371330692923,0.10664935137191893
22.09157962520517,0.0003903091510304435,0.0005010371330692923,0.10667940961504377
22.09757677823643,-0.0005972651147573421,0.0005010371330692923,0.10670421314586408
22.10357389663331,-0.00042629011100990544,0.0005010371330692923,0.10672972318500995
22.10957098079541,-0.0006969394229515841,0.0005010371330692923,0.10675593079633158
22.115568031122336,-0.0018895687019435947,0.0005010371330692923,0.10678181364938089
22.121565048013696,-0.0004925880413140932,0.0005010371330692923,0.1068088689520296
22.127562031869083,0.0018895302834809752,0.0005010371330692923,0.10683687259693997
22.133558983088108,0.005177547037183747,0.0005010371330692923,0.10686584514804373
22.139555902070366,0.006030354091106277,0.0005010371330692923,0.10689580717775651
22.14555278921547,0.0017319230200013025,0.0005010371330692923,0.10692579843635916
22.151549644923016,0.0008882836086884088,0.0005010371330692923,0.1069558015100368
22.157546469592607,0.0005268592718226106,0.0005010371330692923,0.1069857986980651
22.16354326362385,0.0005955395065716518,0.0005010371330692923,0.10701577201281359
22.169540027416343,0.00035236488227206875,0.0005010371330692923,0.1070461616085753
22.175536761369692,0.00015738415313851228,0.0005010371330692923,0.10707863368437964
22.1815334658835,0.0001758049387427657,0.0005010371330692923,0.10711316423012161
22.187530141357367,-0.0002011750930798334,0.0005010371330692923,0.10714688021607607
22.193526788190894,0.0008139028723934266,0.0005010371330692923,0.1071798714839928
22.199523406783698,0.0020928954685986018,0.0005010371330692923,0.10721371449485054
22.205519997535365,0.00020581668097874317,0.0005010371330692923,0.10724288026115045
22.211516560845507,-0.0003020358048831384,0.0005010371330692923,0.10727525067885428
22.217513097113724,-0.0002778106737039432,0.0005010371330692923,0.10730290162723037
22.22350960673962,0.00029516432390333525,0.0005010371330692923,0.10733128065102707
22.229506090122793,0.0013603906587038583,0.0005010371330692923,0.10736075950020665
22.235502547662858,0.0009090801563803041,0.0005010371330692923,0.10739135535085978
22.241498979759402,0.0003506709528523638,0.0005010371330692923,0.1074234041437246
22.247495386812044,7.476575461198842e-05,0.0005010371330692923,0.10745691061657466
22.253491769220375,0.0002741132865373419,0.0005010371330692923,0.1074918797099267
22.259488127384003,-0.0014733032169757104,0.0005010371330692923,0.10752831656704044
22.26548446170253,-0.00039435244199598207,0.0005010371330692923,0.10756622653391709
22.27148077257556,0.0009195277034227956,0.0005010371330692923,0.10760551246386456
22.277477060402695,0.000759456782169543,0.0005010371330692923,0.10764596300746682
22.283473325583536,0.0005005639609077656,0.0005010371330692923,0.10768757185092717
22.28946956851769,0.00026225988661461586,0.0005010371330692923,0.10773460880204984
22.29546578960476,-0.0008057768988855851,0.0005010371330692923,0.10778099918506032
22.301461989244338,0.00072056962308166,0.0005010371330692923,0.107824739743727
22.307458167836042,0.0005231364649786602,0.0005010371330692923,0.10786795131509797
22.313454325779468,-0.0005966383180273788,0.0005010371330692923,0.10791215913872917
22.31945046347422,-0.00018348745371482567,0.0005010371330692923,0.10795882010540123
22.325446581319895,-4.010978106398777e-05,0.0005010371330692923,0.10800695975143065
22.33144267971611,0.0007405213610654077,0.0005010371330692923,0.10805652535057722
22.33743875906245,0.002209849771409131,0.0005010371330692923,0.1081044241330032
22.34343481975853,0.0036386712638214885,0.0005010371330692923,0.10815072452835708
22.349430862203953,0.00480865873711539,0.0005010371330692923,0.10819760062116215
22.355426886798316,0.0028097378849468585,0.0005010371330692923,0.10824503588599614
22.361422893941224,0.0015960635238568832,0.0005010371330692923,0.10829301376713196
22.367418884032283,0.006613721310128606,0.0005010371330692923,0.10834151767853871
22.373414857471094,0.014639167886222743,0.0005010371330692923,0.10838861422304671
22.37941081465726,0.008512922529866268,0.0005010371330692923,0.10843421248171434
22.38540675599038,0.0014351341005972573,0.0005010371330692923,0.10848100377725907
22.391402681870062,0.0014975814295492967,0.0005010371330692923,0.10852900380671945
22.397398592695907,0.0041498618921754354,0.0005010371330692923,0.10857931389903867
22.403394488867523,0.0065519277292125505,0.0005010371330692923,0.10863002999770541
22.409390370784504,0.00436251636570506,0.0005010371330692923,0.10868113484086413
22.415386238846455,0.0012368852759035709,0.0005010371330692923,0.10873293011667981
22.421382093452987,-0.00144824649140185,0.0005010371330692923,0.10878558314269016
22.427377935003694,-0.0010228029371134317,0.0005010371330692923,0.10883908217707067
22.43337376389818,-0.0004656626762758881,0.0005010371330692923,0.10889285946832222
22.43936958053605,-0.0009973162839437139,0.0005010371330692923,0.1089468819583392
22.44536538531691,0.0007378190423642794,0.0005010371330692923,0.109001116538022
22.45136117864036,0.0005101436747917965,0.0005010371330692923,0.10905553004727832
22.457356960906,0.00010380513116742263,0.0005010371330692923,0.1091100892750219
22.463352732513435,0.0002130205912067168,0.0005010371330692923,0.10916482263670407
22.469348493862267,0.00021760796534606164,0.0005010371330692923,0.10921887821076041
22.475344245352105,0.0012311634572877567,0.0005010371330692923,0.10927149637600589
22.481339987382547,0.00037011292668490126,0.0005010371330692923,0.10932258417690675
22.48733572035319,0.00023950647241842427,0.0005010371330692923,0.1093768564786503
22.49333144466365,0.000581748795827744,0.0005010371330692923,0.10942538882785899
22.49932716071352,0.00033846007469082173,0.0005010371330692923,0.10947552743270342
22.505322868902407,0.0013619485421784011,0.0005010371330692923,0.10953195910109015
22.51131856962991,1.6394412862330565e-05,0.0005010371330692923,0.10959217450976799
22.517314263295642,-0.0008588365983569629,0.0005010371330692923,0.10965130156018617
22.52330995029919,0.0017400889361347815,0.0005010371330692923,0.10970891524883922
22.52930563104017,0.004538547640317081,0.0005010371330692923,0.10976634140474842
22.53530130591818,0.017961301470171137,0.0005010371330692923,0.10982356403434784
22.541296975332823,0.013946071738211316,0.0005010371330692923,0.10988056703968768
22.547292639683707,0.0028310366272421283,0.0005010371330692923,0.10993733421843388
22.553288299370426,-0.000891327088566915,0.0005010371330692923,0.10999344340597739
22.559283954792583,0.00011432123481137924,0.0005010371330692923,0.11005104755975845
22.565279606349794,-0.00021770740242338382,0.0005010371330692923,0.11010672566450891
22.57127525444165,-0.0006917363955065842,0.0005010371330692923,0.11016039586730236
22.577270899467752,-0.0010249828086109636,0.0005010371330692923,0.11021624235337717
22.58326654182772,-0.0013959376353698955,0.0005010371330692923,0.11026847200526127
22.589262181921132,7.971175148427379e-05,0.0005010371330692923,0.11031691562143016
22.595257820147612,0.000133096865320953,0.0005010371330692923,0.11036688405866901
22.60125345690675,0.0011392921902077663,0.0005010371330692923,0.11041841833870453
22.607249092598153,0.001799534950217077,0.0005010371330692923,0.11047156004694947
22.613244727621428,0.005052298617788387,0.0005010371330692923,0.11052635133250244
22.619240362376175,0.008518093620203657,0.0005010371330692923,0.11058283490814738
22.625235997261992,0.003919364497990505,0.0005010371330692923,0.1106392597027745
22.631231632678492,0.0028832648354061158,0.0005010371330692923,0.11069560002332457
22.637227269025267,0.0031067926194802697,0.0005010371330692923,0.11075183019965806
22.64322290670193,0.0016911137506901014,0.0005010371330692923,0.11081305524108755
22.649218546108077,-0.0008326313191657914,0.0005010371330692923,0.11087482553834523
22.655214187643317,0.0012344485727239923,0.0005010371330692923,0.11093712569410791
22.66120983170724,0.00038686603707355216,0.0005010371330692923,0.11099940894685753
22.667205478699465,8.093901166901507e-05,0.0005010371330692923,0.11106163987312825
22.673201129019585,-0.0007865573384131103,0.0005010371330692923,0.11112414635334095
22.679196783067205,0.00010327381935006097,0.0005010371330692923,0.11118192543645644
22.685192441241934,-0.00031767430898987925,0.0005010371330692923,0.11123495076090163
22.691188103943364,0.0011727469808789637,0.0005010371330692923,0.11128514589982241
22.697183771571105,0.0011484048433353655,0.0005010371330692923,0.11133645831330155
22.70317944452476,0.0012741231384442442,0.0005010371330692923,0.11138588391579685
22.709175123203927,0.00043427347936686456,0.0005010371330692923,0.11143642137319965
22.715170808008217,-0.0009946783203229198,0.0005010371330692923,0.11148858265514142
22.721166499337226,-0.0003441546516555344,0.0005010371330692923,0.11154975006636722
22.727162197590555,0.0008166748843053406,0.0005010371330692923,0.1116013730073702
22.733157903167818,-0.0007813507234283312,0.0005010371330692923,0.11165250264621009
22.739153616468606,-0.0005935279329589566,0.0005010371330692923,0.1117031235240701
22.74514933789253,0.0002845607886165086,0.0005010371330692923,0.11175322016244328
22.751145067839193,0.0007965164955944376,0.0005010371330692923,0.1118029200322147
22.757140806708186,0.0019861201121468136,0.0005010371330692923,0.11185221315593197
22.763136554899127,0.0027369807017630504,0.0005010371330692923,0.11190131978558403
22.76913231281161,-0.0008109711697653066,0.0005010371330692923,0.11195019178381758
22.775128080845242,0.001855257752582981,0.0005010371330692923,0.111998781113248
22.781123859399624,0.0012138039394559708,0.0005010371330692923,0.1120489317412277
22.78711964887436,0.0028727106497969113,0.0005010371330692923,0.11209930467152567
22.79311544966905,0.0011031267174790305,0.0005010371330692923,0.11214987317631138
22.799111262183303,0.0036751791854805482,0.0005010371330692923,0.11219951160475389
22.805107086816715,0.001234901352057699,0.0005010371330692923,0.11224815115013208
22.811102923968892,-1.6215584272893935e-05,0.0005010371330692923,0.11229432648911594
22.817098774039437,0.0008974288378150175,0.0005010371330692923,0.1123412219769484
22.823094637427953,-0.0002341603952501492,0.0005010371330692923,0.11238630375309926
22.829090514534045,0.00032504923226615856,0.0005010371330692923,0.11242955625218401
22.835086405757313,0.002530452166704014,0.0005010371330692923,0.11247258919605815
22.84108231149736,0.0010008510281926813,0.0005010371330692923,0.11251621389960526
22.84707823215379,-0.0013254370334494364,0.0005010371330692923,0.11256044698347764
22.853074168126206,-0.0014573471823849798,0.0005010371330692923,0.1126041074773288
22.859070119814206,0.00215617707857281,0.0005010371330692923,0.11264716638602998
22.865066087617404,0.0004964884426337524,0.0005010371330692923,0.11268959475885328
22.871062071935395,0.0013676257224470023,0.0005010371330692923,0.11273269963260431
22.87705807316778,0.0011095359329525711,0.0005010371330692923,0.1127738589798437
22.883054091714165,-0.000543377821214483,0.0005010371330692923,0.1128074611068511
22.88905012797416,0.0006902061054261527,0.0005010371330692923,0.11284875315169146
22.895046182347354,0.001639811255446641,0.0005010371330692923,0.11289022633139043
22.901042255233357,0.0022213192028212314,0.0005010371330692923,0.11293188680225122
22.907038347031772,0.008745040482928193,0.0005010371330692923,0.11297374103159757
22.913034458142203,0.01497335314218931,0.0005010371330692923,0.11301579579777415
22.919030588964254,0.007315001192311876,0.0005010371330692923,0.11306562196478347
22.925026739897522,0.0015230304841513387,0.0005010371330692923,0.11310897674212475
22.931022911341618,0.00110221665507243,0.0005010371330692923,0.11315015458511526
22.937019103696137,0.0010377322532124506,0.0005010371330692923,0.11319064054171442
22.943015317360686,-0.0009191482795186529,0.0005010371330692923,0.11323042152980922
22.949011552734866,0.0007417022569726761,0.0005010371330692923,0.11326948451731479
22.955007810218284,0.001503083268883515,0.0005010371330692923,0.1133078165221756
22.961004090210537,3.865397438446161e-05,0.0005010371330692923,0.11334542245046253
22.967000393111235,0.0024940163646755414,0.0005010371330692923,0.11338881591680093
22.972996719319976,0.0020580448377645194,0.0005010371330692923,0.11342977545611785
22.97899306923636,0.0006346241243624928,0.0005010371330692923,0.11346834754831273
22.984989443259998,1.6480381478278794e-05,0.0005010371330692923,0.11350887910567277
22.990985841790486,0.005978321533299011,0.0005010371330692923,0.11355156296566274
22.996982265227434,0.011659544926315712,0.0005010371330692923,0.11359530047667174
23.002978713970435,0.008312157257825206,0.0010186010771322785,0.11363996234229642
23.008975188419104,0.0027871267868240512,0.0010186010771322785,0.11367893200735871
23.01497168897303,0.0002925177428491771,0.0010186010771322785,0.11371233903051989
23.020968216031832,0.0014713519306901873,0.0010186010771322785,0.11374893180093476
23.026964769995097,0.00018762162724750286,0.0010186010771322785,0.11377703993402832
23.032961351262436,0.0010956133683447944,0.0010186010771322785,0.11381069626604842
23.038957960233454,0.0008735176004569106,0.0010186010771322785,0.11384320110308391
23.04495459730775,-0.0003846267779956669,0.0010186010771322785,0.11387452362363433
23.050951262884926,-0.0011706776983335526,0.0010186010771322785,0.11390463306946327
23.05694795736459,-0.0009327758589271762,0.0010186010771322785,0.11393349874559923
23.062944681146337,0.0013652014255325223,0.0010186010771322785,0.11396109002033566
23.06894143462978,0.0018948809235023317,0.0010186010771322785,0.1139882926911382
23.07493821821452,0.0011920727739545833,0.0010186010771322785,0.11401622103990335
23.08093503230015,0.0008093282214552966,0.0010186010771322785,0.11404483641217797
23.086931877286283,0.0010952671563600747,0.0010186010771322785,0.11407166113102787
23.09292875357251,-0.0011626534635515023,0.0010186010771322785,0.11409673139971335
23.098925661558454,-0.00013220059427039577,0.0010186010771322785,0.11412008334785886
23.1049226016437,-0.0004722192364997879,0.0010186010771322785,0.11414175303145302
23.110919574227857,0.000948429476271731,0.0010186010771322785,0.1141625426063227
23.11691657971053,0.0035924749933680805,0.0010186010771322785,0.11418245758814694
23.122913618491324,0.0049147282444499535,0.0010186010771322785,0.11420150365893997
23.128910690969832,0.001497881380113017,0.0010186010771322785,0.11421968666705257
23.134907797545665,0.0004359524280699162,0.0010186010771322785,0.11423701262717355
23.140904938618426,0.001511132005159982,0.0010186010771322785,0.11425348772032995
23.14690211458771,0.0009665281619573862,0.0010186010771322785,0.11426950139689249
23.152899325853127,-9.694705621889066e-05,0.0010186010771322785,0.11428355649947929
23.158896572814285,0.0019764287368854855,0.0010186010771322785,0.1142956278303677
23.164893855870773,0.0010075151661476517,0.0010186010771322785,0.11430569002319696
23.17089117542221,0.0003294047728402,0.0010186010771322785,0.11431371754297083
23.176888531868183,-0.0006195809588099982,0.0010186010771322785,0.11431968468605393
23.182885925608304,0.0015013866596539638,0.0010186010771322785,0.11432356558017132
23.188883357042176,0.0034460659156305973,0.0010186010771322785,0.11432533418440885
23.1948808265694,0.005836294207031606,0.0010186010771322785,0.11432842101325422
23.200878334589575,0.0036305245053411123,0.0010186010771322785,0.11433046044817645
23.206875881502313,0.003613983712249247,0.0010186010771322785,0.11433194401572017
23.212873467707208,0.0012197205533898692,0.0010186010771322785,0.1143328546393888
23.21887109360387,-0.0008248201223223228,0.0010186010771322785,0.11433366484222615
23.2248687595919,0.00042169974661500353,0.0010186010771322785,0.11434170547759104
23.230866466070896,0.001999463364528789,0.0010186010771322785,0.11434673882685356
23.236864213440466,0.0023959584162390607,0.0010186010771322785,0.11435175267516329
23.24286200210021,0.0027705722308484088,0.0010186010771322785,0.11435671108176816
23.248859832449735,0.0015178564562706998,0.0010186010771322785,0.11436448667797325
23.254857704888643,0.0003046714855016591,0.0010186010771322785,0.11436908065945273
23.26085561981653,0.0006797552948021451,0.0010186010771322785,0.11437057623432567
23.266853577633007,0.0013938344894986049,0.0010186010771322785,0.11437551257563346
23.272851578737676,-0.001423346881184201,0.0010186010771322785,0.11437658513360432
23.278849623530135,-0.0002619068395695173,0.0010186010771322785,0.1143739047276699
23.28484771240999,-0.0009233810411323901,0.0010186010771322785,0.11437236079684286
23.290845845776847,0.0005790895818660879,0.0010186010771322785,0.11436664908938038
23.296844024030303,0.0021557483490975277,0.0010186010771322785,0.11435999777605552
23.302842247569966,0.0015080100414602976,0.0010186010771322785,0.11435240485229298
23.308840516795435,0.001638256030315574,0.0010186010771322785,0.11434328061449314
23.314838832106314,0.0033192395563731852,0.0010186010771322785,0.11433264684782465
23.32083719390221,0.0015645850814733353,0.0010186010771322785,0.11432052538763388
23.326835602582722,0.0005595341288344158,0.0010186010771322785,0.11430676222484343
23.332834058547448,-0.00011299280010435009,0.0010186010771322785,0.11429346329150307
23.338832562196004,0.0009643289872350996,0.0010186010771322785,0.1142805607683709
23.344831113927977,0.0005756626619702471,0.0010186010771322785,0.1142679874879799
23.350829714142982,4.1594532974240095e-05,0.0010186010771322785,0.11425363134464117
23.35682836324062,3.3763189713958974e-05,0.0010186010771322785,0.1142410285050578
23.362827061620493,-0.0004665804188817013,0.0010186010771322785,0.11423017653986535
23.368825809682196,0.0010667011073811211,0.0010186010771322785,0.11422107416497133
23.374824607825346,-0.000331463502153434,0.0010186010771322785,0.11420584102358755
23.380823456449534,3.749736317754104e-05,0.0010186010771322785,0.11418754501832093
23.38682235595437,-0.00023431867587452027,0.0010186010771322785,0.11416626713446815
23.392821306739453,0.001077031926693367,0.0010186010771322785,0.11414639820736472
23.39882030920439,-0.0008367469545265405,0.0010186010771322785,0.1141268983065413
23.40481936374878,-0.0016400131151419473,0.0010186010771322785,0.11410368421050791
23.410818470772227,9.295912006701545e-05,0.0010186010771322785,0.11407682342744174
23.416817630674334,0.001029769170024869,0.0010186010771322785,0.11404638281990655
23.422816843854708,-0.0001190479733975125,0.0010186010771322785,0.11401577241537916
23.428816110712948,0.0008621678346044104,0.0010186010771322785,0.1139849838230724
23.43481543164865,-0.0019269550083055031,0.0010186010771322785,0.11395400904492892
23.440814807061432,0.00075762279622274,0.0010186010771322785,0.11392426865851754
23.446814237350885,0.0007640222913875006,0.0010186010771322785,0.11389584029044172
23.452813722916616,0.0026777346187731033,0.0010186010771322785,0.1138618029492833
23.45881326415823,0.003767890191857054,0.0010186010771322785,0.11382770447808174
23.464812861475327,-0.00013001506279215758,0.0010186010771322785,0.11379354769075145
23.47081251526751,0.0003554396897522405,0.0010186010771322785,0.11375933580438699
23.47681222593438,0.001086764930814374,0.0010186010771322785,0.11372349559979567
23.482811993875544,-0.002225775801887278,0.0010186010771322785,0.11368596998102438
23.488811819490607,-0.0006765255935183845,0.0010186010771322785,0.11364814811790952
23.494811703179163,0.002003353723141657,0.0010186010771322785,0.11361012129796402
23.50081164534082,0.00491775609695512,0.0010186010771322785,0.1135790138592365
23.506811646375187,0.016096669952917697,0.0010186010771322785,0.11353795343087453
23.51281170668186,0.018711263599960823,0.0010186010771322785,0.11349648909781405
23.51881182666044,0.006566410228476219,0.0010186010771322785,0.1134519592866303
23.524812006710533,0.0028272749526176977,0.0010186010771322785,0.11340443743312968
23.53081224723174,0.0028031234357415863,0.0010186010771322785,0.11335731804985047
23.536812548623672,0.0023687222257844504,0.0010186010771322785,0.11331054165386645
23.54281291128592,0.0015879502253769578,0.0010186010771322785,0.1132686468903046
23.5488133356181,-0.00025415220726004994,0.0010186010771322785,0.11322553200075117
23.5548138220198,0.0004219307384836918,0.0010186010771322785,0.11318128213447537
23.560814370890633,0.001317616763002294,0.0010186010771322785,0.11313598246063912
23.5668149826302,-0.0009519170263797144,0.0010186010771322785,0.11308971816829677
23.572815657638102,0.000694549762241925,0.0010186010771322785,0.11304257446639454
23.578816396313947,0.002480580114301467,0.0010186010771322785,0.11299463658377247
23.584817199057326,0.0010354360101305499,0.0010186010771322785,0.11294463598220555
23.590818066267857,0.002552020421438511,0.0010186010771322785,0.11289260545495142
23.59681899834513,0.0027529655425335003,0.0010186010771322785,0.11283757984736154
23.602819995688762,0.002303147689705465,0.0010186010771322785,0.11278077191060155
23.608821058698343,0.0011056713979799015,0.0010186010771322785,0.11272550628863717
23.614822187773484,0.003542215442946167,0.0010186010771322785,0.11266701200198972
23.62082338331378,0.00026778143462564963,0.0010186010771322785,0.11260612741675266
23.626824645718845,0.007811176418070734,0.0010186010771322785,0.11254952290893916
23.632825975388272,0.01350825154484045,0.0010186010771322785,0.11249422918732643
23.638827372721664,0.020489995380289006,0.0010186010771322785,0.11243960880554904
23.644828838118634,0.017039589388414683,0.0010186010771322785,0.11238562940713348
23.650830371978774,0.00634757237187332,0.0010186010771322785,0.11232970414335694
23.656831974701692,0.000991767072176436,0.0010186010771322785,0.11227214754595129
23.66283364668699,0.00039456509822069497,0.0010186010771322785,0.11221303861190883
23.668835388334273,2.8566414057698553e-05,0.0010186010771322785,0.11215245605701128
23.674837200043143,-0.00023468100499010602,0.0010186010771322785,0.112121520146407
23.680839082213197,-0.0015562468995186235,0.0010186010771322785,0.11208096586310755
23.686841035244047,0.0021126780677777623,0.0010186010771322785,0.11203116121053372
23.69284305953529,0.000415421625884288,0.0010186010771322785,0.11197821676331951
23.698845155486527,-5.367885468385292e-06,0.0010186010771322785,0.11191659922638353
23.70484732349737,0.0009177539296900822,0.0010186010771322785,0.11185284165022424
23.710849563967415,0.0022564186660243707,0.0010186010771322785,0.11178695738528248
23.716851877296264,0.0025273704741720776,0.0010186010771322785,0.1117219226680586
23.72285426388353,-9.194406390983234e-05,0.0010186010771322785,0.11165850568978804
23.728856724128804,-0.0011831884486480232,0.0010186010771322785,0.11159462280826069
23.73485925843169,6.22638225833555e-05,0.0010186010771322785,0.11153034225711994
23.7408618671918,-0.000608550005462602,0.0010186010771322785,0.11146649101171244
23.746864550808723,0.001962080225368132,0.0010186010771322785,0.11140310705579298
23.752867309682077,0.0011728750682885036,0.0010186010771322785,0.11134022854412573
23.75887014421146,0.0005596791372151216,0.0010186010771322785,0.11127753912434993
23.764873054796467,-0.0022595212648501423,0.0010186010771322785,0.11121506354456757
23.770876041836704,-5.324629347150389e-05,0.0010186010771322785,0.11115249520972892
23.776879105731783,0.0013788302065745744,0.0010186010771322785,0.11108984614918806
23.782882246881304,-0.0016183710224723785,0.0010186010771322785,0.1110271283562161
23.78888546568486,-0.0011133853833712182,0.0010186010771322785,0.11096435378799951
23.79488876254206,2.894799489998323e-05,0.0010186010771322785,0.11090153436564242
23.80089213785251,0.0006267685166585907,0.0010186010771322785,0.11083868197416358
23.80689559201581,0.005373465646359793,0.0010186010771322785,0.11077659195246459
23.812899125431564,0.027408402026097747,0.0010186010771322785,0.11071551879501355
23.81890273849937,0.033337007323811424,0.0010186010771322785,0.1106509855260415
23.824906431618842,0.00446759377512157,0.0010186010771322785,0.11059866197972812
23.83091020518957,0.0012419236693356067,0.0010186010771322785,0.11054279070146711
23.836914059611168,0.00017888834714024915,0.0010186010771322785,0.11048159318502712
23.842917995283234,-0.00162219895005776,0.0010186010771322785,0.11041943959234743
23.848922012605367,0.0020729362759470543,0.0010186010771322785,0.11035631241954905
23.85492611197717,0.013797621904875185,0.0010186010771322785,0.1102921938356013
23.86093029379826,0.019070129481539883,0.0010186010771322785,0.1102270656823183
23.866934558468223,0.004624613030377006,0.0010186010771322785,0.11016407138130119
23.87293890638667,0.0015333794665374073,0.0010186010771322785,0.11010331469150048
23.8789433379532,-0.0006166087390568481,0.0010186010771322785,0.11004270940778699
23.88494785356742,0.0027120996640916384,0.0010186010771322785,0.10998227562532184
23.890952453628934,0.023296129806544025,0.0010186010771322785,0.10992236788372958
23.89695713853734,0.027890237246523758,0.0010186010771322785,0.10986299293600274
23.90296190869224,0.006899167239479434,0.0010186010771322785,0.10980415760621534
23.908966764493243,-0.0007919733540047574,0.0010186010771322785,0.10974586878952561
23.91497170633995,0.0005625235304240334,0.0010186010771322785,0.10968813345217474
23.92097673463196,0.002245743254918428,0.0010186010771322785,0.10963095863148545
23.926981849768882,0.00820629354517348,0.0010186010771322785,0.10957435143586416
23.932987052150313,0.007469632366530643,0.0010186010771322785,0.10951831904479674
23.93899234217586,0.014554174447738058,0.0010186010771322785,0.10946286870885111
23.944997720245127,0.01664838135064485,0.0010186010771322785,0.10940800774967678
23.95100318675771,0.005487580823689456,0.0010186010771322785,0.109353564382965
23.95700874211322,0.0015213360604791754,0.0010186010771322785,0.10929953912655282
23.963014386711254,0.0021434376506021813,0.0010186010771322785,0.10924593251525427
23.96902012095142,-0.00027939635546274377,0.0010186010771322785,0.10919274510086091
23.975025945233316,0.00010290542786085821,0.0010186010771322785,0.10913997745214098
23.98103185995655,-0.0005145184752315957,0.0010186010771322785,0.10908763015483705
23.987037865520715,-0.0019080417106434322,0.0010186010771322785,0.10903570381166491
23.993043962325427,0.0003815776410764776,0.0010186010771322785,0.10898486973669703
23.99905015077028,-0.0012582835450479918,0.0010186010771322785,0.10893515456702622
24.005056431254882,-7.221470857224355e-05,0.0010186010771322785,0.10888592733000338
24.011062804178835,-0.002627795415998363,0.0010186010771322785,0.10883718959992317
24.01706926994174,-0.00024401744240915013,0.0010186010771322785,0.10879425945904675
24.023075828943195,-0.001979140217632014,0.0010186010771322785,0.10874899784523409
24.02908248158281,-0.002770773382370237,0.0010186010771322785,0.10870151177072686
24.035089228260194,-0.0005521864346282879,0.0010186010771322785,0.10865663801729515
24.041096069374937,-0.0018859218669072392,0.0010186010771322785,0.10861100504696541
24.047103005326647,-0.002275653591670465,0.0010186010771322785,0.10856933086069191
24.053110036514926,-0.0009460009232190175,0.0010186010771322785,0.10853159701180545
24.059117163339383,-0.001280040757674794,0.0010186010771322785,0.10849488717206424
24.06512438619961,-0.0018525145147854777,0.0010186010771322785,0.10845087715042552
24.071131705495223,-0.0007414826895629917,0.0010186010771322785,0.10841570110734894
24.077139121625812,-0.0002240794682036168,0.0010186010771322785,0.10838905337626087
24.08314663499099,-0.0003027371060760897,0.0010186010771322785,0.10837063092809779
24.08915424599035,-0.0006849628051725509,0.0010186010771322785,0.10833751188056566
24.095161955023507,0.000970814058518607,0.0010186010771322785,0.1083010028060602
24.101169762490052,0.0008864268220846738,0.0010186010771322785,0.10826127433524903
24.107177668789596,0.0019133085685148071,0.0010186010771322785,0.10822086624164126
24.11318567432174,-0.0010302967670418883,0.0010186010771322785,0.10818083336316756
24.11919377948609,-0.0001712664016295662,0.0010186010771322785,0.10814118328129171
24.12520198468224,-0.00162403413872457,0.0010186010771322785,0.10810192353939158
24.1312102903098,-0.003740350754051297,0.0010186010771322785,0.10806497777644014
24.13721869676837,-0.001185836857606648,0.0010186010771322785,0.10803267331399473
24.143227204457556,-1.908483000909178e-05,0.0010186010771322785,0.10799933982645388
24.149235813776958,-0.0001991723801565426,0.0010186010771322785,0.10796266014271325
24.155244525126175,-0.0024809886593316066,0.0010186010771322785,0.107927250045683
24.16125333890482,-0.002749152827010659,0.0010186010771322785,0.10789308174963827
24.16726225551249,0.0021064383474461296,0.0010186010771322785,0.10785977458910075
24.17327127534879,-0.0003414895709327459,0.0010186010771322785,0.10781841310785809
24.179280398813322,0.00042127881171259707,0.0010186010771322785,0.1077774905331905
24.185289626305686,-0.0013666362476550675,0.0010186010771322785,0.10773697998411944
24.191298958225488,-0.0013403077032761723,0.0010186010771322785,0.10769685459810291
24.19730839497233,-0.0020236016365481613,0.0010186010771322785,0.10765708753103058
24.20331793694582,-0.0011070651850968866,0.0010186010771322785,0.10761765195721981
24.20932758454555,-0.002729586730701311,0.0010186010771322785,0.10758100818374208
24.215337338171132,-0.001896909229402971,0.0010186010771322785,0.10754722584428777
24.221347198222162,-0.0006809283845518599,0.0010186010771322785,0.10751637534220657
24.22735716509825,0.00012012804016936496,0.0010186010771322785,0.1074862324352113
24.233367239199,0.0015406624230598354,0.0010186010771322785,0.1074567800749521
24.239377420924004,-0.0009376892509282142,0.0010186010771322785,0.1074280012894081
24.245387710672876,-0.002377388559059515,0.0010186010771322785,0.10739987918288624
24.251398108845212,0.0008822800707266737,0.0010186010771322785,0.10736476709770698
24.25740861584062,-0.002159201720163914,0.0010186010771322785,0.10733938095578327
24.263419232058702,-0.003730238603044153,0.0010186010771322785,0.1073129501918477
24.269429957899057,-0.002021490056261635,0.0010186010771322785,0.1072855529422958
24.275440793761287,-0.00200250548591846,0.0010186010771322785,0.10725726687704935
24.281451740045004,-0.0002177115909438726,0.0010186010771322785,0.10723157776457033
24.2874627971498,-0.001356248226231288,0.0010186010771322785,0.10720842707657798
24.293473965475286,0.00010540905655147259,0.0010186010771322785,0.10718713192622459
24.299485245421064,-0.0006597144199091409,0.0010186010771322785,0.10716163059675575
24.305496637386735,-0.0027186250940362533,0.0010186010771322785,0.10713723414487814
24.311508141771895,-0.0008519725101207715,0.0010186010771322785,0.10711389272179653
24.31751975897616,-0.00022668034122545755,0.0010186010771322785,0.10709671150632327
24.323531489399127,-0.0007477071478536601,0.0010186010771322785,0.10708543639606408
24.329543333440395,-0.0007104227041043881,0.0010186010771322785,0.10706510651440643
24.335555291499578,0.0009079302142499107,0.0010186010771322785,0.1070425776638747
24.341567363976264,0.0017007759981183673,0.0010186010771322785,0.10701903705264652
24.347579551270066,-0.00041783760809870063,0.0010186010771322785,0.1070011212544553
24.353591853780582,0.0015004104395094364,0.0010186010771322785,0.10698206195129648
24.35960427190742,-0.00043080234931597294,0.0010186010771322785,0.10696699997122776
24.36561680605018,-0.0012198215060949258,0.0010186010771322785,0.10694879573643304
24.371629456608463,-0.001847439895512601,0.0010186010771322785,0.10693113065212281
24.37764222398188,-0.0007385763100711956,0.0010186010771322785,0.10691400352092373
24.38365510857002,0.0025614594531835067,0.0010186010771322785,0.10689741311769399
24.389668110772497,-0.00012724205979346148,0.0010186010771322785,0.10688135818952219
24.39568123098891,-0.0016579314810148543,0.0010186010771322785,0.10686583745572324
24.401694469618867,0.0008747779917836762,0.0010186010771322785,0.10685084960783846
24.407707827061962,-0.0020719319342774323,0.0010186010771322785,0.10683639330963218
24.413721303717807,0.000672977610024425,0.0010186010771322785,0.10682246719709057
24.419734899985997,0.0011654177136968674,0.0010186010771322785,0.10680906987841907
24.42574861626614,0.0011166049426516444,0.0010186010771322785,0.10679619993403942
24.431762452957837,-0.0011344552190835494,0.0010186010771322785,0.10678385591659027
24.43777641046069,-0.006283205534815789,0.0010186010771322785,0.10677203635092243
24.443790489174305,0.0003778572115798601,0.0010186010771322785,0.10676073973409728
24.449804689498283,-0.0033594090550699562,0.0010186010771322785,0.10674209823823856
24.455819011832226,-0.0028959585362653556,0.0010186010771322785,0.1067295816554648
24.46183345657574,0.000588426040190132,0.0010186010771322785,0.10671916552794705
24.467848024128422,-0.0004277239736377725,0.0010186010771322785,0.10670941382920865
24.473862714889883,0.00033688648414811895,0.0010186010771322785,0.10670033111698528
24.47987752925972,0.003547956410290015,0.0010186010771322785,0.10669192197022759
24.481022276709812,0.001696851563872559,0.0010186010771322785,0.10667898839849002
24.48702429253114,0.003441435826755601,0.0010186010771322785,0.10667202636606585
24.49302627638852,-0.0008896385318797745,0.0010186010771322785,0.1066590213279012
24.499028228538535,4.8673516023320373e-05,0.0010186010771322785,0.1066479808393492
24.505030149237772,0.002755875084592338,0.0010186010771322785,0.10663896259226144
24.511032038742805,0.00277115195171089,0.0010186010771322785,0.10662783265241019
24.517033897310224,0.0019426838681500663,0.0010186010771322785,0.1066144871504504
24.523035725196614,0.004935526516758756,0.0010186010771322785,0.10660827500707382
24.52903752265855,0.005541239481407972,0.0010186010771322785,0.1065904097883139
24.53503928995262,0.003018508144309276,0.0010186010771322785,0.10657592698188126
24.541041027335407,0.002424164305159085,0.0010186010771322785,0.10656501364531293
24.547042735063492,0.0046764856473088395,0.0010186010771322785,0.10654965487372373
24.553044413393458,0.001065287991318331,0.0010186010771322785,0.10653738495172077
24.55904606258188,-0.0006965222608394106,0.0010186010771322785,0.10652521448285997
24.56504768288536,-0.0008148856051715114,0.0010186010771322785,0.10651313341446789
24.57104927456047,-0.00028274392690849637,0.0010186010771322785,0.10650138560328193
24.577050837863787,-0.0011475205349062712,0.0010186010771322785,0.10648995078425305
24.5830523730519,-0.00300145246393263,0.0010186010771322785,0.10647783973077178
24.58905388038139,0.0014448569736213168,0.0010186010771322785,0.10646610381729535
24.595055360108844,0.0007248476043967278,0.0010186010771322785,0.10645471996550451
24.60105681249084,6.194060388348133e-05,0.0010186010771322785,0.10644251149087394
24.607058237783964,0.0006291546249204416,0.0010186010771322785,0.10642941065025019
24.61305963624479,0.0022974503193687462,0.0010186010771322785,0.1064175777328209
24.619061008129915,0.001401887657272602,0.0010186010771322785,0.10640703076410456
24.625062353695917,0.001881842571570383,0.0010186010771322785,0.1063977881271377
24.63106367319937,0.003976798520089975,0.0010186010771322785,0.10638986856247798
24.637064966896865,0.0037357882155775457,0.0010186010771322785,0.10638812634955463
24.643066235044987,0.0015755351154390224,0.0010186010771322785,0.10638293055552378
24.649067477900314,0.002665270843367623,0.0010186010771322785,0.10637442098451974
24.65506869571943,0.002981117595795557,0.0010186010771322785,0.10636709734319609
24.661069888758917,0.0018332537909646202,0.0010186010771322785,0.10636092425907742
24.667071057275358,0.0016194800779061325,0.0010186010771322785,0.10635586666364369
24.673072201525336,0.0022458731216370986,0.0010186010771322785,0.1063514913666464
24.679073321765436,0.002073484893814176,0.0010186010771322785,0.10634829067687675
24.68507441825224,0.000529477774637091,0.0010186010771322785,0.10634468695130231
24.691075491242323,0.0005313668467454707,0.0010186010771322785,0.10633903094410596
24.69707654099228,0.00021101217970102837,0.0010186010771322785,0.10633261012884988
24.703077567758687,0.0010656327465727033,0.0010186010771322785,0.1063266447180379
24.709078571798127,-0.00015931411421525599,0.0010186010771322785,0.10632113999096057
24.715079553367186,-0.0003942282199400071,0.0010186010771322785,0.10631610129975819
24.72108051272244,0.002208969656045473,0.0010186010771322785,0.10631153406941654
24.72708145012048,-0.0003520184275758037,0.0010186010771322785,0.10631888885267698
24.73308236581789,0.00026524911234007686,0.0010186010771322785,0.10633218670547553
24.739083260071244,0.0018067254928890164,0.0010186010771322785,0.10633744136050408
24.74508413313713,0.002347287844104498,0.0010186010771322785,0.10633443662172351
24.751084985272126,0.00023137692019957468,0.0010186010771322785,0.10632156390648573
24.75708581673282,0.0031737251056562082,0.0010186010771322785,0.10630887288912572
24.763086627775795,0.0008450747372321238,0.0010186010771322785,0.10629924937511193
24.76908741865763,-0.0013962985689347646,0.0010186010771322785,0.10629247547876314
24.77508818963491,-0.0023411847013568576,0.0010186010771322785,0.106278978247632
24.78108894096422,-0.001007789996980396,0.0010186010771322785,0.10626475826277086
24.787089672902145,-0.0014793476057993332,0.0010186010771322785,0.1062499675580218
24.793090385705256,-0.0009048731833105339,0.0010186010771322785,0.10622804352036756
24.799091079630145,0.000451819883694346,0.0010186010771322785,0.10620667189915328
24.805091754933393,-0.0011641519640233772,0.0010186010771322785,0.10618772745713649
24.811092411871584,-0.0030106738012353473,0.0010186010771322785,0.10616633414071534
24.8170930507013,-0.0031258219391474967,0.0010186010771322785,0.1061477450598905
24.823093671679118,0.0007376669854170792,0.0010186010771322785,0.10612883892530829
24.82909427506163,-0.00047095853597635406,0.0010186010771322785,0.10610960056486994
24.835094861105418,-0.0018335271118585933,0.0010186010771322785,0.10609062619780564
24.84109543006706,-0.006041387635661061,0.0010186010771322785,0.10607363701121145
24.84709598220314,-0.003537038405098586,0.0010186010771322785,0.10605857359367007
24.85309651777024,-0.0007466901962680517,0.0010186010771322785,0.10604537719870998
24.859097037024945,-0.002244190112243624,0.0010186010771322785,0.10603181530626793
24.86509754022384,-0.0011243074811832648,0.0010186010771322785,0.10601774618357769
24.8710980276235,-0.0018789366875520824,0.0010186010771322785,0.10599379493082786
24.877098499480518,-0.0012360306424187562,0.0010186010771322785,0.10596700884087636
24.88309895605147,-0.002018977591982732,0.0010186010771322785,0.10593733895730795
24.889099397592936,-0.002329540219462467,0.0010186010771322785,0.10590473557518856
24.895099824361505,-0.0030525017864105053,0.0010186010771322785,0.10586914824104962
24.901100236613757,-0.0028258161220155453,0.0010186010771322785,0.10583872114990625
24.90710063460628,-0.0006420997738390416,0.0010186010771322785,0.10581113683524762
24.91310101859565,0.0006886822809375748,0.0010186010771322785,0.1057847272251924
24.91910138883845,-0.0024669770489075676,0.0010186010771322785,0.10575509590360699
24.92510174559127,-0.0025401127887508396,0.0010186010771322785,0.10572314277959885
24.931102089110684,-0.001897347068907776,0.0010186010771322785,0.1056924708511907
24.937102419653275,-8.58828628464009e-05,0.0010186010771322785,0.1056631713914491
24.943102737475638,0.001356565500593973,0.0010186010771322785,0.10563533616172835
24.949103042834345,-0.0002520716685510682,0.0010186010771322785,0.10560716725330915
24.955103335985978,0.0015722310270511464,0.0010186010771322785,0.10557862060995576
24.961103617187124,0.005568177120982232,0.0010186010771322785,0.1055494002757687
24.967103886694364,0.00685443050734684,0.0010186010771322785,0.10551798673365068
24.973104144764285,0.008127573851372458,0.0010186010771322785,0.10548428802217907
24.979104391653465,0.007428385847164973,0.0010186010771322785,0.10545534954401642
24.985104627618483,0.01082234364975787,0.0010186010771322785,0.10542580284092581
24.99110485291593,0.004704492032073987,0.0010186010771322785,0.10539561831334193
24.99710506780239,-0.0018044825226202904,0.0010186010771322785,0.10536476623893062
25.003105272534437,-0.001119215797608611,0.0010186010771322785,0.10533321677257987
25.00910546736866,-0.001807689146873001,0.0010186010771322785,0.10530093994639708
25.01510565256164,-0.002838845276146598,0.0010186010771322785,0.10526863890750848
25.021105828369958,-0.0006851231954992237,0.0010186010771322785,0.10523635055249642
25.027105995050203,0.0008400914896568856,0.0010186010771322785,0.10519405632526407
25.033106152858952,0.0019639479488238742,0.0010186010771322785,0.10516107189038847
25.039106302052787,-0.0007746829480364259,0.0010186010771322785,0.10512766241329435
25.045106442888294,-0.00137706603161937,0.0010186010771322785,0.10509569214173813
25.051106575622057,-0.002869807781473749,0.0010186010771322785,0.10507334215620207
25.057106700510655,0.011436490173915112,0.0010186010771322785,0.10505020656626854
25.063106817810674,0.024770473042973584,0.0010186010771322785,0.10502257965776834
25.069106927778694,0.02070079638261149,0.0010186010771322785,0.10498689632956285
25.0751070306713,6.873463940022806e-05,0.0010186010771322785,0.10494924862253888
25.08110712674507,-0.0045504770467393735,0.0010186010771322785,0.10490977915107672
25.087107216256598,0.0022564966055947377,0.0010186010771322785,0.10487091020849776
25.093107299462453,0.0023047110788562974,0.0010186010771322785,0.10483269298810499
25.099107376619227,-3.713702357772963e-05,0.0010186010771322785,0.10479517892379678
25.1051074479835,-0.003057550406188006,0.0010186010771322785,0.10475841969007565
25.111107513811856,-0.002668823876207052,0.0010186010771322785,0.1047224672020555
25.11710757436088,-0.0031516031720518756,0.0010186010771322785,0.10468737361546848
25.123107629887144,-0.000760669990499202,0.0010186010771322785,0.10465319132667458
25.129107680647245,-0.0016710613766583726,0.0010186010771322785,0.10461870479848734
25.135107726897754,0.003350605949265492,0.0010186010771322785,0.10458040217808273
25.14110776889526,0.011892998044800596,0.0010186010771322785,0.10454405489976065
25.147107806896347,0.0141310948874903,0.0010186010771322785,0.10450966849504005
25.153107841157595,0.010688798820121137,0.0010186010771322785,0.10447899798656639
25.15910787193559,0.006865706115726761,0.0010186010771322785,0.10444915278295952
25.165107899486912,0.023023618624477576,0.0010186010771322785,0.10442056634081834
25.17110792406814,0.02200452724243443,0.0010186010771322785,0.10438740444864752
25.177107945935862,0.007460605828867428,0.0010186010771322785,0.10435240286821856
25.18310796534666,0.003793726239328485,0.0010186010771322785,0.10431574196386167
25.189107982557115,0.00027777041317131324,0.0010186010771322785,0.10429023672961586
25.19510799782382,0.0013148516240006486,0.0010186010771322785,0.10426198324192162
25.20110801140334,0.0022072005826001967,0.0010186010771322785,0.10419891847177877
25.207108023552266,0.0023992483578464396,0.0010186010771322785,0.10414370224761323
25.213108034527185,0.003813743778065759,0.0010186010771322785,0.10409666776656477
25.219108044584676,0.012378811527693323,0.0010186010771322785,0.10405217606743945
25.225108053981323,0.021125345323943487,0.0010186010771322785,0.10401497140585857
25.23110806297371,0.006321434921659819,0.0010186010771322785,0.10397882202958136
25.23710807181841,-0.0023777071078570633,0.0010186010771322785,0.10394646896340357
25.24310808077202,0.00401874200274846,0.0010186010771322785,0.10391117290816552
25.24910809009112,0.009202070664446324,0.0010186010771322785,0.10387715951190536
25.255108100032285,0.005504155295094987,0.0010186010771322785,0.10384507633011503
25.2611081108521,-0.00013436625714860484,0.0010186010771322785,0.10381493219441545
25.26710812280715,-0.000956323364867992,0.0010186010771322785,0.10378594731700383
25.273108136154022,-0.0008269148310354607,0.0010186010771322785,0.10375810102411137
25.27910815114929,0.002396263927798639,0.0010186010771322785,0.10373137294307067
25.285108168049547,-0.004144733385273838,0.0010186010771322785,0.10370574300231097
25.291108187111366,0.002347784485207907,0.0010186010771322785,0.10368119143136054
25.297108208591332,-0.0011193793491332815,0.0010186010771322785,0.10365769876084563
25.303108232746034,-0.0012632927538593353,0.0010186010771322785,0.10363524582249245
25.30910825983205,-0.0022799180743555136,0.0010186010771322785,0.10361381374912622
25.315108290105965,0.0014693846225255075,0.0010186010771322785,0.1035933839746705
25.321108323824355,0.0007061126221304809,0.0010186010771322785,0.10357393823414968
25.327108361243813,0.002075896396623672,0.0010186010771322785,0.10355545856368736
25.333108402620912,0.00027435839407131957,0.0010186010771322785,0.1035371124738926
25.33910844821224,-0.002591603999916592,0.0010186010771322785,0.10351856629830525
25.34510849827438,-0.002486190688883033,0.0010186010771322785,0.10349976011759324
25.35110855306392,-0.0007927971127072997,0.0010186010771322785,0.10347050752427418
25.357108612837433,0.006016353188203191,0.0010186010771322785,0.10344760443895439
25.363108677851503,0.017534809938102386,0.0010186010771322785,0.10343519128361688
25.369108748362716,0.011202587509652612,0.0010186010771322785,0.10341867422635373
25.37510882462766,-0.0007837207365153503,0.0010186010771322785,0.1033982323906606
25.381108906902906,-0.0010819704993106777,0.0010186010771322785,0.10337404372560546
25.387108995445047,-0.002008129770472669,0.0010186010771322785,0.10334628500581952
25.39310909051066,-0.003049330023596142,0.0010186010771322785,0.10332277301330108
25.399109192356327,-0.004093793572885127,0.0010186010771322785,0.10329828369790456
25.40510930123864,-0.0016871818276753547,0.0010186010771322785,0.1032728916959033
25.41110941741417,-0.0005589807373345412,0.0010186010771322785,0.10324667126722231
25.417109541139506,-0.0023347391397049305,0.0010186010771322785,0.10321941147015075
25.42310967267123,-0.0026963791450099472,0.0010186010771322785,0.1032001292994992
25.429109812265928,-0.0004687848739763495,0.0010186010771322785,0.10318852634501846
25.435109960180174,-0.0028647383459731723,0.0010186010771322785,0.10317137821822886
25.441110116670558,-0.0038043583319817137,0.0010186010771322785,0.10314890414312071
25.447110281993663,-0.003704245038359838,0.0010186010771322785,0.10312132163814455
25.45311045640607,-0.003321899639180295,0.0010186010771322785,0.10310318212380329
25.45911064016436,-0.0020749230748779296,0.0010186010771322785,0.10308320070650479
25.465110833525117,-0.0016817020267346078,0.0010186010771322785,0.10306145917091877
25.471111036744926,-0.0027892491067830483,0.0010186010771322785,0.10304538281784477
25.477111250080366,0.0003526144883265747,0.0010186010771322785,0.10302217577918171
25.483111473788025,-0.0032355880477257654,0.0010186010771322785,0.10299809482481422
25.48911170812448,-0.0052392129478150695,0.0010186010771322785,0.10297319104899023
25.495111953346317,-0.006371438976475963,0.0010186010771322785,0.10294934965684738
25.50111220971012,-0.0014226426493871708,0.0010186010771322785,0.10292654813640945
25.507112477472468,-0.0018763589416098542,0.0010186010771322785,0.10290476414017422
25.513112756889946,-0.0007127969932008288,0.0010186010771322785,0.10288397548510998
25.519113048219136,0.0020811541973454334,0.0010186010771322785,0.10286416015265751
25.525113351716623,-0.001080489490153727,0.0010186010771322785,0.10284529628873193
25.531113667638987,-0.004926028329042834,0.0010186010771322785,0.10282736220371981
25.537113996242816,-0.0029723812244100006,0.0010186010771322785,0.10281033637248273
25.543114337784683,0.0010143016485333889,0.0010186010771322785,0.10278866830777415
25.54911469252118,-0.0029259751344780788,0.0010186010771322785,0.10277036937101257
25.555115060708886,-0.003590278078735812,0.0010186010771322785,0.1027555221926332
25.561115442604386,-0.001541955853197427,0.0010186010771322785,0.10273929061325071
25.56711583846426,0.002858942526639374,0.0010186010771322785,0.10272887936526817
25.57311624854509,0.003225708842033881,0.0010186010771322785,0.10272389181973886
25.579116673103464,-0.0010064737136636775,0.0010186010771322785,0.10270915411716898
25.58511711239596,0.0017821897254400032,0.0010186010771322785,0.10268647918592613
25.591117566679163,0.0028803118300848862,0.0010186010771322785,0.10266477084178596
25.597118036209654,-0.00053554380756346,0.0010186010771322785,0.10263904023825421
25.603118521244017,0.002501745850202547,0.0010186010771322785,0.10260587519743161
25.609119022038833,0.005254090020518007,0.0010186010771322785,0.10256160268953722
25.615119538850692,0.00027685706440090663,0.0010186010771322785,0.10252951088323073
25.621120071936165,-0.0004569856486744406,0.0010186010771322785,0.10249913542873548
25.62712062155185,-0.005053950652445502,0.0010186010771322785,0.10247314647207129
25.633121187954313,-0.0037723685520498207,0.0010186010771322785,0.10244887504785573
25.63912177140015,0.0002970660959311783,0.0010186010771322785,0.10242531298605861
25.645122372145934,-0.0009427561098836745,0.0010186010771322785,0.10240245914360149
25.651122990448254,-0.0005661665722665465,0.0010186010771322785,0.10238031245996171
25.657123626563692,-0.00201838348368949,0.0010186010771322785,0.10235687918535186
25.66312428074883,-0.000952334850900946,0.0010186010771322785,0.10232958946710033
25.669124953260248,-0.003510059808111393,0.0010186010771322785,0.10230399558653883
25.675125644354534,-0.0029017525070251238,0.0010186010771322785,0.10229023865554497
25.681126354288267,-0.0011485954694130524,0.0010186010771322785,0.10227262960686168
25.687127083318032,-0.002128273563481456,0.0010186010771322785,0.10225126293002351
25.693127831700412,-0.0030018204082270794,0.0010186010771322785,0.10222659914162573
25.69912859969199,-0.00025602614655807765,0.0010186010771322785,0.10220304662002305
25.705129387549345,0.004735868642525426,0.0010186010771322785,0.10218075801517854
25.711130195529066,4.4466525800410106e-05,0.0010186010771322785,0.10216241449803937
25.71713102388773,-0.003330721610339399,0.0010186010771322785,0.10214441932183196
25.723131872881922,0.0008439621011481907,0.0010186010771322785,0.10212674422039528
25.729132742768222,-9.819328495393187e-05,0.0010186010771322785,0.10210616626826949
25.73513363380322,0.0004971468761789249,0.0010186010771322785,0.10208278391124195
25.741134546243494,-0.0034821679619854856,0.0010186010771322785,0.10205941893685963
25.747135480345623,-0.0015372419298753381,0.0010186010771322785,0.10203605967270582
25.753136436366194,0.0010889091408629176,0.0010186010771322785,0.10201269428344703
25.759137414561796,-0.00034456832914282753,0.0010186010771322785,0.10198931077082658
25.765138415189003,-0.000994389344598015,0.0010186010771322785,0.1019658969736695
25.7711394385044,-0.0036557528119153804,0.0010186010771322785,0.10194312167308538
25.77714048476457,0.000863612753272458,0.0010186010771322785,0.1019209453603699
25.783141554226102,0.0009131003592890291,0.0010186010771322785,0.10190009575956897
25.789142647145564,-0.0016562815846760393,0.0010186010771322785,0.10188263426815863
25.795143763779553,-0.0006650888735414279,0.0010186010771322785,0.10186857393584234
25.801144904384643,0.0047395871319555055,0.0010186010771322785,0.1018579287460706
25.807146069217424,0.0008580895338858585,0.0010186010771322785,0.10184716872126157
25.81314725853447,-0.004759451424699454,0.0010186010771322785,0.10183617231828263
25.81914847259237,-0.004958808576809012,0.0010186010771322785,0.10182481785854638
25.82514971164771,0.0003079962976484524,0.0010186010771322785,0.10181920287719559
25.831150975957065,-0.00165840593216246,0.0010186010771322785,0.10181408542283774
25.837152265777025,0.003180178279716131,0.0010186010771322785,0.10180937855236608
25.843153581364163,0.0011539292128087686,0.0010186010771322785,0.10179963439834926
25.849154922975075,0.00015164440451893857,0.0010186010771322785,0.10178455847807616
25.855156290866336,0.0015085773891099913,0.0010186010771322785,0.1017657477518093
25.861157685294522,-0.0019780206856104404,0.0010186010771322785,0.101748970877589
25.86715910651623,0.0019332045648266516,0.0010186010771322785,0.10173432587435395
25.873160554788036,0.008563574458925055,0.0010186010771322785,0.10171512776216132
25.879162030366523,-0.00028751066490975696,0.0010186010771322785,0.10169810055259879
25.88516353350827,0.0003508187993851164,0.0010186010771322785,0.10167812323947546
25.891165064469867,-0.0013576661584877164,0.0010186010771322785,0.10166243678487633
25.897166623507893,0.0013233385419929855,0.0010186010771322785,0.10164677744876852
25.90316821087893,-0.0008013003454759721,0.0010186010771322785,0.10163115743823022
25.90916982683956,-0.0032685065012618975,0.0010186010771322785,0.10161558883754276
25.91517147164637,0.001537425244454993,0.0010186010771322785,0.10160008360818854
25.92117314555594,0.0038378595403176646,0.0010186010771322785,0.10158465358885156
25.92717484882486,-0.004665832592720284,0.0010186010771322785,0.1015693104954162
25.933176581709695,0.00023528561331492837,0.0010186010771322785,0.10155406592096597
25.939178344467045,0.008559241056777814,0.0010186010771322785,0.10154578664772962
25.94518013735349,0.0023534071804647005,0.0010186010771322785,0.10154421205856543
25.951181960625604,-0.004817295720382794,0.0010186010771322785,0.10154908356146637
25.957183814539974,-0.0006489410494745079,0.0010186010771322785,0.1015655067935057
25.96318569935319,0.0022163817637869815,0.0010186010771322785,0.10159301448376991
25.96918761532183,0.002760077247642323,0.0010186010771322785,0.10166711323878881
25.97518956270247,0.005574564273980148,0.0010186010771322785,0.10168170880751601
25.9811915417517,0.004526447645506554,0.0010186010771322785,0.10166502886769797
25.9871935527261,0.005976274591360728,0.0010186010771322785,0.10164183460933401
25.99319559588226,0.004835257322523101,0.0010186010771322785,0.10163728026388719
25.999197671476754,-0.004255770817113591,0.0010186010771322785,0.10165064725783805
26.005199779766166,0.004987477021873632,0.0010186010771322785,0.10166383348354796
26.011201921007082,0.00961315101944453,0.0010186010771322785,0.10166424425737627
26.017204095456083,0.0025987108970772638,0.0010186010771322785,0.1016523562539299
26.023206303369754,-0.001621024232913007,0.0010186010771322785,0.101628642394558
26.029208545004675,-0.0020436162932689073,0.0010186010771322785,0.10160644970783927
26.03521082061743,-0.0020258592717379703,0.0010186010771322785,0.10158573272499227
26.041213130464605,-1.970319803255849e-05,0.0010186010771322785,0.10156644625853467
26.047215474802773,0.005649386412345553,0.0010186010771322785,0.10155498444022266
26.053217853888526,0.008610768968200594,0.0010186010771322785,0.10152968268794624
26.059220267978443,0.012028061312412783,0.0010186010771322785,0.1015093577115893
26.065222717329114,0.004733387188308624,0.0010186010771322785,0.10149248524605911
26.07122520219711,-0.0007566213587841125,0.0010186010771322785,0.10147900405230986
26.077227722839023,0.001504830045407149,0.0010186010771322785,0.1014680614104498
26.083230279511426,0.006945656669297903,0.0010186010771322785,0.10147500079929732
26.089232872470912,0.0003820796140394239,0.0010186010771322785,0.10145808485295599
26.095235501974063,-0.001816813852443075,0.0010186010771322785,0.10143926393951616
26.101238168277455,-0.001133706797750142,0.0010186010771322785,0.10141836450960098
26.10724087163767,0.0009688677658762634,0.0010186010771322785,0.10139771985804175
26.113243612311305,-0.0038176673043684717,0.0010186010771322785,0.10137832706930258
26.119246390554927,-0.006371071523628716,0.0010186010771322785,0.10135913994530946
26.12524920662513,-0.007194056893128603,0.0010186010771322785,0.10134014530395952
26.131252060778483,-0.0012661681195358931,0.0010186010771322785,0.10132548111072573
26.137254953271587,-0.0007164938769926715,0.0010186010771322785,0.10131088820459766
26.14325788436101,-0.0005578041762164254,0.0010186010771322785,0.10129635147440318
26.149260854303343,-0.004452007004785999,0.0010186010771322785,0.1012818556840889
26.155263863355163,-0.005091360603477715,0.0010186010771322785,0.1012673854727201
26.16126691177306,0.0015558515616110602,0.0010186010771322785,0.1012529253544806
26.167269999813605,-0.0008386000825317957,0.0010186010771322785,0.1012326024610383
26.173273127733395,-0.00435123577200576,0.0010186010771322785,0.10121594583692606
26.179276295789006,-0.0010130925414309072,0.0010186010771322785,0.10120308958636463
26.18527950423702,0.0027540158535289405,0.0010186010771322785,0.10118963348100267
26.19128275333402,-0.006761583790376141,0.0010186010771322785,0.10117553794134299
26.19728604333659,-0.0008693328180684051,0.0010186010771322785,0.10116076307568225
26.20328937450131,0.0016624252996703809,0.0010186010771322785,0.10114526868010923
26.20929274708477,0.0009232120825989898,0.0010186010771322785,0.10112901423850204
26.215296161343545,-0.005558134874511872,0.0010186010771322785,0.101113569815729
26.221299617534218,-0.0024377793135756942,0.0010186010771322785,0.10110070635442603
26.227303115913376,-0.004911045249210849,0.0010186010771322785,0.10109912137959558
26.233306656737604,-0.005851220421154449,0.0010186010771322785,0.10108234233171132
26.23931024026348,-0.004612767819822422,0.0010186010771322785,0.10106882709919855
26.245313866747587,0.0012123451232744636,0.0010186010771322785,0.1010584584346821
26.25131753644651,0.00039987929026155666,0.0010186010771322785,0.1010511199290672
26.257321249616833,0.007013442040028753,0.0010186010771322785,0.10103102749817722
26.26332500651513,0.0015916932438810871,0.0010186010771322785,0.1010029879957284
26.269328807397994,-0.003572534246131673,0.0010186010771322785,0.10098104417416595
26.275332652522003,0.001959106865888502,0.0010186010771322785,0.10096551903844708
26.281336542143745,0.008575122099645546,0.0010186010771322785,0.1009507249057314
26.287340476519795,0.004153170599930506,0.0010186010771322785,0.10093675562580906
26.293344455906738,0.0010744884135753668,0.0010186010771322785,0.10091769253418825
26.29934848056116,0.004224169546381648,0.0010186010771322785,0.1008933966959077
26.305352550739645,0.00025018746431398897,0.0010186010771322785,0.10087031245880905
26.311356666698767,-0.0027546122280536073,0.0010186010771322785,0.1008509052378451
26.317360828695115,0.0006322738330350741,0.0010186010771322785,0.10083519498086288
26.323365036985276,0.005500532258015958,0.0010186010771322785,0.10082320268336323
26.329369291825827,0.0008030482112117154,0.0010186010771322785,0.10081455714796322
26.335373593473353,-0.008291468956126619,0.0010186010771322785,0.1008074849679799
26.341377942184433,-0.003350534537423039,0.0010186010771322785,0.1008019258753581
26.347382338215656,0.0006240913128908732,0.0010186010771322785,0.10079781999353833
26.3533867818236,0.0008282413684521928,0.0010186010771322785,0.10079510783745951
26.359391273264848,-0.0054930264304731,0.0010186010771322785,0.10079373031356394
26.36539581279598,-0.005701818901241537,0.0010186010771322785,0.10079362871980042
26.371400400673593,-0.0011749693180029552,0.0010186010771322785,0.1007929634775574
26.37740503715425,-0.0030012373073637216,0.0010186010771322785,0.10079160762172888
26.38340972249455,-0.0017919134971182138,0.0010186010771322785,0.10081531312961359
26.38941445695107,-0.0008727475222888026,0.0010186010771322785,0.10080423322832072
26.395419240780388,0.005277040373152672,0.0010186010771322785,0.10078482232261471
26.401424074239095,-0.00349792169963839,0.0010186010771322785,0.10077541214689995
26.407428957583765,0.0004782347805376008,0.0010186010771322785,0.10076910678488908
26.413433891070987,0.004910749949371601,0.0010186010771322785,0.10076583387117853
26.419438874957343,0.0032451520073725343,0.0010186010771322785,0.1007655219696702
26.425443909499418,0.007405314277590877,0.0010186010771322785,0.10076810057358074
26.431448994953787,0.004732567425092038,0.0010186010771322785,0.10077350010544972
26.437454131577038,-0.006426391581173613,0.0010186010771322785,0.10077967664585241
26.44345931962576,-0.003774824750677905,0.0010186010771322785,0.10078823981674348
26.449464559356525,0.00477868302201441,0.0010186010771322785,0.10079911365195639
26.45546985102592,0.0010977824700448002,0.0010186010771322785,0.10081222304787191
26.46147519489053,0.0006836328423048821,0.0010186010771322785,0.10082749376342152
26.467480591206932,-0.004646073557167341,0.0010186010771322785,0.10082308621144898
26.473486040231716,-0.005329760620982296,0.0010186010771322785,0.10082293880670837
26.47949154222146,-0.0041473421437172725,0.0010186010771322785,0.10082607655405262
26.48549709743275,-0.0055891945286099115,0.0010186010771322785,0.10090447675996017
26.491502706122162,-0.000577857789580416,0.0010186010771322785,0.1009564324565719
26.49750836854629,0.006179831446310222,0.0010186010771322785,0.1009828770454928
26.503514084961704,-0.004302737258666436,0.0010186010771322785,0.10101277957624483
26.509519855624998,-0.002377393440856329,0.0010186010771322785,0.10103658102237725
26.51552568079275,0.0004643756074201033,0.0010186010771322785,0.10105446766468265
26.521531560721545,0.003953820862749022,0.0010186010771322785,0.10106661780844686
26.52753749566796,0.010869307191356523,0.0010186010771322785,0.1010732083370112
26.533543485888583,-0.0034960753935225075,0.0010186010771322785,0.1010744147117602
26.539549531639995,-0.005113308144841483,0.0010186010771322785,0.10107041097210685
26.54555563317878,0.0001363158353660937,0.0010186010771322785,0.10106188242278097
26.551561790761518,-0.0003091670623360798,0.0010186010771322785,0.10104902013279933
26.557568004644796,-0.003529544101107146,0.0010186010771322785,0.10103201390390917
26.563574275085195,0.001764473944464745,0.0010186010771322785,0.10101632238207335
26.569580602339297,0.01953702913251655,0.0010186010771322785,0.1010025627602715
26.575586986663684,0.026582453574244477,0.0010186010771322785,0.1009906882888378
26.58159342831494,0.024048438796829108,0.0010186010771322785,0.10097223624867743
26.58759992754965,0.0009771873180543234,0.0010186010771322785,0.10095382249991446
26.59360648462439,0.0021783472511641283,0.0010186010771322785,0.10094621883811547
26.599613099795757,0.0013402037145101992,0.0010186010771322785,0.10094918549225543
26.605619773320317,-0.003626487693311864,0.0010186010771322785,0.1009455919327752
26.61162650545466,-0.008080966307089238,0.0010186010771322785,0.10093587556975638
26.61763329645537,-0.006012043972387915,0.0010186010771322785,0.10093229494287154
26.623640146579028,-0.003915909685679106,0.0010186010771322785,0.10093462894040311
26.629647056082216,0.00112096853440799,0.0010186010771322785,0.10095685287697133
26.635654025221523,0.0027349395293831957,0.0010186010771322785,0.10099818649267583
26.64166105425353,0.0116409561831895,0.0010186010771322785,0.10105785592585609
26.64766814343481,0.012013610612981854,0.0010186010771322785,0.10107109854114193
26.65367529302195,-0.003713333484467951,0.0010186010771322785,0.10109187112350462
26.659682503271544,-0.0017345137247161968,0.0010186010771322785,0.10111986766936931
26.66568977444016,-0.002634797863313415,0.0010186010771322785,0.10111808551336146
26.671697106784393,-0.0011683509200233755,0.0010186010771322785,0.1011123377246946
26.677704500560814,-0.004890206184637702,0.0010186010771322785,0.10110269955578194
26.683711956026016,-0.004317938711338176,0.0010186010771322785,0.10108942149661942
26.689719473436575,-0.004572938748455088,0.0010186010771322785,0.1010724270341839
26.695727053049076,0.01805212279143273,0.0010186010771322785,0.10105163867232866
26.701734695120106,0.028292173767255305,0.0010186010771322785,0.10103289212448559
26.70774239990624,0.003872823854510807,0.0010186010771322785,0.1010163371899385
26.713750167664067,-0.0091265136683127,0.0010186010771322785,0.10100212447011811
26.719757998650167,-0.004951124127313716,0.0010186010771322785,0.10097726486956765
26.72576589312112,0.003039672017461359,0.0010186010771322785,0.10096032073838626
26.731773851333518,-0.021568985143467043,0.0010186010771322785,0.10095128911249916
26.737781873543938,-0.01181909537864373,0.0010186010771322785,0.1009460969593362
26.743789960008957,0.004545446293266919,0.0010186010771322785,0.10094457723040415
26.749798110985168,-0.0013246501558960566,0.0010186010771322785,0.10093788863306334
26.755806326729147,-0.004234556097778619,0.0010186010771322785,0.10092621099457366
26.76181460749748,-0.011685559860626374,0.0010186010771322785,0.10090972279869843
26.767822953546748,-0.011800216927341789,0.0010186010771322785,0.10088578906044077
26.773831365133535,0.0010037044578344312,0.0010186010771322785,0.1008831277781715
26.779839842514427,0.0035511097528188595,0.0010186010771322785,0.1008773350135156
26.785848385946,0.0006945209833772309,0.0010186010771322785,0.10086127715761492
26.791856995684842,-0.0036357607326621827,0.0010186010771322785,0.10084489578882383
26.79786567198753,0.008832190662412934,0.0010186010771322785,0.10082813330952545
26.803874415110656,0.004369921102277519,0.0010186010771322785,0.10081093216514322
26.809883225310795,-0.007538389931818906,0.0010186010771322785,0.10079323484413497
26.815892102844536,-0.0018017756586267836,0.0010186010771322785,0.10077498387799655
26.821901047968453,-0.0003636502694135124,0.0010186010771322785,0.10075612184126448
26.82791006093914,0.0051273844439175265,0.0010186010771322785,0.10073659135151071
26.83391914201317,-0.004736018376343895,0.0010186010771322785,0.10071633506934909
26.83992829144713,-0.007323355394927913,0.0010186010771322785,0.10069529569843391
26.845937509497602,-0.010392461173875892,0.0010186010771322785,0.10067341598545966
26.85194679642117,0.0030308266594755856,0.0010186010771322785,0.1006506387201614
26.85795615247442,-0.002298990816267915,0.0010186010771322785,0.10062690673531814
26.863965577913923,-0.0055388605119475465,0.0010186010771322785,0.10060216290675056
26.869975072996272,0.0023658328763646735,0.0010186010771322785,0.10057635015332266
26.875984637978053,-0.0011904091248960552,0.0010186010771322785,0.10054941143694285
26.881994273115833,0.006521382887038643,0.0010186010771322785,0.10053547416700205
26.888003978666212,-0.0009162170419212273,0.0010186010771322785,0.10051885088797088
26.89401375488577,-0.00620825704419993,0.0010186010771322785,0.10049543961424605
26.90002360203108,0.001529799543967189,0.0010186010771322785,0.10047413974754626
26.906033520358733,0.0038365115571195735,0.0010186010771322785,0.1004551256374781
26.912043510125304,-0.0010433053992321834,0.0010186010771322785,0.10043857290702699
26.918053571587386,0.004232406996980506,0.0010186010771322785,0.10042465845257309
26.924063705001554,0.0032084769780009736,0.0010186010771322785,0.10040561364359722
26.930073910624397,0.002951966704416914,0.0010186010771322785,0.10038660895320164
26.936084188712492,0.0014034944794369258,0.0010186010771322785,0.10036772005739734
26.942094539522426,-0.0033371105861037254,0.0010186010771322785,0.1003490231062116
26.94810496331078,0.007814091613968593,0.0010186010771322785,0.1003336947605638
26.954115460334137,0.0010656979383230208,0.0010186010771322785,0.10031236619954541
26.960126030849075,-0.002135434022346755,0.0010186010771322785,0.10032673598107544
26.96613667511219,-0.004661690569611646,0.0010186010771322785,0.10031649429431373
26.97214739338005,0.0014702348686414929,0.0010186010771322785,0.1002994875426844
26.978158185909248,0.0018991524018595884,0.0010186010771322785,0.10027634612357039
26.98416905295636,0.0006264268127636752,0.0010186010771322785,0.10024934324648119
26.99017999477797,-0.00802429332169706,0.0010186010771322785,0.10022923939391803
26.996191011630668,0.004359744066451815,0.0010186010771322785,0.10021586762803819
27.00220210377103,0.009652431555937827,0.0010186010771322785,0.10018307024457865
27.00821327145564,-0.00018913885963750543,0.0010186010771322785,0.10015963045386306
27.01422451494108,-0.006870812090008505,0.0010186010771322785,0.10013950371411497
27.020235834483934,2.0045653252351303e-05,0.0010186010771322785,0.10012261369182224
27.026247230340783,0.018209670482711868,0.0010186010771322785,0.10010697774372815
27.032258702768214,0.008663251983022854,0.0010186010771322785,0.10009244874431272
27.038270252022805,-0.001115382956886346,0.0010186010771322785,0.10007888057764536
27.044281878361144,-0.0010031591360900871,0.0010186010771322785,0.10006612813740046
27.050293582039806,0.0007218468889699098,0.0010186010771322785,0.10005473784810898
27.05630536331538,0.0030693954142018143,0.0010186010771322785,0.10004453923368148
27.062317222444452,0.0011800377884501473,0.0010186010771322785,0.10009881599122983
27.068329159683596,0.0035625690746136085,0.0010186010771322785,0.10010872569408835
27.0743411752894,0.014311481080169386,0.0010186010771322785,0.10008454657351383
27.080353269518447,0.012682297146860227,0.0010186010771322785,0.10005643264500463
27.08636544262732,0.0013985743584259969,0.0010186010771322785,0.10002441405055518
27.0923776948726,0.00159106272107222,0.0010186010771322785,0.09998852059049834
27.098390026510867,-0.0007407477150954689,0.0010186010771322785,0.09994117851135029
27.104402437798708,0.003946309071787613,0.0010186010771322785,0.09988212217269607
27.110414928992704,0.01344883864773845,0.0010186010771322785,0.0998264534241288
27.11642750034944,0.004129115515776646,0.0010186010771322785,0.09977449721238457
27.1224401521255,0.0003992472275645559,0.0010186010771322785,0.09972658048793791
27.128452884577456,0.0012394322512386952,0.0010186010771322785,0.09967173013433844
27.134465697961907,0.0030245972225229623,0.0010186010771322785,0.09961288632482683
27.14047859253543,0.0035972896066183285,0.0010186010771322785,0.09955349680357713
27.1464915685546,-0.012852652588518351,0.0010186010771322785,0.09951400353556511
27.152504626276006,-0.007406690813680242,0.0010186010771322785,0.09949374425031687
27.15851776595623,0.0007762325270792708,0.0010186010771322785,0.0994895390999447
27.164530987851858,0.00012309252648363966,0.0010186010771322785,0.09945326842024999
27.170544292219468,-0.00016856398442960385,0.0010186010771322785,0.0993898527895378
27.176557679315643,-0.0030615767066600047,0.0010186010771322785,0.09932588003153658
27.18257114939697,0.002256824092035689,0.0010186010771322785,0.0992613070675456
27.188584702720032,0.005794577311454885,0.0010186010771322785,0.09919609133065843
27.1945983395414,-0.0021275558922157767,0.0010186010771322785,0.09913019076576554
27.200612060117674,-0.0046209743903609934,0.0010186010771322785,0.0990635638295646
27.20662586470543,0.002971738555601941,0.0010186010771322785,0.09898823772767931
27.21263975356124,0.000828777684894963,0.0010186010771322785,0.0989151840931874
27.218653726941703,-0.004339960263808687,0.0010186010771322785,0.09884449186588484
27.224667785103396,-0.010482330283695357,0.0010186010771322785,0.09877625152055249
27.230681928302896,0.0021977284454576113,0.0010186010771322785,0.09873104302266594
27.236696156796796,-0.0037001458240612933,0.0010186010771322785,0.09866185545302085
27.242710470841672,-0.008330787332996428,0.0010186010771322785,0.09860010103773308
27.248724870694108,-0.021466090271568483,0.0010186010771322785,0.09854869125843213
27.25473935661069,-0.0019372701577439755,0.0010186010771322785,0.09854058367214064
27.260753928847993,-0.013560116580197776,0.0010186010771322785,0.09857726168030452
27.266768587662607,-0.014720922139314474,0.0010186010771322785,0.0988435390950006
27.272783333311114,-0.006678400011178823,0.0010186010771322785,0.09883927294504445
27.27879816605009,-0.0030135621145367802,0.0010186010771322785,0.09889348193535374
27.284813086136133,0.006913406740336539,0.0010186010771322785,0.0990036947995423
27.29082809382581,0.0002299665172495885,0.0010186010771322785,0.09905569129700371
27.296843189375707,0.0010913653776398191,0.0010186010771322785,0.09905147352621135
27.30285837304241,0.0022583591414730153,0.0010186010771322785,0.09898364550938227
27.308873645082507,0.006716606519441032,0.0010186010771322785,0.09885449631191348
27.31488900575257,0.017012338038516678,0.0010186010771322785,0.09871500791509748
27.32090445530919,-0.001185044356786527,0.0010186010771322785,0.0985654393272099
27.326919994008943,-0.007911348451211553,0.0010186010771322785,0.09841254062598101
27.332935622108423,0.01051908490258087,0.0010186010771322785,0.09825630827545778
27.3389513398642,0.005299150321303264,0.0010186010771322785,0.0980967382745033
27.344967147532863,0.01061486199685073,0.0010186010771322785,0.09793382615678742
27.35098304537099,0.0018646821663539648,0.0010186010771322785,0.09776756699077897
27.356999033635176,-0.0024255081514078375,0.0010186010771322785,0.09762393096564953
27.36301511258199,-0.011241318927030508,0.0010186010771322785,0.09750188197327636
27.369031282468022,0.01231129949394287,0.0010186010771322785,0.09740039156878569
27.375047543549854,0.005388217757634428,0.0010186010771322785,0.09731843897067016
27.381063896084065,0.007230912755362265,0.0010186010771322785,0.09725501106090116
27.387080340327245,0.013936554376227692,0.0010186010771322785,0.09715032866747945
27.393096876535974,0.021124248507415178,0.0010186010771322785,0.09699462442486333
27.399113504966827,-0.002179188962671358,0.0010186010771322785,0.09683457323567751
27.4051302258764,-0.020303543209446606,0.0010186010771322785,0.09667032937429046
27.411147039521264,-0.0024912574606321125,0.0010186010771322785,0.09650204654970518
27.41716394615801,-0.004818719262433449,0.0010186010771322785,0.09632987790554562
27.423180946043214,-0.015163577356181623,0.0010186010771322785,0.09615397602005152
27.429198039433466,-0.0011346033685456364,0.0010186010771322785,0.0959744929060691
27.435215226585342,0.00759738686234207,0.0010186010771322785,0.09579158001104242
27.441232507755434,-0.008910844487343375,0.0010186010771322785,0.09560538821700347
27.447249883200314,0.01253135583037615,0.0010186010771322785,0.09544910430673728
27.453267353176567,0.006744997499139538,0.0010186010771322785,0.09532156775681938
27.459284917940785,-0.0025491437428773606,0.0010186010771322785,0.09522162781556981
27.46530257774954,-0.0046221444475001705,0.0010186010771322785,0.09514814350320744
27.471320332859424,0.004521126185222393,0.0010186010771322785,0.09506279577693152
27.477338183527007,0.0034808139812917,0.0010186010771322785,0.09496537894220405
27.483356130008886,-0.0076647351219672755,0.0010186010771322785,0.09479319058691713
27.489374172561636,-0.00036701902198069125,0.0010186010771322785,0.09454292339641501
27.49539231144184,-0.008716326655062237,0.0010186010771322785,0.09430632320321583
27.501410546906087,0.012502354785866587,0.0010186010771322785,0.09404443178626037
27.50742887921095,-0.00986158043002007,0.0010186010771322785,0.0938626297482116
27.513447308613014,-0.004642327863453921,0.0010186010771322785,0.0937351139088791
27.519465835368873,-0.0011119759917313232,0.0010186010771322785,0.09392100057912167
27.525484459735093,0.007286140375918029,0.0010186010771322785,0.0939691810890873
27.53150318196827,-0.00704353096623235,0.0010186010771322785,0.09388314946499571
27.53752200232498,-0.010155076408846539,0.0010186010771322785,0.0939395551643329
27.543540921061812,-0.009758358597749803,0.0010186010771322785,0.09378031810521176
27.54955993843534,0.01814534815178237,0.0010186010771322785,0.09356752379395644
27.555579054702154,0.010838581450603152,0.0010186010771322785,0.0933577448427029
27.561598270118832,0.005359363586940474,0.0010186010771322785,0.09313834713412095
27.56761758494196,0.018165658540787777,0.0010186010771322785,0.09290957237797443
27.573636999428118,0.009778713796276914,0.0010186010771322785,0.09267166039269718
27.579656513833896,0.0004942671963544809,0.0010186010771322785,0.09241815253014009
27.585676128415866,0.018660731505680123,0.0010186010771322785,0.0921610193000321
27.59169584343062,0.0296844150426427,0.0010186010771322785,0.09190069821405872
27.59771565913473,0.03011440864563429,0.0010186010771322785,0.09163104856999496
27.603735575784793,0.003253703067565228,0.0010186010771322785,0.09135225226463842
27.60975559363738,0.006306483279818198,0.0010186010771322785,0.09106448891645458
27.615775712949084,0.00018098742910123422,0.0010186010771322785,0.09075188499232566
27.62179593397648,0.00020115829020680986,0.0010186010771322785,0.09045667018821524
27.627816256976146,0.0050316635172088925,0.0010186010771322785,0.09015818548211668
27.633836682204684,0.0076426086218070455,0.0010186010771322785,0.0898567893876562
27.639857209918656,0.010945530177191201,0.0010186010771322785,0.08955049573988841
27.64587784037466,-0.00915940926016813,0.0010186010771322785,0.08923957050197426
27.651898573829264,0.010588376248057016,0.0010186010771322785,0.08892427809057843
27.657919410539062,0.004877191045921506,0.0010186010771322785,0.088604881375847
27.663940350760637,-0.004452140201075608,0.0010186010771322785,0.08827732435073224
27.66996139475057,0.0032318116590309975,0.0010186010771322785,0.08794594362771413
27.675982542765436,0.007513890106574453,0.0010186010771322785,0.08761099329856564
27.682003795061828,-0.01957471074729382,0.0010186010771322785,0.08727272588633317
27.688025151896326,0.004542953626953838,0.0010186010771322785,0.08699899761097879
27.694046613525508,0.0016965096056548723,0.0010186010771322785,0.08677025203865057
27.700068180205964,0.016834735872460593,0.0010186010771322785,0.08652788287696558
27.706089852194275,0.007583290816273694,0.0010186010771322785,0.08627242683725092
27.712111629747014,0.016060166219863475,0.0010186010771322785,0.08598228229176078
27.71813351312078,-0.007062401695101403,0.0010186010771322785,0.08565885667261117
27.724155502572145,-0.014650030793157992,0.0010186010771322785,0.0853648421747531
27.7301775983577,0.02589768728340243,0.0010186010771322785,0.08506431190619623
27.736199800734017,0.046809870189866085,0.0010186010771322785,0.08475761347323975
27.742222109957684,0.03623680976677911,0.0010186010771322785,0.0844450922523014
27.748244526285287,0.0047655977485088485,0.0010186010771322785,0.08412709138987862
27.754267049973404,0.006797314640040006,0.0010186010771322785,0.08380395180250652
27.76028968127862,-0.008443056194957804,0.0010186010771322785,0.08346577499070108
27.766312420457517,0.016516680155057237,0.0010186010771322785,0.08317079702084976
27.772335267766678,-0.003903149998511518,0.0010186010771322785,0.0829000957074448
27.77835822346269,0.004630555536451017,0.0010186010771322785,0.08262143404029693
27.78438128780213,0.02054395621599632,0.0010186010771322785,0.08233500216772599
27.79040446104158,0.0120631633160809,0.0010186010771322785,0.08204490382057164
27.79642774343763,0.001180973305097685,0.0010186010771322785,0.08175147553065662
27.80245113524685,0.025057184055277307,0.0010186010771322785,0.08145505228246058
27.808474636725837,-0.008955679758992294,0.0010186010771322785,0.08115596751309034
27.814498248131166,0.0015397188997001016,0.0010186010771322785,0.08085455311225268
27.82052196971943,0.023607723469404318,0.0010186010771322785,0.0805511394222261
27.826545801747194,-0.021473155386789525,0.0010186010771322785,0.08025184123656956
27.832569744471055,-0.014581326550340265,0.0010186010771322785,0.07995675633675425
27.83859379814759,0.0169693800236424,0.0010186010771322785,0.07966598276658293
27.84461796303338,0.03483033419677237,0.0010186010771322785,0.07937717228555471
27.850642239385017,0.028408171137025595,0.0010186010771322785,0.07909032860276602
27.856666627459074,-0.03859326802718988,0.0010186010771322785,0.07880545495035607
27.862691127512136,0.012269259252590647,0.0010186010771322785,0.07852255408350206
27.868715739800788,0.0006844185682074594,0.0010186010771322785,0.07824162828041038
27.874740464581613,0.024268597810302855,0.0010186010771322785,0.07796267934230283
27.880765302111193,0.018115451594981333,0.0010186010771322785,0.07768570859341481
27.886790252646108,0.004096326171135964,0.0010186010771322785,0.07741071688098028
27.892815316442945,0.09463988458604418,0.0010186010771322785,0.0771377045752291
27.89884049375829,0.026371579768732917,0.0010186010771322785,0.07686667156937191
27.904865784848717,0.043296061066463595,0.0010186010771322785,0.07659761727959702
27.91089118997081,0.017971963426925572,0.0010186010771322785,0.07633054064505758
27.91691670938116,-0.04322373249149638,0.0010186010771322785,0.07603852597330972
27.92294234333634,-0.01502270043217626,0.0010186010771322785,0.0757815681146698
27.928968092092937,-0.010020830922222251,0.0010186010771322785,0.07553469683290717
27.934993955907537,0.025087030889166487,0.0010186010771322785,0.07528931328211266
27.94101993503672,0.02734436785450678,0.0010186010771322785,0.0750453775154028
27.94704602973707,0.04032505173372443,0.0010186010771322785,0.0748028487889223
27.953072240265165,0.037831187520842705,0.0010186010771322785,0.07456168556182463
27.959098566877593,0.011689957205025067,0.0010186010771322785,0.07432184549625905
27.965125009830935,0.026904081388020445,0.0010186010771322785,0.07408328545735533
27.971151569381774,0.03402838107760375,0.0010186010771322785,0.07384596151320891
27.977178245786693,0.03487253552789889,0.0010186010771322785,0.07360982893486441
27.983205039302266,0.07597335938788963,0.0010186010771322785,0.07337484219630189
27.989231950185097,0.12860127200416926,0.0010186010771322785,0.07314095497441979
27.995258978691748,-0.010248954721952072,0.0010186010771322785,0.07290812014902137
28.001286125078813,0.025895724527028652,0.0010186010771322785,0.0726989265778604
28.00731338960287,-0.0030561505898998864,0.0010186010771322785,0.07249012994807241
28.013340772520507,-0.07716477421439359,0.0010186010771322785,0.07228163188826732
28.0193682740883,0.013332450199172619,0.0010186010771322785,0.07199830548913214
28.025395894562838,0.027153871482909542,0.0010186010771322785,0.07174004174761864
28.0314236342007,-0.06728669869108715,0.0010186010771322785,0.07150779669976634
28.03745149325847,-0.010345906116207594,0.0010186010771322785,0.07127336904204905
28.04347947199273,0.021356189311508053,0.0010186010771322785,0.07104633842279945
28.04950757066006,-0.04486473154760469,0.0010186010771322785,0.07082692047523828
28.055535789517048,-0.1147481772541124,0.0010186010771322785,0.07061533215477135
28.06156412882028,-0.02804379026005148,0.0010186010771322785,0.07041179173901665
28.067592588826326,0.027582838693067865,0.0010186010771322785,0.07022230468954914
28.07362116979178,0.03819516174735228,0.0010186010771322785,0.07004686219403317
28.079649871973224,0.23227205630748254,0.0010186010771322785,0.06988545858309651
28.085678695627234,0.011459671337397684,0.0010186010771322785,0.06973809133030745
28.0917076410104,0.01243721810221915,0.0010186010771322785,0.06960476105214486
28.097736708379298,-0.008751806615838839,0.0010186010771322785,0.0694799906118628
28.10376589799052,0.12160844453887343,0.0010186010771322785,0.06936290985676036
28.10979521010064,-0.06932412463606998,0.0010186010771322785,0.06925328888891291
28.115824644966242,0.04372376414147071,0.0010186010771322785,0.06911971639718603
28.121854202843917,0.0878628087443597,0.0010186010771322785,0.06896320318953306
28.127883883990236,0.10489826426368917,0.0010186010771322785,0.0688097356410606
28.133913688661792,0.0012333689915663137,0.0010186010771322785,0.0686587342487553
28.13994361711516,0.08035083601280686,0.0010186010771322785,0.0685271889171349
28.145973669606928,-0.026919445745297657,0.0010186010771322785,0.0684152002702318
28.152003846393676,-0.08561825989288165,0.0010186010771322785,0.06830811169680026
28.15803414773199,-0.010507540928746166,0.0010186010771322785,0.06820546090118815
28.16406457387845,0.043243070366038916,0.0010186010771322785,0.06805714206914959
28.170095125089638,0.016657364396417573,0.0010186010771322785,0.06792479988998473
28.17612580162214,0.002535378179272574,0.0010186010771322785,0.06780633634241282
28.182156603732533,0.0011311164468336132,0.0010186010771322785,0.06774407800203538
28.188187531677407,0.05020172467569381,0.0010186010771322785,0.06768512828786921
28.194218585713344,0.06294222267100864,0.0010186010771322785,0.06757189812444885
28.200249766096917,0.06378811069605739,0.0010186010771322785,0.06742697231131065
28.206281073084725,0.05088189776026464,0.0010186010771322785,0.06729476197285258
28.212312506933333,0.12297940582764338,0.0010186010771322785,0.06717521450798206
28.21834406789934,0.0088709729083227,0.0010186010771322785,0.06706620464762938
28.22437575623932,0.006391943817635512,0.0010186010771322785,0.06696760388389034
28.230407572209856,-0.027939821334375607,0.0010186010771322785,0.06687928535656637
28.236439516067534,0.024238554411093544,0.0010186010771322785,0.06680112385312179
28.242471588068934,-0.028134931284476944,0.0010186010771322785,0.06673299580864707
28.24850378847064,-0.03764187588452112,0.0010186010771322785,0.06667477930581459
28.254536117529234,0.019478216880690263,0.0010186010771322785,0.06662635407484
28.2605685755013,0.0787919754807645,0.0010186010771322785,0.06658261536522986
28.26660116264342,0.07692972392110758,0.0010186010771322785,0.06654325286157367
28.272633879212176,0.004486633235391946,0.0010186010771322785,0.06650780510820961
28.278666725464156,-0.0261070591112178,0.0010186010771322785,0.06647595620392772
28.28469970165594,-0.08011540388597198,0.0010186010771322785,0.06645641295073229
28.2907328080441,-0.11466722644124094,0.0010186010771322785,0.06644920949534898
28.296766044885235,-0.044882362664418606,0.0010186010771322785,0.06645438280617172
28.302799412435924,-0.07151276421271402,0.0010186010771322785,0.06647197267325047
28.30883291095274,-0.03483580391326162,0.0010186010771322785,0.06647943809495799
28.314866540692275,-0.024701724101958422,0.0010186010771322785,0.06649570023086233
28.32090030191111,0.150869539679471,0.0010186010771322785,0.06652815413889934
28.326934194865828,0.022593246575811354,0.0010186010771322785,0.0665670234123997
28.33296821981301,0.11529707349047108,0.0010186010771322785,0.06661214751182148
28.339002377009244,0.038139835462032964,0.0010186010771322785,0.06671703648056117
28.345036666711103,0.01676253570601194,0.0010186010771322785,0.06703244875934827
28.351071089175182,0.02157884705953471,0.0010186010771322785,0.06718494855579946
28.357105644658052,0.031138075118986502,0.0010186010771322785,0.06743585277646957
28.3631403334163,0.007196124117588007,0.0010186010771322785,0.06778119832235677
28.369175155706515,0.026714885895809254,0.0010186010771322785,0.06780382434858866
28.37521011178527,0.008814372949242685,0.0010186010771322785,0.06779965630860157
28.381245201909156,0.05466481261546134,0.0010186010771322785,0.06776985002560532
28.387280426334748,0.023461981757678607,0.0010186010771322785,0.06771555211462271
28.39331578531864,0.030260783702214744,0.0010186010771322785,0.06763789998272299
28.399351279117404,0.08424452675082825,0.0010186010771322785,0.06762773393698976
28.405386907987626,0.05001556425851027,0.0010186010771322785,0.0676826110516216
28.411422672185893,0.060537443182292774,0.0010186010771322785,0.06773761381473294
28.41745857196878,0.03758833350005303,0.0010186010771322785,0.06777806683477916
28.42349460759288,0.0841305986550344,0.0010186010771322785,0.06778908660914847
28.429530779314767,0.009305028122363446,0.0010186010771322785,0.06777197275315537
28.435567087391025,-0.002426220875027571,0.0010186010771322785,0.06772801505876061
28.44160353207824,0.03237827227591836,0.0010186010771322785,0.06765849349483004
28.447640113632993,-0.0071975963012659225,0.0010186010771322785,0.06759771397869427
28.453676832311867,-0.018020484524815715,0.0010186010771322785,0.0675456251970308
28.459713688371448,-0.025883315076426557,0.0010186010771322785,0.06750217640630152
28.46575068206831,0.007311557004042124,0.0010186010771322785,0.06746731743273537
28.471787813659045,-0.021914453481007165,0.0010186010771322785,0.06744099867231153
28.477825083400234,-0.005478445715543609,0.0010186010771322785,0.06742317109074118
28.483862491548454,0.03492444405488736,0.0010186010771322785,0.06741049402297747
28.489900038360297,-0.015128348394966483,0.0010186010771322785,0.06740279191162045
28.495937724092336,-0.05500948664123802,0.0010186010771322785,0.06740082621262605
28.501975549001163,0.09127152356135865,0.0010186010771322785,0.06747548580944573
28.508013513343354,0.04133708931882675,0.0010186010771322785,0.06753608383010246
28.514051617375493,0.00475161285373063,0.0010186010771322785,0.06758410284431315
28.52008986135417,0.016182868048106563,0.0010186010771322785,0.0676038050491151
28.526128245535958,0.003184369742725582,0.0010186010771322785,0.06759599517656789
28.532166770177444,0.09291971440408725,0.0010186010771322785,0.06756146761707874
28.538205435535207,-0.01680358103561993,0.0010186010771322785,0.06754607123543965
28.54424424186584,0.05469807819912398,0.0010186010771322785,0.06753424742489036
28.55028318942591,-0.029035939937185333,0.0010186010771322785,0.06752586042134412
28.556322278472017,0.10757876707534872,0.0010186010771322785,0.06752077321173369
28.562361509260736,-0.004410423216660644,0.0010186010771322785,0.06751884753397785
28.568400882048646,0.028271342254245976,0.0010186010771322785,0.06752643731248152
28.57444039709233,-0.0002775231964445568,0.0010186010771322785,0.06754314398020651
28.58048005464838,0.0011380467258687021,0.0010186010771322785,0.06761807729935669
28.58651985497337,0.0798425211709114,0.0010186010771322785,0.06774815657189279
28.592559798323887,0.022850141676923924,0.0010186010771322785,0.06792233302026238
28.598599884956514,-0.021135385174524658,0.0010186010771322785,0.06807260233273389
28.60464011512783,0.0065093354919874835,0.0010186010771322785,0.06819304204088988
28.61068048909442,-0.005499310466769436,0.0010186010771322785,0.06827872465230775
28.61672100711287,0.06777235443156349,0.0010186010771322785,0.06862207959487412
28.622761669439758,0.01503535244819379,0.0010186010771322785,0.06872484207457975
28.628802476331664,0.011058878009416226,0.0010186010771322785,0.06878293927250442
28.63484342804518,0.011687621471608081,0.0010186010771322785,0.06879831455098989
28.640884524836885,0.09085649471377996,0.0010186010771322785,0.06880636894819936
28.64692576696336,0.09084496816524432,0.0010186010771322785,0.06880768729740214
28.652967154681185,0.09080611347636518,0.0010186010771322785,0.06883632198005872
28.65900868824695,0.09078267136802867,0.0010186010771322785,0.06884953228843765
28.665050367917235,0.0907532336375664,0.0010186010771322785,0.06886872643834852
28.67109219394862,0.09071769998482464,0.0010186010771322785,0.0688940047430736
28.67713416659769,0.09067597061535632,0.0010186010771322785,0.06892546701017574
28.68317628612103,0.09064905777810527,0.0010186010771322785,0.06894210100381369
28.689218552775223,0.09063768136707759,0.0010186010771322785,0.06894318684307121
28.695260966816843,0.09064256816626541,0.0010186010771322785,0.06892799775703311
28.701303528502482,0.09061518376428485,0.0010186010771322785,0.06894506817014762
28.707346238088718,0.09055829120785647,0.0010186010771322785,0.0689916350487455
